time,COINBASE:open,COINBASE:high,COINBASE:low,COINBASE:close,COINBASE:volume,BINANCE:open,BINANCE:high,BINANCE:low,BINANCE:close,BINANCE:volume,BITFINEX:open,BITFINEX:high,BITFINEX:low,BITFINEX:close,BITFINEX:volume,MEXC:open,MEXC:high,MEXC:low,MEXC:close,MEXC:volume,GATEIO:open,GATEIO:high,GATEIO:low,GATEIO:close,GATEIO:volume,KRAKEN:open,KRAKEN:high,KRAKEN:low,KRAKEN:close,KRAKEN:volume
2025-12-07 10:00,2.0291,2.0291,2.0284,2.0287,3895.089957,2.02860000,2.02860000,2.02810000,2.02860000,5808.40000000,,,,,,2.0285,2.029,2.0279,2.0288,8912.82,2.028,2.029,2.028,2.029,80593.17216500,2.02908,2.02908,2.02892,2.02892,87.24827
2025-12-07 10:01,2.0288,2.0295,2.0288,2.0292,2963.997139,2.02860000,2.02920000,2.02860000,2.02910000,21902.40000000,,,,,,2.0288,2.0294,2.0285,2.0289,11268.69,2.029,2.029,2.028,2.029,90805.74463900,2.02908,2.02908,2.02907,2.02907,30.39951859
2025-12-07 10:02,2.0294,2.0294,2.0286,2.0289,7279.97313,2.02910000,2.02910000,2.02830000,2.02860000,18975.20000000,,,,,,2.0289,2.0291,2.0281,2.0284,11386.99,2.029,2.029,2.028,2.028,102524.74190900,2.02896,2.02897,2.02891,2.02891,23.566290000000002
2025-12-07 10:03,2.0286,2.0286,2.0271,2.0274,9360.080075,2.02860000,2.02860000,2.02680000,2.02720000,9935.40000000,2.0293,2.0293,2.029,2.029,32.0,2.0284,2.0284,2.0264,2.0267,5084.51,2.028,2.028,2.027,2.027,100536.84966100,2.02891,2.02891,2.02733,2.0276,1026.3696
2025-12-07 10:04,2.0272,2.0283,2.0271,2.0283,2201.256639,2.02710000,2.02800000,2.02670000,2.02800000,14845.80000000,,,,,,2.0267,2.0281,2.0265,2.0281,15267.9,2.027,2.028,2.027,2.028,98351.51034000,2.02731,2.02731,2.02731,2.02731,0.82321
2025-12-07 10:05,2.0282,2.0283,2.0279,2.0281,6508.439884,2.02790000,2.02830000,2.02760000,2.02790000,11623.90000000,,,,,,2.0281,2.0284,2.0274,2.0278,9067.78,2.028,2.028,2.027,2.027,49788.03117600,2.02828,2.02828,2.02818,2.02818,39.71494
2025-12-07 10:06,2.0282,2.0284,2.0274,2.0274,2007.121187,2.02780000,2.02820000,2.02690000,2.02700000,13640.80000000,,,,,,2.0278,2.0282,2.0267,2.0268,6597.95,2.028,2.028,2.026,2.027,54185.61008800,2.02823,2.02823,2.0279,2.0279,535.6814899999999
2025-12-07 10:07,2.0273,2.0284,2.027,2.0284,11463.168994,2.02690000,2.02800000,2.02660000,2.02800000,62703.60000000,2.0289,2.0289,2.0289,2.0289,8.0,2.0268,2.0285,2.0264,2.0285,18358.33,2.026,2.028,2.026,2.028,61001.41738900,2.0279,2.0279,2.02789,2.02789,11.560080000000001
2025-12-07 10:08,2.0285,2.0286,2.0284,2.0285,981.257545,2.02810000,2.02850000,2.02810000,2.02810000,4833.80000000,,,,,,2.0285,2.0287,2.028,2.0281,11321.8,2.028,2.029,2.028,2.029,75592.08658900,2.02838,2.02838,2.02838,2.02838,17.40722
2025-12-07 10:09,2.0287,2.0291,2.0281,2.029,8661.573982,2.02810000,2.02910000,2.02800000,2.02900000,5014.90000000,,,,,,2.0281,2.029,2.0277,2.0289,11348.44,2.029,2.029,2.028,2.028,49258.21137500,,,,,0.0
2025-12-07 10:10,2.0291,2.0331,2.0289,2.033,19545.042645,2.02910000,2.03290000,2.02880000,2.03260000,41629.90000000,2.0298,2.0334,2.0298,2.0333,148.0,2.0289,2.0329,2.0287,2.0326,20949.96,2.029,2.032,2.028,2.032,49490.59743800,2.02894,2.03252,2.02894,2.03251,1177.48172
2025-12-07 10:11,2.033,2.0334,2.0323,2.0324,9340.963795,2.03260000,2.03320000,2.03190000,2.03200000,40924.20000000,,,,,,2.0326,2.0333,2.0318,2.0318,19779.47,2.033,2.033,2.032,2.032,50999.67860500,2.03333,2.03335,2.03261,2.03261,178.79639999999998
2025-12-07 10:12,2.0323,2.0329,2.0322,2.0329,6433.262491,2.03190000,2.03260000,2.03190000,2.03260000,12267.90000000,,,,,,2.0318,2.0329,2.0315,2.0329,10169.52,2.032,2.033,2.032,2.033,56051.91472000,2.03213,2.03251,2.03213,2.03251,5887.35647116
2025-12-07 10:13,2.0328,2.0339,2.0328,2.0338,2937.141792,2.03260000,2.03380000,2.03230000,2.03370000,26157.30000000,2.0343,2.0348,2.0343,2.0348,100.0,2.0329,2.034,2.0325,2.0335,11269.23,2.033,2.034,2.032,2.034,47786.41067900,2.03274,2.03399,2.03274,2.03369,1220.85945429
2025-12-07 10:14,2.0337,2.0339,2.0334,2.0339,9336.088973,2.03360000,2.03390000,2.03300000,2.03390000,11648.70000000,2.035,2.035,2.035,2.035,50.0,2.0335,2.0341,2.0327,2.0338,13698.26,2.033,2.034,2.033,2.034,31036.87654600,2.03365,2.03365,2.03365,2.03365,11.76718415
2025-12-07 10:15,2.0339,2.0339,2.033,2.0334,9437.835845,2.03390000,2.03390000,2.03280000,2.03310000,21477.30000000,,,,,,2.0338,2.0338,2.0325,2.0335,18187.49,2.033,2.034,2.032,2.032,29619.44028100,2.03367,2.03367,2.03345,2.03345,34.56538
2025-12-07 10:16,2.0333,2.0333,2.0317,2.0324,29297.194492,2.03310000,2.03310000,2.03160000,2.03220000,14327.50000000,2.0338,2.0338,2.0335,2.0335,24.0,2.0335,2.0335,2.0316,2.0325,15818.65,2.033,2.033,2.031,2.032,36364.90591400,2.03298,2.03314,2.0322,2.0322,171.93541299999998
2025-12-07 10:17,2.0325,2.0327,2.0325,2.0326,513.758744,2.03220000,2.03270000,2.03210000,2.03270000,4938.30000000,,,,,,2.0325,2.0331,2.0324,2.033,14155.32,2.032,2.033,2.031,2.033,19738.83031300,2.03256,2.03262,2.03256,2.03262,513.3111
2025-12-07 10:18,2.0327,2.0338,2.0327,2.0333,3437.868662,2.03260000,2.03360000,2.03240000,2.03290000,15352.70000000,,,,,,2.033,2.0338,2.0324,2.0328,9841.44,2.032,2.034,2.032,2.033,36404.75521100,2.03328,2.03357,2.03328,2.03357,992.83368
2025-12-07 10:19,2.0333,2.0343,2.033,2.034,6709.817413,2.03290000,2.03400000,2.03290000,2.03390000,6536.10000000,,,,,,2.0328,2.0341,2.0328,2.0338,8164.76,2.034,2.034,2.033,2.034,25779.62827200,2.03338,2.03409,2.03328,2.03409,512.49179
2025-12-07 10:20,2.0341,2.0341,2.0333,2.0335,2189.785042,2.03390000,2.03390000,2.03300000,2.03320000,9575.20000000,,,,,,2.0338,2.0338,2.0328,2.0333,7223.48,2.034,2.034,2.034,2.034,659.05668000,2.03376,2.03377,2.03376,2.03376,863.37868634
2025-12-07 10:21,2.0336,2.0346,2.0336,2.0337,61409.376771,2.03330000,2.03450000,2.03330000,2.03370000,51590.60000000,2.0346,2.0348,2.0346,2.0348,8.0,2.0333,2.0347,2.0331,2.0335,21175.2,2.034,2.034,2.034,2.034,6588.73213200,2.03457,2.03457,2.03443,2.03443,509.56874495
2025-12-07 10:22,2.0336,2.0338,2.0334,2.0334,4977.307127,2.03360000,2.03400000,2.03320000,2.03320000,22567.50000000,,,,,,2.0335,2.034,2.0333,2.0333,14863.3,2.034,2.034,2.034,2.034,0.0,2.03386,2.03407,2.03377,2.03377,544.19391549
2025-12-07 10:23,2.0333,2.0334,2.0331,2.0332,13459.438044,2.03320000,2.03320000,2.03300000,2.03310000,2926.80000000,,,,,,2.0333,2.0335,2.0333,2.0335,8322.87,2.034,2.034,2.034,2.034,0.0,,,,,0.0
2025-12-07 10:24,2.0333,2.0333,2.0331,2.0332,1493.098827,2.03310000,2.03310000,2.03280000,2.03300000,23818.30000000,2.0347,2.0347,2.0347,2.0347,78.146085,2.0335,2.0337,2.0328,2.0332,13535.21,2.033,2.034,2.032,2.034,2288.51274900,2.03376,2.03377,2.03376,2.03377,3816.11848766
2025-12-07 10:25,2.0331,2.0331,2.0325,2.0328,6222.440949,2.03300000,2.03300000,2.03230000,2.03240000,32933.80000000,,,,,,2.0332,2.0332,2.0323,2.0327,12213.63,2.033,2.033,2.032,2.032,24547.73773000,2.03377,2.03377,2.03376,2.03377,305.26491734
2025-12-07 10:26,2.0328,2.033,2.0323,2.0328,13836.160487,2.03230000,2.03290000,2.03230000,2.03250000,17401.30000000,,,,,,2.0327,2.0332,2.0323,2.0329,10587.95,2.032,2.033,2.032,2.032,22915.05776400,2.03376,2.03376,2.03376,2.03376,309.150149
2025-12-07 10:27,2.0327,2.0327,2.0325,2.0325,842.123559,2.03250000,2.03250000,2.03210000,2.03220000,13994.10000000,,,,,,2.0329,2.0329,2.0322,2.0322,5564.73,2.033,2.033,2.032,2.032,12293.85704400,2.03377,2.03377,2.03376,2.03376,381.25248
2025-12-07 10:28,2.0325,2.0325,2.0317,2.0317,5268.395225,2.03210000,2.03220000,2.03150000,2.03160000,5513.30000000,2.0336,2.0336,2.0334,2.0334,16.0,2.0322,2.0325,2.0314,2.0318,3120.43,2.033,2.033,2.031,2.032,19294.20683900,2.03377,2.03377,2.03195,2.03195,4736.72320769
2025-12-07 10:29,2.0317,2.0317,2.0306,2.0314,13460.186473,2.03150000,2.03150000,2.03030000,2.03150000,6939.40000000,2.0333,2.0333,2.0324,2.0324,75.99430001,2.0318,2.0319,2.0305,2.0319,4183.16,2.031,2.032,2.03,2.031,19685.61190000,2.03124,2.03178,2.03124,2.03178,96.5371
2025-12-07 10:30,2.0315,2.0325,2.0315,2.032,7292.365436,2.03140000,2.03260000,2.03140000,2.03180000,14623.10000000,2.033,2.0333,2.0327,2.0327,250.0,2.0319,2.0327,2.0319,2.0321,6960.96,2.032,2.033,2.031,2.031,21137.62019500,2.03214,2.03269,2.03214,2.03221,60.31749
2025-12-07 10:31,2.032,2.032,2.0304,2.0304,18456.021008,2.03170000,2.03190000,2.03020000,2.03020000,14334.40000000,2.033,2.033,2.033,2.033,50.0,2.0321,2.0321,2.0299,2.03,28988.54,2.031,2.032,2.03,2.031,26975.92920200,2.03224,2.03224,2.03212,2.03212,47.12513
2025-12-07 10:32,2.0304,2.0304,2.029,2.029,13755.89274,2.03020000,2.03020000,2.02850000,2.02850000,31616.30000000,2.0324,2.0324,2.0311,2.0311,76.00569999,2.03,2.03,2.0284,2.0285,19112.7,2.031,2.031,2.029,2.029,38292.93024400,2.03063,2.03063,2.0297,2.0297,200.96595
2025-12-07 10:33,2.0289,2.0307,2.0289,2.0302,61476.548468,2.02850000,2.02980000,2.02850000,2.02980000,28352.00000000,2.0307,2.0307,2.0307,2.0307,580.0,2.0285,2.0298,2.0285,2.0297,16857,2.029,2.03,2.029,2.029,17212.87161000,2.0297,2.03016,2.0297,2.02991,550.97664491
2025-12-07 10:34,2.0302,2.0302,2.0283,2.0283,55436.889168,2.02980000,2.03000000,2.02820000,2.02820000,13451.10000000,2.0306,2.0306,2.0304,2.0304,16.0,2.0297,2.0298,2.0277,2.0277,28735.79,2.03,2.03,2.028,2.028,20525.89999900,2.02988,2.02998,2.02827,2.02827,220199.01104086
2025-12-07 10:35,2.0282,2.0295,2.0281,2.0292,13016.349705,2.02820000,2.02940000,2.02810000,2.02910000,12874.20000000,,,,,,2.0277,2.0293,2.0276,2.0286,5134.53,2.028,2.03,2.028,2.029,26117.86748600,2.02827,2.0291,2.02813,2.0291,635.68212
2025-12-07 10:36,2.0293,2.0299,2.0293,2.0298,5985.1718,2.02920000,2.02950000,2.02910000,2.02940000,3870.60000000,,,,,,2.0286,2.0296,2.0286,2.0293,5111.66,2.03,2.03,2.029,2.03,28000.17445000,2.02932,2.02942,2.02932,2.02942,889.30007
2025-12-07 10:37,2.0298,2.0303,2.0295,2.03,2537.826038,2.02950000,2.03030000,2.02930000,2.02960000,10116.70000000,,,,,,2.0293,2.03,2.0289,2.0293,11571.58,2.03,2.031,2.029,2.03,34019.00673600,2.0295,2.0295,2.02948,2.02948,5189.61887431
2025-12-07 10:38,2.0299,2.0306,2.0296,2.0305,2961.386243,2.02950000,2.03040000,2.02950000,2.03030000,3990.00000000,,,,,,2.0293,2.0299,2.0293,2.0299,3041.54,2.03,2.031,2.029,2.031,37063.31726200,2.02997,2.02997,2.02997,2.02997,9.66127
2025-12-07 10:39,2.0305,2.0311,2.0304,2.031,8293.665505,2.03030000,2.03100000,2.03000000,2.03090000,12737.80000000,2.0313,2.0314,2.0313,2.0314,8.0,2.0299,2.0312,2.0299,2.0309,8904.35,2.03,2.031,2.03,2.031,13661.43228100,2.02979,2.02979,2.02979,2.02979,129.411823
2025-12-07 10:40,2.0312,2.034,2.0312,2.034,15501.964728,2.03100000,2.03360000,2.03090000,2.03350000,18301.90000000,2.0316,2.0341,2.0316,2.0341,563.59501344,2.0309,2.0339,2.0307,2.0335,7535.51,2.03,2.034,2.03,2.033,19172.95517700,2.03178,2.0323,2.03178,2.0323,10720.75954678
2025-12-07 10:41,2.034,2.0356,2.034,2.0356,39715.877416,2.03350000,2.03520000,2.03350000,2.03520000,6242.50000000,,,,,,2.0335,2.0351,2.0333,2.0348,3458.01,2.034,2.036,2.034,2.036,13823.69104700,2.03333,2.03558,2.03333,2.03513,21528.05993439
2025-12-07 10:42,2.0354,2.0358,2.0339,2.0339,37889.718564,2.03510000,2.03540000,2.03330000,2.03380000,44321.80000000,2.0359,2.0359,2.0357,2.0357,3075.0,2.0348,2.0354,2.0326,2.0332,23174.12,2.035,2.036,2.033,2.033,31524.46615400,2.03504,2.03556,2.03502,2.03502,18718.044917760002
2025-12-07 10:43,2.0338,2.0356,2.0338,2.0356,11620.250307,2.03380000,2.03540000,2.03380000,2.03540000,32113.30000000,,,,,,2.0332,2.0352,2.0332,2.0352,11508.07,2.034,2.035,2.034,2.035,18979.16535900,2.0338,2.03591,2.0338,2.0359,284655.71203265
2025-12-07 10:44,2.0356,2.0356,2.0347,2.0348,3021.914624,2.03530000,2.03530000,2.03440000,2.03440000,51000.90000000,,,,,,2.0352,2.0354,2.034,2.034,28229.95,2.036,2.036,2.034,2.034,9911.73158600,2.03555,2.03563,2.03555,2.03563,6.77419
2025-12-07 10:45,2.0347,2.0347,2.0336,2.0336,5492.716029,2.03450000,2.03450000,2.03320000,2.03320000,4470.60000000,,,,,,2.034,2.034,2.0328,2.0329,4025.73,2.034,2.035,2.033,2.034,39040.40877200,2.03482,2.03482,2.03405,2.03405,404.2687171
2025-12-07 10:46,2.0336,2.035,2.0336,2.0349,6725.162581,2.03320000,2.03470000,2.03320000,2.03460000,34741.70000000,2.0352,2.0352,2.0352,2.0352,580.0,2.0329,2.0348,2.0329,2.0345,11982.03,2.033,2.035,2.033,2.034,55007.76214400,2.03443,2.03443,2.03443,2.03443,625.81309
2025-12-07 10:47,2.035,2.0357,2.0342,2.0353,2086.744891,2.03470000,2.03540000,2.03420000,2.03500000,26623.60000000,,,,,,2.0345,2.0355,2.0338,2.0355,48680.3,2.035,2.036,2.034,2.035,53635.89107400,2.03463,2.03463,2.03463,2.03463,29.80312
2025-12-07 10:48,2.0353,2.0353,2.0342,2.0346,4770.369044,2.03510000,2.03510000,2.03430000,2.03440000,6364.30000000,2.036,2.036,2.036,2.036,50.0,2.0355,2.0355,2.0346,2.0346,13513.53,2.035,2.035,2.034,2.035,43820.07033800,2.03497,2.03498,2.03478,2.03479,95.39951673
2025-12-07 10:49,2.0345,2.0355,2.0344,2.0349,15291.608558,2.03430000,2.03560000,2.03400000,2.03480000,17129.40000000,2.0362,2.0366,2.0362,2.0366,20.0,2.0346,2.036,2.0341,2.0347,12228.69,2.035,2.035,2.034,2.035,44858.94628000,2.03524,2.03524,2.03524,2.03524,36.17357
2025-12-07 10:50,2.0349,2.0354,2.0347,2.0349,2087.844355,2.03470000,2.03500000,2.03440000,2.03480000,11884.60000000,2.0366,2.0366,2.0366,2.0366,849.0,2.0347,2.0354,2.0339,2.0352,8967.5,2.034,2.035,2.034,2.035,23933.50244200,2.03524,2.03547,2.03498,2.035,247.32627
2025-12-07 10:51,2.0349,2.0352,2.0325,2.0325,5842.511757,2.03470000,2.03490000,2.03250000,2.03280000,14639.10000000,2.0358,2.0358,2.0346,2.0346,722.0,2.0352,2.0355,2.0326,2.0329,10579.08,2.035,2.035,2.032,2.032,23184.52375700,2.03496,2.03496,2.03313,2.03313,13.004094389999999
2025-12-07 10:52,2.0332,2.034,2.0332,2.034,3261.091346,2.03280000,2.03380000,2.03280000,2.03380000,2192.50000000,,,,,,2.0329,2.0342,2.0329,2.0337,3814.58,2.033,2.034,2.033,2.033,27454.91782600,2.03377,2.03424,2.03377,2.03424,75.90164
2025-12-07 10:53,2.034,2.0342,2.0325,2.0325,1921.494917,2.03370000,2.03410000,2.03230000,2.03230000,50332.80000000,2.0344,2.0344,2.0342,2.0342,332.0,2.0337,2.0345,2.0324,2.0324,19812.76,2.034,2.034,2.032,2.032,34095.39355300,2.03418,2.03418,2.03418,2.03418,9.5456
2025-12-07 10:54,2.0327,2.0327,2.0326,2.0326,86.094184,2.03230000,2.03260000,2.03210000,2.03210000,6000.70000000,2.0341,2.0341,2.0335,2.0335,50.0,2.0324,2.033,2.0324,2.0324,5408.97,2.033,2.033,2.032,2.032,26955.96954300,2.03292,2.03343,2.0327,2.0327,132.32595
2025-12-07 10:55,2.0325,2.0325,2.0313,2.0318,5254.58953,2.03210000,2.03210000,2.03130000,2.03140000,3315.80000000,2.0335,2.0335,2.0335,2.0335,6.0,2.0324,2.0324,2.0314,2.0317,4516.44,2.031,2.032,2.031,2.031,6232.66400700,2.03184,2.03214,2.03184,2.03214,280.021722
2025-12-07 10:56,2.0318,2.0318,2.0308,2.0311,14703.894016,2.03140000,2.03160000,2.03060000,2.03110000,6944.80000000,2.0332,2.0332,2.033,2.033,16.0,2.0317,2.0318,2.0305,2.0313,8558.7,2.031,2.032,2.03,2.03,18582.83622200,2.03215,2.03215,2.03184,2.03184,17.35509374
2025-12-07 10:57,2.0311,2.0314,2.0305,2.0307,18110.196605,2.03100000,2.03110000,2.03020000,2.03030000,29154.40000000,2.0326,2.0326,2.0323,2.0323,66.0,2.0313,2.0313,2.0304,2.0306,12763.49,2.031,2.031,2.03,2.031,13470.79926200,2.03184,2.03184,2.03184,2.03184,1.74017
2025-12-07 10:58,2.0308,2.0315,2.0308,2.031,3327.283177,2.03040000,2.03130000,2.03040000,2.03080000,6090.20000000,2.0321,2.0321,2.0321,2.0321,50.0,2.0306,2.0316,2.0306,2.0311,4899.28,2.03,2.032,2.03,2.031,9468.81440800,2.03184,2.03184,2.03184,2.03184,8.92586
2025-12-07 10:59,2.0309,2.0312,2.0304,2.031,6271.161749,2.03080000,2.03090000,2.03030000,2.03090000,7118.40000000,,,,,,2.0311,2.0311,2.0303,2.0311,4520.16,2.03,2.031,2.03,2.031,12744.62864500,2.03184,2.03184,2.031,2.031,28.40379
2025-12-07 11:00,2.0309,2.0309,2.0297,2.0297,4588.867225,2.03090000,2.03090000,2.02970000,2.02980000,17521.50000000,,,,,,2.0311,2.0311,2.0297,2.0297,7588.55,2.03,2.031,2.029,2.03,15356.76937600,2.031,2.031,2.0304,2.0304,4214.60534
2025-12-07 11:01,2.03,2.0308,2.0296,2.0296,2842.552408,2.02980000,2.03070000,2.02920000,2.02920000,37430.20000000,2.0319,2.0319,2.0317,2.0317,16.0,2.0297,2.031,2.0293,2.0297,26978.15,2.029,2.031,2.029,2.029,14969.57572200,2.03104,2.03114,2.02992,2.02992,5012.22132205
2025-12-07 11:02,2.0296,2.0297,2.029,2.0291,2823.927629,2.02920000,2.02920000,2.02880000,2.02890000,11909.40000000,2.0315,2.0315,2.0314,2.0314,12.63517716,2.0297,2.0297,2.0289,2.0293,10506.17,2.029,2.029,2.028,2.029,7579.70386500,2.02991,2.02991,2.02946,2.02953,253.14518
2025-12-07 11:03,2.0292,2.0297,2.0286,2.0291,7088.154785,2.02890000,2.02940000,2.02860000,2.02890000,35510.00000000,2.0315,2.0315,2.0314,2.0314,583.36482284,2.0293,2.03,2.0286,2.0293,20453.29,2.029,2.03,2.028,2.028,13731.41027100,2.02994,2.02994,2.02969,2.02993,2464.6521700000003
2025-12-07 11:04,2.029,2.0292,2.029,2.0291,1631.378018,2.02890000,2.02920000,2.02840000,2.02850000,5723.40000000,2.0312,2.0312,2.0312,2.0312,8.0,2.0293,2.0297,2.0286,2.0286,6965,2.028,2.029,2.028,2.028,12266.03849400,2.0296,2.02994,2.02941,2.02941,3136.39808809
2025-12-07 11:05,2.0291,2.0298,2.0289,2.0292,16803.779072,2.02860000,2.02960000,2.02860000,2.02870000,5549.10000000,2.0312,2.0312,2.0311,2.0311,303.0270341,2.0286,2.0296,2.0285,2.0292,6685.8,2.029,2.03,2.028,2.029,17425.66567000,2.02941,2.02957,2.02941,2.02957,76.51140591
2025-12-07 11:06,2.0292,2.0309,2.0292,2.0308,2260.23007,2.02880000,2.03070000,2.02880000,2.03030000,16438.40000000,,,,,,2.0292,2.0311,2.0291,2.0308,11237.1,2.029,2.031,2.028,2.031,21641.12183600,2.03028,2.03118,2.03028,2.03118,2.789
2025-12-07 11:07,2.0309,2.0314,2.0305,2.0313,1956.452219,2.03040000,2.03070000,2.03040000,2.03040000,2574.20000000,2.0321,2.0325,2.0321,2.0325,1000.0,2.0308,2.0311,2.0304,2.0304,8941.13,2.03,2.031,2.03,2.03,23766.30214800,2.03142,2.03142,2.03142,2.03142,30.70823
2025-12-07 11:08,2.0312,2.0318,2.0312,2.0316,2205.08533,2.03040000,2.03120000,2.03040000,2.03110000,4280.90000000,,,,,,2.0304,2.0315,2.0304,2.0314,6705.98,2.03,2.031,2.03,2.03,19535.91534300,2.0317,2.0317,2.0317,2.0317,9.16967
2025-12-07 11:09,2.0317,2.0324,2.0316,2.0321,898.186889,2.03110000,2.03190000,2.03110000,2.03180000,4341.90000000,,,,,,2.0314,2.0324,2.0314,2.0319,2557.12,2.031,2.032,2.031,2.031,28487.39175200,2.03251,2.03251,2.03251,2.03251,116.61847284
2025-12-07 11:10,2.032,2.0324,2.0315,2.0323,1786.183912,2.03180000,2.03180000,2.03120000,2.03160000,12869.80000000,,,,,,2.0319,2.0321,2.0312,2.0316,13150.11,2.031,2.032,2.031,2.032,5769.33548700,2.03266,2.03266,2.03239,2.03239,2519.3326867
2025-12-07 11:11,2.0323,2.0327,2.032,2.0321,965.596083,2.03160000,2.03210000,2.03160000,2.03210000,4196.30000000,,,,,,2.0316,2.0324,2.0316,2.0323,6271.52,2.032,2.032,2.031,2.032,8489.41439300,2.03238,2.03238,2.03238,2.03238,2.0
2025-12-07 11:12,2.0323,2.0323,2.0318,2.0318,894.042305,2.03200000,2.03200000,2.03120000,2.03120000,6463.40000000,2.0326,2.0326,2.0326,2.0326,13.342035,2.0323,2.0323,2.0313,2.0313,5319.97,2.032,2.032,2.031,2.032,5714.69545000,2.03281,2.03282,2.03281,2.03282,76.69864
2025-12-07 11:13,2.0319,2.0326,2.0315,2.0326,3990.717055,2.03110000,2.03190000,2.03110000,2.03170000,7260.50000000,,,,,,2.0313,2.0321,2.0312,2.0321,10556.39,2.031,2.032,2.031,2.032,7457.85561400,2.03243,2.03244,2.03243,2.03244,53.0058112
2025-12-07 11:14,2.0321,2.0345,2.032,2.0345,8049.863665,2.03180000,2.03310000,2.03170000,2.03310000,12243.30000000,2.0327,2.0333,2.0327,2.0333,28.0,2.0321,2.0336,2.032,2.0334,6668.01,2.032,2.034,2.031,2.034,9121.44894100,2.03281,2.03281,2.0328,2.0328,225.69585999999998
2025-12-07 11:15,2.0338,2.0338,2.0334,2.0335,385.304926,2.03300000,2.03380000,2.03280000,2.03300000,16307.50000000,2.0334,2.0343,2.0334,2.0343,128.0,2.0334,2.0343,2.0328,2.033,8743.2,2.033,2.034,2.032,2.033,20082.66133700,2.03424,2.03424,2.03386,2.03386,70.73204
2025-12-07 11:16,2.0335,2.0341,2.0324,2.0325,2373.18489,2.03300000,2.03320000,2.03180000,2.03180000,9065.30000000,,,,,,2.033,2.0336,2.0321,2.0321,9379.15,2.032,2.033,2.032,2.033,16580.80917300,2.03385,2.03385,2.03266,2.03266,203.1165
2025-12-07 11:17,2.0325,2.0331,2.0319,2.0325,21572.911785,2.03190000,2.03260000,2.03180000,2.03250000,9945.40000000,2.034,2.034,2.034,2.034,50.0,2.0321,2.0329,2.0321,2.0323,5237.88,2.033,2.033,2.032,2.032,16195.47860600,2.03339,2.03339,2.03339,2.03339,4.82147
2025-12-07 11:18,2.0324,2.0346,2.0323,2.0337,8432.236942,2.03240000,2.03420000,2.03230000,2.03360000,6307.70000000,,,,,,2.0323,2.0344,2.0323,2.0334,10347.11,2.032,2.034,2.032,2.034,12113.89298100,2.03339,2.03399,2.03339,2.03399,8.9918
2025-12-07 11:19,2.0339,2.0345,2.0339,2.0342,529.912583,2.03350000,2.03440000,2.03340000,2.03360000,12643.20000000,2.0345,2.0345,2.0345,2.0345,4.0,2.0334,2.0347,2.0334,2.0337,10499.66,2.034,2.035,2.033,2.033,11470.28110700,2.03449,2.03504,2.03449,2.03504,386.84090100000003
2025-12-07 11:20,2.0341,2.0341,2.0313,2.0314,7118.199792,2.03360000,2.03360000,2.03080000,2.03080000,18984.60000000,2.0336,2.0336,2.0334,2.0334,22.77068847,2.0337,2.0337,2.0308,2.031,10136.64,2.033,2.034,2.03,2.03,22470.18819500,2.03466,2.03466,2.03338,2.03338,141.97740265
2025-12-07 11:21,2.0316,2.0324,2.0316,2.0324,342.683457,2.03090000,2.03200000,2.03090000,2.03200000,6166.50000000,,,,,,2.031,2.0323,2.0308,2.0323,5677.39,2.031,2.032,2.031,2.031,15196.88939100,2.03211,2.03211,2.0321,2.0321,39.99328
2025-12-07 11:22,2.0325,2.0344,2.0325,2.0337,7990.325927,2.03200000,2.03410000,2.03200000,2.03330000,11951.30000000,2.0344,2.0344,2.0344,2.0344,4.0,2.0323,2.0345,2.0323,2.0332,7824.62,2.032,2.034,2.032,2.033,22483.57139900,2.03255,2.03453,2.03255,2.03453,125.51935654
2025-12-07 11:23,2.0339,2.0345,2.0339,2.0345,481.667022,2.03320000,2.03410000,2.03320000,2.03400000,6536.70000000,,,,,,2.0332,2.0343,2.0332,2.0342,6084.34,2.033,2.034,2.033,2.033,18341.99650300,2.03473,2.03473,2.03473,2.03473,114.69285
2025-12-07 11:24,2.0346,2.0346,2.0332,2.0333,6958.480547,2.03390000,2.03390000,2.03270000,2.03270000,17355.30000000,,,,,,2.0342,2.0342,2.0325,2.0325,9036.74,2.033,2.034,2.033,2.033,14098.83105000,2.0338,2.0338,2.0335,2.0335,300.0
2025-12-07 11:25,2.0332,2.0335,2.0325,2.0332,6483.391479,2.03270000,2.03280000,2.03220000,2.03270000,9703.90000000,,,,,,2.0325,2.033,2.0319,2.0325,16788.61,2.033,2.033,2.032,2.033,10050.10623300,2.0336,2.0336,2.03312,2.03312,14.602239999999998
2025-12-07 11:26,2.033,2.0334,2.0329,2.0329,7346.201364,2.03280000,2.03290000,2.03250000,2.03260000,4768.20000000,,,,,,2.0325,2.033,2.0323,2.0326,5014.32,2.033,2.033,2.032,2.032,7983.98859600,2.0338,2.0338,2.03342,2.03342,259.49383706000003
2025-12-07 11:27,2.0329,2.0343,2.0326,2.0343,5362.431645,2.03250000,2.03390000,2.03230000,2.03390000,3014.80000000,,,,,,2.0326,2.034,2.0321,2.034,3654.95,2.032,2.034,2.032,2.034,20584.57203200,2.0336,2.03392,2.0336,2.03392,53.41877718
2025-12-07 11:28,2.034,2.034,2.0324,2.0325,47777.355997,2.03380000,2.03390000,2.03200000,2.03230000,49104.70000000,,,,,,2.034,2.034,2.0319,2.0323,22010.25,2.034,2.034,2.032,2.032,22016.20336800,2.03365,2.03365,2.03261,2.03261,29.023135600000003
2025-12-07 11:29,2.0327,2.0333,2.0321,2.0333,4049.523956,2.03240000,2.03240000,2.03190000,2.03220000,13208.90000000,,,,,,2.0323,2.0325,2.0319,2.0324,8326.32,2.033,2.033,2.032,2.032,13697.74026000,2.033,2.033,2.03259,2.0328,231.50689986
2025-12-07 11:30,2.0334,2.0347,2.0334,2.0346,3593.811502,2.03230000,2.03450000,2.03230000,2.03420000,27696.50000000,2.0346,2.0349,2.0346,2.0349,16.0,2.0324,2.0345,2.0324,2.0341,13478.81,2.032,2.035,2.032,2.035,14438.52324500,2.03315,2.03378,2.03315,2.03378,21.84250103
2025-12-07 11:31,2.0347,2.035,2.0343,2.0347,1969.999251,2.03420000,2.03460000,2.03410000,2.03460000,2378.90000000,,,,,,2.0341,2.0349,2.0338,2.0342,9081.63,2.034,2.035,2.034,2.035,22295.29959600,2.0338,2.03452,2.0338,2.03452,14.912107980000002
2025-12-07 11:32,2.0347,2.0348,2.0339,2.0339,11089.013841,2.03450000,2.03460000,2.03360000,2.03370000,15118.40000000,,,,,,2.0342,2.0345,2.0334,2.0336,13568.09,2.035,2.035,2.033,2.033,26948.04574300,2.03452,2.03476,2.03245,2.0336,284025.65924169
2025-12-07 11:33,2.0338,2.0338,2.0332,2.0337,8226.131856,2.03360000,2.03360000,2.03290000,2.03350000,23689.90000000,,,,,,2.0336,2.0337,2.0326,2.0335,8491.47,2.034,2.034,2.033,2.033,16693.38414600,2.03307,2.03367,2.03307,2.03367,98.12821263000001
2025-12-07 11:34,2.0338,2.034,2.0334,2.0336,1653.883496,2.03350000,2.03390000,2.03310000,2.03340000,8925.50000000,,,,,,2.0335,2.034,2.0329,2.0332,8385.92,2.033,2.034,2.033,2.033,23890.07839000,2.03367,2.03367,2.03346,2.03346,5002.468496830001
2025-12-07 11:35,2.0335,2.0341,2.0335,2.0335,2366.87459,2.03340000,2.03370000,2.03300000,2.03300000,2661.70000000,,,,,,2.0332,2.0342,2.0328,2.0328,10216.41,2.034,2.034,2.033,2.033,33677.43324300,2.03346,2.03376,2.03346,2.03376,1.96402
2025-12-07 11:36,2.0334,2.0334,2.0329,2.0331,788.047634,2.03290000,2.03300000,2.03240000,2.03240000,7370.70000000,,,,,,2.0328,2.0331,2.0324,2.0324,2718.55,2.032,2.033,2.032,2.033,16078.17646900,2.03302,2.03302,2.03302,2.03302,140.65084223
2025-12-07 11:37,2.033,2.033,2.0319,2.0321,2501.143612,2.03240000,2.03250000,2.03180000,2.03180000,1756.10000000,2.034,2.034,2.034,2.034,8.0,2.0324,2.0327,2.0316,2.0319,591.23,2.032,2.033,2.031,2.031,29706.00940300,2.033,2.033,2.033,2.033,520.31452
2025-12-07 11:38,2.032,2.0333,2.0319,2.0333,1333.834998,2.03170000,2.03290000,2.03150000,2.03290000,3673.10000000,2.0339,2.0339,2.0339,2.0339,197.00066487,2.0319,2.0328,2.0313,2.0328,5052.83,2.031,2.033,2.031,2.032,23729.08419700,2.03309,2.03309,2.03308,2.03308,248.47133000000002
2025-12-07 11:39,2.0333,2.0338,2.0331,2.0331,1741.691334,2.03280000,2.03320000,2.03280000,2.03300000,11586.90000000,,,,,,2.0328,2.0336,2.0327,2.0327,8815.92,2.033,2.033,2.032,2.033,22681.53920900,2.03347,2.03347,2.03313,2.03313,169.02251038999998
2025-12-07 11:40,2.0332,2.0341,2.033,2.0338,22705.460306,2.03290000,2.03370000,2.03260000,2.03330000,67369.30000000,,,,,,2.0327,2.0341,2.0327,2.0335,22920.83,2.033,2.034,2.032,2.033,10317.52534100,2.03313,2.03379,2.03313,2.03379,277.07661747
2025-12-07 11:41,2.0337,2.0339,2.0335,2.0336,3489.34112,2.03340000,2.03340000,2.03330000,2.03340000,1008.30000000,,,,,,2.0335,2.0337,2.0333,2.0336,418.59,2.033,2.034,2.033,2.034,11332.37068900,2.03351,2.03352,2.0335,2.03352,107.95704371
2025-12-07 11:42,2.0336,2.0341,2.0336,2.0341,2818.011781,2.03340000,2.03370000,2.03330000,2.03350000,2623.70000000,,,,,,2.0336,2.0339,2.0334,2.0335,1672.57,2.033,2.034,2.033,2.033,11083.20057600,2.03352,2.03388,2.03352,2.03388,26.33527
2025-12-07 11:43,2.0341,2.0341,2.0333,2.0339,6364.787671,2.03360000,2.03360000,2.03280000,2.03350000,7592.20000000,,,,,,2.0335,2.0337,2.033,2.0335,8313.77,2.033,2.034,2.032,2.034,13246.00393300,2.03313,2.03313,2.03313,2.03313,45.0
2025-12-07 11:44,2.0337,2.0342,2.0337,2.0338,10607.281153,2.03340000,2.03360000,2.03320000,2.03360000,10872.50000000,,,,,,2.0335,2.0339,2.0332,2.0339,5547.46,2.033,2.034,2.033,2.034,10352.78098400,2.03365,2.03365,2.03365,2.03365,373.35573
2025-12-07 11:45,2.0338,2.0338,2.0327,2.0327,6471.096355,2.03350000,2.03350000,2.03230000,2.03230000,15619.80000000,,,,,,2.0339,2.0339,2.0323,2.0323,8944.12,2.033,2.034,2.032,2.032,18515.96433400,2.03375,2.03375,2.03313,2.03313,7201.03976
2025-12-07 11:46,2.0326,2.0337,2.0323,2.0325,13514.803332,2.03230000,2.03320000,2.03200000,2.03200000,35479.90000000,,,,,,2.0323,2.0334,2.0319,2.0319,18728.11,2.032,2.034,2.032,2.033,18599.48996900,2.03361,2.03361,2.03342,2.03343,4.66004
2025-12-07 11:47,2.0325,2.0328,2.0321,2.0321,7647.254674,2.03210000,2.03250000,2.03150000,2.03170000,42131.80000000,2.0339,2.0339,2.0339,2.0339,50.0,2.0319,2.0327,2.0317,2.0318,28586.26,2.032,2.033,2.032,2.032,24665.72939200,2.03313,2.03313,2.03313,2.03313,68.44905
2025-12-07 11:48,2.0322,2.0323,2.0316,2.0316,78536.48928,2.03170000,2.03180000,2.03120000,2.03130000,20102.10000000,2.0338,2.0338,2.0334,2.0334,54.406904,2.0318,2.0323,2.0312,2.0312,8051.85,2.031,2.032,2.031,2.032,12421.40060500,2.03313,2.03313,2.03139,2.0314,2744.3122763300003
2025-12-07 11:49,2.0318,2.0326,2.0318,2.0322,3122.794218,2.03120000,2.03220000,2.03120000,2.03190000,8999.70000000,,,,,,2.0312,2.0326,2.0312,2.0322,15581,2.032,2.033,2.032,2.032,20035.15104900,2.03202,2.03237,2.03202,2.0323,1493.50189206
2025-12-07 11:50,2.0325,2.0331,2.0325,2.0326,6581.802916,2.03200000,2.03260000,2.03200000,2.03230000,18301.20000000,,,,,,2.0322,2.0329,2.0322,2.0322,10919.63,2.032,2.033,2.032,2.032,23221.28653500,2.03289,2.03289,2.03288,2.03289,32.91162753
2025-12-07 11:51,2.0327,2.0329,2.0322,2.0322,1389.01179,2.03230000,2.03230000,2.03160000,2.03170000,8889.10000000,2.0341,2.0341,2.0341,2.0341,13.028188,2.0322,2.0326,2.0316,2.0318,3230.88,2.033,2.033,2.031,2.032,21733.36944000,2.03279,2.03279,2.03231,2.03231,189.49913
2025-12-07 11:52,2.0322,2.0338,2.0321,2.0338,4709.338358,2.03160000,2.03320000,2.03160000,2.03320000,9764.50000000,2.0336,2.0336,2.0336,2.0336,50.0,2.0318,2.0334,2.0314,2.0334,10250.33,2.032,2.033,2.031,2.033,23854.35598200,2.03231,2.03349,2.03231,2.03349,88.64376999999999
2025-12-07 11:53,2.0337,2.0342,2.0336,2.0337,1340.487842,2.03320000,2.03410000,2.03320000,2.03340000,12304.10000000,2.0343,2.0345,2.0343,2.0345,8.0,2.0334,2.0345,2.0333,2.0333,6808.5,2.033,2.034,2.033,2.033,28128.31077800,2.03349,2.03437,2.03349,2.03357,359.48549708
2025-12-07 11:54,2.0337,2.034,2.0331,2.0333,2216.864454,2.03340000,2.03360000,2.03280000,2.03310000,11696.10000000,,,,,,2.0333,2.0339,2.0327,2.033,6331.36,2.034,2.034,2.032,2.033,17628.62815300,2.03357,2.03357,2.03302,2.0331,53.27079
2025-12-07 11:55,2.0332,2.0336,2.0331,2.0331,5126.188088,2.03320000,2.03320000,2.03290000,2.03310000,3256.90000000,,,,,,2.033,2.0334,2.0328,2.0333,4539.26,2.033,2.033,2.032,2.032,15050.14191100,2.03328,2.03328,2.03308,2.03311,57.86075669
2025-12-07 11:56,2.0333,2.0337,2.033,2.0337,3886.755842,2.03310000,2.03350000,2.03300000,2.03350000,1523.50000000,,,,,,2.0333,2.0337,2.0328,2.0335,1877.47,2.032,2.034,2.032,2.034,14749.74581700,2.03311,2.03335,2.03303,2.03335,42.31339
2025-12-07 11:57,2.0336,2.0347,2.0336,2.0347,6005.991287,2.03340000,2.03420000,2.03320000,2.03420000,5358.50000000,,,,,,2.0335,2.0347,2.0332,2.0347,6519.47,2.034,2.034,2.033,2.034,9860.51524600,2.03355,2.034,2.03355,2.034,1.9476200000000001
2025-12-07 11:58,2.0347,2.0347,2.034,2.0341,536.89484,2.03410000,2.03420000,2.03390000,2.03400000,3696.50000000,,,,,,2.0347,2.0348,2.0339,2.0339,5815.68,2.034,2.035,2.034,2.035,12358.99595700,2.034,2.03452,2.034,2.03452,4818.23773
2025-12-07 11:59,2.0341,2.0342,2.0335,2.0335,9956.542247,2.03400000,2.03400000,2.03370000,2.03380000,4577.60000000,,,,,,2.0339,2.0341,2.0336,2.0339,3821.87,2.034,2.034,2.033,2.033,12457.91504100,2.03441,2.03441,2.0344,2.0344,6650.58989815
2025-12-07 12:00,2.0341,2.0343,2.0335,2.0336,2917.590493,2.03380000,2.03380000,2.03320000,2.03330000,6479.40000000,,,,,,2.0339,2.0339,2.0334,2.0334,6488.38,2.033,2.034,2.033,2.034,4431.44402800,2.03441,2.03441,2.03441,2.03441,141.18055541
2025-12-07 12:01,2.0336,2.0338,2.0333,2.0334,663.164912,2.03330000,2.03330000,2.03280000,2.03290000,2516.40000000,,,,,,2.0334,2.0336,2.0328,2.033,539.97,2.034,2.034,2.033,2.033,6563.61641900,2.03441,2.03441,2.03441,2.03441,50.06802
2025-12-07 12:02,2.0333,2.0337,2.0326,2.0334,7473.767004,2.03290000,2.03350000,2.03210000,2.03310000,29292.70000000,,,,,,2.033,2.0338,2.0325,2.0332,13349.97,2.033,2.034,2.032,2.034,9439.39637700,2.03441,2.03441,2.03367,2.03367,491.62622694000004
2025-12-07 12:03,2.0334,2.0347,2.0334,2.0345,4437.493679,2.03310000,2.03460000,2.03290000,2.03430000,29608.20000000,2.0347,2.0347,2.0347,2.0347,4.0,2.0332,2.0348,2.0328,2.0348,20124.75,2.033,2.035,2.032,2.034,17818.61637600,2.03409,2.03472,2.03409,2.03472,701.7069793500001
2025-12-07 12:04,2.0344,2.0353,2.0344,2.0346,17109.405665,2.03420000,2.03460000,2.03410000,2.03450000,6768.80000000,2.0348,2.0348,2.0348,2.0348,4.0,2.0348,2.0348,2.0341,2.0348,3512.66,2.035,2.035,2.034,2.034,5550.46408600,2.03478,2.03478,2.03477,2.03477,696.38071
2025-12-07 12:05,2.0349,2.0353,2.0344,2.0351,7693.974124,2.03460000,2.03470000,2.03400000,2.03460000,3676.50000000,,,,,,2.0348,2.0349,2.034,2.0349,6023.14,2.035,2.035,2.034,2.035,12889.04470400,2.03477,2.03494,2.03477,2.03492,1337.52853
2025-12-07 12:06,2.0351,2.0379,2.0351,2.0378,87456.237917,2.03470000,2.03760000,2.03470000,2.03760000,17867.10000000,2.0349,2.0395,2.0349,2.0395,168.0,2.0349,2.0379,2.0349,2.0375,9459.76,2.034,2.037,2.034,2.037,28977.50562700,2.03495,2.0375,2.03495,2.03749,1518.85756244
2025-12-07 12:07,2.0377,2.0402,2.0375,2.0399,10420.671086,2.03750000,2.04000000,2.03700000,2.03990000,36848.00000000,2.0404,2.0412,2.0404,2.0412,50.0,2.0375,2.0405,2.0369,2.04,11567.48,2.038,2.04,2.037,2.04,24899.86412300,2.0375,2.04,2.03749,2.03999,147.69925826
2025-12-07 12:08,2.0401,2.0409,2.04,2.0409,11213.709161,2.03990000,2.04100000,2.03980000,2.04090000,51056.40000000,,,,,,2.04,2.0412,2.0397,2.0412,26071.88,2.039,2.041,2.039,2.041,27132.91250300,2.04,2.04039,2.04,2.04039,114.66154
2025-12-07 12:09,2.041,2.0413,2.0395,2.0403,17321.355176,2.04090000,2.04110000,2.03930000,2.04000000,37443.00000000,,,,,,2.0412,2.0415,2.0394,2.0402,18818.34,2.041,2.041,2.039,2.039,22246.36264700,2.04039,2.041,2.04039,2.041,1972.84266546
2025-12-07 12:10,2.0403,2.0419,2.0403,2.0419,4395.717537,2.04010000,2.04150000,2.04010000,2.04140000,9287.00000000,,,,,,2.0402,2.0416,2.0402,2.0414,6236.72,2.04,2.042,2.04,2.042,50439.63959200,2.04129,2.04179,2.04129,2.04179,14480.765833959998
2025-12-07 12:11,2.0418,2.042,2.0409,2.041,2478.759324,2.04150000,2.04150000,2.04060000,2.04070000,17964.40000000,,,,,,2.0414,2.0416,2.0402,2.0406,8044.94,2.041,2.042,2.041,2.041,32960.88699700,2.041,2.041,2.04073,2.04073,1725.0958899999998
2025-12-07 12:12,2.0412,2.0419,2.0407,2.0419,2589.448315,2.04060000,2.04210000,2.04060000,2.04180000,57182.60000000,,,,,,2.0406,2.0424,2.0402,2.042,24017.62,2.041,2.042,2.04,2.042,38872.12752300,2.04074,2.0413,2.04072,2.0413,10.888910000000001
2025-12-07 12:13,2.042,2.0422,2.0408,2.0413,7917.601689,2.04190000,2.04200000,2.04070000,2.04110000,17312.20000000,2.0425,2.0428,2.0425,2.0428,50.0,2.042,2.0421,2.0406,2.0409,17306.09,2.041,2.042,2.04,2.042,32674.27754800,2.0418,2.04211,2.0413,2.0413,4526.79030976
2025-12-07 12:14,2.041,2.0416,2.041,2.0416,840.190116,2.04110000,2.04150000,2.04100000,2.04150000,10683.90000000,,,,,,2.0409,2.0418,2.0408,2.0418,13908,2.041,2.042,2.041,2.041,24404.62819000,2.0413,2.04135,2.04129,2.0413,513.31785516
2025-12-07 12:15,2.0417,2.0432,2.0417,2.0428,2316.001552,2.04140000,2.04290000,2.04140000,2.04290000,23731.20000000,2.0428,2.0439,2.0428,2.0439,1919.9987999999998,2.0418,2.0434,2.0415,2.043,9623.79,2.042,2.043,2.042,2.043,27515.11835200,2.042,2.04297,2.042,2.04297,6986.36151936
2025-12-07 12:16,2.0425,2.0451,2.0425,2.045,4208.415323,2.04280000,2.04500000,2.04230000,2.04490000,49872.00000000,2.0443,2.0452,2.0443,2.0452,23.99999999,2.043,2.0454,2.0423,2.0452,22564.49,2.043,2.045,2.042,2.045,30102.94258700,2.043,2.04526,2.04299,2.04482,37824.08836847
2025-12-07 12:17,2.0452,2.0457,2.0451,2.0456,2203.760135,2.04490000,2.04550000,2.04460000,2.04550000,29704.40000000,2.0452,2.0452,2.0452,2.0452,1e-08,2.0452,2.0464,2.0446,2.0464,21857.01,2.045,2.046,2.044,2.045,48474.71695600,2.04495,2.045,2.04483,2.045,11271.73942615
2025-12-07 12:18,2.0457,2.0458,2.0441,2.0444,163890.911822,2.04550000,2.04560000,2.04370000,2.04380000,60924.20000000,,,,,,2.0464,2.0464,2.0436,2.0442,24976.11,2.046,2.046,2.043,2.043,35883.12195500,2.045,2.045,2.04394,2.04395,5107.86435698
2025-12-07 12:19,2.0443,2.0445,2.0433,2.0438,15042.343465,2.04390000,2.04390000,2.04280000,2.04350000,13420.20000000,,,,,,2.0442,2.0442,2.0426,2.0436,15456.34,2.044,2.044,2.043,2.044,34004.35456900,2.04392,2.04392,2.043,2.043,89509.64297185
2025-12-07 12:20,2.0438,2.0445,2.0436,2.0442,5157.105373,2.04350000,2.04430000,2.04340000,2.04410000,12421.60000000,,,,,,2.0436,2.0446,2.0432,2.0443,12201.99,2.044,2.044,2.044,2.044,2694.75850000,2.04299,2.043,2.04299,2.043,5458.18158272
2025-12-07 12:21,2.0443,2.0444,2.0437,2.0437,7080.619918,2.04410000,2.04420000,2.04330000,2.04330000,15499.30000000,,,,,,2.0443,2.0444,2.0432,2.0432,11833.59,2.044,2.044,2.044,2.044,100.61385600,2.043,2.043,2.04299,2.043,49244.45366273
2025-12-07 12:22,2.0436,2.0438,2.0425,2.0425,1268.130153,2.04340000,2.04340000,2.04220000,2.04220000,12035.80000000,2.0443,2.0443,2.0443,2.0443,8.0,2.0432,2.0436,2.042,2.0421,4091.67,2.043,2.043,2.043,2.043,2699.42611500,2.043,2.043,2.043,2.043,242.491087
2025-12-07 12:23,2.0425,2.0437,2.0423,2.0435,3827.987789,2.04210000,2.04330000,2.04210000,2.04310000,11545.30000000,,,,,,2.0421,2.0436,2.0421,2.0427,7089.73,2.042,2.043,2.042,2.043,3834.76060400,,,,,0.0
2025-12-07 12:24,2.0434,2.0434,2.0427,2.0432,6481.669025,2.04320000,2.04320000,2.04210000,2.04310000,19413.00000000,,,,,,2.0427,2.0429,2.0419,2.0427,52962.97,2.043,2.043,2.043,2.043,2830.01263200,2.04329,2.04329,2.04272,2.0429,131150.4874404
2025-12-07 12:25,2.0433,2.0433,2.0415,2.0416,5294.488533,2.04320000,2.04320000,2.04090000,2.04150000,16298.40000000,2.0442,2.0442,2.0432,2.0432,88.0,2.0427,2.043,2.0406,2.0417,11322.57,2.042,2.043,2.04,2.041,22719.94335100,,,,,0.0
2025-12-07 12:26,2.0416,2.0431,2.0416,2.0429,75194.635659,2.04150000,2.04310000,2.04150000,2.04260000,8635.70000000,,,,,,2.0417,2.0432,2.0411,2.0424,7223.39,2.041,2.043,2.041,2.043,16876.46413600,2.04281,2.04281,2.04281,2.04281,20.916359999999997
2025-12-07 12:27,2.0429,2.0434,2.0424,2.0433,10365.331227,2.04260000,2.04310000,2.04250000,2.04310000,7608.10000000,,,,,,2.0424,2.0433,2.0423,2.0429,4579.16,2.042,2.044,2.042,2.043,25706.29367700,2.04281,2.0429,2.04281,2.0429,1320.2205099999999
2025-12-07 12:28,2.0433,2.0439,2.0431,2.0431,7798.838489,2.04310000,2.04360000,2.04280000,2.04280000,27602.80000000,,,,,,2.0429,2.0438,2.0427,2.0427,12157.76,2.043,2.044,2.043,2.043,15686.23733400,2.0429,2.0429,2.04289,2.04289,1445.60971506
2025-12-07 12:29,2.0431,2.0444,2.043,2.0444,3991.053578,2.04280000,2.04450000,2.04260000,2.04420000,15193.20000000,2.0447,2.0447,2.0447,2.0447,4.0,2.0427,2.0445,2.0423,2.0445,4483.19,2.042,2.044,2.042,2.044,13988.20559400,2.0429,2.04441,2.0429,2.04441,22167.76794826
2025-12-07 12:30,2.0444,2.0453,2.0444,2.0453,6839.767652,2.04430000,2.04490000,2.04430000,2.04490000,20745.80000000,2.0449,2.0452,2.0449,2.0452,12.0,2.0445,2.0448,2.0439,2.0448,8618.56,2.045,2.045,2.044,2.044,13529.94129000,2.04444,2.04506,2.04444,2.04445,518.34026947
2025-12-07 12:31,2.0453,2.0459,2.045,2.0456,5195.180361,2.04500000,2.04560000,2.04480000,2.04530000,88611.80000000,2.0453,2.046,2.0453,2.046,31.99999999,2.0448,2.0457,2.0445,2.0451,37266.2,2.045,2.046,2.044,2.046,23949.34424800,2.04488,2.04497,2.04488,2.04497,72.52406
2025-12-07 12:32,2.0454,2.0454,2.0433,2.0433,35090.149957,2.04520000,2.04530000,2.04290000,2.04290000,42399.10000000,,,,,,2.0451,2.0451,2.0424,2.0424,16603.3,2.045,2.045,2.043,2.043,42978.01922000,2.04529,2.04529,2.04413,2.04413,1646.8010442900002
2025-12-07 12:33,2.0432,2.044,2.0422,2.0439,8195.486167,2.04300000,2.04390000,2.04220000,2.04390000,22085.40000000,2.045,2.045,2.0443,2.0443,47.99999999,2.0424,2.0439,2.0417,2.0437,9742.24,2.043,2.044,2.042,2.043,17951.66597900,2.04412,2.04412,2.04281,2.04346,141.90610349000002
2025-12-07 12:34,2.0439,2.0439,2.043,2.0439,16378.175415,2.04390000,2.04410000,2.04290000,2.04370000,29052.70000000,,,,,,2.0437,2.044,2.0427,2.0436,13093.09,2.043,2.044,2.043,2.044,18414.71484800,2.04397,2.04397,2.04293,2.04373,331.37212999999997
2025-12-07 12:35,2.0439,2.0448,2.0439,2.0446,752.555107,2.04380000,2.04440000,2.04380000,2.04440000,13983.90000000,,,,,,2.0436,2.0444,2.0435,2.0438,7126.06,2.044,2.045,2.044,2.045,28480.78750700,2.04399,2.04446,2.04399,2.04446,271.91903457999996
2025-12-07 12:36,2.0443,2.0449,2.0442,2.0448,2294.032889,2.04430000,2.04490000,2.04400000,2.04440000,4153.90000000,,,,,,2.0438,2.0445,2.0437,2.0442,2584.73,2.044,2.045,2.044,2.044,23758.65350600,2.0445,2.04457,2.0445,2.04457,308.40990198000003
2025-12-07 12:37,2.0448,2.0459,2.0448,2.0455,9637.845776,2.04440000,2.04560000,2.04440000,2.04540000,13251.80000000,2.0454,2.0457,2.0454,2.0457,12.0,2.0442,2.0458,2.0442,2.0449,8772.38,2.044,2.046,2.044,2.045,24322.98650200,2.0449,2.04589,2.0449,2.04529,220.95719219999998
2025-12-07 12:38,2.0457,2.047,2.0456,2.0469,16717.840428,2.04530000,2.04670000,2.04530000,2.04660000,20957.20000000,2.0459,2.0467,2.0459,2.0467,28.00000001,2.0449,2.0469,2.0449,2.0465,9160.5,2.045,2.047,2.045,2.046,37548.60478400,2.04539,2.04693,2.04539,2.04693,121.08273
2025-12-07 12:39,2.047,2.0472,2.0457,2.0458,9730.598488,2.04670000,2.04700000,2.04540000,2.04560000,26954.40000000,2.0468,2.0476,2.0468,2.0476,109.94847713,2.0465,2.0472,2.045,2.0456,11248.53,2.047,2.047,2.045,2.045,53423.84326400,2.04692,2.04692,2.0467,2.0467,10.999410000000001
2025-12-07 12:40,2.0457,2.0457,2.0439,2.044,39143.363776,2.04570000,2.04570000,2.04350000,2.04400000,22560.30000000,2.0466,2.0466,2.0457,2.0457,48.0,2.0456,2.0456,2.0434,2.0438,9186.78,2.045,2.045,2.043,2.044,34048.90136300,2.0459,2.0459,2.04589,2.04589,106.0863916
2025-12-07 12:41,2.044,2.0443,2.0432,2.0432,3944.128351,2.04390000,2.04410000,2.04340000,2.04340000,23053.60000000,2.0456,2.0456,2.0455,2.0455,16.0,2.0438,2.044,2.0429,2.0429,10438.52,2.044,2.044,2.043,2.043,19940.40798500,2.04371,2.04396,2.04371,2.04392,67.74693213
2025-12-07 12:42,2.0433,2.0436,2.0432,2.0434,6884.883569,2.04340000,2.04340000,2.04290000,2.04300000,15677.80000000,2.0454,2.0454,2.0453,2.0453,703.99999999,2.0429,2.0433,2.0424,2.0428,6617.05,2.044,2.044,2.042,2.043,44219.99796600,2.04353,2.04353,2.04353,2.04353,13.597260000000002
2025-12-07 12:43,2.0434,2.0434,2.042,2.043,35323.389122,2.04310000,2.04310000,2.04230000,2.04270000,22432.00000000,2.0451,2.0451,2.0444,2.0444,55.99999999,2.0428,2.043,2.0418,2.0428,14154.97,2.042,2.043,2.042,2.042,14921.03349100,2.04281,2.04281,2.04281,2.04281,459.60828853000004
2025-12-07 12:44,2.0432,2.0436,2.0424,2.0436,4352.039122,2.04280000,2.04330000,2.04250000,2.04320000,14571.50000000,,,,,,2.0428,2.0432,2.0423,2.0431,8464.76,2.042,2.043,2.042,2.043,23657.54374400,2.04281,2.04281,2.04281,2.04281,86.33789941
2025-12-07 12:45,2.0437,2.0461,2.0431,2.0461,32777.49786,2.04330000,2.04590000,2.04290000,2.04590000,37532.50000000,2.0454,2.0458,2.0454,2.0458,20.0,2.0431,2.0459,2.0428,2.0459,37774.8,2.043,2.046,2.043,2.046,21960.68102300,2.0435,2.04564,2.0435,2.04564,306.59717678000004
2025-12-07 12:46,2.0461,2.0493,2.0461,2.0481,38592.303224,2.04590000,2.04890000,2.04590000,2.04780000,36442.00000000,2.046,2.0486,2.046,2.0486,114.0,2.0459,2.049,2.0458,2.0477,19366.5,2.047,2.049,2.046,2.048,30229.30885100,2.04602,2.04749,2.04602,2.04727,228.07255
2025-12-07 12:47,2.0482,2.0493,2.0477,2.0493,12309.581238,2.04790000,2.04900000,2.04770000,2.04890000,15669.70000000,,,,,,2.0477,2.0494,2.0476,2.0494,25019.8,2.048,2.05,2.047,2.049,31297.87762100,2.0475,2.05,2.04749,2.04749,240656.10728837
2025-12-07 12:48,2.0493,2.0503,2.0492,2.0502,16619.654538,2.04900000,2.05000000,2.04900000,2.05000000,58213.10000000,2.0495,2.0508,2.0495,2.0508,66.0,2.0494,2.0504,2.0489,2.0501,24063.61,2.049,2.05,2.048,2.05,31679.00332700,2.04923,2.05,2.04923,2.05,472.75930295
2025-12-07 12:49,2.0502,2.0508,2.0489,2.0499,21209.621701,2.05000000,2.05070000,2.04870000,2.04990000,198500.40000000,,,,,,2.0501,2.0509,2.0483,2.0497,97584.89,2.05,2.051,2.048,2.05,50082.60609300,2.05014,2.05014,2.05,2.05,56.63631
2025-12-07 12:50,2.0501,2.0503,2.049,2.0495,9509.558093,2.05000000,2.05000000,2.04900000,2.04940000,14682.90000000,,,,,,2.0497,2.05,2.0487,2.0492,13748.23,2.05,2.05,2.049,2.049,98086.95083400,2.05,2.05,2.04944,2.04951,8052.05694012
2025-12-07 12:51,2.0496,2.0501,2.0474,2.0476,15801.957669,2.04950000,2.05030000,2.04750000,2.04750000,44707.50000000,2.0498,2.0498,2.0496,2.0496,24.0,2.0492,2.0497,2.0473,2.0474,21570.35,2.05,2.05,2.047,2.048,83280.93887600,2.05014,2.05015,2.04943,2.04943,668.47162492
2025-12-07 12:52,2.0477,2.0489,2.0475,2.0489,6181.325268,2.04750000,2.04920000,2.04740000,2.04920000,9044.30000000,2.0495,2.0495,2.0495,2.0495,8.0,2.0474,2.049,2.0471,2.0489,6821.52,2.047,2.049,2.047,2.049,92728.50139800,2.04842,2.04926,2.04842,2.04926,43.30039
2025-12-07 12:53,2.049,2.0501,2.0484,2.0487,28572.826975,2.04910000,2.04970000,2.04820000,2.04840000,28181.50000000,,,,,,2.0489,2.0498,2.0481,2.0488,19906.57,2.049,2.05,2.048,2.048,79189.71558300,2.04993,2.04993,2.04882,2.04883,3582.20281673
2025-12-07 12:54,2.0487,2.0491,2.0481,2.049,7933.951201,2.04850000,2.04900000,2.04830000,2.04900000,8472.20000000,,,,,,2.0488,2.0494,2.0484,2.0484,32620.74,2.048,2.049,2.048,2.049,74210.69245200,2.04913,2.04913,2.04883,2.04883,69.64679
2025-12-07 12:55,2.049,2.0492,2.0479,2.0479,4027.625601,2.04910000,2.04930000,2.04780000,2.04780000,16179.10000000,,,,,,2.0484,2.0494,2.0473,2.0473,10803.98,2.049,2.049,2.047,2.047,24947.60868100,,,,,0.0
2025-12-07 12:56,2.0478,2.048,2.0476,2.0476,6171.555004,2.04780000,2.04790000,2.04740000,2.04780000,5035.20000000,2.0494,2.0494,2.0489,2.0489,50.0,2.0473,2.048,2.0473,2.048,10374.29,2.048,2.048,2.047,2.047,44126.02787000,2.04883,2.04883,2.04883,2.04883,44.256080000000004
2025-12-07 12:57,2.0477,2.0477,2.0466,2.0469,13451.587391,2.04780000,2.04790000,2.04680000,2.04690000,17094.10000000,,,,,,2.048,2.048,2.0463,2.0469,14103.44,2.048,2.048,2.046,2.047,32754.89591000,2.04883,2.04883,2.04882,2.04882,730.46928462
2025-12-07 12:58,2.0469,2.0469,2.0463,2.0466,2601.659739,2.04680000,2.04680000,2.04620000,2.04640000,13587.10000000,2.0488,2.0488,2.0483,2.0483,48.0,2.0469,2.0469,2.0457,2.046,9476.47,2.046,2.047,2.046,2.047,32788.95514900,2.04801,2.04801,2.0463,2.0465,821.69011593
2025-12-07 12:59,2.0464,2.0471,2.0462,2.0469,7821.867972,2.04640000,2.04690000,2.04610000,2.04690000,29912.90000000,2.0484,2.0484,2.0484,2.0484,285.0,2.046,2.0473,2.0457,2.0466,14352.09,2.047,2.047,2.046,2.047,33220.84763700,2.04664,2.04714,2.04664,2.04714,855.90185224
2025-12-07 13:00,2.047,2.0479,2.0467,2.0468,4873.945128,2.04690000,2.04770000,2.04650000,2.04650000,17506.70000000,,,,,,2.0466,2.048,2.0465,2.0465,11785.19,2.047,2.048,2.047,2.047,15114.46661100,2.04714,2.04798,2.04679,2.04685,7634.80396059
2025-12-07 13:01,2.0469,2.0477,2.0464,2.0466,3825.977609,2.04660000,2.04730000,2.04610000,2.04640000,3642.20000000,2.0482,2.0482,2.0482,2.0482,8.0,2.0465,2.0472,2.0459,2.0464,4561.65,2.047,2.048,2.046,2.046,16439.32583400,2.04737,2.04739,2.04701,2.04701,1144.80506513
2025-12-07 13:02,2.0466,2.048,2.0463,2.048,17074.829241,2.04640000,2.04770000,2.04610000,2.04770000,22931.40000000,,,,,,2.0464,2.0482,2.0459,2.048,13628.89,2.046,2.048,2.046,2.048,12982.73430700,2.047,2.04804,2.047,2.04804,109.68712091
2025-12-07 13:03,2.0481,2.0481,2.0469,2.0472,35314.433276,2.04760000,2.04790000,2.04690000,2.04690000,55994.40000000,2.0487,2.0487,2.0487,2.0487,100.0,2.048,2.0483,2.0468,2.0475,85372.11,2.048,2.048,2.047,2.047,14128.46568200,2.04797,2.04808,2.04778,2.04785,587.7355
2025-12-07 13:04,2.0473,2.0473,2.0438,2.0442,31852.054007,2.04690000,2.04690000,2.04370000,2.04410000,37308.80000000,2.048,2.048,2.0447,2.0447,10982.265015,2.0475,2.0475,2.0437,2.0437,17775.79,2.047,2.047,2.044,2.044,18113.75174700,2.04785,2.04785,2.04535,2.04535,708.28107488
2025-12-07 13:05,2.044,2.0449,2.044,2.0441,24307.955274,2.04400000,2.04510000,2.04390000,2.04500000,38142.20000000,,,,,,2.0437,2.0454,2.0437,2.045,22667.43,2.043,2.045,2.043,2.044,31295.09183200,2.04535,2.04535,2.04455,2.04499,599.1202267
2025-12-07 13:06,2.0449,2.0459,2.0445,2.0455,33534.972653,2.04500000,2.04590000,2.04430000,2.04530000,29864.00000000,,,,,,2.045,2.0464,2.0443,2.0455,22374.4,2.045,2.046,2.044,2.045,30087.41577600,2.04593,2.04593,2.04487,2.04487,78.66353495999999
2025-12-07 13:07,2.0456,2.0459,2.0441,2.0444,3979.157249,2.04540000,2.04540000,2.04410000,2.04410000,8446.80000000,,,,,,2.0455,2.0458,2.044,2.0446,13264.37,2.045,2.046,2.044,2.044,31115.91256600,2.04568,2.04568,2.04488,2.04488,756.06355422
2025-12-07 13:08,2.0444,2.0448,2.044,2.0448,1550.165383,2.04410000,2.04460000,2.04410000,2.04460000,10895.40000000,,,,,,2.0446,2.0448,2.044,2.0446,5377.61,2.044,2.045,2.044,2.044,22221.33315900,2.04488,2.04488,2.04488,2.04488,11.47164
2025-12-07 13:09,2.0448,2.0458,2.0444,2.0445,8780.849531,2.04460000,2.04590000,2.04410000,2.04410000,17917.40000000,,,,,,2.0446,2.0463,2.0442,2.0445,13082.92,2.044,2.046,2.044,2.044,24489.27620800,2.045,2.045,2.04487,2.04488,56.12619186
2025-12-07 13:10,2.0446,2.0451,2.0388,2.0402,146382.229882,2.04410000,2.04480000,2.03980000,2.03990000,58045.60000000,2.0447,2.0447,2.0432,2.0432,72.0,2.0445,2.0451,2.0398,2.0401,23605.63,2.045,2.045,2.04,2.04,43078.66652000,2.04488,2.04501,2.04234,2.04234,7637.44954383
2025-12-07 13:11,2.0403,2.0405,2.0389,2.04,18464.416954,2.04000000,2.04050000,2.03890000,2.03980000,32809.30000000,,,,,,2.0401,2.0403,2.0386,2.0399,42021.68,2.04,2.041,2.039,2.039,31826.84737700,2.04183,2.04183,2.04,2.04001,423.24532213
2025-12-07 13:12,2.0399,2.0411,2.0399,2.0403,13763.854154,2.03990000,2.04090000,2.03990000,2.04010000,23473.40000000,,,,,,2.0399,2.0408,2.0397,2.0401,23970.23,2.04,2.041,2.04,2.04,17646.32845900,2.04079,2.04111,2.04024,2.04046,182.86856
2025-12-07 13:13,2.0403,2.0414,2.0401,2.041,5754.469957,2.04020000,2.04110000,2.04010000,2.04110000,16212.40000000,,,,,,2.0401,2.0409,2.0397,2.0406,24131.45,2.041,2.041,2.04,2.041,18866.92015400,2.04038,2.04102,2.04038,2.04102,199.26824707999998
2025-12-07 13:14,2.041,2.0412,2.0398,2.0398,3940.842275,2.04110000,2.04110000,2.03960000,2.03960000,15785.30000000,,,,,,2.0406,2.0409,2.0396,2.0396,16480.7,2.04,2.041,2.04,2.04,20304.55165700,2.04126,2.04126,2.04057,2.04057,2295.03027086
2025-12-07 13:15,2.04,2.0403,2.0394,2.0394,8399.091965,2.03960000,2.04010000,2.03940000,2.03950000,6692.90000000,,,,,,2.0396,2.0401,2.0391,2.0391,9659.11,2.04,2.04,2.039,2.039,33056.30572200,2.04016,2.04016,2.04,2.04,154.43942138
2025-12-07 13:16,2.0393,2.0396,2.0376,2.0382,3570.384379,2.03950000,2.03950000,2.03750000,2.03790000,30441.40000000,2.0409,2.0409,2.0395,2.0395,120.0,2.0391,2.0396,2.037,2.0389,65259.61,2.039,2.04,2.037,2.038,41960.65582900,2.04001,2.04001,2.03812,2.03812,4191.57380516
2025-12-07 13:17,2.0379,2.0396,2.0377,2.0394,4581.48472,2.03790000,2.03930000,2.03790000,2.03930000,7588.10000000,,,,,,2.0389,2.0393,2.0373,2.0393,54617.06,2.038,2.04,2.038,2.04,35348.08212700,2.0382,2.03955,2.03817,2.03955,346.21369906999996
2025-12-07 13:18,2.0395,2.0407,2.0389,2.0402,13904.76635,2.03920000,2.04030000,2.03890000,2.04020000,27433.20000000,2.0404,2.0406,2.0404,2.0406,12.0,2.0393,2.0408,2.0387,2.0402,48022.28,2.04,2.041,2.039,2.04,32505.84757700,2.0395,2.04065,2.0395,2.0405,277.47433698
2025-12-07 13:19,2.04,2.0405,2.04,2.0404,12176.341723,2.04020000,2.04020000,2.04010000,2.04020000,3984.00000000,,,,,,2.0402,2.0405,2.0398,2.0398,11490.08,2.04,2.041,2.04,2.04,28202.04170800,2.0405,2.0405,2.0405,2.0405,48.87787
2025-12-07 13:20,2.0403,2.0411,2.0394,2.0396,15826.828424,2.04020000,2.04090000,2.03920000,2.03920000,13964.70000000,2.0407,2.0409,2.0407,2.0409,208.11207805,2.0398,2.0413,2.0392,2.0393,13507.53,2.041,2.041,2.039,2.04,15301.82191700,2.04049,2.04098,2.03975,2.03975,1954.86021979
2025-12-07 13:21,2.0395,2.0397,2.0367,2.0367,26747.266273,2.03920000,2.03940000,2.03640000,2.03640000,44929.20000000,2.0399,2.0399,2.0386,2.0386,79.99999999,2.0393,2.0398,2.0361,2.0361,17267.75,2.039,2.039,2.037,2.037,21403.97249200,2.03983,2.03983,2.03798,2.03798,115.43013975000001
2025-12-07 13:22,2.0366,2.0366,2.0266,2.0279,227552.264378,2.03640000,2.03640000,2.02620000,2.02800000,326404.30000000,2.0386,2.0386,2.0294,2.0294,244.29416835,2.0361,2.0363,2.0271,2.0273,248481.91,2.036,2.036,2.027,2.027,54818.38606900,2.03758,2.03758,2.02665,2.02751,139110.8739921
2025-12-07 13:23,2.028,2.0341,2.028,2.0339,154636.604734,2.02800000,2.03410000,2.02800000,2.03400000,143638.30000000,2.0335,2.0343,2.0335,2.0343,16.0,2.0273,2.0348,2.0273,2.0346,114953.55,2.028,2.034,2.028,2.033,31228.90936300,2.02751,2.03334,2.02751,2.03274,2486.94258765
2025-12-07 13:24,2.034,2.0349,2.031,2.0317,61476.776982,2.03410000,2.03460000,2.03070000,2.03170000,84673.80000000,2.0352,2.0352,2.0352,2.0352,50.0,2.0346,2.0352,2.0308,2.0318,94986.15,2.034,2.034,2.031,2.032,25902.85908400,2.03378,2.03383,2.03086,2.03086,354.45772
2025-12-07 13:25,2.0317,2.0339,2.0317,2.0323,14271.83143,2.03160000,2.03390000,2.03150000,2.03220000,24974.30000000,,,,,,2.0318,2.0344,2.0318,2.0328,68099.55,2.032,2.034,2.031,2.032,95165.58396000,2.03268,2.03386,2.03201,2.03251,1716.27591086
2025-12-07 13:26,2.0324,2.0353,2.0321,2.0352,24502.255693,2.03220000,2.03520000,2.03220000,2.03480000,39111.70000000,2.0353,2.0354,2.0353,2.0354,8.0,2.0328,2.0355,2.0324,2.0341,160168.69,2.033,2.035,2.033,2.035,69577.80863000,2.03296,2.03422,2.03296,2.03422,359.14157
2025-12-07 13:27,2.0349,2.0352,2.0332,2.0336,5642.578411,2.03470000,2.03480000,2.03310000,2.03310000,16721.90000000,,,,,,2.0341,2.0351,2.0328,2.0333,24687.76,2.034,2.035,2.033,2.033,113124.75458800,2.03421,2.03422,2.03421,2.03422,88.72517616
2025-12-07 13:28,2.0336,2.0336,2.0326,2.0328,55331.456456,2.03320000,2.03340000,2.03250000,2.03280000,20832.00000000,2.0344,2.0344,2.0344,2.0344,8.0,2.0333,2.0333,2.0321,2.0329,14834.63,2.034,2.034,2.033,2.033,94400.43641100,2.03365,2.03366,2.03365,2.03366,40.9291809
2025-12-07 13:29,2.0328,2.0329,2.0322,2.0328,27810.633302,2.03280000,2.03300000,2.03230000,2.03270000,17416.50000000,2.0343,2.0343,2.0343,2.0343,8.0,2.0329,2.0329,2.0318,2.0328,23716.94,2.033,2.033,2.032,2.033,103925.00996900,2.03366,2.03366,2.03261,2.03297,25405.97381069
2025-12-07 13:30,2.0327,2.0335,2.0315,2.0315,30391.04034,2.03270000,2.03350000,2.03140000,2.03140000,20729.80000000,2.0342,2.0342,2.0336,2.0336,40.0,2.0328,2.0335,2.0311,2.0311,11239.83,2.032,2.033,2.031,2.031,42484.34605700,2.03297,2.03301,2.0314,2.0314,10219.0058665
2025-12-07 13:31,2.0314,2.0336,2.0311,2.0336,11182.287862,2.03150000,2.03370000,2.03110000,2.03370000,34847.60000000,2.0335,2.0335,2.0331,2.0331,39.99999999,2.0311,2.0336,2.0306,2.0336,18511.59,2.031,2.034,2.03,2.033,50822.13307900,2.03153,2.03416,2.03112,2.03416,2594.1529771200003
2025-12-07 13:32,2.0336,2.0348,2.0335,2.0335,16296.037294,2.03370000,2.03490000,2.03330000,2.03340000,21264.00000000,2.0347,2.0354,2.0347,2.0354,20.0,2.0336,2.0351,2.0328,2.0328,13559.45,2.033,2.035,2.033,2.033,34889.60466400,2.03416,2.03422,2.03416,2.03421,225.5996954
2025-12-07 13:33,2.0334,2.0338,2.0323,2.0335,28023.163853,2.03330000,2.03370000,2.03220000,2.03350000,36936.10000000,,,,,,2.0328,2.0337,2.0318,2.0332,28859.79,2.033,2.034,2.032,2.034,44777.60424800,2.03422,2.03422,2.03327,2.03364,5012.82606394
2025-12-07 13:34,2.0334,2.0348,2.0326,2.0326,20308.364911,2.03340000,2.03440000,2.03240000,2.03240000,9857.70000000,,,,,,2.0332,2.0342,2.0328,2.0328,14959.25,2.033,2.034,2.033,2.033,55328.84570500,2.03408,2.03408,2.03292,2.03292,2233.10451364
2025-12-07 13:35,2.0326,2.0332,2.0315,2.0319,10176.423972,2.03250000,2.03300000,2.03160000,2.03170000,7145.30000000,2.0341,2.0341,2.0335,2.0335,55.99999999,2.0328,2.0332,2.031,2.0315,12303.17,2.033,2.034,2.031,2.031,38588.27349000,2.03255,2.03341,2.03178,2.03181,2423.5638224500003
2025-12-07 13:36,2.032,2.0323,2.0315,2.0322,9950.200555,2.03180000,2.03230000,2.03130000,2.03230000,22401.70000000,2.0335,2.0335,2.0334,2.0334,8.00000001,2.0315,2.0323,2.0309,2.0319,21120.04,2.031,2.032,2.031,2.032,33058.42118400,2.03189,2.03198,2.03151,2.03151,122.75448417000001
2025-12-07 13:37,2.0318,2.0318,2.0307,2.0317,16151.951455,2.03220000,2.03220000,2.03040000,2.03140000,34645.60000000,2.0333,2.0333,2.0325,2.0325,56.00000001,2.0319,2.032,2.0301,2.0313,16691.93,2.033,2.033,2.03,2.031,26157.18466000,2.03197,2.03206,2.03068,2.03152,5180.19790661
2025-12-07 13:38,2.0317,2.0319,2.0294,2.0294,18383.785349,2.03130000,2.03180000,2.02900000,2.02900000,30457.90000000,2.0324,2.0324,2.0314,2.0314,56.0,2.0313,2.0316,2.0288,2.0289,12183.67,2.032,2.032,2.03,2.03,30665.86321200,2.03077,2.03077,2.03,2.03,215.86370000000002
2025-12-07 13:39,2.0293,2.0295,2.0281,2.0292,33161.174233,2.02900000,2.02930000,2.02790000,2.02910000,45064.80000000,2.0307,2.0307,2.0303,2.0303,24.0,2.0289,2.0295,2.0274,2.0286,67087.65,2.028,2.03,2.028,2.03,40121.81659600,2.03,2.03,2.0291,2.0291,210.01164584999998
2025-12-07 13:40,2.0288,2.0304,2.0285,2.0304,9322.88461,2.02900000,2.03020000,2.02840000,2.03020000,16529.90000000,,,,,,2.0286,2.0302,2.0279,2.0296,9692.32,2.029,2.031,2.028,2.031,38155.43546300,2.02909,2.02909,2.02866,2.02899,792.85060479
2025-12-07 13:41,2.0301,2.0317,2.0299,2.0308,17671.914696,2.03020000,2.03130000,2.02960000,2.03070000,38780.80000000,2.0312,2.0313,2.0312,2.0313,8.0,2.0296,2.0311,2.029,2.0306,43261.28,2.03,2.032,2.03,2.03,37245.87294600,2.029,2.03106,2.029,2.03067,30517.47691699
2025-12-07 13:42,2.0308,2.0322,2.0308,2.0313,14351.019915,2.03080000,2.03190000,2.03080000,2.03090000,26023.30000000,2.0316,2.0318,2.0316,2.0318,8.0,2.0306,2.0317,2.0305,2.0306,17175.3,2.031,2.032,2.031,2.031,27169.16702400,2.03068,2.03194,2.03068,2.03139,2727.97892246
2025-12-07 13:43,2.0312,2.0316,2.0297,2.0299,8288.508712,2.03090000,2.03140000,2.02980000,2.02990000,11818.90000000,,,,,,2.0306,2.0313,2.0293,2.0293,47400.09,2.031,2.032,2.029,2.03,42956.53721900,2.03113,2.03113,2.03024,2.03024,63.41072873
2025-12-07 13:44,2.0297,2.0309,2.0297,2.0302,27130.396591,2.02980000,2.03080000,2.02950000,2.03030000,53604.50000000,,,,,,2.0293,2.0307,2.0292,2.03,20954.68,2.03,2.031,2.029,2.031,25676.33847300,2.03002,2.03077,2.03002,2.03055,115.58644000000001
2025-12-07 13:45,2.0304,2.0321,2.03,2.0319,81204.457222,2.03020000,2.03260000,2.03010000,2.03160000,86280.00000000,2.032,2.0325,2.032,2.0325,1574.14765347,2.03,2.0325,2.0296,2.0314,37733.45,2.03,2.032,2.03,2.032,33011.38035500,2.03055,2.03185,2.03054,2.03185,25198.074319209998
2025-12-07 13:46,2.0318,2.0337,2.0317,2.0329,13523.211743,2.03160000,2.03370000,2.03150000,2.03250000,40512.20000000,2.0327,2.0336,2.0327,2.0336,36.0,2.0314,2.0335,2.0312,2.0322,20057.13,2.031,2.034,2.031,2.032,26596.63597900,2.03184,2.03333,2.03184,2.03333,5335.5882233600005
2025-12-07 13:47,2.033,2.0332,2.0289,2.0291,16655.229164,2.03260000,2.03280000,2.02870000,2.02950000,35043.10000000,2.0324,2.0324,2.0305,2.0305,103.99999999,2.0322,2.0328,2.0284,2.0291,16704.49,2.033,2.033,2.029,2.029,24353.74248800,2.03214,2.03214,2.03054,2.03054,49.39319
2025-12-07 13:48,2.0294,2.0298,2.0285,2.0292,24899.388427,2.02940000,2.02960000,2.02850000,2.02920000,15079.40000000,2.0305,2.0305,2.0302,2.0302,24.0,2.0291,2.0298,2.0281,2.0293,30690.1,2.029,2.03,2.029,2.03,24230.54951000,2.03055,2.03055,2.03,2.03,60629.60842198
2025-12-07 13:49,2.0292,2.0316,2.029,2.0316,7949.439316,2.02920000,2.03150000,2.02870000,2.03150000,17709.10000000,2.0309,2.0315,2.0309,2.0315,367.0,2.0293,2.0315,2.0284,2.0312,19419.14,2.03,2.032,2.028,2.032,20031.59465200,2.03001,2.03064,2.03001,2.03064,293.46564
2025-12-07 13:50,2.0316,2.0318,2.0306,2.0312,7010.306931,2.03150000,2.03170000,2.03070000,2.03090000,8999.30000000,,,,,,2.0312,2.0317,2.0304,2.0311,8618.08,2.031,2.032,2.03,2.031,22868.00357900,2.03121,2.03167,2.03121,2.03167,973.5689405
2025-12-07 13:51,2.0314,2.0328,2.0312,2.0321,7800.928873,2.03100000,2.03250000,2.03100000,2.03210000,26099.30000000,2.0316,2.0324,2.0316,2.0324,1772.0,2.0311,2.0327,2.0311,2.0318,14345.31,2.032,2.033,2.031,2.032,40932.22808500,2.03165,2.03291,2.03165,2.03228,59977.020384150004
2025-12-07 13:52,2.0323,2.0332,2.0319,2.032,4034.000096,2.03200000,2.03310000,2.03180000,2.03190000,9695.00000000,2.0325,2.0331,2.0325,2.0331,19.99999999,2.0318,2.0332,2.0315,2.0316,13859.85,2.032,2.034,2.031,2.032,44202.77996900,2.03253,2.03338,2.03253,2.03271,11278.61996251
2025-12-07 13:53,2.032,2.0323,2.0311,2.0317,5466.958549,2.03180000,2.03210000,2.03110000,2.03150000,21281.70000000,,,,,,2.0316,2.0319,2.0308,2.0313,6959.56,2.031,2.032,2.031,2.032,41432.98705000,2.03148,2.03236,2.03148,2.03236,86.698876
2025-12-07 13:54,2.0317,2.032,2.0313,2.0319,5023.464968,2.03140000,2.03180000,2.03110000,2.03160000,6639.10000000,,,,,,2.0313,2.0318,2.0308,2.0313,11702.55,2.031,2.032,2.031,2.032,39191.34902600,2.032,2.032,2.03141,2.03191,55.60393976
2025-12-07 13:55,2.0317,2.033,2.0316,2.033,8601.392236,2.03160000,2.03270000,2.03160000,2.03270000,10016.50000000,,,,,,2.0313,2.033,2.0313,2.033,5837.63,2.032,2.033,2.031,2.033,14799.24247600,2.03197,2.03302,2.03196,2.03302,329.119466
2025-12-07 13:56,2.0328,2.0335,2.0326,2.0329,18162.175556,2.03280000,2.03290000,2.03250000,2.03260000,9387.80000000,2.033,2.0338,2.033,2.0338,150.0,2.033,2.0331,2.0322,2.0323,5583.32,2.032,2.033,2.032,2.033,12802.99638600,,,,,0.0
2025-12-07 13:57,2.0328,2.0331,2.0323,2.0327,8839.196708,2.03260000,2.03280000,2.03230000,2.03240000,9502.00000000,,,,,,2.0323,2.0329,2.0321,2.0322,8226.19,2.033,2.033,2.032,2.032,12144.78843800,2.03257,2.03319,2.03255,2.03262,69.864107
2025-12-07 13:58,2.0327,2.0327,2.0317,2.0323,8531.20569,2.03240000,2.03240000,2.03180000,2.03210000,9583.60000000,,,,,,2.0322,2.0322,2.0315,2.032,4385.6,2.032,2.032,2.031,2.032,24070.03893300,2.03203,2.03239,2.03203,2.03234,1052.10565056
2025-12-07 13:59,2.0322,2.0324,2.0307,2.0315,12796.005396,2.03210000,2.03210000,2.03090000,2.03120000,7864.70000000,2.0328,2.0328,2.0326,2.0326,16.0,2.032,2.0321,2.0304,2.0311,6719.43,2.032,2.032,2.03,2.031,17014.04611200,2.03244,2.03244,2.0314,2.0314,87.85603
2025-12-07 14:00,2.0314,2.0314,2.0296,2.0297,8599.878896,2.03130000,2.03130000,2.02970000,2.02980000,14190.10000000,2.0325,2.0325,2.0316,2.0316,80.02912812,2.0311,2.0311,2.0294,2.0296,9325.75,2.03,2.031,2.029,2.029,18295.12363900,2.03141,2.03141,2.03014,2.03014,424.00958054
2025-12-07 14:01,2.0299,2.0324,2.0297,2.0323,12740.711919,2.02980000,2.03230000,2.02960000,2.03220000,29643.00000000,2.0316,2.0326,2.0315,2.0326,596.0,2.0296,2.0321,2.0292,2.0318,30357.29,2.029,2.033,2.029,2.033,25134.27440200,2.03014,2.03265,2.03,2.03236,353.37441938
2025-12-07 14:02,2.0322,2.0322,2.0305,2.0307,11422.548532,2.03210000,2.03210000,2.03030000,2.03040000,13303.70000000,2.0327,2.0327,2.0327,2.0327,148.39372248,2.0318,2.0319,2.0299,2.03,5723.43,2.032,2.032,2.03,2.03,26273.11324300,2.03174,2.03174,2.03068,2.03068,34.18746415
2025-12-07 14:03,2.0307,2.0312,2.0274,2.0277,31078.14231,2.03030000,2.03090000,2.02730000,2.02730000,51688.40000000,2.0316,2.0316,2.0299,2.0299,104.0,2.03,2.0309,2.0267,2.0273,23028.15,2.031,2.031,2.027,2.027,17866.57467900,2.03068,2.03068,2.0291,2.0291,49969.48453991
2025-12-07 14:04,2.0275,2.0288,2.0229,2.0235,75663.454873,2.02730000,2.02850000,2.02240000,2.02340000,364788.40000000,2.0278,2.0278,2.0238,2.0238,182.74290525,2.0273,2.0284,2.0225,2.0235,67240.13,2.028,2.029,2.023,2.023,38769.10720000,2.0291,2.0291,2.02412,2.02412,47908.1542029
2025-12-07 14:05,2.0236,2.0298,2.0236,2.0286,138988.271718,2.02350000,2.02930000,2.02340000,2.02850000,258723.50000000,2.0275,2.0291,2.0275,2.0291,32.0,2.0235,2.0293,2.0231,2.0283,198740.07,2.024,2.029,2.024,2.029,56273.27357200,2.02411,2.02898,2.02381,2.02898,2308.7736862700003
2025-12-07 14:06,2.0284,2.0285,2.0253,2.0265,25205.248611,2.02850000,2.02850000,2.02490000,2.02610000,25903.60000000,2.0269,2.0269,2.0268,2.0268,15.98403993,2.0283,2.0284,2.0249,2.0259,32358.08,2.029,2.029,2.026,2.026,70626.43232900,2.029,2.02901,2.0263,2.0263,65930.69560739001
2025-12-07 14:07,2.0261,2.0281,2.026,2.0275,14260.485892,2.02600000,2.02790000,2.02580000,2.02760000,41685.90000000,2.0279,2.0279,2.0279,2.0279,50.0,2.0259,2.028,2.0257,2.0273,42386.3,2.027,2.028,2.026,2.028,52003.66079400,2.02636,2.02762,2.02636,2.02717,21.73703
2025-12-07 14:08,2.0276,2.0277,2.0266,2.0273,10773.724424,2.02750000,2.02760000,2.02640000,2.02730000,71651.40000000,,,,,,2.0273,2.0276,2.0262,2.0273,35906.24,2.027,2.028,2.027,2.027,62062.28004500,2.02713,2.02787,2.02673,2.02787,463.61237520000003
2025-12-07 14:09,2.0273,2.0273,2.0261,2.0261,10591.223645,2.02740000,2.02740000,2.02580000,2.02580000,19237.60000000,,,,,,2.0273,2.0273,2.0253,2.0258,21763.68,2.028,2.028,2.026,2.026,64725.12369100,2.02723,2.02723,2.0268,2.0268,1.70239
2025-12-07 14:10,2.026,2.0266,2.0249,2.0258,6328.902664,2.02570000,2.02650000,2.02450000,2.02570000,42706.20000000,2.027,2.027,2.0264,2.0264,24.01596007,2.0258,2.0264,2.0244,2.0255,33595.67,2.026,2.027,2.025,2.026,62096.09038500,2.02673,2.02673,2.02461,2.02622,499.7511446
2025-12-07 14:11,2.0258,2.0278,2.0258,2.0277,15240.81282,2.02570000,2.02750000,2.02570000,2.02730000,13159.10000000,2.0275,2.0277,2.0275,2.0277,12.0,2.0255,2.0278,2.0255,2.027,15862.98,2.025,2.028,2.025,2.027,52589.99549600,2.0269,2.0272,2.0269,2.0272,1179.03927
2025-12-07 14:12,2.0273,2.0277,2.0247,2.0247,23215.09997,2.02730000,2.02740000,2.02460000,2.02470000,33666.40000000,2.0268,2.0268,2.0264,2.0264,24.0,2.027,2.0274,2.0244,2.0248,35056.91,2.028,2.028,2.025,2.025,90944.68223300,2.02777,2.02777,2.02562,2.02562,345.04358
2025-12-07 14:13,2.0248,2.0261,2.0247,2.0252,31300.065165,2.02470000,2.02580000,2.02450000,2.02500000,32575.90000000,,,,,,2.0248,2.026,2.0243,2.0253,32929.16,2.024,2.026,2.024,2.025,88700.56791100,2.02547,2.02574,2.02547,2.02574,70.1757
2025-12-07 14:14,2.0252,2.0258,2.024,2.0247,10696.697336,2.02490000,2.02550000,2.02370000,2.02490000,31401.20000000,2.0262,2.0262,2.0255,2.0255,132.0,2.0253,2.0258,2.0244,2.0251,154855.2,2.024,2.026,2.024,2.025,40034.38185400,2.02574,2.02574,2.02573,2.02574,76.94199446
2025-12-07 14:15,2.0248,2.0262,2.0241,2.0249,34040.798583,2.02490000,2.02610000,2.02400000,2.02500000,96440.20000000,2.0266,2.0266,2.0266,2.0266,50.0,2.0251,2.0263,2.0242,2.0253,58506.77,2.024,2.026,2.024,2.025,33784.85977600,2.02574,2.02628,2.02574,2.02574,168.58358298
2025-12-07 14:16,2.0254,2.026,2.0245,2.0256,16378.387284,2.02510000,2.02580000,2.02430000,2.02540000,29130.70000000,2.0263,2.0263,2.0263,2.0263,50.0,2.0253,2.0259,2.0238,2.0257,23723.18,2.025,2.026,2.024,2.025,50523.67688800,2.02574,2.02574,2.02574,2.02574,324.08605559
2025-12-07 14:17,2.0256,2.0256,2.0227,2.0228,21330.681553,2.02550000,2.02550000,2.02250000,2.02300000,70779.60000000,2.0254,2.0254,2.0241,2.0241,122.0,2.0257,2.0257,2.0221,2.0229,42045.7,2.026,2.026,2.022,2.023,60410.49911600,2.02573,2.02573,2.02381,2.02381,6171.3273401
2025-12-07 14:18,2.0234,2.0247,2.0188,2.0199,285217.817,2.02310000,2.02440000,2.01850000,2.01970000,419255.40000000,2.0243,2.0243,2.0204,2.0204,1893.14011931,2.0229,2.0245,2.0197,2.0198,274223.16,2.023,2.024,2.019,2.02,102623.22511100,2.02381,2.02485,2.02,2.02072,65721.42760526
2025-12-07 14:19,2.0194,2.0234,2.0194,2.0219,29076.630005,2.01960000,2.02310000,2.01910000,2.02180000,117384.60000000,,,,,,2.0198,2.0231,2.0197,2.0221,74277.14,2.019,2.023,2.019,2.021,39082.93903200,2.02196,2.02369,2.0213,2.0229,6099.40455155
2025-12-07 14:20,2.0221,2.0257,2.022,2.0237,20957.507649,2.02180000,2.02580000,2.02170000,2.02360000,48766.90000000,2.0236,2.026,2.0236,2.026,36.0,2.0221,2.0259,2.0221,2.0239,45988.48,2.022,2.025,2.022,2.024,11439.42934100,2.0229,2.02485,2.0229,2.02423,19.87815097
2025-12-07 14:21,2.0234,2.0239,2.0217,2.023,72547.633113,2.02370000,2.02370000,2.02160000,2.02270000,29228.90000000,2.0239,2.0239,2.0234,2.0234,32.0,2.0239,2.0239,2.0219,2.0229,23153.98,2.023,2.023,2.022,2.022,4663.51165800,2.02423,2.02423,2.023,2.023,7358.23505772
2025-12-07 14:22,2.0224,2.0224,2.0194,2.0207,38220.77305,2.02280000,2.02280000,2.01930000,2.01990000,89602.10000000,2.0232,2.0232,2.0214,2.0214,88.0,2.0229,2.0229,2.0197,2.0204,73271.79,2.022,2.022,2.02,2.02,32233.13446700,2.02301,2.02301,2.02,2.02009,10074.68102401
2025-12-07 14:23,2.0202,2.0215,2.0179,2.0213,99190.068436,2.02000000,2.02130000,2.01750000,2.02100000,164173.30000000,2.0207,2.0207,2.0188,2.02,2022.9128146599999,2.0204,2.0219,2.018,2.0212,103012.19,2.02,2.021,2.018,2.021,50965.75355500,2.02082,2.0212,2.01901,2.02103,105558.03567203
2025-12-07 14:24,2.021,2.021,1.9999,2.0036,1929232.091415,2.02090000,2.02090000,1.99060000,2.00240000,3885351.20000000,2.0191,2.0191,1.9929,1.9992,72061.34346259,2.0212,2.0214,1.9958,2.0023,611115.29,2.02,2.02,1.996,2.001,581983.89467500,2.0203,2.0203,1.998,2.00369,447659.57288167
2025-12-07 14:25,2.0037,2.004,1.9908,2.0017,519369.514946,2.00240000,2.00370000,1.98940000,2.00060000,3103927.30000000,2.001,2.0018,1.9881,2.0018,60636.33269107,2.0023,2.0033,1.9891,2.0001,984020.71,2.001,2.004,1.99,2.001,1140737.74042500,2.00363,2.00444,1.99,2.00129,168636.02924139
2025-12-07 14:26,2.0012,2.005,1.9956,2.005,214155.27293,2.00050000,2.00480000,1.99520000,2.00470000,1063139.80000000,2.0004,2.0049,1.9984,2.0049,2177.81161007,2.0001,2.0048,1.9945,2.0048,398879.81,2.001,2.004,1.995,2.004,352703.71315500,1.99999,2.00318,1.9971,2.00318,70356.73367313
2025-12-07 14:27,2.005,2.0089,2.004,2.0069,227392.055656,2.00470000,2.00860000,2.00320000,2.00630000,276474.20000000,2.0064,2.0084,2.0061,2.0084,571.51437603,2.0048,2.0087,2.0035,2.006,93484.05,2.005,2.009,2.004,2.006,455131.28338100,2.005,2.00908,2.00457,2.00748,45459.88235691
2025-12-07 14:28,2.0068,2.0143,2.0068,2.0103,77145.052451,2.00640000,2.01400000,2.00640000,2.00980000,305941.20000000,2.0101,2.0142,2.0101,2.0117,111.11716197,2.006,2.0142,2.006,2.0097,147253.81,2.006,2.014,2.006,2.01,401225.10660700,2.00748,2.01352,2.00748,2.01175,21156.78237175
2025-12-07 14:29,2.0103,2.011,2.006,2.0068,59455.86093,2.00980000,2.01080000,2.00560000,2.00610000,139266.00000000,2.0097,2.0097,2.0076,2.0076,290.0,2.0097,2.011,2.0057,2.0058,107561.27,2.01,2.011,2.006,2.006,453188.06552200,2.01141,2.01151,2.00759,2.00759,14648.89137079
2025-12-07 14:30,2.0062,2.0089,2.0044,2.0045,76288.68292,2.00610000,2.00860000,2.00340000,2.00360000,261238.80000000,2.007,2.0096,2.0057,2.0057,546.0,2.0058,2.0086,2.0034,2.0035,80391.36,2.006,2.009,2.004,2.004,616834.77262000,2.00709,2.00908,2.00559,2.00559,6348.00251124
2025-12-07 14:31,2.0042,2.0068,2.0033,2.0033,87118.098074,2.00350000,2.00590000,2.00270000,2.00270000,113505.30000000,2.0051,2.0051,2.005,2.005,16.0,2.0035,2.0057,2.0029,2.0029,40287.92,2.004,2.007,2.003,2.003,663111.76745900,2.00558,2.00694,2.0045,2.0045,12763.779085080001
2025-12-07 14:32,2.0035,2.0052,2.0017,2.0029,131723.743734,2.00280000,2.00440000,2.00160000,2.00210000,234639.40000000,2.0042,2.0042,2.0033,2.0033,1105.88049,2.0029,2.0039,2.0012,2.0023,139700.09,2.003,2.005,2.001,2.002,695888.92083300,2.00451,2.0052,2.0025,2.00301,7925.960570470001
2025-12-07 14:33,2.0029,2.0047,1.9987,2.0036,372945.161913,2.00210000,2.00400000,1.99770000,2.00270000,437365.70000000,2.0023,2.0032,1.9997,2.0032,62.0,2.0023,2.0043,1.9972,2.0035,177840.2,2.002,2.004,1.998,2.003,706764.95628600,2.00301,2.00365,1.99888,2.00365,25280.69841199
2025-12-07 14:34,2.0035,2.0062,2.0015,2.006,128778.278345,2.00270000,2.00570000,2.00060000,2.00550000,87926.10000000,2.0047,2.0059,2.0047,2.0059,20.0,2.0035,2.0058,2.0001,2.0056,50934.79,2.003,2.006,2.001,2.006,658570.44206300,2.00299,2.00574,2.00175,2.00574,9081.3157719
2025-12-07 14:35,2.0061,2.0112,2.0044,2.0107,107207.885946,2.00550000,2.01050000,2.00360000,2.01050000,308744.80000000,2.0068,2.0112,2.0068,2.0112,63.99999999,2.0056,2.0104,2.0036,2.0102,115710.72,2.005,2.01,2.004,2.01,199632.35246300,2.00573,2.01,2.00497,2.01,3766.3069075900003
2025-12-07 14:36,2.0108,2.0146,2.0103,2.0143,99560.86714,2.01050000,2.01420000,2.00970000,2.01370000,130408.90000000,2.0112,2.0154,2.0112,2.0154,148.00000001,2.0102,2.0138,2.0097,2.013,61288.92,2.01,2.014,2.01,2.014,136816.79907500,2.01,2.01501,2.01,2.01428,13145.46889011
2025-12-07 14:37,2.0144,2.0145,2.0099,2.0111,129296.050953,2.01380000,2.01400000,2.00930000,2.01090000,110711.90000000,2.0147,2.0147,2.0119,2.0119,240.0,2.013,2.014,2.0091,2.0106,53941.76,2.013,2.013,2.009,2.011,235051.88634700,2.01401,2.01401,2.01008,2.01124,10026.90273471
2025-12-07 14:38,2.011,2.0112,2.0091,2.0099,58857.52913,2.01080000,2.01080000,2.00840000,2.00950000,73183.70000000,2.0107,2.011,2.0107,2.011,588.0,2.0106,2.0106,2.0084,2.0094,40743.58,2.01,2.011,2.009,2.01,183374.23729800,2.01106,2.01106,2.00958,2.00993,6973.4367398800005
2025-12-07 14:39,2.0099,2.0121,2.0097,2.0097,44260.11353,2.00950000,2.01170000,2.00920000,2.00960000,66060.40000000,2.0117,2.0122,2.0117,2.0122,57.99999999,2.0094,2.0116,2.0091,2.0096,39424.5,2.009,2.012,2.009,2.01,136100.79575400,2.00978,2.01129,2.0097,2.01066,1514.05746624
2025-12-07 14:40,2.0098,2.0098,2.006,2.0085,44047.240267,2.00950000,2.00950000,2.00550000,2.00780000,82214.70000000,2.0108,2.0108,2.0079,2.0095,133.190303,2.0096,2.0096,2.0053,2.0076,24183.49,2.009,2.009,2.006,2.007,105028.72481100,2.01001,2.01001,2.00709,2.00759,5191.26142859
2025-12-07 14:41,2.0084,2.0096,2.006,2.007,111223.702202,2.00780000,2.00880000,2.00580000,2.00600000,78727.50000000,2.0097,2.0097,2.0097,2.0097,4.0,2.0076,2.0091,2.0057,2.0058,42965.95,2.008,2.009,2.006,2.006,184510.33810400,2.00759,2.00828,2.00759,2.00759,10433.703504219999
2025-12-07 14:42,2.0064,2.0064,2.0023,2.0036,52446.857944,2.00600000,2.00600000,2.00210000,2.00300000,95966.30000000,2.0082,2.0082,2.0054,2.0054,104.0,2.0058,2.0058,2.0019,2.0025,44091.59,2.005,2.006,2.002,2.003,155532.16294900,2.00759,2.00759,2.0025,2.00363,11062.30375264
2025-12-07 14:43,2.0035,2.0056,2.0022,2.0056,52895.355564,2.00290000,2.00540000,2.00190000,2.00540000,58921.60000000,2.0041,2.0043,2.0041,2.0043,947.285122,2.0025,2.0054,2.0019,2.005,48009.62,2.003,2.006,2.002,2.006,123322.14847500,2.00356,2.00519,2.0025,2.005,4281.83226665
2025-12-07 14:44,2.0056,2.0066,2.004,2.0043,143791.946053,2.00530000,2.00590000,2.00370000,2.00370000,52147.40000000,2.0063,2.0065,2.0063,2.0065,8.0,2.005,2.0061,2.0041,2.0045,35754.4,2.006,2.006,2.003,2.004,122517.87945600,2.00587,2.00652,2.00374,2.00374,2990.33506583
2025-12-07 14:45,2.0045,2.0079,2.0042,2.0079,42601.495651,2.00370000,2.00780000,2.00370000,2.00780000,54842.30000000,2.0067,2.0083,2.0067,2.0083,186.0,2.0045,2.0078,2.0034,2.0078,37203.28,2.003,2.008,2.003,2.008,83506.11789700,2.00427,2.00717,2.00427,2.00709,5659.71263887
2025-12-07 14:46,2.0079,2.0081,2.0031,2.0031,86770.284816,2.00780000,2.00780000,2.00260000,2.00270000,132163.20000000,2.0084,2.0089,2.0049,2.005,2816.072405,2.0078,2.0078,2.0024,2.0032,69886.16,2.008,2.008,2.003,2.003,150569.47307100,2.00788,2.00821,2.00414,2.00415,554.07241774
2025-12-07 14:47,2.0031,2.0032,1.9983,2.0009,132149.701466,2.00260000,2.00260000,1.99850000,2.00010000,162568.10000000,2.0048,2.0048,2.0006,2.0006,338.0,2.0032,2.0032,1.9984,2.0003,51123.5,2.002,2.002,1.999,2,110090.01253600,2.00415,2.00415,1.9998,2.00068,5599.1727014299995
2025-12-07 14:48,2.001,2.003,1.9999,2.003,21799.980543,2.00020000,2.00230000,1.99970000,2.00220000,69319.60000000,,,,,,2.0003,2.0024,1.9998,2.0024,47127.36,2.001,2.003,2,2.002,84759.57041900,2.00109,2.00217,2.00108,2.00217,846.70927868
2025-12-07 14:49,2.0027,2.0073,2.0026,2.0064,46308.436461,2.00210000,2.00670000,2.00210000,2.00580000,64845.50000000,2.0039,2.0066,2.0039,2.0066,64.0,2.0024,2.0069,2.0019,2.0056,45228.83,2.003,2.006,2.003,2.006,55635.14834500,2.00371,2.00683,2.00371,2.00603,595.29183602
2025-12-07 14:50,2.0064,2.0064,2.0046,2.006,31948.480449,2.00570000,2.00580000,2.00420000,2.00570000,151335.80000000,2.0065,2.0065,2.0065,2.0065,250.0,2.0056,2.006,2.0043,2.0057,96561.18,2.005,2.006,2.004,2.005,67652.55998200,2.00603,2.00617,2.00462,2.00549,12970.87061216
2025-12-07 14:51,2.0059,2.0059,2.0025,2.0038,16765.285067,2.00570000,2.00570000,2.00200000,2.00300000,33531.20000000,2.0057,2.0057,2.0046,2.0046,56.0,2.0057,2.0057,2.0018,2.0029,53571.37,2.005,2.005,2.002,2.003,83627.00472900,2.00528,2.00528,2.00231,2.00387,5434.20327619
2025-12-07 14:52,2.0037,2.0043,2.0022,2.0031,99072.038963,2.00310000,2.00330000,2.00170000,2.00250000,28288.80000000,2.0043,2.0043,2.0041,2.0041,16.0,2.0029,2.003,2.0014,2.0021,44294.08,2.003,2.003,2.001,2.003,64924.80554700,2.00329,2.00329,2.00183,2.00325,2091.53422371
2025-12-07 14:53,2.0028,2.0034,1.9998,2.0016,74090.572899,2.00240000,2.00270000,1.99890000,2.00090000,217945.40000000,2.0039,2.0039,2.0013,2.0013,99.98745995,2.0021,2.0026,1.9988,2.001,107336.41,2.002,2.003,1.999,2.001,119574.00715000,2.00249,2.00297,2.00071,2.00123,12057.07345809
2025-12-07 14:54,2.0017,2.0022,1.9996,2.0001,12402.061932,2.00100000,2.00150000,1.99870000,1.99940000,43745.60000000,,,,,,2.001,2.0017,1.999,1.9999,44528.14,2.001,2.001,1.999,2,82696.02401200,2.00076,2.00195,2.00054,2.00075,1062.11041102
2025-12-07 14:55,1.9999,2.0009,1.9969,1.9984,191831.0621,1.99940000,2.00020000,1.99690000,1.99780000,200252.80000000,2.0011,2.0011,1.9995,1.9995,44.0,1.9999,2.0001,1.9969,1.9979,104640.11,2,2.001,1.996,1.998,84076.57427000,2.00009,2.00009,1.99801,1.99801,90553.61883800999
2025-12-07 14:56,1.9986,1.9993,1.9963,1.9991,139029.665247,1.99790000,1.99880000,1.99610000,1.99850000,89753.00000000,1.9987,2.0004,1.9986,2.0004,1707.88978322,1.9979,1.9988,1.9961,1.9988,51079.08,1.998,1.998,1.996,1.998,103286.00342700,1.99762,1.99852,1.99691,1.99852,21929.29811766
2025-12-07 14:57,1.9992,2.0003,1.9979,1.9992,39862.707755,1.99860000,1.99990000,1.99800000,1.99880000,86534.10000000,2.0004,2.0005,2.0004,2.0005,8.0,1.9988,2.0002,1.9979,1.999,52150.01,1.999,2,1.997,1.998,58959.68322600,1.99873,1.99904,1.99829,1.99835,140344.05662344
2025-12-07 14:58,1.9992,2.0004,1.9987,2.0003,49920.017354,1.99870000,1.99980000,1.99820000,1.99970000,76303.80000000,2.0008,2.0009,2.0008,2.0009,1079.80007996,1.999,2,1.998,1.9998,39843.02,1.998,2,1.998,2,100446.92476200,1.99897,2.00007,1.9983,1.99987,16782.87278233
2025-12-07 14:59,2.0001,2.0011,1.9992,1.9998,212544.36977,1.99970000,2.00020000,1.99910000,1.99910000,130555.40000000,,,,,,1.9998,2.0005,1.9992,1.9995,75460.07,2,2,1.999,2,63249.01010300,1.99986,2.0,1.99944,1.99987,5153.31475588
2025-12-07 15:00,1.9996,2.0014,1.9988,2.0014,71588.996431,1.99910000,2.00160000,1.99850000,2.00130000,149408.70000000,2.0008,2.0021,2.0008,2.0021,66.0,1.9995,2.0017,1.999,2.0014,106979.76,1.999,2.002,1.999,2.002,151979.87498900,1.99986,2.00008,1.99904,2.00008,35730.6290029
2025-12-07 15:01,2.0014,2.003,2.0,2.0004,30898.563743,2.00140000,2.00260000,2.00000000,2.00010000,81592.90000000,2.0022,2.0032,2.0022,2.0032,221.555728,2.0014,2.0032,1.9998,2.0002,64971.39,2.002,2.003,2,2,128435.44978600,2.00008,2.00264,2.00008,2.00138,11408.73973633
2025-12-07 15:02,2.0002,2.0027,2.0002,2.0024,18095.531488,2.00010000,2.00260000,2.00000000,2.00200000,51025.80000000,2.0033,2.0033,2.0033,2.0033,4.0,2.0002,2.0028,1.9998,2.0019,59050.93,2,2.003,2,2.002,95168.92810200,2.00065,2.00211,2.00065,2.00211,1638.91578843
2025-12-07 15:03,2.0023,2.0024,2.0007,2.0022,27695.660122,2.00200000,2.00200000,2.00020000,2.00150000,307740.70000000,2.0028,2.0028,2.0028,2.0028,300.0,2.0019,2.0019,2.0001,2.0012,143211.55,2.002,2.002,2,2.001,89489.12368700,2.00191,2.00196,2.0015,2.00151,2240.33314569
2025-12-07 15:04,2.0022,2.0026,2.0013,2.002,22981.094181,2.00160000,2.00210000,2.00080000,2.00130000,281057.10000000,2.0034,2.0038,2.0034,2.0038,3000.0,2.0012,2.0018,2.0006,2.0011,115144.46,2.002,2.002,2.001,2.002,71072.25049100,2.00151,2.00203,2.00151,2.00184,4761.559223329999
2025-12-07 15:05,2.002,2.0052,2.0018,2.0052,20950.036706,2.00120000,2.00510000,2.00120000,2.00510000,426391.00000000,2.004,2.0051,2.004,2.0051,48.0,2.0011,2.005,2.001,2.0046,172223.17,2.002,2.005,2.001,2.005,107957.55342800,2.00151,2.00467,2.00151,2.00467,649.27336205
2025-12-07 15:06,2.0051,2.0125,2.0051,2.0117,97914.580953,2.00510000,2.01250000,2.00510000,2.01150000,338127.10000000,2.0077,2.0119,2.0077,2.0119,79.11716197,2.0046,2.0124,2.0046,2.0115,148305.41,2.005,2.012,2.005,2.011,128819.71334400,2.00567,2.01179,2.00567,2.01179,28834.1556215
2025-12-07 15:07,2.0117,2.0243,2.0116,2.0169,176940.543763,2.01150000,2.02400000,2.01120000,2.01660000,417990.10000000,2.0128,2.0254,2.0128,2.0254,475.05170938000003,2.0115,2.0242,2.011,2.017,175761.22,2.011,2.024,2.011,2.017,76393.38844000,2.01157,2.02266,2.01157,2.01807,18620.713540719997
2025-12-07 15:08,2.0169,2.0195,2.0133,2.0145,117891.705413,2.01650000,2.01910000,2.01410000,2.01420000,84343.30000000,2.0186,2.0186,2.017,2.017,48.0,2.017,2.0184,2.0139,2.0139,43139.51,2.016,2.019,2.015,2.015,68448.16243800,2.01807,2.01951,2.01636,2.01636,3141.46188595
2025-12-07 15:09,2.0143,2.0232,2.0136,2.021,233919.250832,2.01410000,2.02300000,2.01320000,2.02050000,120431.80000000,2.0179,2.0228,2.0179,2.0228,124.0,2.0139,2.0229,2.0132,2.0204,49007.09,2.014,2.023,2.014,2.021,99247.22919500,2.01592,2.02151,2.01433,2.02104,4606.92223451
2025-12-07 15:10,2.0213,2.0237,2.0188,2.0205,54142.289437,2.02060000,2.02380000,2.01830000,2.01990000,137310.60000000,2.0221,2.0221,2.0202,2.021,2405.62064905,2.0204,2.0232,2.0182,2.0198,59084.29,2.022,2.023,2.019,2.02,102505.36169700,2.02224,2.02235,2.01901,2.01985,2355.44359798
2025-12-07 15:11,2.0204,2.024,2.0197,2.0239,46858.825534,2.01990000,2.02400000,2.01940000,2.02400000,139442.80000000,2.0223,2.0232,2.0223,2.0232,54.0,2.0198,2.024,2.0194,2.0238,66180.23,2.02,2.024,2.019,2.024,124761.35493200,2.02014,2.02301,2.02013,2.02301,4398.56300579
2025-12-07 15:12,2.024,2.0309,2.024,2.0292,334236.056123,2.02400000,2.03050000,2.02390000,2.02870000,215195.20000000,2.0255,2.0314,2.0255,2.0314,653.53733335,2.0238,2.0305,2.0237,2.0283,99991.08,2.024,2.03,2.024,2.029,141106.85571200,2.02301,2.03102,2.02301,2.02943,45502.08296508
2025-12-07 15:13,2.0286,2.0299,2.0234,2.0243,87717.395094,2.02870000,2.03000000,2.02320000,2.02380000,138730.20000000,2.0285,2.0285,2.0249,2.0249,32.0,2.0283,2.0296,2.0227,2.0241,63269.64,2.029,2.03,2.023,2.024,134057.79741300,2.02942,2.02956,2.02406,2.02406,5496.85675511
2025-12-07 15:14,2.0245,2.0255,2.0227,2.023,35540.972677,2.02380000,2.02530000,2.02300000,2.02320000,54368.60000000,,,,,,2.0241,2.0251,2.0225,2.023,22005.94,2.024,2.025,2.023,2.023,112494.22036800,2.02481,2.02567,2.02406,2.02406,2142.56560086
2025-12-07 15:15,2.023,2.0268,2.0226,2.026,154994.565999,2.02310000,2.02680000,2.02270000,2.02570000,100495.70000000,2.0246,2.0282,2.0246,2.0264,850.0,2.023,2.0269,2.0223,2.0255,48127.02,2.023,2.028,2.023,2.026,111037.05553700,2.02407,2.02621,2.02407,2.0261,264.29206534
2025-12-07 15:16,2.0261,2.0261,2.0194,2.0209,129537.383004,2.02580000,2.02590000,2.01920000,2.02060000,157584.10000000,2.0255,2.0255,2.0201,2.0201,1488.0,2.0255,2.0255,2.0186,2.0201,58012.15,2.026,2.026,2.019,2.021,84938.59450600,2.02585,2.02585,2.02001,2.02085,1293.76350903
2025-12-07 15:17,2.021,2.0213,2.0163,2.0171,164376.631774,2.02060000,2.02080000,2.01610000,2.01670000,95793.30000000,2.02,2.02,2.0178,2.0178,146.0,2.0201,2.0208,2.0156,2.0164,44616.86,2.02,2.021,2.016,2.016,134273.97940800,2.02086,2.02128,2.01806,2.01815,2591.71232309
2025-12-07 15:18,2.0171,2.0191,2.017,2.0179,38606.650091,2.01670000,2.01860000,2.01660000,2.01740000,60407.70000000,2.018,2.018,2.018,2.018,50.0,2.0164,2.0185,2.0163,2.0175,39346.99,2.017,2.018,2.017,2.017,147472.81370400,2.01801,2.01846,2.01751,2.01846,19757.46302016
2025-12-07 15:19,2.0178,2.018,2.016,2.017,25595.304914,2.01730000,2.01730000,2.01550000,2.01640000,40764.90000000,2.0176,2.0176,2.0176,2.0176,8.0,2.0175,2.0175,2.015,2.0162,18508.26,2.017,2.017,2.015,2.016,144123.05332200,2.01751,2.01765,2.01678,2.01678,983.17424527
2025-12-07 15:20,2.0172,2.0182,2.0155,2.0171,23787.756287,2.01640000,2.01760000,2.01520000,2.01670000,49896.30000000,2.0171,2.0171,2.0167,2.0167,40.0,2.0162,2.0177,2.0149,2.0171,34093.22,2.016,2.017,2.015,2.017,70448.60501200,2.0178,2.0178,2.01658,2.017,893.74823333
2025-12-07 15:21,2.0171,2.0194,2.0171,2.0181,29623.597766,2.01680000,2.01900000,2.01680000,2.01740000,41944.30000000,2.0183,2.0193,2.0183,2.0193,141.0,2.0171,2.0191,2.0167,2.0175,41796.64,2.017,2.019,2.017,2.017,92649.39786800,2.0178,2.0187,2.01748,2.01748,5097.41160174
2025-12-07 15:22,2.018,2.021,2.018,2.021,17395.478793,2.01740000,2.02050000,2.01740000,2.02050000,43499.70000000,2.0197,2.0206,2.0197,2.0206,36.0,2.0175,2.0208,2.0175,2.0208,39161.75,2.018,2.02,2.018,2.02,77679.64919500,2.01894,2.02041,2.01875,2.02012,4054.51714616
2025-12-07 15:23,2.0211,2.0218,2.0198,2.0201,21559.506654,2.02050000,2.02150000,2.01970000,2.01980000,13712.50000000,2.0208,2.0217,2.0208,2.0217,16.0,2.0208,2.0217,2.0194,2.0195,31987.27,2.02,2.022,2.019,2.019,117733.34117800,2.02187,2.0221,2.01992,2.01992,2575.55540575
2025-12-07 15:24,2.0201,2.0203,2.0178,2.0193,16468.803617,2.01970000,2.01970000,2.01760000,2.01860000,22023.10000000,2.0206,2.0206,2.0197,2.0197,63.99999999,2.0195,2.0196,2.0174,2.0182,16526.89,2.019,2.019,2.017,2.019,85067.34303900,2.01936,2.01936,2.01901,2.01901,345.50356833
2025-12-07 15:25,2.0193,2.0205,2.0186,2.0194,17595.312976,2.01860000,2.02060000,2.01840000,2.01900000,18266.60000000,2.021,2.021,2.021,2.021,4.0,2.0182,2.0203,2.0181,2.0191,39674.02,2.019,2.021,2.018,2.019,77089.47744100,2.01935,2.02061,2.01923,2.01923,5220.3849898
2025-12-07 15:26,2.0195,2.0204,2.0185,2.0203,12624.253703,2.01900000,2.02020000,2.01840000,2.01980000,24275.50000000,,,,,,2.0191,2.0199,2.0182,2.0193,28118.62,2.019,2.02,2.018,2.02,51855.23802800,2.01923,2.01986,2.01922,2.01986,445.50019333
2025-12-07 15:27,2.0204,2.0209,2.0195,2.02,6433.17984,2.01990000,2.02040000,2.01930000,2.01970000,9830.00000000,2.0206,2.0206,2.0206,2.0206,50.0,2.0193,2.0203,2.019,2.0198,19464.27,2.02,2.02,2.019,2.02,39318.13241700,2.02075,2.02075,2.0196,2.02001,1715.16640333
2025-12-07 15:28,2.0198,2.0198,2.0174,2.0183,24800.575929,2.01970000,2.01970000,2.01720000,2.01780000,29017.20000000,2.0197,2.0197,2.0193,2.0193,66.0,2.0198,2.0198,2.0172,2.0178,26660.77,2.019,2.02,2.017,2.018,60166.93215700,2.01981,2.01981,2.01901,2.01901,6632.94460671
2025-12-07 15:29,2.0183,2.0186,2.0162,2.0175,49230.730462,2.01790000,2.01830000,2.01660000,2.01700000,49663.70000000,2.0192,2.0192,2.0169,2.0169,5068.69705455,2.0178,2.0183,2.0162,2.0167,29202.28,2.018,2.018,2.016,2.017,46860.72532900,2.01901,2.01901,2.01701,2.01753,14840.43437847
2025-12-07 15:30,2.0172,2.0193,2.0168,2.0182,71385.609438,2.01690000,2.01940000,2.01670000,2.01820000,43333.90000000,2.0193,2.0199,2.0193,2.0199,16.0,2.0167,2.0195,2.0165,2.0179,28982.92,2.017,2.019,2.016,2.019,56909.44396100,2.01732,2.01957,2.01723,2.01853,144.28921883
2025-12-07 15:31,2.0182,2.019,2.0174,2.0186,50415.923417,2.01810000,2.01870000,2.01720000,2.01860000,93233.10000000,,,,,,2.0179,2.0185,2.0172,2.0184,35716.19,2.019,2.019,2.017,2.018,52188.54439600,2.01817,2.01928,2.01816,2.01928,1607.5548712700001
2025-12-07 15:32,2.0186,2.0195,2.0171,2.0181,50380.653808,2.01860000,2.01920000,2.01670000,2.01760000,68840.20000000,2.0193,2.0193,2.0193,2.0193,580.0,2.0184,2.0191,2.0165,2.0177,29904.96,2.019,2.019,2.017,2.018,43109.60288400,2.0188,2.01914,2.01816,2.01816,35.13107136
2025-12-07 15:33,2.0181,2.0203,2.0172,2.0201,15159.561316,2.01760000,2.01970000,2.01660000,2.01970000,31891.20000000,2.02,2.02,2.02,2.02,4.0,2.0177,2.0197,2.0164,2.0197,23979.15,2.018,2.02,2.017,2.02,39620.16095700,2.01816,2.01905,2.01816,2.01905,2564.09253952
2025-12-07 15:34,2.0204,2.023,2.0197,2.0221,150358.421796,2.01980000,2.02290000,2.01920000,2.02200000,46337.70000000,2.0201,2.0238,2.0201,2.0238,902.0,2.0197,2.0229,2.0196,2.0218,34224.07,2.02,2.023,2.02,2.022,55930.76039000,2.02031,2.0235,2.02031,2.02325,2321.47142233
2025-12-07 15:35,2.0221,2.0251,2.0211,2.0233,116867.975731,2.02190000,2.02490000,2.02110000,2.02330000,40153.80000000,2.0228,2.0261,2.0228,2.0261,116.0,2.0218,2.0251,2.0209,2.023,46974.57,2.022,2.025,2.021,2.024,80529.86959100,2.02258,2.02559,2.02258,2.0236,12564.37573942
2025-12-07 15:36,2.0233,2.0241,2.0214,2.0229,42236.009293,2.02330000,2.02400000,2.02160000,2.02270000,20706.20000000,2.0251,2.0251,2.0251,2.0251,130.925547,2.023,2.0243,2.0215,2.023,30779.56,2.024,2.024,2.021,2.023,66614.51306500,2.02418,2.02463,2.02274,2.0231,1943.4660125799999
2025-12-07 15:37,2.0229,2.0247,2.0218,2.0243,41913.553135,2.02270000,2.02470000,2.02170000,2.02400000,96274.20000000,2.0252,2.0252,2.0252,2.0252,1174.29131005,2.023,2.0252,2.022,2.0241,54279.04,2.022,2.025,2.021,2.024,87650.99524300,2.02296,2.0231,2.02224,2.0231,3696.28690557
2025-12-07 15:38,2.0238,2.0246,2.0227,2.0246,19672.997875,2.02410000,2.02410000,2.02240000,2.02390000,49276.00000000,,,,,,2.0241,2.0246,2.0223,2.0238,37334.91,2.024,2.025,2.023,2.024,79045.47284700,2.02404,2.02448,2.0231,2.02405,20435.61197807
2025-12-07 15:39,2.0238,2.0242,2.0189,2.0193,35040.290549,2.02380000,2.02390000,2.01840000,2.01860000,44786.10000000,2.0239,2.0239,2.0212,2.0212,112.0,2.0238,2.0241,2.0181,2.0186,16597.16,2.024,2.024,2.018,2.019,57726.81087700,2.02466,2.02466,2.02001,2.02001,9471.6327517
2025-12-07 15:40,2.0193,2.0208,2.0178,2.0186,122687.135749,2.01870000,2.02020000,2.01830000,2.01830000,37551.50000000,2.0213,2.0213,2.0213,2.0213,312.0,2.0186,2.0207,2.0178,2.0184,20409.64,2.019,2.02,2.018,2.019,97942.11266100,2.02001,2.02066,2.01927,2.01929,903.9841100399999
2025-12-07 15:41,2.0185,2.0204,2.0185,2.02,23931.534864,2.01840000,2.02020000,2.01840000,2.01980000,20011.30000000,,,,,,2.0184,2.0201,2.0184,2.0199,30565.27,2.018,2.02,2.018,2.02,51749.06451000,2.02,2.02093,2.01907,2.02011,8745.14083425
2025-12-07 15:42,2.0202,2.0208,2.0196,2.0197,28808.612157,2.01970000,2.02040000,2.01940000,2.01950000,31635.80000000,2.0213,2.0214,2.0213,2.0214,1074.73111363,2.0199,2.0206,2.0197,2.0199,47917.91,2.02,2.021,2.019,2.019,75078.79633400,2.02022,2.02086,2.02011,2.02018,10056.58183753
2025-12-07 15:43,2.0199,2.0201,2.0189,2.0191,6583.371148,2.01950000,2.01980000,2.01880000,2.01880000,26555.60000000,2.0207,2.0207,2.0207,2.0207,50.0,2.0199,2.0203,2.0187,2.0188,19040.57,2.019,2.02,2.019,2.019,61968.33471200,2.02018,2.02018,2.02011,2.02011,57.27482
2025-12-07 15:44,2.0189,2.0193,2.0186,2.0191,13286.605576,2.01880000,2.01900000,2.01860000,2.01880000,26420.00000000,,,,,,2.0188,2.0192,2.0185,2.0189,14320.51,2.018,2.019,2.018,2.019,50106.63157600,2.02011,2.02012,2.02011,2.02012,453.67690862999996
2025-12-07 15:45,2.019,2.0194,2.0182,2.019,13683.385317,2.01870000,2.01900000,2.01800000,2.01860000,35508.80000000,2.0206,2.0206,2.0205,2.0205,1007.99999999,2.0189,2.0193,2.0184,2.019,68548.31,2.018,2.019,2.017,2.018,40689.28313400,2.02011,2.02012,2.0189,2.0189,988.29463846
2025-12-07 15:46,2.0191,2.0214,2.0191,2.0214,13515.749411,2.01870000,2.02120000,2.01870000,2.02110000,16361.60000000,2.0215,2.0216,2.0215,2.0216,8.0,2.019,2.0212,2.019,2.0212,13463.37,2.019,2.021,2.019,2.021,47157.23093400,2.01963,2.02,2.01963,2.02,5360.95817259
2025-12-07 15:47,2.0214,2.0214,2.0205,2.0213,14053.813562,2.02110000,2.02130000,2.02040000,2.02110000,10792.30000000,2.0217,2.0221,2.0217,2.0221,19.99999999,2.0212,2.0217,2.0206,2.0213,27886.02,2.021,2.022,2.02,2.021,77879.83304500,2.02,2.02152,2.01999,2.02141,2046.26929678
2025-12-07 15:48,2.0214,2.0225,2.0192,2.0192,19267.150937,2.02110000,2.02240000,2.01890000,2.01890000,56924.40000000,2.0221,2.0229,2.0215,2.0215,48.46000097,2.0213,2.0225,2.0185,2.019,42862.81,2.022,2.023,2.019,2.019,60716.94979200,2.02142,2.02289,2.0201,2.0201,320.95324466
2025-12-07 15:49,2.0198,2.022,2.0198,2.022,11728.651786,2.01900000,2.02180000,2.01900000,2.02180000,38594.30000000,,,,,,2.019,2.0221,2.019,2.022,27357.35,2.02,2.022,2.02,2.022,51168.10208500,2.01994,2.02104,2.01994,2.02092,112.1025
2025-12-07 15:50,2.022,2.0233,2.0218,2.0227,15889.215167,2.02170000,2.02280000,2.02170000,2.02250000,14066.10000000,2.0229,2.0237,2.0229,2.0237,32.00000001,2.022,2.0233,2.022,2.0231,14083.41,2.022,2.023,2.022,2.023,41691.43871900,2.0215,2.02347,2.0215,2.02303,745.43969161
2025-12-07 15:51,2.0228,2.0241,2.0226,2.024,9794.372432,2.02250000,2.02390000,2.02250000,2.02370000,11166.40000000,2.0238,2.0239,2.0238,2.0239,8.0,2.0231,2.0243,2.0228,2.024,12552.73,2.023,2.024,2.023,2.023,30727.70895400,2.0229,2.02432,2.0229,2.02432,737.76451621
2025-12-07 15:52,2.024,2.0266,2.0236,2.0266,58674.95829,2.02370000,2.02630000,2.02310000,2.02610000,42314.50000000,2.0244,2.0266,2.0244,2.0266,537.90033091,2.024,2.0269,2.0237,2.0265,21703.77,2.024,2.027,2.023,2.026,38517.01892500,2.02432,2.02552,2.02412,2.02552,848.5863986500001
2025-12-07 15:53,2.0265,2.0284,2.0248,2.0284,31606.811004,2.02610000,2.02840000,2.02420000,2.02840000,122694.60000000,2.0284,2.0301,2.0284,2.0301,62.0,2.0265,2.029,2.0247,2.0289,52506.73,2.026,2.029,2.025,2.029,46201.74031400,2.02599,2.02816,2.02599,2.02816,3643.6902832600003
2025-12-07 15:54,2.0286,2.0355,2.0286,2.0337,159573.559998,2.02850000,2.03550000,2.02850000,2.03370000,163127.90000000,2.0322,2.0371,2.0322,2.0371,411.1401193,2.0289,2.0359,2.0288,2.0338,146240.85,2.029,2.035,2.029,2.033,51338.65084400,2.02853,2.03454,2.02853,2.03378,6551.6232455
2025-12-07 15:55,2.0341,2.0506,2.0336,2.0499,272772.417777,2.03370000,2.05040000,2.03320000,2.04930000,756647.20000000,2.0383,2.0513,2.0383,2.0513,2263.24680849,2.0338,2.0502,2.0336,2.0498,382689.13,2.034,2.05,2.034,2.05,235245.20984800,2.03455,2.04982,2.03454,2.04981,26706.21904294
2025-12-07 15:56,2.0503,2.0507,2.0434,2.0443,234330.278337,2.04930000,2.05100000,2.04250000,2.04370000,176760.60000000,2.0467,2.0467,2.0456,2.0465,28.0,2.0498,2.0515,2.0429,2.0439,84504.09,2.05,2.05,2.043,2.044,76255.69273800,2.04982,2.04982,2.04354,2.04631,3500.3420462900003
2025-12-07 15:57,2.0442,2.0562,2.0441,2.0494,289485.358269,2.04370000,2.05570000,2.04320000,2.04830000,521542.80000000,2.0487,2.0561,2.0487,2.0523,3040.73529065,2.0439,2.0557,2.0435,2.0486,210587.67,2.043,2.055,2.043,2.048,153408.64306000,2.04633,2.05524,2.04633,2.04828,144143.70946207
2025-12-07 15:58,2.0492,2.0525,2.0476,2.0484,196179.114988,2.04840000,2.05200000,2.04670000,2.04780000,271156.60000000,2.0511,2.0518,2.0486,2.0486,2950.62064905,2.0486,2.0524,2.047,2.0478,107896.9,2.048,2.052,2.047,2.048,96261.47248900,2.04828,2.05088,2.04821,2.04835,24470.91038655
2025-12-07 15:59,2.0482,2.0541,2.0479,2.0527,189316.654845,2.04770000,2.05390000,2.04710000,2.05270000,247873.30000000,2.0505,2.0536,2.0505,2.0536,16.0,2.0478,2.0539,2.0472,2.0526,104074.93,2.048,2.054,2.048,2.053,91103.55122100,2.04835,2.05358,2.04835,2.05315,5703.67110428
2025-12-07 16:00,2.0529,2.0529,2.0489,2.05,166875.934217,2.05270000,2.05280000,2.04870000,2.05000000,262863.30000000,2.0533,2.0533,2.0526,2.0526,1740.0,2.0526,2.053,2.0486,2.0499,145770.71,2.053,2.053,2.049,2.05,217020.49257400,2.05305,2.05305,2.05001,2.05001,53752.5748695
2025-12-07 16:01,2.0502,2.053,2.0492,2.0501,97089.296916,2.05000000,2.05310000,2.04910000,2.05010000,187232.60000000,2.0535,2.0535,2.0512,2.0512,20.0,2.0499,2.053,2.0486,2.05,59809.27,2.05,2.053,2.049,2.05,167164.20700900,2.05028,2.05184,2.05,2.05057,3410.1929135200003
2025-12-07 16:02,2.0503,2.053,2.0475,2.048,60488.880944,2.05010000,2.05290000,2.04720000,2.04790000,59635.80000000,2.0532,2.0532,2.0501,2.0501,36.0,2.05,2.0526,2.0471,2.0474,52287.78,2.05,2.052,2.047,2.048,191078.97013000,2.05001,2.0518,2.04853,2.04853,436.11152733
2025-12-07 16:03,2.0479,2.0481,2.0458,2.0475,58680.100769,2.04790000,2.04790000,2.04560000,2.04740000,111715.30000000,2.0497,2.0497,2.0478,2.0478,88.0,2.0474,2.0479,2.0455,2.0471,48852.56,2.048,2.048,2.046,2.048,203725.78401400,2.04836,2.04836,2.04655,2.04736,3145.80054687
2025-12-07 16:04,2.0474,2.05,2.0461,2.0461,64948.641621,2.04740000,2.04950000,2.04570000,2.04580000,52035.80000000,2.0498,2.0498,2.0478,2.0478,44.0,2.0471,2.0496,2.0458,2.0458,25958.67,2.047,2.05,2.046,2.046,267666.14225800,2.04739,2.04992,2.04654,2.04654,84712.51703937
2025-12-07 16:05,2.046,2.0473,2.0446,2.0459,15030.204157,2.04570000,2.04690000,2.04410000,2.04580000,66707.20000000,2.0477,2.0477,2.0465,2.0465,64.0,2.0458,2.0466,2.0441,2.0457,25196.79,2.045,2.047,2.044,2.046,91004.29674700,2.04606,2.04685,2.04554,2.04581,9157.10806658
2025-12-07 16:06,2.046,2.0462,2.0425,2.044,38317.347555,2.04580000,2.04580000,2.04200000,2.04360000,69878.00000000,2.0456,2.0456,2.0446,2.0446,64.0,2.0457,2.0457,2.0416,2.0433,29840.74,2.045,2.045,2.042,2.044,95132.76111800,2.04556,2.04556,2.04354,2.04399,17461.61283164
2025-12-07 16:07,2.0441,2.0447,2.0432,2.0432,72816.310271,2.04360000,2.04450000,2.04260000,2.04260000,54196.20000000,,,,,,2.0433,2.0444,2.0423,2.0423,35317.06,2.044,2.045,2.043,2.043,158856.60258500,2.04399,2.04399,2.04354,2.04354,320.01341845
2025-12-07 16:08,2.0431,2.0438,2.0427,2.0434,49033.979963,2.04250000,2.04320000,2.04220000,2.04300000,55202.10000000,,,,,,2.0423,2.0433,2.0419,2.0427,41452.11,2.042,2.044,2.042,2.043,90999.60957100,2.04326,2.04326,2.04318,2.04318,6.09404
2025-12-07 16:09,2.0433,2.0442,2.0403,2.0406,37519.167729,2.04290000,2.04380000,2.04000000,2.04030000,102082.70000000,2.0437,2.0437,2.0426,2.0426,99.15404903999999,2.0427,2.0436,2.0396,2.0404,54885.18,2.043,2.044,2.04,2.04,136932.63399600,2.04314,2.04349,2.0401,2.04051,772.6753314
2025-12-07 16:10,2.0403,2.0419,2.04,2.0418,40576.029183,2.04020000,2.04150000,2.03910000,2.04140000,151999.10000000,2.0413,2.043,2.0413,2.043,100.0,2.0404,2.0414,2.0395,2.0413,102353.59,2.04,2.042,2.04,2.042,56375.47565500,2.04144,2.0417,2.04047,2.0417,718.6844682799999
2025-12-07 16:11,2.0417,2.0422,2.0403,2.0408,28349.311575,2.04140000,2.04190000,2.03960000,2.04010000,26831.70000000,2.043,2.043,2.043,2.043,100.0,2.0413,2.0423,2.0405,2.0406,102237.44,2.042,2.042,2.04,2.04,45219.43240400,2.04123,2.04165,2.04022,2.04022,1503.21243134
2025-12-07 16:12,2.0404,2.0456,2.0403,2.045,49547.521662,2.04010000,2.04500000,2.03950000,2.04460000,83275.70000000,2.0434,2.0448,2.0434,2.0448,78.0,2.0406,2.045,2.04,2.0442,116025.36,2.04,2.046,2.04,2.044,51198.96217300,2.04046,2.04517,2.04041,2.04517,652.02212292
2025-12-07 16:13,2.045,2.0469,2.0422,2.0422,35522.606356,2.04450000,2.04640000,2.04140000,2.04140000,96757.50000000,2.0455,2.0465,2.0436,2.0436,68.0,2.0442,2.0467,2.0413,2.0413,31579.57,2.045,2.046,2.042,2.042,47818.20024900,2.04498,2.046,2.04388,2.044,26110.277918990003
2025-12-07 16:14,2.042,2.0428,2.0415,2.0424,13311.021367,2.04130000,2.04250000,2.04110000,2.04190000,147753.20000000,2.0434,2.0434,2.0432,2.0432,16.0,2.0413,2.0424,2.0409,2.0414,56471.89,2.042,2.043,2.041,2.042,41327.88726700,2.04178,2.04291,2.04172,2.04291,13080.997948119999
2025-12-07 16:15,2.0424,2.0429,2.0385,2.0396,67099.670255,2.04190000,2.04310000,2.03810000,2.03920000,130454.60000000,2.0425,2.0425,2.0405,2.0405,96.0,2.0414,2.0428,2.0377,2.0386,61142.94,2.042,2.042,2.038,2.039,83944.22574200,2.04191,2.0422,2.03961,2.03962,1096.48799329
2025-12-07 16:16,2.0397,2.0422,2.0397,2.0415,24092.809521,2.03930000,2.04190000,2.03930000,2.04090000,40287.80000000,2.0419,2.0421,2.0419,2.0421,8.0,2.0386,2.0417,2.0386,2.0407,31444.45,2.04,2.042,2.04,2.04,67101.64095700,2.03999,2.04212,2.03999,2.04108,320.824894
2025-12-07 16:17,2.0415,2.0437,2.0414,2.0436,19318.993736,2.04090000,2.04320000,2.04080000,2.04310000,9068.60000000,2.0427,2.0434,2.0427,2.0434,24.0,2.0407,2.043,2.0405,2.043,23110.39,2.041,2.043,2.041,2.043,26344.43358500,2.0418,2.04316,2.04125,2.04316,976.09711566
2025-12-07 16:18,2.0434,2.0487,2.0434,2.0455,90958.908769,2.04320000,2.04830000,2.04280000,2.04540000,159022.60000000,2.0436,2.0454,2.0436,2.0454,48.0,2.043,2.0482,2.0426,2.0456,76083.08,2.043,2.048,2.043,2.045,79915.25243900,2.04335,2.04799,2.04335,2.04799,265.22104608
2025-12-07 16:19,2.0455,2.0475,2.0446,2.0446,117858.325387,2.04540000,2.04700000,2.04440000,2.04440000,177348.40000000,2.0472,2.0472,2.0472,2.0472,50.0,2.0456,2.0476,2.0446,2.0451,91369.79,2.046,2.047,2.045,2.045,98930.98464100,2.04546,2.04716,2.04546,2.04665,1586.66431393
2025-12-07 16:20,2.0446,2.0467,2.0443,2.0458,40736.925393,2.04450000,2.04680000,2.04400000,2.04590000,47345.10000000,,,,,,2.0451,2.0468,2.0442,2.0459,12527.75,2.044,2.046,2.044,2.045,5785.28845200,2.0452,2.04644,2.04478,2.0463,6399.6461296
2025-12-07 16:21,2.046,2.0463,2.0447,2.0448,34826.96267,2.04580000,2.04640000,2.04430000,2.04430000,46100.90000000,,,,,,2.0459,2.0465,2.0444,2.0444,24055.44,2.046,2.046,2.045,2.045,17643.03110500,2.04615,2.04616,2.04552,2.04554,333.61437138
2025-12-07 16:22,2.0447,2.0456,2.0436,2.0454,22357.169515,2.04430000,2.04540000,2.04300000,2.04500000,19186.40000000,2.0463,2.0463,2.0454,2.0454,40.0,2.0444,2.0452,2.0434,2.0452,29841.44,2.044,2.045,2.044,2.044,4693.12809700,2.04495,2.04501,2.04357,2.04501,3874.51726761
2025-12-07 16:23,2.0455,2.0458,2.0449,2.045,11612.771992,2.04500000,2.04510000,2.04440000,2.04460000,44118.90000000,,,,,,2.0452,2.0455,2.044,2.0447,31176.92,2.045,2.045,2.044,2.045,16829.28185800,2.045,2.04501,2.0447,2.04501,941.78596295
2025-12-07 16:24,2.045,2.0456,2.0439,2.0443,18789.989692,2.04450000,2.04520000,2.04340000,2.04380000,40327.90000000,,,,,,2.0447,2.0453,2.0431,2.0438,31803.84,2.044,2.045,2.043,2.043,16251.97204900,2.04501,2.04501,2.04431,2.04431,179.70899
2025-12-07 16:25,2.0446,2.0453,2.0444,2.0447,10548.191924,2.04380000,2.04490000,2.04370000,2.04410000,36823.40000000,,,,,,2.0438,2.0451,2.0435,2.0441,16704.09,2.044,2.045,2.044,2.045,39686.22852800,2.04421,2.04499,2.04407,2.04435,1434.9316242500001
2025-12-07 16:26,2.0445,2.045,2.043,2.045,13383.646391,2.04410000,2.04430000,2.04240000,2.04410000,28721.60000000,2.0453,2.0453,2.0447,2.0447,32.0,2.0441,2.0442,2.0422,2.0441,32525.67,2.043,2.044,2.042,2.044,40741.61875700,2.0442,2.0442,2.04419,2.0442,483.6183
2025-12-07 16:27,2.0448,2.0465,2.0441,2.0465,32576.197511,2.04410000,2.04630000,2.04340000,2.04600000,170118.00000000,2.0459,2.0465,2.0459,2.0465,16.0,2.0441,2.0462,2.0435,2.0459,70345.07,2.044,2.046,2.043,2.046,49154.97932500,2.0442,2.04525,2.0442,2.04524,156.57584438
2025-12-07 16:28,2.0466,2.047,2.0453,2.0459,11773.965537,2.04610000,2.04650000,2.04510000,2.04540000,17999.10000000,2.0466,2.0467,2.0466,2.0467,8.0,2.0459,2.0465,2.0451,2.046,33823.61,2.046,2.047,2.045,2.045,48534.32033600,2.04525,2.04525,2.04524,2.04525,36.39479
2025-12-07 16:29,2.0459,2.0475,2.0459,2.0475,6653.552078,2.04540000,2.04690000,2.04540000,2.04690000,13118.70000000,2.0468,2.0471,2.0468,2.0471,15.99999999,2.046,2.0472,2.0455,2.0472,18897.84,2.045,2.047,2.045,2.047,36389.33201700,2.04525,2.04525,2.04524,2.04525,3346.20593962
2025-12-07 16:30,2.0471,2.0478,2.0468,2.0478,21022.043926,2.04690000,2.04750000,2.04640000,2.04750000,16549.90000000,2.0471,2.0479,2.0471,2.0479,32.0,2.0472,2.048,2.0465,2.048,21847.06,2.047,2.048,2.046,2.047,42857.85871300,2.04525,2.04749,2.04525,2.04749,7344.39398443
2025-12-07 16:31,2.0479,2.0479,2.0408,2.0417,362172.408646,2.04760000,2.04760000,2.04050000,2.04070000,100874.50000000,2.0467,2.0467,2.0417,2.0421,2493.56568483,2.048,2.048,2.0402,2.0405,42553.07,2.048,2.048,2.04,2.04,95125.29500400,2.04749,2.04749,2.04055,2.04057,146763.3965165
2025-12-07 16:32,2.0415,2.042,2.0395,2.0402,436101.629951,2.04060000,2.04090000,2.03850000,2.03900000,175679.70000000,2.041,2.041,2.0407,2.0407,1437.0,2.0405,2.0409,2.0382,2.0391,70826.77,2.041,2.041,2.039,2.039,64299.64258700,2.04068,2.04071,2.03954,2.03955,1023.0792615600001
2025-12-07 16:33,2.0402,2.0444,2.0396,2.0435,414068.552464,2.03890000,2.04240000,2.03820000,2.04230000,116644.10000000,2.0405,2.0435,2.0405,2.0435,1467.99999999,2.0391,2.0429,2.0386,2.0427,56485.38,2.038,2.041,2.038,2.041,43874.73648400,2.03954,2.04219,2.03856,2.04212,1800.33687878
2025-12-07 16:34,2.0434,2.0477,2.0434,2.0441,332834.29105,2.04230000,2.04570000,2.04220000,2.04360000,271558.80000000,2.0437,2.0459,2.0437,2.0459,1942.89588581,2.0427,2.0462,2.0426,2.0443,176896.82,2.043,2.046,2.042,2.045,49223.87741700,2.0425,2.04586,2.0425,2.04487,2545.38863784
2025-12-07 16:35,2.0442,2.0447,2.0429,2.0439,38966.288379,2.04350000,2.04430000,2.04250000,2.04350000,34309.80000000,2.045,2.045,2.045,2.045,8.0,2.0443,2.0446,2.0426,2.0438,30844.28,2.043,2.044,2.043,2.044,124419.22680600,2.04448,2.04449,2.04356,2.04372,516.38510466
2025-12-07 16:36,2.0441,2.0498,2.0441,2.0488,47227.637223,2.04350000,2.04960000,2.04350000,2.04860000,51633.50000000,2.046,2.0492,2.046,2.0492,124.0,2.0438,2.0499,2.0436,2.0488,47005.73,2.043,2.049,2.043,2.049,95385.83289900,2.04449,2.04983,2.04449,2.04983,255.63902079000002
2025-12-07 16:37,2.0488,2.0493,2.0467,2.0471,21328.82495,2.04850000,2.04890000,2.04650000,2.04700000,26476.00000000,2.05,2.0502,2.05,2.0502,50.0,2.0488,2.049,2.0467,2.047,47857.61,2.048,2.049,2.047,2.047,169207.46259200,2.049,2.0492,2.04731,2.04758,7927.692598639999
2025-12-07 16:38,2.0471,2.0471,2.0451,2.0454,18211.091543,2.04690000,2.04690000,2.04500000,2.04510000,217885.90000000,2.0479,2.0479,2.0466,2.0466,138.0,2.047,2.047,2.0449,2.0452,95595.98,2.047,2.047,2.045,2.045,130501.04400300,2.04758,2.04758,2.04499,2.04499,995.83550065
2025-12-07 16:39,2.0455,2.0496,2.045,2.0483,159156.494918,2.04510000,2.04920000,2.04480000,2.04760000,85330.30000000,2.0481,2.0485,2.0481,2.0485,12.0,2.0452,2.05,2.0447,2.0483,48067.86,2.045,2.049,2.045,2.048,67704.78674200,2.04573,2.04935,2.04484,2.04935,403.12813
2025-12-07 16:40,2.0476,2.0478,2.0453,2.0456,88172.561435,2.04760000,2.04760000,2.04500000,2.04510000,55496.20000000,2.0476,2.0476,2.0472,2.0472,32.0,2.0483,2.0483,2.0451,2.0456,18053.81,2.047,2.048,2.045,2.045,104842.92127600,2.04735,2.04757,2.04517,2.04517,606.4384740099999
2025-12-07 16:41,2.0455,2.0463,2.0441,2.0456,13261.594038,2.04520000,2.04610000,2.04380000,2.04520000,41464.90000000,2.0468,2.0469,2.0459,2.0469,106.0,2.0456,2.0464,2.0442,2.0452,27330.62,2.045,2.046,2.044,2.045,42151.51585300,2.0447,2.04603,2.0447,2.04534,127.24265281
2025-12-07 16:42,2.0457,2.0458,2.0445,2.0451,8223.664098,2.04510000,2.04540000,2.04430000,2.04460000,13866.40000000,,,,,,2.0452,2.0457,2.0439,2.0447,30096.19,2.045,2.046,2.044,2.045,75510.28367500,2.04584,2.04584,2.04438,2.04509,298.33598
2025-12-07 16:43,2.0452,2.0472,2.0452,2.0467,34761.14313,2.04470000,2.04700000,2.04470000,2.04630000,17025.80000000,2.047,2.0472,2.047,2.0472,7.99999999,2.0447,2.0471,2.0447,2.0466,18999.01,2.045,2.047,2.045,2.046,84636.74609400,2.046,2.04719,2.046,2.04665,211.16826713999998
2025-12-07 16:44,2.0466,2.0474,2.0461,2.0469,22239.731113,2.04630000,2.04710000,2.04620000,2.04660000,36565.00000000,,,,,,2.0466,2.0475,2.0462,2.0468,16185.38,2.046,2.048,2.046,2.047,48520.28787300,2.04665,2.047,2.04665,2.047,44.71861
2025-12-07 16:45,2.0468,2.0474,2.0462,2.0465,16192.968753,2.04660000,2.04720000,2.04600000,2.04620000,8726.60000000,2.0472,2.0472,2.0472,2.0472,1e-08,2.0468,2.0474,2.0452,2.0458,123903.69,2.046,2.047,2.045,2.047,41072.84322100,2.047,2.047,2.04641,2.04642,49104.53387099
2025-12-07 16:46,2.0467,2.0482,2.0466,2.0481,17948.07485,2.04630000,2.04770000,2.04630000,2.04770000,14985.50000000,2.0474,2.048,2.0474,2.048,20.0,2.0458,2.0478,2.0458,2.0475,13446.58,2.046,2.048,2.046,2.047,29641.01718400,2.04642,2.04806,2.04642,2.04793,2181.54938
2025-12-07 16:47,2.0482,2.0484,2.0466,2.0466,14506.158612,2.04770000,2.04810000,2.04620000,2.04630000,12901.30000000,2.0481,2.0483,2.0481,2.0483,12.0,2.0475,2.0481,2.046,2.046,24752.15,2.047,2.048,2.046,2.046,33244.14500400,2.04793,2.04837,2.04646,2.04646,2363.38440548
2025-12-07 16:48,2.0466,2.0471,2.0455,2.0455,17980.756475,2.04620000,2.04660000,2.04510000,2.04510000,10588.40000000,,,,,,2.046,2.0468,2.0447,2.0451,8613.13,2.047,2.047,2.045,2.046,30833.72390400,2.04647,2.04683,2.0458,2.04591,156.59960153
2025-12-07 16:49,2.0455,2.0461,2.0448,2.0449,33257.407632,2.04510000,2.04580000,2.04460000,2.04500000,18168.90000000,2.0473,2.0473,2.0468,2.0468,48.0,2.0451,2.0461,2.0443,2.0445,15786.66,2.045,2.046,2.045,2.045,40139.36581500,2.04533,2.0459,2.04513,2.0459,377.64982929
2025-12-07 16:50,2.045,2.0461,2.0449,2.0458,17932.385291,2.04490000,2.04580000,2.04460000,2.04530000,7195.00000000,,,,,,2.0445,2.0455,2.0443,2.0452,11411.51,2.044,2.046,2.044,2.046,26124.80452800,2.04479,2.04591,2.04479,2.04542,233.69568352
2025-12-07 16:51,2.0456,2.0485,2.0456,2.0472,20026.240018,2.04530000,2.04760000,2.04530000,2.04670000,55268.30000000,2.0477,2.048,2.0477,2.048,14.77946131,2.0452,2.0474,2.0449,2.0466,27895.59,2.046,2.047,2.045,2.047,37232.44998300,2.04542,2.0462,2.04542,2.0462,270.30684503
2025-12-07 16:52,2.047,2.0471,2.0446,2.045,12929.253365,2.04680000,2.04680000,2.04460000,2.04460000,11427.60000000,,,,,,2.0466,2.0466,2.0444,2.0444,4267.62,2.047,2.047,2.044,2.045,25502.86086500,2.0462,2.0465,2.04472,2.04472,1569.42238992
2025-12-07 16:53,2.0447,2.0447,2.0425,2.0432,16260.240907,2.04460000,2.04460000,2.04220000,2.04290000,62486.30000000,2.0467,2.0467,2.0443,2.0443,346.0,2.0444,2.0444,2.0419,2.0427,38898.97,2.045,2.045,2.042,2.042,19442.25307400,2.04365,2.04365,2.04299,2.04299,1196.01235366
2025-12-07 16:54,2.0431,2.0442,2.0429,2.0435,19222.714846,2.04300000,2.04370000,2.04260000,2.04350000,14486.30000000,,,,,,2.0427,2.0438,2.0422,2.0433,9448.26,2.043,2.044,2.042,2.043,37338.33661100,2.04295,2.04383,2.0427,2.04309,5462.51390089
2025-12-07 16:55,2.0436,2.0443,2.0427,2.0442,6552.322575,2.04360000,2.04380000,2.04250000,2.04380000,8800.50000000,,,,,,2.0433,2.0436,2.0422,2.0436,9839.61,2.043,2.044,2.042,2.044,23237.19453500,2.04309,2.04383,2.04303,2.04381,3677.55409977
2025-12-07 16:56,2.0438,2.047,2.0434,2.047,23941.599622,2.04370000,2.04680000,2.04330000,2.04680000,21545.20000000,2.0452,2.0472,2.0452,2.0472,55.99999999,2.0436,2.0463,2.043,2.0463,15156.53,2.043,2.046,2.043,2.046,25607.26977100,2.04387,2.045,2.04386,2.045,413.76097501
2025-12-07 16:57,2.0472,2.0519,2.0472,2.0517,37627.897556,2.04690000,2.05180000,2.04690000,2.05150000,76107.90000000,2.0472,2.052,2.0472,2.052,29.2205387,2.0463,2.0516,2.0463,2.0513,41710.77,2.048,2.052,2.048,2.052,46939.05311900,2.0455,2.05206,2.0455,2.05142,27099.7183179
2025-12-07 16:58,2.052,2.0547,2.0496,2.053,145801.973985,2.05150000,2.05450000,2.04900000,2.05280000,353113.00000000,2.0522,2.0537,2.0515,2.0537,1184.28118493,2.0513,2.0545,2.0497,2.0525,159060.05,2.051,2.054,2.05,2.052,78996.86886000,2.05056,2.053,2.05056,2.053,3965.09914895
2025-12-07 16:59,2.0533,2.059,2.0526,2.059,92375.123189,2.05270000,2.05880000,2.05230000,2.05800000,81018.80000000,2.0544,2.0593,2.0544,2.0593,208.0,2.0525,2.0585,2.0521,2.0577,59489.46,2.053,2.058,2.052,2.058,51243.21347500,2.05318,2.05818,2.05295,2.05818,15158.34488579
2025-12-07 17:00,2.0587,2.0588,2.0551,2.0574,22128.640371,2.05800000,2.05840000,2.05480000,2.05740000,128440.60000000,2.0591,2.0593,2.0591,2.0593,8.0,2.0577,2.0588,2.0546,2.0567,163606.18,2.059,2.059,2.055,2.057,91133.28924300,2.05817,2.05843,2.05497,2.05756,2698.64112594
2025-12-07 17:01,2.0573,2.0583,2.0531,2.0531,101591.183609,2.05730000,2.05820000,2.05290000,2.05290000,93508.90000000,2.057,2.057,2.0555,2.0555,72.0,2.0567,2.0582,2.0523,2.0523,35772.71,2.057,2.058,2.053,2.053,137528.70088100,2.05689,2.05754,2.05353,2.05353,2167.02304092
2025-12-07 17:02,2.053,2.0586,2.0527,2.0564,61574.746269,2.05280000,2.05840000,2.05250000,2.05620000,127062.10000000,2.0544,2.0588,2.0544,2.0588,48.0,2.0523,2.058,2.052,2.056,55297.53,2.052,2.058,2.052,2.056,174384.84736500,2.05353,2.05866,2.05335,2.05651,2737.76525462
2025-12-07 17:03,2.0567,2.0581,2.0541,2.0556,26738.172876,2.05630000,2.05790000,2.05390000,2.05530000,60788.30000000,2.0558,2.0558,2.0553,2.0553,40.0,2.056,2.0574,2.0535,2.0553,35512.65,2.057,2.058,2.054,2.056,86849.33460000,2.05649,2.05763,2.05459,2.05459,9011.41701357
2025-12-07 17:04,2.0556,2.0587,2.0556,2.0574,25112.913354,2.05540000,2.05860000,2.05540000,2.05730000,35615.80000000,2.0563,2.0574,2.0563,2.0574,20.0,2.0553,2.0583,2.0553,2.0569,33848.7,2.056,2.059,2.056,2.057,121819.79684600,2.055,2.05879,2.055,2.05709,539.20397395
2025-12-07 17:05,2.0571,2.0583,2.0541,2.0541,72615.41371,2.05720000,2.05800000,2.05400000,2.05400000,39706.60000000,2.0565,2.0565,2.0558,2.0558,48.0,2.0569,2.0579,2.0536,2.0536,38005.61,2.057,2.058,2.054,2.054,110727.20168300,2.05718,2.05718,2.05424,2.05424,15560.0042308
2025-12-07 17:06,2.054,2.0555,2.0534,2.055,18968.231311,2.05390000,2.05490000,2.05340000,2.05480000,28299.90000000,2.0554,2.0554,2.0549,2.0549,48.0,2.0536,2.0549,2.0529,2.0544,19423.96,2.054,2.055,2.053,2.055,76063.78463100,2.05408,2.05525,2.05398,2.05525,2398.02993
2025-12-07 17:07,2.0548,2.055,2.0526,2.055,20981.52125,2.05470000,2.05480000,2.05260000,2.05480000,28869.90000000,2.0547,2.0557,2.0543,2.0557,28.0,2.0544,2.055,2.0522,2.055,22720.98,2.055,2.055,2.052,2.055,94383.66737800,2.05473,2.05493,2.05353,2.05398,10653.221452
2025-12-07 17:08,2.0549,2.0564,2.0539,2.0542,14843.194029,2.05480000,2.05610000,2.05370000,2.05380000,36802.50000000,2.0559,2.0568,2.0559,2.0568,32.0,2.055,2.0564,2.0534,2.0537,33430.32,2.054,2.056,2.053,2.053,84980.18038700,2.05449,2.05572,2.05409,2.05412,406.54479791
2025-12-07 17:09,2.0541,2.0541,2.0521,2.0529,48920.446893,2.05380000,2.05400000,2.05180000,2.05270000,59958.70000000,2.0543,2.0543,2.0536,2.0536,64.0,2.0537,2.0542,2.0516,2.0527,42295.35,2.053,2.054,2.052,2.053,116601.52665600,2.05353,2.05421,2.05325,2.05421,150.61121864
2025-12-07 17:10,2.053,2.0543,2.053,2.0541,32448.291745,2.05270000,2.05410000,2.05270000,2.05380000,70758.10000000,,,,,,2.0527,2.0541,2.0523,2.0534,32195.12,2.053,2.054,2.053,2.054,58761.22410100,2.05377,2.05426,2.05345,2.05389,9483.31837553
2025-12-07 17:11,2.0538,2.0583,2.0538,2.0581,27624.787699,2.05380000,2.05820000,2.05360000,2.05780000,76843.30000000,2.0553,2.0573,2.0553,2.0573,72.0,2.0534,2.0582,2.0534,2.0578,34432.86,2.054,2.059,2.054,2.058,46666.03952800,2.05389,2.05805,2.05388,2.05783,2154.47447684
2025-12-07 17:12,2.0581,2.0604,2.0572,2.0598,78504.007901,2.05790000,2.06030000,2.05740000,2.06000000,87698.40000000,2.0602,2.0602,2.0602,2.0602,4.0,2.0578,2.0605,2.0571,2.0598,48110.96,2.058,2.061,2.057,2.061,51971.00800700,2.05805,2.059,2.05804,2.059,89912.95733953
2025-12-07 17:13,2.0603,2.0607,2.0582,2.059,26176.413769,2.05990000,2.06040000,2.05810000,2.05880000,25515.80000000,2.0604,2.0613,2.0598,2.0598,116.75683499,2.0598,2.0605,2.0578,2.0585,35860.69,2.06,2.061,2.058,2.059,74009.85797200,2.059,2.05974,2.05838,2.05899,18119.24348816
2025-12-07 17:14,2.0589,2.0608,2.0588,2.0608,63832.939018,2.05870000,2.06060000,2.05860000,2.06050000,47551.10000000,,,,,,2.0585,2.0607,2.0585,2.0603,25300.66,2.059,2.061,2.058,2.06,49397.16881400,2.05916,2.06,2.05901,2.06,4589.07054542
2025-12-07 17:15,2.0608,2.0641,2.0603,2.0633,183787.385846,2.06050000,2.06370000,2.06040000,2.06320000,131114.90000000,2.0612,2.0638,2.0612,2.0625,128.0,2.0603,2.0643,2.0603,2.0633,60193.25,2.061,2.063,2.061,2.063,65884.76312100,2.06,2.06394,2.06,2.06371,43915.60259206
2025-12-07 17:16,2.0632,2.0721,2.0632,2.0693,439802.093579,2.06310000,2.07180000,2.06310000,2.06940000,409740.20000000,2.0638,2.0706,2.0638,2.0705,2956.64137802,2.0633,2.0719,2.0631,2.0689,149196.01,2.063,2.072,2.062,2.069,81091.65388900,2.06343,2.07,2.06322,2.06991,149017.17823454
2025-12-07 17:17,2.0694,2.0705,2.067,2.0675,162861.099117,2.06940000,2.06960000,2.06680000,2.06740000,134225.20000000,2.0687,2.0707,2.0684,2.0684,566.0,2.0689,2.0697,2.0666,2.0675,69594.57,2.069,2.07,2.067,2.067,80369.02920800,2.06965,2.06989,2.06776,2.0678,16705.97091843
2025-12-07 17:18,2.0676,2.0743,2.0665,2.0727,136824.008567,2.06750000,2.07390000,2.06640000,2.07280000,203452.40000000,2.0682,2.0738,2.0682,2.0738,1051.77939333,2.0675,2.074,2.0659,2.073,111174.25,2.067,2.074,2.066,2.073,102571.00356100,2.06779,2.07389,2.06779,2.07231,19481.4140399
2025-12-07 17:19,2.0728,2.0755,2.0687,2.0717,388395.089006,2.07290000,2.07530000,2.06870000,2.07140000,475393.30000000,2.0747,2.0747,2.0714,2.0727,1370.99429997,2.073,2.0758,2.0685,2.0712,200262.63,2.074,2.075,2.069,2.072,172042.07412700,2.07253,2.074,2.06851,2.07181,78908.49962176
2025-12-07 17:20,2.0719,2.0739,2.0684,2.0702,177591.94716,2.07150000,2.07410000,2.06830000,2.07020000,146987.50000000,2.0736,2.0736,2.0702,2.0702,20.0,2.0712,2.0746,2.0679,2.0698,59131.32,2.072,2.073,2.068,2.07,165009.92322200,2.07219,2.07219,2.07,2.07,23549.26197268
2025-12-07 17:21,2.0703,2.0741,2.07,2.074,87387.531423,2.07020000,2.07380000,2.06970000,2.07380000,314595.00000000,2.0714,2.0737,2.0714,2.0737,618.77262127,2.0698,2.0743,2.0693,2.0733,126352.82,2.07,2.074,2.07,2.073,131081.62647800,2.06939,2.07357,2.06939,2.07357,2696.2769147
2025-12-07 17:22,2.0735,2.076,2.073,2.0749,147098.925671,2.07370000,2.07560000,2.07310000,2.07490000,406388.40000000,2.0745,2.0756,2.0745,2.0746,333.2,2.0733,2.0759,2.0729,2.0753,174036.02,2.073,2.075,2.073,2.075,154056.08544500,2.07356,2.075,2.07356,2.07454,4230.56368512
2025-12-07 17:23,2.0753,2.0768,2.0713,2.076,161318.083349,2.07490000,2.07640000,2.07120000,2.07610000,125306.30000000,2.076,2.0767,2.0732,2.0732,120.88465841,2.0753,2.0765,2.0716,2.0759,44761.25,2.075,2.077,2.071,2.076,116642.37917800,2.075,2.07647,2.07135,2.075,94338.43841280999
2025-12-07 17:24,2.0763,2.079,2.0731,2.0765,476836.588343,2.07620000,2.07950000,2.07290000,2.07620000,369726.90000000,2.0768,2.0787,2.0751,2.0775,1419.98862782,2.0759,2.0791,2.0733,2.0765,274851.09,2.077,2.079,2.073,2.076,179963.97728600,2.075,2.07874,2.07331,2.07734,23766.61243479
2025-12-07 17:25,2.0765,2.0803,2.0765,2.0785,127515.293694,2.07630000,2.07970000,2.07620000,2.07830000,135813.50000000,2.0777,2.0811,2.0771,2.0771,354.0,2.0765,2.0802,2.0765,2.0786,56533.96,2.077,2.08,2.076,2.078,154347.61203000,2.07605,2.08,2.07605,2.0787,26924.80649986
2025-12-07 17:26,2.0786,2.0806,2.077,2.0801,133125.294774,2.07830000,2.07980000,2.07700000,2.07980000,157413.40000000,2.0791,2.08,2.0791,2.08,12.0,2.0786,2.0801,2.0773,2.08,61344.66,2.079,2.08,2.077,2.079,167121.07598500,2.07831,2.07994,2.07701,2.07921,11138.00540781
2025-12-07 17:27,2.08,2.0803,2.0763,2.0769,113591.172628,2.07980000,2.07980000,2.07600000,2.07640000,149769.90000000,2.0779,2.0779,2.0779,2.0779,8.0,2.08,2.0801,2.0763,2.0765,65423.96,2.08,2.08,2.076,2.077,149080.24680100,2.07921,2.08057,2.0761,2.0769,25980.40528572
2025-12-07 17:28,2.0767,2.0801,2.075,2.0781,35277.713625,2.07640000,2.07980000,2.07500000,2.07760000,134305.00000000,2.0776,2.0807,2.0768,2.0781,11204.27405107,2.0765,2.08,2.075,2.0775,52913.27,2.076,2.08,2.075,2.078,187803.59642500,2.07628,2.07874,2.07491,2.07683,1178.3778918
2025-12-07 17:29,2.0781,2.079,2.0762,2.0768,45276.897837,2.07770000,2.07870000,2.07610000,2.07630000,95910.30000000,2.0779,2.0779,2.0779,2.0779,8.0,2.0775,2.0789,2.0761,2.0768,62293.75,2.078,2.079,2.076,2.077,130029.37317500,2.07771,2.07859,2.0775,2.07751,8327.572993849999
2025-12-07 17:30,2.0768,2.0842,2.0768,2.082,158430.556882,2.07640000,2.08360000,2.07640000,2.08170000,523273.40000000,2.0793,2.085,2.0793,2.0833,864.77979231,2.0768,2.0838,2.0768,2.0816,230267.72,2.078,2.084,2.078,2.082,146179.54051400,2.07751,2.0838,2.07751,2.08194,24006.666074639998
2025-12-07 17:31,2.0821,2.0869,2.0816,2.0841,175399.876809,2.08170000,2.08690000,2.08140000,2.08420000,271245.10000000,2.0855,2.0878,2.0855,2.0862,10616.90949161,2.0816,2.0869,2.0815,2.0842,121433.58,2.082,2.086,2.082,2.084,186942.29087600,2.08148,2.08619,2.08148,2.08499,8470.77815656
2025-12-07 17:32,2.0845,2.0861,2.0836,2.085,189610.735416,2.08420000,2.08560000,2.08320000,2.08480000,207622.40000000,,,,,,2.0842,2.0855,2.083,2.0852,85466.36,2.085,2.085,2.083,2.085,101567.26837500,2.08502,2.0853,2.0837,2.08475,144912.7136764
2025-12-07 17:33,2.085,2.0898,2.085,2.0893,61540.930898,2.08470000,2.08990000,2.08470000,2.08930000,313776.50000000,2.0887,2.0887,2.0887,2.0887,4.0,2.0852,2.0898,2.0852,2.0897,122619.98,2.085,2.089,2.085,2.089,194249.27047900,2.085,2.08951,2.085,2.08951,27519.80969118
2025-12-07 17:34,2.0896,2.0944,2.0879,2.0908,425817.182505,2.08930000,2.09080000,2.08780000,2.09060000,331388.30000000,2.0901,2.092,2.0901,2.092,62.0,2.0897,2.0913,2.0879,2.0906,153726.83,2.09,2.091,2.088,2.091,187349.48344700,2.08951,2.0911,2.08837,2.09105,16516.24103819
2025-12-07 17:35,2.0907,2.0968,2.0907,2.0967,149027.872579,2.09050000,2.09620000,2.09040000,2.09620000,297645.00000000,2.0923,2.096,2.0923,2.0941,357.809361,2.0906,2.0965,2.0904,2.0963,133632.34,2.09,2.096,2.09,2.096,121988.27093700,2.0911,2.09653,2.09109,2.09653,44897.68627347
2025-12-07 17:36,2.0967,2.0967,2.0899,2.0904,309842.632823,2.09620000,2.09620000,2.08950000,2.08990000,279230.40000000,2.0953,2.0953,2.09,2.09,4436.3619398,2.0963,2.0965,2.0894,2.0898,97343.6,2.096,2.096,2.09,2.09,143459.41112000,2.09545,2.09551,2.09,2.09001,11585.21330115
2025-12-07 17:37,2.0901,2.0901,2.0867,2.0867,124571.667936,2.09000000,2.09000000,2.08630000,2.08690000,418032.20000000,2.0881,2.0893,2.0878,2.0878,5262.2671,2.0898,2.0898,2.0865,2.0865,167247.66,2.09,2.09,2.087,2.087,165476.51746300,2.09002,2.09002,2.0875,2.088,11634.69640367
2025-12-07 17:38,2.0874,2.0874,2.0838,2.0844,122685.115306,2.08690000,2.08690000,2.08300000,2.08410000,380512.70000000,2.0876,2.0876,2.0851,2.0851,338.0,2.0865,2.0867,2.0836,2.0836,157735.03,2.086,2.087,2.083,2.084,191908.32906200,2.08801,2.08801,2.085,2.085,94284.96024392
2025-12-07 17:39,2.0845,2.0885,2.0836,2.0866,144158.561029,2.08410000,2.08810000,2.08360000,2.08610000,67146.80000000,2.0849,2.0882,2.0849,2.0868,32.0,2.0836,2.0876,2.0831,2.0853,67520.12,2.084,2.088,2.084,2.086,142060.83729400,2.085,2.08758,2.085,2.08676,5833.53028953
2025-12-07 17:40,2.0866,2.0875,2.0841,2.0843,27217.939985,2.08610000,2.08720000,2.08390000,2.08430000,50202.00000000,2.0866,2.0866,2.0851,2.0851,64.0,2.0853,2.0869,2.084,2.084,46618.88,2.087,2.087,2.084,2.084,202509.04260700,2.08677,2.08682,2.085,2.08501,13750.134492250001
2025-12-07 17:41,2.0842,2.0844,2.08,2.0809,56401.431648,2.08420000,2.08420000,2.07980000,2.08070000,137980.50000000,2.085,2.085,2.0821,2.0821,10826.48965315,2.084,2.084,2.0795,2.0807,56373.51,2.084,2.084,2.08,2.081,186921.46815400,2.08501,2.08501,2.0805,2.0805,12816.35667114
2025-12-07 17:42,2.0809,2.087,2.0809,2.0863,82663.104694,2.08070000,2.08660000,2.08070000,2.08570000,196467.40000000,2.083,2.0856,2.083,2.0856,36.0,2.0807,2.0861,2.0807,2.0857,94027.03,2.081,2.087,2.081,2.086,188994.56776800,2.08106,2.08679,2.08106,2.08611,116198.95187656
2025-12-07 17:43,2.0866,2.088,2.0859,2.0871,203151.044553,2.08570000,2.08740000,2.08530000,2.08650000,92218.10000000,2.0866,2.0869,2.0866,2.0869,588.0,2.0857,2.0874,2.0849,2.0863,48623.23,2.086,2.088,2.085,2.087,146199.82097000,2.08609,2.08804,2.08609,2.08721,7129.56902301
2025-12-07 17:44,2.0871,2.0896,2.0869,2.087,191663.380312,2.08640000,2.08890000,2.08640000,2.08650000,117437.50000000,2.0873,2.0885,2.0873,2.0876,448.0,2.0863,2.0889,2.086,2.0861,39723.56,2.086,2.089,2.086,2.086,179351.32690600,2.08805,2.08919,2.08683,2.08683,1542.18866
2025-12-07 17:45,2.0869,2.0882,2.0844,2.0863,1068623.315286,2.08640000,2.08770000,2.08420000,2.08570000,176310.30000000,2.0881,2.0881,2.0855,2.0855,99.04328699999999,2.0861,2.0878,2.0842,2.0855,100244.35,2.086,2.088,2.084,2.086,101643.41347300,2.08741,2.08812,2.08605,2.08606,18381.16190964
2025-12-07 17:46,2.0863,2.0874,2.0845,2.0849,94562.00582,2.08570000,2.08610000,2.08420000,2.08470000,68823.00000000,2.0856,2.0856,2.0856,2.0856,250.0,2.0855,2.0857,2.0841,2.0848,22310.23,2.085,2.085,2.084,2.084,130655.11103100,2.08641,2.08641,2.08426,2.08513,6179.68330602
2025-12-07 17:47,2.0849,2.0909,2.0833,2.09,106454.507939,2.08470000,2.09060000,2.08310000,2.08970000,206692.30000000,2.0854,2.0892,2.0847,2.0892,104.0,2.0848,2.0907,2.0832,2.0897,84972.72,2.084,2.091,2.083,2.09,102940.24596100,2.0849,2.09,2.08376,2.09,22036.07328561
2025-12-07 17:48,2.09,2.0942,2.0895,2.0938,61727.638163,2.08980000,2.09360000,2.08940000,2.09340000,191074.10000000,2.0919,2.0928,2.0919,2.0928,24.0,2.0897,2.0934,2.0892,2.0934,84297.12,2.09,2.094,2.09,2.093,125723.08793400,2.08992,2.09414,2.08965,2.09356,24391.84695237
2025-12-07 17:49,2.0937,2.0939,2.0896,2.0918,262908.871073,2.09340000,2.09380000,2.08940000,2.09150000,217705.70000000,2.0932,2.0932,2.091,2.091,650.0,2.0934,2.0939,2.089,2.0916,90667.86,2.093,2.093,2.089,2.091,152615.02153200,2.09374,2.09409,2.08983,2.09148,8409.56667923
2025-12-07 17:50,2.0914,2.0928,2.09,2.09,39866.719577,2.09140000,2.09230000,2.08950000,2.08950000,107528.10000000,2.0924,2.0924,2.0913,2.0913,12.0,2.0916,2.0923,2.0892,2.0896,43407.48,2.092,2.092,2.09,2.09,83261.32182700,2.09127,2.09266,2.0902,2.0902,2137.68978281
2025-12-07 17:51,2.0902,2.0923,2.0898,2.0911,91107.904673,2.08960000,2.09180000,2.08910000,2.09080000,134628.20000000,2.0911,2.0911,2.0905,2.0905,46.0,2.0896,2.0919,2.089,2.0906,63573.23,2.09,2.092,2.089,2.091,108389.56973600,2.09004,2.09238,2.08999,2.09192,8653.98218081
2025-12-07 17:52,2.0911,2.0925,2.0905,2.0911,16427.97732,2.09070000,2.09190000,2.08990000,2.09090000,56916.20000000,2.0911,2.0911,2.0911,2.0911,100.0,2.0906,2.0922,2.0905,2.0913,27557.09,2.09,2.092,2.09,2.09,114938.59678100,2.09191,2.09243,2.09084,2.09163,75260.41936207
2025-12-07 17:53,2.0913,2.0924,2.0894,2.0894,98011.45571,2.09080000,2.09150000,2.08920000,2.08920000,139366.10000000,,,,,,2.0913,2.0919,2.0889,2.0889,50111.9,2.091,2.092,2.089,2.089,101763.46902300,2.09163,2.0922,2.09076,2.09097,1861.34912884
2025-12-07 17:54,2.0894,2.0901,2.0876,2.0882,43852.339764,2.08910000,2.08910000,2.08690000,2.08770000,61228.40000000,2.0904,2.0904,2.0892,2.0892,96.0,2.0889,2.0892,2.087,2.088,36183.18,2.089,2.089,2.087,2.088,76387.05762200,2.09096,2.09096,2.08752,2.08815,6137.73131648
2025-12-07 17:55,2.0881,2.0899,2.0867,2.0881,34263.139508,2.08780000,2.08920000,2.08650000,2.08780000,51418.90000000,2.0885,2.0885,2.0885,2.0885,580.0,2.088,2.089,2.0864,2.0875,25692.27,2.088,2.089,2.086,2.087,97981.30973700,2.08846,2.08954,2.08748,2.08826,562.41501979
2025-12-07 17:56,2.0878,2.0888,2.087,2.0871,40804.651481,2.08790000,2.08800000,2.08670000,2.08670000,28521.80000000,,,,,,2.0875,2.0882,2.0868,2.0872,21648.35,2.088,2.088,2.087,2.087,51972.04298600,2.08844,2.08844,2.0875,2.0881,1325.95769139
2025-12-07 17:57,2.0871,2.0901,2.0871,2.0901,52595.863787,2.08670000,2.08980000,2.08670000,2.08980000,235623.10000000,2.0898,2.0903,2.0898,2.0903,16.0,2.0872,2.09,2.087,2.09,98271.1,2.087,2.09,2.086,2.089,73743.51380900,2.0881,2.08888,2.08809,2.08888,1065.42476025
2025-12-07 17:58,2.0901,2.0907,2.0873,2.0875,30493.155271,2.08990000,2.09000000,2.08660000,2.08720000,88171.70000000,2.0893,2.0893,2.0893,2.0893,7.99999999,2.09,2.09,2.0871,2.0875,30578.77,2.089,2.09,2.087,2.087,75921.86934300,2.08888,2.09056,2.08887,2.08901,6340.7443614700005
2025-12-07 17:59,2.0874,2.0897,2.0874,2.0879,17264.780818,2.08730000,2.08900000,2.08730000,2.08750000,50818.90000000,,,,,,2.0875,2.0894,2.0872,2.0878,21809.73,2.087,2.089,2.087,2.087,70375.38317700,2.08901,2.0891,2.08807,2.08828,5203.5049659100005
2025-12-07 18:00,2.0879,2.0927,2.0879,2.0927,88179.548111,2.08750000,2.09230000,2.08750000,2.09220000,376874.70000000,2.0903,2.0934,2.0903,2.0934,48.0,2.0878,2.0926,2.0878,2.0926,91596.61,2.088,2.092,2.088,2.092,72473.98969600,2.08973,2.09273,2.08973,2.09273,1324.56220042
2025-12-07 18:01,2.0925,2.0938,2.0903,2.0915,156957.580326,2.09230000,2.09300000,2.09090000,2.09100000,150232.90000000,,,,,,2.0926,2.0932,2.0908,2.0908,62041.58,2.093,2.093,2.091,2.091,75117.75557200,2.09273,2.09363,2.09201,2.09241,2527.42232037
2025-12-07 18:02,2.0914,2.0932,2.0914,2.0925,26143.60184,2.09110000,2.09260000,2.09110000,2.09160000,37572.20000000,,,,,,2.0908,2.0926,2.0908,2.0917,54074.82,2.091,2.093,2.091,2.092,63350.48995200,2.09268,2.0928,2.092,2.09201,29026.0144196
2025-12-07 18:03,2.0924,2.0988,2.0921,2.0963,156243.517388,2.09170000,2.09860000,2.09170000,2.09630000,328838.70000000,2.0936,2.1,2.0936,2.1,183.58815015,2.0917,2.0989,2.0917,2.0959,126680.8,2.092,2.098,2.092,2.097,60204.17518300,2.0923,2.0975,2.0923,2.0975,9196.37477337
2025-12-07 18:04,2.0971,2.0984,2.095,2.0973,466843.548987,2.09620000,2.09800000,2.09470000,2.09740000,86656.60000000,2.0978,2.0978,2.0978,2.0978,500.0,2.0959,2.0985,2.0947,2.0972,66362.21,2.096,2.098,2.094,2.097,69933.15163000,2.09691,2.09792,2.09519,2.09782,7005.57408933
2025-12-07 18:05,2.0976,2.0983,2.0939,2.095,48629.492337,2.09750000,2.09800000,2.09340000,2.09430000,84668.50000000,2.0965,2.0965,2.0953,2.0953,32.0,2.0972,2.0984,2.0938,2.0942,33727.38,2.098,2.098,2.094,2.094,95381.33427100,2.09793,2.09793,2.09421,2.09509,113768.16560586
2025-12-07 18:06,2.095,2.0988,2.0944,2.0988,133205.737394,2.09440000,2.09810000,2.09390000,2.09810000,103799.10000000,2.0967,2.0978,2.0967,2.0978,16.0,2.0942,2.0986,2.0941,2.0982,42272.83,2.094,2.098,2.094,2.098,90256.27139200,2.09517,2.09884,2.09517,2.09883,1383.158893
2025-12-07 18:07,2.0984,2.0993,2.0977,2.0991,88565.437171,2.09810000,2.09900000,2.09740000,2.09890000,65625.30000000,2.0985,2.0995,2.0985,2.0995,50.0,2.0982,2.0992,2.0975,2.0988,33873.26,2.098,2.099,2.097,2.099,81348.16724800,2.09787,2.09947,2.09787,2.09938,1212.62748323
2025-12-07 18:08,2.0992,2.0992,2.0974,2.0975,28885.743048,2.09890000,2.09890000,2.09710000,2.09710000,97400.30000000,,,,,,2.0988,2.0992,2.0973,2.0973,37221.58,2.099,2.099,2.098,2.098,80163.59317900,2.09938,2.09938,2.09824,2.09872,810.30090185
2025-12-07 18:09,2.0975,2.1004,2.0975,2.1001,99403.695324,2.09710000,2.10030000,2.09710000,2.10000000,161672.70000000,2.1,2.1005,2.1,2.1005,206.1909361,2.0973,2.1004,2.0973,2.0997,69974.6,2.098,2.101,2.098,2.099,117255.31949300,2.09907,2.10029,2.09907,2.10029,13547.737709320001
2025-12-07 18:10,2.1001,2.1006,2.0982,2.0982,123752.693087,2.09990000,2.10050000,2.09780000,2.09800000,94030.70000000,2.1006,2.1006,2.1006,2.1006,4.0,2.0997,2.1006,2.0976,2.098,41300.06,2.1,2.1,2.098,2.098,97408.29335500,2.10055,2.10055,2.09843,2.09843,57821.02504805
2025-12-07 18:11,2.0985,2.0994,2.0959,2.0988,48891.759197,2.09810000,2.09910000,2.09630000,2.09870000,88121.20000000,2.0997,2.1008,2.0985,2.1008,670.0,2.098,2.0996,2.0962,2.0991,48886.89,2.098,2.099,2.097,2.098,102581.88418700,2.0983,2.09939,2.09697,2.09902,7239.60806149
2025-12-07 18:12,2.0987,2.1009,2.0987,2.0998,78325.980383,2.09860000,2.10000000,2.09850000,2.09920000,223965.90000000,,,,,,2.0991,2.1004,2.0983,2.0991,89805.09,2.098,2.1,2.098,2.099,83627.85968600,2.09902,2.10053,2.09902,2.09966,707.9589499
2025-12-07 18:13,2.0993,2.0996,2.0973,2.0979,76914.613072,2.09930000,2.09930000,2.09730000,2.09780000,67720.30000000,,,,,,2.0991,2.0996,2.0971,2.098,33895.29,2.1,2.1,2.097,2.098,109799.43041900,2.09899,2.09932,2.09781,2.09848,43409.89409726
2025-12-07 18:14,2.0982,2.1027,2.0982,2.1023,103102.168776,2.09790000,2.10230000,2.09790000,2.10180000,110856.00000000,2.1009,2.1025,2.1009,2.1025,124.91708298,2.098,2.1025,2.0977,2.1019,46771.65,2.098,2.102,2.098,2.102,96964.22842300,2.09959,2.10167,2.09959,2.10167,8626.53653935
2025-12-07 18:15,2.1018,2.1071,2.1018,2.1027,349278.24758,2.10180000,2.10580000,2.10140000,2.10190000,189119.50000000,2.103,2.106,2.103,2.106,206.99372205,2.1019,2.1059,2.1013,2.102,92604.2,2.102,2.105,2.102,2.102,117411.20230600,2.10167,2.10645,2.10167,2.10264,19416.86740973
2025-12-07 18:16,2.1022,2.1023,2.0998,2.1019,88527.66812,2.10190000,2.10190000,2.09920000,2.10160000,89220.30000000,2.1033,2.1033,2.1022,2.1022,40.0,2.102,2.102,2.0995,2.1013,43115.74,2.102,2.102,2.099,2.101,88721.13002400,2.10227,2.10227,2.10046,2.10094,4271.69730667
2025-12-07 18:17,2.102,2.1048,2.102,2.1047,38163.696166,2.10170000,2.10450000,2.10170000,2.10450000,63560.10000000,2.1033,2.104,2.1033,2.104,20.0,2.1013,2.1048,2.1013,2.1046,50524.99,2.101,2.105,2.101,2.104,87138.33297600,2.10231,2.10505,2.10231,2.10505,17615.45831754
2025-12-07 18:18,2.1044,2.11,2.1042,2.11,287721.601422,2.10440000,2.10950000,2.10360000,2.10940000,158361.40000000,2.1053,2.1091,2.1053,2.1091,184.89650799999998,2.1046,2.1097,2.1033,2.1094,73133.1,2.105,2.109,2.104,2.109,78756.97239900,2.1046,2.11,2.1046,2.11,9384.82139647
2025-12-07 18:19,2.1099,2.1114,2.1078,2.1085,498685.405973,2.10950000,2.11070000,2.10720000,2.10790000,136443.60000000,2.11,2.111,2.11,2.111,165.1,2.1094,2.1109,2.1073,2.1084,48169.62,2.109,2.111,2.107,2.108,82297.97238900,2.10975,2.11041,2.10801,2.1104,72726.4072283
2025-12-07 18:20,2.1084,2.1084,2.1041,2.1043,26749.738575,2.10790000,2.10790000,2.10380000,2.10410000,56607.90000000,2.109,2.109,2.1065,2.1065,80.0,2.1084,2.1084,2.1037,2.1037,73394.7,2.107,2.108,2.104,2.104,45068.78963700,2.1076,2.10855,2.10562,2.10563,950.0937063
2025-12-07 18:21,2.1046,2.1059,2.1041,2.1042,31294.948901,2.10400000,2.10560000,2.10370000,2.10370000,44839.80000000,2.1057,2.1057,2.1057,2.1057,50.0,2.1037,2.1054,2.1031,2.1031,51162.47,2.104,2.105,2.104,2.104,14979.98767100,2.10562,2.10583,2.10447,2.10447,40034.05133673
2025-12-07 18:22,2.104,2.1045,2.1025,2.1029,39181.822643,2.10360000,2.10360000,2.10220000,2.10240000,46808.70000000,2.1042,2.1042,2.1042,2.1042,8.0,2.1031,2.1034,2.1019,2.1026,19346.74,2.103,2.104,2.102,2.102,4283.46934300,2.10447,2.10447,2.10298,2.10298,1217.63047008
2025-12-07 18:23,2.1028,2.105,2.1027,2.1045,49882.994704,2.10250000,2.10440000,2.10240000,2.10400000,79924.10000000,,,,,,2.1026,2.1043,2.1021,2.1037,37365.19,2.103,2.104,2.102,2.104,20549.31962600,2.10298,2.10467,2.10297,2.10432,2611.41882227
2025-12-07 18:24,2.1044,2.1096,2.1044,2.1077,30858.237886,2.10390000,2.10820000,2.10390000,2.10740000,40519.70000000,2.1054,2.1071,2.1054,2.1071,56.0,2.1037,2.1082,2.1037,2.1071,36097.15,2.103,2.108,2.103,2.108,6784.06701200,2.10432,2.10829,2.10432,2.10762,4309.20276881
2025-12-07 18:25,2.1074,2.1101,2.1058,2.1097,43412.919719,2.10730000,2.10990000,2.10540000,2.10940000,147184.70000000,2.1092,2.1101,2.1092,2.1101,24.0,2.1071,2.11,2.1054,2.1094,61462.47,2.107,2.11,2.105,2.11,49932.75219100,2.10738,2.11039,2.10616,2.10998,38327.64695786
2025-12-07 18:26,2.1096,2.1106,2.1081,2.1088,36332.066752,2.10930000,2.11040000,2.10800000,2.10850000,41948.10000000,2.1102,2.1102,2.1102,2.1102,4.0,2.1094,2.1103,2.1076,2.1085,31785.03,2.109,2.11,2.108,2.109,70427.78076000,2.10953,2.11041,2.10799,2.10932,27997.838267900002
2025-12-07 18:27,2.1092,2.1092,2.1078,2.1084,38697.397411,2.10860000,2.10870000,2.10760000,2.10810000,35897.60000000,,,,,,2.1085,2.1092,2.1074,2.1081,42697.41,2.109,2.109,2.107,2.108,66786.75479000,2.10931,2.10931,2.10796,2.10848,1693.13410899
2025-12-07 18:28,2.1084,2.1088,2.1057,2.1064,59520.04429,2.10810000,2.10830000,2.10540000,2.10610000,52243.70000000,2.1091,2.1091,2.1075,2.1075,96.0,2.1081,2.1082,2.1051,2.106,40339.26,2.108,2.108,2.106,2.106,64688.46267900,2.1082,2.10834,2.10596,2.10596,1814.95878707
2025-12-07 18:29,2.1064,2.1067,2.1035,2.1042,16271.764096,2.10600000,2.10640000,2.10320000,2.10370000,37148.60000000,2.1065,2.1065,2.1043,2.1043,30140.0,2.106,2.1064,2.1029,2.1038,10128.48,2.106,2.106,2.103,2.103,42702.97216000,2.10696,2.10733,2.10418,2.10418,1879.78872559
2025-12-07 18:30,2.1043,2.1064,2.1043,2.1055,23540.809308,2.10380000,2.10560000,2.10380000,2.10500000,38282.10000000,,,,,,2.1038,2.1059,2.1037,2.1052,44496.65,2.104,2.106,2.104,2.105,65124.32974100,2.10418,2.10617,2.10418,2.10544,8983.66123589
2025-12-07 18:31,2.1054,2.1066,2.1044,2.105,41575.091977,2.10500000,2.10620000,2.10420000,2.10430000,89713.10000000,2.1062,2.1062,2.1062,2.1062,4.0,2.1052,2.1063,2.1041,2.1048,46119.22,2.105,2.107,2.104,2.105,68347.96287800,2.10544,2.10652,2.10527,2.10527,631.24316405
2025-12-07 18:32,2.1047,2.1071,2.1042,2.1061,28328.50091,2.10430000,2.10680000,2.10360000,2.10580000,85346.30000000,2.1053,2.1069,2.105,2.1069,262.0,2.1048,2.107,2.1039,2.1059,38447.96,2.104,2.107,2.103,2.106,89764.63863100,2.10527,2.10698,2.10527,2.10604,31162.59603603
2025-12-07 18:33,2.106,2.1078,2.105,2.1072,13724.707096,2.10570000,2.10760000,2.10490000,2.10690000,46078.00000000,2.1066,2.1078,2.1064,2.1073,2028.0,2.1059,2.1076,2.1048,2.1066,27551.45,2.105,2.108,2.105,2.107,62974.72133900,2.10548,2.10834,2.10548,2.10707,1014.98739019
2025-12-07 18:34,2.1071,2.1083,2.1048,2.1053,71538.653339,2.10680000,2.10740000,2.10470000,2.10470000,30615.30000000,2.1064,2.1064,2.1055,2.1055,50.0,2.1066,2.1074,2.1046,2.1046,36862.09,2.107,2.107,2.104,2.104,64658.41907500,2.10707,2.10769,2.10547,2.10547,852.43922106
2025-12-07 18:35,2.1051,2.1066,2.1048,2.1053,74976.622332,2.10470000,2.10610000,2.10450000,2.10510000,54800.50000000,,,,,,2.1046,2.1059,2.1043,2.1048,32058.88,2.105,2.105,2.104,2.105,40170.26107000,2.10547,2.10632,2.10526,2.10543,13981.81880108
2025-12-07 18:36,2.1053,2.1072,2.1049,2.1061,9194.83831,2.10510000,2.10680000,2.10460000,2.10600000,76335.90000000,2.1069,2.1069,2.1069,2.1069,4.0,2.1048,2.1067,2.1044,2.1055,40574.41,2.104,2.107,2.104,2.106,61883.20281200,2.10527,2.10615,2.10527,2.10614,21412.7388899
2025-12-07 18:37,2.1061,2.1068,2.1056,2.1058,54375.599143,2.10600000,2.10640000,2.10510000,2.10530000,37502.40000000,,,,,,2.1055,2.1064,2.1048,2.1051,36767.09,2.105,2.107,2.105,2.105,68991.02238200,2.1059,2.10614,2.10554,2.10576,999.22762
2025-12-07 18:38,2.1059,2.1059,2.1035,2.1036,48237.619325,2.10540000,2.10540000,2.10310000,2.10320000,71141.80000000,2.1059,2.1059,2.1052,2.1052,48.0,2.1051,2.1055,2.1029,2.1032,30371.71,2.106,2.106,2.103,2.103,80650.68315000,2.10575,2.10576,2.10332,2.10334,39051.941593409996
2025-12-07 18:39,2.1035,2.1035,2.0983,2.0986,63367.699285,2.10310000,2.10310000,2.09790000,2.09840000,172294.60000000,2.1051,2.1051,2.1002,2.1002,269.99999999,2.1032,2.1032,2.0975,2.0981,58971.23,2.103,2.103,2.098,2.099,24954.58159900,2.10301,2.10301,2.09841,2.09841,29636.480410940003
2025-12-07 18:40,2.0987,2.0995,2.0973,2.0986,538959.521021,2.09840000,2.09930000,2.09700000,2.09830000,210522.60000000,2.0996,2.0996,2.0994,2.0994,2000.0,2.0981,2.0991,2.0971,2.0981,91153.31,2.099,2.099,2.098,2.098,70142.56434700,2.09858,2.09895,2.09841,2.09841,11732.08485124
2025-12-07 18:41,2.0985,2.1006,2.0979,2.1006,30877.102187,2.09830000,2.10050000,2.09760000,2.10050000,74761.80000000,2.1003,2.1003,2.1003,2.1003,4.0,2.0981,2.1007,2.0973,2.1007,35693.04,2.098,2.1,2.098,2.1,48547.78109100,2.09841,2.1,2.09841,2.1,1870.92372393
2025-12-07 18:42,2.1006,2.1019,2.1001,2.1004,28136.458024,2.10050000,2.10140000,2.09950000,2.10020000,70987.60000000,2.1006,2.1012,2.1006,2.1012,12.0,2.1007,2.1014,2.0995,2.1002,28379.22,2.1,2.102,2.1,2.1,66932.44368800,2.1,2.1,2.1,2.1,62308.328164829996
2025-12-07 18:43,2.1007,2.101,2.0994,2.0994,19186.289547,2.10030000,2.10080000,2.09900000,2.09910000,50719.00000000,2.1004,2.1004,2.1004,2.1004,113.552542,2.1002,2.1008,2.0989,2.0989,22884.83,2.1,2.101,2.099,2.099,51374.32169300,2.1,2.1,2.09896,2.09919,100201.93676352
2025-12-07 18:44,2.0994,2.0996,2.0981,2.0991,139623.932791,2.09900000,2.09960000,2.09810000,2.09920000,62754.50000000,2.1003,2.1003,2.0995,2.0995,97.99999998999999,2.0989,2.0996,2.0979,2.099,30920.98,2.099,2.1,2.098,2.099,40772.13039900,2.09858,2.09858,2.09848,2.09848,786.431434
2025-12-07 18:45,2.0992,2.1023,2.099,2.1022,195842.762507,2.09920000,2.10180000,2.09910000,2.10170000,67836.60000000,2.101,2.1018,2.101,2.1018,32.0,2.099,2.1021,2.0989,2.1021,25213.71,2.1,2.102,2.099,2.102,74037.57725500,2.09899,2.10162,2.09899,2.10162,82955.90324947001
2025-12-07 18:46,2.102,2.1029,2.1007,2.1019,44511.298825,2.10180000,2.10230000,2.10050000,2.10180000,27231.40000000,2.1019,2.1023,2.1019,2.1023,210.37193917,2.1021,2.1025,2.1004,2.1013,24563.87,2.102,2.103,2.1,2.102,68991.89000000,2.1022,2.10256,2.1018,2.1018,1150.82638558
2025-12-07 18:47,2.1019,2.1046,2.1019,2.1035,14436.019302,2.10180000,2.10420000,2.10180000,2.10340000,42128.70000000,2.1024,2.1035,2.1024,2.1035,36.0,2.1013,2.1045,2.1013,2.1037,23066.3,2.102,2.104,2.102,2.103,82274.72099800,2.1018,2.10415,2.1018,2.10344,674.34443778
2025-12-07 18:48,2.1035,2.1046,2.1032,2.1035,114931.694694,2.10340000,2.10430000,2.10340000,2.10350000,12533.10000000,,,,,,2.1037,2.1043,2.1033,2.1033,21512.08,2.104,2.105,2.103,2.103,44286.21404700,2.10386,2.10479,2.10324,2.10401,28285.252536710002
2025-12-07 18:49,2.1039,2.1054,2.1037,2.1042,6736.810581,2.10340000,2.10500000,2.10330000,2.10400000,27731.60000000,2.1043,2.1047,2.1043,2.1047,12.0,2.1033,2.1052,2.103,2.1039,22723.61,2.103,2.106,2.103,2.104,52699.75808600,2.10401,2.10529,2.10401,2.10511,26976.09672478
2025-12-07 18:50,2.1041,2.1054,2.1024,2.1029,30131.377367,2.10390000,2.10500000,2.10200000,2.10240000,157585.90000000,2.1038,2.1038,2.1036,2.1036,24.0,2.1039,2.1049,2.1019,2.1026,73606.24,2.103,2.105,2.102,2.103,66608.38946500,2.10503,2.10572,2.10284,2.10295,69799.54864456
2025-12-07 18:51,2.1027,2.1047,2.1019,2.1047,36616.267463,2.10240000,2.10430000,2.10170000,2.10410000,24939.00000000,2.1033,2.1033,2.1031,2.1031,16.0,2.1026,2.1046,2.1016,2.1046,27933.32,2.102,2.105,2.101,2.105,20781.69805100,2.10295,2.10475,2.10295,2.10453,14418.23199304
2025-12-07 18:52,2.1047,2.1111,2.1047,2.1078,106604.558761,2.10420000,2.11090000,2.10420000,2.10780000,143568.00000000,2.1047,2.1105,2.1047,2.1105,185.737423,2.1046,2.1114,2.1046,2.1078,66343.98,2.105,2.111,2.105,2.108,90678.82871000,2.10618,2.10999,2.10618,2.10803,20358.60986304
2025-12-07 18:53,2.1082,2.1095,2.1057,2.1068,77910.596286,2.10790000,2.10890000,2.10570000,2.10640000,64898.50000000,,,,,,2.1078,2.109,2.1059,2.1062,34532.84,2.108,2.109,2.105,2.107,62009.52652200,2.1074,2.10911,2.10585,2.10664,11649.721402269999
2025-12-07 18:54,2.1066,2.1076,2.1056,2.1072,40805.703241,2.10640000,2.10740000,2.10540000,2.10680000,39354.10000000,2.1071,2.1071,2.1069,2.1069,24.0,2.1062,2.1073,2.1054,2.1071,23008.07,2.106,2.107,2.106,2.107,56984.38932600,2.10651,2.10741,2.10648,2.10727,7678.079604920001
2025-12-07 18:55,2.1072,2.1078,2.1063,2.1069,21193.574215,2.10680000,2.10720000,2.10600000,2.10670000,57447.10000000,,,,,,2.1071,2.1074,2.106,2.1066,38280.22,2.107,2.107,2.106,2.107,78671.81249900,2.10727,2.1077,2.10726,2.10727,3702.5142920199996
2025-12-07 18:56,2.1069,2.1074,2.1047,2.1052,18674.447522,2.10670000,2.10710000,2.10420000,2.10480000,43344.50000000,2.1068,2.1068,2.1057,2.1057,64.0,2.1066,2.1073,2.1044,2.1047,35174.73,2.107,2.108,2.105,2.105,105200.43535100,2.10729,2.10729,2.105,2.1056,6608.74369186
2025-12-07 18:57,2.1049,2.106,2.1035,2.106,25993.181901,2.10480000,2.10580000,2.10340000,2.10580000,63467.70000000,2.1056,2.1057,2.1045,2.1057,1175.0,2.1047,2.1061,2.1034,2.1057,34311.21,2.105,2.106,2.103,2.106,97523.24388100,2.10501,2.10516,2.10454,2.10455,59010.555935189994
2025-12-07 18:58,2.106,2.1075,2.1055,2.1058,32457.686296,2.10590000,2.10700000,2.10550000,2.10590000,33287.70000000,2.1065,2.1069,2.1065,2.1069,20.0,2.1057,2.1071,2.1056,2.106,19460.63,2.106,2.108,2.105,2.105,67695.02414800,2.10455,2.10728,2.10455,2.10641,27824.4128865
2025-12-07 18:59,2.1061,2.1063,2.1036,2.1037,27302.614946,2.10590000,2.10600000,2.10350000,2.10350000,23623.10000000,2.106,2.106,2.1051,2.1051,48.0,2.106,2.106,2.1031,2.1031,35391.54,2.106,2.106,2.104,2.104,97455.16572500,2.10642,2.10642,2.10422,2.10423,3127.49346767
2025-12-07 19:00,2.1037,2.1073,2.1037,2.1061,84841.629331,2.10360000,2.10640000,2.10360000,2.10560000,69103.90000000,2.1063,2.1067,2.1063,2.1067,12.0,2.1031,2.1065,2.1031,2.1056,47334.3,2.105,2.107,2.104,2.106,53034.30887800,2.10423,2.10676,2.1042,2.10605,4702.0065524
2025-12-07 19:01,2.1062,2.1073,2.1052,2.1056,486006.797049,2.10560000,2.10690000,2.10490000,2.10520000,53182.70000000,2.1058,2.1061,2.1058,2.1061,133.84594900000002,2.1056,2.1069,2.1047,2.1051,32449.54,2.106,2.106,2.104,2.105,48701.39796400,2.10625,2.10625,2.10536,2.1055,2866.9496999999997
2025-12-07 19:02,2.1051,2.1051,2.1008,2.1019,103803.818212,2.10510000,2.10520000,2.10100000,2.10150000,30393.70000000,2.1056,2.1056,2.1025,2.1025,152.0,2.1051,2.1051,2.1003,2.1018,40420.56,2.105,2.105,2.101,2.101,65725.08196900,2.10527,2.1055,2.10228,2.10228,8321.83150396
2025-12-07 19:03,2.1021,2.1031,2.1013,2.1025,71728.242388,2.10160000,2.10280000,2.10140000,2.10220000,54714.70000000,2.1026,2.1026,2.1026,2.1026,186.0,2.1018,2.1031,2.1013,2.102,34994.01,2.102,2.103,2.101,2.102,60699.12480700,2.10229,2.10229,2.10175,2.10205,1496.64858241
2025-12-07 19:04,2.1023,2.1025,2.1006,2.1007,11479.116754,2.10220000,2.10220000,2.10030000,2.10040000,84470.00000000,2.1023,2.1023,2.1021,2.1021,16.0,2.102,2.102,2.1001,2.1001,28175.69,2.102,2.102,2.1,2.101,78949.05781400,2.10228,2.10228,2.10047,2.10063,10994.9566515
2025-12-07 19:05,2.1005,2.1005,2.0977,2.0988,136129.870772,2.10040000,2.10040000,2.09760000,2.09870000,173425.30000000,2.1014,2.1014,2.1003,2.1003,654.0,2.1001,2.1001,2.0974,2.0989,72808.81,2.1,2.1,2.098,2.098,83867.18653800,2.10047,2.10047,2.09847,2.09913,10825.38521047
2025-12-07 19:06,2.0989,2.1013,2.0975,2.1009,53839.547933,2.09870000,2.10090000,2.09740000,2.10080000,57178.50000000,,,,,,2.0989,2.1009,2.0974,2.1003,34323.99,2.099,2.101,2.097,2.1,91174.31929700,2.09907,2.10104,2.09756,2.10104,172952.44073014
2025-12-07 19:07,2.101,2.1017,2.0998,2.1016,56235.414778,2.10090000,2.10140000,2.10010000,2.10130000,46985.90000000,,,,,,2.1003,2.1016,2.1001,2.1013,18394.28,2.101,2.102,2.101,2.101,54388.73829800,2.10133,2.10154,2.10023,2.10154,11233.16966064
2025-12-07 19:08,2.1016,2.104,2.1008,2.1034,27436.53079,2.10120000,2.10370000,2.10040000,2.10330000,95173.80000000,2.1012,2.1035,2.1012,2.1035,40.0,2.1013,2.1037,2.1003,2.1031,38670.69,2.101,2.104,2.101,2.104,49177.96309200,2.10154,2.1036,2.10144,2.10353,4536.68852344
2025-12-07 19:09,2.1034,2.1077,2.1029,2.1077,70505.097887,2.10340000,2.10750000,2.10260000,2.10750000,79362.70000000,2.1037,2.106,2.1037,2.106,48.0,2.1031,2.1076,2.1027,2.1074,31873.02,2.104,2.107,2.103,2.107,48863.12582000,2.1032,2.10769,2.1032,2.10765,1074.3984760600001
2025-12-07 19:10,2.1077,2.1078,2.1053,2.1069,42334.315217,2.10750000,2.10750000,2.10510000,2.10680000,69946.60000000,,,,,,2.1074,2.1074,2.1048,2.1051,34217.75,2.107,2.107,2.105,2.106,89354.68337700,2.10765,2.10765,2.10559,2.10609,993.9745329599999
2025-12-07 19:11,2.1069,2.1072,2.1054,2.1062,15017.634376,2.10690000,2.10710000,2.10520000,2.10590000,26400.10000000,,,,,,2.1051,2.1065,2.1049,2.1055,15306.97,2.107,2.107,2.105,2.106,88907.23596700,2.10665,2.10665,2.10581,2.10618,559.99474
2025-12-07 19:12,2.1061,2.1071,2.1057,2.1058,44360.264533,2.10600000,2.10670000,2.10530000,2.10540000,47877.30000000,,,,,,2.1055,2.1068,2.1049,2.105,18834.93,2.106,2.107,2.105,2.105,55118.60933800,2.10537,2.10698,2.10537,2.10605,1236.14110849
2025-12-07 19:13,2.1058,2.1064,2.1056,2.1059,21849.064946,2.10540000,2.10610000,2.10530000,2.10560000,15366.00000000,,,,,,2.105,2.1059,2.1049,2.1051,12354.17,2.105,2.106,2.105,2.106,80296.08096700,2.10546,2.10629,2.10544,2.10599,4921.306737999999
2025-12-07 19:14,2.1059,2.1059,2.104,2.1044,29832.676386,2.10550000,2.10550000,2.10380000,2.10400000,48501.10000000,,,,,,2.1051,2.1053,2.1033,2.104,31656.26,2.105,2.105,2.103,2.104,76379.47367500,2.10554,2.10554,2.10423,2.10435,2857.10049415
2025-12-07 19:15,2.1044,2.105,2.104,2.1045,34027.403407,2.10400000,2.10450000,2.10360000,2.10410000,35636.00000000,2.1051,2.1051,2.1051,2.1051,8.0,2.104,2.1049,2.1033,2.1039,19779.58,2.104,2.105,2.103,2.105,34402.84020800,2.10426,2.10483,2.10407,2.10442,574.38442412
2025-12-07 19:16,2.1045,2.1045,2.1029,2.1029,33971.366603,2.10410000,2.10410000,2.10260000,2.10260000,52520.50000000,2.1049,2.1049,2.1043,2.1043,56.0,2.1039,2.104,2.1024,2.1024,29954.22,2.104,2.104,2.103,2.103,50623.05971600,2.10375,2.10376,2.10336,2.10355,3618.97872837
2025-12-07 19:17,2.1028,2.1036,2.1026,2.1034,20187.967427,2.10260000,2.10340000,2.10220000,2.10320000,16947.50000000,2.1042,2.1042,2.1034,2.1034,356.0,2.1024,2.1032,2.1019,2.1028,19384.14,2.102,2.104,2.102,2.103,39954.88190100,2.10296,2.1032,2.10296,2.1032,1198.87913191
2025-12-07 19:18,2.1033,2.1045,2.1028,2.1038,21599.220773,2.10320000,2.10420000,2.10270000,2.10370000,35978.10000000,,,,,,2.1028,2.1043,2.1025,2.1036,18806.53,2.103,2.104,2.103,2.103,31831.89852800,2.1032,2.1032,2.10297,2.1032,38787.14992889
2025-12-07 19:19,2.1036,2.1036,2.1008,2.1008,24427.677932,2.10370000,2.10370000,2.10070000,2.10070000,36317.30000000,2.1032,2.1032,2.102,2.102,64.0,2.1036,2.1039,2.1004,2.1004,17883.39,2.104,2.104,2.1,2.101,51266.15685600,2.1032,2.1032,2.10296,2.10296,4535.0976292099995
2025-12-07 19:20,2.1009,2.1018,2.1008,2.1008,13136.418851,2.10080000,2.10150000,2.10060000,2.10060000,14233.20000000,,,,,,2.1004,2.1015,2.1004,2.1007,16742.7,2.1,2.102,2.1,2.1,37398.56247700,2.10201,2.10201,2.10108,2.10108,7789.63396216
2025-12-07 19:21,2.1009,2.1015,2.0985,2.0985,23942.348099,2.10060000,2.10130000,2.09850000,2.09850000,26468.60000000,2.1018,2.1018,2.0998,2.0998,224.0,2.1007,2.1015,2.0981,2.0981,24361.8,2.1,2.101,2.098,2.098,37586.75019300,2.10108,2.10108,2.09861,2.09861,23245.28054403
2025-12-07 19:22,2.0984,2.0987,2.0974,2.0987,138652.305057,2.09840000,2.09890000,2.09730000,2.09890000,46793.30000000,2.0996,2.0999,2.0995,2.0999,2008.0,2.0981,2.0991,2.097,2.0985,66611.98,2.098,2.098,2.097,2.098,28302.49009500,2.09814,2.09825,2.0975,2.09825,2646.8899943
2025-12-07 19:23,2.0987,2.0991,2.0983,2.0984,63002.933229,2.09890000,2.09900000,2.09800000,2.09800000,31498.00000000,2.1,2.1005,2.1,2.1003,8000.0,2.0985,2.0989,2.0979,2.0979,16723.07,2.099,2.099,2.098,2.099,27944.02569900,2.09904,2.09905,2.09848,2.09848,4559.47906237
2025-12-07 19:24,2.0984,2.0984,2.0942,2.0949,385071.867828,2.09800000,2.09800000,2.09370000,2.09470000,294726.60000000,2.0984,2.0984,2.0961,2.0961,4940.84696459,2.0979,2.0979,2.094,2.0943,113418.75,2.098,2.098,2.094,2.095,100124.65205000,2.09847,2.09847,2.09501,2.09501,36190.33129989
2025-12-07 19:25,2.0948,2.0953,2.0934,2.0942,181688.50058,2.09460000,2.09510000,2.09340000,2.09430000,101768.30000000,2.0959,2.096,2.0952,2.0952,2154.396508,2.0943,2.0954,2.0932,2.0941,57435.1,2.095,2.095,2.093,2.094,113452.04990900,2.095,2.09501,2.09362,2.09434,15634.79956625
2025-12-07 19:26,2.0942,2.0943,2.0919,2.0922,951319.855326,2.09430000,2.09430000,2.09180000,2.09240000,133900.50000000,2.095,2.095,2.0942,2.0942,1007.0,2.0941,2.0941,2.0915,2.0921,51104.54,2.094,2.094,2.092,2.092,83355.60965200,2.09433,2.09434,2.092,2.09201,16293.830845640001
2025-12-07 19:27,2.0922,2.0934,2.0921,2.0921,76784.933833,2.09230000,2.09350000,2.09200000,2.09200000,131849.10000000,2.0944,2.0944,2.0944,2.0944,50.0,2.0921,2.0935,2.092,2.0922,27431.89,2.093,2.094,2.093,2.093,121925.69840800,2.09201,2.09201,2.092,2.09201,4817.29423096
2025-12-07 19:28,2.0922,2.0931,2.09,2.0922,126464.090568,2.09200000,2.09300000,2.09040000,2.09220000,229355.80000000,2.0933,2.0933,2.092,2.092,82.0,2.0922,2.0933,2.0901,2.0918,126459.54,2.092,2.093,2.091,2.092,122279.99269600,2.09201,2.09201,2.09128,2.092,4124.1967857399995
2025-12-07 19:29,2.0922,2.0929,2.0913,2.0927,46851.120894,2.09220000,2.09290000,2.09050000,2.09270000,123874.80000000,,,,,,2.0918,2.0933,2.0909,2.0928,52419.39,2.092,2.093,2.091,2.093,90277.65655400,2.09201,2.09201,2.09192,2.09201,22025.88288798
2025-12-07 19:30,2.0927,2.0932,2.092,2.0921,35634.031834,2.09260000,2.09320000,2.09210000,2.09230000,45928.10000000,,,,,,2.0928,2.0931,2.092,2.0921,35236.9,2.093,2.093,2.092,2.092,84306.85509400,2.09201,2.09285,2.092,2.09285,5633.06156119
2025-12-07 19:31,2.0921,2.0941,2.0921,2.094,22853.096932,2.09220000,2.09400000,2.09220000,2.09400000,32648.10000000,,,,,,2.0921,2.0939,2.0919,2.0936,45570.01,2.092,2.094,2.092,2.093,104177.13872900,2.09274,2.09285,2.09235,2.09285,5127.92576911
2025-12-07 19:32,2.0941,2.095,2.0937,2.0941,36377.720142,2.09400000,2.09490000,2.09350000,2.09390000,12058.80000000,2.0942,2.0946,2.0942,2.0946,12.0,2.0936,2.0947,2.0933,2.0941,24902.08,2.094,2.095,2.093,2.094,100070.85670700,2.09448,2.09448,2.09368,2.09368,321.66716971
2025-12-07 19:33,2.0942,2.095,2.094,2.0949,3647.978489,2.09400000,2.09480000,2.09400000,2.09480000,33668.70000000,,,,,,2.0941,2.0948,2.0937,2.0948,15847.88,2.094,2.095,2.093,2.094,88445.40026700,2.09435,2.09435,2.09388,2.09423,831.85413495
2025-12-07 19:34,2.0949,2.0949,2.0914,2.0918,36270.058727,2.09480000,2.09480000,2.09170000,2.09170000,21078.30000000,2.0937,2.0937,2.0934,2.0934,31.99999999,2.0948,2.0948,2.0914,2.0914,12945.12,2.095,2.095,2.092,2.092,110574.02427200,2.09423,2.09423,2.09215,2.09216,302.69810631999997
2025-12-07 19:35,2.0915,2.0915,2.0902,2.0911,18091.716999,2.09170000,2.09170000,2.09020000,2.09080000,51843.40000000,2.0934,2.0934,2.0923,2.0923,56.00000001,2.0914,2.0914,2.09,2.0909,20512.01,2.092,2.092,2.09,2.091,31716.98286700,2.09142,2.0916,2.0907,2.0907,66.17236043
2025-12-07 19:36,2.0911,2.0927,2.0911,2.0922,37350.387928,2.09080000,2.09230000,2.09080000,2.09160000,47925.80000000,2.0923,2.0923,2.0923,2.0923,54.0,2.0909,2.0925,2.0906,2.092,19352.27,2.09,2.093,2.09,2.092,53385.29710400,2.09097,2.091,2.09097,2.091,14868.96383742
2025-12-07 19:37,2.092,2.0925,2.091,2.091,16448.322659,2.09170000,2.09210000,2.09070000,2.09070000,35531.90000000,,,,,,2.092,2.0923,2.0905,2.0905,17284.6,2.092,2.093,2.091,2.091,32363.41104600,2.091,2.091,2.09099,2.091,376.714331
2025-12-07 19:38,2.091,2.0913,2.0878,2.0882,59750.754582,2.09060000,2.09120000,2.08790000,2.08790000,135376.30000000,2.0914,2.0914,2.0896,2.0896,171.29372205,2.0905,2.0912,2.0876,2.0876,53361.03,2.091,2.091,2.088,2.088,38537.47651400,2.09077,2.09092,2.08848,2.08848,13030.18613999
2025-12-07 19:39,2.0882,2.0892,2.0878,2.0886,83382.261918,2.08790000,2.08890000,2.08790000,2.08820000,47602.90000000,2.089,2.089,2.089,2.089,500.0,2.0876,2.0887,2.0875,2.0882,55145.32,2.088,2.09,2.088,2.088,30504.98874100,2.08832,2.08832,2.08831,2.08831,106.05463277
2025-12-07 19:40,2.0884,2.0916,2.0884,2.0909,165450.624547,2.08810000,2.09140000,2.08810000,2.09060000,146881.80000000,2.0904,2.0921,2.0904,2.092,10074.0,2.0882,2.0915,2.0879,2.0906,61278.58,2.089,2.091,2.088,2.09,63277.03762100,2.08822,2.091,2.08822,2.091,8050.9817530400005
2025-12-07 19:41,2.0909,2.092,2.0909,2.0918,5727.190677,2.09060000,2.09160000,2.09050000,2.09140000,16520.20000000,,,,,,2.0906,2.0919,2.0904,2.0914,20824.16,2.091,2.092,2.09,2.091,63263.15313900,2.09099,2.091,2.09074,2.09074,168.78836157
2025-12-07 19:42,2.0919,2.0926,2.0918,2.0924,7839.916822,2.09150000,2.09240000,2.09150000,2.09200000,42982.00000000,,,,,,2.0914,2.0927,2.0914,2.0924,17302.4,2.091,2.093,2.091,2.092,56335.59042900,2.09074,2.09235,2.09074,2.09235,20869.983517
2025-12-07 19:43,2.0925,2.0934,2.0911,2.0912,80952.930811,2.09210000,2.09340000,2.09100000,2.09100000,54626.30000000,2.0926,2.093,2.0921,2.0921,24.0,2.0924,2.0938,2.0908,2.0908,29678.03,2.093,2.094,2.09,2.09,79317.22488800,2.09234,2.09235,2.09199,2.092,110.44607685
2025-12-07 19:44,2.0911,2.0937,2.091,2.0932,12462.056385,2.09100000,2.09360000,2.09080000,2.09310000,54889.70000000,2.0932,2.0937,2.0932,2.0937,20.0,2.0908,2.0938,2.0907,2.0933,18547.22,2.09,2.094,2.09,2.093,52047.11026500,2.09235,2.09235,2.09235,2.09235,59.428020000000004
2025-12-07 19:45,2.0934,2.0939,2.0909,2.0915,8861.725592,2.09320000,2.09360000,2.09090000,2.09130000,40108.80000000,2.0928,2.0928,2.092,2.092,290.0,2.0933,2.094,2.0908,2.0911,23891.44,2.094,2.094,2.091,2.092,39789.24359500,2.09235,2.09235,2.09096,2.09154,2126.71727085
2025-12-07 19:46,2.0915,2.0924,2.0907,2.0919,57867.936676,2.09130000,2.09230000,2.09080000,2.09130000,15875.20000000,2.0927,2.0927,2.0927,2.0927,50.0,2.0911,2.0927,2.0908,2.0915,25194.74,2.091,2.092,2.09,2.092,46611.67242100,2.09199,2.09199,2.09136,2.09137,5628.2361496700005
2025-12-07 19:47,2.0915,2.0915,2.0898,2.0909,11465.480491,2.09120000,2.09120000,2.08970000,2.09050000,71873.30000000,2.0919,2.0919,2.0917,2.0917,16.0,2.0915,2.0915,2.0895,2.0908,33098.28,2.091,2.091,2.09,2.09,60520.95172000,2.09095,2.09095,2.09,2.09024,188.7347681
2025-12-07 19:48,2.0909,2.0915,2.0905,2.091,29998.329883,2.09060000,2.09100000,2.09050000,2.09090000,50030.10000000,,,,,,2.0908,2.0915,2.0904,2.0912,25677.79,2.091,2.091,2.09,2.091,38666.61920400,2.09134,2.09137,2.09072,2.09126,6137.02051275
2025-12-07 19:49,2.091,2.091,2.0896,2.0907,24385.415084,2.09080000,2.09080000,2.08970000,2.09050000,38050.70000000,2.0917,2.0917,2.0917,2.0917,580.0,2.0912,2.0912,2.0897,2.0904,15220.2,2.09,2.091,2.089,2.09,80743.51087900,2.09117,2.09117,2.09024,2.09081,57435.4623831
2025-12-07 19:50,2.0908,2.0912,2.0906,2.091,5556.104779,2.09050000,2.09090000,2.09040000,2.09070000,22050.30000000,,,,,,2.0904,2.0908,2.0903,2.0906,12242.39,2.09,2.091,2.09,2.091,68588.49977200,2.09111,2.0912,2.09066,2.09119,315.26863507999997
2025-12-07 19:51,2.0908,2.0911,2.0859,2.0869,67657.047162,2.09080000,2.09080000,2.08590000,2.08660000,109401.90000000,2.0912,2.0912,2.0879,2.0879,120.0,2.0906,2.0906,2.0855,2.0865,55686.34,2.09,2.091,2.086,2.087,75904.52510900,2.0902,2.0902,2.08751,2.08751,3381.612354
2025-12-07 19:52,2.0869,2.0881,2.0869,2.0871,8420.247752,2.08660000,2.08800000,2.08660000,2.08690000,39766.60000000,2.0881,2.0881,2.0881,2.0881,50.0,2.0865,2.0876,2.0865,2.0866,21342.36,2.087,2.088,2.086,2.087,41807.89538300,2.08751,2.08752,2.08749,2.08749,516.73542104
2025-12-07 19:53,2.087,2.0874,2.0852,2.0858,27946.150515,2.08680000,2.08720000,2.08510000,2.08530000,33145.20000000,2.087,2.087,2.087,2.087,7.99999999,2.0866,2.0868,2.0852,2.0853,13742.04,2.087,2.088,2.085,2.086,90772.63044900,2.08697,2.08697,2.08623,2.08623,692.73390385
2025-12-07 19:54,2.0856,2.0862,2.085,2.085,31234.938456,2.08540000,2.08580000,2.08460000,2.08500000,87029.90000000,2.087,2.087,2.0865,2.0865,63.1909361,2.0853,2.0859,2.0845,2.0847,34685.34,2.085,2.086,2.085,2.086,49827.14341200,2.08623,2.08623,2.08549,2.08549,1105.4208211
2025-12-07 19:55,2.0854,2.086,2.0843,2.0856,35231.430187,2.08500000,2.08560000,2.08410000,2.08530000,42047.10000000,2.0865,2.0865,2.0861,2.0861,8.00000001,2.0847,2.0854,2.0838,2.085,19969.98,2.085,2.086,2.084,2.086,52019.56158200,2.08561,2.08561,2.08511,2.0855,3135.8731431
2025-12-07 19:56,2.0856,2.086,2.0847,2.0855,14362.168986,2.08540000,2.08570000,2.08440000,2.08530000,47747.10000000,,,,,,2.085,2.0854,2.0839,2.0852,22645.42,2.085,2.086,2.084,2.086,49371.71440300,2.085,2.08594,2.085,2.08594,595.6213321600001
2025-12-07 19:57,2.0855,2.0861,2.0848,2.0849,8362.209214,2.08520000,2.08570000,2.08460000,2.08460000,34047.10000000,,,,,,2.0852,2.0857,2.0841,2.0842,13854.92,2.085,2.086,2.084,2.084,61436.65525700,2.08596,2.08596,2.08549,2.08549,747.47273454
2025-12-07 19:58,2.0848,2.0855,2.0848,2.0852,7710.113949,2.08460000,2.08530000,2.08440000,2.08480000,62470.40000000,,,,,,2.0842,2.0849,2.0838,2.0844,22378.93,2.085,2.085,2.084,2.085,32858.29642800,2.085,2.08549,2.085,2.08549,157.881197
2025-12-07 19:59,2.0851,2.0876,2.0848,2.0876,39433.149947,2.08480000,2.08720000,2.08470000,2.08710000,72921.50000000,2.087,2.0877,2.087,2.0877,32.0,2.0844,2.0869,2.0844,2.0866,30024.11,2.085,2.087,2.084,2.087,46180.20040700,2.08561,2.08561,2.08501,2.0855,583.2418
2025-12-07 20:00,2.0879,2.0898,2.0869,2.087,40664.622314,2.08720000,2.08950000,2.08680000,2.08690000,105563.30000000,2.0878,2.089,2.0878,2.089,28.0,2.0866,2.0891,2.0862,2.0862,54510.24,2.088,2.089,2.086,2.087,53147.06863700,2.08573,2.08895,2.08573,2.08721,11926.51903512
2025-12-07 20:01,2.0873,2.0873,2.0857,2.0862,19525.055376,2.08690000,2.08720000,2.08560000,2.08630000,31810.00000000,2.0881,2.0881,2.0872,2.0872,348.0,2.0862,2.087,2.0856,2.0858,33551.47,2.087,2.087,2.086,2.087,55211.60423900,2.08671,2.0869,2.08631,2.08631,972.4559974599999
2025-12-07 20:02,2.0863,2.0863,2.0847,2.085,16185.170294,2.08630000,2.08640000,2.08480000,2.08480000,52183.40000000,2.0871,2.0871,2.0864,2.0864,32.0,2.0858,2.0861,2.0846,2.0848,22287.8,2.086,2.087,2.085,2.085,43403.72760100,2.08593,2.08613,2.0855,2.0855,311.26977999999997
2025-12-07 20:03,2.0852,2.0852,2.0808,2.082,47251.645661,2.08480000,2.08490000,2.08090000,2.08160000,394223.20000000,2.0862,2.0862,2.0845,2.0845,120.0,2.0848,2.0848,2.0808,2.0814,164067.95,2.084,2.084,2.081,2.081,45291.44127400,2.0855,2.0855,2.08171,2.08171,29557.23562741
2025-12-07 20:04,2.0817,2.0819,2.0787,2.0797,78113.962337,2.08150000,2.08150000,2.07910000,2.07970000,92066.20000000,2.0821,2.0821,2.0811,2.0811,87.58815015,2.0814,2.0814,2.0792,2.0793,37277.68,2.081,2.082,2.079,2.079,37546.68105000,2.08171,2.08171,2.07959,2.0796,16069.98585962
2025-12-07 20:05,2.0797,2.0822,2.0797,2.0816,23324.838968,2.07970000,2.08200000,2.07960000,2.08130000,67431.00000000,2.0819,2.0819,2.0819,2.0819,580.0,2.0793,2.0819,2.0793,2.0811,25022.01,2.079,2.082,2.079,2.081,87942.92393800,2.08014,2.0822,2.08014,2.08176,6482.82509968
2025-12-07 20:06,2.0815,2.0835,2.0812,2.0829,45498.654692,2.08130000,2.08320000,2.08130000,2.08280000,104873.60000000,2.0832,2.0833,2.0832,2.0833,8.0,2.0811,2.0832,2.081,2.0827,42910.58,2.082,2.083,2.081,2.083,78945.52548300,2.08229,2.08265,2.08204,2.08256,501.47560108000005
2025-12-07 20:07,2.0831,2.0834,2.0828,2.0828,13055.452494,2.08270000,2.08310000,2.08260000,2.08270000,7134.00000000,,,,,,2.0827,2.083,2.0823,2.0825,4331.17,2.083,2.084,2.082,2.083,59775.49580000,2.08336,2.08336,2.08289,2.08299,18909.04915845
2025-12-07 20:08,2.0828,2.0828,2.0807,2.081,79454.660888,2.08270000,2.08270000,2.08050000,2.08070000,74853.80000000,2.0824,2.0824,2.082,2.082,27.98973996,2.0825,2.0825,2.0803,2.0806,10590.96,2.082,2.083,2.081,2.081,71945.31330100,2.08289,2.08289,2.08099,2.081,9140.96018507
2025-12-07 20:09,2.0808,2.0829,2.0808,2.0827,90707.982417,2.08060000,2.08260000,2.08060000,2.08250000,32136.50000000,2.082,2.082,2.0819,2.0819,12.01026004,2.0806,2.0827,2.0802,2.0825,37194.89,2.081,2.083,2.081,2.082,53112.80156600,2.081,2.08224,2.08099,2.08224,635.8400717000001
2025-12-07 20:10,2.0828,2.083,2.0813,2.0824,109483.236009,2.08250000,2.08260000,2.08170000,2.08220000,33186.00000000,,,,,,2.0825,2.0828,2.0816,2.082,15384.69,2.082,2.082,2.081,2.082,55338.91184600,2.08207,2.08264,2.08199,2.08264,1830.8941625
2025-12-07 20:11,2.0824,2.0832,2.0822,2.0823,7238.988693,2.08210000,2.08290000,2.08200000,2.08200000,19555.50000000,,,,,,2.082,2.083,2.0819,2.0819,7402.49,2.083,2.083,2.082,2.082,39482.35494800,2.08236,2.08283,2.08204,2.08235,44.36197837
2025-12-07 20:12,2.0822,2.0839,2.0822,2.0836,8112.54016,2.08210000,2.08390000,2.08210000,2.08340000,92327.20000000,2.0832,2.0837,2.0832,2.0837,70.0,2.0819,2.0838,2.0818,2.0834,38507.05,2.082,2.084,2.082,2.084,23551.08798500,2.08235,2.08284,2.08206,2.08284,1231.34636477
2025-12-07 20:13,2.0836,2.0843,2.0836,2.0837,24643.82971,2.08340000,2.08410000,2.08330000,2.08330000,16820.00000000,2.0838,2.0839,2.0838,2.0839,8.0,2.0834,2.0843,2.0834,2.0834,8898.94,2.083,2.084,2.083,2.084,32734.86759700,2.08283,2.08284,2.08283,2.08283,234.29640281
2025-12-07 20:14,2.0836,2.0836,2.082,2.082,21671.754678,2.08340000,2.08340000,2.08220000,2.08220000,22705.30000000,,,,,,2.0834,2.0834,2.0822,2.0822,9638.86,2.083,2.084,2.082,2.083,39633.08400100,2.08284,2.08284,2.08266,2.08267,2915.7202895
2025-12-07 20:15,2.0825,2.0841,2.0825,2.0826,35708.772121,2.08230000,2.08370000,2.08210000,2.08240000,58701.50000000,,,,,,2.0822,2.0839,2.0822,2.0823,34828.15,2.082,2.083,2.082,2.082,35617.22237200,2.08268,2.08284,2.08267,2.08284,505.14898999999997
2025-12-07 20:16,2.0827,2.0847,2.0821,2.084,44004.613851,2.08240000,2.08400000,2.08190000,2.08370000,35500.50000000,2.084,2.0844,2.084,2.0844,20.0,2.0823,2.0841,2.0816,2.0835,14106.47,2.083,2.084,2.081,2.084,26672.57656300,2.08267,2.08284,2.08267,2.08283,1764.59122652
2025-12-07 20:17,2.084,2.085,2.084,2.0845,17623.499249,2.08370000,2.08500000,2.08370000,2.08440000,68294.80000000,2.0845,2.0852,2.0845,2.0852,70.0,2.0835,2.0849,2.0835,2.0844,29153.43,2.084,2.085,2.084,2.085,25864.36007400,2.08284,2.08472,2.08284,2.08446,22614.78336235
2025-12-07 20:18,2.0847,2.0849,2.0834,2.0843,11727.847726,2.08440000,2.08440000,2.08300000,2.08410000,20443.10000000,,,,,,2.0844,2.0846,2.083,2.0843,12907.2,2.085,2.085,2.083,2.084,24622.89981600,2.08488,2.08488,2.08385,2.08414,2284.57554849
2025-12-07 20:19,2.0845,2.0855,2.0839,2.0842,31821.57504,2.08420000,2.08520000,2.08370000,2.08390000,38466.80000000,,,,,,2.0843,2.0855,2.0834,2.0839,18935.96,2.085,2.085,2.084,2.084,35201.99733900,2.08508,2.08552,2.08471,2.08471,3926.05314548
2025-12-07 20:20,2.084,2.0842,2.0835,2.0837,13403.429204,2.08390000,2.08390000,2.08300000,2.08350000,12189.00000000,,,,,,2.0839,2.084,2.083,2.0835,12642.51,2.085,2.085,2.083,2.083,12101.23220400,2.08472,2.08472,2.08471,2.08472,502.81475564000004
2025-12-07 20:21,2.0838,2.0849,2.0834,2.084,16515.917322,2.08350000,2.08450000,2.08310000,2.08380000,14992.60000000,,,,,,2.0835,2.0849,2.0835,2.0842,5164.97,2.084,2.084,2.084,2.084,4490.75741600,2.08436,2.08467,2.08389,2.08389,617.2669651599999
2025-12-07 20:22,2.0841,2.0873,2.0841,2.0873,29937.073968,2.08390000,2.08710000,2.08390000,2.08710000,21209.60000000,2.0854,2.0871,2.0854,2.0871,36.0,2.0842,2.0875,2.0842,2.0875,9600.43,2.084,2.087,2.084,2.087,6548.81032500,2.08404,2.08701,2.08404,2.08664,15207.83991459
2025-12-07 20:23,2.0873,2.0888,2.087,2.088,39027.346422,2.08700000,2.08880000,2.08680000,2.08780000,33254.90000000,,,,,,2.0875,2.089,2.0865,2.0876,15969.86,2.088,2.088,2.087,2.088,14977.84867100,2.08731,2.08868,2.08697,2.08823,4849.92132878
2025-12-07 20:24,2.0881,2.0899,2.0879,2.0891,110825.087342,2.08780000,2.08940000,2.08740000,2.08890000,48294.50000000,2.0889,2.0895,2.0889,2.0895,453.0,2.0876,2.0896,2.0872,2.0889,21589.19,2.088,2.089,2.088,2.089,8343.75878300,2.08897,2.08952,2.08852,2.08919,2067.94652792
2025-12-07 20:25,2.0894,2.0904,2.0894,2.0899,81580.632405,2.08900000,2.09000000,2.08900000,2.08980000,22908.10000000,2.09,2.09,2.09,2.09,50.0,2.0889,2.0901,2.0887,2.09,22786.16,2.09,2.091,2.089,2.09,33914.89353800,2.0899,2.09024,2.0899,2.09015,801.95868125
2025-12-07 20:26,2.0899,2.09,2.0893,2.0896,67129.770516,2.08980000,2.08980000,2.08890000,2.08970000,26389.60000000,,,,,,2.09,2.09,2.089,2.0898,13719.19,2.09,2.09,2.089,2.089,19429.67057000,2.09016,2.09016,2.09015,2.09016,911.72819598
2025-12-07 20:27,2.0898,2.09,2.0893,2.09,5295.423246,2.08980000,2.09000000,2.08910000,2.08970000,15516.80000000,,,,,,2.0898,2.09,2.0889,2.09,7346.67,2.089,2.09,2.089,2.089,22761.01354300,2.09015,2.09016,2.09015,2.09015,2591.0821260799994
2025-12-07 20:28,2.09,2.0909,2.0892,2.0905,100358.076951,2.08980000,2.09060000,2.08910000,2.09030000,74029.60000000,2.0904,2.0906,2.0904,2.0906,8.0,2.09,2.0907,2.0891,2.0905,31866.31,2.09,2.091,2.089,2.091,35266.66540500,2.09016,2.09039,2.09015,2.09038,696.50819442
2025-12-07 20:29,2.0905,2.0912,2.0894,2.0907,93544.402801,2.09040000,2.09070000,2.09020000,2.09060000,23454.50000000,,,,,,2.0905,2.0911,2.0902,2.0909,7101.01,2.091,2.091,2.09,2.091,24467.41336100,2.09039,2.09078,2.09039,2.09078,19932.58231311
2025-12-07 20:30,2.0907,2.0911,2.0892,2.0903,54695.117566,2.09060000,2.09070000,2.08920000,2.09020000,66997.50000000,2.0908,2.0908,2.0908,2.0908,295.0,2.0909,2.0911,2.0893,2.09,27480.49,2.09,2.091,2.089,2.09,30509.02754000,2.09056,2.09059,2.09056,2.09059,1130.76852
2025-12-07 20:31,2.0902,2.0905,2.0886,2.0893,38688.108792,2.09010000,2.09010000,2.08850000,2.08900000,20473.40000000,,,,,,2.09,2.0902,2.0886,2.0892,9663.3,2.09,2.09,2.089,2.089,42065.96863600,2.09056,2.09056,2.0896,2.0896,649.1586214700001
2025-12-07 20:32,2.0892,2.0898,2.0874,2.0879,38507.962859,2.08900000,2.08970000,2.08740000,2.08790000,78556.80000000,2.0898,2.0898,2.0891,2.0891,64.0,2.0892,2.0898,2.0873,2.0881,36203.06,2.089,2.09,2.088,2.089,38866.74755200,2.08961,2.08961,2.08881,2.08881,477.52418467999996
2025-12-07 20:33,2.088,2.088,2.0868,2.0876,41525.903225,2.08780000,2.08780000,2.08650000,2.08720000,45234.00000000,2.089,2.089,2.0882,2.0882,76.8,2.0881,2.0881,2.0863,2.0876,19115.1,2.088,2.088,2.087,2.087,35374.31697400,2.0878,2.0878,2.08764,2.08764,265.26026692
2025-12-07 20:34,2.0874,2.0899,2.0874,2.0899,24567.570188,2.08710000,2.08960000,2.08700000,2.08950000,11708.70000000,2.0896,2.0896,2.0896,2.0896,4.0,2.0876,2.0896,2.0869,2.0891,9770.99,2.088,2.09,2.087,2.089,20093.19323200,2.08718,2.0896,2.08718,2.0896,478.11886125999996
2025-12-07 20:35,2.0898,2.09,2.0891,2.0892,90603.192699,2.08940000,2.08980000,2.08860000,2.08890000,13327.20000000,2.0897,2.0899,2.0897,2.0899,12.0,2.0891,2.09,2.0888,2.0888,4653.22,2.09,2.09,2.088,2.088,26666.01328200,2.0896,2.0899,2.08902,2.08902,2485.99690922
2025-12-07 20:36,2.0891,2.0907,2.0891,2.0897,85457.87941,2.08880000,2.09040000,2.08880000,2.08930000,10866.00000000,2.09,2.0903,2.09,2.0903,12.0,2.0888,2.0906,2.0888,2.0895,9136.52,2.089,2.091,2.089,2.089,39018.15925700,2.08919,2.09041,2.08919,2.08977,1767.9674449200002
2025-12-07 20:37,2.0896,2.0931,2.0896,2.0931,64731.133604,2.08930000,2.09270000,2.08930000,2.09270000,24237.50000000,2.0905,2.0916,2.0905,2.0916,36.0,2.0895,2.093,2.0895,2.093,8860.07,2.089,2.093,2.089,2.092,24807.59300100,2.08976,2.09235,2.08976,2.09235,3389.81372841
2025-12-07 20:38,2.0931,2.0934,2.0915,2.0917,35224.570986,2.09280000,2.09310000,2.09130000,2.09130000,18166.70000000,2.0933,2.0933,2.0933,2.0933,24.0,2.093,2.0934,2.0912,2.0913,13337.61,2.093,2.093,2.091,2.091,32804.68385000,2.09235,2.0925,2.09155,2.09166,612.25131016
2025-12-07 20:39,2.0917,2.0928,2.0916,2.0928,7555.477509,2.09140000,2.09260000,2.09130000,2.09240000,32584.00000000,,,,,,2.0913,2.0927,2.0913,2.0923,14253.27,2.091,2.093,2.091,2.093,16067.01063400,2.09195,2.0921,2.09195,2.0921,1019.46216623
2025-12-07 20:40,2.0928,2.0934,2.0922,2.0934,5686.58062,2.09230000,2.09320000,2.09190000,2.09310000,15211.00000000,,,,,,2.0923,2.0934,2.092,2.0932,8352.62,2.092,2.093,2.092,2.093,13828.34550700,2.0925,2.09338,2.0925,2.09338,9925.19038255
2025-12-07 20:41,2.0934,2.0935,2.0932,2.0933,15519.023911,2.09310000,2.09310000,2.09300000,2.09310000,7575.40000000,,,,,,2.0932,2.0933,2.0929,2.093,2686.35,2.094,2.094,2.093,2.094,11133.55728100,2.09321,2.09322,2.09321,2.09322,832.20403
2025-12-07 20:42,2.0933,2.0941,2.0913,2.0918,7104.130735,2.09310000,2.09370000,2.09130000,2.09140000,45930.90000000,2.0934,2.0936,2.0934,2.0936,8.0,2.093,2.094,2.0912,2.0914,19437.23,2.094,2.094,2.091,2.092,16434.64696800,2.09322,2.09322,2.09309,2.09309,722.0429361399999
2025-12-07 20:43,2.0917,2.092,2.0913,2.0916,11126.266175,2.09130000,2.09170000,2.09100000,2.09100000,18586.60000000,,,,,,2.0914,2.0919,2.091,2.091,13941.31,2.091,2.092,2.091,2.091,9953.87921000,2.09309,2.09309,2.09126,2.09156,21002.81487827
2025-12-07 20:44,2.0914,2.0915,2.0906,2.0912,22447.494551,2.09100000,2.09120000,2.09050000,2.09090000,19035.80000000,2.0926,2.0926,2.0923,2.0923,596.0,2.091,2.0913,2.0902,2.0909,8995.78,2.091,2.092,2.09,2.091,12875.95916700,2.09102,2.09146,2.091,2.09146,3273.31261516
2025-12-07 20:45,2.0911,2.0915,2.0891,2.0911,183761.718149,2.09080000,2.09160000,2.08900000,2.09090000,63300.40000000,2.0922,2.0922,2.0908,2.0908,1271.2858236,2.0909,2.0924,2.0891,2.0913,26287.91,2.09,2.092,2.089,2.091,25920.90791600,2.09101,2.09119,2.091,2.09118,16155.81923788
2025-12-07 20:46,2.0911,2.0911,2.0893,2.0896,11667.062549,2.09090000,2.09090000,2.08930000,2.08940000,12464.20000000,,,,,,2.0913,2.0913,2.0892,2.0898,3942.68,2.091,2.092,2.089,2.09,29815.76842700,2.09119,2.09119,2.091,2.09101,183.41182
2025-12-07 20:47,2.0896,2.09,2.0889,2.0899,12139.139148,2.08940000,2.08990000,2.08880000,2.08990000,21808.30000000,2.0908,2.0908,2.0907,2.0907,20.278847,2.0898,2.0904,2.0889,2.0904,8312.96,2.089,2.09,2.088,2.09,22434.94258300,2.091,2.09101,2.08974,2.09,36446.39434812
2025-12-07 20:48,2.09,2.0905,2.088,2.0892,7260.130679,2.09000000,2.09020000,2.08770000,2.08910000,10304.50000000,2.0905,2.0905,2.0894,2.0894,64.0,2.0904,2.0906,2.088,2.089,5558.11,2.09,2.091,2.087,2.088,17351.12978300,2.08911,2.08911,2.08814,2.08909,179.82357556
2025-12-07 20:49,2.0892,2.0896,2.0878,2.0878,7667.527906,2.08920000,2.08930000,2.08770000,2.08790000,20377.00000000,,,,,,2.089,2.0897,2.0878,2.0879,9472.17,2.089,2.09,2.088,2.088,17728.51250900,2.08913,2.08959,2.08779,2.08779,1316.8143987899998
2025-12-07 20:50,2.0878,2.0878,2.0857,2.0857,7333.83746,2.08790000,2.08810000,2.08550000,2.08550000,105467.10000000,2.089,2.089,2.0872,2.0872,116.0,2.0879,2.0882,2.0851,2.0856,43519.16,2.088,2.089,2.086,2.086,36935.56651800,2.08826,2.08826,2.0855,2.0855,1875.33861089
2025-12-07 20:51,2.0856,2.0871,2.0853,2.0868,45390.41808,2.08550000,2.08710000,2.08540000,2.08690000,46751.30000000,2.087,2.087,2.087,2.087,12.8,2.0856,2.0874,2.0855,2.0871,32828.9,2.086,2.087,2.085,2.086,34456.24154600,2.08558,2.0871,2.08558,2.0871,18161.16018331
2025-12-07 20:52,2.0868,2.0873,2.0848,2.0848,19655.20858,2.08690000,2.08720000,2.08510000,2.08510000,8515.80000000,2.0877,2.0877,2.087,2.087,69.496353,2.0871,2.0877,2.0855,2.0855,8732.76,2.087,2.088,2.085,2.085,34627.59650200,2.087,2.08737,2.08565,2.08577,8417.82075334
2025-12-07 20:53,2.0847,2.0847,2.0829,2.0833,80652.5838,2.08500000,2.08500000,2.08250000,2.08350000,93686.90000000,2.0863,2.0863,2.085,2.085,41.6,2.0855,2.0855,2.083,2.0833,33963.89,2.084,2.084,2.083,2.084,21085.94596300,2.08549,2.08549,2.08366,2.08369,6080.61123117
2025-12-07 20:54,2.0835,2.0854,2.0828,2.083,11864.684522,2.08350000,2.08530000,2.08310000,2.08310000,65430.20000000,,,,,,2.0833,2.0855,2.083,2.0831,43876.94,2.084,2.086,2.082,2.083,44848.75331200,2.08411,2.08565,2.08366,2.08366,197.49052344
2025-12-07 20:55,2.0832,2.0843,2.0828,2.0843,7030.566211,2.08310000,2.08410000,2.08290000,2.08410000,40779.80000000,,,,,,2.0831,2.0842,2.0828,2.0842,27244.6,2.084,2.084,2.083,2.084,46950.19037900,2.08366,2.08416,2.08366,2.08413,562.9024813999999
2025-12-07 20:56,2.0841,2.0851,2.0839,2.0846,3372.475699,2.08420000,2.08480000,2.08390000,2.08440000,10091.90000000,,,,,,2.0842,2.0849,2.0839,2.0844,6037.65,2.084,2.085,2.084,2.085,66524.25482700,2.08453,2.08515,2.08432,2.08479,1546.96349394
2025-12-07 20:57,2.0846,2.0857,2.0844,2.0853,6582.898581,2.08450000,2.08540000,2.08440000,2.08530000,13454.60000000,,,,,,2.0844,2.0856,2.0844,2.0854,7988.07,2.084,2.086,2.084,2.085,66281.49578000,2.08475,2.08567,2.08475,2.08567,5135.35588995
2025-12-07 20:58,2.0855,2.0858,2.0847,2.0857,12663.900674,2.08540000,2.08560000,2.08510000,2.08560000,7991.20000000,,,,,,2.0854,2.0859,2.0849,2.0857,3140.34,2.086,2.086,2.084,2.085,46132.89108200,2.08577,2.08577,2.08559,2.08559,39.45696124
2025-12-07 20:59,2.0858,2.0861,2.0851,2.0851,2595.330677,2.08560000,2.08610000,2.08470000,2.08470000,9872.40000000,2.0859,2.0861,2.0859,2.0861,8.0,2.0857,2.0863,2.0849,2.0849,5650.56,2.086,2.086,2.084,2.084,46517.31975100,2.08609,2.08609,2.08608,2.08608,791.27469878
2025-12-07 21:00,2.085,2.085,2.0805,2.0814,144739.842806,2.08470000,2.08480000,2.08040000,2.08110000,76492.40000000,2.0852,2.0852,2.0822,2.0822,736.6,2.0849,2.0849,2.0807,2.0817,31551.73,2.084,2.084,2.08,2.081,50483.73586300,2.08608,2.08608,2.08211,2.08211,39129.40159504
2025-12-07 21:01,2.0813,2.0818,2.08,2.0803,40045.811191,2.08110000,2.08160000,2.07970000,2.07980000,67520.20000000,2.082,2.082,2.0814,2.0814,12.79999999,2.0817,2.0819,2.0787,2.0799,56668.99,2.081,2.081,2.08,2.08,20325.59562700,2.0821,2.0821,2.08044,2.08044,1768.0350260900002
2025-12-07 21:02,2.0802,2.0802,2.0774,2.0787,73077.659911,2.07990000,2.07990000,2.07790000,2.07840000,63542.20000000,2.0814,2.0814,2.0796,2.0796,291.60000001,2.0799,2.08,2.0779,2.0785,25068.41,2.08,2.08,2.078,2.078,33646.95439600,2.08003,2.08003,2.07849,2.07856,1479.7587859
2025-12-07 21:03,2.0786,2.0786,2.0753,2.0761,253631.681291,2.07830000,2.07830000,2.07600000,2.07620000,103254.70000000,2.0792,2.0792,2.0772,2.0772,1299.58536421,2.0785,2.0785,2.0761,2.0762,44875.88,2.078,2.078,2.076,2.077,23769.15145500,2.07849,2.07849,2.077,2.077,4662.93428046
2025-12-07 21:04,2.0761,2.0778,2.0759,2.0774,25532.142253,2.07620000,2.07790000,2.07610000,2.07740000,30914.10000000,2.0772,2.078,2.0772,2.078,300.0,2.0762,2.0781,2.0762,2.0775,13150.25,2.076,2.078,2.076,2.077,28246.40273900,2.07701,2.07772,2.077,2.07745,1489.9035520500001
2025-12-07 21:05,2.0774,2.078,2.0764,2.0777,66784.960496,2.07730000,2.07800000,2.07710000,2.07770000,10120.20000000,,,,,,2.0775,2.0779,2.077,2.0778,8930.41,2.077,2.078,2.077,2.077,71472.00677700,2.07782,2.07799,2.07746,2.07763,1295.58749391
2025-12-07 21:06,2.0778,2.0778,2.0754,2.0769,63186.572859,2.07770000,2.07770000,2.07540000,2.07660000,73370.40000000,2.0771,2.0771,2.0763,2.0763,680.0,2.0778,2.0778,2.0754,2.0768,30447.25,2.077,2.078,2.076,2.076,59550.26432700,2.07738,2.07738,2.0767,2.0767,21260.25906806
2025-12-07 21:07,2.077,2.077,2.076,2.0768,9876.707633,2.07650000,2.07680000,2.07590000,2.07680000,21772.50000000,,,,,,2.0768,2.0769,2.0758,2.0766,9009.6,2.076,2.077,2.076,2.077,72055.83963300,2.07669,2.07669,2.07665,2.07665,141.60147782
2025-12-07 21:08,2.0768,2.0771,2.0756,2.0763,43122.114334,2.07680000,2.07680000,2.07570000,2.07640000,23731.80000000,,,,,,2.0766,2.0769,2.0755,2.0763,8784.51,2.077,2.077,2.075,2.076,46843.17479800,2.07699,2.077,2.07586,2.07604,1341.77532465
2025-12-07 21:09,2.0765,2.0768,2.0756,2.0763,68106.85025,2.07640000,2.07670000,2.07540000,2.07650000,35166.10000000,2.0773,2.0773,2.0773,2.0773,250.0,2.0763,2.0767,2.0753,2.0763,12173.07,2.077,2.077,2.075,2.076,62884.76430700,2.07676,2.07695,2.07568,2.07586,20097.310601139998
2025-12-07 21:10,2.0765,2.0773,2.0761,2.0762,17746.283652,2.07650000,2.07720000,2.07610000,2.07620000,26264.90000000,,,,,,2.0763,2.0773,2.0759,2.0761,19482.81,2.077,2.077,2.076,2.076,33694.05012400,2.077,2.077,2.07603,2.07663,32123.71928714
2025-12-07 21:11,2.0761,2.0762,2.0735,2.0744,114766.212738,2.07610000,2.07610000,2.07340000,2.07430000,79328.80000000,2.0764,2.0764,2.075,2.075,73.6,2.0761,2.0763,2.0727,2.0743,34405.31,2.076,2.076,2.073,2.075,32187.12130000,2.07608,2.07608,2.07398,2.07399,13634.22427838
2025-12-07 21:12,2.0743,2.0743,2.0724,2.0732,25673.502991,2.07420000,2.07420000,2.07240000,2.07320000,51874.10000000,2.074,2.074,2.074,2.074,4.8,2.0743,2.0743,2.0724,2.0731,22860.79,2.074,2.074,2.072,2.074,36184.06024200,2.07395,2.07395,2.073,2.07339,14753.099086279999
2025-12-07 21:13,2.0732,2.0743,2.0731,2.0743,9096.5727,2.07310000,2.07410000,2.07310000,2.07400000,13980.50000000,,,,,,2.0731,2.0741,2.0731,2.0737,9065.84,2.073,2.075,2.073,2.074,24156.76434200,2.07384,2.07402,2.07384,2.074,2034.57533741
2025-12-07 21:14,2.0743,2.0744,2.0736,2.0741,19378.973111,2.07410000,2.07430000,2.07370000,2.07380000,29659.60000000,2.0748,2.0748,2.0747,2.0747,2000.9988,2.0737,2.0742,2.0732,2.0735,11391.45,2.075,2.075,2.073,2.074,28792.08898700,2.074,2.074,2.07341,2.07399,700.74988677
2025-12-07 21:15,2.074,2.074,2.0726,2.0731,24619.292931,2.07380000,2.07380000,2.07220000,2.07280000,15395.60000000,,,,,,2.0735,2.0737,2.072,2.0726,6337.94,2.073,2.073,2.072,2.073,43724.48065600,2.073,2.07301,2.073,2.07301,1450.5564550899999
2025-12-07 21:16,2.0731,2.0731,2.0717,2.0718,31810.344321,2.07290000,2.07290000,2.07160000,2.07230000,30430.00000000,2.0738,2.0738,2.0733,2.0733,72.38257826,2.0726,2.0728,2.0713,2.072,14232.18,2.072,2.073,2.072,2.073,50673.04826800,2.073,2.07301,2.073,2.073,29583.66926475
2025-12-07 21:17,2.0723,2.0728,2.0719,2.0721,36121.337594,2.07230000,2.07230000,2.07180000,2.07190000,6365.80000000,2.0732,2.0732,2.0727,2.0727,50.0,2.072,2.0723,2.0715,2.0716,3308.98,2.073,2.073,2.072,2.072,24517.99869000,2.07301,2.07301,2.073,2.073,39173.41691579
2025-12-07 21:18,2.0719,2.0731,2.0713,2.0729,56422.230192,2.07190000,2.07260000,2.07140000,2.07250000,57088.20000000,2.0731,2.0731,2.0731,2.0731,50.0,2.0716,2.0726,2.0711,2.0724,23676.68,2.072,2.073,2.071,2.073,50551.49617800,2.07301,2.07301,2.073,2.073,1755.57251769
2025-12-07 21:19,2.073,2.0739,2.0722,2.0723,40434.244329,2.07260000,2.07340000,2.07180000,2.07180000,79663.50000000,,,,,,2.0724,2.0735,2.0717,2.0718,31954.65,2.073,2.074,2.072,2.073,33095.94530200,2.0734,2.0734,2.073,2.073,129.48579999999998
2025-12-07 21:20,2.0723,2.0726,2.0706,2.0724,26695.176967,2.07190000,2.07230000,2.07020000,2.07230000,36751.70000000,2.0725,2.0732,2.0712,2.0732,344.8,2.0718,2.0725,2.0701,2.0723,14155.09,2.073,2.073,2.07,2.072,44536.83508700,2.073,2.073,2.07091,2.07249,30972.24166104
2025-12-07 21:21,2.0725,2.0739,2.0722,2.0725,43008.278806,2.07230000,2.07390000,2.07220000,2.07250000,52253.90000000,2.0732,2.0746,2.0732,2.0746,66.0,2.0723,2.0737,2.0718,2.0727,21654.42,2.073,2.074,2.072,2.073,53296.56746700,2.0729,2.07343,2.07238,2.07238,2937.1109038
2025-12-07 21:22,2.073,2.0732,2.0724,2.0728,16558.803166,2.07250000,2.07310000,2.07240000,2.07250000,24385.40000000,,,,,,2.0727,2.0733,2.072,2.0725,9754.88,2.073,2.073,2.072,2.072,38987.14267900,2.0732,2.0732,2.07255,2.07255,2568.68903771
2025-12-07 21:23,2.0728,2.0733,2.0715,2.0723,52424.050202,2.07260000,2.07340000,2.07120000,2.07220000,144522.00000000,2.0728,2.0728,2.0722,2.0722,654.0,2.0725,2.0733,2.0713,2.0721,58215.76,2.072,2.073,2.071,2.072,61248.93226300,2.07257,2.07299,2.07148,2.07148,107.44542693
2025-12-07 21:24,2.0723,2.0723,2.0704,2.0711,44221.475041,2.07210000,2.07220000,2.07040000,2.07080000,24997.50000000,2.0721,2.0721,2.0712,2.0712,115.99999998999999,2.0721,2.0722,2.0701,2.0709,10203.81,2.072,2.072,2.07,2.071,55969.40803000,2.07223,2.07223,2.0707,2.07071,1354.51513049
2025-12-07 21:25,2.0711,2.0715,2.0706,2.0707,16135.327298,2.07090000,2.07120000,2.07020000,2.07020000,26301.50000000,,,,,,2.0709,2.0714,2.0701,2.0701,9821.22,2.071,2.072,2.07,2.07,65887.92613900,2.07088,2.07109,2.07083,2.07083,3479.31344159
2025-12-07 21:26,2.0706,2.0711,2.0679,2.0683,112009.548284,2.07030000,2.07090000,2.06780000,2.06820000,352826.70000000,2.0711,2.0711,2.07,2.07,65.6,2.0701,2.0711,2.0677,2.068,173755.55,2.07,2.071,2.068,2.068,62472.70224600,2.07043,2.071,2.0683,2.0683,7346.09195887
2025-12-07 21:27,2.0683,2.0683,2.067,2.0673,30805.210234,2.06820000,2.06820000,2.06710000,2.06750000,71668.10000000,2.0694,2.0694,2.069,2.0691,134.7,2.068,2.0684,2.0669,2.0672,36464.08,2.068,2.069,2.067,2.067,87364.98213400,2.06825,2.06825,2.06679,2.06721,72471.44842358
2025-12-07 21:28,2.0671,2.0681,2.0661,2.0679,105042.825753,2.06740000,2.06810000,2.06600000,2.06780000,137558.40000000,2.0689,2.0689,2.0676,2.0676,627.57979231,2.0672,2.068,2.0657,2.0678,55031.77,2.067,2.068,2.066,2.067,93004.17395200,2.06711,2.06777,2.06641,2.06777,3191.29508661
2025-12-07 21:29,2.0679,2.0687,2.0678,2.0681,10791.67505,2.06790000,2.06860000,2.06730000,2.06780000,80557.80000000,2.0695,2.0696,2.0695,2.0696,50.0,2.0678,2.0686,2.0674,2.0676,49603.85,2.068,2.069,2.068,2.068,31581.33367700,2.06777,2.06777,2.06776,2.06777,2386.49289408
2025-12-07 21:30,2.068,2.0685,2.0665,2.068,33013.392024,2.06780000,2.06830000,2.06650000,2.06810000,59131.70000000,,,,,,2.0676,2.0684,2.0665,2.068,21917.84,2.068,2.069,2.066,2.068,73300.24243400,2.06777,2.06777,2.06738,2.06777,32598.601321820002
2025-12-07 21:31,2.0682,2.0696,2.0677,2.0677,15868.633008,2.06810000,2.06920000,2.06750000,2.06750000,44607.30000000,,,,,,2.068,2.0693,2.0673,2.0674,19525.28,2.068,2.069,2.068,2.068,100147.66813400,2.06776,2.068,2.06776,2.068,15899.27058416
2025-12-07 21:32,2.0677,2.0683,2.0665,2.0683,29981.943509,2.06740000,2.06780000,2.06630000,2.06780000,41292.70000000,2.0685,2.0685,2.0681,2.0681,32.0,2.0674,2.0679,2.066,2.0679,21321.3,2.067,2.068,2.066,2.068,58065.01784300,2.06724,2.06759,2.06659,2.06759,1236.68237
2025-12-07 21:33,2.0683,2.0706,2.0681,2.0706,14392.948029,2.06780000,2.07030000,2.06780000,2.07030000,24283.80000000,2.0692,2.0706,2.0692,2.0706,48.0,2.0679,2.0705,2.0676,2.0704,9527.13,2.068,2.071,2.068,2.07,89509.13091300,2.068,2.06948,2.06799,2.06947,23630.39233429
2025-12-07 21:34,2.0708,2.0722,2.07,2.07,246684.986637,2.07040000,2.07150000,2.06970000,2.06970000,81857.70000000,2.0707,2.0717,2.0707,2.0709,170.0,2.0704,2.0716,2.0695,2.0695,35997.51,2.071,2.072,2.07,2.07,86900.96249300,2.071,2.07151,2.06997,2.07025,14422.22752921
2025-12-07 21:35,2.07,2.0702,2.0685,2.0695,79078.194808,2.06960000,2.06970000,2.06830000,2.06940000,60077.50000000,2.0705,2.0705,2.0698,2.0704,82.0,2.0695,2.0702,2.0683,2.0696,23867.32,2.07,2.07,2.068,2.07,41618.98770500,2.06963,2.06963,2.06877,2.06951,13779.42309193
2025-12-07 21:36,2.0694,2.0697,2.0643,2.0646,40234.179747,2.06940000,2.06950000,2.06410000,2.06440000,84066.10000000,2.0691,2.0691,2.0665,2.0665,124.8,2.0696,2.0696,2.0643,2.0647,32461.3,2.07,2.07,2.064,2.064,42082.52987200,2.06956,2.06957,2.06526,2.06526,6625.08361461
2025-12-07 21:37,2.0648,2.0651,2.0629,2.0637,141818.000321,2.06440000,2.06480000,2.06300000,2.06430000,62590.50000000,2.066,2.066,2.065,2.065,17.6,2.0647,2.0651,2.0629,2.0643,31365.67,2.065,2.065,2.063,2.064,54746.38884700,2.06525,2.06526,2.06465,2.06465,6436.2880606300005
2025-12-07 21:38,2.0643,2.0643,2.0613,2.0617,296584.242684,2.06430000,2.06430000,2.06110000,2.06170000,96018.00000000,2.0649,2.0649,2.064,2.064,85.96797877,2.0643,2.0643,2.0614,2.0619,31172.26,2.064,2.064,2.062,2.062,35365.60346100,2.06466,2.06466,2.06292,2.06292,5374.197496340001
2025-12-07 21:39,2.0618,2.0619,2.0593,2.0597,137177.251534,2.06170000,2.06190000,2.05930000,2.05970000,155638.30000000,2.0631,2.0631,2.062,2.062,25.6,2.0619,2.062,2.0593,2.0598,73278.27,2.062,2.062,2.059,2.06,40731.03231800,2.06292,2.06292,2.05965,2.0598,67079.17345836
2025-12-07 21:40,2.0596,2.0621,2.0596,2.0605,39042.903726,2.05970000,2.06210000,2.05970000,2.06070000,37602.50000000,,,,,,2.0598,2.0623,2.0598,2.0609,13461.99,2.06,2.063,2.06,2.061,95687.25696400,2.0604,2.06195,2.0604,2.06077,3903.64245264
2025-12-07 21:41,2.0605,2.0613,2.0598,2.0608,11665.930787,2.06060000,2.06120000,2.05960000,2.06090000,85741.80000000,,,,,,2.0609,2.0613,2.06,2.061,35324.9,2.06,2.062,2.06,2.062,58804.71007800,2.06051,2.06079,2.06041,2.06056,493.44158
2025-12-07 21:42,2.0611,2.0611,2.0561,2.0575,167478.689813,2.06090000,2.06120000,2.05730000,2.05760000,117225.70000000,2.0611,2.0611,2.0591,2.0591,341.16519283,2.061,2.0615,2.0573,2.0575,48893.05,2.062,2.062,2.057,2.058,78337.40238100,2.0604,2.0604,2.0575,2.05754,8508.69123246
2025-12-07 21:43,2.0576,2.0596,2.0576,2.0584,27522.093218,2.05760000,2.05980000,2.05760000,2.05870000,52129.30000000,2.0598,2.06,2.0598,2.06,100.0,2.0575,2.06,2.0575,2.0587,21655.77,2.058,2.06,2.058,2.058,92934.72386500,2.059,2.05956,2.05852,2.05867,965.42247314
2025-12-07 21:44,2.0585,2.0604,2.0579,2.0595,153236.195044,2.05870000,2.06060000,2.05840000,2.05960000,79472.90000000,2.0605,2.0605,2.0605,2.0605,4.0,2.0587,2.0608,2.0586,2.0596,36414.46,2.059,2.06,2.058,2.06,19424.98553100,2.05871,2.05872,2.05871,2.05872,4769.20847526
2025-12-07 21:45,2.0597,2.0603,2.0566,2.0566,124731.892049,2.05970000,2.06050000,2.05660000,2.05660000,52863.00000000,2.0594,2.0594,2.0573,2.0574,4074.0,2.0596,2.0605,2.057,2.057,17535.55,2.06,2.061,2.057,2.057,67834.93408100,2.05963,2.05963,2.05871,2.05871,532.50256073
2025-12-07 21:46,2.0565,2.0608,2.0546,2.0608,193671.734558,2.05660000,2.06060000,2.05510000,2.06060000,140655.40000000,2.0576,2.0619,2.055,2.0619,8609.281360930001,2.057,2.0605,2.0544,2.0604,84836.36,2.056,2.061,2.055,2.061,71657.57684000,2.05737,2.06,2.05584,2.05999,8414.649451969999
2025-12-07 21:47,2.0606,2.0608,2.056,2.0571,42768.341657,2.06060000,2.06060000,2.05620000,2.05690000,37230.30000000,2.0616,2.0616,2.0581,2.0581,98.0,2.0604,2.0604,2.0558,2.0566,13880.13,2.061,2.061,2.056,2.057,74297.89209500,2.06,2.06,2.0562,2.05654,1806.01562503
2025-12-07 21:48,2.0567,2.0567,2.0507,2.0508,128566.800986,2.05690000,2.05690000,2.05100000,2.05110000,200677.90000000,2.0577,2.0577,2.0521,2.0521,12240.0,2.0566,2.0566,2.0506,2.0507,109000.78,2.057,2.057,2.051,2.051,82746.66164700,2.05598,2.05599,2.0525,2.0525,23200.65921995
2025-12-07 21:49,2.0511,2.0526,2.049,2.0513,130315.253262,2.05110000,2.05290000,2.04920000,2.05140000,153715.90000000,2.0525,2.0525,2.0498,2.0498,274.35962093,2.0507,2.0528,2.0493,2.0513,84194.45,2.051,2.053,2.05,2.051,78605.21487700,2.052,2.052,2.04953,2.05127,11607.79074559
2025-12-07 21:50,2.0512,2.0523,2.0493,2.0496,56534.521305,2.05140000,2.05220000,2.04910000,2.04960000,45971.90000000,,,,,,2.0513,2.0524,2.0489,2.0498,20617.65,2.052,2.053,2.049,2.049,104615.39074200,2.05206,2.05227,2.04955,2.04988,12132.74123564
2025-12-07 21:51,2.0496,2.0498,2.0477,2.0485,19760.206056,2.04970000,2.04970000,2.04760000,2.04870000,96637.70000000,2.0498,2.0498,2.0498,2.0498,8.0,2.0498,2.0499,2.0475,2.0488,43077.86,2.05,2.05,2.048,2.049,118419.05355400,2.04969,2.04969,2.048,2.048,98587.32969212999
2025-12-07 21:52,2.0485,2.0494,2.0469,2.0473,53307.259847,2.04880000,2.04950000,2.04680000,2.04700000,69518.50000000,2.048,2.0485,2.048,2.0485,150.0,2.0488,2.0499,2.0471,2.0473,36491.84,2.048,2.049,2.047,2.047,98492.98090700,2.04859,2.04875,2.04754,2.04763,69384.27837015
2025-12-07 21:53,2.0471,2.0475,2.0456,2.0458,13691.724473,2.04700000,2.04750000,2.04560000,2.04570000,144312.10000000,2.0479,2.0479,2.047,2.047,158.0,2.0473,2.0477,2.0456,2.0459,57004.43,2.047,2.047,2.045,2.045,99780.89581400,2.04763,2.04763,2.04547,2.04547,5415.41003782
2025-12-07 21:54,2.0457,2.0457,2.0428,2.0433,84206.47833,2.04570000,2.04570000,2.04290000,2.04330000,133923.20000000,2.0467,2.0467,2.0436,2.0451,8166.0,2.0459,2.0459,2.0427,2.0435,56124.73,2.046,2.046,2.043,2.043,103312.50441700,2.04567,2.04567,2.04403,2.04403,5924.25894304
2025-12-07 21:55,2.0428,2.045,2.0405,2.0421,33839.198905,2.04330000,2.04500000,2.04050000,2.04200000,139162.50000000,2.0427,2.0458,2.0419,2.0438,213.15404904,2.0435,2.0447,2.0404,2.0419,129909.9,2.043,2.045,2.041,2.042,53680.19619300,2.04403,2.04431,2.04167,2.04167,3874.5983794999997
2025-12-07 21:56,2.0421,2.0427,2.0356,2.0369,143750.054896,2.04200000,2.04280000,2.03540000,2.03660000,265915.80000000,2.0429,2.0429,2.0364,2.0364,4246.46834607,2.0419,2.0425,2.035,2.0361,108727.71,2.042,2.042,2.035,2.037,111726.29465500,2.04218,2.04218,2.03707,2.03708,12966.72962464
2025-12-07 21:57,2.0368,2.039,2.0362,2.039,116167.376739,2.03670000,2.03890000,2.03630000,2.03890000,102581.50000000,2.0383,2.0396,2.0374,2.0396,5320.0,2.0361,2.0388,2.036,2.0388,45336.36,2.037,2.038,2.036,2.038,97071.79650400,2.03709,2.03908,2.037,2.039,14079.45377705
2025-12-07 21:58,2.0392,2.0445,2.0385,2.0444,64644.157991,2.03900000,2.04440000,2.03850000,2.04420000,115657.00000000,2.0403,2.0447,2.0403,2.0447,28.0,2.0388,2.0443,2.0381,2.0437,52694.46,2.039,2.044,2.038,2.044,105909.87398900,2.03944,2.04374,2.03944,2.04374,115.88982129
2025-12-07 21:59,2.0446,2.0513,2.0446,2.049,150241.023525,2.04420000,2.05130000,2.04410000,2.04910000,145218.30000000,2.0449,2.0517,2.0449,2.0517,703.55126308,2.0437,2.0512,2.0437,2.0488,96422.38,2.044,2.051,2.044,2.049,101659.21313300,2.04443,2.05043,2.04443,2.04973,94554.30552806
2025-12-07 22:00,2.0489,2.0489,2.0449,2.0455,67405.60874,2.04900000,2.04900000,2.04500000,2.04560000,67019.70000000,2.0492,2.0492,2.0467,2.0467,2115.2412981,2.0488,2.0488,2.0448,2.0453,52555.5,2.047,2.047,2.045,2.046,123051.73582100,2.04973,2.04973,2.04607,2.04607,19070.202306119998
2025-12-07 22:01,2.0459,2.0462,2.0401,2.042,45926.586791,2.04560000,2.04600000,2.04040000,2.04180000,51926.50000000,2.0466,2.0466,2.0423,2.0423,128.0,2.0453,2.0461,2.0399,2.0416,31687.39,2.046,2.046,2.04,2.042,120008.85389500,2.04606,2.04606,2.04155,2.04155,37687.15494515
2025-12-07 22:02,2.0423,2.0426,2.0405,2.0407,32752.735462,2.04180000,2.04270000,2.04050000,2.04050000,37867.10000000,2.0429,2.0429,2.0429,2.0429,50.0,2.0416,2.0423,2.0401,2.0402,12137.92,2.042,2.043,2.04,2.041,125992.70250600,2.04222,2.04223,2.04139,2.04139,5076.56114494
2025-12-07 22:03,2.0406,2.0421,2.0385,2.0403,187524.572785,2.04040000,2.04210000,2.03830000,2.03990000,180882.00000000,2.0416,2.0421,2.04,2.0421,152.0,2.0402,2.0419,2.038,2.0399,75905.48,2.04,2.042,2.039,2.04,99245.99107500,2.04138,2.04138,2.03988,2.0402,15530.69802712
2025-12-07 22:04,2.0399,2.0407,2.036,2.0361,85198.238837,2.03990000,2.04040000,2.03600000,2.03600000,102469.10000000,2.0404,2.0404,2.0375,2.0375,82.0,2.0399,2.0403,2.0355,2.0357,48087.98,2.04,2.04,2.036,2.036,149554.33078400,2.04068,2.04068,2.03586,2.03586,86062.95760736
2025-12-07 22:05,2.036,2.036,2.025,2.025,284244.243018,2.03590000,2.03590000,2.02540000,2.02540000,422885.40000000,2.0368,2.0368,2.0276,2.0285,16046.9,2.0357,2.0359,2.0252,2.0255,185334.45,2.035,2.036,2.025,2.026,145248.17653500,2.03579,2.03579,2.027,2.027,57160.40414946
2025-12-07 22:06,2.025,2.0264,2.0196,2.0196,325329.56881,2.02540000,2.02620000,2.01950000,2.01950000,420061.20000000,2.0266,2.0266,2.0222,2.0231,2243.74290525,2.0255,2.0266,2.02,2.0201,191218.24,2.026,2.026,2.02,2.02,92897.92709400,2.027,2.027,2.021,2.021,62506.235035310005
2025-12-07 22:07,2.0197,2.0209,2.0125,2.0127,391152.718194,2.01960000,2.01980000,2.01230000,2.01250000,611800.30000000,2.0211,2.0211,2.0143,2.0143,4611.78953565,2.0201,2.0203,2.0121,2.0134,540535.58,2.019,2.019,2.013,2.013,135046.70315100,2.02061,2.02061,2.01313,2.01313,57984.85565793
2025-12-07 22:08,2.0126,2.0234,2.0123,2.0229,208262.02933,2.01240000,2.02320000,2.01240000,2.02270000,281868.50000000,2.0206,2.0254,2.0206,2.0254,1020.0,2.0134,2.0236,2.012,2.0228,118388.11,2.013,2.022,2.013,2.022,109905.68487400,2.01423,2.02254,2.01423,2.02254,5702.472484960001
2025-12-07 22:09,2.0229,2.0262,2.018,2.0252,192783.310681,2.02270000,2.02590000,2.01780000,2.02470000,130665.10000000,2.0258,2.0282,2.0213,2.0282,5105.809361,2.0228,2.026,2.0178,2.0246,63810.39,2.023,2.026,2.018,2.025,118358.30545100,2.02393,2.02571,2.0182,2.02526,5168.00019155
2025-12-07 22:10,2.025,2.0346,2.0239,2.0346,180870.28728,2.02470000,2.03570000,2.02390000,2.03540000,409090.10000000,2.0275,2.0374,2.0275,2.0374,5181.1401193,2.0246,2.036,2.0237,2.0356,187430.12,2.025,2.036,2.023,2.036,272885.04597300,2.0254,2.03455,2.0254,2.03455,10589.16740638
2025-12-07 22:11,2.0324,2.0376,2.0322,2.0353,31280.876414,2.03550000,2.03730000,2.03140000,2.03530000,263332.30000000,2.0362,2.0399,2.0362,2.0399,3088.74290525,2.0356,2.0376,2.0313,2.0357,170177.29,2.035,2.038,2.031,2.035,264580.64618400,2.03455,2.0375,2.03332,2.036,3871.24557525
2025-12-07 22:12,2.0356,2.0357,2.0271,2.0274,123052.713375,2.03530000,2.03540000,2.02670000,2.02760000,221897.90000000,2.0357,2.0357,2.029,2.029,5104.0,2.0357,2.0357,2.0267,2.0279,118084.15,2.035,2.035,2.027,2.027,224236.84831300,2.03352,2.03399,2.02823,2.02823,33968.0972573
2025-12-07 22:13,2.0275,2.028,2.0241,2.0277,97397.338111,2.02770000,2.02790000,2.02420000,2.02770000,65021.80000000,2.0285,2.0289,2.0257,2.0289,3074.0,2.0279,2.0282,2.0239,2.0277,33973.71,2.027,2.028,2.024,2.028,261020.49709400,2.02821,2.02879,2.02485,2.02816,3445.05161025
2025-12-07 22:14,2.0278,2.0319,2.0278,2.0305,63627.467584,2.02770000,2.03180000,2.02770000,2.03030000,79279.60000000,2.0294,2.0314,2.0294,2.0314,36.0,2.0277,2.0322,2.0277,2.0305,35049.9,2.028,2.032,2.028,2.03,222529.45028100,2.02797,2.03203,2.02797,2.03125,1987.34999842
2025-12-07 22:15,2.0307,2.0328,2.0275,2.0311,74447.516637,2.03040000,2.03260000,2.02700000,2.03070000,241323.10000000,2.0305,2.0334,2.0297,2.0334,48.0,2.0305,2.0328,2.0269,2.0307,100154.24,2.031,2.032,2.027,2.03,139743.15205500,2.03048,2.03778,2.02875,2.03168,1479858.18889013
2025-12-07 22:16,2.0312,2.0319,2.0291,2.0319,54701.728051,2.03080000,2.03150000,2.02880000,2.03110000,250992.30000000,2.0318,2.0318,2.0318,2.0318,50.0,2.0307,2.0317,2.0285,2.0311,108535.63,2.031,2.031,2.029,2.031,176135.29611500,2.03167,2.03251,2.03,2.03168,38363.45856295
2025-12-07 22:17,2.0312,2.0344,2.03,2.0331,35062.724141,2.03120000,2.03380000,2.02970000,2.03300000,94205.60000000,2.0334,2.0358,2.0334,2.0347,1090.0,2.0311,2.0341,2.0298,2.0332,42253.94,2.032,2.034,2.03,2.033,134936.35990800,2.03303,2.03454,2.03171,2.03439,72933.14169115
2025-12-07 22:18,2.0334,2.0345,2.0269,2.027,82211.230844,2.03310000,2.03420000,2.02680000,2.02680000,170204.90000000,2.0335,2.0335,2.0299,2.0299,160.0,2.0332,2.0343,2.0269,2.027,91823.19,2.033,2.034,2.026,2.026,211881.11498800,2.03439,2.03481,2.02909,2.02909,43284.238954039996
2025-12-07 22:19,2.0264,2.0286,2.0248,2.0264,25281.754616,2.02680000,2.02860000,2.02500000,2.02660000,96772.40000000,2.0288,2.0297,2.0266,2.0287,2136.0,2.027,2.029,2.0249,2.0267,58351.76,2.026,2.028,2.025,2.027,135659.55090800,2.02822,2.02822,2.0267,2.02711,28766.485974680003
2025-12-07 22:20,2.0267,2.0269,2.0225,2.0238,246833.118075,2.02660000,2.02690000,2.02280000,2.02360000,239265.40000000,2.0269,2.0269,2.025,2.0252,166.74290525,2.0267,2.027,2.0225,2.0237,125934.14,2.027,2.027,2.023,2.023,60830.46944800,2.02648,2.02648,2.02372,2.02462,11165.853742450001
2025-12-07 22:21,2.0237,2.0262,2.0202,2.0262,115082.481424,2.02360000,2.02610000,2.02000000,2.02610000,148266.90000000,2.0248,2.0273,2.0222,2.0273,94.0,2.0237,2.0264,2.02,2.0264,61860.77,2.022,2.026,2.021,2.026,66753.85600900,2.02306,2.0304,2.02122,2.02389,497479.82448009
2025-12-07 22:22,2.0263,2.0288,2.0253,2.0253,64227.976875,2.02620000,2.02850000,2.02510000,2.02520000,129920.70000000,2.0274,2.0296,2.0274,2.0296,20.0,2.0264,2.0286,2.0252,2.0256,53119.49,2.027,2.028,2.025,2.026,7989.41550000,2.02703,2.02964,2.02634,2.02634,29134.34287914
2025-12-07 22:23,2.0252,2.0257,2.0225,2.0252,67856.04705,2.02520000,2.02540000,2.02230000,2.02530000,126735.40000000,2.0276,2.0276,2.0263,2.0263,48.0,2.0256,2.0258,2.0221,2.0255,69738.82,2.025,2.026,2.022,2.026,22734.68927900,2.02633,2.02633,2.02381,2.02576,23107.112734129998
2025-12-07 22:24,2.0253,2.0253,2.0223,2.0238,26537.329189,2.02520000,2.02520000,2.02200000,2.02320000,88196.60000000,,,,,,2.0255,2.0255,2.0222,2.0237,66230.06,2.025,2.025,2.023,2.023,5594.98302100,2.02595,2.02595,2.02331,2.02363,14602.0435303
2025-12-07 22:25,2.0238,2.029,2.0237,2.029,43030.192048,2.02320000,2.02860000,2.02320000,2.02860000,55345.50000000,2.0272,2.0287,2.0272,2.0287,74.0,2.0237,2.0287,2.0237,2.0287,83523.96,2.024,2.029,2.024,2.029,76329.70789300,2.0244,2.02939,2.0244,2.02938,21091.77885754
2025-12-07 22:26,2.0292,2.0374,2.0292,2.033,75029.873911,2.02870000,2.03650000,2.02870000,2.03280000,424155.90000000,2.0296,2.0361,2.0296,2.0361,48.0,2.0287,2.0362,2.0287,2.0327,128303.79,2.029,2.036,2.029,2.033,101930.38003800,2.02938,2.03707,2.02938,2.03409,28608.34030329
2025-12-07 22:27,2.0328,2.033,2.0293,2.0324,27471.845617,2.03290000,2.03290000,2.02920000,2.03210000,47887.00000000,2.0336,2.0336,2.0319,2.0319,56.0,2.0327,2.0327,2.0291,2.0319,19519.31,2.032,2.032,2.03,2.032,50207.07780200,2.03351,2.03351,2.03106,2.03306,32085.91852739
2025-12-07 22:28,2.0322,2.0327,2.0295,2.0319,12181.056777,2.03210000,2.03260000,2.02920000,2.03180000,56137.70000000,,,,,,2.0319,2.0324,2.0289,2.0314,24311.82,2.032,2.033,2.03,2.032,78657.78505900,2.03296,2.03313,2.03114,2.03156,18227.91471118
2025-12-07 22:29,2.032,2.0356,2.032,2.0356,18419.823751,2.03180000,2.03510000,2.03180000,2.03500000,60964.10000000,2.0333,2.0354,2.0333,2.0354,32.0,2.0314,2.035,2.0314,2.0347,41527.41,2.032,2.035,2.032,2.035,78574.05851700,2.03274,2.03523,2.03274,2.03523,395.77675138
2025-12-07 22:30,2.0348,2.0354,2.0327,2.0354,39403.379086,2.03510000,2.03510000,2.03250000,2.03490000,82780.00000000,2.0342,2.0342,2.0342,2.0342,8.0,2.0347,2.035,2.0322,2.035,31469.01,2.035,2.035,2.033,2.035,74914.11975900,2.03459,2.03487,2.0333,2.03484,3730.12880649
2025-12-07 22:31,2.0354,2.0368,2.0341,2.035,38039.791533,2.03500000,2.03660000,2.03400000,2.03460000,107278.30000000,2.0358,2.0367,2.0358,2.0367,20.0,2.035,2.0369,2.0338,2.0344,42896.58,2.035,2.036,2.034,2.034,66576.90105400,2.03523,2.03685,2.03523,2.03603,20684.26539711
2025-12-07 22:32,2.035,2.0384,2.0349,2.0374,124065.360368,2.03460000,2.03820000,2.03460000,2.03730000,85049.60000000,2.0376,2.0385,2.0376,2.0385,60.74290525,2.0344,2.0382,2.0344,2.0371,37313.28,2.035,2.038,2.035,2.038,70297.42624700,2.03604,2.03704,2.03604,2.03704,2680.11399007
2025-12-07 22:33,2.0374,2.0401,2.0373,2.04,76819.120136,2.03720000,2.03990000,2.03700000,2.03980000,47403.00000000,2.0393,2.0404,2.0393,2.0404,16.0,2.0371,2.04,2.0367,2.0395,23259.34,2.038,2.04,2.037,2.039,36285.35135700,2.0375,2.04055,2.0375,2.04052,17626.24685081
2025-12-07 22:34,2.0402,2.0495,2.0402,2.0432,67192.700207,2.03980000,2.04920000,2.03970000,2.04260000,289689.50000000,2.0413,2.0509,2.0413,2.0453,9320.29416834,2.0395,2.0492,2.0395,2.0428,143266.83,2.04,2.049,2.04,2.043,81364.53494800,2.04056,2.04997,2.04056,2.04355,35466.31105789
2025-12-07 22:35,2.0432,2.0432,2.0382,2.0396,274835.483267,2.04270000,2.04280000,2.03770000,2.03920000,92719.30000000,2.0435,2.0435,2.0403,2.0407,538.0,2.0428,2.0428,2.0374,2.0395,42487.16,2.043,2.043,2.038,2.039,112934.63492300,2.04256,2.04302,2.03927,2.03927,107251.76751245001
2025-12-07 22:36,2.0398,2.0409,2.0376,2.0376,18309.854746,2.03930000,2.04100000,2.03750000,2.03750000,63641.80000000,2.0407,2.0416,2.0398,2.0398,20.02793159,2.0395,2.0407,2.0373,2.0373,28937.85,2.039,2.041,2.038,2.038,60017.51642500,2.04042,2.04138,2.03976,2.03976,60842.22898987
2025-12-07 22:37,2.0374,2.0408,2.0374,2.0389,19341.29996,2.03740000,2.04070000,2.03670000,2.03870000,60167.00000000,2.0396,2.0409,2.0392,2.0409,82.0,2.0373,2.0404,2.0366,2.0387,21667,2.037,2.041,2.037,2.039,70060.42235700,2.0387,2.04138,2.0387,2.04001,14760.76502445
2025-12-07 22:38,2.0389,2.0408,2.0386,2.0403,13827.977097,2.03880000,2.04070000,2.03860000,2.04010000,24048.90000000,,,,,,2.0387,2.0405,2.0384,2.0401,13842.77,2.039,2.041,2.038,2.04,85228.99323100,2.0405,2.04158,2.04001,2.04076,12978.0210944
2025-12-07 22:39,2.0404,2.0472,2.0401,2.0445,124351.173688,2.04010000,2.04670000,2.04000000,2.04420000,75567.10000000,2.0418,2.0476,2.0418,2.0476,24.0,2.0401,2.0469,2.0399,2.0443,40446.64,2.04,2.046,2.04,2.045,63369.82609700,2.04151,2.04605,2.04151,2.04541,598.47249881
2025-12-07 22:40,2.0448,2.0449,2.0418,2.0425,45892.984512,2.04420000,2.04450000,2.04160000,2.04190000,39218.10000000,,,,,,2.0443,2.0448,2.0418,2.042,18207.14,2.044,2.044,2.041,2.042,96083.18714800,2.04369,2.04377,2.04296,2.04296,1354.26216474
2025-12-07 22:41,2.0425,2.045,2.0418,2.0418,23436.572158,2.04190000,2.04430000,2.04160000,2.04190000,27045.70000000,2.0452,2.0452,2.0446,2.0446,630.0,2.042,2.0447,2.0418,2.0419,17013.74,2.043,2.045,2.041,2.042,72444.49715300,2.04297,2.04379,2.04265,2.04265,2127.06455539
2025-12-07 22:42,2.0422,2.0448,2.042,2.0448,30969.23135,2.04190000,2.04470000,2.04180000,2.04470000,68652.20000000,2.0455,2.0455,2.0455,2.0455,4.0,2.0419,2.0446,2.0414,2.0445,35737.05,2.042,2.045,2.042,2.044,92492.01886600,2.04265,2.04454,2.04265,2.04371,744.55051016
2025-12-07 22:43,2.0448,2.0453,2.0436,2.0445,77867.731364,2.04470000,2.04470000,2.04310000,2.04390000,44032.60000000,,,,,,2.0445,2.0449,2.0431,2.0443,13761.22,2.045,2.045,2.043,2.045,67623.06118800,2.0455,2.0455,2.04441,2.04502,26296.34294808
2025-12-07 22:44,2.0445,2.0448,2.044,2.0448,7867.728003,2.04390000,2.04440000,2.04350000,2.04430000,38553.40000000,,,,,,2.0443,2.0447,2.0436,2.0443,15386,2.045,2.045,2.043,2.044,75040.88120800,2.04502,2.04502,2.04485,2.04486,129.079014
2025-12-07 22:45,2.0446,2.0462,2.044,2.0462,13781.374161,2.04430000,2.04600000,2.04370000,2.04600000,22734.20000000,2.0457,2.0464,2.0457,2.0464,16.0,2.0443,2.0459,2.0439,2.0457,9384.28,2.044,2.046,2.044,2.046,60790.85530200,2.04543,2.04606,2.04543,2.04606,37.27730357
2025-12-07 22:46,2.0463,2.0463,2.0437,2.044,11857.21302,2.04600000,2.04600000,2.04360000,2.04360000,50780.60000000,,,,,,2.0457,2.0461,2.0435,2.0436,22192.05,2.046,2.046,2.043,2.044,50443.68363500,2.04605,2.04606,2.04476,2.04477,39187.11085027
2025-12-07 22:47,2.044,2.048,2.0437,2.048,56022.956031,2.04370000,2.04750000,2.04360000,2.04750000,25755.60000000,2.0466,2.0477,2.0466,2.0477,66.0,2.0436,2.0477,2.0436,2.0477,13404.16,2.044,2.048,2.044,2.047,82034.74320000,2.04477,2.04765,2.04477,2.04765,84.22373999999999
2025-12-07 22:48,2.0477,2.0478,2.0422,2.0427,23897.117745,2.04740000,2.04740000,2.04200000,2.04220000,50334.80000000,2.0468,2.0468,2.0449,2.0449,114.0,2.0477,2.0477,2.042,2.0423,16418.27,2.047,2.047,2.042,2.042,73981.80564700,2.04635,2.04691,2.04259,2.04281,3102.60169289
2025-12-07 22:49,2.0424,2.0424,2.0382,2.0399,20119.770449,2.04220000,2.04220000,2.03780000,2.03940000,68034.70000000,2.0447,2.0447,2.0415,2.0415,612.0,2.0423,2.0423,2.0378,2.0395,31311.28,2.042,2.042,2.038,2.04,67816.60143300,2.04182,2.04182,2.04001,2.04001,622.68515034
2025-12-07 22:50,2.04,2.0416,2.0392,2.0408,8828.208725,2.03950000,2.04120000,2.03870000,2.04030000,33855.20000000,,,,,,2.0395,2.0417,2.0391,2.0405,41549.09,2.039,2.042,2.039,2.041,23919.39340500,2.04001,2.04002,2.04001,2.04002,1386.383457
2025-12-07 22:51,2.0408,2.0408,2.0379,2.0387,13579.247718,2.04030000,2.04040000,2.03750000,2.03850000,114141.30000000,2.0406,2.0406,2.0399,2.0399,24.0,2.0405,2.0409,2.0376,2.0384,46369.46,2.041,2.041,2.038,2.039,41492.69492900,2.0408,2.0408,2.03886,2.03889,10818.95249478
2025-12-07 22:52,2.0386,2.0396,2.0359,2.0363,13121.845993,2.03850000,2.03970000,2.03570000,2.03590000,65365.10000000,2.0398,2.0398,2.0389,2.0389,64.0,2.0384,2.0395,2.0348,2.0359,54519.33,2.039,2.04,2.036,2.037,34600.08333500,2.03917,2.03997,2.038,2.038,8390.09250864
2025-12-07 22:53,2.0362,2.0365,2.0311,2.0343,167077.316778,2.03590000,2.03600000,2.03060000,2.03430000,120133.20000000,2.0364,2.0364,2.0323,2.0323,5051.94847714,2.0359,2.0362,2.0308,2.0342,34201.31,2.036,2.036,2.032,2.035,50218.52003500,2.03759,2.03759,2.03334,2.0344,3976.67835221
2025-12-07 22:54,2.0342,2.0365,2.032,2.0334,112732.088629,2.03420000,2.03590000,2.03200000,2.03330000,88163.90000000,2.0357,2.0365,2.0349,2.0349,36.0,2.0342,2.0364,2.0321,2.0332,49682.97,2.034,2.037,2.032,2.033,82268.98198000,2.03621,2.0363,2.03253,2.03253,29025.81964249
2025-12-07 22:55,2.0333,2.034,2.0232,2.0273,77897.076993,2.03340000,2.03410000,2.02280000,2.02690000,154131.50000000,2.0342,2.0342,2.0239,2.0257,4064.0,2.0332,2.0341,2.0228,2.0264,71729.34,2.034,2.035,2.023,2.028,69218.50743200,2.03384,2.03384,2.02383,2.02753,22773.06646753
2025-12-07 22:56,2.0273,2.0321,2.027,2.0299,100398.774742,2.02700000,2.03190000,2.02700000,2.02980000,47442.60000000,2.0308,2.0308,2.0308,2.0308,4.0,2.0264,2.0323,2.0264,2.0298,66967.68,2.027,2.032,2.027,2.029,68193.04297700,2.02766,2.03033,2.02766,2.03033,2614.3529395
2025-12-07 22:57,2.0298,2.0304,2.0281,2.0302,15169.287735,2.02980000,2.02980000,2.02770000,2.02970000,32932.50000000,2.0299,2.0299,2.0296,2.0296,66.0,2.0298,2.0302,2.0279,2.03,16488.64,2.03,2.03,2.028,2.03,73102.26183200,2.02996,2.02997,2.02929,2.02986,2309.96961472
2025-12-07 22:58,2.0302,2.0327,2.0276,2.0321,21763.477154,2.02970000,2.03240000,2.02720000,2.03140000,56196.90000000,2.0304,2.033,2.0294,2.033,5044.0,2.03,2.0328,2.0277,2.0317,25964.95,2.03,2.033,2.028,2.032,57875.97942200,2.0308,2.03111,2.02928,2.03086,1091.94919801
2025-12-07 22:59,2.0316,2.0316,2.0285,2.0295,9288.449927,2.03140000,2.03160000,2.02840000,2.02910000,24451.20000000,,,,,,2.0317,2.032,2.0284,2.0292,23605.96,2.032,2.032,2.029,2.03,43947.03818700,2.03225,2.03225,2.02929,2.03016,2893.5100180500003
2025-12-07 23:00,2.0295,2.0314,2.0288,2.0313,24258.077421,2.02900000,2.03090000,2.02850000,2.03090000,27599.80000000,,,,,,2.0292,2.0313,2.0286,2.0313,17133.53,2.03,2.031,2.029,2.031,82378.74622200,2.02967,2.03167,2.02967,2.03167,469.56002609999996
2025-12-07 23:01,2.0315,2.0349,2.0309,2.0322,62630.266478,2.03100000,2.03440000,2.03090000,2.03170000,48575.90000000,2.0336,2.0352,2.0333,2.0333,52.0,2.0313,2.0348,2.0313,2.0318,20508.5,2.032,2.035,2.032,2.032,76979.69445300,2.03233,2.0346,2.03233,2.03378,1513.92554067
2025-12-07 23:02,2.0323,2.034,2.0288,2.0327,57974.613227,2.03170000,2.03370000,2.02830000,2.03290000,38565.10000000,2.0331,2.0345,2.03,2.0345,96.0,2.0318,2.0339,2.0283,2.0329,25155.95,2.032,2.034,2.029,2.034,78762.49120200,2.03333,2.03333,2.03016,2.03325,1322.19345607
2025-12-07 23:03,2.0327,2.0336,2.0315,2.032,122013.808774,2.03280000,2.03350000,2.03130000,2.03180000,72086.40000000,,,,,,2.0329,2.0336,2.031,2.0321,42899.25,2.032,2.034,2.031,2.032,75115.48021500,2.03362,2.03362,2.03251,2.03252,1178.4259312899999
2025-12-07 23:04,2.032,2.0328,2.0281,2.0328,157246.612745,2.03180000,2.03240000,2.02800000,2.03240000,45337.90000000,2.0327,2.0333,2.0314,2.0333,96.0,2.0321,2.0329,2.028,2.0329,16825.64,2.032,2.033,2.029,2.032,75339.41807700,2.03252,2.03307,2.0297,2.03307,12753.35136038
2025-12-07 23:05,2.0328,2.0328,2.0263,2.0265,137180.945307,2.03240000,2.03250000,2.02610000,2.02650000,60989.90000000,2.0318,2.0318,2.0293,2.0293,104.0,2.0329,2.0329,2.0261,2.0267,30421.81,2.032,2.033,2.026,2.027,62265.72912700,2.03217,2.03217,2.02806,2.02806,2458.94400718
2025-12-07 23:06,2.027,2.027,2.0231,2.0231,30097.398106,2.02650000,2.02680000,2.02310000,2.02310000,60628.60000000,2.0261,2.0261,2.025,2.025,72.0,2.0267,2.0267,2.023,2.023,27646.33,2.026,2.026,2.024,2.024,73432.66668100,2.02707,2.02707,2.02413,2.02413,6495.43091428
2025-12-07 23:07,2.0232,2.0304,2.0232,2.0295,130469.392013,2.02320000,2.03070000,2.02320000,2.02960000,40634.60000000,2.0277,2.0306,2.0277,2.0306,124.0,2.023,2.0307,2.023,2.0295,25193.81,2.024,2.03,2.024,2.03,72750.09743000,2.02339,2.02985,2.02339,2.02985,2450.75854755
2025-12-07 23:08,2.03,2.0307,2.0291,2.0307,47312.534035,2.02970000,2.03060000,2.02860000,2.03010000,27118.20000000,2.0313,2.0313,2.0313,2.0313,4.0,2.0295,2.0308,2.0287,2.03,24469.66,2.03,2.031,2.029,2.03,69247.42260700,2.03069,2.03069,2.03003,2.03021,27533.007532689997
2025-12-07 23:09,2.0301,2.0308,2.0287,2.0287,48334.821214,2.03000000,2.03040000,2.02830000,2.02830000,31333.10000000,,,,,,2.03,2.0307,2.0283,2.0286,15808.4,2.03,2.031,2.029,2.029,36829.89217600,2.03021,2.03072,2.0302,2.03022,497.16469
2025-12-07 23:10,2.0286,2.0322,2.0275,2.032,30935.304439,2.02820000,2.03190000,2.02750000,2.03170000,23199.30000000,2.0303,2.0327,2.0297,2.0327,95.99999999,2.0286,2.0319,2.0274,2.0316,37707.9,2.028,2.032,2.028,2.032,70395.52686400,2.03021,2.03203,2.02955,2.03203,7435.29377533
2025-12-07 23:11,2.0321,2.0323,2.0291,2.0292,34021.284773,2.03170000,2.03210000,2.02890000,2.02890000,29194.70000000,2.0327,2.0327,2.0313,2.0313,24.00000001,2.0316,2.0319,2.0285,2.0286,14099.61,2.031,2.032,2.029,2.03,38996.02837300,2.03254,2.03254,2.02977,2.02977,253.95071984999998
2025-12-07 23:12,2.0291,2.0309,2.0284,2.0304,14118.677652,2.02890000,2.03070000,2.02840000,2.03010000,29956.40000000,,,,,,2.0286,2.0305,2.0282,2.0298,12023.86,2.029,2.031,2.029,2.031,53315.26849900,2.03048,2.03075,2.0296,2.03075,8432.58433
2025-12-07 23:13,2.0302,2.032,2.03,2.0309,34857.700146,2.03010000,2.03170000,2.02980000,2.03060000,38590.30000000,2.0322,2.0324,2.0322,2.0322,262.0,2.0298,2.0316,2.0293,2.0305,22001.71,2.03,2.032,2.03,2.031,58749.01116000,2.03077,2.03142,2.03077,2.03114,2289.6901828
2025-12-07 23:14,2.0309,2.0326,2.0303,2.0319,33837.3261,2.03070000,2.03300000,2.03030000,2.03160000,109608.60000000,2.0325,2.0332,2.0325,2.0332,28.0,2.0305,2.0323,2.0301,2.0312,47090.3,2.031,2.033,2.031,2.032,65787.17231200,2.03208,2.03216,2.03208,2.03216,286.79533000000004
2025-12-07 23:15,2.0319,2.0343,2.0319,2.0331,42606.42107,2.03160000,2.03400000,2.03160000,2.03290000,102059.10000000,2.0333,2.0343,2.0333,2.0343,28.0,2.0312,2.0342,2.0312,2.0329,47431.33,2.032,2.034,2.032,2.033,42587.74102100,2.03218,2.03354,2.03218,2.03354,1234.33783281
2025-12-07 23:16,2.0331,2.0338,2.0308,2.0332,96362.772908,2.03280000,2.03410000,2.03030000,2.03290000,303337.00000000,2.0331,2.0331,2.0327,2.0327,24.0,2.0329,2.0339,2.0303,2.033,132886.18,2.033,2.033,2.031,2.032,31773.47412200,2.03275,2.03354,2.03275,2.033,35.63431
2025-12-07 23:17,2.0331,2.0334,2.0316,2.0334,35252.717947,2.03290000,2.03300000,2.03150000,2.03290000,35313.10000000,,,,,,2.033,2.0333,2.0315,2.0333,20603.75,2.033,2.033,2.031,2.033,45173.94742100,2.03298,2.03298,2.03251,2.03262,302.02794163
2025-12-07 23:18,2.033,2.033,2.0313,2.0324,22117.362661,2.03290000,2.03290000,2.03150000,2.03250000,20710.30000000,2.0334,2.0334,2.0334,2.0334,100.0,2.0333,2.0333,2.0315,2.0325,17916.5,2.033,2.033,2.031,2.032,50437.67081000,2.03251,2.03251,2.03251,2.03251,28.65669
2025-12-07 23:19,2.0325,2.033,2.0304,2.0315,27508.496744,2.03240000,2.03250000,2.03020000,2.03140000,14388.10000000,,,,,,2.0325,2.0327,2.0303,2.0317,11605.71,2.032,2.033,2.03,2.031,35165.38565700,2.0325,2.0325,2.03201,2.03201,333.06039
2025-12-07 23:20,2.0316,2.0341,2.0315,2.0336,44310.159056,2.03150000,2.03400000,2.03120000,2.03320000,17421.70000000,2.0343,2.0349,2.0343,2.0349,20.0,2.0317,2.0341,2.0314,2.0331,21855.07,2.032,2.034,2.032,2.034,65916.87762300,2.03221,2.03394,2.03221,2.03394,113.14569406999999
2025-12-07 23:21,2.0333,2.035,2.0327,2.035,46727.922295,2.03320000,2.03500000,2.03270000,2.03500000,38180.60000000,2.035,2.0354,2.035,2.0354,20.0,2.0331,2.0351,2.0325,2.035,32703.21,2.033,2.035,2.033,2.035,45082.55961900,2.03338,2.03436,2.03338,2.03436,134.68578491
2025-12-07 23:22,2.035,2.036,2.0337,2.036,56682.507341,2.03500000,2.03570000,2.03350000,2.03570000,88891.40000000,2.0359,2.0368,2.0359,2.0368,12.0,2.035,2.0358,2.0334,2.0358,31377.79,2.035,2.036,2.034,2.036,46711.77169600,2.03454,2.03525,2.03454,2.03525,926.49134617
2025-12-07 23:23,2.036,2.0375,2.0346,2.0375,21519.749727,2.03580000,2.03760000,2.03450000,2.03720000,17336.00000000,2.037,2.0381,2.037,2.0381,150.0,2.0358,2.0373,2.0343,2.037,10136.23,2.036,2.038,2.035,2.037,63926.23448300,2.03526,2.0368,2.03525,2.0368,5094.50427575
2025-12-07 23:24,2.0376,2.0383,2.0362,2.0368,79112.587158,2.03720000,2.03800000,2.03590000,2.03660000,29993.20000000,2.0384,2.0388,2.0384,2.0388,56.74290525,2.037,2.0381,2.0356,2.0368,10633.27,2.038,2.039,2.036,2.037,56948.85072900,2.0375,2.0377,2.0375,2.03757,379.89871988
2025-12-07 23:25,2.0368,2.0369,2.0351,2.0364,19332.361684,2.03660000,2.03660000,2.03520000,2.03630000,16289.80000000,,,,,,2.0368,2.0369,2.035,2.0363,7207.98,2.037,2.037,2.035,2.036,46769.67845000,2.03758,2.03758,2.03605,2.03692,174.04766749
2025-12-07 23:26,2.0364,2.0368,2.035,2.0352,28169.151877,2.03630000,2.03630000,2.03460000,2.03520000,54455.20000000,2.0373,2.0373,2.037,2.037,16.0,2.0363,2.0363,2.0346,2.0352,22060.95,2.036,2.037,2.035,2.035,35074.08182500,2.03622,2.03623,2.03606,2.03606,135.61958
2025-12-07 23:27,2.0356,2.0387,2.0355,2.0384,56423.250191,2.03520000,2.03790000,2.03520000,2.03790000,60550.30000000,2.037,2.0397,2.037,2.0397,556.9180166900001,2.0352,2.0384,2.0351,2.0379,29458.07,2.036,2.039,2.036,2.039,45837.48752800,2.03606,2.03769,2.03606,2.03769,129.79392719
2025-12-07 23:28,2.0384,2.0384,2.0365,2.0373,19038.856296,2.03790000,2.03790000,2.03640000,2.03700000,48623.60000000,,,,,,2.0379,2.0379,2.0363,2.0369,22568.26,2.038,2.038,2.036,2.038,31305.70851800,2.03758,2.0377,2.03757,2.0377,25731.8135974
2025-12-07 23:29,2.0373,2.0373,2.0363,2.0369,6877.087017,2.03700000,2.03700000,2.03600000,2.03640000,26991.20000000,,,,,,2.0369,2.0369,2.0359,2.0364,13845.32,2.037,2.037,2.036,2.036,26486.73446200,2.0377,2.0377,2.03769,2.03769,78.931829
2025-12-07 23:30,2.0368,2.037,2.0351,2.0353,64474.779939,2.03640000,2.03640000,2.03470000,2.03520000,28987.80000000,2.0375,2.0375,2.0371,2.0371,24.0,2.0364,2.0364,2.0345,2.0351,8201.43,2.036,2.037,2.035,2.035,60697.32540900,2.03757,2.03757,2.03667,2.03668,179.96189952999998
2025-12-07 23:31,2.0355,2.0362,2.0343,2.0343,28879.977959,2.03530000,2.03590000,2.03410000,2.03410000,32451.40000000,2.0369,2.0369,2.0365,2.0365,31.99999999,2.0351,2.0363,2.0335,2.0341,14998.85,2.035,2.036,2.034,2.034,62260.05543400,2.03668,2.03668,2.03603,2.03603,1833.89265955
2025-12-07 23:32,2.0343,2.0369,2.0342,2.0362,12214.781969,2.03410000,2.03670000,2.03400000,2.03610000,8087.70000000,,,,,,2.0341,2.0366,2.0339,2.0365,5041.26,2.035,2.037,2.035,2.036,55626.93685700,2.03604,2.0371,2.03604,2.0371,142.18977915
2025-12-07 23:33,2.0363,2.0383,2.0357,2.0378,12511.970558,2.03610000,2.03800000,2.03580000,2.03750000,15169.00000000,2.0382,2.0389,2.0382,2.0389,28.0,2.0365,2.0379,2.0355,2.0375,6405.51,2.036,2.038,2.036,2.037,51346.93509300,2.0377,2.03881,2.0377,2.03841,2594.6133439
2025-12-07 23:34,2.0377,2.0387,2.0371,2.0374,26096.371636,2.03750000,2.03770000,2.03700000,2.03720000,14854.80000000,,,,,,2.0375,2.0376,2.0364,2.037,7164.13,2.037,2.038,2.036,2.038,12913.03652500,2.0384,2.0384,2.0384,2.0384,19.72135
2025-12-07 23:35,2.0374,2.0386,2.0374,2.0379,12035.416775,2.03720000,2.03850000,2.03720000,2.03780000,23820.60000000,2.039,2.0393,2.039,2.0393,16.0,2.037,2.0384,2.037,2.0374,11956.01,2.038,2.039,2.038,2.038,24183.45521100,2.03824,2.03854,2.03824,2.03854,124.40186
2025-12-07 23:36,2.0378,2.0393,2.0376,2.0386,11575.176718,2.03770000,2.03920000,2.03730000,2.03860000,48682.70000000,2.0398,2.0399,2.0398,2.0399,8.0,2.0374,2.0391,2.0367,2.0382,19560.65,2.038,2.039,2.037,2.039,26907.27914900,2.03865,2.03965,2.03865,2.03965,1900.39785943
2025-12-07 23:37,2.0386,2.0386,2.037,2.0375,16220.934208,2.03860000,2.03860000,2.03710000,2.03760000,23456.00000000,,,,,,2.0382,2.0383,2.0368,2.0373,11397.34,2.039,2.039,2.037,2.037,17155.26768500,2.03932,2.03932,2.0385,2.03851,2818.99133935
2025-12-07 23:38,2.0374,2.0375,2.0355,2.0355,23965.462461,2.03750000,2.03750000,2.03510000,2.03510000,27538.10000000,2.0386,2.0386,2.0377,2.0377,63.99999999,2.0373,2.0373,2.0349,2.035,11636.96,2.037,2.038,2.035,2.035,20760.29006700,2.03851,2.03851,2.03671,2.03671,22303.46534406
2025-12-07 23:39,2.0355,2.0355,2.0323,2.0354,67323.560901,2.03510000,2.03540000,2.03200000,2.03530000,46376.50000000,2.0377,2.0377,2.0364,2.0364,72.00000002,2.035,2.0354,2.0318,2.0354,20876.58,2.035,2.036,2.032,2.035,29406.31194000,2.0367,2.0367,2.034,2.03563,7855.067680250001
2025-12-07 23:40,2.0353,2.0353,2.0338,2.0339,10845.095333,2.03540000,2.03540000,2.03360000,2.03370000,9580.00000000,,,,,,2.0354,2.0354,2.0334,2.0339,3810.37,2.035,2.035,2.033,2.034,41771.22111800,2.03564,2.03564,2.0351,2.03511,56.29507
2025-12-07 23:41,2.0338,2.0339,2.0319,2.0339,35224.707884,2.03370000,2.03370000,2.03190000,2.03370000,16423.90000000,2.0349,2.0349,2.0342,2.0342,40.0,2.0339,2.034,2.0319,2.034,8639.93,2.033,2.034,2.032,2.034,31834.49272100,2.0351,2.0351,2.03266,2.03329,12564.49491602
2025-12-07 23:42,2.0338,2.035,2.0332,2.0349,52924.766475,2.03370000,2.03480000,2.03310000,2.03480000,10983.70000000,,,,,,2.034,2.0349,2.0331,2.0347,4524.53,2.033,2.035,2.033,2.034,32323.78242600,2.03412,2.03534,2.03412,2.03534,5024.22559704
2025-12-07 23:43,2.0348,2.0361,2.0346,2.0354,32456.958916,2.03480000,2.03570000,2.03440000,2.03570000,17120.10000000,2.0351,2.0362,2.0351,2.0362,24.0,2.0347,2.0361,2.0342,2.036,12343.52,2.035,2.036,2.034,2.036,28080.09343200,2.03544,2.03613,2.03543,2.03613,19663.91103885
2025-12-07 23:44,2.0361,2.0362,2.0357,2.0358,3558.038465,2.03580000,2.03600000,2.03550000,2.03560000,10408.20000000,2.0364,2.0366,2.0364,2.0366,1079.01443582,2.036,2.0362,2.0353,2.0356,5370.61,2.036,2.036,2.035,2.036,21158.78531400,2.0364,2.0364,2.03639,2.0364,410.42005844
2025-12-07 23:45,2.0358,2.036,2.0352,2.0355,27312.608557,2.03570000,2.03570000,2.03510000,2.03540000,8752.60000000,,,,,,2.0356,2.0358,2.035,2.0355,3776.41,2.035,2.036,2.035,2.035,15206.89948300,2.03639,2.0364,2.03608,2.03609,298.77110251
2025-12-07 23:46,2.0355,2.0371,2.0352,2.0371,12091.851595,2.03530000,2.03690000,2.03510000,2.03690000,10795.50000000,2.0367,2.0371,2.0367,2.0371,12.0,2.0355,2.0368,2.0348,2.0368,3829.62,2.035,2.036,2.035,2.036,19786.24859000,2.03609,2.03654,2.03608,2.03654,100.4979166
2025-12-07 23:47,2.037,2.0382,2.0365,2.0379,11958.141526,2.03690000,2.03790000,2.03630000,2.03790000,19041.90000000,2.0373,2.0384,2.0373,2.0384,36.0,2.0368,2.038,2.0361,2.0379,9866.15,2.036,2.038,2.036,2.038,16411.21111700,2.03758,2.03804,2.03722,2.03804,329.64773276
2025-12-07 23:48,2.038,2.0398,2.038,2.0391,10130.642987,2.03790000,2.03960000,2.03770000,2.03900000,18736.70000000,2.0393,2.0397,2.0393,2.0397,12.0,2.0379,2.0398,2.0374,2.0392,10871.41,2.038,2.04,2.038,2.039,28247.51272300,2.03891,2.03903,2.0389,2.03903,15.44583154
2025-12-07 23:49,2.039,2.0397,2.038,2.0396,8362.172085,2.03890000,2.03950000,2.03810000,2.03930000,4294.70000000,,,,,,2.0392,2.0399,2.0377,2.0395,9227.95,2.038,2.04,2.038,2.039,15867.38291900,2.03962,2.03962,2.039,2.0395,2849.92839
2025-12-07 23:50,2.0394,2.04,2.0385,2.0395,14225.587908,2.03920000,2.03960000,2.03830000,2.03940000,14778.40000000,2.0402,2.0402,2.0402,2.0402,4.0,2.0395,2.0401,2.0383,2.0398,18678.21,2.039,2.04,2.038,2.039,16960.58181100,2.03951,2.03966,2.03911,2.03966,3843.09730652
2025-12-07 23:51,2.0396,2.041,2.0393,2.0408,11332.514301,2.03940000,2.04090000,2.03920000,2.04080000,25328.40000000,2.041,2.0413,2.041,2.0413,16.0,2.0398,2.0413,2.0394,2.0412,20139.96,2.04,2.042,2.039,2.041,26978.77941700,2.04,2.04054,2.03999,2.04054,1145.48185261
2025-12-07 23:52,2.0408,2.0408,2.0398,2.0398,26876.239435,2.04090000,2.04090000,2.03950000,2.03970000,21326.80000000,2.0414,2.0414,2.0414,2.0414,489.85990006,2.0412,2.0412,2.0396,2.0396,10071.43,2.041,2.041,2.039,2.04,14726.39598800,2.0408,2.04108,2.0408,2.04107,448.10900000000004
2025-12-07 23:53,2.0398,2.0405,2.0398,2.0401,16090.952803,2.03970000,2.04020000,2.03960000,2.03970000,9261.40000000,,,,,,2.0396,2.0409,2.0396,2.04,6478.54,2.039,2.041,2.039,2.04,17669.02389100,2.04049,2.04074,2.04048,2.04048,6075.21923448
2025-12-07 23:54,2.04,2.0415,2.04,2.0412,27923.698305,2.03970000,2.04140000,2.03960000,2.04100000,18161.80000000,2.0416,2.0416,2.0416,2.0416,50.0,2.04,2.0415,2.0395,2.0412,7293.64,2.039,2.041,2.039,2.041,10411.71744900,2.04048,2.04147,2.04048,2.04147,336.07025
2025-12-07 23:55,2.0412,2.0449,2.0412,2.0437,55299.171284,2.04100000,2.04450000,2.04100000,2.04330000,104503.20000000,2.0423,2.0432,2.0423,2.0432,215.3456912,2.0412,2.0449,2.0411,2.0435,43231.89,2.041,2.044,2.041,2.043,16851.44353800,2.04154,2.04528,2.04154,2.04417,35272.56383539
2025-12-07 23:56,2.0437,2.0445,2.0423,2.0425,136152.073605,2.04340000,2.04430000,2.04220000,2.04250000,41924.50000000,2.0454,2.0454,2.0454,2.0454,50.0,2.0435,2.0447,2.0426,2.0427,17905.18,2.043,2.045,2.042,2.042,24067.74264900,2.0444,2.04464,2.0444,2.04463,258.05840476000003
2025-12-07 23:57,2.0425,2.0446,2.0418,2.0444,70388.161256,2.04250000,2.04440000,2.04180000,2.04420000,53137.60000000,2.0441,2.0444,2.0441,2.0444,630.0,2.0427,2.0447,2.0416,2.0447,24079.29,2.043,2.045,2.042,2.044,24111.37727600,2.04342,2.04438,2.04251,2.04438,4287.97771772
2025-12-07 23:58,2.0446,2.0451,2.0434,2.0449,92354.651481,2.04430000,2.04470000,2.04320000,2.04470000,32927.80000000,2.0456,2.0456,2.0456,2.0456,4.0,2.0447,2.0451,2.0433,2.0447,13139.87,2.045,2.045,2.043,2.045,23395.37992000,2.04557,2.04557,2.04402,2.04402,645.90223262
2025-12-07 23:59,2.0449,2.0456,2.0441,2.0444,74978.531033,2.04480000,2.04530000,2.04390000,2.04420000,56184.10000000,2.0458,2.0458,2.0458,2.0458,4.0,2.0447,2.0457,2.0438,2.0442,23780.27,2.045,2.045,2.044,2.045,23023.26651400,2.04528,2.04583,2.04469,2.0447,3788.9429362299998
2025-12-08 00:00,2.0444,2.0447,2.0402,2.0414,81439.631825,2.04420000,2.04450000,2.04020000,2.04100000,130831.90000000,2.0447,2.0447,2.0424,2.0424,120.0,2.0442,2.0446,2.0402,2.0413,60638.08,2.045,2.045,2.041,2.041,52288.80576800,2.0447,2.04504,2.04054,2.04054,1417.92568661
2025-12-08 00:01,2.0411,2.0412,2.0385,2.0404,37947.500371,2.04100000,2.04100000,2.03810000,2.04010000,121814.50000000,2.0423,2.0423,2.0407,2.0419,303.01286049000004,2.0413,2.0413,2.0383,2.0402,49549.7,2.041,2.041,2.038,2.04,58669.52411100,2.04055,2.04078,2.04001,2.04078,1425.0531728800001
2025-12-08 00:02,2.0404,2.043,2.0396,2.042,67475.853764,2.04010000,2.04260000,2.03930000,2.04130000,402108.70000000,2.0421,2.0434,2.0421,2.0434,32.0,2.0402,2.0428,2.0393,2.0416,160332.71,2.04,2.043,2.039,2.042,71423.72860900,2.04078,2.0415,2.04053,2.0415,108990.91215614
2025-12-08 00:03,2.0418,2.0437,2.0418,2.0432,9501.183413,2.04140000,2.04340000,2.04140000,2.04270000,77241.10000000,,,,,,2.0416,2.0437,2.0416,2.0432,32050.5,2.042,2.044,2.041,2.043,38852.50682400,2.04301,2.04383,2.043,2.04383,1801.5151656799999
2025-12-08 00:04,2.0432,2.0473,2.0432,2.0466,77171.03693,2.04280000,2.04660000,2.04280000,2.04620000,77304.40000000,2.044,2.0453,2.044,2.0453,44.0,2.0432,2.0469,2.0432,2.0461,39509.35,2.043,2.047,2.043,2.046,39505.84548900,2.0443,2.04606,2.0443,2.04606,33.81993
2025-12-08 00:05,2.0464,2.0466,2.045,2.0459,18264.362699,2.04620000,2.04620000,2.04480000,2.04530000,121607.70000000,,,,,,2.0461,2.0467,2.0448,2.0458,42431.05,2.046,2.047,2.044,2.045,110547.04971800,2.04667,2.047,2.04565,2.04565,228.00868326
2025-12-08 00:06,2.0458,2.0458,2.0416,2.0419,29701.07322,2.04530000,2.04530000,2.04130000,2.04130000,45769.90000000,2.0443,2.0443,2.0439,2.0439,32.0,2.0458,2.0458,2.0414,2.0417,23709.46,2.045,2.045,2.041,2.041,99183.64122600,2.04559,2.04559,2.04235,2.04236,1789.52149582
2025-12-08 00:07,2.0419,2.0462,2.0419,2.046,23694.711486,2.04130000,2.04580000,2.04130000,2.04570000,60357.10000000,2.0448,2.0465,2.0448,2.0465,332.0,2.0417,2.0461,2.0417,2.046,27274.29,2.041,2.046,2.041,2.046,91707.42682200,2.04421,2.0465,2.04421,2.046,438.95803427
2025-12-08 00:08,2.046,2.0474,2.0413,2.0413,175159.028539,2.04570000,2.04630000,2.04130000,2.04140000,134127.70000000,2.0456,2.0456,2.0437,2.0437,1281.77822803,2.046,2.0464,2.041,2.0412,67745.94,2.045,2.046,2.041,2.041,145066.22357000,2.04622,2.04685,2.02878,2.04185,2176452.67201399
2025-12-08 00:09,2.0412,2.0431,2.0409,2.0431,123720.681453,2.04130000,2.04280000,2.04120000,2.04280000,174173.40000000,,,,,,2.0412,2.0431,2.0412,2.0429,63387.83,2.042,2.043,2.041,2.043,29938.57155800,2.04185,2.04185,2.04184,2.04184,210.42255999999998
2025-12-08 00:10,2.0431,2.0431,2.0389,2.0391,99313.208692,2.04270000,2.04270000,2.03880000,2.03950000,92121.80000000,2.043,2.043,2.0413,2.0413,120.0,2.0429,2.0431,2.0388,2.0393,48576.56,2.042,2.043,2.039,2.039,86123.21899500,2.04185,2.04185,2.03838,2.03838,292005.17881098
2025-12-08 00:11,2.0394,2.0394,2.0382,2.0387,18749.709093,2.03950000,2.03950000,2.03820000,2.03900000,27297.50000000,2.0403,2.0403,2.0403,2.0403,8.0,2.0393,2.0396,2.0379,2.0392,19173.74,2.039,2.04,2.038,2.039,84335.06127700,2.03835,2.0391,2.03808,2.03909,92605.33561442
2025-12-08 00:12,2.0392,2.0404,2.0387,2.0397,20818.227327,2.03910000,2.04020000,2.03870000,2.03960000,22229.30000000,,,,,,2.0392,2.0403,2.0385,2.0394,17178.77,2.039,2.041,2.038,2.04,99454.42278900,2.03831,2.0395,2.03831,2.0395,16605.3541
2025-12-08 00:13,2.0397,2.0401,2.0391,2.0396,10238.947935,2.03950000,2.03980000,2.03910000,2.03970000,11739.70000000,,,,,,2.0394,2.0401,2.0392,2.0399,6554.43,2.04,2.04,2.039,2.04,71465.01825000,2.0395,2.0395,2.03937,2.03937,202.53844125999998
2025-12-08 00:14,2.0397,2.0403,2.039,2.04,21251.064769,2.03970000,2.04010000,2.03860000,2.03970000,25958.20000000,,,,,,2.0399,2.0405,2.0389,2.0399,13137.6,2.04,2.041,2.039,2.04,89031.56382700,2.03904,2.03904,2.03888,2.03888,10619.58708995
2025-12-08 00:15,2.0398,2.0416,2.0392,2.0401,22174.872599,2.03960000,2.04120000,2.03890000,2.04010000,11140.60000000,2.0415,2.0419,2.0415,2.0419,12.0,2.0399,2.0415,2.039,2.04,16698.56,2.039,2.042,2.038,2.04,39002.18074200,2.03876,2.04065,2.03876,2.04065,29268.833483899998
2025-12-08 00:16,2.0402,2.0402,2.0377,2.0385,131937.579458,2.04000000,2.04000000,2.03770000,2.03870000,12991.30000000,2.041,2.041,2.0397,2.0397,48.0,2.04,2.04,2.0377,2.0385,14341.54,2.04,2.04,2.038,2.039,53563.02082100,2.03935,2.03935,2.03759,2.03827,13159.0026569
2025-12-08 00:17,2.0386,2.0396,2.0373,2.0393,247469.309558,2.03870000,2.03920000,2.03780000,2.03910000,17784.90000000,,,,,,2.0385,2.0394,2.0378,2.0391,15468.99,2.038,2.04,2.037,2.039,46915.21869600,2.03892,2.03898,2.03762,2.03898,603.45318431
2025-12-08 00:18,2.0395,2.0395,2.0338,2.0339,43219.762515,2.03910000,2.03910000,2.03380000,2.03420000,58187.40000000,2.0395,2.0395,2.0377,2.0377,88.0,2.0391,2.0393,2.0333,2.0342,25496.07,2.039,2.039,2.034,2.034,54728.60673800,2.03845,2.03845,2.03484,2.03484,3783.96585068
2025-12-08 00:19,2.0341,2.0348,2.0326,2.0329,48251.546911,2.03420000,2.03480000,2.03260000,2.03330000,16625.20000000,2.0349,2.0349,2.0345,2.0345,24.0,2.0342,2.035,2.0323,2.0332,29606.79,2.035,2.035,2.032,2.033,62829.26358300,2.03456,2.03456,2.03318,2.03318,877.0866926399999
2025-12-08 00:20,2.0328,2.0362,2.0322,2.0361,34520.812935,2.03320000,2.03600000,2.03190000,2.03600000,23272.50000000,2.0344,2.0366,2.0344,2.0366,20.0,2.0332,2.036,2.0319,2.0357,18367.98,2.034,2.036,2.031,2.036,38732.14659600,2.03317,2.03623,2.03306,2.03623,22416.56558861
2025-12-08 00:21,2.0361,2.0364,2.0344,2.0358,10336.916627,2.03600000,2.03600000,2.03420000,2.03570000,7255.20000000,,,,,,2.0357,2.0359,2.0339,2.0354,6151.12,2.035,2.035,2.034,2.035,2982.30952800,2.03537,2.03543,2.03487,2.0354,34797.57958223
2025-12-08 00:22,2.0359,2.0373,2.0353,2.037,14829.696315,2.03560000,2.03720000,2.03530000,2.03670000,51965.40000000,2.0369,2.0371,2.0369,2.0371,8.0,2.0354,2.0372,2.0352,2.0365,20620.58,2.036,2.037,2.036,2.037,8080.09778400,2.03543,2.03643,2.03542,2.03643,16508.90432315
2025-12-08 00:23,2.037,2.0423,2.0368,2.0422,30449.117249,2.03670000,2.04210000,2.03660000,2.04200000,121810.80000000,2.0373,2.0416,2.0373,2.0416,696.0,2.0365,2.0423,2.0362,2.0419,59348.25,2.037,2.042,2.037,2.042,4965.25524500,2.03717,2.04197,2.03717,2.04197,8193.26874867
2025-12-08 00:24,2.0422,2.0422,2.0402,2.0403,6897.646765,2.04200000,2.04200000,2.04000000,2.04010000,22524.60000000,,,,,,2.0419,2.0422,2.0399,2.04,11826.44,2.042,2.042,2.04,2.041,6200.88989400,2.04119,2.04119,2.04004,2.04004,256.25556194
2025-12-08 00:25,2.0403,2.0419,2.0403,2.0419,7926.793176,2.04020000,2.04200000,2.04010000,2.04200000,11181.10000000,,,,,,2.04,2.042,2.04,2.042,18712.43,2.04,2.042,2.04,2.042,40041.61787900,2.04092,2.04092,2.04053,2.04092,1166.3219265
2025-12-08 00:26,2.0417,2.0417,2.0389,2.0404,12442.037622,2.04190000,2.04190000,2.03860000,2.04040000,14888.50000000,,,,,,2.042,2.042,2.0386,2.0404,11305.03,2.042,2.042,2.039,2.04,37339.14832100,2.04118,2.04181,2.03912,2.04041,4152.26417298
2025-12-08 00:27,2.0407,2.0413,2.0402,2.041,11217.099528,2.04040000,2.04080000,2.04010000,2.04080000,12005.70000000,,,,,,2.0404,2.0409,2.0398,2.0404,7763.07,2.041,2.041,2.04,2.04,28769.19256300,2.04117,2.04117,2.04117,2.04117,5.75886536
2025-12-08 00:28,2.0406,2.0412,2.0398,2.0398,19255.874935,2.04080000,2.04080000,2.03970000,2.03970000,17606.50000000,,,,,,2.0404,2.0408,2.0394,2.0395,8371,2.041,2.041,2.039,2.04,31719.61802900,2.04042,2.04042,2.0404,2.04041,171.12278357
2025-12-08 00:29,2.0398,2.0408,2.0394,2.0408,5913.453666,2.03980000,2.04090000,2.03930000,2.04010000,18759.20000000,,,,,,2.0395,2.0406,2.0391,2.0401,6326.24,2.039,2.04,2.039,2.04,8592.16379200,2.03985,2.04013,2.0393,2.04013,3211.69405291
2025-12-08 00:30,2.0402,2.0402,2.0393,2.0399,13567.262556,2.04010000,2.04010000,2.03920000,2.03970000,8498.60000000,,,,,,2.0401,2.0401,2.0386,2.0396,5521.07,2.04,2.04,2.039,2.04,8985.94257600,2.03968,2.03968,2.0392,2.03966,4189.29174343
2025-12-08 00:31,2.0397,2.0409,2.0389,2.0396,8497.378204,2.03970000,2.04070000,2.03900000,2.03960000,10647.30000000,,,,,,2.0396,2.0406,2.0386,2.0396,4660.01,2.039,2.041,2.038,2.04,15164.63432500,2.03966,2.04011,2.03966,2.04011,240.40645
2025-12-08 00:32,2.0396,2.0418,2.0396,2.0415,12718.141344,2.03950000,2.04180000,2.03910000,2.04160000,7903.00000000,,,,,,2.0396,2.0419,2.0387,2.0414,6103.48,2.04,2.042,2.04,2.041,7335.33074500,2.03991,2.04119,2.0399,2.04119,47.200083
2025-12-08 00:33,2.0417,2.0431,2.0406,2.0426,8860.597928,2.04150000,2.04290000,2.04060000,2.04200000,14804.90000000,2.0425,2.0431,2.0425,2.0431,23.99999999,2.0414,2.043,2.0403,2.0422,12310.43,2.04,2.043,2.04,2.042,15590.16342300,2.04119,2.04248,2.04119,2.04231,145.13223698000002
2025-12-08 00:34,2.0425,2.0451,2.0425,2.0446,11983.424993,2.04210000,2.04480000,2.04210000,2.04440000,21062.50000000,2.0431,2.0444,2.0431,2.0444,32.00000001,2.0422,2.045,2.0421,2.0445,9216.93,2.042,2.045,2.042,2.045,17383.05101600,2.04265,2.044,2.04265,2.044,30382.4283107
2025-12-08 00:35,2.0446,2.0494,2.0442,2.049,45180.193722,2.04440000,2.04930000,2.04430000,2.04870000,57224.00000000,2.045,2.0481,2.045,2.0481,567.94847714,2.0445,2.0496,2.044,2.0489,26377.42,2.044,2.049,2.044,2.048,16337.47570500,2.04399,2.04828,2.04399,2.04828,33341.28182227
2025-12-08 00:36,2.049,2.049,2.0464,2.0467,60187.042969,2.04860000,2.04880000,2.04650000,2.04660000,153376.40000000,,,,,,2.0489,2.0489,2.0464,2.047,81933.93,2.049,2.049,2.046,2.047,32940.51411800,2.04828,2.04828,2.04713,2.04713,19858.50933396
2025-12-08 00:37,2.0472,2.0474,2.0462,2.0468,40335.011763,2.04660000,2.04710000,2.04590000,2.04640000,32467.90000000,,,,,,2.047,2.0474,2.0458,2.0463,23524.54,2.047,2.047,2.045,2.047,18054.22297400,2.04713,2.04713,2.0461,2.0461,2547.37318425
2025-12-08 00:38,2.0467,2.0468,2.0448,2.0464,28934.779092,2.04650000,2.04660000,2.04450000,2.04600000,51718.90000000,2.0472,2.0472,2.0466,2.0466,40.0,2.0463,2.0468,2.0443,2.0458,20809.81,2.047,2.047,2.044,2.046,14245.01340800,2.0461,2.0461,2.0461,2.0461,1301.20776632
2025-12-08 00:39,2.0465,2.0481,2.0458,2.0477,34208.162239,2.04610000,2.04790000,2.04540000,2.04750000,20304.40000000,2.0486,2.0486,2.0486,2.0486,4.0,2.0458,2.0482,2.0453,2.0473,16241.4,2.045,2.048,2.045,2.047,7920.12958600,2.0459,2.04772,2.04571,2.04758,17786.41432778
2025-12-08 00:40,2.0473,2.0477,2.0463,2.0465,44484.755554,2.04740000,2.04740000,2.04610000,2.04650000,27945.10000000,2.0479,2.0479,2.0479,2.0479,488.0,2.0473,2.0474,2.046,2.0465,12679.57,2.047,2.048,2.046,2.046,60547.59309300,2.04744,2.04744,2.04627,2.04655,16935.31280439
2025-12-08 00:41,2.0465,2.0469,2.0456,2.0466,6168.815238,2.04640000,2.04670000,2.04550000,2.04660000,13083.10000000,,,,,,2.0465,2.0468,2.0454,2.0465,7300.86,2.046,2.047,2.046,2.047,36001.66811000,2.04653,2.04653,2.04627,2.04627,36.03605053
2025-12-08 00:42,2.0464,2.0471,2.046,2.0468,12908.314409,2.04650000,2.04680000,2.04610000,2.04650000,11075.40000000,,,,,,2.0465,2.047,2.0459,2.0464,10623.08,2.046,2.047,2.045,2.047,38734.33060100,2.04627,2.04627,2.04627,2.04627,2071.00762036
2025-12-08 00:43,2.0466,2.0466,2.0446,2.0446,36450.504172,2.04650000,2.04650000,2.04460000,2.04470000,15224.60000000,2.0475,2.0475,2.0466,2.0466,48.0,2.0464,2.0464,2.0443,2.0447,10462.97,2.046,2.046,2.045,2.045,73717.78827800,2.04627,2.04627,2.04472,2.04472,3995.16193151
2025-12-08 00:44,2.0444,2.0451,2.0441,2.0445,13493.105606,2.04460000,2.04480000,2.04390000,2.04440000,5750.90000000,2.0464,2.0464,2.0459,2.0459,48.0,2.0447,2.045,2.0438,2.0445,8301.14,2.044,2.045,2.044,2.044,29443.90533700,2.04417,2.04433,2.04417,2.04433,14985.599592190001
2025-12-08 00:45,2.0441,2.0444,2.0414,2.0415,20369.308239,2.04430000,2.04430000,2.04140000,2.04140000,33556.30000000,2.0457,2.0457,2.044,2.044,80.0,2.0445,2.0445,2.0409,2.0413,12498.38,2.044,2.044,2.041,2.041,25666.67842400,2.04433,2.04433,2.04254,2.04254,1205.11178864
2025-12-08 00:46,2.0412,2.0448,2.0402,2.0434,27974.918735,2.04140000,2.04450000,2.04020000,2.04340000,28292.50000000,2.0449,2.046,2.0449,2.046,500.0,2.0413,2.0444,2.0399,2.043,41306.61,2.041,2.044,2.04,2.044,24609.29356200,2.04182,2.04409,2.04114,2.04391,2909.51636065
2025-12-08 00:47,2.0436,2.0447,2.0431,2.0442,7218.734582,2.04340000,2.04440000,2.04310000,2.04400000,11818.00000000,,,,,,2.043,2.0445,2.0427,2.0442,37614.86,2.043,2.045,2.042,2.045,14394.53550100,2.04346,2.045,2.04346,2.04398,210637.94569869
2025-12-08 00:48,2.0441,2.0468,2.0441,2.0464,5552.398424,2.04400000,2.04630000,2.04380000,2.04630000,8646.20000000,2.0458,2.0467,2.0458,2.0467,20.0,2.0442,2.0469,2.0436,2.0469,14289.33,2.043,2.047,2.043,2.046,17014.86815100,2.04398,2.04661,2.04398,2.04661,3682.64381985
2025-12-08 00:49,2.0469,2.047,2.0452,2.0467,16986.224624,2.04630000,2.04650000,2.04520000,2.04630000,34081.60000000,2.0468,2.0469,2.0468,2.0469,7.99999999,2.0469,2.047,2.0459,2.0468,70954.28,2.047,2.047,2.045,2.047,25233.27575700,2.04604,2.04687,2.04604,2.04687,4806.24840451
2025-12-08 00:50,2.0465,2.0467,2.0456,2.0462,3502.381882,2.04640000,2.04640000,2.04560000,2.04570000,18523.60000000,,,,,,2.0468,2.047,2.0459,2.0461,7924.09,2.047,2.047,2.045,2.046,22374.66295100,2.04674,2.04677,2.04569,2.04628,3851.9742241500003
2025-12-08 00:51,2.0458,2.0458,2.0439,2.0445,15076.588695,2.04570000,2.04570000,2.04340000,2.04390000,11255.10000000,2.0459,2.0459,2.0456,2.0456,32.0,2.0461,2.0461,2.0435,2.0443,4437.57,2.046,2.046,2.043,2.043,27951.23948000,2.0446,2.04467,2.04398,2.04398,35.8302
2025-12-08 00:52,2.0445,2.0451,2.0437,2.0444,11096.664733,2.04400000,2.04450000,2.04320000,2.04410000,6030.80000000,2.0455,2.0455,2.0454,2.0454,16.0,2.0443,2.0448,2.0431,2.0443,5512.07,2.043,2.045,2.043,2.045,18948.24205600,2.04398,2.04484,2.04398,2.04484,33728.83442278
2025-12-08 00:53,2.0443,2.0457,2.0442,2.0457,6444.979624,2.04410000,2.04520000,2.04410000,2.04520000,17647.30000000,2.0459,2.0459,2.0459,2.0459,50.0,2.0443,2.0453,2.0439,2.0453,9578.12,2.044,2.046,2.044,2.046,29928.37292200,2.04483,2.04563,2.04435,2.04563,22517.63212928
2025-12-08 00:54,2.0451,2.0464,2.0449,2.0458,33341.800974,2.04510000,2.04580000,2.04470000,2.04560000,27708.30000000,2.0463,2.0465,2.0463,2.0465,8.0,2.0453,2.0461,2.0447,2.0456,21126.16,2.045,2.046,2.045,2.045,23460.49664700,2.0453,2.04615,2.0453,2.04548,16639.50024146
2025-12-08 00:55,2.0457,2.046,2.0446,2.0453,14789.812613,2.04550000,2.04560000,2.04440000,2.04500000,18015.70000000,2.0467,2.0467,2.0467,2.0467,4.0,2.0456,2.0458,2.0443,2.0452,11299.78,2.045,2.046,2.044,2.044,16677.91437600,2.04539,2.04577,2.04501,2.04507,27003.470815959998
2025-12-08 00:56,2.045,2.0464,2.0444,2.0456,61491.288905,2.04500000,2.04620000,2.04420000,2.04520000,25715.10000000,,,,,,2.0452,2.0461,2.0443,2.0454,13615.2,2.045,2.046,2.044,2.045,11729.80204700,2.04518,2.04551,2.04432,2.04551,10028.8571201
2025-12-08 00:57,2.0456,2.0481,2.0456,2.0472,53791.738802,2.04530000,2.04780000,2.04530000,2.04660000,40375.30000000,2.0469,2.0475,2.0469,2.0475,24.0,2.0454,2.0477,2.0454,2.047,16932.08,2.045,2.048,2.045,2.046,14837.39358700,2.04601,2.0476,2.04601,2.0476,746.38412
2025-12-08 00:58,2.0471,2.0472,2.0447,2.0447,6237.287572,2.04660000,2.04660000,2.04450000,2.04460000,7464.60000000,,,,,,2.047,2.047,2.0444,2.0444,4062.04,2.046,2.047,2.044,2.045,11517.86965800,2.04698,2.04698,2.04557,2.04557,27036.65072406
2025-12-08 00:59,2.0448,2.0452,2.0445,2.045,22532.712473,2.04450000,2.04500000,2.04430000,2.04500000,11945.40000000,2.0465,2.0465,2.0464,2.0464,16.0,2.0444,2.0451,2.0442,2.045,4151.47,2.045,2.045,2.044,2.045,7371.90827500,2.04558,2.04566,2.04458,2.04512,25152.136852569998
2025-12-08 01:00,2.0453,2.0457,2.0444,2.0456,5789.992613,2.04490000,2.04520000,2.04420000,2.04510000,11927.30000000,,,,,,2.045,2.0455,2.0441,2.045,7741.74,2.044,2.046,2.044,2.046,13716.20474900,2.04498,2.04569,2.04452,2.04569,309.00596462
2025-12-08 01:01,2.0453,2.0462,2.0448,2.0461,8894.767842,2.04510000,2.04580000,2.04440000,2.04580000,22229.40000000,,,,,,2.045,2.0458,2.0447,2.0457,9363.05,2.045,2.046,2.044,2.046,12002.13552500,2.04468,2.04528,2.04468,2.04527,350.9451
2025-12-08 01:02,2.046,2.0462,2.0449,2.0461,8521.049985,2.04570000,2.04580000,2.04450000,2.04550000,26741.10000000,,,,,,2.0457,2.046,2.0444,2.0455,15098.08,2.045,2.046,2.044,2.045,16150.19542700,2.04602,2.04603,2.046,2.046,616.62296835
2025-12-08 01:03,2.046,2.0484,2.046,2.048,16192.699878,2.04550000,2.04810000,2.04550000,2.04770000,16158.30000000,2.0473,2.0485,2.0473,2.0485,269.99999999,2.0455,2.0484,2.0455,2.0477,13190.17,2.046,2.048,2.046,2.047,17866.48601200,2.04654,2.04832,2.04654,2.04832,1079.03202487
2025-12-08 01:04,2.0479,2.0481,2.0459,2.0459,5373.035421,2.04770000,2.04770000,2.04550000,2.04560000,17809.70000000,2.0484,2.0484,2.0476,2.0476,300.0,2.0477,2.0478,2.0453,2.0453,5274.94,2.047,2.048,2.045,2.045,18985.87547200,2.04713,2.04734,2.04709,2.04709,8634.12266
2025-12-08 01:05,2.0458,2.047,2.0451,2.0462,34751.269069,2.04550000,2.04670000,2.04480000,2.04600000,33868.20000000,2.0475,2.0475,2.047,2.047,32.0,2.0453,2.0469,2.0447,2.046,18029.95,2.045,2.047,2.045,2.046,16419.20552000,2.04628,2.0469,2.04561,2.04624,3715.18811454
2025-12-08 01:06,2.0463,2.0489,2.0462,2.0487,53312.966508,2.04590000,2.04850000,2.04580000,2.04850000,243864.20000000,2.0477,2.0489,2.0477,2.0489,596.00000001,2.046,2.0485,2.0457,2.0484,164546.33,2.045,2.049,2.045,2.048,32658.80241100,2.04648,2.0468,2.04641,2.0468,779.81021
2025-12-08 01:07,2.0487,2.0506,2.0479,2.0482,63805.359093,2.04850000,2.05030000,2.04770000,2.04790000,26505.50000000,2.049,2.0522,2.049,2.0521,2040.0,2.0484,2.0503,2.0475,2.0479,13378.87,2.049,2.051,2.047,2.048,17089.10020400,2.04839,2.05014,2.04807,2.04838,1865.21460254
2025-12-08 01:08,2.0482,2.0496,2.0478,2.0483,13049.266638,2.04800000,2.04930000,2.04790000,2.04830000,14650.00000000,2.0496,2.0497,2.0496,2.0497,500.0,2.0479,2.0495,2.0476,2.0482,9631.33,2.048,2.05,2.047,2.049,19863.25552100,2.04801,2.04993,2.04801,2.0485,5289.90595
2025-12-08 01:09,2.0486,2.0513,2.0486,2.0508,40090.304255,2.04840000,2.05100000,2.04840000,2.05050000,50098.70000000,2.0508,2.051,2.0508,2.051,8.0,2.0482,2.0511,2.0482,2.0505,16402.26,2.048,2.051,2.048,2.05,12873.89699700,2.04947,2.0503,2.04947,2.0503,1144.48009827
2025-12-08 01:10,2.0509,2.0533,2.0504,2.0524,173646.05184,2.05060000,2.05250000,2.05020000,2.05230000,57916.80000000,2.0515,2.0524,2.0515,2.0524,20.0,2.0505,2.0526,2.0501,2.0525,31544.41,2.051,2.053,2.05,2.052,57906.88842800,2.0503,2.05284,2.0503,2.05145,22721.40352725
2025-12-08 01:11,2.0526,2.055,2.0525,2.0543,35975.626556,2.05240000,2.05480000,2.05240000,2.05410000,40338.30000000,2.0528,2.0545,2.0528,2.0545,1004.0,2.0525,2.0548,2.0525,2.0541,15162.41,2.053,2.054,2.053,2.053,49887.04077300,2.05233,2.0551,2.05233,2.0545,39388.127653740004
2025-12-08 01:12,2.0543,2.0562,2.0542,2.0559,18117.805014,2.05410000,2.05590000,2.05380000,2.05580000,28896.80000000,2.0558,2.0567,2.0558,2.0567,59.15404904,2.0541,2.0562,2.0538,2.056,18624.25,2.054,2.056,2.053,2.055,81557.76441700,2.05398,2.05625,2.05395,2.05611,34949.6141601
2025-12-08 01:13,2.0559,2.0571,2.0545,2.0547,1122666.331165,2.05580000,2.05660000,2.05430000,2.05430000,170701.60000000,2.057,2.057,2.057,2.057,4.0,2.056,2.0568,2.054,2.0541,66918.18,2.055,2.056,2.054,2.054,52568.28584000,2.05577,2.05689,2.05465,2.05465,30068.46800589
2025-12-08 01:14,2.0546,2.0564,2.0545,2.0557,46424.03616,2.05430000,2.05570000,2.05410000,2.05520000,72813.90000000,,,,,,2.0541,2.0561,2.0541,2.0554,45997.33,2.054,2.055,2.054,2.055,24736.98479600,2.05466,2.05589,2.05466,2.05564,743.50883135
2025-12-08 01:15,2.0555,2.0555,2.0533,2.0538,24125.561214,2.05520000,2.05520000,2.05280000,2.05310000,81191.30000000,2.0561,2.0561,2.0552,2.0552,40.0,2.0554,2.0554,2.0524,2.0534,37172.12,2.055,2.055,2.052,2.054,73826.99476700,2.05541,2.05541,2.054,2.05401,12246.08211929
2025-12-08 01:16,2.0535,2.0547,2.0525,2.0547,15925.896951,2.05310000,2.05430000,2.05210000,2.05430000,27389.30000000,2.0551,2.0551,2.0545,2.0545,39.99999999,2.0534,2.0546,2.0519,2.054,9692.54,2.054,2.055,2.052,2.054,55940.14925500,2.0542,2.05449,2.054,2.05401,137523.11481838
2025-12-08 01:17,2.0548,2.0562,2.0544,2.0549,37414.649813,2.05430000,2.05530000,2.05410000,2.05450000,59445.30000000,2.0557,2.0563,2.0557,2.0563,16.0,2.054,2.0552,2.0538,2.0547,24425.42,2.055,2.055,2.054,2.055,53635.10377800,2.05465,2.0549,2.05443,2.0549,14992.599189670002
2025-12-08 01:18,2.0548,2.0569,2.0547,2.0567,36038.803582,2.05440000,2.05670000,2.05410000,2.05630000,13263.00000000,2.0565,2.0572,2.0565,2.0572,20.0,2.0547,2.0569,2.0543,2.0564,18102.92,2.055,2.057,2.055,2.057,52122.43821600,2.0545,2.05693,2.0545,2.05645,51700.34891262
2025-12-08 01:19,2.0568,2.0575,2.056,2.0565,162123.62472,2.05630000,2.05680000,2.05540000,2.05610000,67004.50000000,,,,,,2.0564,2.0572,2.0554,2.0562,27087.47,2.056,2.057,2.055,2.055,60428.42939900,2.05693,2.05693,2.05562,2.05562,3219.55975436
2025-12-08 01:20,2.0563,2.0591,2.0562,2.0587,82164.073011,2.05620000,2.05830000,2.05600000,2.05830000,27006.80000000,2.0589,2.059,2.0589,2.059,8.0,2.0562,2.0588,2.056,2.0584,15254.58,2.055,2.059,2.055,2.058,37018.88541100,2.0568,2.05873,2.05642,2.05873,25211.0811234
2025-12-08 01:21,2.0585,2.0586,2.0541,2.0542,60521.30737,2.05830000,2.05830000,2.05380000,2.05380000,88894.30000000,2.0581,2.0581,2.0561,2.0561,63.99999999,2.0584,2.0584,2.0538,2.0539,38973.59,2.058,2.058,2.054,2.054,40640.90836100,2.05872,2.05872,2.054,2.054,7469.16984561
2025-12-08 01:22,2.0542,2.0571,2.0537,2.0571,39493.312065,2.05380000,2.05660000,2.05360000,2.05660000,72695.10000000,2.0561,2.0578,2.0559,2.0578,24.0,2.0539,2.0569,2.0537,2.0569,38807.22,2.054,2.056,2.054,2.056,48731.46262200,2.05402,2.0565,2.05402,2.05628,24993.40519145
2025-12-08 01:23,2.0571,2.0585,2.0571,2.0585,11351.315867,2.05670000,2.05810000,2.05670000,2.05810000,7556.40000000,2.058,2.0584,2.058,2.0584,12.0,2.0569,2.0585,2.0569,2.0585,7192.26,2.057,2.058,2.056,2.058,38960.59040000,2.05734,2.05824,2.05706,2.05824,10587.60961252
2025-12-08 01:24,2.0586,2.0593,2.0577,2.0581,68372.79419,2.05810000,2.05850000,2.05770000,2.05770000,25123.40000000,2.0588,2.059,2.0588,2.059,12.0,2.0585,2.0588,2.0574,2.0577,11857.74,2.058,2.058,2.057,2.057,24570.99378200,2.05851,2.05866,2.05832,2.05832,892.52185
2025-12-08 01:25,2.0581,2.0596,2.0581,2.0594,46460.94345,2.05770000,2.05970000,2.05770000,2.05880000,47909.50000000,2.0591,2.0595,2.0591,2.0595,16.0,2.0577,2.0596,2.0577,2.0591,22700.9,2.058,2.059,2.058,2.059,45239.74859300,2.05807,2.05956,2.05807,2.05956,824.6365589999999
2025-12-08 01:26,2.0593,2.0623,2.0589,2.0623,56674.129823,2.05880000,2.06150000,2.05850000,2.06150000,91498.10000000,2.0597,2.0624,2.0597,2.0624,128.75683499000002,2.0591,2.062,2.0586,2.0619,35894.07,2.059,2.061,2.058,2.061,41573.95973100,2.05954,2.06242,2.05953,2.06194,31684.185473190002
2025-12-08 01:27,2.0621,2.0633,2.0605,2.0622,36637.920514,2.06140000,2.06270000,2.06020000,2.06170000,92810.00000000,2.0625,2.0632,2.0625,2.0632,804.0,2.0619,2.0629,2.0604,2.0616,45995.53,2.061,2.063,2.06,2.062,38025.00646900,2.06115,2.06234,2.06115,2.06234,1775.4762331499999
2025-12-08 01:28,2.0622,2.0694,2.0621,2.069,175144.682563,2.06180000,2.06900000,2.06180000,2.06900000,213573.20000000,2.0633,2.0673,2.0633,2.0673,82.35962092999999,2.0616,2.0698,2.0616,2.069,104655.76,2.062,2.068,2.062,2.068,51240.02996700,2.06206,2.06854,2.06206,2.06854,22760.95472797
2025-12-08 01:29,2.0691,2.0714,2.0674,2.0708,256105.86087,2.06900000,2.07070000,2.06710000,2.07040000,212841.50000000,2.0694,2.0702,2.0687,2.0702,1020.00752329,2.069,2.0707,2.0672,2.0707,64307.01,2.069,2.07,2.067,2.07,55196.35743800,2.06881,2.06968,2.06749,2.06968,28078.740928149997
2025-12-08 01:30,2.0709,2.0777,2.0709,2.0771,86241.948636,2.07040000,2.07710000,2.07040000,2.07670000,204397.00000000,2.0714,2.078,2.0714,2.0767,1061.56519283,2.0707,2.0773,2.0707,2.0768,111641.51,2.071,2.077,2.071,2.076,100777.76001800,2.07,2.07708,2.07,2.07708,232525.38347466
2025-12-08 01:31,2.0772,2.0842,2.0772,2.0825,367789.965262,2.07680000,2.08360000,2.07680000,2.08220000,462099.90000000,2.0782,2.0847,2.0782,2.0847,9812.68714428,2.0768,2.0838,2.0767,2.082,185152.41,2.077,2.084,2.077,2.082,185202.82725300,2.0775,2.08396,2.0775,2.08302,145264.55083127
2025-12-08 01:32,2.0825,2.0853,2.0813,2.0839,137160.667102,2.08220000,2.08510000,2.08100000,2.08380000,150311.10000000,2.0843,2.0855,2.0837,2.085,1424.0,2.082,2.0853,2.0809,2.0836,85388.56,2.082,2.085,2.081,2.084,258926.71363600,2.08302,2.08479,2.08143,2.08451,21076.77986734
2025-12-08 01:33,2.0838,2.0851,2.0819,2.0834,42115.627753,2.08370000,2.08450000,2.08160000,2.08310000,44576.40000000,2.0848,2.0848,2.0831,2.0835,774.0,2.0836,2.0847,2.0815,2.0826,35717.25,2.084,2.084,2.081,2.083,120306.24108600,2.08444,2.08444,2.08231,2.083,7612.51553948
2025-12-08 01:34,2.0833,2.0836,2.0769,2.0776,148939.990914,2.08310000,2.08310000,2.07700000,2.07710000,79872.60000000,2.0828,2.0828,2.0786,2.0786,80.0,2.0826,2.0834,2.0766,2.0771,29953.67,2.083,2.083,2.077,2.077,72455.21620600,2.08305,2.08305,2.07701,2.07701,56307.10617442
2025-12-08 01:35,2.0768,2.0859,2.0767,2.0851,223336.402191,2.07700000,2.08560000,2.07660000,2.08510000,313182.70000000,2.0789,2.0844,2.0785,2.0844,3727.94296682,2.0771,2.0861,2.0767,2.0852,156211.85,2.076,2.085,2.076,2.084,388527.19695700,2.077,2.08624,2.077,2.08565,52599.17418845
2025-12-08 01:36,2.0851,2.0851,2.0821,2.0824,102637.168038,2.08510000,2.08510000,2.08200000,2.08210000,82595.50000000,2.0844,2.0844,2.0844,2.0844,580.0,2.0852,2.0854,2.082,2.082,40465.16,2.084,2.085,2.082,2.082,156538.76431700,2.08574,2.08574,2.08282,2.08376,203.11764391999998
2025-12-08 01:37,2.0823,2.0826,2.0795,2.0825,46595.270186,2.08200000,2.08290000,2.07960000,2.08250000,99417.60000000,2.0835,2.0835,2.0814,2.0825,228.0,2.082,2.0828,2.0797,2.0828,34439.12,2.081,2.082,2.079,2.082,127503.34208500,2.08222,2.08222,2.08021,2.08219,88712.14643026
2025-12-08 01:38,2.0826,2.0878,2.0826,2.0878,43132.531029,2.08250000,2.08770000,2.08250000,2.08770000,149616.00000000,2.0831,2.087,2.0831,2.087,168.38257826,2.0828,2.0883,2.0828,2.0883,81861.93,2.083,2.087,2.083,2.087,216237.38721100,2.08318,2.08694,2.08318,2.08694,2552.31803359
2025-12-08 01:39,2.088,2.0914,2.088,2.0899,166045.107171,2.08780000,2.09120000,2.08780000,2.08970000,219853.00000000,2.0887,2.0901,2.0887,2.0899,321.7174,2.0883,2.0917,2.0882,2.0897,73321.99,2.088,2.091,2.088,2.089,153802.92639300,2.08694,2.09236,2.08694,2.09023,32779.81851513
2025-12-08 01:40,2.0899,2.0914,2.0866,2.0866,137239.551809,2.08970000,2.09110000,2.08650000,2.08650000,87997.10000000,2.09,2.09,2.0877,2.0877,108.0,2.0897,2.0914,2.0867,2.0867,48416.39,2.09,2.091,2.087,2.087,103762.35662300,2.08839,2.08901,2.088,2.088,1754.36488281
2025-12-08 01:41,2.0866,2.0868,2.0842,2.0843,58134.373477,2.08650000,2.08660000,2.08400000,2.08430000,44631.50000000,2.0875,2.0875,2.0848,2.0865,574.0,2.0867,2.087,2.0839,2.0842,26468.27,2.086,2.086,2.084,2.084,158425.82864400,2.08694,2.08694,2.08418,2.08418,14385.3356374
2025-12-08 01:42,2.0843,2.0844,2.0813,2.0813,56773.367945,2.08420000,2.08420000,2.08130000,2.08130000,90860.30000000,2.0847,2.0847,2.0823,2.0823,572.0,2.0842,2.0843,2.0813,2.0816,38624.68,2.084,2.084,2.081,2.081,124471.34367600,2.08455,2.08455,2.0815,2.0815,1639.37539372
2025-12-08 01:43,2.0812,2.0821,2.079,2.0796,71212.703052,2.08120000,2.08170000,2.07830000,2.07960000,144404.40000000,2.0821,2.0821,2.0798,2.0799,595.99999999,2.0816,2.082,2.0787,2.0796,50747.74,2.081,2.082,2.079,2.079,97753.33119300,2.0815,2.0815,2.07845,2.07925,2660.87373085
2025-12-08 01:44,2.0798,2.0803,2.0783,2.079,78278.08988,2.07970000,2.07970000,2.07820000,2.07890000,39935.00000000,2.0798,2.0798,2.0789,2.0789,66.00000001,2.0796,2.0802,2.0782,2.0788,32080.63,2.08,2.08,2.078,2.079,114500.52268700,2.07985,2.08012,2.0784,2.08012,3152.9536757700002
2025-12-08 01:45,2.079,2.0805,2.0778,2.0796,67653.929365,2.07880000,2.08040000,2.07780000,2.07940000,91638.20000000,,,,,,2.0788,2.0805,2.0779,2.0792,38410.21,2.078,2.081,2.078,2.08,69205.42631000,2.07929,2.08104,2.0788,2.08057,42416.25925801
2025-12-08 01:46,2.0795,2.0803,2.0788,2.0788,33197.798459,2.07930000,2.08000000,2.07810000,2.07820000,47586.50000000,2.0802,2.0802,2.0802,2.0802,50.0,2.0792,2.0802,2.0786,2.0786,26513.71,2.079,2.08,2.079,2.079,105741.88500900,2.0796,2.0802,2.07901,2.0802,285.68659509
2025-12-08 01:47,2.0787,2.0787,2.0756,2.0774,115850.803947,2.07820000,2.07840000,2.07570000,2.07690000,42780.70000000,2.079,2.079,2.0772,2.0772,1114.0,2.0786,2.0787,2.0755,2.077,33658.75,2.078,2.078,2.075,2.077,95233.24973900,2.0789,2.0789,2.07559,2.07637,73814.04308113
2025-12-08 01:48,2.0772,2.0773,2.0732,2.0741,96520.401233,2.07690000,2.07710000,2.07300000,2.07400000,84595.50000000,2.0759,2.0759,2.0745,2.0745,1053.6206490499999,2.077,2.077,2.0729,2.0738,35151.56,2.076,2.077,2.073,2.074,54227.74954700,2.07656,2.07656,2.07445,2.07445,2159.55464528
2025-12-08 01:49,2.0741,2.0775,2.0735,2.0769,12127.954797,2.07400000,2.07700000,2.07390000,2.07650000,53745.50000000,2.0765,2.0765,2.0765,2.0765,4.0,2.0738,2.0771,2.0737,2.0763,30974.51,2.074,2.077,2.074,2.077,62444.32017300,2.075,2.07743,2.07499,2.07723,22225.93042167
2025-12-08 01:50,2.0768,2.0776,2.0763,2.0769,35057.962041,2.07650000,2.07730000,2.07610000,2.07620000,41760.80000000,2.0774,2.0774,2.0774,2.0774,4.0,2.0763,2.0775,2.0761,2.0761,23865.85,2.077,2.077,2.076,2.076,65400.74689800,2.07686,2.07686,2.07654,2.07655,31276.76337691
2025-12-08 01:51,2.0762,2.0768,2.0752,2.0753,28767.096044,2.07610000,2.07660000,2.07480000,2.07510000,45324.60000000,2.0772,2.0772,2.0771,2.0771,515.0,2.0761,2.0766,2.075,2.0751,25723,2.076,2.077,2.075,2.075,84067.98010200,2.07633,2.07639,2.07501,2.07503,1420.04919176
2025-12-08 01:52,2.0755,2.0756,2.072,2.0723,59192.899873,2.07510000,2.07520000,2.07210000,2.07220000,81177.00000000,2.0756,2.0756,2.0725,2.0725,156.0,2.0751,2.0756,2.0709,2.0722,65709.31,2.076,2.076,2.072,2.073,70742.60974400,2.07499,2.07499,2.0725,2.07262,3683.26549465
2025-12-08 01:53,2.0721,2.0747,2.0696,2.0737,100413.883299,2.07220000,2.07420000,2.07030000,2.07330000,151066.40000000,2.072,2.0743,2.0719,2.0743,116.0,2.0722,2.0742,2.07,2.073,55484.49,2.072,2.074,2.07,2.074,78948.52138000,2.0725,2.07428,2.07054,2.07373,8275.98544254
2025-12-08 01:54,2.0737,2.0754,2.0723,2.0726,54331.208696,2.07340000,2.07500000,2.07230000,2.07260000,48333.20000000,,,,,,2.073,2.0751,2.0723,2.0727,27159.53,2.074,2.075,2.072,2.073,77609.30897900,2.07482,2.07552,2.07327,2.07327,147786.57753985
2025-12-08 01:55,2.0728,2.0738,2.0717,2.0725,38469.029022,2.07270000,2.07310000,2.07170000,2.07230000,39195.90000000,2.0734,2.0734,2.0732,2.0732,16.0,2.0727,2.0732,2.0719,2.0725,16637.37,2.073,2.073,2.071,2.072,68290.22940700,2.0724,2.07299,2.0721,2.07283,227.45970922
2025-12-08 01:56,2.0724,2.0725,2.0709,2.071,29634.479139,2.07230000,2.07240000,2.07060000,2.07060000,62635.30000000,2.0728,2.0728,2.0725,2.0725,24.0,2.0725,2.0726,2.0705,2.0705,36721.71,2.072,2.073,2.071,2.071,89640.70888500,2.07248,2.07251,2.0718,2.0718,192.86505687
2025-12-08 01:57,2.071,2.071,2.0668,2.0676,164913.438227,2.07070000,2.07070000,2.06690000,2.06740000,333212.60000000,2.0721,2.0721,2.0681,2.0681,130.77979231,2.0705,2.0709,2.0663,2.067,170324.43,2.071,2.071,2.067,2.067,76122.95328100,2.0705,2.0705,2.06728,2.06728,22967.22592115
2025-12-08 01:58,2.0676,2.0685,2.0673,2.0685,19646.701709,2.06740000,2.06830000,2.06690000,2.06830000,29345.40000000,2.069,2.069,2.069,2.069,50.0,2.067,2.0685,2.0668,2.0682,14362.41,2.068,2.069,2.067,2.069,45624.21087700,2.06731,2.06865,2.06728,2.06816,14803.341871910001
2025-12-08 01:59,2.0686,2.0692,2.0675,2.0685,37381.781273,2.06840000,2.06860000,2.06730000,2.06800000,22775.20000000,,,,,,2.0682,2.0686,2.0672,2.0683,10897.35,2.068,2.069,2.068,2.068,59569.81311200,2.06872,2.0689,2.06842,2.06843,1075.79347
2025-12-08 02:00,2.0686,2.0687,2.0658,2.0658,37306.315109,2.06810000,2.06840000,2.06540000,2.06550000,53282.30000000,2.068,2.068,2.0676,2.0676,96.0,2.0683,2.0683,2.0653,2.0655,20436.42,2.069,2.069,2.065,2.065,97181.99030500,2.0684,2.0684,2.06552,2.06552,46172.227000180006
2025-12-08 02:01,2.0659,2.0672,2.0653,2.0656,121277.563412,2.06540000,2.06690000,2.06520000,2.06530000,43219.60000000,2.0672,2.0672,2.0672,2.0672,50.0,2.0655,2.0668,2.0648,2.065,33729.18,2.066,2.067,2.065,2.065,88509.19901900,2.06594,2.06674,2.06594,2.06659,31262.18591774
2025-12-08 02:02,2.0655,2.0659,2.065,2.0654,46025.335745,2.06520000,2.06580000,2.06450000,2.06530000,43902.80000000,2.0666,2.0668,2.0666,2.0668,500.0,2.065,2.0659,2.0642,2.0649,19821.03,2.066,2.066,2.065,2.065,67150.79386900,2.06552,2.06596,2.06526,2.06526,858.29518708
2025-12-08 02:03,2.0653,2.0684,2.0652,2.0678,64032.543898,2.06520000,2.06820000,2.06520000,2.06760000,26220.50000000,2.0677,2.0685,2.0677,2.0685,16.0,2.0649,2.0683,2.0649,2.0678,25504.58,2.066,2.069,2.066,2.067,78976.82724000,2.06526,2.06826,2.06526,2.06745,2832.88707149
2025-12-08 02:04,2.0678,2.0678,2.0651,2.0652,40505.142126,2.06770000,2.06770000,2.06490000,2.06490000,87670.40000000,2.0674,2.0674,2.0667,2.0667,39.99999999,2.0678,2.0678,2.0648,2.0648,42017.7,2.067,2.067,2.065,2.065,92972.39681400,2.06778,2.06778,2.06552,2.0658,61.88877274
2025-12-08 02:05,2.0651,2.0651,2.0629,2.0632,93563.366778,2.06480000,2.06480000,2.06270000,2.06320000,49208.90000000,2.0667,2.0667,2.0646,2.0646,89.16797876999999,2.0648,2.0648,2.0622,2.0631,30228.45,2.064,2.065,2.062,2.064,51054.27537800,2.06551,2.06551,2.06257,2.0644,110500.69453836
2025-12-08 02:06,2.0633,2.0639,2.0618,2.0635,56211.364207,2.06320000,2.06390000,2.06180000,2.06360000,24011.50000000,2.0647,2.0647,2.0619,2.0619,2082.00000001,2.0631,2.0641,2.0614,2.0633,13207.48,2.063,2.064,2.061,2.063,60281.97220100,2.06369,2.06369,2.06214,2.06271,6012.10368154
2025-12-08 02:07,2.0632,2.0645,2.0624,2.0626,82371.930117,2.06350000,2.06450000,2.06250000,2.06250000,24688.30000000,,,,,,2.0633,2.0642,2.0623,2.0624,12483.98,2.063,2.065,2.062,2.062,73517.30138800,2.06298,2.06353,2.06271,2.06284,69131.25709324
2025-12-08 02:08,2.0626,2.0673,2.0626,2.0668,112522.915085,2.06250000,2.06680000,2.06250000,2.06670000,97219.70000000,2.065,2.0671,2.065,2.0671,253.8782929,2.0624,2.0671,2.0624,2.0666,41496.54,2.063,2.067,2.062,2.067,57653.37081600,2.06285,2.06627,2.06285,2.06627,5737.3143194799995
2025-12-08 02:09,2.0668,2.0674,2.0624,2.0624,53299.762564,2.06670000,2.06700000,2.06240000,2.06250000,29333.20000000,2.0658,2.0658,2.0649,2.0649,48.0,2.0666,2.0672,2.0624,2.0626,12389.52,2.067,2.067,2.062,2.063,44141.11014800,2.06626,2.06626,2.0626,2.0626,150551.90514094
2025-12-08 02:10,2.0624,2.0648,2.0613,2.0637,69391.145062,2.06240000,2.06410000,2.06140000,2.06330000,50865.30000000,2.064,2.064,2.0631,2.0631,32.0,2.0626,2.0642,2.0615,2.0636,23741.61,2.062,2.064,2.062,2.064,48010.50995200,2.06215,2.06342,2.06215,2.06339,2356.01596488
2025-12-08 02:11,2.0637,2.0655,2.0634,2.0641,35323.517508,2.06330000,2.06540000,2.06280000,2.06360000,69946.00000000,2.0648,2.0654,2.0648,2.0654,16.0,2.0636,2.0656,2.0629,2.064,32049.25,2.063,2.066,2.062,2.063,56844.05627200,2.06433,2.06501,2.06384,2.06384,1702.2670214999998
2025-12-08 02:12,2.064,2.0661,2.0637,2.0655,25205.9206,2.06370000,2.06560000,2.06340000,2.06520000,19808.70000000,2.0656,2.0657,2.0656,2.0657,8.0,2.064,2.0657,2.0635,2.0655,9730.73,2.064,2.065,2.063,2.065,43875.87395900,2.06392,2.06576,2.06384,2.06576,25052.938554790002
2025-12-08 02:13,2.0656,2.0659,2.0638,2.064,41941.630542,2.06510000,2.06540000,2.06310000,2.06400000,38217.60000000,,,,,,2.0655,2.0656,2.0631,2.064,16474.15,2.066,2.066,2.063,2.064,52861.17158700,2.06584,2.06584,2.06421,2.06421,402.67640113
2025-12-08 02:14,2.0642,2.0646,2.0635,2.0644,71164.696488,2.06400000,2.06430000,2.06300000,2.06430000,18347.50000000,,,,,,2.064,2.0646,2.0629,2.0645,14351.74,2.063,2.065,2.063,2.065,35705.91223200,2.06409,2.06476,2.06335,2.06444,771.94301
2025-12-08 02:15,2.0643,2.0652,2.064,2.0645,34866.020591,2.06420000,2.06510000,2.06380000,2.06400000,32886.00000000,,,,,,2.0645,2.0651,2.0637,2.0642,13618.9,2.064,2.066,2.063,2.065,38974.17256000,2.06451,2.06468,2.06407,2.06438,1755.32356893
2025-12-08 02:16,2.0644,2.0651,2.0641,2.0649,15700.170967,2.06410000,2.06480000,2.06380000,2.06440000,7606.90000000,,,,,,2.0642,2.0651,2.0638,2.0647,4777.81,2.065,2.066,2.064,2.065,21448.56999900,2.06467,2.06504,2.06429,2.06459,302.5118962
2025-12-08 02:17,2.0648,2.0677,2.0645,2.0668,127088.021823,2.06440000,2.06680000,2.06410000,2.06650000,24226.80000000,2.0658,2.067,2.0658,2.067,48.0,2.0647,2.067,2.064,2.0666,14199.98,2.065,2.067,2.064,2.067,25602.96414000,2.06446,2.06698,2.06446,2.06672,615.42101039
2025-12-08 02:18,2.0668,2.0694,2.0666,2.0675,101745.887017,2.06650000,2.06860000,2.06650000,2.06730000,39325.60000000,2.0676,2.0687,2.0676,2.0687,20.0,2.0666,2.0687,2.0663,2.0674,17532.87,2.067,2.069,2.066,2.067,23262.90053900,2.06727,2.06868,2.06727,2.068,12497.70921185
2025-12-08 02:19,2.0675,2.0681,2.065,2.0673,49375.992749,2.06730000,2.06740000,2.06480000,2.06690000,18719.10000000,2.0678,2.0678,2.0664,2.0664,48.0,2.0674,2.0676,2.0646,2.067,9829.3,2.067,2.067,2.064,2.067,29729.52304800,2.06626,2.0663,2.06578,2.0663,744.8688
2025-12-08 02:20,2.0672,2.0672,2.0648,2.0651,71396.051801,2.06690000,2.06690000,2.06440000,2.06480000,31429.10000000,,,,,,2.067,2.067,2.0642,2.0649,14466.61,2.067,2.067,2.066,2.066,8667.95825500,2.06714,2.06714,2.06484,2.06484,7287.1348112900005
2025-12-08 02:21,2.0652,2.0661,2.0652,2.0655,20574.350347,2.06490000,2.06580000,2.06480000,2.06530000,10632.90000000,2.0669,2.0669,2.0669,2.0669,100.0,2.0649,2.066,2.0645,2.0655,14350.33,2.065,2.066,2.065,2.066,938.68020500,2.06524,2.06616,2.06524,2.06574,215.51568594
2025-12-08 02:22,2.0655,2.0668,2.0652,2.0661,30158.660721,2.06520000,2.06640000,2.06480000,2.06570000,9474.00000000,,,,,,2.0655,2.0667,2.0643,2.0658,9012.25,2.066,2.066,2.064,2.066,6497.29155900,2.06536,2.06685,2.06536,2.06685,282.087793
2025-12-08 02:23,2.0663,2.0664,2.065,2.0654,27918.428414,2.06560000,2.06600000,2.06480000,2.06490000,9652.20000000,,,,,,2.0658,2.0662,2.065,2.065,16875.98,2.066,2.066,2.065,2.065,5181.78522800,2.06602,2.06602,2.06529,2.06529,225.50174751999998
2025-12-08 02:24,2.0652,2.0658,2.0642,2.0658,18662.795709,2.06490000,2.06540000,2.06410000,2.06540000,17069.50000000,2.0662,2.0662,2.0661,2.0661,16.0,2.065,2.0659,2.0642,2.0659,10798.3,2.065,2.065,2.065,2.065,810.11395500,2.06446,2.06577,2.06446,2.06552,3809.29496528
2025-12-08 02:25,2.0657,2.0665,2.065,2.0652,43098.866616,2.06550000,2.06610000,2.06470000,2.06480000,106820.90000000,,,,,,2.0659,2.0664,2.0644,2.0649,41914.98,2.066,2.066,2.064,2.065,34664.26779100,2.06492,2.06619,2.06492,2.06519,906.79197383
2025-12-08 02:26,2.0653,2.0658,2.0646,2.0646,18013.135387,2.06480000,2.06540000,2.06420000,2.06420000,32108.60000000,,,,,,2.0649,2.0657,2.064,2.064,12398.23,2.065,2.066,2.064,2.065,24825.96949100,2.06546,2.06546,2.06478,2.06478,978.62197
2025-12-08 02:27,2.0645,2.066,2.0643,2.0653,28979.046168,2.06410000,2.06560000,2.06400000,2.06490000,13927.60000000,2.0659,2.0659,2.0659,2.0659,7.99999999,2.064,2.0658,2.0639,2.0649,8237.23,2.064,2.066,2.064,2.065,17475.62592700,2.0645,2.06599,2.0645,2.06599,756.8823600000001
2025-12-08 02:28,2.0652,2.0652,2.0646,2.0649,15385.770932,2.06490000,2.06490000,2.06430000,2.06470000,15147.90000000,,,,,,2.0649,2.065,2.0642,2.0645,5913.3,2.065,2.065,2.064,2.065,17897.47806200,2.06551,2.06551,2.06435,2.06477,1253.90874537
2025-12-08 02:29,2.0649,2.065,2.0637,2.0647,32660.378922,2.06470000,2.06470000,2.06420000,2.06440000,9264.90000000,,,,,,2.0645,2.0651,2.0641,2.0646,9904.13,2.064,2.065,2.064,2.065,11028.12813900,2.06448,2.06494,2.0642,2.06435,1208.43298213
2025-12-08 02:30,2.0647,2.065,2.0626,2.0626,27275.780135,2.06430000,2.06480000,2.06230000,2.06230000,19602.20000000,2.0659,2.0659,2.0646,2.0646,88.00000001,2.0646,2.065,2.0623,2.0628,14563.32,2.064,2.064,2.062,2.062,21781.19688200,2.06435,2.06445,2.06303,2.06303,587.65222647
2025-12-08 02:31,2.0625,2.066,2.062,2.0652,70335.605223,2.06220000,2.06590000,2.06160000,2.06480000,49647.10000000,2.0637,2.0661,2.0634,2.0661,927.63700688,2.0628,2.0662,2.0616,2.0648,16514.86,2.062,2.066,2.061,2.066,31228.18620200,2.06251,2.06409,2.06215,2.06409,564.00599504
2025-12-08 02:32,2.065,2.0651,2.0629,2.0631,23707.697625,2.06480000,2.06480000,2.06250000,2.06270000,59589.50000000,,,,,,2.0648,2.0654,2.0626,2.063,23833.87,2.065,2.065,2.062,2.063,35176.14694100,2.06487,2.06487,2.06316,2.06316,32889.76777282
2025-12-08 02:33,2.0629,2.0641,2.0625,2.0625,32627.632356,2.06260000,2.06380000,2.06230000,2.06230000,56398.70000000,2.064,2.064,2.064,2.064,8.0,2.063,2.0641,2.0621,2.0624,25985.64,2.062,2.064,2.062,2.063,24416.22266500,2.0636,2.0636,2.06313,2.06313,84.5368
2025-12-08 02:34,2.0624,2.0631,2.0601,2.0607,40522.492184,2.06230000,2.06280000,2.06000000,2.06060000,99216.80000000,2.0638,2.0638,2.0623,2.0623,111.99999999,2.0624,2.063,2.06,2.0605,47298.89,2.061,2.063,2.06,2.06,21527.88953500,2.06214,2.06304,2.06138,2.06138,1977.64527662
2025-12-08 02:35,2.0605,2.061,2.0582,2.0597,142644.162757,2.06060000,2.06090000,2.05860000,2.05930000,72884.20000000,2.0623,2.0623,2.0592,2.06,2150.00000001,2.0605,2.0608,2.0586,2.0592,30207.67,2.061,2.061,2.059,2.06,30812.45208300,2.06086,2.06086,2.0588,2.05963,2429.04944362
2025-12-08 02:36,2.0596,2.0645,2.0594,2.0631,112458.536558,2.05920000,2.06430000,2.05890000,2.06270000,27181.20000000,2.0613,2.0646,2.0613,2.0646,56.0,2.0592,2.0645,2.0588,2.063,12202.16,2.059,2.064,2.059,2.063,63608.62296500,2.06063,2.06446,2.06063,2.06383,5531.65451
2025-12-08 02:37,2.0631,2.0667,2.0629,2.0657,25360.213629,2.06260000,2.06650000,2.06260000,2.06510000,29572.10000000,2.0647,2.0665,2.0647,2.0665,78.0,2.063,2.0665,2.0627,2.0656,13654.84,2.062,2.066,2.062,2.066,54379.20320800,2.06284,2.067,2.06284,2.067,335.00061155000003
2025-12-08 02:38,2.0656,2.0656,2.0626,2.0629,31361.414898,2.06500000,2.06500000,2.06210000,2.06270000,15597.50000000,2.0651,2.0651,2.064,2.064,48.0,2.0656,2.0656,2.0622,2.0631,12941.7,2.065,2.065,2.061,2.063,43724.80785600,2.0651,2.0651,2.06328,2.06374,60.05007283
2025-12-08 02:39,2.0637,2.0654,2.0636,2.0654,23761.558626,2.06280000,2.06500000,2.06280000,2.06490000,11725.00000000,2.0647,2.0652,2.0647,2.0652,508.0,2.0631,2.0655,2.0631,2.0652,10334.25,2.063,2.065,2.063,2.065,52702.69656200,2.06376,2.06434,2.06375,2.064,202.99587722
2025-12-08 02:40,2.0654,2.0665,2.0654,2.0665,21617.593013,2.06490000,2.06620000,2.06490000,2.06610000,18297.50000000,2.0654,2.0663,2.0654,2.0663,32.0,2.0652,2.0663,2.0651,2.0663,14884.88,2.065,2.066,2.065,2.066,65966.78961000,2.06609,2.06647,2.06535,2.06629,88.214247
2025-12-08 02:41,2.0663,2.0675,2.0649,2.0655,40271.454963,2.06610000,2.06710000,2.06450000,2.06490000,40481.70000000,2.0665,2.0674,2.0659,2.0659,44.0,2.0663,2.0679,2.0644,2.0654,17319.02,2.066,2.067,2.065,2.065,83992.88453900,2.06662,2.0669,2.06662,2.06671,195.69519
2025-12-08 02:42,2.0653,2.0667,2.0648,2.065,37518.60381,2.06500000,2.06620000,2.06450000,2.06470000,40515.10000000,,,,,,2.0654,2.0661,2.0646,2.065,18581.03,2.065,2.066,2.064,2.065,41664.48746300,2.06538,2.06654,2.0644,2.0644,33159.6842238
2025-12-08 02:43,2.065,2.066,2.0641,2.0653,24437.089315,2.06470000,2.06590000,2.06370000,2.06490000,7011.50000000,2.0656,2.0656,2.0654,2.0654,16.0,2.065,2.066,2.064,2.0651,8887.88,2.064,2.066,2.064,2.065,39574.39461100,2.06418,2.06591,2.06417,2.06591,1602.46284352
2025-12-08 02:44,2.0652,2.0681,2.0651,2.0678,37755.432993,2.06490000,2.06790000,2.06460000,2.06740000,15775.30000000,2.0666,2.0682,2.0666,2.0682,56.0,2.0651,2.0681,2.0649,2.0676,6537.3,2.065,2.068,2.065,2.068,76384.22976700,2.06527,2.06808,2.06527,2.06808,7439.34461408
2025-12-08 02:45,2.0678,2.0697,2.0678,2.0693,156475.422081,2.06740000,2.06920000,2.06740000,2.06860000,26718.70000000,2.0684,2.0698,2.0684,2.0698,504.0,2.0676,2.0695,2.0674,2.0687,13750.29,2.068,2.069,2.067,2.068,50808.95370200,2.06809,2.06958,2.06809,2.06917,790.352979
2025-12-08 02:46,2.0693,2.0711,2.0691,2.0703,41163.215657,2.06870000,2.07070000,2.06870000,2.06990000,38152.20000000,2.0699,2.0708,2.0699,2.0708,20.0,2.0687,2.0712,2.0687,2.0701,15504.14,2.069,2.071,2.069,2.069,44458.59113100,2.06931,2.07111,2.06911,2.07093,392.57961764
2025-12-08 02:47,2.0704,2.0717,2.0698,2.0701,90515.350263,2.06990000,2.07090000,2.06970000,2.06980000,105455.40000000,,,,,,2.0701,2.0713,2.0696,2.0701,50303.45,2.07,2.071,2.069,2.069,54487.78413000,2.07022,2.07147,2.07009,2.0701,5936.6253774100005
2025-12-08 02:48,2.0698,2.0711,2.0694,2.0697,38357.208877,2.06970000,2.07090000,2.06920000,2.06950000,58859.20000000,,,,,,2.0701,2.0713,2.0693,2.0699,25751.53,2.069,2.071,2.069,2.069,35997.12302200,2.07032,2.07104,2.06923,2.06929,9072.9574134
2025-12-08 02:49,2.07,2.0705,2.0687,2.0704,39469.69182,2.06950000,2.07020000,2.06840000,2.07000000,35766.20000000,,,,,,2.0699,2.0703,2.0686,2.0702,17957.3,2.07,2.07,2.068,2.07,38434.79485300,2.06981,2.07056,2.06935,2.07056,96797.94440598
2025-12-08 02:50,2.0706,2.0735,2.0705,2.0727,155185.366251,2.07010000,2.07310000,2.07010000,2.07230000,47584.40000000,2.0717,2.0732,2.0717,2.0732,166.0,2.0702,2.0732,2.0702,2.0725,27500.76,2.069,2.073,2.069,2.073,59522.72382200,2.07103,2.0734,2.07103,2.0734,5246.80412559
2025-12-08 02:51,2.0727,2.073,2.0721,2.073,32980.694503,2.07230000,2.07260000,2.07170000,2.07250000,20029.20000000,,,,,,2.0725,2.0728,2.0719,2.0728,9744.95,2.072,2.073,2.071,2.073,45976.48123200,2.07217,2.07314,2.07217,2.07313,51.47033357
2025-12-08 02:52,2.073,2.0746,2.0729,2.0742,29444.636127,2.07260000,2.07410000,2.07240000,2.07370000,14127.10000000,2.0738,2.0743,2.0738,2.0743,53.56519283,2.0728,2.0744,2.0727,2.074,7067.07,2.072,2.074,2.072,2.073,57767.91473100,2.07314,2.07437,2.07293,2.07421,1355.1297299999999
2025-12-08 02:53,2.074,2.0743,2.0725,2.0728,39476.467612,2.07370000,2.07380000,2.07210000,2.07230000,21539.50000000,,,,,,2.074,2.0742,2.0722,2.0727,9523.31,2.074,2.074,2.072,2.072,48804.55671700,2.07418,2.07422,2.07263,2.07281,4754.316434
2025-12-08 02:54,2.0728,2.0736,2.0723,2.0736,25006.544481,2.07230000,2.07320000,2.07200000,2.07310000,15295.50000000,,,,,,2.0727,2.0737,2.0722,2.0734,32615.17,2.072,2.073,2.071,2.073,55417.91910600,2.07252,2.07361,2.0725,2.07361,3258.72280807
2025-12-08 02:55,2.0737,2.0784,2.0737,2.077,111467.314579,2.07320000,2.07780000,2.07320000,2.07660000,81466.90000000,2.0747,2.0775,2.0747,2.0773,574.0,2.0734,2.0782,2.0734,2.0768,33180.68,2.073,2.077,2.073,2.076,43014.75196400,2.075,2.07734,2.075,2.07605,3128.54517337
2025-12-08 02:56,2.077,2.0774,2.0757,2.0769,117429.662151,2.07660000,2.07690000,2.07550000,2.07640000,82988.50000000,2.0774,2.0774,2.0774,2.0774,500.0,2.0768,2.0773,2.0755,2.0766,33418.18,2.076,2.077,2.075,2.076,41953.22814600,2.0769,2.07747,2.07669,2.07669,151.95738285000002
2025-12-08 02:57,2.0767,2.0767,2.0755,2.0755,27875.704746,2.07640000,2.07640000,2.07520000,2.07520000,31504.00000000,,,,,,2.0766,2.0767,2.0752,2.0753,12642.85,2.076,2.076,2.075,2.076,16455.74035700,2.07697,2.07697,2.07543,2.07543,119.14776
2025-12-08 02:58,2.0754,2.0766,2.0754,2.0758,14241.725216,2.07530000,2.07620000,2.07520000,2.07560000,13531.00000000,,,,,,2.0753,2.0765,2.0753,2.0756,9038.97,2.076,2.076,2.075,2.076,23216.99307700,2.07547,2.07626,2.07547,2.07626,303.23035846
2025-12-08 02:59,2.0759,2.0762,2.0742,2.0744,10187.359497,2.07550000,2.07570000,2.07390000,2.07400000,9187.40000000,2.0762,2.0762,2.0758,2.0758,32.0,2.0756,2.076,2.0741,2.0745,3548.43,2.075,2.075,2.073,2.073,24551.85683000,2.07596,2.07596,2.07419,2.07419,444.94714239
2025-12-08 03:00,2.0744,2.0751,2.0733,2.0751,21865.383229,2.07400000,2.07510000,2.07340000,2.07510000,64351.60000000,2.0757,2.0757,2.0753,2.0753,39.99999999,2.0745,2.0753,2.0735,2.0752,23585.98,2.074,2.075,2.073,2.075,44659.01521800,2.07419,2.07467,2.07381,2.07467,103.77085799000001
2025-12-08 03:01,2.0752,2.0755,2.0719,2.0726,50441.954483,2.07510000,2.07530000,2.07170000,2.07230000,32519.90000000,2.0753,2.0753,2.0735,2.0735,96.0,2.0752,2.0756,2.0713,2.0724,13877.86,2.074,2.074,2.071,2.072,34260.25350900,2.07544,2.07544,2.07192,2.07308,728.15840098
2025-12-08 03:02,2.0726,2.0731,2.0692,2.0692,20198.902594,2.07230000,2.07270000,2.06920000,2.06930000,21883.80000000,2.0735,2.0735,2.0714,2.0714,88.00000001,2.0724,2.0728,2.0692,2.0694,14417.54,2.073,2.073,2.068,2.069,39506.48493900,2.0728,2.07281,2.06961,2.06961,2943.00150652
2025-12-08 03:03,2.0693,2.0703,2.0693,2.0698,9685.799124,2.06920000,2.07000000,2.06920000,2.06970000,51110.90000000,2.0702,2.0702,2.0702,2.0702,500.0,2.0694,2.0703,2.069,2.0698,32699.08,2.069,2.07,2.069,2.069,58261.42435300,2.06935,2.07025,2.06933,2.07003,594.4679253200001
2025-12-08 03:04,2.07,2.0727,2.07,2.0715,16576.890352,2.06970000,2.07240000,2.06940000,2.07100000,61630.30000000,2.0718,2.0723,2.0718,2.0723,16.0,2.0698,2.0725,2.0694,2.0708,24767.48,2.07,2.073,2.069,2.072,38573.22613900,2.07001,2.0725,2.07001,2.07236,3185.9409523599998
2025-12-08 03:05,2.0714,2.0714,2.0684,2.0686,15439.289433,2.07100000,2.07100000,2.06840000,2.06850000,17377.20000000,2.0711,2.0711,2.07,2.07,24.0,2.0708,2.0709,2.0679,2.0682,9360,2.071,2.071,2.068,2.068,47406.42346600,2.07112,2.07112,2.06853,2.06906,7779.48996638
2025-12-08 03:06,2.0689,2.0691,2.0677,2.0678,7539.391318,2.06860000,2.06900000,2.06750000,2.06790000,9031.40000000,2.0693,2.0693,2.0692,2.0692,15.99999999,2.0682,2.069,2.0671,2.068,6483.57,2.069,2.069,2.067,2.067,52195.02700800,2.069,2.069,2.06758,2.06789,2838.03510801
2025-12-08 03:07,2.068,2.0696,2.0679,2.069,22707.924563,2.06800000,2.06930000,2.06770000,2.06850000,20119.60000000,2.0702,2.0702,2.0702,2.0702,4.0,2.068,2.0693,2.0674,2.0682,12356.29,2.068,2.069,2.067,2.069,62279.09299000,2.06876,2.06877,2.06818,2.06877,637.83592655
2025-12-08 03:08,2.0687,2.0688,2.0666,2.0675,22379.063558,2.06850000,2.06850000,2.06680000,2.06710000,44819.00000000,2.0692,2.0692,2.0685,2.0685,32.00000001,2.0682,2.0682,2.0662,2.0671,17049.82,2.069,2.069,2.066,2.067,50344.00627800,2.06845,2.06845,2.06727,2.06767,15574.08575835
2025-12-08 03:09,2.0675,2.0677,2.0668,2.0668,6693.735306,2.06710000,2.06730000,2.06670000,2.06670000,6855.40000000,2.0683,2.0683,2.0683,2.0683,8.0,2.0671,2.0673,2.0664,2.0664,3577.06,2.066,2.067,2.066,2.066,41130.36423200,2.06671,2.06671,2.06663,2.06663,154.11397638
2025-12-08 03:10,2.0669,2.0688,2.0669,2.067,14902.198001,2.06670000,2.06850000,2.06670000,2.06670000,46790.80000000,,,,,,2.0664,2.0687,2.0664,2.0668,19889.48,2.067,2.069,2.067,2.067,38110.53351700,2.06777,2.06838,2.06776,2.06838,402.93163585
2025-12-08 03:11,2.0671,2.0676,2.0653,2.0657,15903.826638,2.06680000,2.06740000,2.06560000,2.06570000,54584.20000000,2.0681,2.0681,2.0674,2.0674,15.99999999,2.0668,2.0673,2.0652,2.0656,27399.06,2.067,2.068,2.065,2.065,41208.86766800,2.06672,2.06751,2.06562,2.06567,21494.48520518
2025-12-08 03:12,2.0658,2.0662,2.0645,2.066,78103.973411,2.06570000,2.06610000,2.06500000,2.06590000,24175.70000000,2.0674,2.0674,2.067,2.067,16.00000001,2.0656,2.0662,2.0646,2.0657,12466.36,2.066,2.066,2.065,2.065,58081.53774200,2.06567,2.06613,2.06551,2.06613,207.50615281
2025-12-08 03:13,2.0661,2.0663,2.0646,2.0657,54174.474801,2.06590000,2.06600000,2.06500000,2.06540000,10149.60000000,2.0668,2.0668,2.0668,2.0668,150.0,2.0657,2.066,2.0648,2.065,4312.08,2.065,2.066,2.065,2.066,32621.10637600,2.06591,2.06604,2.06541,2.06552,136.40904944
2025-12-08 03:14,2.0656,2.0664,2.0647,2.0662,25825.386807,2.06540000,2.06610000,2.06480000,2.06580000,9328.50000000,,,,,,2.065,2.0661,2.0646,2.0659,3362.81,2.065,2.066,2.065,2.065,34732.29073900,2.06551,2.06581,2.065,2.06581,3481.64872345
2025-12-08 03:15,2.0659,2.0659,2.0641,2.0654,42653.206472,2.06570000,2.06570000,2.06430000,2.06540000,13121.30000000,2.0665,2.0665,2.0665,2.0665,8.0,2.0659,2.0659,2.0641,2.0652,5317.88,2.066,2.066,2.064,2.066,16235.66375000,2.06501,2.06534,2.065,2.06534,15251.46507696
2025-12-08 03:16,2.0657,2.0677,2.0647,2.067,39338.766237,2.06550000,2.06750000,2.06520000,2.06700000,56785.70000000,2.0674,2.0679,2.0674,2.0679,20.0,2.0652,2.0673,2.065,2.0668,36611.52,2.065,2.067,2.065,2.066,16551.23016800,2.06564,2.06701,2.06564,2.06693,549.08571931
2025-12-08 03:17,2.067,2.0686,2.0667,2.0678,20300.365131,2.06690000,2.06810000,2.06640000,2.06780000,9419.40000000,2.0681,2.0682,2.0681,2.0682,8.0,2.0668,2.0682,2.0661,2.0681,8617.73,2.066,2.068,2.066,2.068,18505.68944800,2.06691,2.0681,2.06691,2.06796,18.39605668
2025-12-08 03:18,2.0681,2.07,2.0681,2.0692,24027.762692,2.06790000,2.06970000,2.06790000,2.06890000,7769.70000000,2.0683,2.0694,2.0683,2.0694,44.0,2.0681,2.07,2.0679,2.0688,11628.76,2.068,2.07,2.068,2.069,20373.60433600,2.06827,2.06974,2.06813,2.06899,996.30938522
2025-12-08 03:19,2.0691,2.0713,2.0689,2.0706,12434.528395,2.06890000,2.07080000,2.06860000,2.07040000,24388.20000000,2.0699,2.071,2.0699,2.071,20.0,2.0688,2.0709,2.0683,2.0707,10084.43,2.069,2.071,2.069,2.07,22672.95913800,2.06879,2.07091,2.06879,2.0709,2409.83756
2025-12-08 03:20,2.0707,2.0725,2.0707,2.0724,51396.11079,2.07040000,2.07210000,2.07040000,2.07210000,15765.40000000,2.0712,2.0712,2.0712,2.0712,4.0,2.0707,2.0722,2.0702,2.072,6153.72,2.07,2.072,2.07,2.072,26695.49413200,2.07099,2.07236,2.07096,2.07235,333.79072656
2025-12-08 03:21,2.0726,2.0743,2.0726,2.0737,17264.629813,2.07210000,2.07410000,2.07210000,2.07320000,20172.70000000,2.0721,2.0739,2.0721,2.0739,24.0,2.072,2.0743,2.072,2.0733,8711.36,2.072,2.074,2.072,2.073,27754.47696200,2.07316,2.07421,2.07285,2.07362,10766.84091093
2025-12-08 03:22,2.0736,2.0741,2.0727,2.0727,15444.733762,2.07320000,2.07370000,2.07230000,2.07230000,23837.10000000,,,,,,2.0733,2.0739,2.0723,2.0723,9242.6,2.073,2.074,2.072,2.072,35394.39532300,2.07371,2.07416,2.07222,2.07222,2442.0596450900002
2025-12-08 03:23,2.0727,2.0734,2.0724,2.0734,15953.102875,2.07230000,2.07320000,2.07220000,2.07280000,29144.60000000,,,,,,2.0723,2.0731,2.0718,2.0728,24456.22,2.072,2.073,2.072,2.073,30277.59313800,2.073,2.07343,2.07265,2.07273,1341.32374247
2025-12-08 03:24,2.0731,2.0735,2.0725,2.0728,12488.571608,2.07290000,2.07320000,2.07230000,2.07270000,20814.60000000,2.0737,2.0737,2.0737,2.0737,50.0,2.0728,2.0732,2.0719,2.0725,8496.91,2.073,2.073,2.072,2.073,28802.12557000,2.07265,2.07265,2.07265,2.07265,105.79314231
2025-12-08 03:25,2.073,2.0753,2.0729,2.0751,21992.03167,2.07260000,2.07510000,2.07260000,2.07510000,80755.10000000,2.0741,2.075,2.0741,2.075,28.0,2.0725,2.0753,2.0722,2.0747,36102.29,2.073,2.075,2.073,2.074,35873.57178200,2.07264,2.07528,2.07264,2.07421,5105.8999949
2025-12-08 03:26,2.0752,2.0754,2.0734,2.0737,21587.740683,2.07510000,2.07540000,2.07330000,2.07340000,40513.60000000,,,,,,2.0747,2.0754,2.0731,2.0733,23036.03,2.076,2.076,2.073,2.074,20744.09034900,2.07549,2.07549,2.07368,2.07368,1167.81968
2025-12-08 03:27,2.0735,2.0742,2.0733,2.0736,6082.581634,2.07330000,2.07410000,2.07310000,2.07340000,14781.90000000,,,,,,2.0733,2.0741,2.0727,2.0735,21259.12,2.073,2.074,2.073,2.074,24592.83786100,2.07355,2.07423,2.0734,2.07423,234.03084274
2025-12-08 03:28,2.0737,2.0777,2.0733,2.0758,128522.067865,2.07350000,2.07730000,2.07330000,2.07560000,157001.10000000,2.0755,2.0775,2.0755,2.0775,2176.7371940499997,2.0735,2.0779,2.0732,2.0758,82209.26,2.074,2.077,2.073,2.076,32446.50372700,2.07375,2.07744,2.0733,2.07603,21786.30386251
2025-12-08 03:29,2.0758,2.0768,2.0751,2.0751,74277.554352,2.07560000,2.07670000,2.07510000,2.07510000,60762.40000000,,,,,,2.0758,2.0771,2.0746,2.0746,34849.59,2.076,2.077,2.075,2.075,23015.30922600,2.07605,2.07703,2.07583,2.07643,5173.90868503
2025-12-08 03:30,2.075,2.075,2.0728,2.0728,13797.754287,2.07500000,2.07500000,2.07280000,2.07280000,23492.70000000,2.0763,2.0763,2.0744,2.0744,72.0,2.0746,2.0752,2.0727,2.073,8315.71,2.075,2.075,2.072,2.073,63279.42253800,2.07476,2.07476,2.07329,2.07329,289.27660571
2025-12-08 03:31,2.0727,2.0742,2.0726,2.0737,79981.530679,2.07290000,2.07390000,2.07220000,2.07350000,23334.10000000,2.0741,2.0741,2.0739,2.0739,16.0,2.073,2.0741,2.0723,2.0734,9947.78,2.072,2.074,2.072,2.074,66604.77846200,2.07328,2.07334,2.07297,2.07297,2422.06880044
2025-12-08 03:32,2.0735,2.0736,2.0713,2.0718,11963.178364,2.07360000,2.07360000,2.07110000,2.07170000,43914.40000000,2.0737,2.0737,2.0729,2.0729,63.99999999,2.0734,2.0735,2.071,2.0713,24951.67,2.073,2.073,2.071,2.072,67898.81034200,2.07292,2.07292,2.07153,2.07153,1076.172966
2025-12-08 03:33,2.0718,2.0732,2.0718,2.0728,8785.979842,2.07170000,2.07290000,2.07170000,2.07260000,11790.00000000,,,,,,2.0713,2.0729,2.0713,2.0726,6638.05,2.071,2.073,2.071,2.073,56390.81493700,2.07186,2.07285,2.07186,2.07256,141.08523764999998
2025-12-08 03:34,2.0729,2.0745,2.0722,2.0744,25096.736283,2.07260000,2.07470000,2.07210000,2.07410000,94270.60000000,2.0731,2.0746,2.0731,2.0746,138.09915804,2.0726,2.0747,2.0716,2.0741,38151.94,2.072,2.075,2.072,2.075,50896.03072000,2.07263,2.07368,2.07243,2.07368,207.02402366
2025-12-08 03:35,2.0742,2.0747,2.0729,2.0747,19839.276161,2.07400000,2.07480000,2.07270000,2.07480000,18924.50000000,2.0739,2.075,2.0739,2.075,112.24622531,2.0741,2.075,2.0729,2.075,27060.51,2.074,2.074,2.073,2.074,44228.44517600,2.07393,2.07517,2.07271,2.07517,2242.4016699999997
2025-12-08 03:36,2.0748,2.0755,2.0723,2.0724,8505.799947,2.07490000,2.07540000,2.07210000,2.07210000,22780.50000000,2.0751,2.0754,2.0741,2.0741,80.34399042,2.075,2.076,2.072,2.0722,7677.02,2.075,2.075,2.071,2.072,49298.62275100,2.07517,2.07536,2.07211,2.07211,4984.63204
2025-12-08 03:37,2.0722,2.073,2.0711,2.0711,92013.964577,2.07210000,2.07310000,2.07090000,2.07100000,21741.20000000,2.0736,2.0736,2.0725,2.0725,98.82814661,2.0722,2.0732,2.0709,2.0709,9474.73,2.072,2.073,2.071,2.072,52113.02986600,2.07153,2.0727,2.07153,2.07153,1522.27950122
2025-12-08 03:38,2.0712,2.0714,2.0696,2.07,34884.355793,2.07100000,2.07140000,2.06980000,2.06980000,36340.80000000,2.0723,2.0723,2.0715,2.0715,40.0,2.0709,2.0715,2.0696,2.0697,15876.4,2.072,2.072,2.07,2.07,34165.42650800,2.07152,2.07152,2.07051,2.07081,1020.42454408
2025-12-08 03:39,2.07,2.0702,2.0688,2.069,66024.018146,2.06980000,2.07050000,2.06880000,2.06890000,62276.00000000,2.0708,2.0708,2.0698,2.0698,1053.62064905,2.0697,2.0701,2.0684,2.0688,26287.94,2.07,2.07,2.068,2.069,40187.60867500,2.07001,2.07001,2.06788,2.06788,211936.95817077
2025-12-08 03:40,2.0689,2.0703,2.0682,2.0682,140266.47034,2.06890000,2.06970000,2.06820000,2.06820000,137972.00000000,2.0698,2.0699,2.0696,2.0696,1710.70354746,2.0688,2.07,2.0676,2.0677,18456.41,2.069,2.07,2.068,2.069,45614.26804600,2.06851,2.06984,2.06812,2.06965,6663.1625625
2025-12-08 03:41,2.0684,2.07,2.0673,2.0695,41962.113077,2.06830000,2.07020000,2.06760000,2.06940000,75578.40000000,2.0691,2.0703,2.0683,2.0703,223.40827384,2.0677,2.07,2.067,2.0693,70535.4,2.068,2.071,2.067,2.07,56987.27943600,2.06877,2.06976,2.06752,2.06912,126.56091364
2025-12-08 03:42,2.0695,2.0704,2.0692,2.0697,15139.730628,2.06950000,2.07030000,2.06920000,2.06950000,24675.50000000,2.0701,2.0704,2.0701,2.0704,36.00221288,2.0693,2.0707,2.0689,2.0695,11243.33,2.069,2.071,2.069,2.069,32438.08095700,2.06958,2.06981,2.06947,2.06966,702.29092
2025-12-08 03:43,2.0695,2.0705,2.0695,2.0699,7740.970664,2.06960000,2.07020000,2.06950000,2.06970000,17613.40000000,2.0701,2.0701,2.0701,2.0701,9.57184981,2.0695,2.0705,2.0694,2.07,9561.1,2.069,2.071,2.069,2.069,51618.42941300,2.06983,2.07015,2.06942,2.06966,362.8105
2025-12-08 03:44,2.0698,2.0702,2.0692,2.0697,10186.80062,2.06980000,2.06980000,2.06920000,2.06950000,20305.70000000,,,,,,2.07,2.07,2.0691,2.0694,7814.4,2.07,2.07,2.069,2.069,25872.88839900,2.06966,2.0698,2.06937,2.06963,3836.00969742
2025-12-08 03:45,2.0693,2.0697,2.0684,2.0693,13439.832591,2.06940000,2.06940000,2.06820000,2.06920000,24390.70000000,,,,,,2.0694,2.0695,2.0679,2.069,12000.91,2.069,2.07,2.068,2.069,48035.07032200,2.06869,2.06902,2.0682,2.06902,983.59019
2025-12-08 03:46,2.0692,2.0709,2.0692,2.0708,27069.795876,2.06910000,2.07100000,2.06890000,2.07080000,73527.00000000,2.0697,2.0711,2.0697,2.0711,155.87486474,2.069,2.0711,2.0686,2.0708,32421.2,2.069,2.071,2.069,2.07,41802.20376600,2.07004,2.07091,2.07004,2.07071,10595.718904450001
2025-12-08 03:47,2.0705,2.0713,2.0698,2.0709,14936.74343,2.07080000,2.07130000,2.06990000,2.07080000,30176.70000000,2.0712,2.0712,2.0712,2.0712,4.0,2.0708,2.0713,2.0697,2.0708,13723.23,2.071,2.072,2.069,2.071,50643.82141100,2.07003,2.07078,2.06992,2.07071,769.4544024600001
2025-12-08 03:48,2.071,2.0718,2.0705,2.0718,15386.30081,2.07080000,2.07190000,2.07050000,2.07190000,81471.50000000,2.0713,2.072,2.0713,2.072,32.0,2.0708,2.0723,2.0704,2.0723,35556.32,2.07,2.071,2.07,2.071,64925.02444700,2.07074,2.07155,2.07062,2.07155,2735.69392431
2025-12-08 03:49,2.0719,2.073,2.0718,2.0727,9727.70332,2.07200000,2.07280000,2.07150000,2.07280000,18211.70000000,2.0721,2.0728,2.0721,2.0728,24.0,2.0723,2.073,2.0715,2.073,8328.65,2.071,2.072,2.071,2.072,35173.81480100,2.07228,2.07281,2.07215,2.07281,257.72363795
2025-12-08 03:50,2.0731,2.0731,2.0716,2.0718,9624.176428,2.07280000,2.07290000,2.07130000,2.07180000,12961.50000000,,,,,,2.073,2.073,2.0711,2.0717,7640.65,2.073,2.073,2.071,2.071,33754.44822400,2.07287,2.07287,2.07162,2.07185,342.10202528
2025-12-08 03:51,2.0721,2.0727,2.0712,2.0721,21494.661229,2.07180000,2.07260000,2.07180000,2.07200000,7634.60000000,2.0733,2.0733,2.0733,2.0733,4.0,2.0717,2.0727,2.0717,2.0718,3957.62,2.072,2.073,2.071,2.071,35638.41141000,2.07204,2.07251,2.07192,2.07219,291.45156651
2025-12-08 03:52,2.0722,2.0726,2.0717,2.0717,8219.245916,2.07190000,2.07240000,2.07160000,2.07160000,39740.00000000,,,,,,2.0718,2.0727,2.0715,2.0716,18470.3,2.072,2.073,2.071,2.072,29683.76370100,2.07224,2.07252,2.07192,2.07192,1698.71499875
2025-12-08 03:53,2.0716,2.0716,2.0706,2.0706,4925.202324,2.07150000,2.07150000,2.07080000,2.07130000,13061.50000000,,,,,,2.0716,2.0716,2.0705,2.0714,7845.77,2.072,2.072,2.07,2.071,39304.04540900,2.07191,2.07191,2.07104,2.07134,1492.452449
2025-12-08 03:54,2.0707,2.0711,2.0705,2.0706,2413.529736,2.07120000,2.07120000,2.07030000,2.07070000,59615.60000000,2.0721,2.0721,2.0721,2.0721,8.0,2.0714,2.0714,2.07,2.0704,20800.24,2.071,2.071,2.07,2.071,33285.77084400,2.07111,2.07111,2.07004,2.07053,185.34558694999998
2025-12-08 03:55,2.0706,2.0713,2.0702,2.0712,7213.237552,2.07060000,2.07110000,2.07040000,2.07100000,4364.10000000,,,,,,2.0704,2.0713,2.0702,2.0712,1407.79,2.071,2.071,2.07,2.071,24253.37808900,2.07031,2.07118,2.07031,2.0709,3428.6275001999998
2025-12-08 03:56,2.0712,2.0727,2.0708,2.0723,12560.044472,2.07100000,2.07270000,2.07070000,2.07250000,30043.00000000,,,,,,2.0712,2.0729,2.071,2.0729,36178.76,2.071,2.073,2.07,2.072,13125.28512000,2.07095,2.07268,2.07076,2.07267,1830.49483231
2025-12-08 03:57,2.0725,2.0725,2.071,2.0712,20610.897112,2.07260000,2.07260000,2.07100000,2.07120000,14531.40000000,,,,,,2.0729,2.0729,2.0713,2.0715,33651.79,2.073,2.073,2.07,2.071,30407.79909100,2.07183,2.07183,2.07114,2.07165,354.86232007999996
2025-12-08 03:58,2.0712,2.0723,2.0709,2.0723,6097.250319,2.07110000,2.07220000,2.07070000,2.07220000,15330.70000000,,,,,,2.0715,2.0726,2.071,2.0723,2522.55,2.071,2.072,2.07,2.071,24366.27629000,2.07092,2.07176,2.07092,2.07176,70.25464
2025-12-08 03:59,2.0722,2.0729,2.0716,2.072,16186.155071,2.07230000,2.07270000,2.07170000,2.07190000,34671.80000000,2.073,2.0732,2.0726,2.0726,62.0,2.0723,2.0732,2.0716,2.0719,17595.54,2.072,2.073,2.071,2.072,27150.64832700,2.07176,2.07246,2.07176,2.07187,765.26295204
2025-12-08 04:00,2.0721,2.075,2.0719,2.0722,9188.146221,2.07200000,2.07520000,2.07190000,2.07250000,50636.60000000,2.0726,2.075,2.0726,2.075,110.0,2.0719,2.0754,2.0719,2.0727,22989.31,2.072,2.074,2.072,2.073,22505.39328100,2.07211,2.07537,2.07202,2.07211,8321.54791799
2025-12-08 04:01,2.0723,2.0736,2.0723,2.0733,7381.449556,2.07250000,2.07360000,2.07250000,2.07330000,13986.10000000,,,,,,2.0727,2.074,2.0727,2.0736,32778.76,2.072,2.074,2.072,2.073,20071.39381600,2.07356,2.07356,2.07333,2.07334,317.71263999999996
2025-12-08 04:02,2.0734,2.0745,2.0729,2.0734,9385.080386,2.07330000,2.07450000,2.07300000,2.07330000,16906.40000000,,,,,,2.0736,2.0749,2.0732,2.0736,13784.96,2.073,2.074,2.072,2.074,16802.92096200,2.07374,2.07449,2.07291,2.07291,547.60783796
2025-12-08 04:03,2.0735,2.0737,2.0715,2.0728,7431.448175,2.07340000,2.07360000,2.07160000,2.07260000,18927.40000000,2.0735,2.0735,2.0735,2.0735,8.0,2.0736,2.074,2.0719,2.0729,8035.91,2.074,2.074,2.071,2.072,20059.50189400,2.07363,2.0737,2.072,2.07262,777.11844965
2025-12-08 04:04,2.0725,2.0727,2.0711,2.0717,6334.951324,2.07260000,2.07260000,2.07100000,2.07170000,17546.20000000,2.0733,2.0733,2.0726,2.0726,48.0,2.0729,2.0729,2.0712,2.072,6458.02,2.072,2.072,2.07,2.071,25375.42076500,2.0721,2.0721,2.07116,2.07116,706.8540282
2025-12-08 04:05,2.0716,2.0725,2.0708,2.0723,9596.405024,2.07170000,2.07230000,2.07070000,2.07230000,6477.10000000,2.0725,2.0725,2.0724,2.0724,15.99999999,2.072,2.0729,2.0709,2.0724,3801.2,2.072,2.073,2.071,2.073,25145.46458500,2.07232,2.07232,2.07195,2.07213,33.6167802
2025-12-08 04:06,2.0721,2.0721,2.07,2.0706,8403.33385,2.07240000,2.07240000,2.07010000,2.07060000,20218.40000000,2.0724,2.0724,2.0717,2.0717,56.00000001,2.0724,2.0726,2.0702,2.0709,7913.35,2.073,2.073,2.07,2.07,28884.65067600,2.07181,2.07181,2.07015,2.07063,1111.36321181
2025-12-08 04:07,2.0705,2.0734,2.0705,2.0734,6786.546001,2.07060000,2.07350000,2.07060000,2.07350000,85523.80000000,2.0727,2.0738,2.0727,2.0738,28.0,2.0709,2.0738,2.0707,2.0738,34614.01,2.071,2.073,2.07,2.073,24496.19607000,2.07213,2.07302,2.07213,2.07297,533.48543
2025-12-08 04:08,2.0734,2.0747,2.0734,2.0746,6251.469529,2.07360000,2.07460000,2.07350000,2.07460000,50820.40000000,2.0739,2.0747,2.0739,2.0747,32.0,2.0738,2.0748,2.0734,2.0748,20029.63,2.073,2.075,2.073,2.074,27181.28584400,,,,,0.0
2025-12-08 04:09,2.0747,2.0777,2.0743,2.0776,44119.881982,2.07470000,2.07770000,2.07420000,2.07770000,98248.00000000,2.0748,2.0762,2.0748,2.0762,36.0,2.0748,2.0777,2.0743,2.0775,39797.86,2.075,2.078,2.074,2.077,41687.65281900,2.07497,2.0775,2.07473,2.0775,2656.9923193600002
2025-12-08 04:10,2.0776,2.0801,2.0776,2.0794,131419.542394,2.07760000,2.08040000,2.07760000,2.07920000,83001.60000000,2.0782,2.0792,2.0782,2.0792,65.16797877,2.0775,2.0804,2.0775,2.0794,37901.57,2.077,2.08,2.077,2.079,29822.28108800,2.07749,2.08001,2.07749,2.08001,10054.81213175
2025-12-08 04:11,2.0793,2.0793,2.0771,2.0775,25279.036819,2.07920000,2.07920000,2.07710000,2.07740000,27583.20000000,,,,,,2.0794,2.0794,2.077,2.0775,15102.49,2.079,2.079,2.077,2.077,44595.21477600,2.07954,2.07954,2.07743,2.07759,37514.841833189996
2025-12-08 04:12,2.0776,2.0791,2.0776,2.0778,13295.670247,2.07750000,2.07880000,2.07750000,2.07760000,26273.10000000,,,,,,2.0775,2.0791,2.0775,2.0775,10631.67,2.078,2.079,2.077,2.077,50470.34218400,2.07878,2.07914,2.07792,2.07792,187.0630736
2025-12-08 04:13,2.0777,2.0777,2.0764,2.0768,7969.224893,2.07760000,2.07760000,2.07630000,2.07690000,45548.40000000,2.0783,2.0783,2.0778,2.0778,31.99999999,2.0775,2.0775,2.0761,2.0769,21148.9,2.077,2.077,2.076,2.077,32706.99726500,2.07659,2.07696,2.07659,2.07664,567.0862524199999
2025-12-08 04:14,2.077,2.078,2.0768,2.0768,7869.329289,2.07690000,2.07780000,2.07670000,2.07680000,28897.50000000,,,,,,2.0769,2.078,2.0764,2.0765,12867.49,2.077,2.078,2.076,2.076,21963.57723100,2.07791,2.07791,2.07662,2.07662,234.37797286
2025-12-08 04:15,2.0768,2.0768,2.0753,2.0756,6116.380995,2.07680000,2.07680000,2.07520000,2.07560000,82358.20000000,2.0778,2.0778,2.0767,2.0767,64.0,2.0765,2.0771,2.0749,2.0758,35290.59,2.077,2.077,2.075,2.075,32145.95148300,2.07653,2.07653,2.0756,2.0756,2960.98472299
2025-12-08 04:16,2.0756,2.0759,2.0746,2.0759,15665.377663,2.07570000,2.07620000,2.07480000,2.07600000,19174.90000000,2.0767,2.0767,2.0765,2.0766,489.55639025,2.0758,2.0765,2.0745,2.076,8756.47,2.075,2.077,2.074,2.077,39011.14797600,2.07491,2.07577,2.07468,2.07577,5035.82949728
2025-12-08 04:17,2.076,2.0766,2.0754,2.0759,17787.219649,2.07610000,2.07680000,2.07550000,2.07580000,15541.00000000,,,,,,2.076,2.0766,2.0754,2.0757,6284.66,2.076,2.077,2.075,2.075,27400.76218600,2.07499,2.07595,2.07499,2.07595,657.5043458600001
2025-12-08 04:18,2.076,2.076,2.0742,2.0746,5232.831133,2.07580000,2.07580000,2.07440000,2.07440000,5757.60000000,2.0765,2.0765,2.076,2.076,8.00000001,2.0757,2.0759,2.0745,2.0747,3042.58,2.075,2.076,2.074,2.074,34750.52625500,2.07588,2.07588,2.07428,2.07457,32550.69219441
2025-12-08 04:19,2.0746,2.0763,2.0746,2.0756,7207.596985,2.07450000,2.07640000,2.07450000,2.07550000,22082.20000000,,,,,,2.0747,2.0765,2.0747,2.0759,9118.13,2.074,2.077,2.074,2.076,29618.19831900,2.07506,2.07626,2.07506,2.07617,3034.86486248
2025-12-08 04:20,2.0757,2.077,2.0755,2.0757,13769.534861,2.07550000,2.07680000,2.07530000,2.07550000,43680.90000000,,,,,,2.0759,2.0769,2.0754,2.0757,17560.14,2.076,2.076,2.076,2.076,4363.80805200,2.07578,2.07684,2.07552,2.07552,1118.48290493
2025-12-08 04:21,2.0756,2.076,2.0748,2.0753,3860.987733,2.07550000,2.07590000,2.07490000,2.07510000,10386.80000000,,,,,,2.0757,2.0762,2.0751,2.0752,7743.54,2.075,2.076,2.075,2.075,11117.63618300,2.07557,2.076,2.0751,2.0752,108.97775645
2025-12-08 04:22,2.0753,2.0767,2.0752,2.0761,49417.302697,2.07520000,2.07580000,2.07510000,2.07570000,13627.40000000,,,,,,2.0752,2.0761,2.0751,2.0756,6468.87,2.075,2.076,2.075,2.076,5723.36482600,2.0754,2.07586,2.07539,2.07566,6729.91444458
2025-12-08 04:23,2.076,2.0792,2.076,2.0781,35744.288233,2.07580000,2.07910000,2.07580000,2.07820000,44944.70000000,2.0769,2.0791,2.0769,2.0791,56.0,2.0756,2.0793,2.0756,2.0778,11802.03,2.076,2.079,2.076,2.078,20894.28505600,2.07624,2.07856,2.07623,2.07842,3081.9808678
2025-12-08 04:24,2.0781,2.0781,2.0759,2.076,11157.138618,2.07810000,2.07810000,2.07590000,2.07590000,17904.10000000,2.0781,2.0781,2.0781,2.0781,500.0,2.0778,2.0782,2.0756,2.0758,21524.15,2.077,2.077,2.076,2.076,1823.29015300,2.07778,2.07791,2.07634,2.07634,6185.2915011000005
2025-12-08 04:25,2.076,2.079,2.0759,2.079,19689.793237,2.07580000,2.07880000,2.07580000,2.07880000,22215.90000000,2.0776,2.079,2.0776,2.079,1234.0,2.0758,2.079,2.0758,2.0787,9741.93,2.076,2.079,2.076,2.079,31535.04896200,2.07613,2.07906,2.07613,2.07886,989.17411312
2025-12-08 04:26,2.0787,2.0826,2.0783,2.0812,43757.541683,2.07880000,2.08220000,2.07830000,2.08110000,110354.80000000,2.0792,2.0795,2.0792,2.0795,16.0,2.0787,2.0824,2.0781,2.0811,47251.8,2.078,2.083,2.078,2.081,37791.61496700,2.07882,2.08182,2.07811,2.08122,5613.05448153
2025-12-08 04:27,2.081,2.081,2.0785,2.0795,21141.769583,2.08110000,2.08110000,2.07850000,2.07950000,65138.90000000,2.0802,2.0802,2.0802,2.0802,500.0,2.0811,2.0811,2.0785,2.0796,28889.45,2.081,2.081,2.078,2.079,22377.69177100,2.08091,2.08091,2.07845,2.0795,6366.0
2025-12-08 04:28,2.0796,2.0804,2.0778,2.0778,58404.240001,2.07960000,2.08030000,2.07790000,2.07790000,63817.30000000,2.0794,2.0799,2.0794,2.0799,5050.0,2.0796,2.0805,2.0779,2.0779,26202.24,2.08,2.08,2.077,2.077,30647.00234600,2.07985,2.08032,2.07758,2.07761,3488.55915866
2025-12-08 04:29,2.0778,2.0785,2.0774,2.0782,11221.785237,2.07780000,2.07840000,2.07740000,2.07840000,9552.90000000,2.0793,2.0793,2.0793,2.0793,8.0,2.0779,2.0788,2.0773,2.0785,11192.63,2.078,2.079,2.077,2.078,15552.05697900,2.07738,2.07841,2.07713,2.07837,834.99190244
2025-12-08 04:30,2.0782,2.0802,2.0778,2.0802,28440.744681,2.07830000,2.08030000,2.07800000,2.08030000,33697.80000000,2.0803,2.0805,2.0803,2.0805,12.0,2.0785,2.0807,2.0784,2.0807,10254.83,2.078,2.081,2.078,2.08,55276.92799000,2.07843,2.08018,2.07843,2.08018,345.65497
2025-12-08 04:31,2.08,2.0837,2.08,2.0837,41245.778559,2.08030000,2.08350000,2.08030000,2.08330000,94104.20000000,2.0806,2.0832,2.0806,2.0832,76.77979231,2.0807,2.0834,2.0803,2.0829,77553.94,2.08,2.084,2.08,2.082,88250.55002800,2.08094,2.0825,2.08027,2.08249,5196.489517800001
2025-12-08 04:32,2.0835,2.0846,2.0821,2.0838,50750.656986,2.08330000,2.08430000,2.08210000,2.08320000,137298.80000000,2.0834,2.0843,2.0834,2.0843,12.0,2.0829,2.0844,2.0819,2.0834,80729.46,2.083,2.084,2.082,2.083,76738.49592500,2.0825,2.08398,2.08209,2.08376,1560.2950406
2025-12-08 04:33,2.0836,2.0868,2.0836,2.0841,20969.929358,2.08330000,2.08650000,2.08330000,2.08430000,28615.50000000,2.0852,2.0873,2.0852,2.0873,54.0,2.0834,2.0865,2.0833,2.0843,12000.98,2.084,2.086,2.083,2.084,49511.59049100,2.08427,2.08685,2.08427,2.08499,58428.49900001
2025-12-08 04:34,2.0849,2.0855,2.0827,2.0829,24459.532961,2.08440000,2.08540000,2.08270000,2.08270000,28433.30000000,2.0855,2.0855,2.0844,2.0844,23.99999999,2.0843,2.0851,2.0824,2.0826,11026.59,2.085,2.085,2.083,2.083,7730.24105900,2.08522,2.08545,2.08365,2.08366,2136.91589
2025-12-08 04:35,2.0831,2.0837,2.0817,2.0817,20353.380923,2.08270000,2.08400000,2.08140000,2.08150000,23375.60000000,2.0844,2.0844,2.0833,2.0833,140.0,2.0826,2.0838,2.0811,2.0815,11386.54,2.083,2.084,2.082,2.082,38845.08706400,2.08362,2.08362,2.083,2.08313,136.350654
2025-12-08 04:36,2.0817,2.082,2.0795,2.0801,31769.786196,2.08160000,2.08190000,2.07940000,2.08010000,13479.10000000,2.0832,2.0832,2.0819,2.0819,72.0,2.0815,2.0819,2.0791,2.0801,10221.56,2.081,2.082,2.079,2.08,47446.62874500,2.08204,2.08204,2.07986,2.08044,3831.73800616
2025-12-08 04:37,2.08,2.0806,2.079,2.0797,14857.708527,2.08000000,2.08070000,2.07880000,2.07950000,33634.80000000,,,,,,2.0801,2.0808,2.0789,2.0796,30371.38,2.08,2.081,2.079,2.079,60067.88048100,2.08037,2.08043,2.07951,2.07951,162.01067991999997
2025-12-08 04:38,2.0797,2.0805,2.079,2.0791,15166.869678,2.07950000,2.08070000,2.07910000,2.07930000,16287.10000000,,,,,,2.0796,2.0806,2.0791,2.0792,27709.57,2.08,2.08,2.079,2.079,75034.53404500,2.0795,2.07994,2.0795,2.0795,95.644705
2025-12-08 04:39,2.0792,2.0794,2.0774,2.0778,3700.29963,2.07920000,2.07980000,2.07760000,2.07760000,11391.30000000,2.0804,2.0804,2.0795,2.0795,83.58594999,2.0792,2.08,2.0776,2.0776,23128.15,2.079,2.079,2.077,2.078,39149.30564200,2.0795,2.0795,2.07784,2.07785,3186.3876022599998
2025-12-08 04:40,2.0774,2.0776,2.0742,2.0746,32101.266926,2.07760000,2.07760000,2.07400000,2.07440000,37637.00000000,2.0795,2.0795,2.0762,2.0762,112.00000001,2.0776,2.078,2.0743,2.0749,20466,2.077,2.078,2.074,2.074,35717.53548100,2.07785,2.07785,2.07451,2.07451,28172.3406841
2025-12-08 04:41,2.0742,2.075,2.073,2.075,9314.247902,2.07440000,2.07510000,2.07310000,2.07510000,28320.40000000,2.0752,2.0752,2.0752,2.0752,100.0,2.0749,2.0755,2.0732,2.075,10044.65,2.074,2.075,2.072,2.075,26488.37500700,2.0745,2.07482,2.07353,2.07482,1700.7029573300001
2025-12-08 04:42,2.075,2.0759,2.0749,2.0757,16079.991289,2.07510000,2.07570000,2.07500000,2.07570000,25229.70000000,,,,,,2.075,2.0761,2.0749,2.076,9264.58,2.075,2.076,2.075,2.076,26837.95104000,2.07543,2.0757,2.07494,2.07538,731.60879119
2025-12-08 04:43,2.0757,2.0793,2.0757,2.0793,6556.501437,2.07570000,2.07920000,2.07570000,2.07920000,14570.30000000,2.0771,2.0791,2.0771,2.0791,28.0,2.076,2.0796,2.076,2.0793,9350.3,2.076,2.079,2.075,2.078,31195.81342100,2.07568,2.07936,2.07568,2.07936,5520.39639954
2025-12-08 04:44,2.0793,2.0793,2.077,2.077,5889.035212,2.07910000,2.07910000,2.07700000,2.07700000,17239.10000000,,,,,,2.0793,2.0796,2.0771,2.0773,7284.62,2.079,2.079,2.077,2.077,19412.64832000,2.07902,2.07902,2.07695,2.07695,3604.6668988700003
2025-12-08 04:45,2.0773,2.0774,2.0761,2.077,5445.542835,2.07700000,2.07770000,2.07620000,2.07720000,10424.70000000,,,,,,2.0773,2.0779,2.0761,2.0772,2859.24,2.077,2.078,2.076,2.077,37756.21947900,2.07719,2.07726,2.07694,2.0772,3382.35858033
2025-12-08 04:46,2.0771,2.0771,2.0755,2.0761,10824.020137,2.07710000,2.07710000,2.07540000,2.07630000,18342.30000000,2.0779,2.0779,2.0774,2.0774,40.0,2.0772,2.0775,2.0755,2.0764,8102.07,2.076,2.077,2.075,2.077,33551.08554000,2.07723,2.07733,2.07565,2.07603,4127.74797255
2025-12-08 04:47,2.0762,2.0772,2.0762,2.0765,12928.208021,2.07640000,2.07730000,2.07640000,2.07640000,4808.80000000,,,,,,2.0764,2.0775,2.0763,2.0765,1929.08,2.077,2.077,2.076,2.077,27175.49665500,2.07603,2.07742,2.07603,2.07654,129.46262816
2025-12-08 04:48,2.0764,2.0769,2.0761,2.0764,4347.444794,2.07650000,2.07680000,2.07600000,2.07610000,6048.00000000,,,,,,2.0765,2.0771,2.0761,2.0764,4740.71,2.076,2.077,2.076,2.076,21894.76880700,2.07675,2.07675,2.07591,2.07591,2093.50419569
2025-12-08 04:49,2.0761,2.0761,2.075,2.0754,11581.377072,2.07600000,2.07600000,2.07480000,2.07530000,7396.50000000,2.0773,2.0773,2.077,2.077,24.0,2.0764,2.0764,2.075,2.0752,3394.99,2.076,2.076,2.075,2.075,29898.04355000,2.07558,2.07558,2.07512,2.07512,622.158028
2025-12-08 04:50,2.0753,2.0757,2.0744,2.0747,23045.744685,2.07530000,2.07540000,2.07450000,2.07460000,15128.10000000,2.0769,2.0769,2.0766,2.0766,23.99999999,2.0752,2.0757,2.0746,2.0749,5908.3,2.075,2.076,2.074,2.074,23467.11248100,2.07542,2.07542,2.0745,2.07451,851.66059773
2025-12-08 04:51,2.0748,2.0748,2.0719,2.0719,13662.208877,2.07460000,2.07470000,2.07190000,2.07190000,30764.40000000,2.0766,2.0766,2.0749,2.0749,88.00000001,2.0749,2.075,2.0724,2.0724,19352.84,2.074,2.075,2.072,2.072,28380.97384500,2.07469,2.07469,2.0735,2.0735,1322.721818
2025-12-08 04:52,2.0719,2.0744,2.0709,2.0739,88500.870923,2.07190000,2.07460000,2.07120000,2.07390000,42037.00000000,2.0733,2.0737,2.0733,2.0737,711.38257826,2.0724,2.0748,2.0713,2.0741,12235.64,2.072,2.075,2.071,2.073,26786.40227500,2.07251,2.07457,2.07152,2.07368,2708.8766455200002
2025-12-08 04:53,2.074,2.0745,2.0734,2.0739,16677.795042,2.07390000,2.07430000,2.07310000,2.07370000,16352.80000000,,,,,,2.0741,2.0745,2.0734,2.0738,6976.26,2.074,2.074,2.073,2.074,26446.10658000,2.07362,2.07446,2.07304,2.07355,1390.51742282
2025-12-08 04:54,2.074,2.0761,2.074,2.075,12179.621531,2.07370000,2.07630000,2.07370000,2.07520000,163348.80000000,2.0758,2.076,2.0758,2.076,8.0,2.0738,2.0761,2.0738,2.0753,65451.47,2.073,2.076,2.073,2.076,18748.87804700,2.07421,2.07546,2.07421,2.07516,1073.51965986
2025-12-08 04:55,2.0755,2.0758,2.0747,2.0751,4717.445566,2.07520000,2.07570000,2.07500000,2.07510000,8176.10000000,,,,,,2.0753,2.0759,2.075,2.075,3438.77,2.075,2.076,2.074,2.076,56047.98841300,2.07513,2.07576,2.07497,2.0753,899.9837626999999
2025-12-08 04:56,2.0751,2.0753,2.0742,2.0753,5572.245529,2.07500000,2.07520000,2.07450000,2.07520000,22995.10000000,,,,,,2.075,2.0755,2.0745,2.0753,14330.73,2.075,2.076,2.074,2.075,48258.22955100,2.07498,2.07536,2.07498,2.07535,1705.24632418
2025-12-08 04:57,2.0753,2.0764,2.075,2.0751,3764.032383,2.07530000,2.07640000,2.07490000,2.07490000,11550.50000000,2.0762,2.0769,2.0762,2.0769,21.035715,2.0753,2.0767,2.075,2.0752,5344.39,2.076,2.077,2.075,2.075,50939.25499700,2.07569,2.07576,2.07524,2.07524,83.52394799
2025-12-08 04:58,2.0752,2.0752,2.0739,2.0739,6772.100429,2.07500000,2.07500000,2.07400000,2.07410000,12977.40000000,,,,,,2.0752,2.0753,2.074,2.0743,5688.27,2.075,2.075,2.074,2.074,44346.40999700,2.07502,2.07507,2.07431,2.07431,27321.80847296
2025-12-08 04:59,2.0739,2.0743,2.0738,2.0741,3588.242276,2.07400000,2.07420000,2.07370000,2.07420000,39927.90000000,2.0756,2.0756,2.0756,2.0756,191.515514,2.0743,2.0746,2.0736,2.0744,16641.96,2.075,2.075,2.073,2.075,42854.35188400,2.07431,2.07431,2.0737,2.0743,248.14458334
2025-12-08 05:00,2.074,2.0749,2.0733,2.0747,7816.567501,2.07420000,2.07480000,2.07340000,2.07480000,50613.20000000,2.0755,2.0755,2.0755,2.0755,8.0,2.0744,2.0748,2.0736,2.0748,18288.16,2.074,2.075,2.073,2.074,22944.00119600,2.07428,2.0755,2.07399,2.07494,217952.92414598
2025-12-08 05:01,2.075,2.0753,2.0745,2.0745,7753.0904,2.07480000,2.07500000,2.07440000,2.07450000,27140.60000000,,,,,,2.0748,2.0753,2.0744,2.0746,10832.09,2.075,2.075,2.074,2.075,16027.47428700,2.07556,2.07556,2.07513,2.0752,2463.90799
2025-12-08 05:02,2.0746,2.0746,2.072,2.0727,17888.903556,2.07450000,2.07450000,2.07220000,2.07270000,49269.50000000,2.0753,2.0753,2.0743,2.0743,88.0,2.0746,2.0748,2.072,2.0726,27987.24,2.074,2.075,2.071,2.073,23972.99093200,2.0748,2.0748,2.07239,2.07289,2525.52855951
2025-12-08 05:03,2.0727,2.0727,2.0716,2.0723,17128.473877,2.07270000,2.07270000,2.07170000,2.07210000,11261.00000000,2.0742,2.0742,2.0738,2.0738,50.0,2.0726,2.073,2.0717,2.0723,4739.25,2.072,2.073,2.071,2.073,17259.87775500,2.07289,2.07306,2.07179,2.07226,179.91866151
2025-12-08 05:04,2.0723,2.0734,2.0718,2.0734,14617.280659,2.07200000,2.07330000,2.07160000,2.07330000,15661.20000000,,,,,,2.0723,2.0735,2.0717,2.0731,20623.32,2.073,2.074,2.072,2.074,24854.65805300,2.07289,2.07339,2.07225,2.07339,241.124207
2025-12-08 05:05,2.0735,2.0735,2.072,2.0722,5708.398055,2.07340000,2.07340000,2.07180000,2.07210000,8384.00000000,,,,,,2.0731,2.0731,2.0717,2.0722,4253.5,2.074,2.074,2.071,2.073,22883.36532800,2.07339,2.07339,2.07225,2.07226,1143.42422601
2025-12-08 05:06,2.0723,2.0734,2.0722,2.0733,9657.980068,2.07220000,2.07330000,2.07200000,2.07320000,6573.50000000,,,,,,2.0722,2.0733,2.0718,2.0733,1926.79,2.073,2.074,2.072,2.073,19687.50280700,2.07274,2.07286,2.07226,2.07286,162.7565
2025-12-08 05:07,2.0733,2.0733,2.0718,2.0723,22502.942117,2.07320000,2.07320000,2.07210000,2.07240000,8316.90000000,2.0737,2.0737,2.0737,2.0737,500.0,2.0733,2.0733,2.0722,2.0722,3486.54,2.073,2.073,2.072,2.073,21212.50426200,2.0732,2.0732,2.07226,2.07264,262.78915
2025-12-08 05:08,2.0724,2.0728,2.0716,2.0717,10052.813984,2.07230000,2.07230000,2.07140000,2.07180000,16165.50000000,2.0735,2.0735,2.0735,2.0735,8.0,2.0722,2.0726,2.0714,2.0716,6785,2.073,2.073,2.071,2.072,17305.14707600,2.07226,2.07264,2.072,2.07201,476.10923236
2025-12-08 05:09,2.0719,2.0723,2.0709,2.0711,27058.026624,2.07170000,2.07220000,2.07100000,2.07110000,9536.60000000,2.0733,2.0733,2.0731,2.0731,16.0,2.0716,2.0721,2.0708,2.071,6942.94,2.072,2.072,2.071,2.071,21850.97028800,2.07201,2.07201,2.07092,2.07092,1695.3921204600001
2025-12-08 05:10,2.0711,2.072,2.0697,2.0699,52696.767841,2.07100000,2.07170000,2.06970000,2.06990000,52765.90000000,2.0729,2.0729,2.0718,2.0724,822.0,2.071,2.0718,2.0695,2.0699,22695.61,2.07,2.072,2.07,2.071,52519.60126900,2.07091,2.07142,2.07062,2.07141,6563.01439253
2025-12-08 05:11,2.0701,2.0727,2.0699,2.0721,46097.910473,2.07000000,2.07270000,2.07000000,2.07200000,115474.50000000,2.0731,2.0731,2.0731,2.0731,1037.6206490499999,2.0699,2.0723,2.0697,2.0714,77682.32,2.07,2.073,2.07,2.072,43573.75024900,2.07012,2.07245,2.07012,2.07185,9863.52933095
2025-12-08 05:12,2.0719,2.0724,2.0714,2.0722,6124.128678,2.07200000,2.07250000,2.07150000,2.07220000,10902.80000000,,,,,,2.0714,2.0724,2.0713,2.0713,15120.87,2.072,2.073,2.071,2.072,27372.72163600,2.07198,2.07198,2.07159,2.07178,114.46414
2025-12-08 05:13,2.0723,2.0734,2.0722,2.0733,9295.542532,2.07230000,2.07330000,2.07210000,2.07320000,5940.00000000,2.0733,2.0735,2.0733,2.0735,8.0,2.0713,2.0731,2.0713,2.0727,9163.59,2.073,2.074,2.072,2.074,37350.18061100,2.07256,2.07323,2.07256,2.07318,99.648365
2025-12-08 05:14,2.0733,2.0733,2.0718,2.0718,12424.362379,2.07320000,2.07330000,2.07180000,2.07180000,1580.90000000,,,,,,2.0727,2.0732,2.0713,2.0713,9397.67,2.073,2.073,2.072,2.072,33957.45268300,2.07268,2.0728,2.07268,2.07268,653.74730873
2025-12-08 05:15,2.0718,2.0727,2.0714,2.0714,16144.66931,2.07190000,2.07270000,2.07180000,2.07200000,17266.40000000,,,,,,2.0713,2.0727,2.0713,2.0717,6776.63,2.072,2.073,2.072,2.072,50828.78711200,2.07244,2.07286,2.07213,2.07213,131.9691627
2025-12-08 05:16,2.0717,2.0726,2.0713,2.0726,16711.411614,2.07200000,2.07260000,2.07140000,2.07250000,42228.30000000,,,,,,2.0717,2.0725,2.0709,2.0725,18626.03,2.072,2.073,2.071,2.072,34684.09477900,2.07174,2.0729,2.07158,2.07265,2366.2671423
2025-12-08 05:17,2.0726,2.0734,2.0723,2.0729,13910.177528,2.07260000,2.07330000,2.07260000,2.07280000,13673.90000000,,,,,,2.0725,2.0732,2.0724,2.0724,5584.37,2.072,2.074,2.072,2.072,47967.04271000,2.07272,2.07291,2.07272,2.07291,711.69422528
2025-12-08 05:18,2.0729,2.0734,2.0727,2.0734,9620.200448,2.07290000,2.07330000,2.07290000,2.07330000,3829.80000000,,,,,,2.0724,2.0735,2.0724,2.0735,2830,2.073,2.074,2.072,2.074,59821.92401300,2.07289,2.07308,2.07263,2.073,1026.42728696
2025-12-08 05:19,2.0735,2.077,2.0735,2.077,24319.65662,2.07340000,2.07710000,2.07340000,2.07710000,30187.20000000,2.0737,2.077,2.0737,2.077,60.0,2.0735,2.077,2.0735,2.077,14597.08,2.074,2.077,2.074,2.077,35925.42937500,2.0739,2.07587,2.0739,2.07587,433.32182
2025-12-08 05:20,2.0772,2.0785,2.0768,2.0773,19568.87992,2.07710000,2.07850000,2.07690000,2.07740000,28823.20000000,2.0773,2.0785,2.0773,2.0785,312.0,2.077,2.0785,2.0764,2.0772,14448.27,2.077,2.079,2.076,2.077,59183.27385300,2.07798,2.0785,2.07743,2.07743,10682.33655153
2025-12-08 05:21,2.0772,2.0772,2.0751,2.0763,13676.523324,2.07730000,2.07730000,2.07530000,2.07620000,12118.20000000,2.0772,2.0772,2.0772,2.0772,8.0,2.0772,2.0772,2.0748,2.0761,4794.66,2.077,2.077,2.076,2.076,41539.10842800,2.07688,2.07688,2.07505,2.07505,843.8263452900001
2025-12-08 05:22,2.0763,2.0773,2.0759,2.0773,3027.780641,2.07620000,2.07720000,2.07600000,2.07720000,35771.70000000,,,,,,2.0761,2.0773,2.0756,2.0772,14268.44,2.077,2.077,2.075,2.077,37423.66823500,2.07661,2.0773,2.07622,2.0773,3313.29872897
2025-12-08 05:23,2.0772,2.0783,2.0769,2.0779,14254.869237,2.07720000,2.07810000,2.07690000,2.07810000,29159.50000000,2.0781,2.0781,2.0781,2.0781,4.0,2.0772,2.0781,2.0768,2.0781,12560.64,2.077,2.078,2.077,2.078,29797.51180600,2.07787,2.07812,2.07706,2.07812,4544.60950029
2025-12-08 05:24,2.0781,2.0786,2.0771,2.0772,11810.965667,2.07810000,2.07840000,2.07690000,2.07700000,16971.70000000,2.0785,2.0787,2.0785,2.0787,12.0,2.0781,2.0787,2.0766,2.077,12134.43,2.078,2.079,2.076,2.077,27584.48401200,2.07798,2.07798,2.07692,2.07702,2085.17208156
2025-12-08 05:25,2.0772,2.0775,2.0762,2.0775,7243.942975,2.07700000,2.07770000,2.07640000,2.07770000,22398.90000000,,,,,,2.077,2.0776,2.0762,2.0774,8718.12,2.076,2.077,2.076,2.077,31325.90627400,2.07672,2.07699,2.07671,2.07699,22.25233
2025-12-08 05:26,2.0775,2.0781,2.0768,2.0774,14819.059813,2.07770000,2.07780000,2.07680000,2.07730000,8262.10000000,,,,,,2.0774,2.078,2.0765,2.0775,13984.62,2.077,2.078,2.076,2.077,33732.68012900,2.07784,2.07784,2.07708,2.07708,5.15077
2025-12-08 05:27,2.0776,2.0784,2.0775,2.0782,3855.86503,2.07740000,2.07840000,2.07740000,2.07820000,4464.00000000,,,,,,2.0775,2.0787,2.0774,2.0784,7431.63,2.077,2.079,2.077,2.078,34727.70980700,2.07762,2.07811,2.07761,2.0781,1007.1944579999999
2025-12-08 05:28,2.0782,2.0784,2.0778,2.0781,4385.760976,2.07820000,2.07820000,2.07790000,2.07810000,1165.20000000,,,,,,2.0784,2.0788,2.0778,2.078,17210.86,2.078,2.079,2.077,2.078,41323.75935600,2.07808,2.07819,2.07785,2.07789,550.08539198
2025-12-08 05:29,2.078,2.0782,2.0771,2.0773,2100.077707,2.07810000,2.07820000,2.07720000,2.07720000,17096.70000000,,,,,,2.078,2.0782,2.0771,2.0775,10426.24,2.079,2.079,2.077,2.077,29016.29312400,2.07788,2.07789,2.07726,2.07726,518.21119
2025-12-08 05:30,2.0773,2.0786,2.0772,2.0785,18383.133456,2.07730000,2.07860000,2.07720000,2.07860000,20125.70000000,,,,,,2.0775,2.0787,2.077,2.0786,9538.68,2.077,2.079,2.077,2.078,20780.71178800,2.07726,2.07789,2.07726,2.07789,310.54957
2025-12-08 05:31,2.0785,2.0785,2.077,2.0773,12118.074128,2.07850000,2.07850000,2.07690000,2.07730000,8410.50000000,,,,,,2.0786,2.0786,2.0769,2.0771,14442.97,2.079,2.079,2.077,2.077,27126.51412600,2.0776,2.0776,2.07705,2.07705,133.73706204
2025-12-08 05:32,2.0774,2.0777,2.0766,2.0766,9070.721534,2.07720000,2.07750000,2.07640000,2.07650000,11403.40000000,,,,,,2.0771,2.0776,2.0762,2.0765,5913.64,2.077,2.078,2.076,2.076,24946.91768800,2.07704,2.07711,2.07636,2.07652,292.29686361
2025-12-08 05:33,2.0765,2.0774,2.0764,2.0764,5240.943326,2.07650000,2.07740000,2.07640000,2.07650000,3752.80000000,,,,,,2.0765,2.0774,2.0763,2.0763,1520.66,2.077,2.078,2.076,2.076,23034.10097400,2.07649,2.07706,2.07637,2.07637,609.54990905
2025-12-08 05:34,2.0766,2.0782,2.0766,2.0782,8929.628137,2.07650000,2.07830000,2.07640000,2.07830000,3417.30000000,,,,,,2.0763,2.0784,2.0763,2.0783,1293.71,2.077,2.078,2.076,2.078,11902.39525600,2.0766,2.0776,2.0766,2.0776,118.0156
2025-12-08 05:35,2.0782,2.0808,2.0778,2.0808,93208.934989,2.07820000,2.08100000,2.07780000,2.08100000,91735.90000000,2.0788,2.081,2.0788,2.081,56.0,2.0783,2.0813,2.0777,2.0813,39479.17,2.078,2.081,2.077,2.081,48595.95489400,2.07818,2.08084,2.07777,2.08084,7372.3773201
2025-12-08 05:36,2.081,2.0829,2.081,2.0813,32944.814197,2.08100000,2.08300000,2.08100000,2.08160000,121392.70000000,2.0817,2.0821,2.0817,2.0821,12.0,2.0813,2.083,2.0811,2.0816,64929.53,2.082,2.083,2.081,2.081,21468.53059300,2.08085,2.08249,2.08085,2.08163,2760.1312338
2025-12-08 05:37,2.0814,2.0818,2.0783,2.0783,22892.448026,2.08170000,2.08180000,2.07820000,2.07850000,28029.10000000,2.0812,2.0812,2.0803,2.0803,48.0,2.0816,2.0824,2.0783,2.0787,11192.97,2.081,2.082,2.078,2.078,26228.53740400,2.08174,2.0823,2.07847,2.07847,1530.9258
2025-12-08 05:38,2.0785,2.0789,2.0781,2.0785,4671.285078,2.07840000,2.07880000,2.07810000,2.07860000,33354.90000000,,,,,,2.0787,2.079,2.0783,2.0784,13230.04,2.079,2.079,2.078,2.079,24690.92613900,2.07838,2.0787,2.07817,2.0785,1545.09521885
2025-12-08 05:39,2.0784,2.0789,2.0781,2.0783,2374.547525,2.07850000,2.07900000,2.07830000,2.07830000,6064.10000000,,,,,,2.0784,2.0793,2.0781,2.0781,2819.04,2.078,2.079,2.078,2.078,20631.48562900,2.07873,2.07873,2.0785,2.0785,339.26396950000003
2025-12-08 05:40,2.0782,2.0793,2.0779,2.0782,11133.513178,2.07820000,2.07930000,2.07810000,2.07830000,11282.60000000,,,,,,2.0781,2.0797,2.078,2.0782,4555.95,2.078,2.08,2.078,2.078,39666.96464300,2.0785,2.07895,2.07834,2.07834,1769.4991078399999
2025-12-08 05:41,2.0783,2.0785,2.077,2.0784,10257.230529,2.07820000,2.07850000,2.07710000,2.07850000,8939.00000000,2.0791,2.0791,2.0791,2.0791,8.0,2.0782,2.0789,2.077,2.0787,11054.59,2.078,2.079,2.077,2.078,61943.90308600,2.07788,2.07853,2.07694,2.07853,3069.81601249
2025-12-08 05:42,2.0785,2.0797,2.0785,2.0793,5886.014284,2.07850000,2.07990000,2.07850000,2.07930000,10128.20000000,,,,,,2.0787,2.0799,2.0787,2.0795,2856.89,2.079,2.08,2.079,2.079,76661.52271900,2.07979,2.07979,2.07918,2.07928,3093.00304244
2025-12-08 05:43,2.0795,2.0798,2.079,2.0793,132049.873272,2.07940000,2.07980000,2.07910000,2.07920000,16526.10000000,,,,,,2.0795,2.0799,2.0787,2.0793,7316.04,2.079,2.08,2.079,2.08,64407.98949900,2.07947,2.07947,2.07947,2.07947,38.36966109
2025-12-08 05:44,2.0793,2.0795,2.0784,2.0784,29874.985558,2.07920000,2.07940000,2.07850000,2.07850000,8730.00000000,2.0801,2.0801,2.0801,2.0801,50.0,2.0793,2.0794,2.0783,2.0784,4324.01,2.079,2.08,2.078,2.078,60368.04840200,2.07935,2.07935,2.07815,2.07815,815.26019563
2025-12-08 05:45,2.0786,2.0791,2.0771,2.0772,17288.142828,2.07850000,2.07880000,2.07720000,2.07730000,68498.00000000,,,,,,2.0784,2.079,2.0771,2.0773,27603.11,2.079,2.079,2.077,2.078,18970.27529000,2.07779,2.0783,2.07778,2.07778,134.00958163
2025-12-08 05:46,2.0772,2.0801,2.0772,2.0801,29610.1316,2.07730000,2.08000000,2.07720000,2.08000000,17170.90000000,,,,,,2.0773,2.0802,2.0772,2.0802,6397.44,2.078,2.08,2.078,2.079,20347.63489900,2.07778,2.08014,2.07778,2.08013,411.64826956
2025-12-08 05:47,2.0801,2.0801,2.0774,2.0774,125391.005425,2.07990000,2.07990000,2.07740000,2.07740000,9443.80000000,,,,,,2.0802,2.0802,2.0773,2.0775,3772.36,2.08,2.08,2.077,2.078,26029.40999600,2.07944,2.07977,2.07778,2.07779,520.64571281
2025-12-08 05:48,2.0775,2.0784,2.0773,2.078,11605.770499,2.07740000,2.07860000,2.07710000,2.07800000,8728.20000000,2.0792,2.0792,2.079,2.079,16.0,2.0775,2.0784,2.0769,2.078,7555.08,2.077,2.079,2.077,2.077,26663.37941600,2.07778,2.07828,2.07765,2.0778,267.70046801
2025-12-08 05:49,2.0781,2.0799,2.0781,2.0792,8167.416985,2.07810000,2.07980000,2.07800000,2.07930000,23165.70000000,,,,,,2.078,2.0799,2.078,2.0791,10147.86,2.078,2.08,2.078,2.079,31521.48252300,2.07968,2.07968,2.07945,2.07945,5.688689999999999
2025-12-08 05:50,2.0794,2.0801,2.0789,2.0798,10988.468772,2.07920000,2.08000000,2.07910000,2.07980000,14560.40000000,,,,,,2.0791,2.0802,2.0789,2.08,5717.61,2.079,2.08,2.079,2.08,24158.11451200,2.0797,2.08022,2.07937,2.08022,232.85660886
2025-12-08 05:51,2.0798,2.0798,2.0791,2.0791,2954.7714,2.07980000,2.07990000,2.07890000,2.07890000,17843.60000000,,,,,,2.08,2.08,2.0788,2.079,9088.93,2.079,2.08,2.078,2.08,32816.79415800,2.0797,2.0797,2.07956,2.07959,751.65520419
2025-12-08 05:52,2.0791,2.0794,2.0773,2.0775,8518.84957,2.07890000,2.07950000,2.07740000,2.07740000,17637.00000000,,,,,,2.079,2.0793,2.0772,2.0772,7381.82,2.08,2.08,2.078,2.078,29245.81096900,2.07897,2.07897,2.07734,2.07744,296.31627658
2025-12-08 05:53,2.0775,2.0782,2.0774,2.0782,9228.462911,2.07740000,2.07840000,2.07740000,2.07810000,17477.70000000,,,,,,2.0772,2.0784,2.0772,2.078,7973.68,2.078,2.078,2.077,2.078,28943.73134000,2.07776,2.07776,2.07762,2.07762,4.24092
2025-12-08 05:54,2.078,2.0789,2.078,2.0787,6741.430558,2.07810000,2.07880000,2.07800000,2.07880000,5659.90000000,,,,,,2.078,2.0788,2.0779,2.0784,1660.14,2.077,2.079,2.077,2.079,30799.38617600,2.07811,2.07872,2.07811,2.07872,2374.04784
2025-12-08 05:55,2.0788,2.0788,2.0784,2.0785,7000.451358,2.07870000,2.07880000,2.07850000,2.07850000,13169.70000000,,,,,,2.0784,2.0788,2.0782,2.0785,6073.53,2.078,2.079,2.078,2.078,18100.84123900,2.07857,2.07859,2.07827,2.07838,196.89551
2025-12-08 05:56,2.0786,2.0787,2.0777,2.0777,13040.316926,2.07850000,2.07860000,2.07760000,2.07760000,20954.90000000,,,,,,2.0785,2.0786,2.0775,2.0777,8411.55,2.078,2.079,2.077,2.077,18123.34231400,2.07854,2.07855,2.07756,2.07756,33.96443
2025-12-08 05:57,2.0778,2.0783,2.0776,2.0783,17463.099957,2.07760000,2.07830000,2.07760000,2.07820000,6113.80000000,,,,,,2.0777,2.0783,2.0776,2.0782,2449.1,2.078,2.079,2.077,2.079,22126.31206800,2.0777,2.07806,2.0777,2.07806,531.3142
2025-12-08 05:58,2.0781,2.0787,2.0781,2.0787,3176.765773,2.07820000,2.07860000,2.07810000,2.07860000,6783.80000000,,,,,,2.0782,2.0789,2.078,2.0786,3309.59,2.078,2.079,2.078,2.078,20132.78659700,2.07805,2.07848,2.07805,2.07848,422.843571
2025-12-08 05:59,2.0787,2.0788,2.0781,2.0784,59182.320668,2.07860000,2.07890000,2.07810000,2.07840000,12518.60000000,,,,,,2.0786,2.0789,2.0779,2.0785,5007.22,2.079,2.079,2.078,2.079,9958.05196300,2.07848,2.07848,2.07848,2.07848,29.66049534
2025-12-08 06:00,2.0784,2.0791,2.0775,2.0777,15313.23148,2.07840000,2.07890000,2.07760000,2.07770000,2101.20000000,,,,,,2.0785,2.0792,2.0776,2.0778,2243.01,2.079,2.079,2.077,2.077,9974.57002200,2.07811,2.0791,2.07748,2.07749,655.87179486
2025-12-08 06:01,2.0776,2.0796,2.0776,2.0794,47214.1058,2.07760000,2.07960000,2.07760000,2.07940000,20236.10000000,2.0799,2.08,2.0799,2.08,8.0,2.0778,2.0797,2.0778,2.0795,9890.95,2.078,2.08,2.077,2.08,19051.99373600,2.07779,2.07927,2.07779,2.07927,64.98017291000001
2025-12-08 06:02,2.0794,2.0795,2.0777,2.0777,11543.544406,2.07940000,2.07940000,2.07750000,2.07750000,7383.60000000,,,,,,2.0795,2.0799,2.0775,2.0777,2823.32,2.079,2.08,2.078,2.078,21461.22732200,2.07942,2.07942,2.07847,2.07847,162.4941097
2025-12-08 06:03,2.0776,2.0776,2.0749,2.075,41018.108053,2.07740000,2.07740000,2.07490000,2.07490000,22659.10000000,2.0791,2.0791,2.0763,2.0763,220.0,2.0777,2.0777,2.0748,2.0749,9349.13,2.077,2.077,2.075,2.076,17182.19456600,2.07671,2.07672,2.07551,2.07551,1473.81643394
2025-12-08 06:04,2.0751,2.0766,2.0747,2.0762,20147.790223,2.07490000,2.07650000,2.07480000,2.07600000,11274.70000000,,,,,,2.0749,2.077,2.0747,2.0759,5190.38,2.075,2.077,2.075,2.077,10541.19655900,2.07608,2.07609,2.07608,2.07609,13.0577
2025-12-08 06:05,2.0761,2.0768,2.0761,2.0762,18206.246144,2.07600000,2.07670000,2.07590000,2.07610000,14844.30000000,,,,,,2.0759,2.0769,2.0759,2.0761,6198.82,2.077,2.077,2.076,2.076,18125.23832100,2.07577,2.07654,2.07577,2.07594,4321.27035903
2025-12-08 06:06,2.0761,2.0772,2.0759,2.0772,12598.21633,2.07600000,2.07690000,2.07560000,2.07690000,5969.90000000,,,,,,2.0761,2.0772,2.0757,2.0771,2954.81,2.077,2.077,2.075,2.076,25555.76539400,2.07553,2.0764,2.07553,2.0764,224.43595658
2025-12-08 06:07,2.0772,2.0789,2.0772,2.0772,44990.678866,2.07690000,2.07870000,2.07690000,2.07720000,17139.90000000,2.0781,2.0793,2.0781,2.0793,44.0,2.0771,2.0788,2.077,2.0773,6309.69,2.076,2.079,2.076,2.077,22119.49538000,2.07721,2.07894,2.07721,2.07766,8999.91607856
2025-12-08 06:08,2.0773,2.0773,2.0762,2.0765,7019.250245,2.07710000,2.07710000,2.07590000,2.07650000,7740.10000000,,,,,,2.0773,2.0773,2.0759,2.0763,3110.44,2.077,2.077,2.076,2.077,17644.71978900,2.07759,2.07759,2.0765,2.07657,3241.9174745
2025-12-08 06:09,2.0765,2.0765,2.0738,2.0751,24345.424568,2.07640000,2.07640000,2.07440000,2.07480000,22677.70000000,2.0776,2.0776,2.0763,2.0763,63.99999999,2.0763,2.0766,2.0743,2.0749,37725.31,2.076,2.076,2.075,2.076,16437.02934500,2.07657,2.07658,2.07483,2.07483,11730.099267849999
2025-12-08 06:10,2.075,2.0783,2.075,2.0771,46512.695479,2.07490000,2.07820000,2.07490000,2.07700000,88641.20000000,2.0777,2.0786,2.0777,2.0786,16.0,2.0749,2.0786,2.0749,2.0768,23898.58,2.075,2.079,2.075,2.077,33528.20809800,2.07606,2.07834,2.07606,2.07717,1188.28855183
2025-12-08 06:11,2.0771,2.0771,2.0759,2.0762,6959.248426,2.07710000,2.07710000,2.07590000,2.07620000,7408.70000000,,,,,,2.0768,2.0769,2.0757,2.076,2917.57,2.077,2.077,2.075,2.076,12337.82270900,2.07696,2.07698,2.07591,2.07632,286.6750274
2025-12-08 06:12,2.0762,2.0769,2.076,2.0769,6232.226351,2.07620000,2.07700000,2.07590000,2.07690000,13030.00000000,,,,,,2.076,2.077,2.0759,2.0765,5454.88,2.076,2.077,2.076,2.077,16585.55133200,2.07584,2.07668,2.07584,2.07668,409.55091209
2025-12-08 06:13,2.077,2.0773,2.0757,2.0765,8085.563495,2.07700000,2.07710000,2.07580000,2.07650000,5439.90000000,,,,,,2.0765,2.0771,2.0757,2.0762,4487.31,2.077,2.078,2.075,2.077,25466.07067900,2.07697,2.07702,2.07631,2.07638,264.4818682
2025-12-08 06:14,2.0765,2.0772,2.076,2.076,6865.695086,2.07640000,2.07710000,2.07620000,2.07620000,8606.30000000,,,,,,2.0762,2.077,2.076,2.076,4237.08,2.077,2.078,2.076,2.077,20789.03936100,2.07638,2.077,2.07638,2.07638,493.26078238
2025-12-08 06:15,2.0762,2.0765,2.075,2.0756,36427.541436,2.07620000,2.07660000,2.07510000,2.07550000,19317.90000000,2.0772,2.0772,2.0772,2.0772,8.0,2.076,2.0765,2.0748,2.0758,8656.11,2.077,2.077,2.075,2.076,32631.43682400,2.07637,2.07655,2.07493,2.07493,860.7846365600001
2025-12-08 06:16,2.0757,2.0776,2.0756,2.0776,8463.007009,2.07560000,2.07750000,2.07560000,2.07750000,6913.50000000,,,,,,2.0758,2.0776,2.0755,2.0776,1814.95,2.075,2.078,2.075,2.077,36618.78057000,2.07532,2.07743,2.07532,2.07743,5869.7124196800005
2025-12-08 06:17,2.0776,2.0776,2.0769,2.0775,14011.926882,2.07750000,2.07770000,2.07700000,2.07740000,8107.80000000,2.0781,2.0781,2.0781,2.0781,4.0,2.0776,2.0779,2.0768,2.0775,3268.94,2.078,2.078,2.077,2.078,20153.44441400,2.07725,2.07757,2.07725,2.07757,104.07012
2025-12-08 06:18,2.0775,2.0779,2.0769,2.0771,24980.464216,2.07750000,2.07770000,2.07700000,2.07710000,28072.70000000,2.0782,2.0782,2.0782,2.0782,50.0,2.0775,2.078,2.0771,2.0772,15409.48,2.077,2.078,2.077,2.077,23641.86850500,2.07773,2.07773,2.07703,2.07703,229.88534201
2025-12-08 06:19,2.077,2.0772,2.0763,2.0765,13926.429911,2.07700000,2.07710000,2.07640000,2.07660000,10423.30000000,,,,,,2.0772,2.0773,2.0764,2.0767,19376.95,2.077,2.078,2.076,2.077,41717.53532500,2.07692,2.0773,2.07656,2.07659,171.78689
2025-12-08 06:20,2.0768,2.0775,2.0759,2.0761,10682.654891,2.07670000,2.07730000,2.07550000,2.07550000,6414.50000000,,,,,,2.0767,2.0775,2.0758,2.076,3106.68,2.076,2.078,2.076,2.077,9485.83204700,2.07724,2.07731,2.07542,2.07561,71.6444909
2025-12-08 06:21,2.0759,2.0761,2.0754,2.0754,8885.630518,2.07560000,2.07590000,2.07520000,2.07520000,4659.70000000,2.0773,2.0773,2.0773,2.0773,7.98403996,2.076,2.0762,2.075,2.0754,2350.99,2.077,2.077,2.077,2.077,0.0,2.076,2.076,2.07534,2.07535,3766.4486974899996
2025-12-08 06:22,2.0754,2.0755,2.0738,2.0743,35065.570642,2.07520000,2.07540000,2.07370000,2.07420000,34476.00000000,2.0773,2.0773,2.0764,2.0764,1020.0,2.0754,2.0757,2.0739,2.0744,15759.56,2.075,2.075,2.074,2.074,1161.25293200,2.07549,2.07549,2.07462,2.07463,3036.72590716
2025-12-08 06:23,2.0744,2.075,2.073,2.0734,32218.170542,2.07430000,2.07520000,2.07310000,2.07340000,39093.00000000,2.0763,2.0763,2.0756,2.0756,24.00000001,2.0744,2.0753,2.0732,2.0735,14099.22,2.075,2.075,2.074,2.074,8743.23023500,2.07499,2.07505,2.07351,2.07351,1175.63258529
2025-12-08 06:24,2.0734,2.0735,2.0729,2.0732,4161.98337,2.07340000,2.07360000,2.07280000,2.07310000,6388.80000000,2.0754,2.0754,2.0738,2.0738,74.0,2.0735,2.0736,2.0724,2.073,20144.57,2.073,2.073,2.073,2.073,14890.77774600,2.0735,2.07351,2.07334,2.07334,82.90759143
2025-12-08 06:25,2.0733,2.0735,2.0719,2.0733,117594.547844,2.07310000,2.07330000,2.07240000,2.07330000,34188.90000000,2.0739,2.0739,2.0739,2.0739,20.0,2.073,2.0732,2.0721,2.0731,13412.15,2.073,2.074,2.072,2.073,40589.48391600,2.0725,2.07277,2.07225,2.07273,6554.09372688
2025-12-08 06:26,2.0733,2.0737,2.073,2.0735,6782.428875,2.07330000,2.07390000,2.07320000,2.07350000,31627.00000000,2.0745,2.0745,2.0745,2.0745,20.0,2.0731,2.0738,2.0729,2.0735,12681.95,2.073,2.074,2.073,2.073,17798.06132900,2.07322,2.07376,2.07301,2.07376,6568.7998932
2025-12-08 06:27,2.0736,2.0752,2.0736,2.0743,108376.01656,2.07350000,2.07490000,2.07350000,2.07420000,29222.50000000,2.075,2.0751,2.075,2.0751,8.0,2.0735,2.0749,2.0734,2.0747,34724.39,2.074,2.075,2.073,2.074,35438.24307900,2.07358,2.07445,2.07358,2.07417,632.4244400599999
2025-12-08 06:28,2.0743,2.0756,2.0743,2.0755,26437.160079,2.07430000,2.07570000,2.07420000,2.07550000,51171.70000000,2.0753,2.076,2.0753,2.076,24.0,2.0747,2.076,2.0746,2.0759,21227.7,2.075,2.076,2.074,2.075,19633.22624900,2.07429,2.07585,2.07429,2.07585,745.5018637200001
2025-12-08 06:29,2.0754,2.0778,2.0754,2.0776,14251.022268,2.07540000,2.07770000,2.07540000,2.07760000,5392.10000000,2.0761,2.078,2.0761,2.078,148.0,2.0759,2.0782,2.0756,2.0777,36387.16,2.076,2.078,2.075,2.078,33049.59730100,2.07585,2.07628,2.07584,2.07628,129.9807286
2025-12-08 06:30,2.0776,2.081,2.0776,2.0796,32324.03217,2.07770000,2.08090000,2.07770000,2.07940000,72792.80000000,2.0781,2.0794,2.0781,2.0794,24.0,2.0777,2.081,2.0775,2.0794,35320.76,2.078,2.081,2.078,2.079,40027.48478000,2.07985,2.08033,2.07985,2.08033,7414.00127911
2025-12-08 06:31,2.0797,2.0801,2.0788,2.0788,18167.399724,2.07950000,2.07990000,2.07850000,2.07860000,23260.70000000,,,,,,2.0794,2.0802,2.0784,2.0784,28734.56,2.079,2.08,2.078,2.079,33275.59476000,2.07966,2.07994,2.0791,2.07911,2838.9773093
2025-12-08 06:32,2.0788,2.0796,2.0783,2.0784,6533.043853,2.07850000,2.07970000,2.07820000,2.07830000,15416.10000000,,,,,,2.0784,2.0793,2.078,2.0781,9119.18,2.078,2.08,2.078,2.078,24830.25936600,2.0787,2.07885,2.07858,2.07885,174.042598
2025-12-08 06:33,2.0784,2.0794,2.0776,2.0792,10993.63706,2.07830000,2.07940000,2.07730000,2.07900000,36807.00000000,,,,,,2.0781,2.0794,2.0772,2.079,15185.26,2.079,2.079,2.078,2.078,34086.29014400,2.07814,2.07877,2.07812,2.07877,2175.5710321399997
2025-12-08 06:34,2.0792,2.0801,2.0785,2.08,11679.797621,2.07910000,2.08010000,2.07830000,2.08010000,16141.40000000,2.0804,2.0804,2.0804,2.0804,250.0,2.079,2.0801,2.0781,2.08,6308.04,2.079,2.081,2.078,2.08,47329.95226000,2.08025,2.08026,2.07836,2.07952,60.38375706
2025-12-08 06:35,2.0801,2.0801,2.0787,2.0797,13087.86601,2.08010000,2.08010000,2.07840000,2.07960000,14748.10000000,,,,,,2.08,2.08,2.0783,2.0795,5885.72,2.081,2.081,2.079,2.079,30999.83342600,2.07965,2.07966,2.07881,2.07881,251.38237465999998
2025-12-08 06:36,2.0796,2.0799,2.0785,2.0786,33424.683009,2.07960000,2.07990000,2.07830000,2.07840000,14316.80000000,,,,,,2.0795,2.0799,2.0782,2.0783,6375.51,2.079,2.08,2.079,2.079,26380.93687600,2.07924,2.07924,2.07858,2.07858,173.28268438
2025-12-08 06:37,2.0786,2.0818,2.0786,2.0813,24588.348101,2.07840000,2.08170000,2.07840000,2.08120000,11403.60000000,2.0806,2.0816,2.0806,2.0816,32.0,2.0783,2.0815,2.0783,2.0806,34184.38,2.079,2.082,2.078,2.082,50704.86213400,2.0788,2.08107,2.0788,2.08106,10437.669049
2025-12-08 06:38,2.0813,2.082,2.081,2.082,19852.688704,2.08120000,2.08200000,2.08090000,2.08200000,45488.00000000,2.0817,2.0821,2.0817,2.0821,12.0,2.0806,2.0821,2.0806,2.0819,16837.08,2.082,2.082,2.081,2.082,38173.89022100,2.08143,2.08183,2.0811,2.0818,87.84389354000001
2025-12-08 06:39,2.082,2.0827,2.0813,2.0821,14445.509743,2.08210000,2.08260000,2.08130000,2.08170000,26435.70000000,2.0826,2.0826,2.0826,2.0826,4.0,2.0819,2.0827,2.0809,2.0816,11005.56,2.082,2.083,2.081,2.081,41975.73700000,2.08229,2.08229,2.08131,2.08196,230.33954806
2025-12-08 06:40,2.0819,2.082,2.0802,2.0805,18284.011108,2.08180000,2.08180000,2.08040000,2.08050000,10682.90000000,,,,,,2.0816,2.0819,2.0801,2.0803,4275.12,2.082,2.082,2.08,2.08,21227.71384300,2.08195,2.08195,2.08057,2.08057,2079.73378
2025-12-08 06:41,2.0805,2.0822,2.0801,2.0822,19889.424162,2.08050000,2.08220000,2.08050000,2.08210000,18026.10000000,2.0825,2.0825,2.0825,2.0825,4961.44922296,2.0803,2.0822,2.0803,2.0819,6830.53,2.08,2.083,2.08,2.082,29413.08839200,2.08071,2.08071,2.08071,2.08071,4.13771
2025-12-08 06:42,2.0823,2.0824,2.0804,2.0811,14001.366661,2.08220000,2.08250000,2.08050000,2.08110000,21187.80000000,2.0825,2.0825,2.0818,2.0818,33112.12377621,2.0819,2.0824,2.0802,2.0811,9417.65,2.082,2.083,2.08,2.081,28146.88988600,2.0823,2.0823,2.08071,2.08071,10440.80530487
2025-12-08 06:43,2.0808,2.0818,2.0807,2.0817,9443.609428,2.08110000,2.08190000,2.08050000,2.08180000,15997.70000000,,,,,,2.0811,2.0817,2.0803,2.0817,5738.93,2.081,2.082,2.08,2.082,25483.35116300,2.08071,2.08138,2.08071,2.08138,958.14832847
2025-12-08 06:44,2.0816,2.0821,2.081,2.0817,12876.104251,2.08180000,2.08230000,2.08120000,2.08170000,36144.10000000,,,,,,2.0817,2.0823,2.081,2.082,15844.8,2.082,2.082,2.081,2.081,28889.43991800,2.08182,2.08182,2.0818,2.0818,47.130160000000004
2025-12-08 06:45,2.0817,2.0837,2.0817,2.0833,106635.216004,2.08180000,2.08320000,2.08170000,2.08300000,79586.40000000,2.0825,2.0843,2.0825,2.084,2096.42700083,2.082,2.083,2.0814,2.083,56861.06,2.082,2.084,2.081,2.084,25417.33300700,2.08231,2.0825,2.08174,2.08174,133.77101432
2025-12-08 06:46,2.0833,2.0838,2.0814,2.0818,74035.897526,2.08310000,2.08380000,2.08130000,2.08170000,56026.60000000,,,,,,2.083,2.0838,2.0808,2.0811,41861.89,2.084,2.084,2.081,2.082,15903.88550200,2.0835,2.0835,2.08167,2.08167,60.301161
2025-12-08 06:47,2.0819,2.0826,2.0806,2.081,53713.344165,2.08170000,2.08270000,2.08060000,2.08100000,67375.30000000,2.083,2.083,2.0824,2.0824,32.0,2.0811,2.0822,2.0805,2.0809,26505.82,2.082,2.082,2.08,2.081,20312.91992300,2.08203,2.08203,2.08104,2.08105,18.34410087
2025-12-08 06:48,2.081,2.0829,2.0808,2.0829,14994.452804,2.08090000,2.08280000,2.08070000,2.08270000,22642.30000000,,,,,,2.0809,2.0826,2.0806,2.0826,30621.72,2.08,2.083,2.08,2.083,19952.57045400,2.08106,2.08207,2.08106,2.08207,213.71621513
2025-12-08 06:49,2.0829,2.084,2.0829,2.0831,19812.769324,2.08280000,2.08400000,2.08270000,2.08300000,104050.30000000,2.0833,2.0839,2.0833,2.0839,16.0,2.0826,2.0845,2.0825,2.0828,54751.66,2.083,2.084,2.082,2.082,27314.22850100,2.0829,2.0835,2.0829,2.0831,270.68012311
2025-12-08 06:50,2.083,2.0845,2.0828,2.0841,21679.058873,2.08310000,2.08470000,2.08260000,2.08390000,67201.50000000,2.084,2.0844,2.084,2.0844,20.0,2.0828,2.0846,2.0824,2.0839,27350.32,2.083,2.085,2.082,2.085,60511.99637100,2.08349,2.08409,2.0834,2.08409,1518.1190185399998
2025-12-08 06:51,2.0842,2.0842,2.0825,2.0832,6775.22883,2.08400000,2.08400000,2.08200000,2.08290000,44697.50000000,,,,,,2.0839,2.0842,2.0821,2.0826,19773.56,2.084,2.084,2.082,2.083,63753.97487000,2.08433,2.08433,2.08312,2.08312,187.08272318000002
2025-12-08 06:52,2.0831,2.0833,2.0823,2.0823,8996.177863,2.08290000,2.08310000,2.08200000,2.08200000,14122.70000000,2.0836,2.0846,2.0836,2.0846,10634.366089,2.0826,2.0831,2.0817,2.082,6371.34,2.083,2.083,2.082,2.082,74953.19439300,2.08313,2.08313,2.08226,2.08226,92.10194964
2025-12-08 06:53,2.0824,2.0827,2.0822,2.0827,10832.273647,2.08210000,2.08280000,2.08210000,2.08260000,39529.90000000,,,,,,2.082,2.0827,2.0817,2.0826,14797.85,2.082,2.083,2.082,2.082,48086.61621500,2.08266,2.0829,2.08208,2.08208,385.91453958
2025-12-08 06:54,2.0828,2.0829,2.0821,2.0825,8175.307953,2.08270000,2.08280000,2.08190000,2.08230000,10619.80000000,,,,,,2.0826,2.0829,2.0817,2.082,11434.85,2.082,2.083,2.081,2.082,43348.32793900,2.08266,2.08267,2.08171,2.08221,56.54267506
2025-12-08 06:55,2.0825,2.0835,2.0825,2.0832,8441.218434,2.08230000,2.08340000,2.08230000,2.08310000,14424.00000000,,,,,,2.082,2.0834,2.082,2.0828,4491.56,2.082,2.084,2.082,2.084,27635.87549500,2.08276,2.08328,2.08276,2.08321,297.20637481
2025-12-08 06:56,2.0832,2.0832,2.0818,2.0831,12399.666331,2.08300000,2.08320000,2.08180000,2.08320000,26670.20000000,2.0842,2.0842,2.0842,2.0842,50.0,2.0828,2.0831,2.0817,2.0831,13592.57,2.083,2.083,2.081,2.083,33062.11127100,2.0829,2.0829,2.08173,2.08255,998.0
2025-12-08 06:57,2.0832,2.0832,2.0816,2.0818,29454.182632,2.08310000,2.08310000,2.08180000,2.08190000,40178.60000000,,,,,,2.0831,2.0832,2.0815,2.0819,16090.2,2.083,2.084,2.081,2.081,34755.79777700,2.08281,2.08293,2.08115,2.08191,207444.95238442
2025-12-08 06:58,2.0818,2.082,2.0809,2.0809,32664.663012,2.08190000,2.08200000,2.08100000,2.08100000,35203.80000000,2.0835,2.0835,2.0829,2.0829,40.0,2.0819,2.082,2.0806,2.0808,14061.06,2.082,2.083,2.081,2.081,32783.18222800,2.08174,2.08174,2.08095,2.08095,2459.5971068
2025-12-08 06:59,2.0811,2.0813,2.0792,2.0798,180525.507014,2.08100000,2.08150000,2.07980000,2.08020000,50376.40000000,2.0828,2.0828,2.0819,2.0819,80.0,2.0808,2.0812,2.0794,2.0798,20172.64,2.08,2.082,2.08,2.08,15878.58174300,2.08072,2.08072,2.08057,2.08057,10435.552649969999
2025-12-08 07:00,2.08,2.0801,2.0785,2.08,11994.719675,2.08010000,2.08030000,2.07860000,2.08020000,28872.00000000,2.0811,2.0811,2.0807,2.0807,24.0,2.0798,2.0802,2.0781,2.0802,12117.4,2.08,2.08,2.078,2.08,40325.95158900,2.08001,2.08001,2.07857,2.07964,4179.88452598
2025-12-08 07:01,2.08,2.0807,2.0797,2.0803,8097.879022,2.08010000,2.08100000,2.07980000,2.08030000,23335.20000000,,,,,,2.0802,2.0809,2.0795,2.0798,16192.21,2.081,2.081,2.079,2.08,31002.27427700,2.07963,2.08039,2.07963,2.08032,410.88069333
2025-12-08 07:02,2.0803,2.081,2.0795,2.081,10045.295963,2.08040000,2.08110000,2.07950000,2.08110000,22239.30000000,2.0804,2.0804,2.0804,2.0804,131.587653,2.0798,2.081,2.0792,2.0806,8721.46,2.08,2.081,2.079,2.081,133256.07694200,2.08034,2.08035,2.08011,2.08011,1116.83580016
2025-12-08 07:03,2.0811,2.0817,2.0805,2.0812,11887.527148,2.08110000,2.08190000,2.08060000,2.08120000,24024.80000000,2.0816,2.082,2.0816,2.082,12.0,2.0806,2.0819,2.0804,2.0808,15995.12,2.081,2.082,2.08,2.081,41984.92935600,2.08065,2.08065,2.08065,2.08065,2.0194
2025-12-08 07:04,2.0813,2.0829,2.0808,2.0828,14211.469595,2.08130000,2.08290000,2.08100000,2.08280000,20846.50000000,2.0821,2.0829,2.0821,2.0829,28.0,2.0808,2.0828,2.0807,2.0828,8369.08,2.081,2.083,2.08,2.083,45371.39773100,2.0811,2.0828,2.08086,2.0828,57.486830000000005
2025-12-08 07:05,2.083,2.0841,2.0824,2.083,10662.356822,2.08290000,2.08410000,2.08270000,2.08300000,29817.30000000,2.083,2.0839,2.083,2.0839,28.0,2.0828,2.084,2.0821,2.0829,12666.57,2.083,2.084,2.082,2.082,20218.01547000,2.0828,2.08385,2.0828,2.08282,238.77399848
2025-12-08 07:06,2.0829,2.0831,2.082,2.082,7854.6122,2.08310000,2.08310000,2.08210000,2.08220000,22334.70000000,,,,,,2.0829,2.083,2.0817,2.082,8469.09,2.082,2.083,2.082,2.082,36931.12537400,2.08303,2.08303,2.08209,2.08209,148.74450047
2025-12-08 07:07,2.0822,2.0827,2.0816,2.0825,12099.908308,2.08230000,2.08270000,2.08150000,2.08260000,30330.60000000,,,,,,2.082,2.0828,2.081,2.0824,15218.82,2.082,2.083,2.081,2.082,32550.56719200,2.08211,2.08231,2.08113,2.08231,485.00938254
2025-12-08 07:08,2.0824,2.0834,2.0824,2.0832,8287.979187,2.08260000,2.08370000,2.08260000,2.08300000,21171.30000000,,,,,,2.0824,2.0836,2.0824,2.0833,8908.67,2.082,2.084,2.082,2.083,33151.85178700,2.08258,2.08334,2.08258,2.08334,1394.73172608
2025-12-08 07:09,2.0834,2.0835,2.0812,2.0826,12055.067377,2.08310000,2.08370000,2.08140000,2.08260000,67858.00000000,,,,,,2.0833,2.0836,2.0813,2.0826,26202.6,2.083,2.083,2.081,2.082,25622.91097900,2.08318,2.08318,2.08112,2.08194,313.09539544
2025-12-08 07:10,2.0826,2.0826,2.0819,2.0819,4626.28791,2.08260000,2.08280000,2.08190000,2.08190000,34326.00000000,,,,,,2.0826,2.0827,2.0816,2.0816,10571.26,2.083,2.083,2.081,2.082,37032.13641400,2.08245,2.08245,2.08164,2.08164,8967.41836704
2025-12-08 07:11,2.0822,2.0831,2.0822,2.0831,5188.630937,2.08200000,2.08340000,2.08200000,2.08340000,20999.80000000,,,,,,2.0816,2.0834,2.0816,2.083,12739.1,2.082,2.084,2.082,2.084,46247.43580300,2.08252,2.08343,2.08238,2.08343,87.33454897
2025-12-08 07:12,2.0832,2.0836,2.0832,2.0835,5010.007658,2.08350000,2.08360000,2.08330000,2.08330000,9669.60000000,,,,,,2.083,2.0839,2.0829,2.0833,4248.96,2.084,2.084,2.083,2.084,38808.56041200,2.0832,2.08324,2.08319,2.08319,543.30025
2025-12-08 07:13,2.0835,2.0835,2.0797,2.0807,90888.442438,2.08340000,2.08340000,2.07980000,2.08080000,87474.00000000,2.0835,2.0835,2.0814,2.0814,992.0,2.0833,2.0834,2.0795,2.0807,38726.82,2.083,2.083,2.08,2.08,82106.64622400,2.08286,2.08286,2.08028,2.08062,633.8060486
2025-12-08 07:14,2.0807,2.0819,2.0805,2.0819,10524.733672,2.08070000,2.08200000,2.08070000,2.08200000,25555.30000000,,,,,,2.0807,2.082,2.0804,2.0819,10262.6,2.08,2.081,2.08,2.081,33291.22187800,2.08062,2.08177,2.08062,2.08177,54.51511239
2025-12-08 07:15,2.0819,2.0823,2.0817,2.0822,10476.650817,2.08210000,2.08250000,2.08170000,2.08220000,20811.00000000,,,,,,2.0819,2.0823,2.0813,2.0818,8354.71,2.082,2.083,2.081,2.082,33736.59840400,2.08177,2.08213,2.0816,2.08213,5886.76083018
2025-12-08 07:16,2.0823,2.0833,2.0813,2.083,18180.458392,2.08220000,2.08320000,2.08110000,2.08310000,75455.20000000,2.0828,2.0831,2.0828,2.0831,16.0,2.0818,2.083,2.0809,2.0825,32452.38,2.082,2.083,2.081,2.083,43401.09908900,2.08213,2.08213,2.08205,2.08205,6666.278604
2025-12-08 07:17,2.0829,2.0834,2.0829,2.083,4882.268045,2.08310000,2.08340000,2.08290000,2.08310000,20228.10000000,2.0832,2.0835,2.0832,2.0835,12.0,2.0825,2.0833,2.0825,2.0828,5865.53,2.083,2.083,2.082,2.082,50225.97396400,2.08295,2.08301,2.08272,2.083,118.87816097
2025-12-08 07:18,2.083,2.087,2.083,2.0861,36023.273685,2.08310000,2.08710000,2.08300000,2.08620000,99039.60000000,2.0836,2.087,2.0836,2.087,104.38257826,2.0828,2.0869,2.0825,2.0861,39724.39,2.082,2.087,2.082,2.086,50907.60010600,2.08381,2.08643,2.08381,2.08643,712.53808429
2025-12-08 07:19,2.086,2.0875,2.0856,2.0873,8203.527923,2.08620000,2.08780000,2.08570000,2.08730000,22977.10000000,,,,,,2.0861,2.0877,2.0855,2.0874,16792.19,2.085,2.087,2.085,2.087,23347.15677300,2.08575,2.0875,2.08575,2.0875,687.32221695
2025-12-08 07:20,2.0872,2.0886,2.0867,2.0875,37143.560721,2.08730000,2.08890000,2.08680000,2.08750000,44513.00000000,2.0882,2.0885,2.0882,2.0885,8.0,2.0874,2.0884,2.0866,2.0872,17851.98,2.088,2.089,2.086,2.088,47774.58226000,2.0875,2.08824,2.08673,2.0876,103818.17128200001
2025-12-08 07:21,2.0878,2.0878,2.0866,2.0868,6573.121737,2.08750000,2.08750000,2.08660000,2.08680000,26134.70000000,,,,,,2.0872,2.0876,2.0861,2.0865,10582.9,2.088,2.088,2.086,2.086,46564.48155600,2.08759,2.08759,2.0866,2.08665,1233.62481641
2025-12-08 07:22,2.0868,2.0879,2.0862,2.0874,29009.962516,2.08670000,2.08800000,2.08640000,2.08750000,44732.60000000,,,,,,2.0865,2.0877,2.0861,2.0869,26414.61,2.086,2.088,2.086,2.087,36689.65514200,2.08726,2.08762,2.08726,2.0874,178.74530114
2025-12-08 07:23,2.0873,2.0887,2.0873,2.0887,19361.68688,2.08740000,2.08880000,2.08740000,2.08880000,54248.00000000,2.0887,2.0891,2.0887,2.0891,12.0,2.0869,2.0889,2.0869,2.0884,22838,2.088,2.089,2.087,2.089,49742.29740800,2.08782,2.08816,2.08782,2.08816,13.23475746
2025-12-08 07:24,2.0887,2.0888,2.0882,2.0884,5838.43377,2.08880000,2.08900000,2.08830000,2.08840000,7220.20000000,,,,,,2.0884,2.0889,2.0878,2.0878,6257.83,2.089,2.089,2.088,2.088,38692.73329000,2.08896,2.08897,2.08831,2.08849,21415.359121769998
2025-12-08 07:25,2.0885,2.0895,2.088,2.0881,17907.392767,2.08830000,2.08930000,2.08800000,2.08810000,97680.00000000,2.0893,2.0894,2.0893,2.0894,8.0,2.0878,2.0892,2.0878,2.088,42796.16,2.088,2.089,2.087,2.088,25596.88644700,2.08842,2.08895,2.08828,2.08828,20.8012101
2025-12-08 07:26,2.088,2.0883,2.0865,2.087,13817.845567,2.08810000,2.08840000,2.08660000,2.08730000,25746.00000000,,,,,,2.088,2.0886,2.0862,2.0873,10490.18,2.088,2.089,2.086,2.086,33337.27264700,2.08821,2.08824,2.08616,2.08671,1617.02580668
2025-12-08 07:27,2.0871,2.0883,2.0869,2.0883,30723.017796,2.08730000,2.08850000,2.08710000,2.08850000,73346.20000000,,,,,,2.0873,2.0885,2.087,2.0882,27972.33,2.088,2.088,2.087,2.088,28541.74456000,2.08729,2.08729,2.08709,2.08709,116.88913245
2025-12-08 07:28,2.0884,2.0887,2.0882,2.0883,8055.706373,2.08840000,2.08870000,2.08810000,2.08840000,8088.70000000,2.0891,2.0891,2.0891,2.0891,25.0,2.0882,2.0889,2.088,2.0883,5071.25,2.088,2.089,2.087,2.089,45667.51191900,2.08792,2.08839,2.08792,2.08825,7699.57756288
2025-12-08 07:29,2.0883,2.0898,2.088,2.0898,7191.780645,2.08830000,2.09000000,2.08790000,2.09000000,69622.70000000,2.0892,2.0896,2.0892,2.0896,19.326790000000003,2.0883,2.09,2.0877,2.0894,42578.04,2.089,2.089,2.088,2.089,34808.34083300,2.08849,2.0891,2.08849,2.0891,3652.1644000899996
2025-12-08 07:30,2.0899,2.0907,2.0895,2.0895,9218.603398,2.09000000,2.09070000,2.08930000,2.08930000,55842.60000000,2.0901,2.0907,2.0901,2.0907,32.0,2.0894,2.0911,2.0892,2.0893,19810.72,2.09,2.091,2.089,2.089,33150.77781200,2.08964,2.09073,2.08964,2.09002,6724.00786105
2025-12-08 07:31,2.0895,2.09,2.0888,2.0894,6766.238269,2.08930000,2.08990000,2.08870000,2.08950000,16337.40000000,,,,,,2.0893,2.0899,2.0884,2.0892,6876.97,2.089,2.09,2.088,2.09,50279.75483100,2.08821,2.09001,2.08821,2.08978,32940.67888228
2025-12-08 07:32,2.0895,2.0908,2.0895,2.0895,12623.557155,2.08950000,2.09050000,2.08950000,2.09000000,47378.00000000,,,,,,2.0892,2.0904,2.0892,2.0899,21227.23,2.09,2.091,2.089,2.09,56109.60610500,2.09,2.09003,2.09,2.09003,14464.773604810001
2025-12-08 07:33,2.0896,2.0901,2.0894,2.0901,2509.26217,2.08990000,2.09010000,2.08950000,2.09000000,11292.80000000,,,,,,2.0899,2.09,2.0891,2.0899,4081.27,2.089,2.09,2.089,2.09,39656.10519000,2.08999,2.08999,2.08936,2.08954,7289.964424260001
2025-12-08 07:34,2.09,2.0914,2.09,2.0914,10921.14094,2.09000000,2.09150000,2.09000000,2.09130000,43314.20000000,2.0912,2.0916,2.0912,2.0916,59.98536421,2.0899,2.0913,2.0898,2.0913,18740.43,2.09,2.092,2.09,2.091,34927.93043800,2.08954,2.09149,2.08954,2.09149,9269.311179100001
2025-12-08 07:35,2.0914,2.0927,2.0914,2.0916,77994.975812,2.09130000,2.09270000,2.09130000,2.09170000,108046.40000000,2.0918,2.0927,2.0918,2.0927,28.0,2.0913,2.0927,2.0909,2.0914,37307.14,2.092,2.093,2.091,2.091,41816.33341600,2.0915,2.09249,2.0915,2.09249,9606.79507498
2025-12-08 07:36,2.0922,2.0943,2.0917,2.0935,40125.495554,2.09170000,2.09460000,2.09170000,2.09350000,124838.20000000,2.0929,2.094,2.0929,2.094,12.0,2.0914,2.0942,2.0914,2.0931,77771.78,2.092,2.094,2.092,2.093,57299.47680100,2.0915,2.0936,2.0915,2.0936,18414.48719227
2025-12-08 07:37,2.0934,2.0941,2.0932,2.0932,12178.211185,2.09350000,2.09410000,2.09330000,2.09330000,55092.80000000,,,,,,2.0931,2.0942,2.093,2.0935,32992.72,2.093,2.094,2.093,2.094,53193.20329700,2.09358,2.0936,2.09358,2.0936,14183.03404083
2025-12-08 07:38,2.0932,2.0941,2.0926,2.0939,11536.240376,2.09330000,2.09420000,2.09250000,2.09380000,175298.70000000,,,,,,2.0935,2.0944,2.0925,2.0937,76318.77,2.093,2.094,2.092,2.093,48996.04421500,2.09358,2.0936,2.09294,2.09349,2863.4885175799996
2025-12-08 07:39,2.0939,2.0939,2.0921,2.0928,14826.283263,2.09380000,2.09380000,2.09210000,2.09300000,30139.10000000,,,,,,2.0937,2.0939,2.0922,2.0931,5222.93,2.094,2.094,2.092,2.093,20395.83688400,2.09311,2.09359,2.09214,2.09282,4479.21284224
2025-12-08 07:40,2.0928,2.0929,2.0918,2.0928,6432.704447,2.09300000,2.09310000,2.09200000,2.09260000,19297.70000000,,,,,,2.0931,2.0934,2.0919,2.0928,33562.78,2.093,2.093,2.091,2.092,76483.81486600,2.09187,2.09263,2.09187,2.09262,949.24452229
2025-12-08 07:41,2.0926,2.0926,2.0913,2.0916,38196.889958,2.09250000,2.09280000,2.09110000,2.09170000,159833.90000000,2.0931,2.0931,2.0931,2.0931,8.0,2.0928,2.0932,2.0914,2.0921,64371.44,2.093,2.093,2.091,2.092,90990.92592500,2.0921,2.0921,2.0909,2.09195,244.19111843000002
2025-12-08 07:42,2.0916,2.0916,2.0899,2.0902,7070.774914,2.09170000,2.09170000,2.09020000,2.09020000,14649.00000000,2.0929,2.0929,2.0921,2.0921,55.99999999,2.0921,2.0921,2.0902,2.0904,7892.28,2.092,2.092,2.09,2.09,57984.50170700,2.09168,2.09198,2.08998,2.08998,1897.00505676
2025-12-08 07:43,2.0902,2.0903,2.088,2.0899,25359.382096,2.09020000,2.09020000,2.08840000,2.09000000,27436.70000000,2.0921,2.0921,2.0902,2.0902,1264.0000000100001,2.0904,2.0907,2.0884,2.0901,11151.01,2.091,2.091,2.088,2.089,74202.25408300,2.08997,2.09009,2.08825,2.08976,4939.40393144
2025-12-08 07:44,2.0898,2.0898,2.0886,2.0889,45248.958922,2.08990000,2.08990000,2.08880000,2.08880000,50335.30000000,,,,,,2.0901,2.0901,2.0887,2.089,20113.59,2.089,2.09,2.089,2.089,64837.21106600,2.08894,2.08956,2.08826,2.08826,56334.27887574
2025-12-08 07:45,2.0888,2.0888,2.0842,2.0846,45756.226396,2.08870000,2.08870000,2.08380000,2.08450000,93044.10000000,2.0901,2.0901,2.0871,2.0871,96.0,2.089,2.089,2.084,2.085,50986.33,2.089,2.089,2.084,2.084,41525.27448800,2.08824,2.08825,2.08549,2.08549,4245.45708194
2025-12-08 07:46,2.0845,2.0865,2.0839,2.0862,15078.02715,2.08440000,2.08670000,2.08420000,2.08620000,47622.70000000,,,,,,2.085,2.0872,2.0845,2.0867,19324.94,2.084,2.086,2.084,2.086,56051.10677200,2.0847,2.08603,2.0847,2.08575,7731.132413400001
2025-12-08 07:47,2.0863,2.087,2.0851,2.0853,9297.782222,2.08620000,2.08700000,2.08530000,2.08570000,54793.00000000,,,,,,2.0867,2.0874,2.0853,2.0857,19199.62,2.087,2.087,2.085,2.085,58383.72684100,2.08703,2.08703,2.08613,2.08613,55.40438
2025-12-08 07:48,2.0855,2.0868,2.0855,2.086,6649.791181,2.08580000,2.08710000,2.08550000,2.08620000,12209.30000000,,,,,,2.0857,2.0873,2.0856,2.0863,7010.91,2.085,2.087,2.085,2.087,48297.24396700,2.08568,2.0872,2.08558,2.08596,3710.0780047999997
2025-12-08 07:49,2.0861,2.087,2.085,2.0857,13968.62396,2.08610000,2.08700000,2.08500000,2.08580000,31151.40000000,,,,,,2.0863,2.0873,2.085,2.0861,11281.67,2.087,2.087,2.084,2.086,41325.78007200,2.0864,2.08667,2.08541,2.08542,5418.7891487100005
2025-12-08 07:50,2.0859,2.0861,2.0828,2.0839,38560.266119,2.08580000,2.08640000,2.08300000,2.08380000,99266.10000000,2.0862,2.0862,2.0848,2.0848,1240.0000000000002,2.0861,2.0867,2.0835,2.0838,39256.89,2.086,2.086,2.083,2.084,61938.26845700,2.0861,2.08629,2.08359,2.08359,1551.34285229
2025-12-08 07:51,2.0838,2.0845,2.083,2.0836,17526.813832,2.08380000,2.08450000,2.08300000,2.08360000,66129.90000000,,,,,,2.0838,2.0848,2.0831,2.0839,32826.97,2.083,2.085,2.083,2.083,47148.04277900,2.08359,2.08359,2.08359,2.08359,909.88064549
2025-12-08 07:52,2.0837,2.0841,2.082,2.084,10916.579595,2.08360000,2.08430000,2.08210000,2.08420000,38855.20000000,2.0846,2.0846,2.084,2.084,536.0,2.0839,2.0846,2.0819,2.0844,20798.71,2.084,2.085,2.082,2.085,39450.55110500,2.0835,2.0835,2.0825,2.08317,6524.678131489999
2025-12-08 07:53,2.0841,2.0843,2.0834,2.0843,7287.886777,2.08420000,2.08460000,2.08320000,2.08420000,27563.50000000,2.0849,2.0854,2.0849,2.0854,235.745,2.0844,2.0848,2.0833,2.0843,10806.02,2.084,2.085,2.083,2.084,60404.92692000,2.08381,2.0843,2.08313,2.0843,381.01944412
2025-12-08 07:54,2.0843,2.0844,2.0838,2.0839,9034.981527,2.08420000,2.08460000,2.08340000,2.08420000,26809.70000000,,,,,,2.0843,2.0848,2.0837,2.0843,11464.75,2.084,2.085,2.084,2.084,45072.63232800,2.0842,2.0842,2.08387,2.08387,535.1355379
2025-12-08 07:55,2.0843,2.0843,2.0832,2.0838,10466.09137,2.08420000,2.08430000,2.08310000,2.08360000,10154.40000000,,,,,,2.0843,2.0845,2.0831,2.084,4061.42,2.085,2.085,2.083,2.083,45440.55254900,2.08355,2.08355,2.08355,2.08355,99.0
2025-12-08 07:56,2.0838,2.0851,2.0838,2.0851,6403.756697,2.08360000,2.08510000,2.08360000,2.08510000,8981.10000000,,,,,,2.084,2.0851,2.0837,2.085,8270.7,2.084,2.085,2.084,2.085,70375.65644500,2.08448,2.08493,2.08448,2.08493,204.25337837
2025-12-08 07:57,2.085,2.0852,2.0848,2.085,4529.525772,2.08500000,2.08540000,2.08460000,2.08490000,12302.30000000,,,,,,2.085,2.0855,2.0846,2.0849,7126.06,2.084,2.086,2.084,2.084,57533.96244000,2.08467,2.08498,2.08467,2.08498,612.46602409
2025-12-08 07:58,2.085,2.0854,2.0846,2.0853,5642.48549,2.08490000,2.08510000,2.08450000,2.08510000,6589.50000000,,,,,,2.0849,2.0855,2.0845,2.0854,5387.86,2.085,2.085,2.084,2.084,53806.00766400,2.08493,2.08493,2.08469,2.08469,793.24069
2025-12-08 07:59,2.0855,2.0867,2.0855,2.0866,11256.735373,2.08510000,2.08670000,2.08510000,2.08660000,16208.10000000,2.0858,2.0866,2.0858,2.0866,32.0,2.0854,2.0868,2.0854,2.0868,6482.54,2.085,2.087,2.085,2.086,59439.49771000,2.08602,2.08637,2.08568,2.08637,56.1517
2025-12-08 08:00,2.0866,2.0867,2.0839,2.084,77739.413195,2.08650000,2.08660000,2.08400000,2.08400000,37285.50000000,2.0867,2.0869,2.0857,2.0857,66.0,2.0868,2.0868,2.084,2.0842,16854.37,2.086,2.087,2.083,2.083,46912.59954900,2.08592,2.08662,2.08401,2.08401,1204.21762035
2025-12-08 08:01,2.0842,2.0848,2.0837,2.0842,7174.475561,2.08410000,2.08490000,2.08380000,2.08430000,32275.60000000,2.0857,2.0857,2.0857,2.0857,16.30265398,2.0842,2.085,2.084,2.0844,14714.44,2.083,2.085,2.083,2.084,38546.35023400,2.08435,2.08483,2.08435,2.0845,3261.98925
2025-12-08 08:02,2.0842,2.085,2.0837,2.085,2362.418416,2.08420000,2.08520000,2.08370000,2.08520000,16268.60000000,2.0855,2.0855,2.0854,2.0854,16.0,2.0844,2.0853,2.0835,2.0853,8762.14,2.085,2.085,2.083,2.085,40293.89174200,2.08402,2.08402,2.08402,2.08402,22.97003
2025-12-08 08:03,2.085,2.0863,2.0827,2.0837,22281.433971,2.08510000,2.08630000,2.08310000,2.08380000,12160.20000000,2.0864,2.0864,2.085,2.085,28.0,2.0853,2.0866,2.0833,2.0841,5625.81,2.084,2.086,2.083,2.083,49666.10036900,2.08498,2.08511,2.0834,2.0834,355.36674299
2025-12-08 08:04,2.0838,2.0843,2.0837,2.0838,8896.229269,2.08390000,2.08430000,2.08380000,2.08390000,41327.80000000,,,,,,2.0841,2.0846,2.0838,2.0839,16536.46,2.083,2.084,2.083,2.084,12889.11781900,2.08364,2.08365,2.08364,2.08365,1.86042
2025-12-08 08:05,2.0837,2.0837,2.0807,2.0828,29269.473656,2.08390000,2.08390000,2.08130000,2.08270000,18542.10000000,2.0848,2.0848,2.0832,2.0832,104.0,2.0839,2.084,2.0815,2.0828,22253.26,2.083,2.083,2.082,2.083,36969.33011900,2.08379,2.08379,2.08189,2.08189,532.22090582
2025-12-08 08:06,2.0828,2.0829,2.081,2.0811,4855.487406,2.08280000,2.08290000,2.08110000,2.08110000,58870.00000000,2.0837,2.0837,2.0837,2.0837,30.6762,2.0828,2.0833,2.081,2.0814,22635.43,2.083,2.083,2.081,2.081,40009.11434000,2.08244,2.08246,2.08184,2.08238,1105.8461427299999
2025-12-08 08:07,2.0815,2.0829,2.0815,2.0827,10838.152498,2.08110000,2.08290000,2.08110000,2.08270000,15899.00000000,,,,,,2.0814,2.0833,2.0814,2.0832,6766.28,2.081,2.083,2.081,2.083,36060.44442500,2.08162,2.08244,2.08147,2.08244,3824.36704645
2025-12-08 08:08,2.0826,2.0834,2.0826,2.0834,9144.624942,2.08270000,2.08330000,2.08270000,2.08330000,6674.60000000,,,,,,2.0832,2.0838,2.0829,2.0838,2381.27,2.083,2.083,2.082,2.083,23096.92459800,2.08291,2.083,2.08291,2.083,20728.26315774
2025-12-08 08:09,2.0835,2.0835,2.0823,2.0823,8011.435292,2.08340000,2.08360000,2.08250000,2.08250000,9933.20000000,,,,,,2.0838,2.084,2.0823,2.0823,4184.02,2.084,2.084,2.082,2.083,48583.99416900,2.083,2.083,2.08269,2.08269,506.37302174
2025-12-08 08:10,2.0828,2.0846,2.0826,2.0846,17111.840192,2.08250000,2.08470000,2.08250000,2.08460000,20273.20000000,2.0846,2.0847,2.0846,2.0847,252.697054,2.0823,2.0849,2.0823,2.0849,9503.22,2.083,2.085,2.083,2.085,20709.11815200,2.08269,2.08453,2.08269,2.08453,8035.61007718
2025-12-08 08:11,2.0846,2.0854,2.0846,2.0847,5950.282277,2.08470000,2.08550000,2.08460000,2.08470000,10779.00000000,2.0848,2.0856,2.0848,2.0856,32.0,2.0849,2.086,2.0849,2.085,7710.78,2.085,2.086,2.084,2.084,33565.55770500,2.08532,2.08546,2.08485,2.08485,1068.68807158
2025-12-08 08:12,2.0848,2.085,2.0841,2.0844,12776.415948,2.08470000,2.08500000,2.08430000,2.08440000,30400.90000000,,,,,,2.085,2.0853,2.0843,2.0844,12668.56,2.084,2.085,2.084,2.085,19988.09490300,2.08437,2.08437,2.08437,2.08437,18.917666750000002
2025-12-08 08:13,2.0843,2.0852,2.0838,2.0852,14111.108025,2.08440000,2.08520000,2.08400000,2.08510000,17719.40000000,,,,,,2.0844,2.0855,2.0838,2.0855,8019.12,2.085,2.085,2.084,2.084,20402.72434700,2.08393,2.08481,2.08363,2.08481,419.74335
2025-12-08 08:14,2.0852,2.0862,2.0852,2.0855,16179.921094,2.08510000,2.08600000,2.08510000,2.08560000,40741.50000000,2.0857,2.0859,2.0857,2.0859,12.0,2.0855,2.0862,2.0852,2.0858,18784.94,2.084,2.086,2.084,2.086,18412.42862700,2.08515,2.08573,2.08515,2.08573,49.32901732
2025-12-08 08:15,2.0855,2.0878,2.0855,2.0878,18548.198087,2.08550000,2.08840000,2.08550000,2.08770000,116509.50000000,2.086,2.0873,2.086,2.0873,44.0,2.0858,2.0877,2.0858,2.0876,59509.08,2.086,2.088,2.085,2.087,33963.62345900,2.08636,2.08757,2.08636,2.08757,179.35205886
2025-12-08 08:16,2.088,2.0907,2.088,2.0906,19038.484571,2.08780000,2.09060000,2.08780000,2.09060000,94818.60000000,2.0893,2.0904,2.0893,2.0904,28.0,2.0876,2.0905,2.0876,2.0904,40161.88,2.088,2.091,2.088,2.09,50069.82765200,2.0874,2.09,2.0874,2.09,402.1895
2025-12-08 08:17,2.0907,2.0907,2.0885,2.0885,126313.481711,2.09060000,2.09060000,2.08840000,2.08840000,32836.40000000,2.091,2.0914,2.091,2.0914,417.07114348,2.0904,2.0905,2.0881,2.0883,13070.83,2.091,2.091,2.088,2.088,38668.05230600,2.09085,2.09085,2.08832,2.08832,12268.27144199
2025-12-08 08:18,2.0886,2.0896,2.088,2.0881,18094.652162,2.08840000,2.08960000,2.08800000,2.08800000,30594.60000000,2.0899,2.0899,2.0898,2.0898,508.0,2.0883,2.0896,2.0878,2.0879,13674.06,2.088,2.09,2.087,2.088,38224.02579400,2.08809,2.08809,2.08804,2.08804,5.72206
2025-12-08 08:19,2.088,2.0892,2.088,2.0892,16608.309119,2.08810000,2.08930000,2.08800000,2.08930000,39002.40000000,,,,,,2.0879,2.0895,2.0879,2.0895,15595.86,2.088,2.089,2.087,2.089,39581.95955700,2.08856,2.08857,2.08856,2.08857,1338.8371072999998
2025-12-08 08:20,2.0893,2.0897,2.0882,2.0885,10160.796149,2.08940000,2.08970000,2.08800000,2.08830000,24977.20000000,,,,,,2.0895,2.0899,2.0877,2.0884,12479.33,2.09,2.09,2.089,2.089,9373.77094500,2.0891,2.0891,2.08801,2.08801,259.71698000000004
2025-12-08 08:21,2.0885,2.0897,2.0885,2.0895,11945.342641,2.08840000,2.08940000,2.08840000,2.08940000,13254.50000000,,,,,,2.0884,2.0895,2.0884,2.0895,5892.6,2.09,2.09,2.089,2.089,4401.06597200,2.08825,2.08936,2.08825,2.08892,86.58191981
2025-12-08 08:22,2.0896,2.0904,2.0886,2.089,8114.444618,2.08950000,2.09050000,2.08870000,2.08890000,81949.60000000,2.0907,2.0907,2.0907,2.0907,4.0,2.0895,2.0907,2.0884,2.0886,36947.55,2.09,2.09,2.089,2.089,3245.65678600,2.08971,2.08971,2.08876,2.08876,5004.74351821
2025-12-08 08:23,2.089,2.0891,2.0885,2.0891,5471.722892,2.08900000,2.08910000,2.08870000,2.08910000,25740.30000000,,,,,,2.0886,2.089,2.0883,2.0885,13748.45,2.088,2.089,2.088,2.089,14.59563900,2.0886,2.0887,2.08851,2.0887,794.08556363
2025-12-08 08:24,2.0891,2.0894,2.0886,2.0892,10207.599942,2.08900000,2.08950000,2.08860000,2.08910000,9234.70000000,,,,,,2.0885,2.0895,2.0881,2.089,3151.65,2.089,2.09,2.089,2.09,3912.13853200,2.08884,2.08929,2.08884,2.08929,5236.95339939
2025-12-08 08:25,2.0892,2.0897,2.0887,2.0893,10072.153339,2.08910000,2.08980000,2.08860000,2.08930000,14926.20000000,,,,,,2.089,2.0895,2.0884,2.0891,5974.5,2.09,2.09,2.088,2.09,27700.02495800,2.089,2.08935,2.08894,2.08894,2095.84747556
2025-12-08 08:26,2.0893,2.0893,2.0879,2.0879,17266.073921,2.08930000,2.08940000,2.08780000,2.08800000,18893.60000000,,,,,,2.0891,2.0894,2.0877,2.0882,11915.01,2.09,2.09,2.087,2.089,20917.93556800,2.08915,2.08933,2.08823,2.08835,2110.64481932
2025-12-08 08:27,2.0881,2.0885,2.0868,2.0885,32285.750639,2.08800000,2.08850000,2.08670000,2.08840000,54586.80000000,2.0898,2.0898,2.0888,2.0888,130.0,2.0882,2.0887,2.0868,2.0884,27341.11,2.088,2.089,2.087,2.089,15365.31698000,2.088,2.088,2.08687,2.0879,4094.12421173
2025-12-08 08:28,2.0885,2.0888,2.0885,2.0887,3406.414896,2.08840000,2.08880000,2.08840000,2.08880000,23000.20000000,,,,,,2.0884,2.0888,2.0884,2.0886,12049.38,2.088,2.089,2.088,2.089,14253.36217700,2.08846,2.08888,2.08846,2.08888,1959.79313746
2025-12-08 08:29,2.0888,2.0893,2.0885,2.0888,19231.508347,2.08890000,2.08930000,2.08890000,2.08890000,8336.50000000,,,,,,2.0886,2.0893,2.0886,2.0889,5749.09,2.089,2.09,2.088,2.088,15330.39010700,2.08897,2.08949,2.08888,2.08927,1286.93350372
2025-12-08 08:30,2.0888,2.0891,2.0888,2.089,3538.719699,2.08900000,2.08910000,2.08880000,2.08900000,12019.10000000,2.0899,2.0899,2.0899,2.0899,104.0,2.0889,2.089,2.0885,2.0886,4632.99,2.088,2.089,2.088,2.088,15087.59605200,2.08909,2.08909,2.08908,2.08908,3.82962
2025-12-08 08:31,2.0889,2.089,2.0881,2.0884,25585.060061,2.08890000,2.08890000,2.08790000,2.08840000,19685.60000000,2.0898,2.0898,2.0898,2.0898,4.0,2.0886,2.0887,2.0877,2.0885,8013.35,2.088,2.089,2.088,2.088,13889.26502600,2.08906,2.08906,2.08869,2.08869,7618.80981645
2025-12-08 08:32,2.0884,2.0884,2.0867,2.0878,16209.707628,2.08830000,2.08830000,2.08640000,2.08760000,47488.10000000,2.089,2.089,2.0887,2.0887,36.0,2.0885,2.0885,2.0863,2.0875,18140.29,2.088,2.088,2.086,2.087,19077.25705100,2.08838,2.08838,2.08692,2.08699,4807.0476095
2025-12-08 08:33,2.0873,2.0882,2.0868,2.0868,21022.679104,2.08760000,2.08810000,2.08690000,2.08690000,17995.90000000,,,,,,2.0875,2.0882,2.0868,2.0869,8894.61,2.088,2.088,2.086,2.087,22890.16371200,2.08811,2.08811,2.08762,2.08787,9558.64563393
2025-12-08 08:34,2.0869,2.0874,2.086,2.0869,8963.566007,2.08680000,2.08740000,2.08580000,2.08680000,17165.70000000,2.0886,2.0886,2.0878,2.0878,76.0,2.0869,2.0874,2.0858,2.0868,5826.31,2.087,2.088,2.085,2.087,25563.71468900,2.08677,2.08748,2.08677,2.08748,439.39943158
2025-12-08 08:35,2.0869,2.0869,2.0855,2.0859,13792.024481,2.08680000,2.08680000,2.08520000,2.08580000,40837.40000000,2.0877,2.0877,2.0875,2.0875,28.0,2.0868,2.0868,2.0852,2.0859,14191.64,2.086,2.087,2.085,2.085,34801.62857500,2.08636,2.08636,2.08536,2.0855,1067.48426759
2025-12-08 08:36,2.086,2.0873,2.086,2.0862,17001.320615,2.08580000,2.08730000,2.08580000,2.08620000,41987.40000000,2.0878,2.0878,2.0878,2.0878,4.0,2.0859,2.0873,2.0854,2.0862,22632.51,2.085,2.087,2.085,2.086,25981.45645100,2.08596,2.08687,2.08596,2.08623,3918.0219681
2025-12-08 08:37,2.0861,2.0872,2.0858,2.0872,12062.08448,2.08610000,2.08720000,2.08570000,2.08710000,35174.70000000,,,,,,2.0862,2.0873,2.0851,2.0869,7057.69,2.085,2.087,2.085,2.087,32884.13662600,2.08638,2.08638,2.08638,2.08638,8.28844398
2025-12-08 08:38,2.0873,2.0882,2.0869,2.0882,18096.910713,2.08720000,2.08820000,2.08660000,2.08820000,12776.00000000,2.0885,2.0885,2.0885,2.0885,4.0,2.0869,2.0882,2.0864,2.088,14194.57,2.088,2.088,2.086,2.088,20320.76547700,2.08738,2.08738,2.08666,2.08715,10532.395789999999
2025-12-08 08:39,2.088,2.089,2.088,2.0883,17423.325623,2.08820000,2.08910000,2.08810000,2.08850000,7395.20000000,2.0886,2.0893,2.0886,2.0893,27.99999999,2.088,2.0891,2.0878,2.0885,2713.38,2.088,2.089,2.088,2.089,22879.19765400,2.08865,2.08896,2.08865,2.08896,37.92011972
2025-12-08 08:40,2.0884,2.0886,2.0875,2.0877,25490.095024,2.08850000,2.08860000,2.08790000,2.08790000,5491.40000000,2.089,2.089,2.089,2.089,4.0,2.0885,2.0887,2.0878,2.0878,4717.93,2.088,2.089,2.087,2.087,28525.99348300,2.08828,2.08828,2.08825,2.08825,13.773669869999999
2025-12-08 08:41,2.0878,2.0889,2.0877,2.0885,11985.457035,2.08780000,2.08870000,2.08780000,2.08840000,4802.40000000,2.0893,2.0895,2.0893,2.0895,60.0,2.0878,2.0889,2.0878,2.0882,2394.53,2.088,2.089,2.088,2.088,28220.14869000,2.08818,2.08818,2.08818,2.08818,62.205189999999995
2025-12-08 08:42,2.0885,2.0899,2.0885,2.0899,24020.3645,2.08840000,2.08970000,2.08840000,2.08970000,27218.10000000,2.0896,2.0898,2.0896,2.0898,12.0,2.0882,2.0898,2.0882,2.0897,13536.64,2.089,2.09,2.088,2.089,19777.22075200,2.0891,2.08964,2.0891,2.08964,359.97135000000003
2025-12-08 08:43,2.0898,2.091,2.0898,2.091,15315.48921,2.08980000,2.09100000,2.08980000,2.09090000,35031.50000000,2.09,2.0911,2.09,2.0911,32.0,2.0897,2.0907,2.0895,2.0903,16718.3,2.089,2.091,2.089,2.09,37061.74938200,2.09047,2.09047,2.09047,2.09047,2242.8129891500002
2025-12-08 08:44,2.091,2.0933,2.091,2.0932,16385.911611,2.09090000,2.09310000,2.09090000,2.09300000,159128.80000000,2.0913,2.0921,2.0913,2.0921,20.0,2.0903,2.0931,2.0903,2.0928,75852.75,2.09,2.093,2.09,2.093,25635.19778900,2.091,2.09312,2.091,2.09311,4194.01327909
2025-12-08 08:45,2.0931,2.0934,2.0918,2.092,10971.355199,2.09300000,2.09320000,2.09170000,2.09170000,49503.60000000,2.0943,2.0943,2.0938,2.0938,504.0,2.0928,2.0933,2.0914,2.0914,19974.33,2.093,2.093,2.091,2.092,27826.06272000,2.09321,2.09335,2.09154,2.09168,10088.46036836
2025-12-08 08:46,2.0918,2.0918,2.0895,2.0909,9237.805955,2.09160000,2.09160000,2.08950000,2.09070000,15781.90000000,2.0928,2.0928,2.0913,2.0913,28.0,2.0914,2.0915,2.0894,2.0905,9172.44,2.092,2.092,2.089,2.091,26109.48446200,2.09113,2.09113,2.08964,2.09055,981.34680656
2025-12-08 08:47,2.0909,2.0922,2.0898,2.0922,111481.131011,2.09070000,2.09190000,2.08960000,2.09190000,35126.80000000,2.0917,2.0928,2.0917,2.0928,24.0,2.0905,2.092,2.0895,2.0919,16245.64,2.09,2.092,2.089,2.092,31561.80235500,2.08994,2.09176,2.08994,2.09176,66.06803903
2025-12-08 08:48,2.0922,2.0945,2.0914,2.0914,33875.469273,2.09190000,2.09440000,2.09120000,2.09120000,74446.20000000,2.0929,2.0942,2.0929,2.0931,36.0,2.0919,2.0942,2.0911,2.0911,85626.93,2.092,2.095,2.091,2.092,37711.42824600,2.09219,2.0936,2.09193,2.09193,8131.18237159
2025-12-08 08:49,2.0913,2.0921,2.09,2.0901,7375.937038,2.09120000,2.09200000,2.09000000,2.09000000,13653.40000000,2.0929,2.0929,2.0917,2.0923,2095.009587,2.0911,2.0921,2.0901,2.0902,5586.58,2.091,2.092,2.09,2.091,31368.34699100,2.09103,2.09173,2.09029,2.09029,135.32663639
2025-12-08 08:50,2.0901,2.091,2.0901,2.091,4995.301268,2.09000000,2.09090000,2.09000000,2.09090000,32963.50000000,2.0918,2.0918,2.0918,2.0918,4.0,2.0902,2.0911,2.09,2.091,14084.92,2.09,2.091,2.09,2.09,21305.31884400,2.09002,2.09077,2.09002,2.09077,318.22111376
2025-12-08 08:51,2.091,2.091,2.0888,2.0904,187077.68444,2.09090000,2.09090000,2.08890000,2.09030000,314166.30000000,2.0918,2.0918,2.0907,2.0915,3612.3919690000002,2.091,2.0911,2.0885,2.0903,132347.02,2.091,2.091,2.089,2.09,100869.61677100,2.09071,2.09113,2.08979,2.09013,46917.89491291
2025-12-08 08:52,2.0903,2.0905,2.0897,2.0897,18461.748238,2.09030000,2.09040000,2.08960000,2.08960000,20668.50000000,,,,,,2.0903,2.0906,2.0896,2.0897,8237.43,2.091,2.091,2.089,2.09,28716.41083300,2.09032,2.09032,2.09003,2.09004,19.093130000000002
2025-12-08 08:53,2.0897,2.0906,2.0897,2.0899,9555.399799,2.08960000,2.09050000,2.08960000,2.08990000,109426.20000000,2.0917,2.0917,2.0917,2.0917,4.0,2.0897,2.0906,2.0895,2.0902,45990.66,2.089,2.091,2.089,2.09,27969.01960300,2.0905,2.0905,2.08992,2.08992,849.45788
2025-12-08 08:54,2.0901,2.0924,2.0901,2.0924,10833.551662,2.08990000,2.09260000,2.08990000,2.09250000,29759.60000000,2.0922,2.0928,2.0922,2.0928,24.0,2.0902,2.0927,2.09,2.0927,12310.12,2.09,2.092,2.09,2.092,27674.33390500,2.09035,2.09273,2.09035,2.09273,107.12410718
2025-12-08 08:55,2.0926,2.0947,2.0925,2.0946,26412.386056,2.09250000,2.09450000,2.09230000,2.09440000,49771.80000000,2.0929,2.0949,2.0929,2.0949,44.0,2.0927,2.094,2.0921,2.0939,44656.08,2.092,2.095,2.092,2.095,118845.15911000,2.09284,2.09393,2.09273,2.09393,6284.22893696
2025-12-08 08:56,2.0947,2.0952,2.0919,2.0921,20493.820635,2.09440000,2.09480000,2.09190000,2.09190000,57161.40000000,2.0951,2.0951,2.0951,2.0951,4.0,2.0939,2.0947,2.0916,2.0916,43906.52,2.095,2.095,2.092,2.093,108253.65943700,2.0946,2.0946,2.09251,2.09251,6486.458250680001
2025-12-08 08:57,2.0919,2.0919,2.0909,2.0912,22356.855798,2.09190000,2.09190000,2.09090000,2.09120000,15372.80000000,2.0933,2.0933,2.0925,2.0926,959.99999999,2.0916,2.0918,2.0907,2.0918,14764.85,2.092,2.092,2.091,2.092,103348.30973700,2.09177,2.09177,2.09119,2.09147,979.4643133999999
2025-12-08 08:58,2.0913,2.0915,2.0909,2.0913,11999.182557,2.09130000,2.09130000,2.09090000,2.09120000,15522.20000000,2.0926,2.0926,2.0926,2.0926,4.0,2.0918,2.0918,2.0907,2.0913,5431.98,2.091,2.092,2.09,2.091,55473.02652300,2.09109,2.09137,2.09109,2.09109,2079.31586193
2025-12-08 08:59,2.0913,2.0923,2.0912,2.0914,20918.718378,2.09110000,2.09200000,2.09110000,2.09120000,49706.20000000,2.0928,2.0937,2.0928,2.0937,6183.31844717,2.0913,2.0922,2.0909,2.0911,20658.22,2.092,2.092,2.091,2.092,98777.89689700,2.0912,2.09196,2.0912,2.09145,655.7058604900001
2025-12-08 09:00,2.0913,2.0929,2.0904,2.0929,18749.686606,2.09110000,2.09180000,2.09010000,2.09170000,48561.70000000,2.0926,2.0926,2.0921,2.0921,28.00000001,2.0911,2.0919,2.0901,2.0916,10610.5,2.091,2.092,2.09,2.092,64165.38080400,2.09146,2.092,2.09013,2.092,18376.2664574
2025-12-08 09:01,2.0928,2.0954,2.0927,2.0952,14022.800301,2.09180000,2.09500000,2.09180000,2.09480000,81479.30000000,2.0931,2.0951,2.0931,2.0951,520.8,2.0916,2.0948,2.0916,2.0947,33126.94,2.092,2.095,2.092,2.094,58948.85664400,2.09231,2.09481,2.09231,2.09481,4645.50314853
2025-12-08 09:02,2.0952,2.1,2.0946,2.0953,179839.887559,2.09470000,2.10000000,2.09430000,2.09510000,289441.20000000,2.0952,2.0987,2.0952,2.0978,228.58815015,2.0947,2.0999,2.0943,2.095,173778.24,2.095,2.1,2.094,2.096,105822.89825000,2.09473,2.09915,2.09473,2.0951,39795.73080669
2025-12-08 09:03,2.0955,2.0992,2.0946,2.0985,35312.774044,2.09510000,2.09890000,2.09450000,2.09830000,60608.50000000,2.0962,2.0996,2.0962,2.0996,20.0,2.095,2.0989,2.0943,2.0981,35239.07,2.095,2.099,2.094,2.099,47233.69057600,2.09489,2.0988,2.09489,2.0988,446.37769797
2025-12-08 09:04,2.0988,2.1012,2.0984,2.0984,246990.221199,2.09840000,2.10040000,2.09820000,2.09820000,96158.70000000,2.0998,2.1007,2.0998,2.1007,68.1909361,2.0981,2.1,2.0981,2.0984,88953.54,2.099,2.1,2.099,2.099,22684.12845700,2.09872,2.1,2.09868,2.09882,19768.318092420002
2025-12-08 09:05,2.0992,2.11,2.0992,2.1086,235171.167491,2.09820000,2.11000000,2.09800000,2.10900000,684976.20000000,2.1016,2.1091,2.1016,2.1091,903.09023005,2.0984,2.1096,2.0979,2.1089,301696.59,2.099,2.11,2.099,2.11,122812.49395500,2.1,2.10951,2.1,2.10941,93274.19585046
2025-12-08 09:06,2.1088,2.1242,2.1059,2.1224,1210869.863837,2.10900000,2.12390000,2.10580000,2.12240000,1604388.70000000,2.1103,2.1257,2.108,2.123,22642.66852437,2.1089,2.1234,2.1056,2.122,290065.78,2.109,2.124,2.106,2.123,439358.97082400,2.10887,2.12356,2.10657,2.1232,412754.4966271
2025-12-08 09:07,2.1223,2.1223,2.1141,2.1163,240691.561428,2.12240000,2.12240000,2.11400000,2.11600000,412385.50000000,2.117,2.117,2.1152,2.1159,328.0,2.122,2.122,2.1136,2.1159,238059.62,2.122,2.122,2.114,2.116,168270.86670100,2.1217,2.1217,2.11452,2.11603,37699.30129752
2025-12-08 09:08,2.116,2.1161,2.1142,2.1152,37553.881706,2.11590000,2.11640000,2.11380000,2.11520000,208492.10000000,2.1162,2.1162,2.113,2.1158,15624.0,2.1159,2.1159,2.1138,2.1149,88579.95,2.116,2.116,2.114,2.115,145240.65343500,2.11602,2.11602,2.11436,2.11473,41683.79206051
2025-12-08 09:09,2.1154,2.1178,2.1116,2.1125,37125.320953,2.11510000,2.11740000,2.11140000,2.11240000,117073.60000000,2.1164,2.1169,2.1128,2.1128,384.0,2.1149,2.1174,2.1112,2.1123,50194.17,2.115,2.118,2.111,2.113,122591.24103300,2.11684,2.11762,2.112,2.1123,15055.25318153
2025-12-08 09:10,2.1126,2.1139,2.1103,2.1103,34829.67929,2.11240000,2.11370000,2.11040000,2.11040000,383543.80000000,2.1121,2.1121,2.112,2.112,12.0,2.1123,2.1136,2.1102,2.1102,225566.7,2.113,2.114,2.111,2.111,504576.56585200,2.11302,2.11321,2.11008,2.11008,3446.45722179
2025-12-08 09:11,2.1103,2.1127,2.1096,2.1127,41504.285379,2.11040000,2.11280000,2.10950000,2.11260000,140633.10000000,2.1113,2.1121,2.1108,2.1121,44.0,2.1102,2.1127,2.1091,2.1125,69220.54,2.11,2.113,2.11,2.112,428962.36318300,2.11,2.11167,2.11,2.11167,9746.65046689
2025-12-08 09:12,2.1125,2.113,2.111,2.112,29335.746338,2.11250000,2.11320000,2.11060000,2.11180000,111160.30000000,2.1126,2.1126,2.112,2.112,8.0,2.1125,2.113,2.1106,2.1115,49994.46,2.113,2.113,2.11,2.111,354567.11212100,2.11326,2.11326,2.11109,2.11172,2291.56408508
2025-12-08 09:13,2.1123,2.1129,2.1119,2.1129,9001.632418,2.11180000,2.11290000,2.11170000,2.11290000,38260.90000000,2.1124,2.1124,2.1124,2.1124,516.957256,2.1115,2.113,2.1114,2.1128,16444.9,2.112,2.113,2.111,2.112,506701.01062800,2.11172,2.11267,2.11172,2.11267,830.72626677
2025-12-08 09:14,2.113,2.113,2.1103,2.1105,24758.619754,2.11280000,2.11280000,2.11010000,2.11050000,130946.20000000,2.1113,2.1113,2.111,2.111,32.0,2.1128,2.1128,2.1098,2.1105,51671.73,2.113,2.113,2.11,2.111,474486.71563200,2.11213,2.11213,2.11043,2.11043,12170.52068124
2025-12-08 09:15,2.1104,2.1104,2.1073,2.108,86225.878188,2.11040000,2.11040000,2.10730000,2.10780000,138412.20000000,2.111,2.111,2.109,2.109,274.0,2.1105,2.1105,2.107,2.1073,76935.27,2.11,2.11,2.107,2.108,91967.31656700,2.10969,2.1097,2.1075,2.10773,9575.57821844
2025-12-08 09:16,2.108,2.1092,2.1063,2.1073,62677.066428,2.10780000,2.10930000,2.10630000,2.10700000,117101.00000000,2.1097,2.1097,2.1078,2.1078,1457.0,2.1073,2.1089,2.1061,2.1069,59956.71,2.108,2.109,2.106,2.107,102302.24343900,2.10852,2.10912,2.10647,2.10666,25211.29675925
2025-12-08 09:17,2.1072,2.1085,2.1068,2.1076,45315.132534,2.10700000,2.10800000,2.10670000,2.10730000,118374.70000000,2.1083,2.1083,2.1083,2.1083,4.0,2.1069,2.108,2.1063,2.107,50106.75,2.107,2.108,2.106,2.107,105884.52600800,2.10709,2.10807,2.10682,2.10749,1602.95195948
2025-12-08 09:18,2.1076,2.11,2.1076,2.1092,34479.496667,2.10740000,2.11020000,2.10740000,2.10920000,65417.70000000,2.1088,2.11,2.1088,2.11,58.0,2.107,2.11,2.107,2.1092,33246.55,2.108,2.11,2.108,2.109,108537.79820500,2.10871,2.11016,2.10866,2.10875,24275.35652185
2025-12-08 09:19,2.1093,2.1098,2.1079,2.109,57968.749139,2.10920000,2.10980000,2.10780000,2.10890000,73959.10000000,2.1092,2.1092,2.1092,2.1092,4.0,2.1092,2.1099,2.1079,2.1089,29309.75,2.109,2.11,2.108,2.109,135517.49379700,2.10899,2.10969,2.10803,2.10915,25993.42784144
2025-12-08 09:20,2.1089,2.1118,2.1086,2.1105,16385.482408,2.10890000,2.11170000,2.10880000,2.11040000,69771.20000000,2.1101,2.1114,2.1101,2.1114,1548.0,2.1089,2.1119,2.1085,2.1102,27073.61,2.109,2.112,2.108,2.111,93522.65543500,2.10976,2.11123,2.10976,2.11027,963.2677547799999
2025-12-08 09:21,2.1106,2.1134,2.1106,2.1129,25087.326765,2.11040000,2.11330000,2.11040000,2.11280000,85643.30000000,2.1116,2.1132,2.1116,2.1132,708.0,2.1102,2.1136,2.1102,2.1125,31927.84,2.11,2.113,2.11,2.113,83690.99863800,2.1103,2.11324,2.1103,2.11324,74.04085
2025-12-08 09:22,2.1129,2.1129,2.1092,2.1092,23298.068943,2.11290000,2.11290000,2.10890000,2.10890000,107502.80000000,2.1133,2.1133,2.1105,2.1105,1461.0,2.1125,2.1127,2.1087,2.1087,38127.28,2.112,2.112,2.109,2.109,90909.96930000,2.11235,2.11235,2.1093,2.10943,1920.88583956
2025-12-08 09:23,2.109,2.1094,2.1075,2.1091,12945.164769,2.10890000,2.10950000,2.10740000,2.10910000,35174.60000000,2.1104,2.1104,2.1091,2.1091,376.0,2.1087,2.1097,2.1073,2.1091,23107.56,2.108,2.11,2.107,2.109,137592.72921000,2.10795,2.10939,2.10747,2.10923,1281.1154450000001
2025-12-08 09:24,2.1091,2.11,2.1091,2.1096,12792.446286,2.10910000,2.11020000,2.10900000,2.10950000,31984.70000000,2.1105,2.1105,2.1105,2.1105,4.0,2.1091,2.1104,2.1091,2.1099,16138.59,2.11,2.11,2.109,2.109,71963.04888000,2.10929,2.11033,2.10929,2.10996,358.35451981
2025-12-08 09:25,2.1095,2.1095,2.1055,2.1069,24566.725128,2.10950000,2.10950000,2.10520000,2.10690000,61010.50000000,2.1095,2.1095,2.1074,2.1074,118.0,2.1099,2.1099,2.1055,2.1068,21951.83,2.109,2.109,2.106,2.106,49674.62790800,2.10858,2.1088,2.10646,2.10687,1376.02951241
2025-12-08 09:26,2.1069,2.1077,2.1058,2.1059,15887.708237,2.10700000,2.10760000,2.10580000,2.10590000,30912.40000000,,,,,,2.1068,2.1077,2.1057,2.1059,22150.7,2.106,2.107,2.106,2.106,73836.53566900,2.10725,2.10725,2.10572,2.10572,1994.8787144599999
2025-12-08 09:27,2.106,2.1074,2.106,2.1072,16707.127346,2.10580000,2.10730000,2.10580000,2.10730000,81104.30000000,2.1077,2.1077,2.1077,2.1077,4.0,2.1059,2.1068,2.1056,2.1067,47538.85,2.106,2.108,2.105,2.108,53181.42645400,2.10679,2.10727,2.10581,2.1071,7162.24136541
2025-12-08 09:28,2.1073,2.1073,2.1059,2.1071,28564.527368,2.10720000,2.10720000,2.10620000,2.10700000,37838.60000000,2.1079,2.1079,2.1079,2.1079,4.0,2.1067,2.1068,2.1059,2.1068,22726.38,2.108,2.108,2.105,2.107,86813.61757500,2.10708,2.10729,2.10587,2.10703,235.82206
2025-12-08 09:29,2.107,2.1081,2.1068,2.1073,15267.818346,2.10700000,2.10780000,2.10670000,2.10720000,18053.80000000,,,,,,2.1068,2.1075,2.1062,2.1068,13498.81,2.107,2.108,2.106,2.108,48033.73299700,2.10679,2.10778,2.10674,2.10733,476.51811365000003
2025-12-08 09:30,2.1072,2.1072,2.104,2.1048,34062.155134,2.10710000,2.10710000,2.10400000,2.10480000,64905.90000000,2.1081,2.1081,2.1056,2.1056,733.0,2.1068,2.1068,2.1036,2.1047,36916.43,2.107,2.107,2.104,2.105,57543.83600800,2.10701,2.10701,2.10377,2.10415,2665.03023004
2025-12-08 09:31,2.105,2.1053,2.1034,2.1045,15278.847298,2.10480000,2.10550000,2.10340000,2.10460000,85114.30000000,2.1055,2.1055,2.1048,2.1048,28.0,2.1047,2.1052,2.103,2.1041,23660.12,2.106,2.106,2.103,2.105,29431.74212900,2.10478,2.10544,2.10347,2.10463,3562.78118136
2025-12-08 09:32,2.1048,2.1073,2.1048,2.1059,15437.279538,2.10460000,2.10690000,2.10460000,2.10600000,36286.70000000,2.1057,2.1068,2.1057,2.1066,20.0,2.1041,2.1065,2.1041,2.1058,20625.16,2.105,2.107,2.105,2.107,59015.99972700,2.10506,2.10656,2.10506,2.10548,840.59078783
2025-12-08 09:33,2.1064,2.1073,2.106,2.1073,10689.821495,2.10590000,2.10720000,2.10580000,2.10720000,56360.20000000,,,,,,2.1058,2.107,2.1054,2.1068,22817.98,2.107,2.108,2.105,2.108,67186.85680800,2.10548,2.107,2.10548,2.10683,7230.80087898
2025-12-08 09:34,2.1073,2.1078,2.1064,2.1065,4054.449818,2.10720000,2.10760000,2.10600000,2.10600000,45926.90000000,2.107,2.107,2.107,2.107,4.0,2.1068,2.1075,2.106,2.1061,27216.61,2.108,2.108,2.106,2.106,53763.42046400,2.10683,2.10773,2.10675,2.10675,15132.456100000001
2025-12-08 09:35,2.1064,2.1065,2.1041,2.1041,11261.484234,2.10610000,2.10650000,2.10380000,2.10390000,50708.60000000,2.1065,2.1065,2.1055,2.1055,36.0,2.1061,2.1065,2.1037,2.1037,23876.05,2.107,2.107,2.104,2.104,66287.79619900,2.10579,2.10641,2.1046,2.10487,26529.62660592
2025-12-08 09:36,2.1041,2.1071,2.1041,2.1071,9696.687921,2.10390000,2.10720000,2.10390000,2.10720000,29174.60000000,2.1068,2.107,2.1068,2.107,8.0,2.1037,2.107,2.1037,2.1068,9239.67,2.104,2.107,2.104,2.107,75267.55107600,2.10521,2.10669,2.10521,2.10669,516.00425579
2025-12-08 09:37,2.1067,2.1067,2.105,2.1062,6464.007602,2.10720000,2.10720000,2.10510000,2.10610000,32012.00000000,,,,,,2.1068,2.1069,2.1048,2.1058,13924.55,2.107,2.107,2.105,2.106,79504.01455200,2.1063,2.10641,2.105,2.10637,56.186859999999996
2025-12-08 09:38,2.1061,2.1061,2.1038,2.1038,3387.638755,2.10600000,2.10600000,2.10360000,2.10360000,36763.70000000,2.1062,2.1062,2.1053,2.1053,52.0,2.1058,2.1058,2.1038,2.1038,19868.4,2.106,2.106,2.104,2.104,82017.86489400,2.10581,2.10581,2.10347,2.10347,813.50593824
2025-12-08 09:39,2.1038,2.1061,2.1038,2.1055,9332.968748,2.10360000,2.10590000,2.10360000,2.10530000,27253.00000000,2.1053,2.1053,2.1053,2.1053,4.0,2.1038,2.1057,2.1038,2.105,8551.27,2.104,2.105,2.104,2.105,60260.66858200,2.1043,2.10582,2.10391,2.10582,298.84299
2025-12-08 09:40,2.1054,2.1057,2.1047,2.105,4766.975256,2.10520000,2.10550000,2.10430000,2.10480000,66413.00000000,2.1056,2.1056,2.1056,2.1056,4.0,2.105,2.1057,2.1045,2.1048,27200.69,2.105,2.106,2.104,2.105,49828.69910100,2.1045,2.10548,2.1045,2.10463,291.7014218
2025-12-08 09:41,2.1049,2.1053,2.1045,2.1052,4995.217254,2.10480000,2.10520000,2.10440000,2.10520000,62160.50000000,,,,,,2.1048,2.1053,2.1045,2.1052,26838.17,2.105,2.106,2.104,2.105,54544.81084800,2.10462,2.10509,2.10431,2.10509,7844.9859400000005
2025-12-08 09:42,2.1053,2.1055,2.104,2.1045,31694.566747,2.10510000,2.10510000,2.10400000,2.10450000,25075.70000000,2.1053,2.1053,2.1053,2.1053,4.0,2.1052,2.1052,2.1041,2.1047,11103.43,2.104,2.105,2.104,2.105,50025.06783400,2.10454,2.10454,2.1044,2.10441,989.75257468
2025-12-08 09:43,2.1045,2.1053,2.1034,2.1053,13988.085832,2.10450000,2.10550000,2.10330000,2.10510000,102490.00000000,2.1052,2.1055,2.1049,2.1055,36.0,2.1047,2.1058,2.1032,2.1049,39618.92,2.105,2.106,2.103,2.106,64587.53512200,2.10347,2.10539,2.10314,2.10539,10632.94763
2025-12-08 09:44,2.1051,2.1051,2.1035,2.1036,16429.672676,2.10500000,2.10500000,2.10360000,2.10370000,17244.00000000,,,,,,2.1049,2.1049,2.1034,2.1034,8334.84,2.105,2.105,2.103,2.104,62900.06400000,2.10412,2.10412,2.1037,2.1039,206.07601721
2025-12-08 09:45,2.1035,2.1035,2.1,2.1,112774.973582,2.10360000,2.10360000,2.09960000,2.10040000,197850.50000000,2.1049,2.1049,2.1016,2.1016,234.79110627,2.1034,2.1034,2.0997,2.1003,71773.38,2.103,2.103,2.1,2.1,40483.10545600,2.10346,2.10346,2.10057,2.10057,36924.54625495
2025-12-08 09:46,2.1004,2.1015,2.0999,2.1002,26539.718716,2.10040000,2.10160000,2.09980000,2.10010000,133158.60000000,2.1018,2.1018,2.1018,2.1018,4.0,2.1003,2.1015,2.0998,2.0999,64100.52,2.101,2.102,2.1,2.1,46994.22360400,2.10047,2.10121,2.10001,2.10001,3212.17000735
2025-12-08 09:47,2.0999,2.0999,2.0987,2.099,20574.229622,2.10020000,2.10020000,2.09860000,2.09920000,90575.50000000,2.1014,2.1014,2.1002,2.1002,262.0,2.0999,2.1002,2.0982,2.0991,46716.24,2.1,2.1,2.099,2.1,37527.63382900,2.1,2.1,2.09848,2.099,48494.74731757
2025-12-08 09:48,2.0991,2.1008,2.099,2.0998,10144.781693,2.09910000,2.10070000,2.09900000,2.09970000,83945.10000000,,,,,,2.0991,2.1006,2.0988,2.0995,34813.22,2.099,2.101,2.099,2.099,37142.97547200,2.09929,2.1,2.09929,2.1,581.31430557
2025-12-08 09:49,2.1,2.1019,2.0997,2.1011,37074.360341,2.09980000,2.10180000,2.09980000,2.10110000,128174.80000000,2.1006,2.1019,2.1006,2.1019,28.0,2.0995,2.1026,2.0993,2.1009,52557.11,2.1,2.102,2.099,2.101,49129.87429700,2.09981,2.10205,2.09981,2.10205,14749.65629075
2025-12-08 09:50,2.101,2.1023,2.101,2.1016,20606.261163,2.10100000,2.10220000,2.10100000,2.10180000,43161.40000000,2.102,2.102,2.102,2.102,4.0,2.1009,2.1024,2.1007,2.1015,19853.39,2.101,2.102,2.101,2.101,116678.16870400,2.10119,2.10154,2.10097,2.1013,96.42619257
2025-12-08 09:51,2.1017,2.1024,2.1011,2.1015,26674.071098,2.10180000,2.10250000,2.10110000,2.10130000,27095.90000000,2.1021,2.1024,2.1021,2.1024,8.0,2.1015,2.1025,2.1011,2.1013,14335.92,2.102,2.102,2.1,2.101,80699.98665100,2.10179,2.10179,2.10098,2.10173,1232.68728214
2025-12-08 09:52,2.1013,2.1013,2.1002,2.1009,13841.308919,2.10130000,2.10170000,2.10030000,2.10080000,15167.40000000,,,,,,2.1013,2.1018,2.1,2.1008,4234.08,2.101,2.101,2.1,2.101,87113.82667900,2.10125,2.10125,2.10041,2.10041,222.99712
2025-12-08 09:53,2.101,2.1012,2.0992,2.0993,34151.325594,2.10090000,2.10100000,2.09890000,2.09900000,41665.80000000,2.1012,2.1012,2.1006,2.1006,35.99999999,2.1008,2.101,2.0989,2.0991,18689.94,2.101,2.101,2.099,2.099,89853.41464300,2.1009,2.1009,2.09947,2.09947,1681.99147
2025-12-08 09:54,2.0992,2.1,2.0989,2.0997,11270.460039,2.09890000,2.09990000,2.09890000,2.09970000,44803.10000000,2.1007,2.1007,2.1007,2.1007,4.0,2.0991,2.0999,2.0989,2.0997,17620.93,2.099,2.1,2.099,2.1,63656.96316100,2.09945,2.09995,2.09945,2.09967,628.52799525
2025-12-08 09:55,2.0997,2.1001,2.0994,2.1,13313.891056,2.09970000,2.10000000,2.09940000,2.10000000,38120.80000000,2.1008,2.1008,2.1008,2.1008,4.0,2.0997,2.1001,2.0993,2.1,15001.47,2.099,2.101,2.099,2.1,38344.90038400,2.09944,2.10007,2.09943,2.0998,391.76902165
2025-12-08 09:56,2.1001,2.1003,2.0999,2.1,11325.679962,2.10000000,2.10040000,2.09990000,2.10020000,30747.80000000,,,,,,2.1,2.1003,2.0998,2.1002,12732.93,2.1,2.101,2.099,2.1,45632.74714600,2.0998,2.10023,2.0998,2.10007,304.51349538
2025-12-08 09:57,2.1002,2.1007,2.1001,2.1002,10068.71631,2.10020000,2.10080000,2.10010000,2.10020000,48907.30000000,2.1011,2.1011,2.1011,2.1011,4.0,2.1002,2.1006,2.0999,2.1004,19694.4,2.101,2.101,2.1,2.1,29484.52806600,2.10007,2.10057,2.10007,2.10023,87.85565525
2025-12-08 09:58,2.1002,2.1007,2.0999,2.1007,6307.323101,2.10030000,2.10060000,2.10000000,2.10060000,21790.70000000,2.1012,2.1012,2.1012,2.1012,4.0,2.1004,2.1008,2.0996,2.1008,8940.69,2.101,2.101,2.1,2.1,44363.36943400,2.10023,2.10057,2.10023,2.10056,1073.25329265
2025-12-08 09:59,2.1007,2.1011,2.1001,2.1011,12004.38937,2.10060000,2.10140000,2.10010000,2.10100000,86772.80000000,,,,,,2.1008,2.1012,2.1,2.1007,35293.92,2.1,2.102,2.1,2.101,55973.33592300,2.10071,2.10081,2.10019,2.10069,1821.09993295
2025-12-08 10:00,2.101,2.102,2.1,2.1008,100142.329707,2.10090000,2.10200000,2.09990000,2.10060000,62885.20000000,2.1015,2.1019,2.1015,2.1019,20.0,,,,,,2.101,2.103,2.1,2.101,60131.19019000,,,,,
