time,COINBASE:open,COINBASE:high,COINBASE:low,COINBASE:close,COINBASE:volume,BINANCE:open,BINANCE:high,BINANCE:low,BINANCE:close,BINANCE:volume,BITFINEX:open,BITFINEX:high,BITFINEX:low,BITFINEX:close,BITFINEX:volume,MEXC:open,MEXC:high,MEXC:low,MEXC:close,MEXC:volume,GATEIO:open,GATEIO:high,GATEIO:low,GATEIO:close,GATEIO:volume,KRAKEN:open,KRAKEN:high,KRAKEN:low,KRAKEN:close,KRAKEN:volume
2025-12-07 10:00,89119.56,89154.47,89119.56,89154.47,0.77099994,89104.23000000,89142.90000000,89104.22000000,89142.90000000,4.20221000,89161.0,89161.0,89161.0,89161.0,0.002,89110,89142.91,89104.22,89142.91,2.10502362,89116.1,89137.9,89116,89137.9,256581.17145440,89125.4,89125.4,89125.4,89125.4,0.01024293
2025-12-07 10:01,89154.48,89196.88,89154.48,89196.88,0.56319335,89142.89000000,89179.98000000,89142.89000000,89179.97000000,1.69741000,89177.0,89200.0,89177.0,89200.0,0.00496309,89142.91,89180,89142.89,89179.97,1.33284698,89138,89181.2,89138,89181.2,222596.22653410,89125.4,89125.4,89125.3,89125.3,0.1221252
2025-12-07 10:02,89196.87,89210.51,89193.97,89202.46,0.13588578,89179.98000000,89190.17000000,89179.97000000,89190.17000000,0.70894000,89210.0,89214.0,89210.0,89214.0,0.0053307499999999996,89179.97,89190.2,89179.97,89190.17,0.50877996,89184.6,89192.2,89184.6,89192.2,220513.00162660,89125.4,89129.9,89125.3,89129.9,0.24621586
2025-12-07 10:03,89202.46,89202.46,89134.61,89154.84,2.12048586,89190.17000000,89190.17000000,89124.58000000,89141.09000000,7.93287000,89229.0,89229.0,89229.0,89229.0,0.001,89190.17,89190.17,89124.58,89141.08,5.54552848,89192.1,89192.1,89132,89136.9,318637.24176230,89129.8,89129.9,89129.8,89129.9,0.0077405899999999995
2025-12-07 10:04,89156.01,89158.77,89152.66,89156.39,0.28248249,89141.09000000,89141.09000000,89141.08000000,89141.08000000,0.81503000,89182.0,89182.0,89182.0,89182.0,0.01,89141.08,89141.09,89141.08,89141.08,0.5469516,89137,89137,89136.9,89137,204204.30027440,89129.9,89130.0,89129.9,89130.0,0.011947890000000001
2025-12-07 10:05,89154.01,89158.01,89129.06,89152.79,2.58476522,89141.08000000,89141.09000000,89122.00000000,89135.42000000,4.12656000,,,,,,89141.08,89141.08,89122,89135.46,0.36736993,89136.9,89137,89121.6,89132,297374.22924520,89130.0,89130.0,89129.9,89129.9,0.00381377
2025-12-07 10:06,89152.79,89152.79,89116.32,89120.56,0.59198054,89135.42000000,89135.43000000,89106.61000000,89109.80000000,3.20082000,,,,,,89135.46,89135.46,89106.44,89109.8,4.75815608,89131.9,89132,89110,89111,288492.58884340,89130.0,89130.0,89130.0,89130.0,0.0004315
2025-12-07 10:07,89119.91,89164.39,89113.63,89164.38,1.55608859,89109.81000000,89146.76000000,89103.97000000,89146.76000000,3.37387000,89181.0,89181.0,89181.0,89181.0,0.00111839,89109.8,89146.75,89103.97,89146.75,2.32557569,89111,89142.7,89108,89142.7,268828.63434710,89129.9,89129.9,89125.0,89125.0,0.0201982
2025-12-07 10:08,89164.39,89164.39,89150.88,89160.03,0.37568214,89146.76000000,89148.09000000,89134.73000000,89148.08000000,2.56079000,89202.0,89202.0,89202.0,89202.0,0.00066,89146.75,89148.1,89133.35,89148.08,1.82621732,89142.7,89142.7,89142.6,89142.7,266377.98379690,89125.1,89125.1,89125.0,89125.0,0.02183539
2025-12-07 10:09,89162.92,89170.77,89158.01,89170.77,0.16701398,89148.09000000,89159.65000000,89148.08000000,89159.64000000,1.66444000,,,,,,89148.08,89159.65,89148.08,89159.64,1.15164582,89142.7,89155.4,89142.7,89155.4,201301.73227650,89125.1,89125.1,89125.1,89125.1,0.04095236
2025-12-07 10:10,89170.77,89292.35,89170.76,89278.23,1.13520239,89159.65000000,89278.04000000,89159.64000000,89271.79000000,6.92432000,89222.0,89300.0,89222.0,89300.0,0.006557500000000001,89159.64,89279.66,89159.64,89271.79,4.37007098,89155.4,89272.7,89155.4,89272.6,403913.87464540,89125.1,89230.1,89125.0,89230.1,0.36695688
2025-12-07 10:11,89280.25,89292.42,89243.22,89251.99,0.29213172,89271.79000000,89279.94000000,89238.25000000,89238.26000000,1.49914000,89296.0,89296.0,89296.0,89296.0,0.001647,89271.79,89278.03,89238.22,89238.25,1.53669517,89272.6,89272.6,89239.5,89239.6,334666.24675880,89230.2,89230.2,89230.1,89230.2,0.0028898900000000004
2025-12-07 10:12,89248.01,89273.2,89248.01,89273.2,0.20916463,89238.26000000,89265.25000000,89238.25000000,89265.25000000,4.16303000,,,,,,89238.25,89244.87,89238.25,89244.59,2.13739436,89239.6,89265.3,89239.5,89265.3,354453.94426870,89230.2,89248.8,89230.1,89248.8,0.00476111
2025-12-07 10:13,89277.44,89292.0,89276.82,89286.0,0.0476012,89265.24000000,89276.64000000,89265.24000000,89276.64000000,0.70690000,,,,,,89244.59,89277.54,89244.59,89276.63,1.26699914,89265.3,89272,89265.2,89272,281401.14359140,89248.8,89248.8,89248.7,89248.7,0.00121446
2025-12-07 10:14,89286.01,89314.59,89286.01,89314.59,0.27487371,89276.63000000,89292.01000000,89276.63000000,89292.01000000,1.35352000,89308.0,89310.0,89308.0,89310.0,0.00076071,89276.63,89292.21,89276.63,89292.01,0.93903155,89271.9,89293.9,89271.9,89293.9,98575.49910550,89248.8,89249.9,89248.8,89249.9,0.03058868
2025-12-07 10:15,89313.43,89324.95,89277.5,89288.83,1.83650144,89292.01000000,89292.01000000,89270.00000000,89277.32000000,3.57953000,,,,,,89292.01,89292.01,89270,89277.33,2.49399259,89293.9,89295.4,89274.3,89274.4,281544.42114040,89249.8,89249.9,89249.8,89249.9,0.00050453
2025-12-07 10:16,89288.84,89288.84,89201.13,89230.68,1.59394782,89277.33000000,89277.33000000,89192.00000000,89213.33000000,4.63866000,89298.0,89298.0,89298.0,89298.0,0.00011825,89277.33,89277.33,89191.98,89213.33,3.24945027,89274.4,89274.4,89195.7,89212,400816.95954230,89249.9,89249.9,89249.9,89249.9,0.01588209
2025-12-07 10:17,89230.23,89251.56,89230.23,89250.01,0.24686387,89213.32000000,89231.17000000,89213.32000000,89231.16000000,1.14301000,,,,,,89213.33,89234.12,89213.32,89231.16,0.82371123,89212,89233.9,89212,89233.9,265372.71533350,89249.9,89249.9,89249.8,89249.9,2.6734166
2025-12-07 10:18,89248.0,89277.88,89248.0,89277.44,0.05438059,89231.17000000,89261.20000000,89231.16000000,89261.19000000,1.63787000,89283.0,89283.0,89283.0,89283.0,0.00017,89231.16,89261.2,89231.16,89261.2,1.11992229,89233.9,89259.5,89233.8,89259.5,311120.88580250,89249.9,89249.9,89249.9,89249.9,0.00876319
2025-12-07 10:19,89277.44,89290.15,89250.0,89277.44,0.46476877,89261.19000000,89271.60000000,89238.25000000,89271.60000000,5.83806000,,,,,,89261.2,89271.64,89238.25,89271.6,4.0320399,89259.5,89275.9,89246,89275.9,255252.16557510,89249.9,89250.0,89249.9,89249.9,0.08418956
2025-12-07 10:20,89277.43,89277.43,89232.0,89244.53,1.48153065,89271.60000000,89271.60000000,89224.38000000,89224.38000000,1.32661000,,,,,,89271.6,89271.6,89224.29,89224.38,0.75658092,89275.9,89275.9,89229.5,89229.5,123955.52952730,89250.0,89250.0,89234.9,89234.9,0.14523181999999998
2025-12-07 10:21,89244.54,89314.0,89244.54,89286.0,4.15565712,89224.38000000,89288.68000000,89224.38000000,89277.39000000,5.52250000,89292.0,89316.0,89292.0,89316.0,0.04700347,89224.38,89288.69,89224.38,89277.29,3.73365036,89229.5,89291.9,89229.5,89286,112421.49536970,89234.9,89234.9,89234.8,89234.9,0.00249451
2025-12-07 10:22,89286.01,89296.45,89261.87,89261.87,0.53231552,89277.39000000,89277.39000000,89251.30000000,89251.30000000,1.07346000,,,,,,89277.29,89277.39,89251.25,89251.26,0.53162287,89282.1,89282.1,89261.6,89261.6,24966.58761260,89234.9,89234.9,89234.8,89234.9,0.013190669999999998
2025-12-07 10:23,89261.87,89265.48,89258.0,89265.48,0.15963376,89251.29000000,89253.78000000,89242.64000000,89253.78000000,1.21135000,,,,,,89251.26,89260.9,89242.61,89253.77,1.3946874,89257.3,89257.3,89250.3,89250.3,14869.99051690,89234.9,89234.9,89234.8,89234.9,0.00418515
2025-12-07 10:24,89265.47,89275.85,89258.74,89269.98,0.49332873,89253.78000000,89253.78000000,89244.09000000,89253.78000000,2.64751000,,,,,,89253.77,89253.78,89244.09,89253.77,2.02016032,89250.3,89260,89250.3,89260,59598.06851130,89234.9,89234.9,89234.8,89234.9,0.00713796
2025-12-07 10:25,89269.98,89269.98,89216.0,89243.97,1.40174841,89253.77000000,89253.77000000,89206.09000000,89229.90000000,6.78786000,89285.0,89285.0,89285.0,89285.0,0.025,89253.77,89253.77,89206.09,89229.9,2.07540631,89259.9,89259.9,89210.9,89230.3,281540.23926770,89234.9,89234.9,89234.8,89234.9,0.01329247
2025-12-07 10:26,89246.3,89248.0,89232.9,89241.15,0.60555942,89229.90000000,89231.80000000,89229.90000000,89231.79000000,1.12472000,,,,,,89229.9,89231.84,89229.9,89231.79,0.79752184,89230.2,89230.3,89230.2,89230.3,215802.78908400,89234.9,89234.9,89234.9,89234.9,0.00224598
2025-12-07 10:27,89248.0,89248.0,89232.69,89233.49,0.60922681,89231.79000000,89231.79000000,89219.86000000,89219.87000000,0.91894000,,,,,,89231.79,89231.79,89219.85,89219.87,0.59790518,89230.3,89230.3,89222.5,89222.6,123315.43798870,89234.9,89234.9,89234.9,89234.9,0.00012502
2025-12-07 10:28,89233.51,89237.97,89219.04,89220.0,0.8845354,89219.87000000,89219.87000000,89206.59000000,89206.59000000,0.66464000,89290.0,89290.0,89290.0,89290.0,6.619e-05,89219.87,89219.87,89206.58,89206.59,0.44751789,89222.6,89222.6,89220.4,89220.4,144387.48733680,89234.9,89234.9,89234.8,89234.9,0.00042765
2025-12-07 10:29,89219.99,89221.48,89192.65,89221.48,0.7937517,89206.59000000,89206.59000000,89184.00000000,89198.23000000,5.29782000,89267.0,89267.0,89267.0,89267.0,0.00039439,89206.59,89206.59,89183.96,89198.22,3.77877131,89220.4,89220.4,89188,89196.6,302712.32849420,89234.9,89234.9,89234.8,89234.9,0.0072177100000000004
2025-12-07 10:30,89219.58,89235.53,89200.63,89200.63,0.46510474,89198.23000000,89217.28000000,89198.21000000,89198.22000000,2.52731000,,,,,,89198.22,89217.3,89198.22,89198.23,1.5802921,89196.6,89210.3,89196.6,89199.9,256223.24558430,89234.9,89234.9,89219.5,89219.6,0.01068806
2025-12-07 10:31,89203.99,89224.82,89155.43,89170.94,4.80025767,89198.22000000,89205.64000000,89142.00000000,89151.02000000,8.75841000,89272.0,89272.0,89247.0,89247.0,0.12938478,89198.23,89202.08,89137.35,89151.02,6.32142059,89198.1,89200.8,89140.3,89146.4,400081.93081150,89219.6,89219.6,89203.0,89203.1,0.00444375
2025-12-07 10:32,89170.94,89170.94,89119.29,89124.8,1.01956238,89151.02000000,89151.03000000,89106.65000000,89106.66000000,1.14506000,89220.0,89220.0,89200.0,89200.0,0.00446922,89151.02,89151.03,89112.2,89112.26,0.79862403,89146.3,89146.4,89121.8,89121.8,287406.38001010,89203.1,89203.1,89203.0,89203.0,0.009590959999999999
2025-12-07 10:33,89124.81,89171.74,89124.81,89166.56,0.89506864,89106.65000000,89151.03000000,89106.65000000,89151.02000000,2.07453000,,,,,,89112.26,89151.07,89112.26,89151.03,1.61570618,89115.4,89151.9,89115.3,89151.9,266056.39504100,89203.1,89203.1,89203.1,89203.1,0.00559881
2025-12-07 10:34,89167.53,89167.53,89140.73,89145.94,0.42906111,89151.02000000,89151.03000000,89125.22000000,89125.23000000,1.28118000,89191.0,89193.0,89191.0,89193.0,0.00010975000000000001,89151.03,89151.03,89125.14,89125.16,0.87164178,89151.9,89151.9,89140,89140,192103.19362440,89203.1,89203.1,89140.0,89140.0,0.18255536
2025-12-07 10:35,89145.93,89153.9,89122.78,89127.99,1.02410283,89125.23000000,89141.27000000,89115.35000000,89115.35000000,1.49557000,,,,,,89125.16,89141.28,89115.28,89115.36,1.00427889,89139,89139,89123.1,89123.1,403647.69799250,89140.1,89140.1,89135.0,89135.0,0.004733380000000001
2025-12-07 10:36,89127.99,89146.47,89113.11,89122.06,2.59776874,89115.35000000,89129.36000000,89106.63000000,89111.51000000,3.19765000,89195.0,89195.0,89195.0,89195.0,0.00027328,89115.36,89125.07,89106.62,89111.5,2.42525378,89123.1,89123.1,89112.8,89114.1,354936.67811560,89135.1,89135.1,89121.5,89121.6,0.06297291
2025-12-07 10:37,89122.06,89153.7,89121.56,89148.29,0.82988018,89111.51000000,89130.38000000,89111.50000000,89130.38000000,1.56006000,89190.0,89190.0,89190.0,89190.0,0.00059485,89111.5,89130.42,89111.5,89130.38,1.00267706,89114.1,89130.6,89114.1,89130.5,489744.52320080,89121.6,89121.6,89118.8,89118.9,0.010618109999999998
2025-12-07 10:38,89148.28,89199.18,89140.13,89198.0,0.33812985,89130.38000000,89185.27000000,89130.37000000,89185.26000000,2.52430000,,,,,,89130.38,89185.3,89130.37,89185.3,1.71524555,89130.6,89182.4,89130.5,89182.4,385214.90010540,89118.9,89118.9,89118.8,89118.8,0.02718133
2025-12-07 10:39,89197.42,89228.61,89197.42,89220.22,0.88527415,89185.27000000,89197.55000000,89185.27000000,89197.54000000,2.34105000,89220.0,89220.0,89220.0,89220.0,0.00139459,89185.3,89197.6,89185.26,89197.55,2.04168917,89182.3,89199.9,89182.3,89199.8,339157.18793300,89118.9,89150.0,89118.9,89150.0,2.141456
2025-12-07 10:40,89220.23,89308.79,89219.78,89308.79,0.70563238,89197.55000000,89290.20000000,89197.54000000,89290.20000000,4.85240000,89280.0,89314.0,89280.0,89314.0,0.00607458,89197.55,89288.69,89197.54,89288.69,2.66054584,89199.9,89284.2,89199.9,89284.2,426222.00564300,89150.0,89221.8,89150.0,89221.8,4.15026213
2025-12-07 10:41,89307.1,89339.56,89299.67,89330.76,1.67981061,89290.21000000,89315.24000000,89290.20000000,89315.24000000,5.56271000,89320.0,89340.0,89320.0,89340.0,0.0019876800000000003,89288.69,89315.25,89288.69,89315.24,4.40995147,89288.9,89318.5,89288.9,89316,350318.55246940,89240.4,89327.7,89240.4,89327.7,6.89364078
2025-12-07 10:42,89334.01,89370.69,89319.16,89350.84,1.74819591,89315.24000000,89343.43000000,89306.51000000,89343.43000000,13.73004000,89350.0,89390.0,89350.0,89390.0,0.053720540000000004,89315.24,89343.46,89306.52,89343.42,9.72958075,89316,89344,89314.1,89344,316712.22930470,89331.4,89331.4,89331.3,89331.3,0.06131923
2025-12-07 10:43,89357.67,89377.95,89356.83,89369.5,0.40842549,89343.42000000,89349.35000000,89343.42000000,89349.34000000,3.26024000,,,,,,89343.42,89349.39,89343.42,89349.34,2.28053375,89344,89349.4,89343.9,89349.4,179492.25609760,89331.4,89332.4,89331.4,89332.4,0.0032757000000000003
2025-12-07 10:44,89368.0,89368.0,89301.34,89314.0,0.68013551,89349.34000000,89349.35000000,89288.56000000,89297.27000000,4.21411000,89390.0,89390.0,89390.0,89390.0,0.0016036700000000002,89349.34,89349.35,89288.55,89297.28,2.943741,89349.4,89349.4,89294.1,89294.2,292298.39100090,89332.4,89332.4,89332.3,89332.4,0.00959477
2025-12-07 10:45,89309.99,89310.0,89278.0,89288.59,1.16901022,89297.28000000,89297.28000000,89264.62000000,89275.75000000,5.77977000,89357.0,89357.0,89357.0,89357.0,8.823e-05,89297.28,89297.28,89264.59,89275.75,2.64634042,89294.1,89294.2,89276,89280,866057.00759070,89332.4,89332.4,89324.3,89324.3,0.031395740000000005
2025-12-07 10:46,89288.48,89353.89,89288.48,89353.88,1.08077851,89275.76000000,89338.27000000,89275.75000000,89338.26000000,5.54749000,89329.0,89329.0,89329.0,89329.0,0.00108808,89275.75,89338.29,89275.75,89338.27,3.93505588,89280,89335,89279.9,89335,863568.88871240,89324.4,89324.4,89324.3,89324.3,0.01751294
2025-12-07 10:47,89353.89,89385.12,89351.76,89376.07,0.42393495,89338.26000000,89356.03000000,89338.26000000,89356.03000000,3.62310000,89371.0,89371.0,89371.0,89371.0,8.824e-05,89338.27,89356.07,89338.26,89356.02,2.51660272,89334.9,89353.7,89334.9,89353.7,873434.15125690,89324.4,89360.7,89324.4,89360.7,0.45439569
2025-12-07 10:48,89374.38,89379.99,89346.0,89349.71,0.32356195,89356.03000000,89356.03000000,89338.29000000,89338.29000000,5.35338000,,,,,,89356.02,89356.03,89350.11,89350.12,2.65501013,89353.7,89353.7,89341.7,89341.7,914513.14309900,89360.7,89363.5,89360.7,89363.5,0.01898967
2025-12-07 10:49,89349.65,89413.3,89348.72,89364.45,2.08221828,89338.29000000,89388.00000000,89329.79000000,89359.04000000,4.96910000,89398.0,89423.0,89398.0,89413.0,0.00491737,89350.12,89388,89338.16,89359.03,4.52723282,89341.8,89387.6,89340,89366.6,948304.48842620,89363.5,89363.5,89363.4,89363.4,0.00023749
2025-12-07 10:50,89366.02,89384.0,89354.0,89360.02,0.57031013,89359.04000000,89359.04000000,89343.43000000,89343.44000000,2.14328000,,,,,,89359.03,89359.03,89343.43,89343.43,1.28091133,89364,89364,89351.7,89351.7,690067.52661050,89363.5,89363.5,89363.5,89363.5,0.07537589
2025-12-07 10:51,89363.99,89379.65,89326.4,89339.85,0.77716423,89343.44000000,89363.50000000,89317.99000000,89318.00000000,3.67528000,,,,,,89343.43,89363.5,89332.91,89332.92,2.42667723,89351.7,89358.9,89325.5,89325.5,806679.74988540,89363.5,89363.5,89363.4,89363.4,0.16750316
2025-12-07 10:52,89339.85,89355.99,89337.54,89343.69,0.75976855,89318.00000000,89328.84000000,89317.99000000,89328.83000000,1.68979000,,,,,,89332.92,89332.92,89317.99,89328.84,1.43373653,89325.6,89325.6,89325.5,89325.6,694502.17736100,89363.5,89363.5,89363.4,89363.4,0.00429971
2025-12-07 10:53,89341.21,89355.29,89326.39,89330.93,1.08372731,89328.83000000,89330.24000000,89314.99000000,89314.99000000,3.86383000,,,,,,89328.84,89330.25,89314.97,89315,2.69592397,89325.6,89325.6,89324,89324,825773.77163320,89363.5,89363.5,89363.5,89363.5,0.02970087
2025-12-07 10:54,89330.93,89347.91,89326.17,89335.42,0.5109384,89314.99000000,89323.75000000,89314.99000000,89323.74000000,1.26748000,,,,,,89315,89323.75,89314.99,89323.75,2.65613615,89324,89324.1,89324,89324.1,602029.42586620,89363.5,89363.5,89363.4,89363.5,0.01106462
2025-12-07 10:55,89335.42,89335.42,89289.98,89289.99,0.71260096,89323.74000000,89323.74000000,89278.00000000,89278.01000000,5.71322000,89400.0,89400.0,89400.0,89400.0,0.00039387,89323.75,89323.75,89278,89278,3.81981016,89324,89324.1,89279.6,89279.6,217927.39649570,89363.5,89363.5,89363.4,89363.4,0.12005895
2025-12-07 10:56,89289.99,89289.99,89246.63,89264.73,1.27321077,89278.01000000,89278.01000000,89238.26000000,89251.64000000,2.79175000,89363.0,89363.0,89326.0,89326.0,0.00017643999999999998,89278,89278.01,89238.25,89251.65,1.66509438,89279.6,89279.6,89249.8,89249.9,221204.34428370,89347.5,89347.5,89311.0,89311.1,0.018562290000000002
2025-12-07 10:57,89268.95,89275.59,89239.29,89247.6,6.91446702,89251.63000000,89251.64000000,89232.26000000,89232.27000000,2.44668000,,,,,,89251.65,89251.65,89232.23,89232.27,1.96810408,89249.9,89254.2,89230.5,89230.6,182764.83779030,89311.1,89311.1,89311.1,89311.1,0.00143728
2025-12-07 10:58,89248.0,89320.0,89248.0,89265.73,15.0777918,89232.26000000,89258.26000000,89232.26000000,89246.62000000,3.74537000,,,,,,89232.27,89258.27,89232.26,89246.62,2.62595511,89230.6,89261.1,89230.6,89256,234045.78038260,89311.1,89311.1,89311.0,89311.1,0.00224474
2025-12-07 10:59,89265.72,89265.72,89248.89,89252.14,0.70541744,89246.63000000,89246.63000000,89240.17000000,89240.18000000,1.15365000,,,,,,89246.62,89246.63,89240.14,89240.18,0.90430173,89256.1,89256.1,89244.3,89244.3,140224.48931270,89311.0,89311.1,89274.3,89274.4,0.01109431
2025-12-07 11:00,89252.14,89263.99,89224.29,89234.02,1.77271379,89240.18000000,89240.18000000,89212.00000000,89213.34000000,5.75017000,89310.0,89310.0,89300.0,89300.0,0.00091852,89240.18,89240.18,89213.33,89213.33,3.92402938,89244.4,89244.4,89222.4,89222.4,220893.84983630,89274.4,89274.4,89274.4,89274.4,0.01313541
2025-12-07 11:01,89234.02,89268.0,89231.22,89235.99,1.77508938,89213.34000000,89243.34000000,89213.33000000,89216.58000000,3.97337000,,,,,,89213.33,89243.34,89213.33,89227.59,2.16157182,89222.4,89244.3,89222.4,89228.7,279152.35070660,89274.3,89274.4,89274.3,89274.4,0.00887655
2025-12-07 11:02,89235.98,89235.98,89213.91,89220.0,0.49037973,89216.59000000,89216.59000000,89200.00000000,89200.00000000,2.04039000,89290.0,89290.0,89290.0,89290.0,0.00453782,89227.59,89227.59,89197,89200,2.06100607,89227.4,89227.4,89207.5,89207.5,215115.23247730,89274.3,89274.4,89274.3,89274.4,0.00048349
2025-12-07 11:03,89220.44,89246.92,89220.44,89224.52,0.88221844,89200.00000000,89217.15000000,89200.00000000,89217.15000000,1.64636000,89284.0,89284.0,89260.0,89260.0,0.1275,89200,89217.15,89200,89217.15,1.21426387,89207.6,89221.4,89207.5,89221.3,259216.56071890,89274.3,89274.4,89274.3,89274.4,0.02331452
2025-12-07 11:04,89229.98,89236.91,89222.4,89229.99,0.31153262,89217.15000000,89217.15000000,89209.61000000,89209.61000000,5.70483000,,,,,,89217.15,89217.15,89209.57,89209.61,3.93115184,89221.4,89221.4,89214.8,89214.9,215834.24532440,89274.4,89274.4,89274.3,89274.3,0.035195779999999996
2025-12-07 11:05,89232.01,89269.69,89221.08,89232.45,2.2827924,89209.61000000,89240.19000000,89209.61000000,89214.35000000,5.65600000,89274.0,89274.0,89272.0,89272.0,0.005,89209.61,89240.2,89209.61,89214.35,6.90640088,89214.8,89242,89214.8,89222.5,242175.11143270,89274.3,89274.4,89274.3,89274.4,0.018578749999999998
2025-12-07 11:06,89235.99,89272.0,89233.66,89272.0,0.16439014,89214.36000000,89252.61000000,89214.35000000,89246.36000000,2.62916000,89285.0,89285.0,89285.0,89285.0,8.808e-05,89214.35,89252.61,89214.35,89246.36,1.83610371,89222.5,89249.8,89222.4,89249.8,127766.92434050,89274.4,89274.4,89274.3,89274.3,0.00610655
2025-12-07 11:07,89272.0,89283.77,89258.0,89263.99,0.05191856,89246.36000000,89257.38000000,89243.33000000,89243.34000000,1.42703000,,,,,,89246.36,89257.85,89243.29,89243.34,1.01188128,89249.8,89255.4,89249.8,89251.3,162340.79534810,89274.3,89274.4,89274.3,89274.4,0.00906463
2025-12-07 11:08,89263.99,89276.0,89262.06,89272.0,0.40770042,89243.33000000,89250.00000000,89243.33000000,89250.00000000,1.42104000,,,,,,89243.34,89250,89243.33,89250,0.8388729,89251.4,89255.8,89251.3,89255.8,152660.63370510,89274.4,89274.4,89274.4,89274.4,0.00112014
2025-12-07 11:09,89272.01,89294.39,89272.01,89283.98,0.5538991,89250.00000000,89270.92000000,89249.99000000,89267.86000000,2.34982000,,,,,,89250,89270.95,89250,89267.85,1.79308884,89255.8,89264.4,89255.7,89264.4,213227.39548600,89274.4,89274.4,89274.3,89274.4,0.01226919
2025-12-07 11:10,89283.89,89283.89,89247.23,89256.42,0.96348831,89267.86000000,89267.86000000,89230.48000000,89230.48000000,2.94853000,,,,,,89267.85,89267.85,89230.48,89230.49,1.23848858,89264.3,89264.3,89239.7,89239.7,130683.69140570,89274.4,89274.4,89274.3,89274.3,0.00431068
2025-12-07 11:11,89254.01,89258.8,89244.72,89252.02,0.37618921,89230.49000000,89230.49000000,89230.47000000,89230.48000000,2.75837000,89295.0,89295.0,89295.0,89295.0,0.00027998,89230.49,89230.49,89230.47,89230.48,2.0519983,89239.8,89239.8,89239.7,89239.8,113506.67086210,89274.4,89274.4,89274.3,89274.4,0.02853141
2025-12-07 11:12,89255.29,89261.3,89218.06,89218.06,0.83832605,89230.47000000,89230.48000000,89198.21000000,89198.21000000,3.20039000,,,,,,89230.48,89230.48,89214.34,89214.35,1.00866905,89239.7,89239.8,89207.2,89207.2,122701.04897320,89274.3,89274.4,89274.3,89274.3,0.25454544
2025-12-07 11:13,89217.69,89242.93,89201.67,89227.63,0.56565431,89198.21000000,89211.59000000,89187.34000000,89200.01000000,3.10556000,,,,,,89214.35,89214.35,89187.31,89200,2.99865201,89201.6,89210,89195,89210,108335.21574190,89271.9,89271.9,89253.4,89253.5,0.01599519
2025-12-07 11:14,89227.48,89281.24,89227.48,89281.22,2.89756517,89200.01000000,89253.97000000,89200.00000000,89253.97000000,7.46489000,,,,,,89200,89253.97,89200,89253.97,5.63726573,89209.9,89249.3,89209.9,89249.3,179036.20515610,89253.5,89271.8,89253.4,89271.8,0.23296263
2025-12-07 11:15,89281.22,89293.38,89273.84,89280.74,0.59434093,89253.97000000,89277.59000000,89253.96000000,89266.25000000,1.92369000,,,,,,89253.97,89277.59,89253.97,89266.26,1.08521993,89249.3,89276.3,89249.3,89265.5,171985.50160050,89271.9,89271.9,89271.9,89271.9,0.00189588
2025-12-07 11:16,89280.75,89284.87,89246.11,89248.02,0.7149999,89266.25000000,89266.26000000,89225.75000000,89225.75000000,1.43630000,,,,,,89266.26,89266.26,89225.72,89225.75,1.00463317,89265.6,89265.6,89233.1,89233.2,164260.14162830,89271.9,89271.9,89271.8,89271.9,0.00541408
2025-12-07 11:17,89248.0,89253.81,89238.34,89245.18,0.52155758,89225.76000000,89225.76000000,89225.75000000,89225.75000000,1.27425000,,,,,,89225.75,89225.76,89225.75,89225.76,0.89175784,89233.1,89233.2,89233.1,89233.1,184330.01801210,89271.8,89271.8,89248.9,89249.0,0.04293063
2025-12-07 11:18,89245.18,89273.83,89245.18,89265.99,1.11796463,89225.75000000,89244.89000000,89225.75000000,89244.89000000,1.54316000,,,,,,89225.76,89244.91,89225.75,89244.89,0.97099951,89233.2,89240.5,89233.1,89240.4,194306.70450830,89249.0,89249.0,89249.0,89249.0,0.00262117
2025-12-07 11:19,89268.44,89298.29,89267.09,89272.28,0.64331548,89244.89000000,89271.04000000,89244.88000000,89256.03000000,4.49066000,,,,,,89244.89,89271.06,89244.88,89256.03,3.25212409,89240.5,89264.2,89240.5,89258,215936.91024560,89249.0,89267.3,89249.0,89267.3,0.03108388
2025-12-07 11:20,89272.28,89286.6,89224.82,89226.01,0.77682288,89256.03000000,89256.03000000,89222.00000000,89222.00000000,3.54969000,89301.0,89301.0,89301.0,89301.0,4e-05,89256.03,89256.03,89221.58,89221.58,1.7886554,89258.1,89258.1,89223.8,89223.8,122011.60411870,89267.3,89267.3,89267.2,89267.3,0.01280334
2025-12-07 11:21,89226.02,89249.66,89226.02,89246.02,0.62609444,89222.00000000,89223.15000000,89214.79000000,89223.14000000,1.40252000,,,,,,89221.58,89223.18,89214.19,89223.15,1.64601436,89223,89223,89217.1,89219.2,211684.23355060,89267.3,89267.3,89267.2,89267.3,0.0012405
2025-12-07 11:22,89246.01,89290.67,89233.87,89276.01,0.819552,89223.15000000,89259.98000000,89223.14000000,89259.97000000,1.96882000,89276.0,89276.0,89276.0,89276.0,0.00049135,89223.15,89259.98,89223.14,89259.97,1.37896274,89219.2,89260.4,89219.2,89260.4,141228.68086190,89267.3,89267.3,89267.2,89267.3,0.0266271
2025-12-07 11:23,89276.01,89291.48,89274.0,89291.48,0.29978198,89259.98000000,89259.98000000,89259.97000000,89259.98000000,0.60404000,,,,,,89259.97,89259.98,89259.97,89259.97,0.43439607,89260.3,89260.4,89260.3,89260.3,111688.03152110,89267.2,89267.3,89267.2,89267.3,0.12627498
2025-12-07 11:24,89285.97,89285.97,89256.26,89256.72,0.19696739,89259.98000000,89259.98000000,89240.00000000,89240.00000000,3.08219000,,,,,,89259.97,89259.98,89239.97,89240,2.14409693,89260.4,89260.4,89249.4,89249.4,173820.07240460,89267.3,89267.3,89267.2,89267.2,0.68307877
2025-12-07 11:25,89256.27,89258.3,89237.09,89251.99,0.58443521,89240.01000000,89240.01000000,89227.14000000,89227.15000000,0.75840000,,,,,,89240,89240,89227.14,89227.15,0.50193497,89249.3,89249.3,89232.3,89232.3,108147.44271820,89267.3,89267.3,89267.3,89267.3,0.00872139
2025-12-07 11:26,89246.01,89274.0,89239.29,89244.54,3.45209213,89227.15000000,89227.15000000,89227.14000000,89227.15000000,0.84785000,,,,,,89227.15,89227.15,89227.14,89227.15,0.66660027,89232.3,89232.4,89232.3,89232.3,134696.73443890,89267.3,89267.3,89267.2,89267.3,0.01423512
2025-12-07 11:27,89244.0,89246.0,89229.87,89244.56,0.56312469,89227.14000000,89227.15000000,89218.81000000,89221.12000000,5.15764000,89269.0,89269.0,89269.0,89269.0,0.0002968,89227.15,89227.15,89218.81,89221.12,3.58191423,89232.3,89232.3,89222.2,89223.1,128020.92861500,89267.3,89267.3,89267.3,89267.3,0.00761409
2025-12-07 11:28,89240.53,89253.8,89209.56,89212.39,1.38469888,89221.12000000,89221.12000000,89200.00000000,89200.01000000,5.61377000,,,,,,89221.12,89221.12,89200,89200.01,3.92415522,89223.1,89223.1,89199.2,89204.6,166737.31985250,89267.3,89267.3,89267.3,89267.3,0.01115644
2025-12-07 11:29,89211.16,89223.68,89173.57,89173.57,1.84125872,89200.01000000,89200.01000000,89175.85000000,89175.85000000,9.83140000,89268.0,89268.0,89268.0,89268.0,8.808e-05,89200.01,89200.01,89175.85,89175.85,6.88643261,89204.6,89204.7,89182.6,89182.7,153891.71892830,89267.3,89267.3,89252.2,89252.3,0.028567460000000003
2025-12-07 11:30,89184.02,89213.34,89178.81,89213.34,1.09717114,89175.85000000,89194.64000000,89175.85000000,89194.63000000,3.60320000,,,,,,89175.85,89194.67,89175.85,89194.64,2.44593427,89182.6,89191.8,89182.6,89191.8,221696.46096080,89252.2,89252.3,89240.0,89240.1,0.2695088
2025-12-07 11:31,89213.34,89268.92,89213.33,89235.04,0.85649637,89194.64000000,89245.99000000,89194.63000000,89219.24000000,3.55721000,89242.0,89242.0,89242.0,89242.0,8.819e-05,89194.64,89246.31,89194.63,89245.98,1.71302856,89191.7,89241.1,89191.7,89228.5,229705.19058760,89240.1,89240.1,89240.0,89240.1,0.00377621
2025-12-07 11:32,89236.0,89253.85,89230.8,89248.0,0.06146091,89219.23000000,89231.73000000,89219.23000000,89231.72000000,0.85666000,,,,,,89245.98,89245.98,89219.23,89231.73,1.37727154,89223.7,89229.1,89222,89229.1,99688.46084830,89240.1,89240.1,89240.0,89240.1,0.01807425
2025-12-07 11:33,89247.99,89279.99,89231.2,89279.98,0.40289516,89231.72000000,89252.08000000,89229.68000000,89252.08000000,2.26308000,89277.0,89278.0,89277.0,89278.0,0.0045683,89231.73,89252.11,89229.67,89252.08,1.58418514,89229.1,89249.3,89229,89249.3,155366.48087840,89240.1,89240.1,89240.1,89240.1,0.00201591
2025-12-07 11:34,89274.02,89276.44,89256.25,89265.98,0.16750313,89252.07000000,89252.08000000,89250.78000000,89250.79000000,1.59601000,,,,,,89252.08,89252.08,89250.78,89250.79,1.04850511,89249.2,89249.3,89249.2,89249.3,154582.35620860,89240.1,89240.1,89240.0,89240.0,0.00237228
2025-12-07 11:35,89268.49,89284.75,89260.56,89272.01,0.59377397,89250.78000000,89262.38000000,89250.78000000,89256.91000000,11.09576000,89283.0,89283.0,89283.0,89283.0,0.01354,89250.79,89256.91,89250.78,89256.9,7.58998774,89249.2,89249.3,89249.2,89249.3,169485.99470940,89240.1,89240.1,89240.0,89240.0,0.00098363
2025-12-07 11:36,89271.57,89275.0,89249.05,89253.97,0.47588861,89256.91000000,89256.91000000,89240.00000000,89240.00000000,5.22579000,89283.0,89283.0,89283.0,89283.0,0.00019,89256.9,89256.91,89239.98,89240.01,3.82338181,89249.3,89249.3,89244.7,89244.7,98601.60805040,89240.1,89240.1,89240.0,89240.0,5.67845347
2025-12-07 11:37,89253.98,89257.98,89237.09,89238.38,0.23937009,89240.00000000,89240.01000000,89222.30000000,89222.30000000,1.78343000,,,,,,89240.01,89240.01,89222.28,89222.31,0.93456801,89244.7,89244.8,89233.4,89233.4,161046.58569400,89240.0,89240.1,89240.0,89240.1,0.00915938
2025-12-07 11:38,89238.38,89250.98,89218.09,89242.07,0.98547118,89222.30000000,89222.30000000,89203.58000000,89222.20000000,2.61643000,,,,,,89222.31,89222.31,89200.87,89222.2,2.14328248,89233.5,89233.5,89212.4,89217.9,179713.51245390,89240.1,89240.1,89240.0,89240.1,0.0022487
2025-12-07 11:39,89240.0,89255.98,89234.43,89234.44,0.42066508,89222.19000000,89222.20000000,89222.19000000,89222.19000000,0.47709000,,,,,,89222.2,89222.2,89222.19,89222.2,0.35653255,89217.9,89221.9,89217.9,89221.9,145711.83422890,89240.1,89240.1,89239.6,89239.6,0.06441563
2025-12-07 11:40,89234.44,89263.24,89234.43,89248.45,0.33270474,89222.20000000,89234.68000000,89222.19000000,89234.67000000,1.66715000,89283.0,89284.0,89283.0,89284.0,0.0109868,89222.2,89234.71,89222.19,89234.67,1.16001657,89221.8,89230.3,89221.8,89230.3,123274.41519260,89239.6,89239.7,89239.6,89239.7,0.01093076
2025-12-07 11:41,89248.44,89257.1,89239.38,89246.9,0.35671059,89234.67000000,89234.68000000,89228.58000000,89228.59000000,0.91933000,,,,,,89234.67,89234.68,89228.58,89228.58,0.64253126,89230.3,89230.3,89230.2,89230.2,138405.81021930,89239.7,89239.7,89239.6,89239.6,0.00451296
2025-12-07 11:42,89246.9,89248.44,89239.97,89248.4,0.1948073,89228.59000000,89228.59000000,89228.58000000,89228.58000000,0.29001000,,,,,,89228.58,89228.59,89228.58,89228.58,0.19905633,89230.3,89230.3,89230.2,89230.2,100061.31173470,89239.7,89239.7,89239.6,89239.6,0.00034768
2025-12-07 11:43,89248.01,89248.01,89209.6,89228.94,0.29532662,89228.58000000,89228.59000000,89200.00000000,89209.53000000,2.94830000,,,,,,89228.58,89228.59,89199.99,89209.54,2.33427584,89230.3,89230.3,89202.3,89202.4,128700.82493360,89239.7,89239.7,89239.7,89239.7,1.60196527
2025-12-07 11:44,89225.97,89229.0,89216.06,89228.6,0.42283608,89209.54000000,89209.54000000,89209.53000000,89209.54000000,0.48398000,,,,,,89209.54,89209.54,89209.53,89209.54,0.44509061,89202.4,89203.8,89202.3,89203.8,160915.68173400,89239.7,89239.7,89239.7,89239.7,0.00830232
2025-12-07 11:45,89227.24,89227.24,89196.89,89196.89,0.62293279,89209.54000000,89209.54000000,89184.59000000,89184.59000000,6.47372000,89279.0,89279.0,89279.0,89279.0,0.00024809,89209.54,89209.54,89191.54,89191.54,4.82189774,89203.8,89203.8,89196.4,89196.4,88175.90694250,89239.7,89239.7,89218.6,89218.6,0.02523517
2025-12-07 11:46,89196.88,89211.38,89193.56,89196.88,0.23697156,89184.60000000,89184.60000000,89184.59000000,89184.59000000,3.88652000,,,,,,89191.54,89191.54,89184.58,89184.6,2.59160726,89195.6,89195.6,89190.1,89190.1,104176.35662180,89218.7,89218.7,89218.6,89218.6,0.00134416
2025-12-07 11:47,89192.65,89218.08,89179.92,89189.2,0.38159696,89184.60000000,89196.09000000,89172.14000000,89173.12000000,5.92693000,89266.0,89266.0,89266.0,89266.0,0.00039427,89184.6,89196.09,89172.1,89173.12,3.49601765,89189.2,89196.6,89178.7,89178.9,161445.27601140,89218.7,89218.7,89215.0,89215.1,0.0063139599999999995
2025-12-07 11:48,89188.55,89190.32,89160.0,89178.97,2.1417927,89173.12000000,89173.12000000,89155.14000000,89155.14000000,0.78856000,89248.0,89248.0,89243.0,89243.0,0.020546059999999998,89173.12,89173.12,89155.14,89155.15,1.39704219,89178.8,89178.9,89163.8,89163.8,92221.24939660,89215.1,89215.1,89215.0,89215.0,0.02036451
2025-12-07 11:49,89178.97,89195.88,89155.75,89173.77,1.63376244,89155.14000000,89174.63000000,89155.14000000,89162.72000000,1.85697000,89240.0,89240.0,89234.0,89234.0,0.01086,89155.15,89174.67,89155.14,89162.71,1.29295211,89163.9,89170.6,89162.7,89162.8,83131.87078260,89215.1,89215.1,89215.0,89215.0,0.04164161
2025-12-07 11:50,89178.37,89192.64,89178.14,89183.18,0.47026501,89162.72000000,89177.90000000,89162.71000000,89165.60000000,12.13280000,89234.0,89234.0,89234.0,89234.0,0.00029697,89162.71,89175.49,89162.71,89165.61,8.16765039,89162.7,89172,89162.7,89171.9,254507.70698880,89215.1,89215.1,89215.1,89215.1,0.00322928
2025-12-07 11:51,89183.27,89189.49,89164.23,89164.23,0.33625329,89165.60000000,89165.61000000,89163.39000000,89163.40000000,1.09803000,,,,,,89165.61,89165.61,89162.81,89163.39,1.1509154,89171.9,89172,89166.2,89166.2,166793.94104030,89215.1,89215.1,89215.1,89215.1,0.00324107
2025-12-07 11:52,89164.22,89195.6,89157.1,89194.04,0.13567931,89163.39000000,89177.75000000,89141.87000000,89177.75000000,5.85111000,89233.0,89233.0,89233.0,89233.0,0.0200883,89163.39,89170.71,89141.85,89170.71,6.90188852,89163.9,89168.9,89147.7,89168.9,174458.29704950,89215.1,89215.1,89215.0,89215.1,0.00375727
2025-12-07 11:53,89194.36,89197.99,89176.0,89179.04,0.37854331,89177.74000000,89177.75000000,89165.50000000,89165.51000000,2.18708000,,,,,,89170.71,89177.75,89165.5,89165.5,2.73630119,89168.9,89173,89163.1,89163.2,231757.20112300,89215.1,89215.1,89215.0,89215.1,0.00023317
2025-12-07 11:54,89178.99,89188.0,89175.69,89177.45,0.21781897,89165.51000000,89165.51000000,89165.50000000,89165.50000000,0.31739000,89232.0,89232.0,89213.0,89213.0,0.07744,89165.5,89165.51,89165.5,89165.5,0.24992961,89163.2,89164,89163.1,89163.9,89821.72150580,89215.1,89215.1,89215.0,89215.1,0.03396441
2025-12-07 11:55,89177.45,89184.15,89171.45,89183.85,0.27257473,89165.50000000,89165.51000000,89162.71000000,89162.72000000,1.33527000,,,,,,89165.5,89165.51,89162.69,89162.72,0.84666581,89164,89164,89163.9,89163.9,117490.73752080,89215.1,89215.1,89215.1,89215.1,0.00383334
2025-12-07 11:56,89182.0,89184.13,89178.01,89184.0,0.12305915,89162.71000000,89162.72000000,89162.71000000,89162.72000000,0.26266000,,,,,,89162.72,89162.72,89162.71,89162.72,0.18334232,89164,89164,89163.9,89163.9,143792.27913570,89215.1,89215.1,89215.0,89215.0,0.00789714
2025-12-07 11:57,89184.11,89199.34,89182.0,89199.34,0.32378839,89162.72000000,89182.14000000,89162.71000000,89182.14000000,1.19071000,89224.0,89224.0,89224.0,89224.0,0.00071797,89162.72,89176.1,89162.71,89176.1,0.18833335,89164,89172.6,89163.9,89172.6,196641.44144530,89215.1,89215.1,89215.0,89215.1,0.00435839
2025-12-07 11:58,89199.34,89199.34,89178.93,89181.95,0.99886528,89182.15000000,89182.15000000,89165.49000000,89165.50000000,2.73213000,89227.0,89241.0,89227.0,89239.0,0.07831486,89176.1,89182.18,89165.45,89165.5,2.55983781,89175.3,89175.4,89174.4,89174.4,135398.55287350,89215.1,89215.1,89215.0,89215.1,0.00047505999999999997
2025-12-07 11:59,89181.94,89181.94,89162.51,89165.9,0.31154124,89165.50000000,89165.50000000,89149.17000000,89149.18000000,2.65695000,,,,,,89165.5,89165.5,89149.17,89149.18,1.85966785,89174.4,89174.4,89158,89158,112716.03468040,89215.1,89215.1,89215.0,89215.1,0.0053852
2025-12-07 12:00,89165.9,89167.36,89138.53,89138.53,0.40119645,89149.18000000,89152.67000000,89127.00000000,89127.00000000,4.38829000,89216.0,89216.0,89210.0,89210.0,0.00093074,89149.18,89149.18,89123.91,89127,3.05624274,89158.1,89158.1,89129.2,89129.2,77523.98075370,89215.1,89215.1,89207.4,89207.4,0.02502114
2025-12-07 12:01,89138.53,89143.06,89127.3,89127.3,0.52383084,89127.00000000,89127.01000000,89111.40000000,89111.41000000,1.93973000,89209.0,89209.0,89165.0,89165.0,0.03014765,89127,89127.01,89111.23,89111.23,0.8297333,89129.1,89129.2,89123.3,89123.3,54013.31833330,89207.4,89207.4,89188.5,89188.5,0.015296859999999999
2025-12-07 12:02,89127.89,89154.48,89127.89,89154.4,0.37216604,89111.41000000,89144.44000000,89111.40000000,89138.00000000,4.86900000,89175.0,89175.0,89175.0,89175.0,0.01124,89111.23,89144.44,89111.23,89137.99,3.92496636,89122.1,89138.9,89122,89138.8,121783.17161920,89188.5,89188.6,89188.5,89188.6,0.00524683
2025-12-07 12:03,89154.39,89173.3,89146.01,89173.3,0.3733107,89138.01000000,89143.13000000,89133.07000000,89143.13000000,0.78433000,,,,,,89137.99,89143.16,89133.07,89143.12,0.572185,89138.9,89138.9,89136,89137.5,69798.84995500,89188.6,89188.6,89188.6,89188.6,0.00867987
2025-12-07 12:04,89162.02,89178.86,89154.01,89178.86,0.12181798,89143.12000000,89165.02000000,89133.09000000,89165.02000000,1.84050000,89196.0,89216.0,89196.0,89216.0,0.01212,89143.12,89159.96,89133.08,89159.96,1.191337,89137.5,89156.9,89137.4,89156.9,100387.49175820,89188.6,89188.6,89188.6,89188.6,0.01439273
2025-12-07 12:05,89178.86,89181.24,89152.94,89153.58,0.59052861,89165.02000000,89165.02000000,89139.93000000,89146.16000000,1.76056000,,,,,,89159.96,89165.02,89139.93,89146.16,1.26583264,89156.9,89158.3,89141.8,89143.8,243547.69796330,89188.5,89188.5,89175.6,89175.7,0.06849269000000001
2025-12-07 12:06,89160.02,89230.35,89160.02,89225.56,1.11547653,89146.17000000,89210.00000000,89146.16000000,89209.93000000,41.39095000,89204.0,89222.0,89204.0,89222.0,0.00387498,89146.16,89210.02,89146.16,89208.35,28.80968731,89143.9,89205.9,89143.9,89205.9,248269.21338420,89175.7,89175.7,89175.6,89175.6,0.01209098
2025-12-07 12:07,89213.53,89256.18,89198.14,89215.2,1.32142556,89209.65000000,89228.71000000,89187.79000000,89200.32000000,6.15082000,89246.0,89261.0,89246.0,89261.0,0.00330157,89208.35,89228.71,89187.79,89215.8,4.1501026,89205.8,89226.6,89194.5,89212.3,230587.94728490,89175.7,89184.0,89175.6,89184.0,0.23730082
2025-12-07 12:08,89218.08,89260.76,89218.0,89228.04,1.88256969,89200.32000000,89232.70000000,89200.32000000,89219.10000000,6.08721000,,,,,,89215.8,89232.7,89209.18,89209.2,4.5330009,89206.8,89232.1,89206.7,89215.8,219966.92552240,89184.0,89217.6,89184.0,89217.6,5.64603443
2025-12-07 12:09,89230.8,89260.47,89215.98,89222.51,0.29241036,89219.11000000,89234.68000000,89204.41000000,89210.72000000,2.91440000,89269.0,89270.0,89269.0,89270.0,0.00172,89209.2,89234.7,89204.41,89210.73,2.12660224,89215.9,89232.6,89209.1,89209.1,226120.24726370,89218.1,89218.1,89213.9,89218.1,18.11754175
2025-12-07 12:10,89222.37,89245.22,89222.37,89242.54,0.25724485,89210.73000000,89229.33000000,89210.72000000,89229.33000000,0.62966000,,,,,,89210.73,89229.36,89210.72,89229.32,0.43013132,89209.1,89222.2,89209.1,89222.2,361401.85681770,89218.1,89218.1,89218.0,89218.1,0.02166395
2025-12-07 12:11,89242.54,89250.0,89228.6,89246.01,0.15512897,89229.33000000,89231.00000000,89223.53000000,89231.00000000,0.58634000,,,,,,89229.32,89231.08,89220.4,89230.99,0.41121457,89222.1,89222.2,89222.1,89222.2,267450.49924660,89218.1,89218.1,89218.0,89218.1,0.02825992
2025-12-07 12:12,89245.84,89324.06,89245.83,89323.82,1.15834298,89231.00000000,89302.00000000,89231.00000000,89301.99000000,3.14623000,89270.0,89330.0,89270.0,89330.0,0.01179849,89230.99,89302.02,89230.99,89302,1.40298795,89223,89299.7,89223,89299.7,535582.68063250,89218.1,89273.1,89218.0,89273.0,0.28703511
2025-12-07 12:13,89324.06,89347.87,89308.67,89308.67,0.48727121,89302.00000000,89325.30000000,89301.99000000,89306.02000000,4.07198000,89340.0,89365.0,89340.0,89365.0,0.15125458,89302,89325.31,89301.99,89306.02,3.6660085,89300.5,89320.9,89300.5,89303.3,465495.43082520,89273.1,89273.1,89273.1,89273.1,0.02619238
2025-12-07 12:14,89311.46,89319.83,89290.87,89302.01,0.36231435,89306.01000000,89306.02000000,89285.28000000,89285.28000000,1.20251000,89350.0,89350.0,89346.0,89346.0,0.00133758,89306.02,89306.02,89285.26,89285.29,0.83141868,89303.4,89303.4,89281,89281.1,379313.11864970,89273.1,89273.1,89273.1,89273.1,0.00195158
2025-12-07 12:15,89302.02,89353.12,89302.02,89343.76,0.31000541,89285.29000000,89333.24000000,89285.28000000,89333.23000000,6.35682000,89357.0,89388.0,89357.0,89388.0,0.00102673,89285.29,89333.24,89285.29,89333.23,4.25534882,89281.1,89326.1,89281.1,89326.1,310157.47745290,89273.1,89273.1,89273.1,89273.1,0.012662650000000001
2025-12-07 12:16,89343.76,89364.3,89322.01,89364.3,0.23221942,89333.23000000,89341.71000000,89318.71000000,89341.70000000,2.31234000,89366.0,89366.0,89366.0,89366.0,0.00024,89333.23,89341.74,89318.69,89341.7,1.61055171,89326,89335.4,89315.8,89335.4,313066.25410040,89273.1,89279.9,89273.1,89279.9,0.10688989
2025-12-07 12:17,89360.01,89372.19,89319.79,89328.24,0.61948568,89341.71000000,89343.44000000,89314.92000000,89314.93000000,1.36770000,,,,,,89341.7,89343.53,89314.92,89314.93,0.96604914,89335.9,89341.3,89316.8,89316.8,286647.17653040,89282.6,89287.5,89282.6,89287.5,0.04349593
2025-12-07 12:18,89328.24,89328.24,89280.0,89302.81,0.70556451,89314.92000000,89314.93000000,89270.00000000,89290.23000000,2.78751000,89364.0,89364.0,89364.0,89364.0,0.005785,89314.93,89314.93,89270,89290.23,1.95285559,89316.8,89316.8,89274.4,89280.5,256075.55790510,89287.4,89289.9,89287.4,89289.9,0.02947556
2025-12-07 12:19,89302.79,89302.79,89227.87,89248.01,0.81479589,89290.22000000,89290.22000000,89220.02000000,89233.18000000,5.00508000,89305.0,89305.0,89285.0,89286.0,0.03057,89290.23,89290.23,89219.98,89220.01,3.46091252,89280.6,89280.6,89220.7,89226,303574.04987500,89289.8,89289.9,89289.8,89289.9,0.00506097
2025-12-07 12:20,89250.16,89277.81,89246.03,89262.0,0.39451665,89233.19000000,89255.23000000,89233.19000000,89240.30000000,0.58553000,89287.0,89309.0,89287.0,89309.0,0.005,89220.01,89255.24,89220.01,89240.3,0.33344364,89229.1,89247.6,89229,89238.8,86587.96445000,89289.9,89289.9,89289.8,89289.9,0.02054754
2025-12-07 12:21,89256.01,89277.43,89252.0,89256.25,0.10475893,89240.30000000,89263.28000000,89238.30000000,89238.31000000,1.95168000,,,,,,89240.3,89263.28,89237.79,89238.3,1.09905174,89238.8,89258.6,89238.8,89248.4,66018.85307540,89289.9,89289.9,89289.8,89289.8,0.01808581
2025-12-07 12:22,89256.24,89278.56,89254.0,89277.7,0.08672467,89238.30000000,89257.46000000,89238.30000000,89257.00000000,1.09640000,,,,,,89238.3,89257.46,89238.3,89257,1.00732232,89243.1,89257.8,89243.1,89257.8,51485.47947050,89289.9,89289.9,89289.9,89289.9,0.00274272
2025-12-07 12:23,89277.42,89282.0,89251.04,89251.04,0.3366876,89256.99000000,89262.94000000,89240.17000000,89240.18000000,1.56532000,89318.0,89318.0,89310.0,89310.0,0.00117417,89257,89262.94,89240.17,89240.17,0.60203335,89257.8,89257.8,89239.2,89239.2,97638.65700320,89289.9,89289.9,89289.9,89289.9,0.00411116
2025-12-07 12:24,89247.84,89251.07,89231.63,89245.99,0.57176564,89240.17000000,89240.18000000,89222.15000000,89232.10000000,1.20367000,89308.0,89308.0,89273.0,89273.0,0.0003895,89240.17,89240.17,89222.14,89232.11,1.36540496,89239.2,89239.2,89226,89226,76374.19497810,89289.8,89289.9,89289.8,89289.9,0.00321528
2025-12-07 12:25,89241.99,89259.93,89225.98,89225.99,0.59304925,89232.10000000,89232.10000000,89220.00000000,89220.00000000,0.43613000,,,,,,89232.11,89232.11,89220.01,89220.01,0.24352903,89226.1,89226.1,89215.9,89215.9,131122.81508300,89289.9,89289.9,89289.8,89289.9,0.01377259
2025-12-07 12:26,89225.98,89282.0,89221.15,89265.99,2.6575451,89220.01000000,89257.89000000,89208.77000000,89254.76000000,8.25282000,,,,,,89220.01,89257.9,89208.74,89254.76,5.79522334,89215.9,89257.8,89215.9,89255.1,397857.37148070,89289.8,89289.8,89273.0,89273.0,0.41809047
2025-12-07 12:27,89263.99,89277.97,89254.0,89258.0,0.77111052,89254.76000000,89255.46000000,89240.14000000,89240.14000000,3.90995000,,,,,,89254.76,89255.46,89235.83,89240.14,2.73571425,89255.1,89255.1,89247.5,89247.5,172755.26611810,89273.0,89273.1,89273.0,89273.1,0.00606268
2025-12-07 12:28,89255.07,89260.0,89238.0,89243.76,0.12494946,89240.15000000,89240.15000000,89230.15000000,89230.16000000,1.38004000,89300.0,89300.0,89300.0,89300.0,0.005,89240.14,89240.15,89230.12,89230.16,0.95885119,89247.5,89247.6,89233.7,89233.8,144547.81194930,89273.1,89273.1,89273.1,89273.1,0.00204213
2025-12-07 12:29,89243.76,89286.44,89243.76,89285.81,0.17387964,89230.15000000,89268.37000000,89230.15000000,89268.36000000,3.79497000,,,,,,89230.16,89269.15,89230.15,89268.37,2.70735355,89233.7,89266.9,89233.7,89266.9,183006.22483290,89273.1,89273.1,89273.0,89273.0,0.006221270000000001
2025-12-07 12:30,89285.81,89318.0,89285.76,89300.6,0.74534171,89268.37000000,89296.01000000,89268.36000000,89286.36000000,1.61299000,89300.0,89340.0,89300.0,89340.0,0.39730232000000004,89268.37,89296.12,89268.37,89286.36,2.01018241,89266.8,89296.6,89266.8,89281.8,234966.46496540,89273.1,89273.1,89273.0,89273.1,0.0238777
2025-12-07 12:31,89300.58,89320.57,89300.35,89320.57,0.07076541,89286.35000000,89301.99000000,89286.35000000,89301.98000000,1.18506000,,,,,,89286.36,89300.46,89286.35,89300.46,0.68849286,89281.8,89289.1,89281.8,89289.1,191710.10752600,89273.1,89273.1,89273.0,89273.0,0.01547812
2025-12-07 12:32,89321.1,89321.1,89281.69,89284.4,0.84222977,89301.99000000,89301.99000000,89272.03000000,89272.04000000,1.56975000,,,,,,89300.46,89302.03,89272.03,89272.03,1.34156336,89291.3,89293.3,89273.4,89273.5,164900.32787240,89273.1,89273.1,89273.0,89273.1,0.060917250000000006
2025-12-07 12:33,89285.53,89316.15,89271.99,89316.15,0.26173467,89272.03000000,89298.75000000,89261.40000000,89298.75000000,1.38738000,,,,,,89272.03,89293.83,89261.38,89293.83,0.80279135,89273.4,89286.8,89265.6,89286.8,196350.77306780,89273.1,89273.1,89273.1,89273.1,0.00053184
2025-12-07 12:34,89316.0,89317.99,89278.01,89290.08,0.37656441,89298.76000000,89298.76000000,89274.12000000,89274.13000000,0.87430000,,,,,,89293.83,89298.8,89274.11,89274.12,0.67602985,89286.8,89289.1,89276.1,89276.2,164689.70080820,89273.1,89273.1,89273.0,89273.1,0.0020957799999999998
2025-12-07 12:35,89290.08,89290.09,89278.01,89282.01,0.20608397,89274.12000000,89279.02000000,89274.12000000,89274.13000000,1.16921000,89331.0,89331.0,89322.0,89322.0,0.00681,89274.12,89279.06,89274.12,89274.14,0.82732061,89276.1,89276.1,89271.6,89271.6,129497.46249960,89273.0,89273.1,89273.0,89273.0,0.00281841
2025-12-07 12:36,89282.01,89287.57,89279.59,89284.02,0.16004573,89274.14000000,89274.14000000,89274.13000000,89274.14000000,0.37295000,,,,,,89274.14,89274.14,89274.13,89274.14,0.26442478,89271.6,89271.7,89271.6,89271.7,132446.73142450,89273.1,89273.1,89273.0,89273.0,0.41351468
2025-12-07 12:37,89285.96,89312.77,89285.93,89285.93,0.44424717,89274.14000000,89299.98000000,89274.13000000,89280.66000000,2.09754000,,,,,,89274.14,89299.98,89274.13,89280.66,1.12134595,89271.7,89288.1,89271.7,89281.4,190014.99384210,89273.1,89273.1,89273.1,89273.1,0.020894609999999997
2025-12-07 12:38,89285.92,89304.06,89284.3,89292.0,0.56563263,89280.67000000,89280.67000000,89280.66000000,89280.67000000,0.55266000,,,,,,89280.66,89280.67,89280.66,89280.66,0.73788687,89281.4,89281.5,89281.4,89281.5,96932.23056150,89273.1,89273.1,89273.0,89273.1,0.00722198
2025-12-07 12:39,89293.99,89308.02,89286.01,89308.02,0.11418851,89280.67000000,89293.68000000,89280.66000000,89293.67000000,0.70053000,,,,,,89280.66,89293.69,89280.66,89293.68,0.27068496,89281.4,89286,89279.3,89285.9,157107.14972430,89273.1,89273.1,89273.0,89273.1,0.06406041999999999
2025-12-07 12:40,89308.01,89315.59,89281.69,89292.02,0.77493635,89293.68000000,89300.00000000,89280.67000000,89280.68000000,1.89523000,,,,,,89293.68,89300.03,89280.67,89280.68,1.48327861,89285.9,89294.5,89270.5,89270.5,83624.79993700,89273.1,89273.1,89273.0,89273.1,0.0036368299999999998
2025-12-07 12:41,89292.02,89297.9,89279.54,89291.84,0.456458,89280.67000000,89280.68000000,89280.67000000,89280.67000000,0.53807000,,,,,,89280.68,89280.68,89280.67,89280.68,0.46793,89270.6,89270.6,89270.5,89270.6,49123.45555650,89273.1,89273.1,89273.0,89273.0,0.01445591
2025-12-07 12:42,89293.49,89317.44,89289.09,89317.44,0.19561546,89280.67000000,89301.23000000,89280.67000000,89301.23000000,3.15370000,,,,,,89280.68,89298.15,89280.67,89298.12,1.1620486,89270.6,89296.9,89270.5,89296.9,108531.46843120,89273.1,89273.1,89273.0,89273.1,0.024994729999999996
2025-12-07 12:43,89317.44,89335.99,89310.31,89321.19,0.26047182,89301.23000000,89319.72000000,89301.23000000,89302.35000000,1.37617000,,,,,,89298.12,89319.72,89298.12,89302.35,1.99943315,89307,89313.2,89299.8,89299.9,67658.94862730,89273.1,89273.1,89273.1,89273.1,0.0029158400000000003
2025-12-07 12:44,89325.56,89341.0,89320.48,89340.03,0.32389503,89302.36000000,89325.20000000,89302.36000000,89325.19000000,2.67499000,89367.0,89367.0,89367.0,89367.0,0.00017,89302.35,89325.22,89302.35,89325.2,1.71413017,89299.9,89319.1,89299.9,89319.1,84976.76050710,89273.1,89273.1,89273.0,89273.1,0.01889703
2025-12-07 12:45,89341.0,89461.27,89336.05,89461.27,5.56255318,89325.19000000,89436.35000000,89325.19000000,89436.35000000,18.12601000,89370.0,89469.0,89370.0,89469.0,0.00833804,89325.2,89445.27,89325.2,89435.98,12.71208796,89319.1,89433.3,89319.1,89433.3,292316.99432110,89273.1,89446.2,89273.1,89444.5,3.60284048
2025-12-07 12:46,89463.39,89533.57,89462.02,89530.02,8.19851963,89436.36000000,89525.24000000,89436.36000000,89511.51000000,21.22709000,89467.0,89531.0,89467.0,89531.0,0.00628965,89435.98,89525.25,89435.98,89476,12.1839222,89436.9,89517.5,89436.9,89497.3,288291.07664520,89444.6,89458.9,89444.6,89458.9,0.01335606
2025-12-07 12:47,89528.01,89592.41,89526.01,89541.12,2.04061792,89511.51000000,89585.12000000,89511.51000000,89534.60000000,14.28296000,89560.0,89570.0,89560.0,89570.0,0.00440724,89476,89579.65,89476,89534.61,12.99211949,89507.3,89583.8,89507.3,89535.1,313844.02088960,89458.9,89535.4,89458.9,89535.4,1.45441216
2025-12-07 12:48,89541.12,89596.0,89538.01,89584.0,0.63345461,89534.61000000,89578.97000000,89534.60000000,89576.24000000,4.57924000,89576.0,89592.0,89576.0,89592.0,0.011980649999999999,89534.61,89579,89534.6,89576.25,3.19085315,89535.2,89571.3,89535.1,89571.3,143336.48314580,89535.5,89535.5,89535.4,89535.5,0.0009356200000000001
2025-12-07 12:49,89592.78,89601.26,89500.01,89532.09,3.33299892,89576.24000000,89584.08000000,89508.73000000,89526.47000000,9.00418000,89619.0,89633.0,89599.0,89599.0,0.00511799,89576.25,89584.08,89508.63,89526.48,5.8358279,89571.3,89580.3,89504.1,89520.6,242229.81388120,89535.4,89535.5,89535.4,89535.4,0.00197708
2025-12-07 12:50,89533.97,89533.97,89506.41,89518.08,0.28536988,89526.48000000,89526.48000000,89506.00000000,89513.04000000,1.95400000,,,,,,89526.48,89526.48,89505.99,89506.01,1.34138987,89520.6,89520.7,89502,89502.1,614199.01125890,89535.4,89535.4,89507.1,89507.1,2.9389075599999996
2025-12-07 12:51,89518.08,89531.13,89472.0,89473.48,4.49639,89513.05000000,89513.05000000,89463.55000000,89467.17000000,6.05756000,89577.0,89577.0,89541.0,89541.0,0.0025,89506.01,89513.05,89463.46,89467.26,4.27191897,89502.1,89506.5,89466.4,89466.4,511484.07215320,89507.2,89507.2,89499.9,89499.9,0.01070286
2025-12-07 12:52,89473.59,89493.67,89464.01,89493.67,0.22108624,89467.17000000,89485.53000000,89462.55000000,89485.53000000,1.46824000,89541.0,89541.0,89541.0,89541.0,0.00039367,89467.26,89486.01,89462.53,89486.01,0.76232617,89466.4,89475.1,89461.9,89475.1,526577.35325710,89500.0,89500.0,89499.9,89500.0,0.09262416
2025-12-07 12:53,89493.68,89515.51,89481.57,89481.58,0.16706885,89485.53000000,89497.15000000,89465.28000000,89476.52000000,2.05634000,,,,,,89486.01,89497.17,89465.28,89476.51,1.41471403,89475.1,89487.8,89475.1,89475.2,621142.85660860,89499.9,89500.0,89479.4,89479.5,0.013365450000000001
2025-12-07 12:54,89494.23,89498.49,89471.11,89489.44,1.68760468,89476.52000000,89488.20000000,89465.29000000,89488.20000000,8.58505000,,,,,,89476.51,89485.54,89465.28,89485.54,0.71669563,89475.1,89484.9,89465.8,89484.9,554244.43820420,89479.5,89479.5,89479.4,89479.5,0.02444234
2025-12-07 12:55,89493.67,89505.99,89468.23,89468.23,0.60395785,89488.20000000,89488.20000000,89459.55000000,89459.56000000,4.82956000,,,,,,89485.54,89488.2,89459.51,89459.55,9.0325949,89484.9,89484.9,89460.5,89460.5,344991.09508900,89479.4,89479.5,89479.4,89479.4,0.00192056
2025-12-07 12:56,89468.22,89478.45,89455.53,89478.45,0.50312924,89459.55000000,89459.56000000,89450.00000000,89458.65000000,5.40776000,89531.0,89531.0,89531.0,89531.0,0.00011805,89459.55,89459.56,89450,89458.64,3.79227096,89460.6,89460.6,89448.9,89451.9,335461.69796230,89479.5,89479.5,89479.4,89479.5,0.02059055
2025-12-07 12:57,89476.01,89486.95,89453.92,89454.1,0.90799695,89458.65000000,89458.65000000,89448.62000000,89448.63000000,1.44505000,,,,,,89458.64,89458.65,89448.59,89448.62,1.01129437,89451.9,89451.9,89451.8,89451.8,377534.31123800,89479.5,89479.5,89479.4,89479.5,0.048792630000000003
2025-12-07 12:58,89456.02,89484.28,89456.02,89477.2,0.52145588,89448.63000000,89457.72000000,89448.62000000,89457.71000000,1.43051000,,,,,,89448.62,89458.99,89448.62,89457.72,1.0921342,89451.9,89451.9,89451.8,89451.9,241346.53221700,89479.4,89479.5,89479.4,89479.5,0.02181822
2025-12-07 12:59,89477.2,89495.89,89470.08,89490.03,0.52348265,89457.72000000,89475.90000000,89457.72000000,89475.90000000,0.74111000,,,,,,89457.72,89475.9,89457.72,89475.89,0.44234441,89451.9,89468.7,89451.9,89468.6,266699.12179840,89479.5,89479.5,89479.5,89479.5,0.00324916
2025-12-07 13:00,89490.04,89505.3,89472.88,89483.97,1.68296803,89475.90000000,89489.88000000,89475.84000000,89475.84000000,1.48754000,,,,,,89475.89,89489.92,89475.83,89475.85,0.97581607,89468.7,89484,89468.7,89475.2,140982.57701890,89479.5,89479.5,89479.4,89479.4,0.02473365
2025-12-07 13:01,89483.98,89512.2,89483.98,89495.01,1.9584115,89475.84000000,89497.95000000,89475.84000000,89489.52000000,1.73985000,89554.0,89554.0,89537.0,89537.0,0.0052,89475.85,89497.95,89475.84,89497.86,1.28141945,89475.1,89490,89475.1,89485.4,252190.40966000,89479.5,89479.5,89479.4,89479.5,0.00717768
2025-12-07 13:02,89502.79,89536.0,89500.54,89530.92,1.28719883,89489.51000000,89519.10000000,89489.51000000,89519.09000000,1.99867000,,,,,,89497.86,89519.7,89489.52,89519.1,1.34551005,89483.9,89509.5,89483.8,89509.4,135377.75758690,89479.5,89479.5,89479.4,89479.5,0.00984537
2025-12-07 13:03,89532.0,89534.0,89479.12,89485.99,1.51877242,89519.10000000,89519.10000000,89475.00000000,89475.00000000,2.35836000,89551.0,89552.0,89530.0,89537.0,0.06940998,89519.1,89519.1,89474.96,89475,1.61005758,89509.9,89509.9,89468.6,89468.7,184367.48494320,89479.4,89479.5,89479.4,89479.4,0.01692744
2025-12-07 13:04,89485.99,89488.0,89433.56,89433.56,0.61315082,89475.01000000,89475.01000000,89423.79000000,89423.79000000,5.42308000,89530.0,89530.0,89500.0,89500.0,0.5149377900000001,89475,89475.01,89423.79,89423.8,3.83654249,89468.7,89468.7,89419.6,89419.8,212070.52872700,89479.5,89479.5,89479.4,89479.5,1.14153188
2025-12-07 13:05,89434.71,89434.71,89400.41,89410.17,0.34751318,89423.79000000,89423.80000000,89392.00000000,89393.15000000,3.37070000,89501.0,89501.0,89481.0,89481.0,0.01116323,89423.8,89423.8,89392,89393.15,2.15588798,89419.9,89419.9,89395.5,89395.5,282866.85318370,89479.5,89479.5,89460.1,89460.1,0.6601972
2025-12-07 13:06,89410.17,89479.42,89410.17,89468.95,7.44333467,89393.15000000,89472.00000000,89393.15000000,89456.13000000,10.12775000,89483.0,89501.0,89481.0,89501.0,0.04733151,89393.15,89471.99,89393.14,89456.12,7.37345067,89395.5,89462,89395.5,89461,490234.83539500,89460.1,89460.1,89460.0,89460.0,0.026657180000000003
2025-12-07 13:07,89468.95,89468.95,89447.05,89447.05,1.2786209,89456.13000000,89456.13000000,89426.42000000,89426.43000000,1.55622000,89511.0,89511.0,89511.0,89511.0,0.00335154,89456.12,89456.13,89426.42,89426.42,1.38202493,89461,89461.1,89431,89431.1,319361.54197960,89460.1,89460.1,89460.0,89460.1,0.04612058
2025-12-07 13:08,89447.04,89447.16,89438.57,89444.0,0.15663556,89426.43000000,89426.43000000,89426.42000000,89426.42000000,0.44298000,,,,,,89426.42,89426.43,89426.42,89426.43,0.32302201,89431,89431.1,89431,89431,195353.52842750,89460.1,89460.1,89460.0,89460.1,0.0020276499999999998
2025-12-07 13:09,89445.97,89473.55,89445.18,89448.01,0.29142043,89426.43000000,89454.44000000,89426.42000000,89432.08000000,1.77409000,,,,,,89426.43,89441.86,89426.43,89432.08,1.23663337,89431.1,89452.4,89430.4,89430.4,209043.49249510,89460.1,89460.1,89460.0,89460.0,0.01789665
2025-12-07 13:10,89448.02,89465.82,89353.77,89353.77,3.37389853,89432.07000000,89449.51000000,89338.15000000,89338.16000000,8.05303000,89491.0,89491.0,89440.0,89440.0,0.0026355,89432.08,89449.51,89338.11,89338.12,3.35228464,89430.4,89443.6,89341.3,89341.3,456261.47418830,89460.1,89460.1,89419.3,89419.3,0.27511397
2025-12-07 13:11,89353.77,89369.34,89311.37,89320.0,2.03215085,89338.15000000,89348.86000000,89294.54000000,89307.62000000,5.25948000,89430.0,89430.0,89390.0,89390.0,0.00260496,89338.12,89348.86,89300,89307.61,5.95082252,89341.3,89341.4,89296,89309.6,512336.47398440,89401.4,89401.4,89350.0,89350.1,0.03999674
2025-12-07 13:12,89324.3,89368.88,89322.63,89336.17,1.57467514,89307.61000000,89324.91000000,89307.61000000,89324.90000000,1.21963000,,,,,,89307.61,89327.49,89307.61,89324.9,0.86215374,89309.6,89321,89309.6,89320,341001.53695390,89350.1,89350.1,89347.0,89347.1,0.0064069700000000005
2025-12-07 13:13,89335.68,89374.32,89328.33,89374.3,0.18565405,89324.90000000,89349.89000000,89324.90000000,89349.88000000,1.12988000,89371.0,89371.0,89371.0,89371.0,0.00011778,89324.9,89349.89,89324.9,89349.88,0.74376636,89319.9,89348.6,89319.9,89348.6,334460.99669420,89347.0,89347.1,89347.0,89347.0,0.01615416
2025-12-07 13:14,89374.3,89378.39,89339.6,89339.86,0.55682947,89349.88000000,89352.41000000,89323.23000000,89323.24000000,1.40102000,,,,,,89349.88,89355.29,89333.86,89333.86,0.95141135,89348.6,89353.2,89331.5,89331.5,245765.22811990,89347.1,89347.1,89347.0,89347.0,0.00517483
2025-12-07 13:15,89339.84,89377.08,89339.83,89353.16,0.88279546,89323.23000000,89352.41000000,89323.23000000,89337.42000000,1.77621000,,,,,,89333.86,89352.46,89333.86,89337.42,1.23822853,89331.6,89348,89331.5,89340.1,446552.23521300,89347.1,89347.1,89347.0,89347.1,0.03689092
2025-12-07 13:16,89353.17,89373.62,89315.61,89328.32,0.63275431,89337.42000000,89350.96000000,89307.65000000,89314.24000000,1.27359000,89399.0,89399.0,89399.0,89399.0,0.00063544,89337.42,89350.98,89307.65,89314.24,0.89438144,89340,89347,89306.7,89307.6,595146.21005000,89347.1,89347.1,89347.0,89347.0,0.02107409
2025-12-07 13:17,89326.01,89374.28,89326.01,89363.64,0.30347027,89314.24000000,89353.99000000,89314.24000000,89353.99000000,1.34995000,89399.0,89399.0,89399.0,89399.0,0.00303,89314.24,89354.04,89314.24,89353.99,0.92349877,89307.5,89352.6,89307.5,89352.6,554445.11200550,89347.1,89347.1,89347.0,89347.1,0.0145021
2025-12-07 13:18,89364.2,89377.93,89345.29,89354.03,1.04453303,89353.99000000,89353.99000000,89337.63000000,89344.07000000,1.99863000,,,,,,89353.99,89353.99,89335.51,89344.07,1.41934461,89352.5,89352.6,89331.9,89334.5,505788.33201160,89347.1,89347.1,89347.1,89347.1,0.00110693
2025-12-07 13:19,89349.53,89357.99,89341.92,89357.99,0.25439173,89344.07000000,89344.07000000,89334.00000000,89334.00000000,1.03473000,,,,,,89344.07,89344.07,89333.97,89334,0.67957299,89334.4,89334.5,89333,89333.1,286378.47166180,89347.1,89347.1,89347.1,89347.1,0.00803786
2025-12-07 13:20,89357.98,89371.86,89300.0,89300.01,3.47051242,89334.01000000,89351.16000000,89286.93000000,89297.98000000,6.62740000,89400.0,89402.0,89381.0,89381.0,0.07323274,89334,89351.2,89297.98,89297.99,4.47499433,89333.1,89346.4,89263.9,89293.7,415475.86105150,89347.1,89347.1,89347.1,89347.1,1.9252449399999998
2025-12-07 13:21,89300.02,89305.98,89157.42,89157.42,6.13639155,89297.99000000,89297.99000000,89144.00000000,89144.01000000,24.24093000,89370.0,89370.0,89240.0,89240.0,0.01508167,89297.99,89297.99,89157.03,89157.03,12.27278018,89293.8,89293.8,89143.9,89144.4,346422.02031540,89347.1,89347.1,89197.4,89197.5,1.76619016
2025-12-07 13:22,89155.7,89155.7,88621.07,88761.43,52.49937051,89144.00000000,89144.00000000,88652.00000000,88758.58000000,159.25060000,89230.0,89230.0,88715.0,88781.0,31.22518569,89157.03,89157.03,88667.71,88705.83,19.06297914,89144.3,89144.3,88687.4,88767.3,1620465.49492090,89197.4,89197.4,88695.0,88747.9,16.64166865
2025-12-07 13:23,88768.64,89053.32,88768.64,89051.98,18.63134036,88758.93000000,89035.99000000,88758.93000000,89035.99000000,50.04282000,88869.0,89076.0,88869.0,89076.0,0.601788,88705.83,89019.4,88705.83,88955.61,30.38364619,88767.4,89033.6,88765.2,89033.6,1106691.96170350,88747.9,89031.2,88747.9,88966.6,6.04761233
2025-12-07 13:24,89053.32,89062.06,88888.63,88928.0,2.55989318,89036.00000000,89047.55000000,88886.00000000,88917.91000000,24.71332000,89010.0,89010.0,88949.0,88951.0,0.03035496,88955.61,89031.64,88900,88923.49,7.00244613,89033.9,89041.9,88887.4,88925.3,530258.96180050,89000.1,89000.1,88917.6,88917.6,11.79721175
2025-12-07 13:25,88930.0,89031.51,88928.0,88965.11,1.46790534,88917.91000000,89022.81000000,88917.90000000,88952.00000000,4.67398000,88992.0,89028.0,88992.0,89028.0,0.0008536,88923.49,89022.86,88916.48,88936.29,13.5154891,88925.2,89014.9,88912.7,88953,2900764.57916070,88908.3,88966.5,88908.3,88966.4,0.29257196
2025-12-07 13:26,88965.11,89054.0,88954.0,89033.15,6.26440446,88952.00000000,89037.78000000,88936.64000000,89021.21000000,9.54497000,,,,,,88936.29,89027.53,88936.29,89017.03,3.84667409,88953,89028,88942,89026,3004456.06323820,88966.5,88993.5,88966.5,88993.5,0.16823655999999998
2025-12-07 13:27,89033.44,89049.99,88980.86,88989.39,1.1659263,89021.20000000,89032.78000000,88974.81000000,88974.81000000,5.73408000,,,,,,89017.03,89024.44,88974.8,88974.81,7.51216254,89026.1,89026.1,88965.8,88972,2999062.26108630,88993.5,88993.6,88993.5,88993.5,0.14472074999999998
2025-12-07 13:28,88992.0,89006.08,88972.66,88977.75,1.32211685,88974.82000000,88985.21000000,88964.28000000,88964.28000000,2.20978000,,,,,,88974.81,88986.97,88964.27,88964.28,2.46603106,88972,88983.8,88965.1,88965.1,2911190.26604240,88993.6,88993.6,88993.5,88993.6,0.029953749999999998
2025-12-07 13:29,88977.76,88978.58,88933.55,88933.55,5.94801831,88964.29000000,88964.29000000,88922.64000000,88926.37000000,14.87193000,89032.0,89032.0,89008.0,89008.0,1.124,88964.28,88964.29,88922.84,88926.38,10.78405144,88965.1,88965.2,88931,88931,2856852.88534880,88993.6,88993.6,88993.6,88993.6,0.01554346
2025-12-07 13:30,88933.99,89001.62,88928.77,88943.77,2.2823822,88926.38000000,88977.40000000,88919.02000000,88933.33000000,16.46217000,89008.0,89008.0,89008.0,89008.0,0.001,88926.38,88978.13,88924.49,88926.78,2.24005114,88931.1,88979,88931,88936,1015552.45136770,88993.6,88993.6,88993.5,88993.6,0.00626623
2025-12-07 13:31,88942.48,89014.03,88917.99,89009.22,1.89055597,88933.33000000,88993.19000000,88916.00000000,88992.89000000,4.73686000,89007.0,89049.0,88970.0,89049.0,0.00954686,88926.78,88993.36,88913.81,88992.89,11.23288156,88936,88997,88916.6,88996.9,840807.78521200,88993.5,88993.5,88980.1,88980.2,0.09288204
2025-12-07 13:32,89006.0,89050.0,89003.71,89019.26,1.4090765,88992.88000000,89034.00000000,88992.88000000,89011.62000000,3.77023000,89049.0,89049.0,89049.0,89049.0,3.25623342,88992.89,89034,88992.88,89011.61,2.35821093,88996.9,89035.5,88996.9,89013.2,865198.91889840,88980.2,88980.2,88980.1,88980.1,0.08367466000000001
2025-12-07 13:33,89018.8,89052.37,88989.13,89031.48,3.00428616,89011.61000000,89028.05000000,88981.76000000,89014.26000000,5.62134000,89049.0,89049.0,89049.0,89049.0,0.10031000000000001,89011.61,89019.62,88982.55,89014.27,4.19227337,89013.2,89027,88983.1,89015.6,1006588.07110160,88980.2,88980.2,88980.1,88980.2,0.13895958
2025-12-07 13:34,89031.52,89073.83,89009.18,89009.18,1.30759139,89014.27000000,89055.59000000,89001.67000000,89001.67000000,3.47019000,89049.0,89067.0,89049.0,89067.0,1.6518733700000001,89014.27,89044.63,89001.66,89001.66,1.86974585,89016,89055.8,89011,89011,739818.19746860,88980.2,88989.7,88980.2,88989.7,0.06995413
2025-12-07 13:35,89011.95,89023.8,88983.83,88987.25,1.34227379,89001.66000000,89013.21000000,88975.20000000,88975.21000000,3.82110000,,,,,,89001.66,89014.06,88975.18,88975.2,2.76857681,89011.1,89011.1,88979.1,88979.1,660650.98580630,88989.7,88989.7,88989.6,88989.6,0.35160302
2025-12-07 13:36,88986.02,89014.58,88972.17,89009.98,2.6066629,88975.21000000,88992.91000000,88960.71000000,88992.90000000,4.44361000,89048.0,89048.0,89023.0,89023.0,0.01111842,88975.2,88985.61,88960.68,88978.59,3.03229608,88979.2,88993.7,88964.1,88993.7,570464.22212950,88989.7,88989.7,88989.6,88989.7,0.00260375
2025-12-07 13:37,89009.23,89019.99,88962.0,89019.98,1.14160695,88992.91000000,89000.00000000,88951.58000000,89000.00000000,3.38308000,89026.0,89026.0,89008.0,89008.0,0.00811674,88978.59,89000,88951.58,89000,2.50315574,88993.6,88993.6,88955.5,88991.4,735491.80837850,88989.7,88989.7,88989.6,88989.7,0.002687
2025-12-07 13:38,89019.89,89019.89,88925.19,88925.19,1.72499164,88999.99000000,89000.00000000,88918.00000000,88918.00000000,5.91569000,89009.0,89009.0,89008.0,89008.0,0.00466371,89000,89000,88927.43,88927.43,1.37551712,88991.4,88991.9,88920.1,88920.1,682653.90062020,88989.6,88989.7,88986.3,88986.3,0.20903347
2025-12-07 13:39,88922.57,88950.95,88887.37,88944.0,2.25406087,88918.00000000,88929.18000000,88870.79000000,88929.18000000,19.37912000,88970.0,88979.0,88951.0,88977.0,0.01769034,88927.43,88929.18,88888,88929.17,17.62635901,88920.1,88928,88876.7,88928,667301.29598720,88980.1,88980.1,88908.3,88908.3,0.1963008
2025-12-07 13:40,88945.99,88976.4,88912.0,88966.0,1.60541793,88929.18000000,88958.81000000,88902.10000000,88958.81000000,4.65590000,88982.0,88982.0,88982.0,88982.0,0.001,88929.17,88956.27,88902.06,88955.92,3.02449069,88927.9,88952.8,88909,88952.8,627505.31680930,88908.5,88908.5,88908.4,88908.5,0.03363282
2025-12-07 13:41,88975.99,89005.06,88958.04,88980.44,1.85152254,88958.80000000,88984.00000000,88958.80000000,88968.64000000,5.90303000,88999.0,89027.0,88999.0,89027.0,0.00569204,88955.92,88984.93,88955.92,88968.63,4.43934005,88952.7,88985.4,88952.7,88976,619991.11548510,88908.5,88947.4,88908.5,88947.4,0.25271686
2025-12-07 13:42,88987.54,89015.71,88984.89,88984.89,1.49055585,88968.64000000,88996.26000000,88968.63000000,88968.67000000,7.48373000,89027.0,89027.0,89027.0,89027.0,0.01808,88968.63,88995.98,88967.85,88968.67,4.37027955,88976,88996,88975.6,88975.6,797513.60111720,88947.4,88986.3,88947.4,88986.2,0.04802462
2025-12-07 13:43,88984.88,89014.42,88955.97,88959.1,1.26216135,88968.67000000,88997.38000000,88948.00000000,88948.00000000,5.34612000,89026.0,89026.0,89026.0,89026.0,0.002,88968.67,88997.39,88948,88948,4.7227352,88975.6,88994.5,88940.1,88945.1,695910.99408170,88986.3,88986.4,88986.3,88986.3,0.12816564
2025-12-07 13:44,88959.09,88993.22,88956.34,88983.65,0.87392447,88948.00000000,88977.49000000,88948.00000000,88965.36000000,5.84777000,,,,,,88948,88975.72,88948,88965.37,4.09318862,88945.2,88967,88945.1,88966.9,701762.47698630,88986.4,88986.4,88977.0,88977.1,0.0064965000000000005
2025-12-07 13:45,88983.65,89016.29,88967.98,89001.98,1.1054517,88965.37000000,88999.97000000,88965.36000000,88983.01000000,1.67235000,88994.0,89026.0,88994.0,89018.0,0.07531305,88965.37,88989.48,88965.37,88983.02,0.94496924,88966.9,88987.5,88966.9,88978.1,425633.65329770,88977.1,88987.7,88977.1,88982.8,1.06324906
2025-12-07 13:46,89001.98,89060.31,88995.05,89030.0,0.68105921,88983.01000000,89033.97000000,88983.01000000,89008.55000000,4.22189000,89023.0,89027.0,89023.0,89027.0,4.98271144,88983.02,89032.31,88983.01,89032.3,1.66213717,88978.1,89029.1,88978,89017,642433.00621850,88982.9,89000.0,88982.9,89000.0,0.37625736
2025-12-07 13:47,89030.0,89047.8,88955.21,88967.92,0.60695337,89008.55000000,89031.50000000,88943.69000000,88968.85000000,4.03501000,89047.0,89047.0,89016.0,89016.0,0.00239495,89032.3,89032.37,88943.64,88960.27,3.03550803,89017.1,89018,88948.3,88963,558657.59859010,88999.9,89019.6,88957.7,88957.7,1.33166253
2025-12-07 13:48,88980.63,88984.3,88937.64,88937.64,0.63462221,88968.85000000,88972.03000000,88928.03000000,88928.03000000,3.87880000,89011.0,89011.0,88992.0,88992.0,0.00553838,88960.27,88968.86,88929.46,88929.46,3.84743345,88963,88964.9,88932,88932,491770.28902400,88957.6,88972.7,88957.6,88957.7,0.020128260000000002
2025-12-07 13:49,88935.99,89012.0,88925.09,89008.25,1.31395618,88928.03000000,88994.80000000,88910.25000000,88994.80000000,4.78311000,88971.0,88971.0,88971.0,88971.0,0.00105753,88929.46,88992.48,88910.25,88992.48,3.64842928,88932,88990,88912.9,88990,655924.64096280,88957.7,88980.7,88957.6,88980.7,0.39778211
2025-12-07 13:50,89010.32,89027.68,88995.33,89022.0,0.51300142,88994.81000000,89004.00000000,88985.32000000,89004.00000000,1.61304000,89004.0,89015.0,89004.0,89015.0,0.00851354,88992.48,89004.13,88985.32,89004,0.75153617,88990.2,89001.3,88990.2,89000,622946.85750670,88980.7,88980.7,88980.6,88980.7,0.16162086
2025-12-07 13:51,89026.0,89086.0,89024.22,89054.02,1.72008711,89004.00000000,89063.14000000,89004.00000000,89042.93000000,5.79118000,89044.0,89070.0,89044.0,89070.0,0.30419261999999997,89004,89063.13,89004,89063.11,3.32546497,89000,89062.9,88999.9,89037,1069002.91031060,88980.7,88993.4,88980.7,88993.4,0.1207629
2025-12-07 13:52,89056.96,89124.79,89044.25,89054.0,2.04383125,89042.93000000,89100.00000000,89036.67000000,89042.59000000,13.57682000,89080.0,89109.0,89080.0,89092.0,0.00509685,89063.11,89100.35,89036.64,89042.6,10.40727878,89037,89099.4,89037,89052,755039.18112050,89003.7,89064.0,89003.7,89064.0,0.1962949
2025-12-07 13:53,89057.99,89069.3,89040.0,89060.74,0.46502497,89042.59000000,89049.18000000,89033.93000000,89041.98000000,1.86241000,,,,,,89042.6,89049.26,89033.93,89049.22,0.8996635,89052,89052,89036,89039.9,652585.96714640,89064.0,89064.0,89064.0,89064.0,0.06512294
2025-12-07 13:54,89054.02,89084.0,89043.74,89062.23,0.95975405,89041.97000000,89055.19000000,89041.97000000,89041.97000000,4.59232000,89076.0,89085.0,89076.0,89085.0,0.00106372,89049.22,89055.19,89041.96,89041.98,3.62355522,89039.9,89044,89039.9,89040.1,611784.72809260,89064.0,89064.0,89063.9,89064.0,0.03159905
2025-12-07 13:55,89059.26,89095.11,89057.98,89095.11,1.86902351,89041.97000000,89081.97000000,89041.97000000,89081.96000000,1.64555000,,,,,,89041.98,89081.99,89041.97,89081.97,1.19833596,89040.1,89073.2,89040,89073.2,379391.70115820,89064.0,89064.0,89063.9,89064.0,0.00932683
2025-12-07 13:56,89095.12,89112.07,89090.0,89111.98,0.26854578,89081.96000000,89093.67000000,89081.96000000,89093.50000000,1.24155000,89098.0,89098.0,89098.0,89098.0,0.0020801400000000003,89081.97,89093.67,89081.96,89086.87,2.2433036,89074.3,89084.8,89074.2,89084.8,449714.65782410,89064.0,89064.0,89063.9,89063.9,0.04503419
2025-12-07 13:57,89111.94,89124.79,89078.17,89083.35,0.55832833,89093.50000000,89116.00000000,89067.31000000,89067.32000000,10.58063000,89110.0,89119.0,89110.0,89119.0,0.00159894,89086.87,89103.09,89067.29,89067.32,6.03218635,89084.8,89103,89075.3,89075.3,560731.60651960,89064.0,89064.0,89063.9,89064.0,0.62953751
2025-12-07 13:58,89088.0,89088.0,89071.72,89076.0,0.39013501,89067.31000000,89067.32000000,89060.36000000,89060.36000000,0.77013000,,,,,,89067.32,89067.32,89060.34,89060.37,0.53589288,89075.3,89075.4,89072.1,89072.1,346187.77577780,89064.0,89064.0,89063.9,89064.0,0.01668022
2025-12-07 13:59,89078.86,89083.99,89035.77,89056.97,0.43452209,89060.37000000,89071.58000000,89025.20000000,89053.74000000,2.70038000,89104.0,89104.0,89078.0,89078.0,0.0201651,89060.37,89068.56,89025.2,89068.41,2.09718687,89072.1,89072.2,89033,89051.9,533952.69090820,89064.0,89064.0,89063.9,89064.0,0.09029101
2025-12-07 14:00,89060.87,89060.87,89035.09,89048.44,1.43999417,89053.74000000,89053.74000000,89030.48000000,89032.01000000,10.20534000,89071.0,89071.0,89071.0,89071.0,0.0011698400000000001,89068.41,89068.41,89030.45,89032.01,6.45466925,89051.9,89051.9,89034.5,89040.6,394500.84387320,89064.0,89064.0,89063.9,89064.0,0.01165564
2025-12-07 14:01,89048.43,89124.8,89048.43,89119.51,0.50265402,89032.01000000,89106.00000000,89032.00000000,89106.00000000,2.46556000,89095.0,89110.0,89095.0,89110.0,0.00195765,89032.01,89106,89032,89106,1.70988479,89040.6,89106.6,89040.6,89106.6,355118.67037010,89064.0,89064.0,89063.9,89063.9,0.05037748
2025-12-07 14:02,89119.5,89119.5,89053.17,89070.0,0.79357294,89105.99000000,89106.00000000,89050.80000000,89061.82000000,6.02853000,,,,,,89106,89106,89058.18,89059.51,3.3665596,89106.6,89106.6,89054.7,89071.1,222586.16487390,89064.0,89088.9,89063.9,89088.8,0.27982197999999997
2025-12-07 14:03,89076.01,89097.48,89027.97,89028.08,2.09627456,89061.82000000,89078.00000000,89020.73000000,89020.73000000,12.14382000,89115.0,89115.0,89096.0,89096.0,0.0188383,89059.51,89068.06,89020.64,89020.73,5.81600769,89071,89077.9,89026.1,89026.1,364625.88955700,89088.9,89088.9,89063.9,89063.9,0.05152393
2025-12-07 14:04,89030.7,89061.19,88901.58,88901.58,2.06480165,89020.74000000,89047.61000000,88900.01000000,88900.01000000,10.25852000,89080.0,89080.0,88980.0,88980.0,0.01692025,89020.73,89035.66,88902.81,88902.81,5.28153349,89026.1,89052.9,88900.8,88900.8,461413.28987720,89064.0,89064.0,88980.6,88980.6,1.38124614
2025-12-07 14:05,88908.85,89059.36,88908.85,89037.7,1.52497773,88900.00000000,89038.77000000,88900.00000000,89027.18000000,11.65757000,89018.0,89031.0,89018.0,89031.0,0.00581023,88902.81,89038.81,88900.47,89027.17,8.24448579,88900.8,89036.6,88900.7,89036,791995.89676820,88966.8,89000.1,88966.7,89000.1,0.24250445999999998
2025-12-07 14:06,89040.0,89045.99,88938.97,88960.0,1.05375559,89027.18000000,89027.19000000,88924.29000000,88946.34000000,3.43966000,89034.0,89034.0,89000.0,89000.0,0.01192892,89027.17,89027.17,88924.29,88959.54,2.82719021,89036,89036,88930.9,88956.9,728833.17365930,89000.0,89000.1,88966.8,88966.8,0.01012397
2025-12-07 14:07,88960.0,89012.0,88954.44,89011.99,0.39770304,88946.34000000,89000.00000000,88946.34000000,89000.00000000,4.04179000,89011.0,89023.0,89011.0,89023.0,0.005,88959.54,89000,88951.06,88999.99,3.59928831,88956.9,88992.2,88956.1,88992.2,733960.75553910,88979.7,89000.1,88979.7,88998.0,0.55192045
2025-12-07 14:08,89009.99,89009.99,88980.65,89003.98,0.36479322,89000.00000000,89000.00000000,88973.07000000,88990.15000000,1.88287000,89015.0,89015.0,89015.0,89015.0,0.002,88999.99,89000,88973.02,88990.14,1.3250057,88992.2,88992.2,88974.2,88983.7,499240.71228940,88998.0,88998.0,88998.0,88998.0,0.027035430000000003
2025-12-07 14:09,89003.98,89010.25,88949.37,88949.99,2.07777322,88990.15000000,88990.15000000,88932.16000000,88932.17000000,1.34892000,89019.0,89019.0,89007.0,89007.0,0.00331992,88990.14,88990.15,88940.94,88941.07,0.82532616,88983.7,88988,88940.5,88940.5,613529.16470340,88981.1,88981.1,88981.0,88981.1,0.06077404
2025-12-07 14:10,88949.37,88952.97,88888.04,88938.25,12.40691614,88932.16000000,88943.04000000,88900.00000000,88928.74000000,9.43926000,88992.0,88992.0,88931.0,88931.0,0.00658656,88941.07,88943.04,88900,88943.03,6.39078091,88939.6,88939.6,88896.1,88931.9,759951.83715500,88981.1,88981.1,88935.0,88935.0,1.4642435
2025-12-07 14:11,88945.11,89000.12,88945.11,88967.78,2.741224,88928.75000000,88979.98000000,88928.74000000,88950.56000000,4.04160000,,,,,,88943.03,88964.47,88928.74,88950.57,3.07633781,88931.9,88971.9,88931.9,88952,629385.18907570,88935.1,88935.1,88935.0,88935.0,0.008619700000000001
2025-12-07 14:12,88959.99,88959.99,88864.0,88870.35,1.76649397,88950.57000000,88950.57000000,88860.00000000,88860.00000000,12.99614000,88990.0,88990.0,88910.0,88910.0,0.00402613,88950.57,88950.57,88870,88870,3.90440599,88952,88952,88858.5,88858.5,789382.57207260,88935.0,88935.1,88935.0,88935.0,0.02787924
2025-12-07 14:13,88866.01,88906.0,88817.34,88861.98,5.57441846,88860.00000000,88889.91000000,88827.78000000,88853.66000000,10.29336000,88900.0,88921.0,88890.0,88921.0,0.0031845700000000003,88870,88888,88827.78,88853.65,12.60194439,88858.5,88888.5,88827.5,88858.3,851877.01755870,88927.4,88927.4,88852.1,88852.1,0.40386431
2025-12-07 14:14,88861.97,88861.97,88800.0,88816.05,0.98452878,88853.66000000,88853.66000000,88800.68000000,88808.63000000,12.65934000,88887.0,88887.0,88858.0,88858.0,0.00803764,88853.65,88853.66,88800.64,88807.27,6.03027881,88858.2,88858.2,88804,88812.9,732933.15590110,88853.4,88853.4,88837.7,88837.7,0.39141337
2025-12-07 14:15,88816.04,88883.11,88800.0,88855.88,3.98536938,88808.63000000,88871.80000000,88803.23000000,88843.25000000,3.99998000,88851.0,88851.0,88840.0,88840.0,0.09999999999999999,88807.27,88871.05,88803.23,88848.74,5.914045,88812.9,88863,88811,88839,990934.92911450,88837.4,88837.4,88837.3,88837.3,0.02142328
2025-12-07 14:16,88857.68,88878.87,88849.2,88861.91,0.63176857,88843.26000000,88864.72000000,88837.48000000,88848.26000000,2.54135000,88891.0,88891.0,88890.0,88890.0,0.00213613,88848.74,88864.74,88831.47,88848.27,2.16705748,88843.2,88862.4,88836.9,88845,674370.83840310,88837.3,88837.4,88837.3,88837.4,0.02108797
2025-12-07 14:17,88861.92,88864.0,88814.0,88815.28,0.50691154,88848.27000000,88848.40000000,88800.04000000,88800.04000000,1.75427000,88862.0,88862.0,88862.0,88862.0,0.015,88848.27,88848.4,88813.06,88813.08,1.17483391,88845,88847,88808,88808,719043.94440970,88837.4,88837.4,88832.6,88832.6,0.15231964
2025-12-07 14:18,88814.01,88864.22,88711.67,88733.99,4.91347847,88800.04000000,88848.88000000,88705.46000000,88730.92000000,19.15938000,88846.0,88850.0,88736.0,88757.0,1.16994437,88813.08,88848.94,88707.98,88731.1,8.49563967,88808.1,88844,88716.2,88738.8,747822.97596930,88832.7,88835.7,88771.1,88771.2,0.38665828
2025-12-07 14:19,88732.0,88812.24,88726.2,88764.41,1.27402038,88730.91000000,88800.00000000,88727.79000000,88750.00000000,12.18045000,88819.0,88819.0,88819.0,88819.0,0.00373334,88731.1,88800,88731.1,88779.96,8.42456216,88738.8,88792.6,88726.1,88750.1,782211.13537730,88771.2,88771.2,88758.0,88771.2,1.2317051099999998
2025-12-07 14:20,88764.4,88830.41,88752.3,88801.99,2.46780485,88750.01000000,88817.37000000,88750.00000000,88789.63000000,4.00722000,88790.0,88840.0,88790.0,88840.0,0.00515048,88779.96,88817.36,88749.98,88789.63,13.9515502,88750.1,88811.9,88750.1,88787.9,165737.64269980,88771.2,88771.2,88771.1,88771.2,0.04503005
2025-12-07 14:21,88801.99,88815.27,88713.0,88769.63,2.75198783,88789.63000000,88801.53000000,88720.57000000,88762.98000000,10.35570000,88811.0,88811.0,88811.0,88811.0,0.0002445,88789.63,88801.42,88719.19,88761.31,7.05518533,88787.9,88798.4,88727.1,88762.4,136302.56171200,88771.1,88771.2,88736.7,88746.2,0.17325102
2025-12-07 14:22,88769.63,88769.63,88555.01,88603.61,16.93147269,88762.98000000,88762.98000000,88577.99000000,88600.91000000,38.28665000,88789.0,88789.0,88666.0,88667.0,1.28064052,88761.31,88761.31,88599.96,88600.55,23.80230072,88762.4,88762.4,88581.3,88597.1,291021.36447350,88746.3,88746.3,88600.0,88609.5,3.7656365
2025-12-07 14:23,88613.09,88675.45,88460.12,88647.54,31.72235299,88600.91000000,88637.01000000,88461.53000000,88633.90000000,98.92346000,88666.0,88667.0,88666.0,88667.0,79.19897449,88600.55,88637.01,88450.03,88637.01,56.33223349,88597.6,88634.8,88458.7,88633.9,546638.25623520,88609.6,88612.6,88467.4,88605.7,10.11385898
2025-12-07 14:24,88637.98,88637.98,88290.95,88362.0,25.55302611,88633.91000000,88633.91000000,88250.00000000,88368.87000000,150.44048000,88666.0,88666.0,88330.0,88382.0,33.92851487,88637.01,88637.01,88266.66,88338.68,15.35620592,88633,88633,88278.3,88377.3,1445260.65058630,88605.8,88608.6,88322.5,88334.3,17.165739560000002
2025-12-07 14:25,88370.03,88392.67,88000.0,88115.68,70.86670495,88368.87000000,88368.88000000,87963.00000000,88101.20000000,328.39574000,88346.0,88346.0,88100.0,88194.0,6.34815261,88338.68,88364.56,87985.17,88113.39,50.06320147,88364.7,88365.6,87977.9,88104,4941014.43066550,88349.9,88350.0,88000.0,88196.2,12.70828037
2025-12-07 14:26,88115.68,88120.21,87844.71,88112.27,37.10839137,88101.19000000,88102.84000000,87839.38000000,88102.19000000,226.28281000,88173.0,88173.0,88000.0,88077.0,14.06808097,88113.39,88113.39,87828.96,88076.42,19.36637839,88090.5,88102.5,87836.8,88102.5,3712988.92504230,88136.9,88136.9,87899.5,88075.3,27.88558593
2025-12-07 14:27,88108.0,88249.23,88087.98,88184.27,13.38163203,88102.18000000,88249.98000000,88085.00000000,88166.57000000,76.47084000,88137.0,88280.0,88137.0,88234.0,2.069836,88076.42,88236.61,88076.42,88149.15,42.06893097,88103.9,88234.4,88090.7,88163.9,3581666.81931270,88075.4,88203.4,88075.4,88199.9,3.71612069
2025-12-07 14:28,88184.28,88250.79,88115.68,88116.01,3.37112084,88166.57000000,88223.47000000,88100.00000000,88108.82000000,41.04406000,88219.0,88249.0,88188.0,88188.0,0.20144705,88149.15,88228.76,88124.7,88130.11,19.34833256,88163.9,88219.1,88102.1,88102.2,3162362.60420770,88200.0,88205.9,88199.9,88199.9,0.5176619100000001
2025-12-07 14:29,88116.01,88152.0,87929.12,87947.82,14.59628378,88108.82000000,88144.54000000,87912.25000000,87920.99000000,164.92641000,88191.0,88191.0,88000.0,88000.0,0.69297803,88130.11,88136.99,87914.76,87915.22,21.07672854,88102.2,88135.6,87926,87926.1,3344669.81687760,88141.2,88141.2,88009.4,88009.4,1.06776088
2025-12-07 14:30,87947.82,88047.84,87893.99,87929.12,13.56954705,87920.99000000,88021.94000000,87881.50000000,87913.87000000,49.67696000,88000.0,88069.0,88000.0,88036.0,3.51992342,87915.22,88011.91,87900,87942.14,11.43497734,87926.1,88030.9,87892.3,87921,3769141.57021830,88000.1,88000.1,87943.3,87968.1,0.35184333
2025-12-07 14:31,87929.99,88043.6,87912.16,87950.32,3.70082702,87913.87000000,88019.99000000,87900.00000000,87938.01000000,28.52594000,88001.0,88048.0,88000.0,88046.0,0.26669133,87942.14,88020.94,87911.39,87971.12,8.68051403,87916,88027.6,87907.9,87940.4,3319687.66939360,87968.2,88000.0,87963.3,88000.0,1.275309
2025-12-07 14:32,87954.0,87997.59,87823.11,87855.31,4.62110706,87938.01000000,87968.33000000,87815.88000000,87838.15000000,66.61316000,88027.0,88027.0,87878.0,87934.0,21.988877379999998,87971.12,87973.92,87815.9,87872.07,23.68517982,87940.4,87974.2,87826,87841.8,3344740.13913520,88000.0,88000.0,87895.0,87895.1,4.13200217
2025-12-07 14:33,87855.31,87865.52,87733.18,87793.44,10.47671942,87838.15000000,87838.15000000,87719.28000000,87777.44000000,71.97371000,87903.0,87903.0,87878.0,87879.0,29.39134037,87872.07,87872.07,87721,87769.18,5.10854433,87841.7,87853.6,87727.5,87792.1,4014924.85094570,87895.0,87895.0,87777.0,87823.8,10.4744408
2025-12-07 14:34,87793.44,87920.63,87738.32,87885.55,7.71401296,87777.44000000,87889.47000000,87728.11000000,87878.06000000,18.90183000,87886.0,87943.0,87878.0,87943.0,2.35022565,87769.18,87878.15,87728.12,87878.07,11.51297511,87792.1,87894.4,87736.5,87884.3,3817832.66390160,87823.8,87828.1,87777.0,87828.0,6.1467747
2025-12-07 14:35,87885.55,88120.0,87844.32,88090.23,11.04640187,87878.06000000,88100.00000000,87832.00000000,88075.79000000,39.75195000,87929.0,88151.0,87929.0,88151.0,0.40778536,87878.07,88085.39,87832,88075.77,4.24789732,87884.2,88101.6,87845.9,88072.4,2285847.64961010,87828.1,88101.0,87828.0,88101.0,2.33153011
2025-12-07 14:36,88090.24,88381.71,88090.24,88370.01,7.45502704,88075.79000000,88370.75000000,88075.79000000,88357.97000000,47.44724000,88141.0,88370.0,88141.0,88370.0,0.17635968,88075.77,88333,88075.77,88333,7.07641801,88084.2,88372.6,88084.2,88350,2596147.59511330,88105.3,88311.8,88105.3,88311.8,1.80956861
2025-12-07 14:37,88370.01,88400.0,88187.76,88252.01,4.45413545,88357.97000000,88371.58000000,88175.59000000,88236.03000000,27.01007000,88398.0,88401.0,88291.0,88300.0,1.68740498,88333,88356.04,88186.63,88236.04,2.63783754,88357,88373.3,88185,88235,2342710.75670860,88311.8,88322.4,88223.5,88259.3,1.92467079
2025-12-07 14:38,88258.0,88258.0,88200.48,88242.0,2.87453366,88236.03000000,88236.03000000,88186.68000000,88234.28000000,21.14564000,88297.0,88309.0,88284.0,88309.0,0.27834755,88236.04,88237.53,88186.69,88234.29,12.4442048,88235,88240,88191,88238,2234198.99316130,88259.3,88259.3,88250.0,88250.0,2.1514387800000003
2025-12-07 14:39,88242.0,88376.0,88212.64,88303.29,5.1198546,88234.28000000,88367.38000000,88212.52000000,88300.24000000,42.34597000,88368.0,88422.0,88368.0,88397.0,0.00291271,88234.29,88337.06,88212.54,88333.53,36.98751256,88238,88369.9,88223.6,88307.3,2242598.64188540,88250.1,88322.4,88250.0,88322.3,0.6329482399999999
2025-12-07 14:40,88305.99,88305.99,88175.04,88250.01,3.92831993,88300.23000000,88300.23000000,88165.28000000,88228.57000000,26.09578000,88287.0,88289.0,88270.0,88270.0,0.2254244,88333.53,88333.53,88170.7,88222.39,16.88527505,88307.3,88307.3,88170.5,88234.1,1327551.85177530,88322.4,88322.4,88237.6,88256.8,0.7535742400000001
2025-12-07 14:41,88247.11,88338.0,88230.16,88230.16,3.76319555,88228.56000000,88321.79000000,88206.43000000,88219.87000000,17.77317000,88306.0,88361.0,88306.0,88353.0,0.65927172,88222.39,88322.23,88205.9,88205.95,11.07874357,88234,88331.9,88219.5,88219.6,1219234.35207640,88256.8,88281.0,88256.8,88281.0,2.89592789
2025-12-07 14:42,88232.0,88232.0,88115.68,88141.87,1.34980056,88219.86000000,88219.86000000,88101.06000000,88116.20000000,14.17516000,88304.0,88304.0,88210.0,88210.0,0.01175419,88205.95,88205.95,88101.07,88118.5,18.8721665,88219.5,88219.5,88111,88121.1,1275928.70431060,88281.0,88281.0,88172.2,88172.2,1.4757337400000001
2025-12-07 14:43,88141.86,88284.0,88099.61,88279.57,2.29490607,88116.20000000,88261.48000000,88084.43000000,88261.48000000,12.67479000,88201.0,88307.0,88191.0,88307.0,0.36407874,88118.5,88261.47,88084.43,88261.47,7.48863646,88121.1,88271.4,88097,88271.3,1346056.71870810,88172.3,88214.2,88129.0,88214.2,2.20950616
2025-12-07 14:44,88276.0,88319.41,88244.0,88252.0,2.44574039,88261.48000000,88300.00000000,88236.09000000,88236.09000000,11.20386000,88327.0,88364.0,88327.0,88329.0,0.022083560000000002,88261.47,88300,88236.1,88236.1,6.30901301,88271.3,88304.5,88244.6,88244.7,1304012.07830920,88215.9,88281.1,88215.9,88248.3,0.65152901
2025-12-07 14:45,88252.0,88384.0,88240.51,88378.0,5.42464714,88236.09000000,88363.46000000,88227.73000000,88363.45000000,13.50973000,88328.0,88419.0,88328.0,88419.0,0.82288207,88236.1,88350,88236.1,88350,13.20097067,88244.6,88388.5,88243.7,88384.1,757116.01757660,88248.4,88302.6,88248.4,88302.6,7.114049100000001
2025-12-07 14:46,88378.0,88387.8,88210.0,88221.99,2.63094574,88363.45000000,88363.45000000,88190.58000000,88202.01000000,15.39779000,88419.0,88419.0,88302.0,88302.0,0.76653737,88350,88350,88199.75,88213,11.90780971,88384.1,88384.1,88207,88217,696505.07665760,88308.0,88322.4,88220.7,88220.7,0.452098
2025-12-07 14:47,88221.99,88239.27,88136.98,88230.13,1.58448676,88202.00000000,88211.14000000,88116.74000000,88211.13000000,8.78589000,88302.0,88302.0,88221.0,88295.0,0.84224704,88213,88213,88116.64,88211.13,6.76379006,88214.1,88218.5,88130,88218.4,697087.53452570,88220.6,88220.6,88194.0,88194.1,0.0510918
2025-12-07 14:48,88230.13,88257.99,88184.26,88233.99,1.23945455,88211.14000000,88234.00000000,88172.28000000,88220.41000000,5.44347000,88286.0,88292.0,88286.0,88292.0,0.15455554999999999,88211.13,88234.01,88202.99,88219.51,3.61619822,88218.5,88232,88185.6,88228.9,648446.61265290,88194.1,88220.5,88194.0,88220.5,0.05843597
2025-12-07 14:49,88234.92,88338.0,88223.49,88298.0,1.39550045,88220.41000000,88319.41000000,88220.41000000,88279.38000000,6.36375000,88301.0,88363.0,88301.0,88363.0,0.14214512,88219.51,88321.32,88219.51,88300.47,2.4008666,88229,88329.1,88229,88293,750640.28587000,88220.5,88264.4,88220.4,88264.4,0.8044750900000001
2025-12-07 14:50,88298.0,88326.0,88252.02,88315.01,1.0032512,88279.37000000,88305.89000000,88243.67000000,88305.89000000,4.73122000,88355.0,88375.0,88337.0,88375.0,0.0082039,88300.47,88306.24,88247.63,88306.24,5.0783064,88284.5,88304,88254.1,88304,547949.18272080,88264.3,88281.3,88264.3,88281.3,0.03441615
2025-12-07 14:51,88316.0,88316.0,88225.44,88257.99,2.0144911,88305.90000000,88305.90000000,88205.56000000,88241.93000000,4.52627000,88379.0,88379.0,88307.0,88310.0,0.70705263,88306.24,88306.24,88208.75,88241.92,3.3621854,88304,88304,88213,88241.1,548125.46290010,88281.3,88281.3,88281.2,88281.2,0.02574997
2025-12-07 14:52,88258.0,88268.31,88217.44,88223.99,4.61263132,88241.92000000,88250.89000000,88206.84000000,88207.03000000,5.27071000,88321.0,88321.0,88321.0,88321.0,0.23235888999999998,88241.92,88250,88206.84,88207.04,3.51606674,88241.2,88250.9,88212.6,88212.6,560049.39960490,88281.2,88281.2,88223.9,88224.0,2.08369912
2025-12-07 14:53,88221.68,88221.68,88157.67,88189.95,2.982956,88207.04000000,88207.04000000,88142.62000000,88179.14000000,11.59755000,88306.0,88306.0,88240.0,88250.0,0.21710305000000002,88207.04,88207.04,88151.37,88179.15,6.3945607,88212.6,88212.6,88150.7,88174.9,568761.64718290,88224.0,88224.0,88201.8,88201.8,0.2823394
2025-12-07 14:54,88191.97,88192.0,88089.08,88114.0,2.15585331,88179.15000000,88179.15000000,88088.00000000,88088.01000000,7.67762000,88229.0,88229.0,88177.0,88178.0,0.19163233999999998,88179.15,88179.15,88088,88088,5.26759884,88174.9,88174.9,88089.8,88089.8,580894.88619620,88201.8,88201.8,88135.1,88135.1,0.32451703
2025-12-07 14:55,88110.0,88183.94,88110.0,88172.0,0.97564677,88088.01000000,88160.01000000,88088.01000000,88154.68000000,9.86763000,,,,,,88088,88160.02,88088,88155.58,6.17655883,88089.9,88170.5,88089.9,88156.5,573419.82258970,88135.1,88135.1,88135.0,88135.1,0.01765029
2025-12-07 14:56,88173.99,88176.0,88120.0,88150.0,1.21335998,88154.67000000,88154.68000000,88109.37000000,88131.33000000,6.97450000,88222.0,88224.0,88210.0,88210.0,0.37709965,88155.58,88155.58,88109.35,88115.95,4.01537201,88156.4,88156.4,88119.2,88127,525259.35635810,88135.1,88151.7,88129.2,88129.8,0.85652961
2025-12-07 14:57,88153.84,88200.0,88133.86,88191.62,1.87753813,88131.34000000,88180.17000000,88125.70000000,88174.49000000,5.17620000,88223.0,88223.0,88223.0,88223.0,8.497000000000001e-05,88115.95,88173.75,88115.95,88172.11,6.81341732,88128,88179.8,88128,88179,477332.97226200,88129.8,88129.9,88129.7,88129.9,0.24423234000000002
2025-12-07 14:58,88191.61,88258.99,88189.41,88256.0,1.73272255,88174.50000000,88232.00000000,88174.49000000,88232.00000000,5.08666000,88252.0,88318.0,88252.0,88318.0,0.2199373,88172.11,88232,88172.11,88232,3.7038623,88179,88235.9,88178.9,88235.9,358803.09163820,88129.9,88201.7,88129.9,88201.7,0.33130173
2025-12-07 14:59,88255.99,88300.0,88238.64,88239.13,2.24546111,88232.00000000,88277.99000000,88220.53000000,88220.53000000,11.21514000,88319.0,88320.0,88319.0,88320.0,0.00119545,88232,88277.99,88230.51,88230.51,5.16753697,88235.9,88273.4,88233.5,88233.5,406943.20011120,88201.7,88224.0,88201.7,88224.0,0.50627923
2025-12-07 15:00,88234.4,88248.83,88181.43,88242.0,3.52991242,88220.53000000,88228.00000000,88169.08000000,88226.01000000,9.35255000,88264.0,88264.0,88251.0,88251.0,0.010333700000000001,88230.51,88230.51,88178.82,88226.64,3.679208,88229.1,88229.1,88173.8,88228.1,574962.38233350,88224.0,88224.0,88192.6,88210.5,0.36408363
2025-12-07 15:01,88255.11,88306.48,88230.16,88256.0,2.01539818,88226.01000000,88298.19000000,88226.01000000,88243.31000000,5.14101000,88279.0,88353.0,88279.0,88335.0,0.16832845,88226.64,88281.12,88226.64,88243.31,6.56320326,88228.1,88301.7,88228.1,88251.8,422729.95072350,88210.6,88300.0,88210.6,88300.0,0.22529982999999998
2025-12-07 15:02,88260.0,88300.01,88254.44,88266.1,3.06812633,88243.31000000,88290.56000000,88243.31000000,88264.25000000,5.73997000,88320.0,88349.0,88320.0,88331.0,0.19373863,88243.31,88291.8,88243.31,88262.22,3.67886979,88251.9,88291.1,88251.8,88262.8,566574.94037680,88300.0,88300.0,88299.9,88300.0,0.00890843
2025-12-07 15:03,88268.22,88268.22,88196.72,88216.14,3.62978492,88264.25000000,88264.25000000,88200.00000000,88200.00000000,3.06710000,88312.0,88312.0,88282.0,88285.0,0.00277209,88262.22,88262.22,88199.19,88200,2.05039095,88262.7,88262.7,88201.3,88201.4,368951.00532820,88300.0,88300.0,88265.6,88265.6,0.05270583
2025-12-07 15:04,88222.0,88239.89,88178.0,88200.52,2.6965112,88200.00000000,88211.49000000,88171.00000000,88183.08000000,6.15178000,88280.0,88281.0,88274.0,88274.0,0.22206208,88200,88211.48,88171,88171,3.1240933,88201.4,88205.7,88173.2,88182,311557.45745720,88265.7,88265.7,88221.4,88221.5,0.11912173000000001
2025-12-07 15:05,88203.21,88260.0,88203.21,88242.59,4.45532686,88183.09000000,88245.52000000,88183.08000000,88238.36000000,5.75555000,88274.0,88297.0,88274.0,88297.0,0.36021696999999997,88171,88238.36,88171,88238.36,3.45325975,88183.8,88245.1,88183.8,88239,448760.74870060,88221.5,88248.1,88221.4,88248.1,0.01332824
2025-12-07 15:06,88244.0,88370.0,88244.0,88360.0,1.34158359,88238.36000000,88350.00000000,88234.70000000,88342.88000000,6.35998000,88300.0,88410.0,88300.0,88410.0,0.5625483,88238.36,88349.99,88238.26,88342.89,3.67609621,88239.1,88353,88239.1,88353,394618.89754130,88265.5,88304.0,88265.5,88303.9,0.10339668
2025-12-07 15:07,88358.0,88769.89,88346.0,88651.26,14.28521166,88342.89000000,88750.00000000,88342.88000000,88629.69000000,99.70170000,88420.0,88825.0,88420.0,88741.0,10.445711320000001,88342.89,88740.97,88342.88,88671.41,25.91808789,88353,88757.4,88352.9,88635.2,1310700.99043430,88304.0,88750.0,88304.0,88702.5,3.64753611
2025-12-07 15:08,88641.44,88692.83,88562.09,88572.91,4.14190877,88629.69000000,88673.04000000,88575.60000000,88575.60000000,12.29962000,88696.0,88749.0,88673.0,88673.0,0.56576412,88671.41,88671.41,88585.17,88585.17,3.24971736,88629.5,88670.9,88580,88580,692095.17534860,88702.4,88702.4,88655.3,88655.3,0.25175656
2025-12-07 15:09,88571.41,89027.98,88562.09,88910.0,25.74382858,88574.00000000,89020.00000000,88566.56000000,88893.76000000,101.37782000,88656.0,89000.0,88656.0,88987.0,5.32687065,88585.17,89000,88570.95,88900,22.93493196,88574,89023.1,88571.9,88891.2,1152124.94507790,88637.8,88960.6,88613.2,88960.6,1.74423495
2025-12-07 15:10,88904.0,88988.46,88693.02,88813.82,29.79298288,88893.77000000,88985.53000000,88722.81000000,88799.22000000,63.43003000,88999.0,88999.0,88795.0,88865.0,1.15285142,88900,88955.13,88722.82,88799.22,16.74137505,88886.7,88976,88717.9,88802.7,1763177.20487420,88960.5,88960.6,88801.1,88801.3,0.19131163
2025-12-07 15:11,88818.04,88912.79,88756.0,88890.0,2.67462371,88799.22000000,88894.09000000,88744.60000000,88887.17000000,13.02919000,88862.0,88890.0,88812.0,88890.0,0.00114201,88799.22,88883.35,88744.59,88883.35,2.3139936,88802.8,88898.9,88748.5,88891,1676291.20338080,88801.3,88862.7,88801.3,88862.7,0.23702381
2025-12-07 15:12,88888.01,89072.51,88861.93,89006.0,9.19772942,88887.16000000,89070.91000000,88852.64000000,88999.79000000,60.12825000,88946.0,89075.0,88946.0,89047.0,25.12622092,88883.35,89050,88852.65,88995.06,12.62367892,88891.1,89067.5,88862,88997,2031727.86441200,88862.7,89014.0,88862.7,89008.9,11.62547073
2025-12-07 15:13,88996.47,89002.0,88823.35,88955.37,8.93841027,88999.79000000,88999.80000000,88809.78000000,88897.54000000,41.20384000,89049.0,89049.0,88886.0,88922.0,0.00455238,88995.06,88995.06,88809.78,88868.24,22.07459357,88997.1,88997.1,88812.5,88897.1,2035051.00041820,89008.9,89008.9,88867.8,88867.8,5.09221034
2025-12-07 15:14,88921.17,88994.32,88876.0,88884.0,3.89020476,88897.54000000,88968.00000000,88868.79000000,88868.80000000,15.46229000,88999.0,88999.0,88940.0,88940.0,0.44992486,88868.24,88954.42,88868.24,88868.79,22.19012541,88897.1,88979.9,88869.8,88872.1,1494553.10163610,88883.1,88939.3,88883.1,88903.6,1.8590033
2025-12-07 15:15,88880.89,88980.64,88867.1,88968.0,2.53038189,88868.79000000,88967.51000000,88854.71000000,88949.98000000,17.11042000,88939.0,88992.0,88939.0,88992.0,0.05295614,88868.79,88967.69,88854.72,88967.69,16.13142929,88872,88964.2,88861,88954.1,1784604.67969980,88903.6,88942.8,88903.5,88932.6,0.11730586000000001
2025-12-07 15:16,88966.0,88967.09,88763.91,88801.99,11.4377469,88949.98000000,88952.87000000,88750.53000000,88777.94000000,26.37291000,88999.0,88999.0,88810.0,88810.0,0.57786056,88967.69,88967.69,88762.29,88773.65,0.82240534,88954.1,88954.1,88756,88774.8,1731726.65535870,88932.6,88959.9,88794.0,88794.0,1.65265169
2025-12-07 15:17,88802.56,88809.95,88700.0,88738.47,1.88391778,88777.95000000,88797.75000000,88688.00000000,88720.80000000,19.13838000,88801.0,88801.0,88790.0,88790.0,0.00863379,88773.65,88786.71,88688,88716.22,33.13461575,88783.5,88787.8,88691.7,88721,1792928.67760360,88799.0,88799.0,88765.0,88765.0,0.5468688500000001
2025-12-07 15:18,88745.68,88801.7,88675.36,88712.67,8.38757828,88722.25000000,88767.08000000,88650.28000000,88698.97000000,23.97737000,88761.0,88794.0,88721.0,88721.0,0.03871494,88716.22,88759.66,88676.63,88698.96,18.09342987,88721,88776.5,88658.9,88693.5,2156121.03288020,88765.0,88765.1,88718.2,88718.3,0.34075436
2025-12-07 15:19,88715.38,88759.99,88700.0,88716.0,3.04266053,88698.96000000,88739.74000000,88676.41000000,88689.01000000,10.01673000,88753.0,88777.0,88737.0,88737.0,0.0057846700000000004,88698.96,88737.99,88688.98,88689,6.66018443,88693.5,88733,88683.1,88700,1776496.30381380,88718.3,88718.3,88718.2,88718.3,0.02034723
2025-12-07 15:20,88717.95,88773.34,88681.68,88747.44,1.35230113,88689.01000000,88748.00000000,88666.32000000,88731.61000000,13.96422000,88766.0,88784.0,88721.0,88784.0,1.01031819,88689,88731.79,88666.32,88718,10.21258685,88700,88747.9,88666.3,88737.4,1120483.84615950,88718.3,88741.0,88718.3,88732.5,5.14338515
2025-12-07 15:21,88751.67,88796.0,88743.79,88764.0,1.21508137,88731.62000000,88777.76000000,88731.62000000,88740.63000000,4.56941000,88787.0,88819.0,88787.0,88814.0,0.21650702,88718,88777.73,88718,88740.63,6.06192796,88737.4,88770.3,88735.4,88743.7,1236313.91587990,88732.6,88765.1,88732.6,88757.7,0.15727548
2025-12-07 15:22,88766.0,88864.74,88756.0,88837.0,1.18063139,88740.64000000,88838.18000000,88740.63000000,88834.88000000,5.21381000,88835.0,88840.0,88830.0,88840.0,0.21191321,88740.63,88826.04,88740.63,88826.04,3.51379952,88743.8,88841.7,88743.7,88824.4,1087122.13841470,88757.7,88789.9,88757.6,88789.9,0.41717201
2025-12-07 15:23,88844.73,88884.93,88803.16,88803.16,1.05935654,88834.88000000,88871.18000000,88782.84000000,88782.84000000,12.13721000,88844.0,88890.0,88844.0,88889.0,0.0036,88826.04,88869.99,88782.8,88782.85,8.54910325,88829.4,88870.9,88786.3,88786.3,1043309.78642200,88789.9,88857.3,88789.9,88843.4,0.16292944
2025-12-07 15:24,88809.03,88828.74,88746.23,88818.0,1.93007606,88782.84000000,88805.98000000,88738.46000000,88805.97000000,4.57949000,88835.0,88845.0,88797.0,88845.0,0.11470182,88782.85,88805.98,88737.66,88805.98,3.18764336,88786.3,88808.5,88734.8,88808.4,1145015.95797510,88843.4,88843.5,88818.0,88818.0,0.62268344
2025-12-07 15:25,88826.49,88859.07,88770.0,88799.12,0.96383862,88805.98000000,88842.05000000,88754.00000000,88783.06000000,5.58735000,88844.0,88876.0,88844.0,88851.0,0.027248539999999998,88805.98,88840.03,88754,88783.1,3.07253315,88808.5,88846.2,88759,88772.4,565146.04085860,88818.1,88834.7,88818.0,88818.1,0.8604286899999999
2025-12-07 15:26,88799.12,88849.93,88789.13,88839.76,0.97530319,88783.07000000,88833.87000000,88771.26000000,88825.90000000,8.25985000,,,,,,88783.1,88814.4,88781.48,88811.96,4.3513698,88772.3,88832.8,88772.3,88816,713719.88178250,88818.1,88818.1,88818.0,88818.0,0.14975962
2025-12-07 15:27,88839.76,88854.0,88818.63,88836.0,0.62483132,88825.89000000,88834.80000000,88803.43000000,88822.92000000,3.45245000,,,,,,88811.96,88834.8,88803.43,88803.59,4.49493246,88816,88825,88815,88815.1,600114.03440090,88818.1,88818.2,88818.0,88818.2,0.03669964
2025-12-07 15:28,88834.01,88838.12,88734.0,88777.14,1.77459062,88822.92000000,88822.93000000,88712.15000000,88754.97000000,8.96150000,88851.0,88851.0,88796.0,88796.0,0.7111112599999999,88803.59,88815.22,88721.03,88738.77,4.99732291,88815.1,88815.1,88722.9,88758.7,631974.96847500,88818.2,88818.2,88789.8,88789.8,0.1074556
2025-12-07 15:29,88773.94,88785.6,88746.0,88761.42,3.32664125,88754.97000000,88761.68000000,88728.76000000,88735.39000000,11.88830000,88801.0,88801.0,88801.0,88801.0,0.005,88738.77,88756.83,88728.76,88735.48,9.37783935,88758.8,88760.2,88733.1,88733.2,544917.73241040,88789.8,88789.9,88748.4,88748.5,1.1000503700000002
2025-12-07 15:30,88755.99,88879.61,88752.0,88832.0,3.90216585,88735.40000000,88850.00000000,88735.39000000,88817.53000000,15.50253000,88814.0,88844.0,88814.0,88844.0,0.00999756,88735.48,88850,88735.48,88817.53,8.6982233,88733.2,88855.3,88733.2,88818.6,775396.26833030,88748.5,88818.0,88748.4,88817.9,0.14311413
2025-12-07 15:31,88832.01,88843.5,88800.0,88814.0,1.78426331,88817.52000000,88818.65000000,88777.12000000,88786.32000000,11.11179000,,,,,,88817.53,88820.5,88786.15,88807.9,5.33205008,88818.6,88818.6,88783.2,88783.5,777563.86399630,88818.0,88831.0,88817.9,88818.1,5.02632896
2025-12-07 15:32,88808.01,88839.06,88756.7,88822.23,6.39049992,88786.32000000,88814.03000000,88770.96000000,88805.98000000,5.92041000,88851.0,88851.0,88842.0,88842.0,0.03006431,88807.9,88814.03,88771.02,88805.98,9.28170811,88784,88807.4,88775.7,88803,464216.00829310,88818.1,88819.9,88817.9,88817.9,0.049108570000000004
2025-12-07 15:33,88821.82,88846.02,88774.48,88845.94,0.85105145,88805.98000000,88826.02000000,88765.19000000,88826.01000000,6.58721000,,,,,,88805.98,88818.67,88765.18,88818.65,3.71549774,88803,88825,88770.1,88825,538255.04470840,88818.0,88818.0,88817.9,88817.9,0.01948845
2025-12-07 15:34,88845.67,89000.61,88844.26,88959.35,5.35062032,88826.01000000,88974.11000000,88826.01000000,88943.84000000,14.08717000,88852.0,88999.0,88852.0,88999.0,0.03537561,88818.65,88969.66,88818.65,88967.25,8.94749434,88825,88973,88824.9,88948.2,587559.20986430,88818.0,88961.8,88817.9,88961.7,0.19985191
2025-12-07 15:35,88959.36,89071.98,88934.02,89034.42,2.23925316,88943.84000000,89050.00000000,88925.15000000,89017.33000000,15.48851000,88986.0,89076.0,88986.0,89076.0,0.10517887999999999,88967.25,89029.76,88925.11,89013.04,11.88007144,88948.2,89049.5,88928.2,89008.9,732054.74698770,88961.8,89029.9,88961.7,89029.9,1.2475565800000001
2025-12-07 15:36,89036.16,89066.73,88981.74,89010.0,0.94788413,89017.33000000,89047.43000000,88971.33000000,88996.24000000,7.73059000,89079.0,89079.0,89079.0,89079.0,7.07202141,89013.04,89047.48,88971.33,88996.25,1.40461292,89010,89045.7,88972.6,88988,462895.55865250,89027.9,89056.6,89018.5,89018.5,5.22400492
2025-12-07 15:37,89001.85,89111.23,89001.84,89076.0,3.45501302,88996.24000000,89073.18000000,88980.98000000,89052.46000000,12.94719000,89079.0,89099.0,89079.0,89095.0,0.59423024,88996.25,89062.22,88989.58,89052.49,7.58189718,88988,89075.7,88987.9,89056.2,689963.21190310,89002.2,89029.8,89002.1,89029.8,0.0871942
2025-12-07 15:38,89074.0,89100.38,89026.91,89088.6,3.07392578,89052.45000000,89070.69000000,89014.61000000,89067.56000000,19.66035000,89100.0,89118.0,89099.0,89099.0,0.032442149999999996,89052.49,89071.57,89032.25,89071.57,14.27597602,89056.1,89081.8,89019.8,89081,487369.84890400,89029.9,89039.9,89029.8,89039.9,0.06262591
2025-12-07 15:39,89084.0,89084.0,88893.94,88918.49,3.33171391,89067.55000000,89067.55000000,88885.00000000,88885.01000000,22.59559000,89099.0,89099.0,89000.0,89000.0,5.02197635,89071.57,89071.57,88885,88885.01,20.84261638,89080,89080,88887,88887.1,684468.05918610,89039.9,89045.5,88961.7,88961.7,0.15996678
2025-12-07 15:40,88918.49,88982.25,88900.0,88934.0,7.79268751,88885.01000000,88960.00000000,88885.00000000,88907.74000000,9.70606000,88985.0,89021.0,88985.0,89021.0,0.37772195,88885.01,88961.3,88885.01,88907.74,6.59368099,88887,88953,88882.7,88911.2,866201.70144130,88961.8,88961.8,88905.0,88922.8,0.32859845
2025-12-07 15:41,88929.57,88989.06,88929.57,88946.02,1.21230807,88907.74000000,88960.00000000,88907.73000000,88927.83000000,5.74125000,89032.0,89032.0,88997.0,88997.0,0.00355769,88907.74,88960,88907.73,88927.83,4.80036701,88911.2,88968.1,88911.2,88922,645492.83362470,88922.8,88922.8,88922.7,88922.8,0.02641574
2025-12-07 15:42,88946.02,89005.76,88940.0,88954.01,4.84596075,88927.82000000,88979.68000000,88927.82000000,88937.94000000,6.45483000,88997.0,89003.0,88997.0,89003.0,0.00426256,88927.83,88979.64,88927.82,88937.93,4.7834281,88922,88975.8,88921.9,88934.3,732756.62884220,88922.8,88940.5,88922.8,88940.5,0.12949932
2025-12-07 15:43,88954.42,88964.52,88915.62,88915.62,0.46371754,88937.94000000,88937.94000000,88896.88000000,88896.89000000,4.20605000,89028.0,89028.0,89028.0,89028.0,0.00299999,88937.93,88937.94,88908.44,88908.44,2.2118241,88934.3,88934.3,88904.6,88904.6,645810.62962660,88940.4,88940.5,88940.4,88940.5,0.015269109999999999
2025-12-07 15:44,88912.81,88946.24,88900.21,88933.99,2.16551864,88896.89000000,88922.01000000,88888.00000000,88918.54000000,6.11132000,88992.0,88992.0,88992.0,88992.0,0.00324376,88908.44,88922.07,88903.87,88921.73,4.9915673,88904,88918.4,88892.7,88918.3,791321.91716010,88940.4,88940.4,88916.3,88916.3,0.06524588
2025-12-07 15:45,88933.99,88963.22,88924.33,88942.47,1.97239326,88918.54000000,88944.85000000,88907.76000000,88925.00000000,15.64643000,88980.0,88980.0,88980.0,88980.0,0.00416448,88921.73,88940.45,88908.18,88939.99,4.64806328,88918.3,88937.5,88913.9,88929.1,518505.32353600,88916.4,88935.7,88916.3,88935.7,0.03474073
2025-12-07 15:46,88942.48,88999.35,88942.48,88999.35,1.0256891,88925.00000000,88978.51000000,88925.00000000,88978.49000000,3.07347000,88981.0,89023.0,88981.0,89021.0,0.35657500000000003,88939.99,88979.3,88934.98,88978.48,8.513479,88929.1,88980,88929.1,88980,457146.74949390,88935.7,88939.9,88935.6,88939.8,0.04992825
2025-12-07 15:47,88999.19,89003.99,88965.83,88996.33,1.15426813,88978.49000000,88989.43000000,88948.04000000,88966.94000000,6.18182000,,,,,,88978.48,88989.05,88949.8,88966.94,3.62576648,88980,88980,88951,88962,388787.04003890,88939.8,88940.5,88939.8,88940.5,0.06818743
2025-12-07 15:48,88994.79,89023.03,88908.56,88922.23,1.14022304,88966.95000000,89000.00000000,88902.80000000,88902.80000000,4.26562000,89024.0,89024.0,89014.0,89014.0,0.0052364,88966.94,89000.01,88902.78,88902.79,2.0308535,88962,88994,88903,88903,500983.40053240,88940.4,88949.9,88940.4,88949.9,0.02049645
2025-12-07 15:49,88924.73,88997.6,88924.73,88994.0,4.25114371,88902.80000000,88972.47000000,88902.80000000,88972.46000000,5.22459000,89014.0,89014.0,89014.0,89014.0,0.006,88902.79,88972.55,88902.79,88972.47,3.74056517,88903.1,88968,88903.1,88967.9,435494.59665760,88949.9,88949.9,88949.8,88949.9,0.17372552000000002
2025-12-07 15:50,88990.02,89030.0,88990.0,89007.99,2.83704723,88972.46000000,89009.99000000,88972.46000000,88994.56000000,8.85080000,89028.0,89054.0,89028.0,89054.0,0.010341880000000001,88972.47,89004.88,88972.46,88994.56,5.64862117,88968,89004,88968,88983,420025.69397290,88949.8,88964.0,88949.8,88964.0,0.09056557
2025-12-07 15:51,89007.99,89038.3,88983.29,89000.0,0.77956364,88994.56000000,89009.99000000,88980.71000000,88984.66000000,4.26454000,,,,,,88994.56,89009.98,88980.7,88980.71,2.98722228,88983,89015.9,88981,88981.1,337331.31623680,88964.0,88969.9,88964.0,88969.9,0.11473422
2025-12-07 15:52,89001.99,89082.4,88996.0,89076.37,3.91997685,88984.67000000,89066.99000000,88984.66000000,89056.99000000,8.38859000,89070.0,89090.0,89070.0,89090.0,0.0036,88980.71,89068,88980.71,89055.85,2.89154485,88981.1,89069.5,88981.1,89067,521615.10615600,88969.8,89010.4,88969.8,89010.4,0.22634249
2025-12-07 15:53,89082.0,89156.0,89035.76,89156.0,3.21405606,89056.99000000,89136.00000000,89026.00000000,89135.99000000,22.97720000,89106.0,89200.0,89080.0,89200.0,0.22617631,89055.85,89133,89026,89133,15.04761348,89067.1,89129.7,89020.8,89129.7,587569.31725360,89048.6,89099.5,89048.6,89099.5,0.41177158999999997
2025-12-07 15:54,89158.72,89285.92,89145.65,89205.36,62.25867823,89135.99000000,89262.39000000,89134.02000000,89188.02000000,47.69011000,89200.0,89278.0,89200.0,89255.0,0.08642252,89133,89277.45,89133,89181.77,23.90437609,89129.7,89267,89129.7,89191.9,890691.09516640,89099.5,89217.2,89099.5,89203.4,2.77160572
2025-12-07 15:55,89205.37,89601.73,89184.17,89513.43,12.77431529,89188.02000000,89553.82000000,89160.94000000,89485.06000000,129.73655000,89294.0,89594.0,89294.0,89523.0,12.97508496,89181.77,89545.33,89181.77,89514.99,13.05064483,89191.9,89567.7,89159.8,89504.2,2228587.17581700,89203.5,89556.3,89203.4,89497.2,4.89652933
2025-12-07 15:56,89515.32,89584.95,89410.22,89410.22,4.02746037,89485.06000000,89533.18000000,89390.51000000,89390.51000000,43.05157000,89545.0,89545.0,89521.0,89521.0,5.00011768,89514.99,89552.24,89383.02,89383.02,22.7733388,89495.6,89540.1,89386.9,89386.9,1075436.15444330,89497.3,89497.3,89434.4,89469.3,0.10342564
2025-12-07 15:57,89404.64,89736.54,89385.52,89581.99,8.0705804,89390.51000000,89707.54000000,89371.62000000,89563.86000000,87.61446000,89549.0,89750.0,89549.0,89639.0,0.16998064,89383.02,89714.39,89383.02,89552.46,37.23206343,89386.9,89709.8,89369.1,89561,1350114.65739910,89469.2,89717.8,89434.3,89616.3,5.43948809
2025-12-07 15:58,89582.71,89650.56,89454.29,89455.91,10.24377831,89563.86000000,89621.09000000,89443.54000000,89443.55000000,49.39258000,89614.0,89685.0,89537.0,89537.0,0.20266809000000002,89552.46,89622.21,89450.55,89450.55,18.35764163,89561,89623.3,89441.4,89441.4,1378453.61278160,89616.3,89622.2,89479.0,89479.1,0.60919436
2025-12-07 15:59,89451.28,89603.91,89438.66,89552.0,2.5349092,89443.54000000,89594.01000000,89443.54000000,89554.52000000,18.65749000,89511.0,89624.0,89511.0,89624.0,3.19485214,89450.55,89587.65,89443.54,89548.22,20.98297625,89441.4,89596.4,89441.3,89557,1537092.98277730,89479.0,89539.8,89479.0,89539.8,0.38692985
2025-12-07 16:00,89556.13,89561.42,89466.81,89470.72,4.70348226,89554.52000000,89554.53000000,89460.10000000,89460.16000000,40.52986000,89594.0,89594.0,89553.0,89565.0,0.06170873,89548.22,89548.22,89460.15,89460.15,35.3324192,89557.1,89557.1,89461,89461,2354426.32822480,89539.9,89539.9,89525.1,89525.1,0.33852391
2025-12-07 16:01,89480.0,89521.99,89437.87,89451.9,1.99808108,89460.16000000,89507.36000000,89430.54000000,89436.01000000,19.44675000,89559.0,89559.0,89520.0,89520.0,0.0035475,89460.15,89507.36,89439.6,89439.6,10.56489773,89461.1,89504,89434.6,89434.8,2524481.06306970,89525.1,89525.1,89488.0,89488.1,0.14980875
2025-12-07 16:02,89442.0,89508.65,89404.65,89410.01,1.72642119,89436.01000000,89480.97000000,89406.00000000,89406.01000000,20.63656000,89510.0,89510.0,89493.0,89493.0,0.0047049,89439.6,89465.94,89404.8,89404.8,17.52633415,89434.7,89478.5,89403.8,89403.8,2513355.36721670,89488.1,89488.1,89469.4,89469.5,0.03569155
2025-12-07 16:03,89404.64,89404.71,89252.29,89358.0,9.75192988,89406.00000000,89406.00000000,89236.95000000,89350.42000000,44.95868000,89462.0,89462.0,89319.0,89389.0,0.03620554,89404.8,89404.8,89239.8,89326.07,27.74161136,89402,89402,89242.2,89337,2546917.68771830,89469.4,89469.4,89299.7,89313.2,5.26527695
2025-12-07 16:04,89357.99,89458.0,89357.99,89417.36,9.10690804,89350.42000000,89438.00000000,89350.41000000,89413.20000000,16.82265000,89419.0,89479.0,89419.0,89479.0,0.00059339,89326.07,89439.65,89326.07,89412.44,15.3743908,89336.9,89440.3,89336.9,89407.2,2792169.08496650,89313.2,89426.0,89313.2,89426.0,0.1939933
2025-12-07 16:05,89413.12,89512.47,89374.97,89497.99,4.43828789,89413.20000000,89478.25000000,89371.20000000,89468.14000000,20.54611000,89479.0,89490.0,89454.0,89490.0,0.50051723,89412.44,89478.24,89384.81,89468.15,7.05414028,89407.2,89473.6,89367.6,89471,1360486.29061960,89425.9,89481.5,89407.5,89463.2,0.03901048
2025-12-07 16:06,89486.34,89505.05,89383.45,89383.45,1.29030599,89468.15000000,89480.77000000,89378.71000000,89378.72000000,26.56493000,89477.0,89477.0,89477.0,89477.0,0.02011804,89468.15,89472.8,89378.7,89378.73,22.8440918,89473.5,89476.1,89371.1,89371.1,1297058.50128660,89463.1,89463.1,89444.6,89444.7,0.01000585
2025-12-07 16:07,89383.45,89453.09,89383.45,89402.94,3.11948071,89378.73000000,89433.96000000,89378.73000000,89393.09000000,13.25672000,89447.0,89473.0,89447.0,89473.0,0.00269093,89378.73,89450.07,89378.72,89402.85,9.16701866,89371.1,89427,89371.1,89396,1273288.28021860,89444.6,89444.6,89426.0,89426.1,0.00767771
2025-12-07 16:08,89400.4,89434.49,89373.94,89382.45,1.61626625,89393.09000000,89418.30000000,89378.73000000,89378.74000000,15.16961000,,,,,,89402.85,89418.89,89374.51,89378.74,10.28739897,89396,89412.2,89374.6,89374.6,1199431.09223780,89426.0,89426.0,89384.4,89384.4,0.14998542
2025-12-07 16:09,89378.47,89411.71,89252.3,89263.03,5.7276143,89378.74000000,89387.64000000,89242.15000000,89252.99000000,36.34075000,89448.0,89448.0,89350.0,89350.0,0.0089856,89378.74,89384.52,89263.89,89278.25,13.69187778,89374.6,89382,89251,89251,1225189.27568060,89384.3,89403.3,89277.4,89277.4,0.11124521000000001
2025-12-07 16:10,89263.02,89285.02,89179.82,89221.99,3.95772396,89252.98000000,89268.11000000,89181.62000000,89213.96000000,20.71368000,89318.0,89318.0,89290.0,89290.0,0.00157831,89278.25,89278.25,89181.43,89216.35,14.85238914,89251,89264.4,89182.7,89208,1077908.05717630,89269.3,89269.3,89179.9,89191.3,1.48773339
2025-12-07 16:11,89223.97,89268.96,89184.24,89209.98,1.71369097,89213.96000000,89255.42000000,89184.00000000,89184.76000000,6.07653000,89264.0,89304.0,89264.0,89295.0,0.00452394,89216.35,89255.42,89184,89184.01,14.75049489,89208,89255.1,89185,89185.1,784645.92312040,89191.3,89249.8,89191.3,89230.5,0.06341035
2025-12-07 16:12,89205.1,89342.99,89186.0,89302.0,3.94081575,89184.76000000,89312.45000000,89179.63000000,89295.70000000,7.33448000,89260.0,89263.0,89260.0,89263.0,0.0008770000000000001,89184.01,89300,89179.65,89300,3.70599047,89185,89307.2,89180.5,89301.7,844645.54781970,89230.5,89264.1,89230.4,89264.1,0.209011
2025-12-07 16:13,89302.01,89342.0,89239.88,89239.88,1.57028686,89295.71000000,89333.29000000,89229.48000000,89229.49000000,10.52403000,89333.0,89333.0,89333.0,89333.0,0.50039167,89300,89329.54,89239.48,89239.49,9.51608422,89301.7,89325.3,89231.3,89231.3,791688.69508590,89264.1,89282.3,89249.8,89249.8,0.12161742
2025-12-07 16:14,89239.29,89254.95,89196.0,89240.0,1.67885264,89229.49000000,89238.40000000,89189.19000000,89233.60000000,10.23879000,89287.0,89287.0,89258.0,89258.0,0.00195836,89239.49,89239.49,89187.2,89233.59,6.66354158,89231.3,89231.3,89184.2,89228.2,802389.62696160,89249.8,89249.9,89234.6,89234.6,0.06265177000000001
2025-12-07 16:15,89239.29,89266.0,89123.38,89145.99,4.25962224,89233.60000000,89246.12000000,89115.85000000,89133.54000000,21.72389000,89284.0,89284.0,89210.0,89210.0,0.01145426,89233.59,89233.6,89115.77,89142.45,2.61293833,89228.3,89249.9,89115.4,89143,596487.19899920,89234.7,89250.0,89171.7,89171.7,1.14419246
2025-12-07 16:16,89149.99,89245.68,89149.99,89217.96,1.22090717,89133.53000000,89231.24000000,89133.53000000,89206.32000000,6.48061000,89201.0,89251.0,89201.0,89251.0,0.01329555,89142.45,89225.9,89133.51,89206.32,17.37900841,89137.1,89224,89137.1,89208.1,463650.09501910,89171.7,89216.2,89171.6,89213.3,0.06600641
2025-12-07 16:17,89216.28,89333.02,89216.28,89315.6,4.02841731,89206.33000000,89312.23000000,89206.33000000,89304.46000000,3.70618000,89283.0,89320.0,89283.0,89320.0,0.0039181500000000005,89206.32,89317.67,89206.32,89305.43,1.75297314,89208,89306,89208,89306,549532.23972690,89213.3,89269.2,89213.3,89269.2,1.10084443
2025-12-07 16:18,89315.68,89482.72,89297.95,89381.14,15.48064204,89304.46000000,89461.63000000,89299.16000000,89373.86000000,20.10816000,89350.0,89469.0,89350.0,89469.0,0.03702726,89305.43,89465.73,89303.54,89373.86,2.91502124,89305.9,89456.1,89298.5,89379,694327.87922420,89269.2,89422.1,89269.2,89399.0,0.13498546
2025-12-07 16:19,89381.16,89404.64,89342.0,89349.52,2.6405347,89373.85000000,89401.08000000,89330.67000000,89330.67000000,19.69766000,89430.0,89451.0,89399.0,89427.0,0.00951162,89373.86,89396.57,89340.8,89348.3,23.25964431,89376,89398.9,89339.6,89347.1,678375.06281150,89399.0,89399.0,89399.0,89399.0,0.04378746
2025-12-07 16:20,89345.29,89410.0,89341.05,89378.0,1.38152719,89330.66000000,89392.23000000,89330.66000000,89365.06000000,6.94010000,,,,,,89348.3,89392.08,89335.31,89365.06,5.17932917,89334.7,89387.9,89328.4,89365.1,223887.17548180,89398.9,89399.0,89398.9,89399.0,0.033037649999999995
2025-12-07 16:21,89376.01,89387.01,89328.33,89349.51,1.27870328,89365.07000000,89378.06000000,89324.87000000,89336.37000000,8.97023000,,,,,,89365.06,89372.05,89324.87,89347.99,3.74016564,89365.1,89371,89326.2,89347,94514.88443670,89399.0,89399.0,89350.6,89350.6,0.02121935
2025-12-07 16:22,89345.28,89375.91,89312.01,89362.0,1.28409528,89336.37000000,89359.19000000,89315.00000000,89359.18000000,2.00801000,89394.0,89394.0,89394.0,89394.0,0.00026000000000000003,89347.99,89359.2,89324.57,89359.19,4.63567737,89343,89349,89317.3,89349,59581.94011440,89350.7,89350.7,89350.6,89350.6,0.03731028
2025-12-07 16:23,89356.0,89362.4,89314.18,89328.33,1.86785973,89359.19000000,89359.19000000,89309.75000000,89314.04000000,3.17780000,89404.0,89404.0,89362.0,89378.0,0.00179831,89359.19,89359.19,89309.68,89326.51,1.91670443,89348.9,89348.9,89314.2,89327,96050.91452350,89350.6,89350.6,89341.2,89341.3,0.18226259
2025-12-07 16:24,89328.32,89329.01,89277.24,89294.37,0.80069808,89314.03000000,89314.03000000,89274.60000000,89277.73000000,5.40222000,89360.0,89360.0,89340.0,89340.0,0.00172819,89326.51,89326.51,89274.52,89277.73,4.27322167,89326,89326,89270.5,89271,77081.20860990,89341.3,89341.3,89309.2,89309.2,0.039011370000000004
2025-12-07 16:25,89295.97,89343.08,89280.0,89310.92,0.86001574,89277.74000000,89324.32000000,89274.09000000,89302.01000000,4.19857000,89340.0,89341.0,89340.0,89341.0,0.00317379,89277.73,89324.33,89272.07,89301.23,0.84384404,89272,89322.6,89272,89300,421305.48256310,89309.3,89309.3,89309.2,89309.3,0.00383099
2025-12-07 16:26,89311.08,89311.08,89256.72,89308.0,1.26396181,89302.00000000,89302.01000000,89255.75000000,89289.83000000,4.66444000,89340.0,89340.0,89330.0,89330.0,0.00504603,89301.23,89301.23,89254,89289.85,5.19972136,89300,89300,89258,89282,347368.44702590,89309.2,89309.2,89290.1,89293.1,0.26962519999999995
2025-12-07 16:27,89306.0,89339.06,89270.52,89338.0,0.75244799,89289.83000000,89323.92000000,89258.36000000,89323.92000000,5.23087000,89322.0,89327.0,89322.0,89327.0,0.00069732,89289.85,89319.55,89267.34,89319.55,2.85175667,89286,89317.7,89264.1,89317.7,470945.71923320,89293.2,89309.2,89276.4,89276.5,0.05299784
2025-12-07 16:28,89341.0,89352.34,89302.93,89303.38,0.81340576,89323.92000000,89344.29000000,89291.06000000,89291.06000000,2.36157000,89362.0,89362.0,89362.0,89362.0,0.00039363,89319.55,89353.73,89291.04,89291.04,2.23847004,89326.9,89338.4,89293.1,89293.1,415550.33540460,89276.6,89290.8,89276.6,89290.7,0.05395308
2025-12-07 16:29,89305.21,89355.52,89304.01,89345.64,0.65609809,89291.07000000,89337.64000000,89291.06000000,89337.63000000,1.13534000,,,,,,89291.04,89337.64,89291.04,89337.63,1.03474545,89293.1,89330.1,89293,89330.1,367372.64602180,89290.7,89290.9,89290.7,89290.8,0.029061950000000003
2025-12-07 16:30,89344.18,89375.57,89311.29,89375.56,0.79013546,89337.63000000,89366.83000000,89310.30000000,89366.83000000,1.97186000,89376.0,89376.0,89376.0,89376.0,9.691e-05,89337.63,89355.01,89310.3,89355.01,1.13710011,89330,89356,89308.2,89356,352509.20058230,89290.8,89305.1,89290.8,89305.1,0.06894946
2025-12-07 16:31,89375.56,89389.2,89267.78,89282.38,1.98306408,89366.84000000,89372.99000000,89258.60000000,89258.60000000,3.58252000,89413.0,89413.0,89367.0,89367.0,0.02178824,89355.01,89372.99,89258.6,89258.61,2.5120145,89357,89367.3,89261.7,89261.8,206881.05821570,89305.1,89319.9,89281.6,89281.8,0.18754715000000002
2025-12-07 16:32,89282.28,89315.54,89258.0,89270.86,1.94329564,89258.61000000,89290.43000000,89250.00000000,89250.00000000,6.79168000,89333.0,89333.0,89333.0,89333.0,0.0014241,89258.61,89292.05,89250,89250.01,4.7592514,89261.7,89280.9,89252.3,89252.5,275179.52255370,89281.7,89281.7,89281.6,89281.7,0.00577801
2025-12-07 16:33,89270.86,89373.98,89265.66,89373.98,1.0085623,89250.00000000,89358.71000000,89250.00000000,89358.71000000,4.32057000,89376.0,89376.0,89376.0,89376.0,0.00039338999999999997,89250.01,89358.77,89250,89358.76,0.80989786,89252.5,89355.5,89252.5,89355.5,299146.10715990,89281.7,89282.0,89281.6,89282.0,0.17535249
2025-12-07 16:34,89370.72,89404.63,89354.01,89374.0,1.85136997,89358.71000000,89392.73000000,89353.02000000,89355.69000000,4.99459000,89408.0,89430.0,89406.0,89414.0,0.21722925,89358.76,89374.71,89353.1,89367.3,4.58142138,89355.4,89382.9,89355.4,89358,242169.08366280,89289.9,89320.0,89289.9,89320.0,0.21326754
2025-12-07 16:35,89366.48,89399.51,89346.0,89399.51,0.72929987,89355.68000000,89391.24000000,89343.43000000,89391.23000000,5.69848000,,,,,,89367.3,89391.24,89343.43,89391.24,3.05860092,89356.3,89384.4,89341,89384.4,315899.10934410,89320.0,89348.4,89319.9,89348.4,0.29481216
2025-12-07 16:36,89399.5,89591.2,89399.36,89558.0,1.57194799,89391.23000000,89570.39000000,89391.23000000,89541.51000000,11.32254000,89423.0,89599.0,89423.0,89599.0,0.027794779999999998,89391.24,89570.4,89391.23,89563.13,7.64111699,89384.4,89562.7,89384.3,89549,287104.15647300,89348.4,89514.7,89348.4,89514.6,0.11791787
2025-12-07 16:37,89557.28,89557.28,89468.0,89481.04,1.13287493,89541.51000000,89541.51000000,89469.53000000,89469.53000000,5.64389000,89540.0,89540.0,89540.0,89540.0,0.00311792,89563.13,89563.13,89469.53,89469.53,5.72385369,89549,89549,89469,89469,348657.83279130,89514.7,89543.4,89514.6,89514.7,0.09517804
2025-12-07 16:38,89481.04,89508.84,89457.46,89468.0,1.08334361,89469.53000000,89495.85000000,89450.00000000,89450.01000000,3.10715000,,,,,,89469.53,89495.84,89450,89450,2.02431397,89469.1,89486.4,89455.1,89455.1,337230.00939810,89514.6,89514.7,89514.6,89514.7,0.11105246
2025-12-07 16:39,89466.0,89513.0,89447.99,89500.0,1.24502993,89450.01000000,89495.33000000,89448.62000000,89495.33000000,2.78682000,,,,,,89450,89495.56,89448.55,89495.56,1.53468288,89455.1,89488.9,89446.7,89488.9,223875.50347770,89514.7,89514.7,89514.6,89514.7,0.0285071
2025-12-07 16:40,89500.0,89511.82,89410.0,89422.0,4.06941974,89495.33000000,89495.33000000,89404.00000000,89404.00000000,6.30474000,89534.0,89534.0,89490.0,89490.0,0.46349807,89495.56,89495.56,89403.98,89404.01,4.59671759,89488.9,89488.9,89409,89409,348733.02893720,89514.7,89514.7,89407.1,89407.2,0.44085629
2025-12-07 16:41,89422.0,89458.83,89394.06,89431.94,0.55280215,89404.00000000,89447.92000000,89389.09000000,89421.50000000,5.54039000,89494.0,89494.0,89494.0,89494.0,0.005,89404.01,89439.28,89389.09,89421.5,4.0620749,89409,89445.2,89397,89429.1,391038.42411100,89404.5,89404.5,89402.6,89402.7,0.015076309999999999
2025-12-07 16:42,89430.0,89476.71,89426.01,89476.71,1.70811033,89421.49000000,89457.19000000,89421.49000000,89449.66000000,4.32430000,,,,,,89421.5,89457.2,89421.5,89449.66,2.59361693,89429,89447.9,89429,89447.9,303313.30396200,89402.7,89429.9,89402.6,89429.9,0.12084104999999999
2025-12-07 16:43,89474.5,89519.11,89474.5,89503.45,0.53811926,89449.66000000,89505.99000000,89449.66000000,89495.78000000,2.02126000,89522.0,89522.0,89522.0,89522.0,0.00011787,89449.66,89505.99,89449.66,89495.88,1.7830056,89447.9,89499.8,89447.9,89487,371522.98294620,89429.9,89459.1,89429.9,89459.1,0.22558052
2025-12-07 16:44,89508.0,89520.0,89469.01,89488.36,1.25205088,89495.77000000,89500.82000000,89465.37000000,89465.37000000,2.75490000,,,,,,89495.88,89495.88,89465.33,89465.37,1.96771171,89486.9,89500,89468.3,89468.3,335816.97627210,89459.1,89483.9,89459.1,89470.2,0.34795807
2025-12-07 16:45,89479.94,89486.21,89455.99,89460.0,0.59757001,89465.38000000,89471.43000000,89450.02000000,89451.00000000,2.07258000,89519.0,89528.0,89519.0,89528.0,0.014406180000000001,89465.37,89471.43,89450.98,89450.98,1.01698405,89468.3,89468.3,89454,89454.1,208223.99732200,89470.2,89470.2,89459.2,89470.2,0.14130923
2025-12-07 16:46,89464.0,89479.32,89462.01,89470.27,0.62936862,89451.00000000,89457.51000000,89450.99000000,89457.51000000,1.46873000,89514.0,89514.0,89514.0,89514.0,0.00063754,89450.98,89457.16,89450.98,89457.16,1.10536781,89454,89454.1,89454,89454.1,110384.43881540,89470.1,89470.2,89470.1,89470.2,0.01257173
2025-12-07 16:47,89476.0,89481.37,89434.35,89434.78,0.75058375,89458.17000000,89468.40000000,89428.65000000,89428.65000000,2.08007000,89514.0,89514.0,89504.0,89504.0,0.01832018,89457.16,89472.23,89432.23,89432.23,1.42598278,89455,89459.4,89429,89429,216739.80363030,89470.1,89470.2,89470.1,89470.2,0.04417729
2025-12-07 16:48,89434.75,89438.0,89406.0,89406.0,0.76130077,89428.66000000,89428.66000000,89404.00000000,89404.01000000,7.67617000,,,,,,89432.23,89432.23,89403.98,89403.98,5.14786482,89429,89429.1,89403.6,89403.6,165007.31857920,89470.1,89470.2,89411.4,89411.4,0.08510456
2025-12-07 16:49,89406.0,89457.36,89391.86,89393.99,3.35951665,89404.00000000,89441.90000000,89383.43000000,89389.22000000,11.64484000,89474.0,89490.0,89460.0,89490.0,0.00526574,89403.98,89437.31,89393.33,89395.52,7.77251594,89403.6,89431,89383.8,89391.7,302982.32547910,89411.4,89448.9,89400.1,89407.6,0.73088285
2025-12-07 16:50,89393.98,89446.15,89386.0,89435.66,0.90219807,89389.22000000,89427.75000000,89386.00000000,89427.74000000,2.79298000,89466.0,89466.0,89466.0,89466.0,0.00324196,89395.52,89427.76,89386,89427.75,1.22889058,89391.7,89426.2,89380.7,89426.1,271291.89052820,89407.6,89407.6,89407.5,89407.6,0.06692983
2025-12-07 16:51,89435.61,89529.15,89434.0,89518.02,6.98256379,89427.75000000,89519.56000000,89427.74000000,89515.71000000,8.84629000,89482.0,89543.0,89482.0,89543.0,0.64889206,89427.75,89519.55,89427.74,89515.72,6.35108059,89426.1,89512.8,89426.1,89512.8,333872.37280730,89407.6,89470.2,89407.6,89470.2,0.31196046
2025-12-07 16:52,89519.94,89522.01,89452.0,89458.42,0.56086347,89515.71000000,89515.72000000,89448.62000000,89448.63000000,2.84751000,,,,,,89515.72,89515.72,89448.59,89448.62,1.98623823,89512.8,89512.8,89451,89451,358587.48013750,89470.2,89470.3,89470.1,89470.2,0.14802807
2025-12-07 16:53,89458.43,89479.93,89432.0,89442.0,0.76995987,89448.63000000,89460.01000000,89431.05000000,89431.06000000,2.55666000,,,,,,89448.62,89460.05,89431.05,89431.06,1.79255211,89451.1,89453,89434,89434,289595.19279810,89470.3,89470.3,89459.0,89459.1,0.0085439
2025-12-07 16:54,89442.01,89480.02,89442.01,89480.02,0.13432592,89431.06000000,89467.19000000,89431.05000000,89467.18000000,1.03320000,,,,,,89431.06,89454.07,89431.05,89454.06,0.62658808,89434,89458.3,89434,89458.3,327206.39450810,89459.1,89459.1,89458.0,89458.1,0.015597080000000001
2025-12-07 16:55,89480.02,89500.0,89448.86,89497.92,0.61942745,89467.19000000,89485.54000000,89438.91000000,89485.54000000,2.82773000,,,,,,89454.06,89475.99,89438.91,89467.14,1.86248954,89458.3,89475.3,89441.5,89475.2,198009.57339580,89458.1,89458.1,89458.0,89458.1,0.00367404
2025-12-07 16:56,89491.83,89638.0,89490.02,89638.0,11.10802231,89485.54000000,89618.00000000,89485.54000000,89618.00000000,8.47366000,89513.0,89640.0,89513.0,89640.0,0.01657807,89467.14,89600,89467.14,89600,2.48589581,89475.3,89618.8,89475.2,89618.8,293279.96872960,89458.1,89625.3,89458.0,89616.7,1.3169706
2025-12-07 16:57,89642.07,89714.91,89628.0,89654.0,3.75451088,89618.00000000,89699.94000000,89618.00000000,89645.48000000,44.20190000,89675.0,89681.0,89675.0,89681.0,0.00930618,89600,89694.8,89600,89645.47,8.84738837,89618.9,89688,89618.7,89640.9,622489.04032910,89631.2,89651.2,89631.1,89651.2,0.04080643
2025-12-07 16:58,89660.27,89722.0,89587.48,89706.0,0.97946059,89645.48000000,89706.39000000,89582.00000000,89689.77000000,26.31659000,89676.0,89684.0,89649.0,89684.0,0.00059448,89645.47,89700,89582.88,89682.61,31.18201971,89642,89701,89579.5,89681.9,312872.09902880,89651.2,89685.2,89631.2,89685.2,0.21720984
2025-12-07 16:59,89704.0,89900.0,89684.48,89889.95,10.713905,89689.77000000,89908.17000000,89670.01000000,89893.38000000,54.43556000,89729.0,89898.0,89729.0,89898.0,3.36617366,89682.61,89913.37,89682.61,89907.99,12.22265849,89683,89909.4,89679,89885.7,484189.11806810,89685.1,89912.4,89685.1,89912.4,2.61538951
2025-12-07 17:00,89897.97,89900.0,89776.0,89859.82,3.66236521,89893.39000000,89909.00000000,89771.00000000,89848.11000000,18.93775000,89898.0,89898.0,89822.0,89898.0,1.9105972599999999,89907.99,89907.99,89781.3,89842.94,0.37882035,89885.7,89899.8,89774.3,89833.9,852841.65366960,89907.5,89911.2,89820.1,89843.9,0.33839505
2025-12-07 17:01,89857.99,89857.99,89689.98,89709.99,3.36993282,89848.10000000,89848.10000000,89684.66000000,89696.65000000,18.57707000,89869.0,89869.0,89761.0,89761.0,0.16662879,89842.94,89842.94,89682.67,89696.65,13.34413663,89842,89842,89687,89696.9,880100.99068870,89843.9,89843.9,89756.3,89756.4,0.05765077
2025-12-07 17:02,89705.97,89946.49,89705.97,89873.75,16.61505499,89696.65000000,89937.45000000,89696.64000000,89862.69000000,38.51962000,89742.0,89898.0,89742.0,89898.0,20.23880782,89696.65,89937.69,89696.65,89865.03,4.359791,89696.9,89938,89696.9,89853,867027.12746180,89756.4,89956.0,89738.7,89944.1,2.70471636
2025-12-07 17:03,89868.0,89905.99,89750.46,89794.0,4.36370626,89862.69000000,89907.71000000,89750.00000000,89786.99000000,20.46927000,89898.0,89898.0,89829.0,89829.0,0.79550694,89865.03,89906.38,89748.99,89780.05,11.15031433,89856,89899.9,89751.4,89779.2,757521.23632320,89878.6,89878.7,89809.0,89809.1,0.13803087
2025-12-07 17:04,89794.72,89848.0,89782.51,89795.59,1.8238277,89787.00000000,89838.09000000,89779.90000000,89786.07000000,8.25057000,89830.0,89852.0,89830.0,89845.0,0.04018236,89780.05,89837.17,89779.89,89786.08,3.54988754,89779.2,89839.4,89779.2,89790,834995.02136300,89809.1,89809.3,89809.1,89809.3,0.20765753
2025-12-07 17:05,89795.14,89830.21,89683.17,89684.0,8.64819476,89786.08000000,89814.85000000,89678.59000000,89678.59000000,21.42639000,89844.0,89844.0,89750.0,89773.0,6.0168028,89786.08,89800,89687.15,89693.52,16.7538582,89790,89804.6,89682.2,89682.2,1098365.62582740,89809.2,89809.2,89700.0,89712.5,0.62321852
2025-12-07 17:06,89685.97,89716.43,89647.6,89684.0,2.64086012,89678.59000000,89702.43000000,89648.00000000,89669.25000000,5.90143000,89740.0,89740.0,89720.0,89720.0,0.009303200000000001,89693.52,89702.45,89662.87,89669.84,3.33203363,89682.2,89695,89640.7,89674.5,790202.41599360,89712.6,89712.6,89712.5,89712.5,0.00566496
2025-12-07 17:07,89678.0,89729.81,89625.99,89718.0,9.41206867,89669.25000000,89705.83000000,89627.39000000,89705.83000000,10.16996000,89708.0,89708.0,89700.0,89700.0,0.00372256,89669.84,89670.21,89627.9,89670.21,6.62448208,89674.6,89705.3,89623.4,89705.3,893719.12752250,89712.5,89712.5,89657.5,89659.0,0.49302735000000003
2025-12-07 17:08,89712.53,89756.03,89684.48,89686.48,1.76481658,89705.84000000,89750.00000000,89673.79000000,89673.80000000,7.11259000,89728.0,89768.0,89728.0,89768.0,0.10850921000000001,89670.21,89750,89670.21,89670.56,5.59923022,89705.3,89744.6,89678.1,89678.1,967627.36261310,89676.8,89729.9,89676.8,89729.9,0.13378674999999998
2025-12-07 17:09,89684.49,89686.0,89629.37,89644.15,1.834893,89673.80000000,89673.80000000,89624.00000000,89638.20000000,6.61480000,89728.0,89728.0,89690.0,89690.0,0.007818780000000001,89670.56,89673.8,89624,89638.2,5.59383087,89678.1,89678.1,89623.4,89639.6,825670.22644440,89729.8,89729.8,89676.9,89677.0,0.11987037
2025-12-07 17:10,89645.07,89688.69,89637.85,89654.81,10.33437503,89638.20000000,89661.31000000,89624.36000000,89649.88000000,4.52769000,89711.0,89711.0,89711.0,89711.0,0.00199999,89638.2,89661.3,89617.42,89660.95,1.60484292,89639.6,89661,89625.9,89650.1,358266.53030630,89677.0,89677.0,89676.9,89677.0,0.0136813
2025-12-07 17:11,89654.81,89793.21,89648.02,89793.21,4.61286665,89649.88000000,89801.78000000,89638.32000000,89801.78000000,14.32577000,89728.0,89800.0,89728.0,89800.0,0.01640205,89660.95,89790.13,89660.92,89790.13,4.44016219,89644.1,89797.9,89644.1,89797.9,544627.14181660,89676.9,89782.9,89676.9,89780.5,0.40900299
2025-12-07 17:12,89793.21,89864.0,89779.53,89861.25,2.82056765,89801.78000000,89850.00000000,89791.78000000,89850.00000000,12.62148000,89810.0,89860.0,89810.0,89848.0,0.00707014,89790.13,89850.01,89790.13,89850,15.20599765,89801.1,89856.2,89791.2,89856.2,522289.55001920,89780.4,89859.4,89780.4,89859.4,0.20144491
2025-12-07 17:13,89861.25,89900.0,89807.35,89840.55,10.21549608,89850.00000000,89882.00000000,89800.00000000,89834.55000000,12.71078000,89880.0,89898.0,89880.0,89898.0,0.8009612899999999,89850,89882.98,89803.77,89834.55,10.59713357,89856.2,89885.8,89805.7,89830,468003.22452830,89859.4,89896.0,89859.4,89880.0,0.36778162999999997
2025-12-07 17:14,89838.01,89904.19,89832.0,89902.35,2.47107545,89834.55000000,89883.63000000,89822.87000000,89883.63000000,11.05868000,89879.0,89898.0,89879.0,89898.0,0.57427776,89834.55,89883.95,89834.55,89883.63,8.45337565,89829.9,89884.2,89823.1,89884.1,357975.14826800,89877.4,89877.4,89854.8,89854.9,0.050794160000000005
2025-12-07 17:15,89902.35,89924.35,89866.81,89905.98,4.49150459,89883.63000000,89900.00000000,89850.00000000,89893.26000000,8.19134000,89898.0,89898.0,89895.0,89895.0,1.29796343,89883.63,89893.26,89853.56,89893.25,7.86241609,89884.2,89893.9,89861.2,89890.7,541710.85532920,89854.9,89854.9,89854.8,89854.8,1.51064325
2025-12-07 17:16,89902.01,90136.89,89902.01,90117.98,26.53726075,89893.25000000,90132.09000000,89893.25000000,90131.00000000,103.63081000,89895.0,90141.0,89895.0,90141.0,35.225054639999996,89893.25,90131.15,89893.25,90112.45,16.61814579,89891.4,90138.7,89891.3,90122.1,1173354.71613250,89854.9,90088.5,89854.9,90088.5,7.36551503
2025-12-07 17:17,90121.18,90142.86,90057.61,90083.9,4.53859065,90131.00000000,90132.09000000,90050.00000000,90079.97000000,30.09228000,90095.0,90117.0,90095.0,90117.0,0.00435027,90112.45,90119.8,90051.17,90051.18,15.18562108,90124,90133,90057.8,90076,953957.70949470,90088.5,90123.8,90088.3,90088.3,0.59653546
2025-12-07 17:18,90083.9,90240.87,90058.25,90224.03,7.08898375,90079.97000000,90220.00000000,90048.95000000,90212.49000000,46.34236000,90103.0,90260.0,90103.0,90260.0,1.64577272,90051.18,90223.35,90051.18,90211.72,27.22927618,90076,90223.6,90054,90208,780245.70818590,90088.3,90196.7,90088.3,90196.6,2.06942923
2025-12-07 17:19,90220.47,90399.99,90190.02,90342.01,36.69215969,90212.49000000,90380.00000000,90212.48000000,90332.00000000,93.93207000,90246.0,90412.0,90246.0,90356.0,1.00263392,90211.72,90353.87,90211.72,90332.01,51.05209254,90208.1,90384.5,90208.1,90340.1,1288680.35152340,90196.7,90379.2,90196.7,90284.1,6.20709146
2025-12-07 17:20,90345.92,90396.46,90210.25,90280.62,13.11728547,90332.00000000,90386.00000000,90202.40000000,90274.76000000,92.50599000,90357.0,90400.0,90281.0,90299.0,1.90379312,90332.01,90374.11,90250.07,90274.76,17.07418598,90340.1,90386.5,90204.9,90281.3,1690987.81435390,90284.1,90319.9,90284.1,90293.6,1.50979723
2025-12-07 17:21,90283.24,90370.0,90260.0,90358.35,14.21072589,90274.76000000,90369.33000000,90256.82000000,90355.01000000,16.43363000,90314.0,90373.0,90307.0,90373.0,0.011080429999999999,90274.76,90355.02,90263.14,90355.02,39.97160879,90281.4,90367,90255.7,90362,1570955.80207140,90293.6,90364.7,90277.6,90363.7,10.03545248
2025-12-07 17:22,90358.35,90422.0,90337.44,90401.13,17.02449983,90355.01000000,90416.01000000,90330.28000000,90390.96000000,35.94624000,90393.0,90437.0,90393.0,90436.0,0.08693498,90355.02,90412.32,90337.96,90383.02,9.18963095,90362.1,90410.2,90334.1,90383.5,1796959.47198610,90367.1,90415.8,90367.0,90415.8,1.54100908
2025-12-07 17:23,90405.26,90537.93,90337.45,90537.26,12.47517794,90390.95000000,90534.36000000,90322.59000000,90534.36000000,107.43467000,90438.0,90514.0,90413.0,90514.0,16.13727348,90383.02,90518.28,90322.6,90518.28,6.94989427,90383.5,90533.4,90326.8,90523.8,1683482.50093900,90415.8,90463.5,90367.1,90463.5,0.93914128
2025-12-07 17:24,90540.39,90644.0,90538.24,90619.65,8.9441926,90534.36000000,90660.00000000,90534.36000000,90619.58000000,71.44101000,90535.0,90740.0,90535.0,90671.0,0.50218943,90518.28,90657.7,90518.28,90619.39,6.17190469,90530.4,90655.9,90530.4,90613.2,1927093.41868640,90464.2,90648.0,90464.2,90619.8,16.96391602
2025-12-07 17:25,90619.64,90699.0,90535.32,90607.82,6.54263616,90619.57000000,90687.99000000,90526.00000000,90604.69000000,32.94751000,90680.0,90680.0,90626.0,90626.0,0.0019178099999999998,90619.39,90687.91,90528.71,90595.59,10.60828194,90613.2,90689.9,90520.3,90599.2,1649309.04215670,90619.7,90706.3,90619.7,90619.8,1.93366164
2025-12-07 17:26,90606.28,90676.64,90556.03,90676.64,6.02272176,90604.69000000,90665.53000000,90554.93000000,90665.53000000,11.71205000,90638.0,90638.0,90612.0,90612.0,0.024274940000000002,90595.59,90650.02,90558.06,90650.02,14.75351617,90599.3,90679.6,90555.9,90679.6,1570692.36371590,90619.8,90662.0,90595.4,90662.0,1.01826477
2025-12-07 17:27,90675.69,90693.6,90583.37,90585.72,3.17718853,90665.68000000,90688.00000000,90570.62000000,90590.85000000,15.20095000,90688.0,90705.0,90604.0,90629.0,0.02450253,90650.02,90666.92,90576.95,90610.67,11.53251486,90679.6,90680.6,90578,90600.1,1514043.86164190,90650.9,90666.6,90650.9,90651.1,3.13493882
2025-12-07 17:28,90598.5,90735.08,90556.36,90650.0,12.05572116,90590.85000000,90718.00000000,90562.38000000,90636.16000000,40.06695000,90629.0,90729.0,90602.0,90729.0,0.16423263000000002,90610.67,90712.63,90562.39,90605.69,6.78854271,90600,90721.7,90570,90632,1577873.21025650,90651.1,90651.1,90650.9,90651.1,0.49263736
2025-12-07 17:29,90650.0,90772.0,90650.0,90738.0,7.07458364,90636.16000000,90757.98000000,90636.16000000,90723.91000000,25.86999000,90642.0,90730.0,90642.0,90730.0,0.011214120000000001,90605.69,90751,90605.69,90723.89,11.68081896,90632,90756.9,90632,90732,1722643.81872050,90651.1,90705.5,90651.1,90705.4,1.03491804
2025-12-07 17:30,90736.01,90999.99,90736.01,90914.57,22.51642082,90723.90000000,90976.43000000,90723.90000000,90906.97000000,107.19982000,90772.0,90983.0,90772.0,90955.0,0.21231762,90723.89,90978.4,90723.69,90914.41,2.88764035,90732,90977.3,90732,90907,1527083.88681380,90705.5,90909.9,90705.5,90909.9,24.77668907
2025-12-07 17:31,90908.01,90936.26,90798.0,90826.0,7.18399043,90906.96000000,90919.41000000,90797.99000000,90810.01000000,52.59738000,90944.0,90944.0,90860.0,90865.0,0.04124548,90914.41,90921.67,90800,90809.95,24.49180352,90907,90922.1,90799.2,90813.7,989596.11892960,90909.8,90909.8,90823.8,90837.8,1.91869088
2025-12-07 17:32,90824.01,90882.0,90774.18,90806.0,2.51333892,90810.01000000,90866.43000000,90777.87000000,90797.93000000,40.92980000,90861.0,90891.0,90845.0,90853.0,0.52964316,90809.95,90866.5,90777.79,90797.93,44.55250383,90813.7,90859.1,90774.6,90794.2,854721.93330500,90837.8,90837.8,90837.7,90837.8,0.06275387
2025-12-07 17:33,90806.01,90948.41,90806.0,90937.95,7.86833385,90797.93000000,90921.25000000,90797.92000000,90914.44000000,17.00050000,90881.0,90927.0,90881.0,90910.0,0.00665841,90797.93,90919.03,90797.92,90914.42,8.83152418,90794.3,90918.2,90794.3,90918.1,800737.30724800,90837.7,90863.7,90837.7,90863.6,2.92931518
2025-12-07 17:34,90928.01,90984.43,90875.92,90974.0,3.9806987,90914.45000000,90964.48000000,90864.98000000,90959.99000000,21.94350000,90908.0,90960.0,90908.0,90960.0,0.31630656,90914.42,90963.63,90864.36,90963.63,9.38412186,90918,90959.4,90870.2,90959.3,975862.48605380,90863.7,90950.0,90863.7,90950.0,3.51677668
2025-12-07 17:35,90973.97,91292.0,90952.25,91279.98,21.01961538,90959.99000000,91271.77000000,90940.66000000,91271.28000000,191.47896000,90990.0,91290.0,90990.0,91290.0,33.79413994,90963.63,91265.45,90949.09,91261.31,31.29986388,90959.2,91277.6,90945.4,91272,1995528.08176510,90949.9,91219.8,90949.9,91219.7,8.96528092
2025-12-07 17:36,91279.57,91279.58,91041.29,91098.0,13.03938074,91271.28000000,91271.29000000,91036.99000000,91089.07000000,48.80968000,91299.0,91299.0,91103.0,91125.0,1.54349647,91261.31,91265.07,91036.94,91042.49,21.40752281,91271.9,91271.9,91038.6,91099,1357664.91129170,91219.8,91219.8,91098.1,91114.5,4.01505545
2025-12-07 17:37,91093.3,91097.99,90859.99,90919.03,10.99728857,91089.08000000,91089.08000000,90855.27000000,90898.80000000,65.38862000,91114.0,91114.0,90921.0,90921.0,1.9289715,91042.49,91042.49,90852.77,90907.06,17.744427,91098.1,91098.2,90862,90903,1282369.61419430,91114.4,91114.5,90852.6,90917.1,5.60387334
2025-12-07 17:38,90918.02,90950.96,90785.08,90804.4,12.73076297,90898.80000000,90936.36000000,90796.24000000,90796.24000000,32.59069000,90939.0,90940.0,90860.0,90860.0,0.04223143,90907.06,90918.74,90796.24,90796.24,18.63315753,90903.1,90940.7,90805.4,90805.4,1083085.93622960,90917.2,90920.1,90850.0,90850.1,0.55930594
2025-12-07 17:39,90803.94,90918.01,90761.59,90837.76,6.29864666,90796.24000000,90909.53000000,90776.00000000,90830.67000000,14.96108000,90860.0,90914.0,90850.0,90895.0,0.01169479,90796.24,90909.52,90780,90802.55,16.08238289,90805.4,90912.6,90778.4,90831.3,1333827.72291480,90850.0,90905.1,90837.7,90860.7,6.8906339700000006
2025-12-07 17:40,90840.01,90882.17,90774.91,90786.98,5.86350486,90830.67000000,90868.21000000,90763.63000000,90777.02000000,15.07817000,90864.0,90895.0,90854.0,90854.0,1.02915659,90802.55,90854.82,90763.6,90777.02,5.65650548,90831.2,90859.2,90772,90772,1333793.68338350,90860.8,90860.8,90773.5,90773.5,0.72138302
2025-12-07 17:41,90782.0,90787.98,90710.56,90758.69,3.24484025,90777.01000000,90777.02000000,90700.73000000,90744.33000000,20.30286000,90810.0,90810.0,90750.0,90761.0,0.52889767,90777.02,90777.02,90712.53,90744.33,10.95322982,90772.1,90772.1,90708.5,90741,1644411.97247500,90773.5,90773.5,90733.8,90733.8,0.11741602
2025-12-07 17:42,90752.97,90945.29,90748.73,90923.99,24.32807448,90744.32000000,90934.00000000,90734.51000000,90909.26000000,82.74777000,90802.0,90921.0,90802.0,90921.0,1.09964537,90744.33,90934.01,90744.33,90923.29,48.01759821,90740.9,90937.7,90740.9,90907.1,1745544.86985090,90733.9,90915.2,90733.9,90915.2,2.77261452
2025-12-07 17:43,90923.99,90940.0,90867.47,90883.99,5.9694891,90909.26000000,90929.36000000,90860.68000000,90876.33000000,18.06853000,,,,,,90923.29,90924.11,90859.22,90871.32,12.31511308,90907.1,90931.2,90864,90879.9,1591227.81668390,90915.9,90916.0,90876.8,90906.1,0.20620573999999997
2025-12-07 17:44,90891.99,90935.4,90870.0,90870.0,2.99216607,90876.33000000,90913.17000000,90854.88000000,90854.88000000,8.19334000,90926.0,90926.0,90926.0,90926.0,0.52840909,90871.32,90911.18,90854.88,90866.7,6.44057773,90880,90912.3,90857,90857,1596760.97639420,90906.1,90906.2,90888.8,90894.6,0.03739405
2025-12-07 17:45,90867.45,90880.15,90731.76,90771.99,2.45742272,90854.88000000,90867.48000000,90722.40000000,90752.87000000,13.55578000,90909.0,90909.0,90810.0,90810.0,0.21413111999999998,90866.7,90866.7,90724,90752.87,8.21689911,90857,90865.1,90727.5,90759.2,879388.00656010,90894.7,90894.7,90768.7,90768.7,0.37434104
2025-12-07 17:46,90772.0,90815.0,90748.0,90801.64,4.20517837,90752.88000000,90792.52000000,90731.72000000,90787.75000000,6.98500000,90790.0,90811.0,90790.0,90811.0,0.02865,90752.87,90792.52,90732.04,90787.79,4.95607285,90759.2,90794.4,90740.3,90785,888676.97377580,90762.9,90763.0,90762.2,90762.3,2.209926
2025-12-07 17:47,90801.65,91049.76,90740.98,91032.81,13.40290164,90787.75000000,91030.52000000,90730.04000000,91023.51000000,32.34056000,90816.0,91040.0,90816.0,91040.0,0.02442733,90787.79,91036.86,90730.04,91029.29,13.35409791,90785,91036.5,90740,91032,908844.71739900,90762.3,90983.2,90762.3,90983.2,0.37574844
2025-12-07 17:48,91032.81,91056.0,90993.32,91036.92,3.19024649,91023.50000000,91037.90000000,90999.33000000,91025.32000000,15.98375000,91046.0,91073.0,91046.0,91073.0,0.21562995,91029.29,91037.9,91020.09,91025.33,21.67971984,91030,91030.1,91007,91025.1,914427.86977440,90995.7,91042.7,90995.6,91042.7,0.14553265
2025-12-07 17:49,91036.92,91098.0,90964.97,91082.87,14.10711037,91025.32000000,91076.00000000,90949.41000000,91075.99000000,26.60580000,91073.0,91103.0,91045.0,91081.0,0.72556119,91025.33,91063.9,90949.31,91063.8,14.16896088,91025.1,91084.2,90957.8,91078,1254265.16727910,91042.6,91042.7,90983.3,91042.7,5.02038601
2025-12-07 17:50,91082.86,91154.86,91034.0,91109.2,5.30328948,91075.99000000,91131.63000000,91018.41000000,91080.76000000,38.05843000,91089.0,91140.0,91089.0,91140.0,0.00205404,91063.8,91131.64,91018.27,91074.54,29.3884236,91077.9,91130,91017.2,91069.1,854752.78403510,91042.7,91107.2,91042.6,91107.2,4.25065715
2025-12-07 17:51,91092.02,91092.02,91024.92,91035.31,2.28863123,91080.75000000,91080.76000000,91018.42000000,91018.43000000,15.53397000,91092.0,91092.0,91083.0,91092.0,0.18335629,91074.54,91080.85,91018.43,91018.43,6.26660251,91072,91072,91025.4,91028,957080.99033780,91107.2,91107.2,91107.1,91107.2,0.27822281
2025-12-07 17:52,91037.26,91087.98,90956.49,90962.02,9.89621343,91018.43000000,91066.57000000,90940.01000000,90940.01000000,10.12768000,91086.0,91086.0,91040.0,91040.0,0.00420594,91018.43,91063.28,90946,90946,8.73568998,91028,91064.8,90948,90948,949255.33590430,91107.1,91107.2,91011.7,91032.3,0.63554889
2025-12-07 17:53,90962.02,90974.14,90856.14,90856.14,7.669385,90940.02000000,90955.31000000,90844.55000000,90844.56000000,18.99661000,91021.0,91021.0,90888.0,90888.0,2.1130984,90946,90955.3,90887.37,90904.84,10.23567967,90948.1,90954,90853,90853,931638.39585330,91032.2,91032.3,90852.7,90852.7,0.22739987
2025-12-07 17:54,90856.13,90945.22,90846.24,90902.0,2.43521929,90844.55000000,90925.29000000,90832.00000000,90885.01000000,6.47139000,90937.0,90971.0,90937.0,90970.0,0.02656319,90904.84,90925.29,90826.63,90880,7.42259027,90853,90916.5,90840.3,90888.4,901048.79346230,90850.1,90898.6,90850.1,90898.6,0.24428485
2025-12-07 17:55,90905.99,90934.16,90865.39,90892.88,1.42898502,90885.01000000,90916.89000000,90848.48000000,90879.63000000,2.92298000,90952.0,90963.0,90952.0,90963.0,0.00523601,90880,90916.92,90848.48,90862.3,5.67131681,90888.4,90913.7,90850.2,90873.1,527496.44296670,90898.6,90898.6,90898.5,90898.6,0.02186348
2025-12-07 17:56,90892.88,90898.9,90867.44,90880.62,1.3753955,90879.63000000,90879.64000000,90853.31000000,90866.95000000,10.42871000,90924.0,90924.0,90920.0,90920.0,0.04572134,90862.3,90876.96,90849.77,90864.22,7.55647944,90873.1,90875.9,90863.9,90867.9,484608.18112130,90898.6,90898.6,90898.5,90898.6,0.44014398
2025-12-07 17:57,90882.36,91056.01,90880.0,91004.91,10.44888452,90866.95000000,91036.00000000,90866.95000000,90994.97000000,23.49425000,90920.0,91059.0,90920.0,91008.0,0.22200935,90864.22,91036.01,90864.22,90990.52,7.70574602,90867.9,91036.5,90867.9,90991.6,809880.03816420,90898.6,91031.8,90898.6,91031.8,0.15126334000000002
2025-12-07 17:58,91004.91,91045.52,90956.0,90962.61,2.49145281,90994.96000000,91035.22000000,90940.32000000,90940.33000000,8.30462000,91037.0,91047.0,91026.0,91026.0,0.025393370000000002,90990.52,91035.22,90940.3,90940.33,15.46042576,90992,91028.4,90944.1,90944.2,710376.77653070,91031.7,91036.3,91024.1,91024.1,0.61627912
2025-12-07 17:59,90963.14,91007.73,90953.53,90961.84,2.14999819,90940.32000000,90987.50000000,90940.32000000,90945.17000000,8.32215000,90993.0,91025.0,90993.0,91015.0,0.0008932300000000001,90940.33,90967.45,90940.32,90959.29,5.52578851,90944.1,90978,90944.1,90958,475407.35973710,91024.1,91024.1,91010.0,91010.1,0.07534292999999999
2025-12-07 18:00,90961.84,91157.66,90961.84,91152.89,16.21668171,90945.18000000,91131.63000000,90945.17000000,91131.63000000,32.45809000,91025.0,91150.0,91025.0,91150.0,0.69711338,90959.29,91131.65,90954.02,91131.62,30.71389457,90958.1,91136.5,90958.1,91136.5,756719.61456590,91010.1,91148.4,91010.0,91141.9,0.54988815
2025-12-07 18:01,91152.89,91191.1,91143.69,91165.99,4.36828266,91131.63000000,91160.04000000,91131.62000000,91154.37000000,21.51576000,91183.0,91183.0,91183.0,91183.0,0.00068672,91131.62,91160.04,91129.38,91154.1,10.05261315,91136.5,91157.4,91133.4,91154,438775.05077560,91145.8,91165.6,91145.7,91165.4,0.46149851
2025-12-07 18:02,91165.99,91200.0,91151.52,91181.67,6.65255226,91154.37000000,91186.63000000,91139.77000000,91171.36000000,7.08886000,91180.0,91212.0,91180.0,91212.0,0.03788385,91154.1,91186.63,91139.6,91171.36,9.8448821,91154,91183.6,91142.9,91169.7,587612.63230490,91167.3,91187.0,91167.3,91187.0,2.60753453
2025-12-07 18:03,91190.54,91486.32,91190.54,91416.0,14.61914664,91171.36000000,91467.13000000,91171.35000000,91403.01000000,53.22563000,91220.0,91497.0,91220.0,91484.0,0.47714064,91171.36,91459.98,91171.35,91408.99,9.11096238,91169.8,91472.2,91169.8,91405.4,880533.11844890,91186.9,91498.9,91186.9,91461.8,13.27870233
2025-12-07 18:04,91412.01,91473.76,91301.22,91439.84,16.33297606,91403.01000000,91458.92000000,91291.79000000,91422.59000000,28.55565000,91441.0,91466.0,91356.0,91466.0,0.53276397,91408.99,91458.6,91293.91,91414.12,6.83185383,91403.6,91460,91292.3,91421,482880.86294610,91461.8,91461.8,91337.9,91438.7,0.89007256
2025-12-07 18:05,91444.0,91475.99,91274.49,91274.49,6.62192384,91425.54000000,91441.93000000,91257.83000000,91257.84000000,29.15603000,91478.0,91478.0,91348.0,91348.0,0.10575904,91414.12,91434.01,91269.69,91269.69,12.47796581,91425,91437,91271.5,91271.5,754070.24055000,91438.6,91438.7,91352.9,91353.0,0.7008180900000001
2025-12-07 18:06,91278.0,91409.04,91261.76,91406.21,3.36136783,91257.83000000,91380.85000000,91250.05000000,91380.84000000,27.29899000,91327.0,91397.0,91327.0,91397.0,0.0352906,91269.69,91380.95,91253.37,91380.95,13.60802518,91271.1,91381.7,91252.2,91381.7,927015.13913990,91352.9,91365.3,91324.2,91365.2,3.53149573
2025-12-07 18:07,91400.01,91438.62,91376.25,91405.93,1.87500273,91380.85000000,91406.21000000,91361.65000000,91382.13000000,5.91729000,91420.0,91433.0,91414.0,91433.0,0.010761340000000001,91380.95,91406.21,91359.78,91382.12,17.498967,91381.6,91406.6,91370,91395,736326.62266680,91365.2,91365.3,91365.2,91365.2,1.61929062
2025-12-07 18:08,91405.93,91405.93,91308.4,91321.13,3.88398765,91382.13000000,91382.13000000,91286.88000000,91309.24000000,8.78770000,91400.0,91400.0,91400.0,91400.0,2.00011785,91382.12,91382.13,91293.25,91327.46,5.30252866,91395,91395,91292.7,91318,763162.23919570,91365.2,91365.3,91300.8,91317.6,5.15471516
2025-12-07 18:09,91322.01,91414.39,91322.01,91376.93,2.31454963,91309.23000000,91400.00000000,91309.23000000,91355.17000000,12.21281000,91412.0,91412.0,91412.0,91412.0,0.00105615,91327.46,91391.84,91327.46,91350.17,7.5722734,91317,91399.8,91317,91356.6,824338.76872310,91317.6,91365.3,91317.6,91360.6,10.16901199
2025-12-07 18:10,91368.02,91407.99,91348.0,91355.99,3.15924679,91355.17000000,91382.74000000,91340.00000000,91340.00000000,46.79477000,91406.0,91430.0,91406.0,91430.0,1.00005984,91350.17,91382.74,91331.65,91331.65,5.65767499,91356.5,91380.2,91329.8,91329.8,570945.47975400,91360.5,91362.1,91360.5,91362.1,0.15667807
2025-12-07 18:11,91352.02,91359.28,91315.37,91350.02,1.52938478,91340.00000000,91340.01000000,91300.00000000,91331.68000000,9.61569000,91402.0,91402.0,91402.0,91402.0,3.1578312100000003,91331.65,91340.01,91303.93,91331.68,34.38328554,91329.8,91342.3,91301,91342.2,519345.00651550,91362.1,91362.1,91360.6,91360.6,0.90221483
2025-12-07 18:12,91351.05,91370.76,91308.4,91311.97,2.91522138,91331.68000000,91350.65000000,91289.09000000,91297.01000000,5.05661000,91402.0,91402.0,91402.0,91402.0,1.8422867,91331.68,91333.81,91284.36,91297.03,4.23564845,91342.2,91344.6,91292.8,91297.4,604735.87304070,91360.6,91360.7,91360.6,91360.6,0.33479938000000004
2025-12-07 18:13,91311.98,91311.98,91240.0,91280.17,7.39248664,91297.00000000,91298.23000000,91224.15000000,91257.49000000,25.36089000,91402.0,91402.0,91330.0,91331.0,0.54047954,91297.03,91297.6,91224.09,91257.5,19.22121475,91297.4,91297.4,91230.2,91254.9,653966.58148610,91360.6,91360.6,91264.2,91264.2,2.40751045
2025-12-07 18:14,91276.06,91344.93,91276.06,91344.93,6.13189052,91257.50000000,91328.00000000,91257.49000000,91327.99000000,8.63721000,91331.0,91331.0,91331.0,91331.0,0.001,91257.5,91317.07,91257.49,91317.07,6.03617569,91254.9,91317,91254.9,91317,886611.52127060,91264.3,91280.0,91264.2,91280.0,0.6958566500000001
2025-12-07 18:15,91338.0,91390.54,91335.44,91342.97,3.71757801,91327.99000000,91370.88000000,91327.99000000,91334.67000000,6.76274000,91380.0,91428.0,91380.0,91417.0,0.01756315,91317.07,91368.95,91317.07,91334.67,3.2648276,91317,91367,91317,91337.1,607767.76781770,91280.0,91365.3,91280.0,91365.2,2.13847332
2025-12-07 18:16,91342.97,91448.32,91340.01,91448.32,7.39988352,91334.68000000,91429.36000000,91334.67000000,91429.35000000,9.40059000,91424.0,91440.0,91424.0,91440.0,0.00974421,91334.67,91420,91334.67,91419.99,6.57495441,91337,91423.4,91330.4,91423.4,747315.44269980,91365.2,91365.3,91365.2,91365.3,0.28549060000000004
2025-12-07 18:17,91446.02,91536.0,91431.67,91520.4,5.10428836,91429.35000000,91517.44000000,91423.22000000,91514.96000000,30.85416000,91470.0,91520.0,91470.0,91520.0,10.12039442,91419.99,91517.44,91419.99,91513.94,8.66888994,91424,91512.7,91424,91512.6,762521.53762550,91365.3,91500.0,91365.3,91500.0,1.90331268
2025-12-07 18:18,91520.41,91699.79,91483.99,91596.45,9.34034797,91513.94000000,91694.71000000,91480.66000000,91595.00000000,100.70751000,91521.0,91700.0,91521.0,91608.0,0.20823629999999999,91513.94,91693.51,91501.22,91594.99,30.33468934,91512.6,91683.8,91475.9,91594.4,901969.22328610,91500.0,91636.7,91500.0,91622.5,10.4468895
2025-12-07 18:19,91609.99,91610.0,91489.43,91489.43,10.82392012,91595.00000000,91595.00000000,91481.70000000,91488.36000000,28.85343000,91634.0,91634.0,91582.0,91582.0,5.16595716,91594.99,91594.99,91506.71,91550.34,5.80818429,91594.4,91594.5,91497,91497,811004.26068690,91622.5,91622.5,91567.2,91567.2,1.53106121
2025-12-07 18:20,91506.01,91506.01,91379.86,91413.99,6.48496796,91488.35000000,91488.35000000,91385.87000000,91397.64000000,23.02987000,91533.0,91533.0,91440.0,91440.0,0.54056719,91550.34,91550.34,91385.87,91388.97,22.48865252,91496.5,91496.5,91381,91403,175998.79678710,91557.8,91557.8,91460.3,91460.4,0.55736864
2025-12-07 18:21,91413.84,91448.86,91400.0,91427.08,1.16993606,91397.64000000,91433.32000000,91390.38000000,91410.35000000,5.69144000,91447.0,91471.0,91447.0,91457.0,0.00075851,91388.97,91433.31,91388.97,91410.35,8.2076422,91402.1,91429.9,91396.8,91399,157527.48650200,91460.4,91460.4,91460.3,91460.3,0.29044472
2025-12-07 18:22,91427.08,91439.83,91403.23,91419.52,5.33430598,91410.35000000,91421.90000000,91395.42000000,91399.23000000,4.26497000,91451.0,91451.0,91445.0,91445.0,1.4998818999999999,91410.35,91421.85,91393.54,91393.54,11.42588902,91405.9,91415.6,91396.9,91405,71668.15345180,91460.4,91460.4,91460.3,91460.4,0.0962073
2025-12-07 18:23,91419.51,91526.98,91410.75,91487.82,6.72031128,91399.23000000,91500.35000000,91395.71000000,91473.20000000,10.52013000,,,,,,91393.54,91491.9,91393.54,91473.19,7.10658483,91405,91497.9,91400.1,91482,178874.83295910,91460.4,91510.9,91439.1,91510.9,6.11727079
2025-12-07 18:24,91487.82,91617.97,91483.92,91558.0,0.98510163,91473.20000000,91595.00000000,91473.19000000,91545.38000000,5.64320000,91549.0,91570.0,91549.0,91570.0,0.09004,91473.19,91580,91473.19,91557.62,4.10198278,91483,91585.2,91480,91552,139212.00729840,91510.9,91559.9,91486.0,91559.9,0.784763
2025-12-07 18:25,91552.64,91674.99,91516.0,91639.98,13.02555014,91545.38000000,91636.62000000,91504.96000000,91633.80000000,17.59865000,91580.0,91670.0,91580.0,91650.0,0.07638196,91557.62,91622.79,91507.57,91619.17,13.02832917,91549.1,91638.8,91509.9,91633,363528.30084990,91559.8,91647.7,91559.8,91647.7,0.33084939
2025-12-07 18:26,91641.99,91682.0,91618.35,91643.36,2.01813555,91633.80000000,91660.00000000,91610.54000000,91634.67000000,8.88059000,91679.0,91680.0,91671.0,91680.0,0.00131241,91619.17,91660.15,91610.51,91625.7,6.31767163,91633,91662.7,91604.3,91625,379686.45485860,91647.6,91649.7,91619.5,91649.4,0.41924477
2025-12-07 18:27,91647.6,91651.84,91567.7,91608.0,8.90916871,91634.68000000,91634.68000000,91554.41000000,91591.35000000,14.12077000,91670.0,91670.0,91604.0,91604.0,0.05069863,91625.7,91634.68,91555.24,91591.35,11.08858523,91625.1,91627,91555.5,91596.9,524363.80174620,91649.4,91649.4,91634.1,91634.1,1.38013387
2025-12-07 18:28,91605.04,91654.04,91585.49,91607.99,1.56935363,91591.34000000,91629.19000000,91573.51000000,91589.35000000,7.29921000,91663.0,91666.0,91611.0,91635.0,1.005298,91591.35,91624.4,91573.5,91573.5,2.36843051,91597,91620.2,91576.2,91577,455944.48418600,91634.1,91634.1,91634.0,91634.1,0.16502129000000001
2025-12-07 18:29,91607.98,91609.89,91544.0,91596.02,2.52262068,91589.35000000,91589.36000000,91541.42000000,91574.89000000,5.72420000,,,,,,91573.5,91589.36,91541.42,91574.9,5.68037968,91578.9,91584,91541.4,91573,397913.10698070,91634.1,91634.1,91597.9,91597.9,0.66945019
2025-12-07 18:30,91597.76,91689.78,91597.76,91684.31,2.83747792,91574.90000000,91670.55000000,91574.90000000,91666.99000000,21.48261000,91647.0,91692.0,91644.0,91692.0,0.03739998,91574.9,91670.89,91574.9,91666.99,13.32917518,91574,91672.1,91574,91672,1266514.15456060,91597.9,91654.0,91597.8,91654.0,10.326512
2025-12-07 18:31,91684.3,91779.99,91671.13,91689.98,8.56700235,91667.00000000,91760.00000000,91667.00000000,91674.74000000,60.34948000,91700.0,91783.0,91700.0,91783.0,1.02597269,91666.99,91762.7,91666.99,91674.75,21.39442315,91672,91751.2,91670.6,91677,997461.83589110,91653.9,91713.7,91653.9,91713.7,0.20662312
2025-12-07 18:32,91685.77,91746.85,91659.71,91700.0,7.01097048,91674.74000000,91730.74000000,91655.72000000,91681.95000000,14.13170000,91735.0,91735.0,91719.0,91719.0,0.06622188,91674.75,91730.81,91655.71,91681.96,12.50117465,91675.3,91725.5,91650.5,91697,595829.77533340,91713.7,91713.7,91713.6,91713.7,0.06784729
2025-12-07 18:33,91700.01,91724.0,91654.8,91713.77,1.93451614,91681.95000000,91705.96000000,91661.92000000,91699.75000000,8.97711000,91728.0,91741.0,91706.0,91741.0,2.00010868,91681.96,91705.96,91662.11,91699.31,9.82423543,91697,91700,91662.2,91700,519349.45305060,91713.7,91713.7,91680.4,91711.9,0.52579572
2025-12-07 18:34,91713.99,91728.82,91623.01,91623.01,6.04997225,91699.76000000,91707.65000000,91608.11000000,91608.12000000,12.75511000,91748.0,91748.0,91691.0,91691.0,0.01179463,91699.31,91707.69,91629.15,91629.15,4.50202451,91700,91700,91609.3,91609.3,624865.09454820,91711.9,91713.7,91678.0,91678.0,1.23987734
2025-12-07 18:35,91626.41,91658.73,91621.89,91648.01,2.69964783,91608.11000000,91638.72000000,91608.11000000,91632.24000000,2.71894000,91684.0,91684.0,91675.0,91675.0,0.08771999999999999,91629.15,91637.96,91608.07,91632.24,6.37423881,91609.4,91631.4,91609.4,91629.1,471361.41906000,91677.9,91678.0,91629.6,91637.8,3.6705745000000003
2025-12-07 18:36,91648.0,91675.77,91637.99,91655.73,1.87147447,91632.24000000,91667.71000000,91625.66000000,91641.18000000,13.40672000,91698.0,91698.0,91698.0,91698.0,0.0124767,91632.24,91662.36,91625.66,91641.17,8.96124189,91629.1,91662.3,91629,91651,741941.84820880,91637.7,91662.9,91637.7,91662.9,0.59956591
2025-12-07 18:37,91655.72,91695.0,91637.99,91675.85,6.79077888,91641.17000000,91683.31000000,91626.34000000,91664.05000000,18.09149000,,,,,,91641.17,91670.86,91626.33,91665.95,12.60207932,91651,91676.1,91627.9,91665,730523.36109000,91662.8,91664.8,91654.1,91664.8,0.03240862
2025-12-07 18:38,91675.85,91675.85,91610.01,91610.01,7.61075851,91664.04000000,91664.04000000,91603.11000000,91603.11000000,9.70002000,91697.0,91697.0,91665.0,91682.0,0.03065941,91665.95,91665.95,91604.49,91604.52,3.03593798,91665,91665,91598.2,91598.2,636152.54573020,91671.6,91671.6,91670.2,91670.2,1.95661124
2025-12-07 18:39,91610.01,91610.01,91497.57,91505.06,1.68006121,91603.11000000,91603.11000000,91483.53000000,91483.53000000,11.46558000,91660.0,91660.0,91570.0,91570.0,0.016055760000000002,91604.52,91604.52,91483.52,91483.52,7.61513231,91598.2,91598.2,91486.8,91486.8,549384.00927740,91663.0,91663.0,91519.8,91519.9,6.14013422
2025-12-07 18:40,91503.79,91518.0,91388.44,91449.82,12.09429198,91483.53000000,91497.94000000,91375.03000000,91442.63000000,48.34172000,91560.0,91560.0,91451.0,91500.0,0.68481944,91483.52,91498.04,91378.34,91442.64,14.33198155,91486.9,91491,91372.8,91444,818459.47676100,91519.8,91519.9,91435.9,91438.9,0.64176367
2025-12-07 18:41,91449.81,91493.95,91418.18,91463.75,1.69495532,91442.63000000,91466.39000000,91413.72000000,91448.23000000,7.19017000,91483.0,91499.0,91462.0,91490.0,0.01173335,91442.64,91466.39,91416.02,91448.22,4.26387338,91443.9,91463.5,91417.6,91446.9,525061.53862470,91438.9,91439.0,91435.9,91439.0,1.06137898
2025-12-07 18:42,91463.75,91494.94,91426.03,91436.55,2.1833216,91448.23000000,91481.14000000,91420.97000000,91420.98000000,8.58159000,91497.0,91500.0,91486.0,91486.0,0.06942,91448.22,91469.29,91420.93,91420.96,6.07585319,91446.8,91481.7,91422.6,91428.1,690495.42198070,91439.0,91439.0,91438.9,91439.0,0.06607065
2025-12-07 18:43,91437.99,91448.01,91400.04,91403.02,1.45460336,91420.97000000,91432.86000000,91392.18000000,91396.11000000,8.27944000,91482.0,91482.0,91482.0,91482.0,0.0049,91420.96,91446.85,91392.16,91397.88,6.46698802,91428.1,91428.1,91401,91401,466900.43577920,91439.0,91439.0,91437.3,91437.3,0.19621088
2025-12-07 18:44,91401.83,91422.87,91350.81,91388.0,11.49295958,91396.11000000,91396.12000000,91342.85000000,91382.12000000,10.76123000,91452.0,91452.0,91420.0,91420.0,0.00221637,91397.88,91397.88,91342.8,91342.83,4.59943218,91401.1,91401.1,91344.5,91373.8,620480.45081000,91437.3,91437.4,91419.6,91419.6,0.20950523000000001
2025-12-07 18:45,91390.02,91500.58,91373.97,91482.0,9.04963254,91382.13000000,91489.08000000,91357.29000000,91470.26000000,41.02717000,91401.0,91441.0,91401.0,91441.0,0.03892457,91342.83,91479.96,91342.83,91467.15,20.81700432,91376.6,91476.7,91359,91460.8,955378.12857370,91419.6,91437.4,91419.6,91437.4,0.7000124999999999
2025-12-07 18:46,91468.0,91503.44,91427.42,91460.0,1.64627473,91470.27000000,91489.08000000,91422.92000000,91440.96000000,8.26069000,91499.0,91499.0,91494.0,91494.0,0.22072,91467.15,91483.93,91422.92,91443.82,13.80952473,91465,91487.8,91427,91434.9,663055.75417490,91437.4,91439.0,91437.4,91439.0,0.28953303
2025-12-07 18:47,91459.97,91498.68,91459.97,91472.01,1.16358083,91440.97000000,91486.17000000,91440.97000000,91466.13000000,5.15582000,91484.0,91485.0,91484.0,91485.0,0.00411846,91443.82,91486.26,91443.82,91483.41,2.44267016,91436.7,91476,91436.7,91463,568858.83583490,91439.0,91489.9,91438.9,91489.9,0.08087875
2025-12-07 18:48,91472.0,91476.35,91448.32,91475.69,2.63921755,91466.13000000,91466.14000000,91441.97000000,91465.54000000,1.48700000,,,,,,91483.41,91483.41,91441.96,91465.53,2.65105941,91463,91463.2,91436.7,91462.1,641197.13172790,91489.8,91489.9,91489.8,91489.9,0.24900603000000002
2025-12-07 18:49,91472.02,91491.99,91460.12,91491.97,0.94030041,91465.53000000,91482.25000000,91455.13000000,91482.24000000,4.20428000,91499.0,91499.0,91499.0,91499.0,0.00092228,91465.53,91482.25,91448.32,91482.24,2.85684277,91462.1,91484.7,91447.7,91482,545460.51360850,91489.8,91490.0,91489.8,91489.9,0.65989122
2025-12-07 18:50,91491.98,91557.68,91437.49,91445.34,6.45339581,91482.24000000,91539.49000000,91429.97000000,91429.98000000,11.07790000,91500.0,91530.0,91493.0,91493.0,1.2922107900000002,91482.24,91539.49,91429.98,91429.98,7.15157705,91482,91528.1,91427.2,91427.2,376418.57527380,91490.0,91490.0,91489.9,91489.9,0.01174891
2025-12-07 18:51,91445.34,91468.0,91407.97,91443.99,1.55351558,91429.97000000,91448.82000000,91404.00000000,91430.84000000,4.66333000,91483.0,91485.0,91479.0,91479.0,0.03888,91429.98,91449.78,91403.98,91430.83,3.82794124,91427.3,91441,91397.3,91424.1,399567.14322850,91490.0,91490.0,91468.5,91468.6,1.2914389000000002
2025-12-07 18:52,91445.18,91492.0,91445.18,91462.0,1.73393219,91430.84000000,91477.22000000,91430.84000000,91454.22000000,5.12052000,91445.0,91504.0,91445.0,91504.0,0.006373129999999999,91430.83,91477.22,91430.83,91454.23,3.40462635,91435.1,91476.3,91435,91444,375757.05987230,91468.5,91468.6,91461.5,91461.5,0.11109897
2025-12-07 18:53,91463.55,91469.51,91372.01,91402.0,4.45118771,91454.23000000,91454.23000000,91363.15000000,91382.27000000,5.90007000,91477.0,91477.0,91430.0,91430.0,0.0130869,91454.23,91454.23,91380,91382.39,2.79359917,91444.1,91444.1,91369.9,91379.9,386244.79054390,91461.4,91461.5,91448.3,91448.4,0.34727155
2025-12-07 18:54,91400.53,91432.57,91391.64,91405.93,1.11852684,91382.28000000,91417.87000000,91382.28000000,91405.02000000,4.13278000,91427.0,91429.0,91427.0,91429.0,0.048,91382.39,91420.51,91382.29,91405,3.77189738,91380,91413,91379.9,91396.9,501068.26040660,91448.4,91448.4,91419.6,91419.6,0.30908112
2025-12-07 18:55,91405.92,91405.93,91346.01,91346.01,1.83809535,91405.01000000,91405.01000000,91340.23000000,91340.23000000,5.02214000,91428.0,91428.0,91410.0,91410.0,0.01346948,91405,91405,91342.16,91349.11,3.3735376,91397,91397,91346,91346,219167.92703560,91419.7,91419.7,91419.6,91419.6,0.30079896
2025-12-07 18:56,91345.58,91365.58,91274.99,91335.95,9.28876923,91340.23000000,91349.12000000,91283.82000000,91322.57000000,13.85048000,91400.0,91400.0,91340.0,91341.0,0.8001805599999999,91349.11,91349.12,91283.83,91322.57,9.35155083,91344.5,91344.6,91285.2,91313.8,330791.07939540,91419.6,91419.7,91293.7,91319.9,1.60021364
2025-12-07 18:57,91334.0,91404.7,91253.28,91381.31,7.16545341,91322.57000000,91373.89000000,91241.25000000,91373.88000000,21.36102000,91340.0,91397.0,91301.0,91397.0,0.56537177,91322.57,91373.9,91254.99,91373.89,15.25323189,91318.8,91369.8,91250,91369.8,352379.03683300,91320.3,91320.3,91269.1,91309.4,0.30171056
2025-12-07 18:58,91382.0,91407.98,91359.28,91399.92,1.64431362,91373.88000000,91404.83000000,91357.21000000,91383.40000000,3.88171000,91396.0,91396.0,91391.0,91391.0,0.008895759999999999,91373.89,91395.95,91357.21,91357.21,3.56538025,91371.8,91397.5,91355.7,91375,390511.78241190,91309.5,91404.6,91309.5,91404.6,0.77904583
2025-12-07 18:59,91399.98,91402.13,91349.43,91378.37,2.75038299,91383.39000000,91390.90000000,91362.72000000,91363.78000000,3.95945000,,,,,,91357.21,91390.94,91357.21,91363.78,2.9465151,91375.8,91393.8,91350.5,91362,370173.86211900,91404.6,91404.6,91404.5,91404.6,0.03939077
2025-12-07 19:00,91378.37,91490.15,91378.37,91455.38,5.33327715,91363.79000000,91470.31000000,91363.79000000,91460.01000000,12.08933000,91404.0,91459.0,91404.0,91459.0,0.00503956,91363.78,91464.1,91363.78,91464.1,3.49046363,91362,91459.6,91362,91459.5,383478.77186610,91404.6,91404.6,91404.5,91404.6,0.13022412
2025-12-07 19:01,91455.38,91471.54,91425.29,91436.0,1.57175766,91460.01000000,91460.02000000,91420.00000000,91426.98000000,3.68629000,91478.0,91480.0,91478.0,91480.0,0.00398946,91464.1,91464.1,91419.97,91421.34,7.59729641,91459.5,91459.5,91425,91425.1,386826.66965670,91404.6,91404.6,91404.5,91404.5,2.15538334
2025-12-07 19:02,91434.0,91434.0,91372.01,91379.27,4.33702036,91426.98000000,91426.98000000,91364.34000000,91377.28000000,4.64322000,91431.0,91431.0,91431.0,91431.0,0.00127916,91421.34,91427.02,91364.34,91380.22,3.05387685,91425.1,91425.1,91360.6,91369.5,328933.18093810,91404.6,91410.0,91404.6,91410.0,0.21510448
2025-12-07 19:03,91379.26,91444.0,91370.0,91431.37,1.17592634,91377.29000000,91433.23000000,91364.34000000,91423.23000000,7.53884000,,,,,,91380.22,91433.22,91364.24,91423.19,7.50279318,91369.6,91425.2,91369.5,91425,515609.72289290,91410.0,91410.0,91409.9,91409.9,0.21244992000000001
2025-12-07 19:04,91431.37,91434.0,91384.72,91395.76,1.07483273,91423.23000000,91425.32000000,91377.62000000,91377.62000000,1.79041000,,,,,,91423.19,91423.24,91377.54,91377.62,2.15970291,91425,91425,91377.7,91377.7,424909.64737580,91410.0,91410.0,91409.9,91409.9,0.0658737
2025-12-07 19:05,91395.77,91399.62,91282.96,91305.79,4.18743354,91377.62000000,91379.92000000,91272.51000000,91288.24000000,11.56887000,91423.0,91423.0,91340.0,91340.0,0.09701636000000001,91377.62,91385.98,91278.9,91278.9,6.83466368,91377.7,91377.7,91279.9,91281,390496.60633380,91410.0,91410.0,91287.8,91287.9,0.36119941
2025-12-07 19:06,91304.09,91309.31,91257.07,91289.32,3.14342284,91288.25000000,91292.83000000,91256.09000000,91284.23000000,1.87337000,91330.0,91330.0,91330.0,91330.0,0.00161177,91278.9,91292.08,91255.83,91284.23,2.27440297,91281,91282,91251.2,91277.8,289034.77979830,91287.9,91288.8,91276.0,91276.1,0.07313161
2025-12-07 19:07,91293.99,91357.03,91280.05,91347.01,9.58598679,91284.24000000,91334.83000000,91273.26000000,91334.83000000,6.18801000,91337.0,91337.0,91337.0,91337.0,0.00349768,91284.23,91334.84,91273.24,91334.83,4.45601952,91277.7,91332.1,91276,91332.1,376409.71015490,91276.1,91276.1,91276.0,91276.1,0.04837753
2025-12-07 19:08,91347.02,91365.99,91347.01,91358.34,1.35941123,91334.82000000,91351.92000000,91334.82000000,91350.98000000,2.79229000,,,,,,91334.83,91355.23,91334.8,91350.99,1.03086681,91332,91342.9,91332,91342.9,281803.93561860,91276.1,91279.9,91276.0,91279.9,0.15202758
2025-12-07 19:09,91358.35,91437.37,91358.35,91429.03,1.23142858,91350.99000000,91427.11000000,91350.98000000,91421.78000000,2.68161000,91376.0,91426.0,91376.0,91426.0,0.01496885,91350.99,91427.23,91350.98,91421.79,2.68712036,91342.8,91413.4,91342.8,91413.4,380630.42890460,91279.9,91362.8,91279.9,91362.8,0.11230188
2025-12-07 19:10,91436.33,91517.43,91436.33,91480.21,11.10578301,91421.79000000,91500.00000000,91421.79000000,91475.06000000,5.68804000,91430.0,91500.0,91430.0,91500.0,0.01238607,91421.79,91500,91421.79,91453.3,3.12673573,91413.4,91491.4,91413.4,91462,445805.91376650,91373.4,91500.0,91373.3,91500.0,1.9164167
2025-12-07 19:11,91478.03,91480.21,91448.33,91468.01,1.9151225,91475.07000000,91475.07000000,91440.21000000,91459.47000000,1.38866000,,,,,,91453.3,91475.07,91440.21,91459.42,1.90867207,91462,91462,91442.1,91448.9,412540.22516160,91500.0,91500.0,91499.9,91499.9,0.02682099
2025-12-07 19:12,91468.01,91541.59,91468.0,91487.9,3.67835621,91459.47000000,91539.03000000,91459.46000000,91473.61000000,6.99799000,91487.0,91530.0,91487.0,91530.0,0.0063523,91459.42,91533.68,91459.42,91473.61,4.83442528,91449,91518.2,91449,91474.1,483896.44353710,91499.9,91500.1,91499.9,91500.1,0.0868916
2025-12-07 19:13,91484.06,91544.32,91484.06,91530.9,2.14465944,91473.60000000,91527.44000000,91473.60000000,91527.44000000,3.44108000,91517.0,91520.0,91517.0,91520.0,0.83782875,91473.61,91527.44,91473.6,91527.43,2.41030354,91474.1,91515,91474.1,91514.9,245094.22970280,91500.1,91502.0,91500.0,91502.0,0.0267622
2025-12-07 19:14,91531.43,91570.89,91525.76,91539.61,1.64142151,91527.44000000,91545.95000000,91516.99000000,91526.13000000,2.96875000,91520.0,91548.0,91520.0,91548.0,0.16727445000000002,91527.43,91545.95,91516.96,91526.12,1.64563949,91514.9,91538.4,91513.5,91525,249466.44907890,91502.0,91502.0,91501.9,91501.9,0.0023009
2025-12-07 19:15,91539.26,91550.07,91503.44,91503.45,2.90464439,91526.14000000,91531.12000000,91492.34000000,91492.34000000,3.62287000,,,,,,91526.12,91531.12,91492.26,91492.34,2.68315539,91525,91525,91489.9,91489.9,185584.70343680,91502.0,91502.0,91501.9,91502.0,0.059300479999999996
2025-12-07 19:16,91503.45,91506.0,91431.37,91431.37,11.9167486,91492.34000000,91492.35000000,91420.69000000,91420.69000000,8.30677000,91504.0,91504.0,91504.0,91504.0,0.00011836,91492.34,91492.35,91423.2,91423.2,1.61741686,91489.8,91489.8,91412.8,91412.8,195903.18288040,91502.0,91502.0,91477.7,91477.7,0.40877177
2025-12-07 19:17,91431.36,91437.99,91417.72,91418.54,1.2924512,91420.69000000,91421.30000000,91409.42000000,91409.42000000,1.91918000,,,,,,91423.2,91423.2,91409.32,91409.42,5.98062147,91412.8,91412.8,91407.4,91407.4,166054.05856720,91477.7,91477.8,91467.8,91467.9,0.08449126
2025-12-07 19:18,91418.08,91486.46,91414.4,91482.24,1.91817457,91409.42000000,91482.42000000,91402.25000000,91482.41000000,4.58761000,91453.0,91453.0,91452.0,91452.0,0.05622692,91409.42,91477.51,91402.23,91477.51,0.99272236,91407.4,91470.6,91401.7,91470.6,252816.42809950,91467.9,91467.9,91467.8,91467.9,0.18440982999999997
2025-12-07 19:19,91482.23,91482.23,91385.15,91405.86,6.73471772,91482.41000000,91482.41000000,91386.02000000,91397.28000000,3.63267000,91457.0,91457.0,91450.0,91450.0,0.01267821,91477.51,91477.51,91390.85,91399.16,4.76843502,91470.5,91470.5,91390,91390,271194.33145460,91467.8,91467.8,91407.2,91407.2,0.08902585
2025-12-07 19:20,91405.86,91428.63,91405.86,91412.13,1.70207975,91397.28000000,91416.13000000,91397.28000000,91402.50000000,3.65417000,,,,,,91399.16,91416.13,91397.28,91402.5,2.59766341,91390,91407,91390,91401.3,217829.79788600,91407.2,91407.3,91407.2,91407.3,0.12761253
2025-12-07 19:21,91412.13,91412.13,91338.09,91338.09,2.01948421,91402.50000000,91402.51000000,91336.06000000,91336.06000000,1.16719000,91450.0,91450.0,91398.0,91398.0,0.012933,91402.5,91402.51,91336.06,91336.06,0.90329663,91401.4,91401.4,91338.7,91338.7,238190.01202380,91407.3,91407.3,91407.2,91407.3,0.15012934
2025-12-07 19:22,91338.08,91359.27,91319.8,91359.27,2.1697324,91336.07000000,91342.37000000,91308.00000000,91342.37000000,4.12257000,91390.0,91390.0,91380.0,91380.0,0.0014,91336.06,91336.06,91311.05,91328.66,2.8411701,91337.4,91337.4,91305.1,91327,241401.72327820,91407.2,91407.2,91328.2,91328.2,0.21654644
2025-12-07 19:23,91359.27,91372.0,91325.37,91329.04,0.78722308,91342.38000000,91359.99000000,91318.21000000,91318.22000000,2.05204000,,,,,,91328.66,91361.49,91318.22,91318.22,1.49223841,91333,91351,91321,91321,179513.72627610,91328.3,91328.3,91328.2,91328.3,0.17325446
2025-12-07 19:24,91329.02,91337.99,91325.38,91325.38,0.26504298,91318.22000000,91323.20000000,91312.83000000,91312.90000000,2.26764000,,,,,,91318.22,91323.22,91312.75,91312.89,1.60395897,91321,91321,91315.1,91315.1,167426.17731220,91328.3,91328.3,91328.3,91328.3,0.01626679
2025-12-07 19:25,91325.39,91325.39,91287.2,91310.03,8.52424126,91312.89000000,91312.90000000,91278.98000000,91296.55000000,1.88103000,91370.0,91370.0,91350.0,91350.0,0.00271353,91312.89,91312.9,91278.26,91296.56,1.33038719,91315.1,91315.1,91270.5,91289,141971.16478230,91328.3,91328.3,91328.2,91328.3,0.02480631
2025-12-07 19:26,91310.03,91310.03,91288.7,91300.01,1.8494814,91296.55000000,91296.55000000,91278.98000000,91281.28000000,1.94873000,,,,,,91296.56,91296.56,91278.96,91281.28,1.55217309,91289,91289,91281.4,91281.5,126476.36165540,91328.3,91328.3,91328.2,91328.3,0.02098877
2025-12-07 19:27,91300.0,91337.39,91284.01,91287.55,1.24896579,91281.28000000,91324.32000000,91278.00000000,91278.01000000,4.50283000,91355.0,91355.0,91355.0,91355.0,0.00022897,91281.28,91320.38,91278.19,91281.27,3.04558321,91281.5,91316.1,91281.4,91281.4,211211.94429590,91328.3,91328.3,91328.2,91328.2,0.02651754
2025-12-07 19:28,91285.85,91308.4,91257.53,91262.41,3.34460013,91278.00000000,91289.00000000,91252.75000000,91252.75000000,3.01885000,91340.0,91340.0,91330.0,91330.0,0.06807958,91281.27,91289,91252.71,91252.74,2.10356286,91281.4,91281.4,91253.7,91253.7,147970.61297870,91328.2,91328.3,91328.2,91328.2,0.12768394
2025-12-07 19:29,91262.37,91285.06,91255.71,91278.19,7.64397484,91252.76000000,91273.14000000,91248.05000000,91267.28000000,2.34546000,91320.0,91320.0,91320.0,91320.0,0.00069327,91252.74,91273.14,91248.04,91267.27,1.77729204,91253.7,91264,91249.9,91263.9,244571.01552360,91328.2,91328.2,91267.8,91267.9,0.17701322
2025-12-07 19:30,91278.19,91349.05,91261.77,91321.13,3.02418399,91267.27000000,91340.69000000,91255.41000000,91312.19000000,8.58508000,91321.0,91374.0,91321.0,91374.0,0.00146203,91267.27,91340.02,91255.27,91315,4.26809821,91263.9,91338.9,91261,91318,350215.41172120,91267.9,91284.1,91267.8,91284.0,1.51096505
2025-12-07 19:31,91321.12,91406.0,91321.12,91393.21,7.37331202,91312.19000000,91390.75000000,91312.18000000,91384.72000000,6.54859000,,,,,,91315,91390.74,91312.19,91384.72,5.32512945,91316.5,91385.7,91316.5,91385.7,357651.08789240,91284.1,91333.6,91284.0,91333.6,0.28195857
2025-12-07 19:32,91393.21,91422.0,91374.47,91391.99,4.17814967,91384.72000000,91400.00000000,91370.10000000,91376.47000000,7.02610000,91408.0,91416.0,91408.0,91416.0,0.00427253,91384.72,91400.02,91370.1,91376.47,6.6884647,91385.7,91397,91372,91372.1,309032.05117510,91333.6,91418.8,91333.6,91417.9,4.59314193
2025-12-07 19:33,91381.11,91386.0,91358.09,91365.26,1.02392101,91376.48000000,91376.48000000,91343.82000000,91348.26000000,2.87387000,,,,,,91376.47,91376.48,91343.85,91348.26,1.99503426,91372,91372,91350.4,91350.4,230012.30545950,91417.9,91417.9,91417.8,91417.9,1.0679618100000001
2025-12-07 19:34,91360.0,91371.15,91350.0,91352.01,2.3914123,91348.26000000,91348.27000000,91340.00000000,91340.01000000,1.15872000,,,,,,91348.26,91348.27,91339.97,91340.01,0.81358565,91350.4,91350.5,91345.8,91345.8,312208.39394080,91417.8,91417.9,91350.2,91350.2,0.89438865
2025-12-07 19:35,91351.94,91354.35,91346.56,91352.02,1.37732588,91340.01000000,91340.01000000,91340.00000000,91340.00000000,0.55364000,,,,,,91340.01,91340.01,91340,91340,0.38250012,91345.8,91345.8,91341.5,91341.5,304684.15572260,91350.3,91350.3,91350.2,91350.2,0.17529638
2025-12-07 19:36,91352.03,91378.28,91312.64,91337.85,2.8193535,91340.00000000,91348.26000000,91300.00000000,91319.97000000,6.34480000,91398.0,91398.0,91357.0,91357.0,0.025118460000000002,91340,91348.27,91299.74,91330.93,4.36771992,91341.5,91350.2,91306.1,91328,488640.72209060,91350.2,91350.3,91312.0,91312.0,0.27217577
2025-12-07 19:37,91337.85,91337.93,91277.88,91277.88,1.79818951,91319.98000000,91319.98000000,91260.20000000,91260.20000000,2.61719000,91356.0,91356.0,91356.0,91356.0,0.0001185,91330.93,91330.93,91271.99,91272.06,1.88377431,91328,91328,91273.2,91273.2,314262.96099810,91311.9,91312.0,91311.9,91311.9,0.02694352
2025-12-07 19:38,91274.49,91282.97,91227.84,91248.76,3.10613512,91260.19000000,91269.08000000,91213.37000000,91243.26000000,26.15043000,91316.0,91316.0,91290.0,91290.0,0.009762,91272.06,91276.14,91218.49,91244.95,18.18998734,91260.1,91261,91219.5,91243,375303.13349090,91311.9,91312.0,91278.9,91279.0,0.08250341
2025-12-07 19:39,91244.81,91297.44,91236.02,91284.03,6.75290641,91243.26000000,91266.89000000,91239.37000000,91266.89000000,5.03190000,91281.0,91281.0,91281.0,91281.0,0.01039464,91244.95,91266.89,91239.37,91266.89,3.68078505,91242.9,91266.3,91242,91266.3,242763.42746320,91279.0,91279.0,91278.9,91279.0,0.04898393
2025-12-07 19:40,91284.04,91300.0,91277.99,91287.21,0.72060062,91266.89000000,91291.87000000,91266.88000000,91270.53000000,2.99012000,,,,,,91266.89,91291.89,91266.88,91291.06,2.04541232,91266.3,91286.9,91266.2,91281,244649.92161460,91279.0,91279.0,91278.9,91279.0,0.03330892
2025-12-07 19:41,91287.2,91291.44,91260.93,91291.44,0.58317215,91270.54000000,91277.54000000,91253.21000000,91277.54000000,1.79231000,91311.0,91311.0,91296.0,91296.0,0.005,91291.06,91291.06,91253.21,91256.01,1.37414186,91277,91277.1,91254.6,91269.6,319531.74782510,91279.0,91279.0,91278.9,91278.9,0.0098414
2025-12-07 19:42,91291.44,91299.0,91266.67,91299.0,1.91859529,91277.53000000,91286.92000000,91257.65000000,91286.92000000,3.12584000,,,,,,91256.01,91286.92,91256.01,91286.92,2.17748293,91270,91278,91262,91278,316452.22186780,91278.9,91279.0,91278.9,91279.0,0.01832239
2025-12-07 19:43,91296.43,91355.01,91292.36,91347.98,2.24010288,91286.92000000,91343.75000000,91286.92000000,91333.98000000,2.61670000,91325.0,91342.0,91325.0,91342.0,0.00321429,91286.92,91343.12,91286.92,91333.97,5.66420992,91278,91341.8,91278,91338,254355.61535960,91279.0,91288.3,91278.9,91288.3,0.33135317000000003
2025-12-07 19:44,91347.98,91421.91,91347.97,91380.74,1.31253772,91333.98000000,91405.67000000,91333.97000000,91376.16000000,4.50459000,91370.0,91410.0,91370.0,91410.0,0.0051912699999999996,91333.97,91405.67,91333.97,91379.65,3.14782696,91338.1,91400.2,91338.1,91386,317239.67504580,91288.2,91340.4,91288.2,91340.3,0.29049353
2025-12-07 19:45,91382.68,91441.82,91370.98,91377.95,0.7689084,91376.15000000,91424.71000000,91361.63000000,91361.64000000,2.09086000,91419.0,91420.0,91419.0,91420.0,0.02478066,91379.65,91424.74,91361.63,91361.64,1.34325972,91379.6,91413.5,91369.9,91369.9,204583.10405690,91340.4,91353.7,91340.3,91353.6,0.24059855
2025-12-07 19:46,91375.92,91422.88,91375.92,91417.22,0.91785383,91361.63000000,91404.05000000,91361.63000000,91403.89000000,2.33676000,,,,,,91361.64,91403.89,91361.63,91403.89,4.29794699,91370,91402.2,91370,91402.2,277042.21540260,91353.6,91353.7,91353.6,91353.6,0.00549418
2025-12-07 19:47,91417.22,91427.06,91361.55,91418.01,1.57230646,91403.89000000,91404.84000000,91366.12000000,91404.84000000,1.46983000,91420.0,91420.0,91420.0,91420.0,0.00151,91403.89,91404.86,91366.12,91404.85,1.48330882,91402.1,91402.1,91372,91398.9,220855.28899220,91353.7,91353.7,91353.6,91353.7,0.04165732
2025-12-07 19:48,91418.0,91449.99,91399.99,91430.0,1.58058067,91404.83000000,91424.34000000,91391.81000000,91415.23000000,2.54743000,,,,,,91404.85,91415.23,91391.81,91415.23,1.72783646,91399,91412.9,91399,91407,255259.76344550,91353.7,91353.7,91353.6,91353.7,0.038637160000000004
2025-12-07 19:49,91428.04,91441.07,91379.74,91380.08,1.02410159,91415.23000000,91423.10000000,91376.97000000,91377.97000000,3.31597000,,,,,,91415.23,91423.28,91376.42,91377.96,1.84325675,91406.9,91413.1,91381.2,91381.2,150278.51382860,91353.7,91379.9,91353.7,91379.9,0.07352166
2025-12-07 19:50,91382.75,91433.99,91382.75,91427.12,0.69306455,91377.97000000,91419.60000000,91377.96000000,91415.82000000,4.19932000,91422.0,91422.0,91422.0,91422.0,0.0002,91377.96,91415.86,91377.86,91415.85,3.80742758,91381.1,91409,91381.1,91409,164965.94827920,91379.8,91379.9,91379.8,91379.9,0.14072877
2025-12-07 19:51,91427.09,91427.09,91324.01,91339.96,3.84608609,91415.81000000,91415.81000000,91312.21000000,91323.31000000,5.04074000,91383.0,91383.0,91383.0,91383.0,0.05286736,91415.85,91415.85,91312.58,91327.46,2.10096395,91409,91409,91319,91320.9,296512.15508150,91379.9,91380.0,91379.9,91379.9,0.033706599999999996
2025-12-07 19:52,91339.97,91386.64,91339.96,91376.0,1.20914374,91323.31000000,91359.00000000,91323.31000000,91359.00000000,2.43012000,,,,,,91327.46,91359,91327.46,91358.99,4.21138751,91323,91352.8,91323,91352.8,139758.88616820,91379.9,91379.9,91353.6,91371.7,1.65700117
2025-12-07 19:53,91377.84,91382.0,91329.06,91342.25,0.90927271,91358.99000000,91362.15000000,91321.83000000,91331.32000000,3.08136000,,,,,,91358.99,91362.14,91321.79,91324,1.80367117,91352.7,91353,91315.7,91323,191789.86447980,91371.8,91371.8,91353.6,91353.7,0.5354992799999999
2025-12-07 19:54,91342.25,91358.0,91324.18,91331.99,0.74411816,91331.33000000,91340.26000000,91317.63000000,91317.63000000,1.28998000,,,,,,91324,91340.3,91317.62,91317.63,1.25723385,91323,91333.3,91323,91324.1,155354.93774170,91353.6,91353.7,91353.6,91353.6,0.01456921
2025-12-07 19:55,91331.34,91360.13,91330.0,91352.48,0.84994147,91317.64000000,91338.95000000,91317.64000000,91335.41000000,0.81050000,,,,,,91317.63,91335.41,91317.63,91335.41,0.52383985,91324.1,91332.5,91324.1,91332.5,237746.82389040,91353.7,91353.7,91353.6,91353.7,0.01081412
2025-12-07 19:56,91352.47,91352.48,91299.93,91308.37,2.02054309,91335.40000000,91335.40000000,91292.14000000,91292.15000000,2.24544000,91379.0,91379.0,91379.0,91379.0,0.0020557600000000002,91335.41,91335.41,91292.13,91292.15,1.55761232,91332.4,91332.4,91291.2,91291.2,213836.71566010,91353.6,91353.7,91353.6,91353.6,0.009458439999999999
2025-12-07 19:57,91302.0,91356.77,91297.88,91347.98,1.5573459,91292.14000000,91337.57000000,91292.14000000,91337.57000000,5.06781000,,,,,,91292.15,91337.57,91292.14,91337.57,6.21816304,91291.3,91334.4,91291.2,91334.4,137586.96380800,91353.7,91353.7,91353.6,91353.7,0.00958681
2025-12-07 19:58,91347.97,91380.08,91333.93,91380.08,0.45360101,91337.57000000,91362.04000000,91328.70000000,91362.04000000,1.89578000,,,,,,91337.57,91362.03,91328.67,91362.03,1.1272946,91334.3,91359,91333,91359,192961.93832500,91353.7,91353.7,91353.6,91353.6,0.04931118
2025-12-07 19:59,91380.08,91435.57,91380.01,91435.57,0.81293884,91362.04000000,91425.52000000,91362.03000000,91425.52000000,4.03185000,91380.0,91419.0,91380.0,91419.0,0.00214422,91362.03,91410,91362.03,91410,2.1712284,91359,91416.8,91359,91416.8,306214.92868010,91353.7,91359.8,91353.6,91359.8,0.25035590999999996
2025-12-07 20:00,91435.57,91488.63,91405.92,91405.92,2.19024044,91425.51000000,91470.00000000,91404.00000000,91404.01000000,6.38054000,91430.0,91491.0,91430.0,91490.0,1.0050945599999999,91410,91466.32,91410,91428.59,3.34143598,91418.1,91472.4,91406.9,91406.9,354500.89696610,91359.9,91409.9,91359.9,91409.9,0.60241437
2025-12-07 20:01,91404.84,91450.0,91389.86,91442.45,0.88648179,91404.00000000,91432.75000000,91386.07000000,91432.75000000,2.37330000,91477.0,91477.0,91477.0,91477.0,0.0024,91428.59,91432.75,91385.94,91432.75,3.07986956,91401.1,91425,91385,91425,226138.29804760,91409.9,91417.9,91409.8,91417.8,0.03142965
2025-12-07 20:02,91442.9,91450.0,91398.0,91409.62,1.1394664,91432.75000000,91432.75000000,91390.85000000,91391.41000000,1.86003000,91476.0,91476.0,91476.0,91476.0,0.00039442,91432.75,91432.75,91390.84,91391.36,0.71949042,91425,91426,91391.9,91397.9,193991.78976370,91417.8,91417.9,91417.8,91417.8,0.00852004
2025-12-07 20:03,91408.03,91428.0,91377.84,91425.93,3.55786197,91391.42000000,91416.63000000,91391.41000000,91407.83000000,3.13941000,,,,,,91391.36,91416.64,91391.36,91416.62,2.08947507,91397.1,91406.7,91389.9,91405,264929.18094370,91417.8,91417.9,91404.3,91417.9,0.05894244
2025-12-07 20:04,91423.96,91423.96,91376.0,91376.38,1.51349898,91407.83000000,91407.83000000,91365.01000000,91367.13000000,0.96662000,91456.0,91456.0,91438.0,91438.0,0.00111835,91416.62,91416.62,91365.02,91367.13,1.51141945,91404.9,91404.9,91363.8,91363.8,217371.08891430,91417.9,91417.9,91393.9,91393.9,0.06379979
2025-12-07 20:05,91376.37,91392.0,91333.84,91338.09,4.34185788,91367.13000000,91367.13000000,91326.75000000,91327.32000000,4.54961000,91402.0,91402.0,91402.0,91402.0,0.00015401,91367.13,91367.13,91327.31,91327.31,3.11353915,91363.8,91363.8,91330.9,91330.9,166264.14511560,91394.0,91394.0,91383.4,91383.5,0.0233448
2025-12-07 20:06,91337.37,91413.8,91333.84,91400.0,3.67550469,91327.31000000,91389.99000000,91322.00000000,91389.98000000,3.53820000,91430.0,91430.0,91406.0,91406.0,0.98,91327.31,91389.99,91321.98,91389.98,2.4738144,91330.9,91385,91326.3,91384.9,330920.86216090,91383.5,91383.5,91372.8,91372.8,0.03779639
2025-12-07 20:07,91400.0,91400.0,91384.72,91384.72,1.04384184,91389.98000000,91389.99000000,91362.44000000,91362.44000000,0.81560000,91423.0,91423.0,91423.0,91423.0,0.003,91389.98,91389.99,91380.55,91380.6,0.43039565,91384.9,91385,91372,91372,188732.37569190,91372.9,91372.9,91372.8,91372.8,0.12246564
2025-12-07 20:08,91380.48,91380.48,91304.86,91354.88,3.81952474,91362.43000000,91362.43000000,91308.82000000,91340.84000000,3.79792000,91425.0,91425.0,91390.0,91390.0,0.0034857,91380.6,91380.6,91308.82,91355.76,2.3677626,91369.8,91369.8,91311.2,91349,265099.43005550,91372.9,91372.9,91372.8,91372.9,0.01256176
2025-12-07 20:09,91350.0,91374.0,91346.57,91364.25,0.4871188,91340.85000000,91351.05000000,91340.83000000,91351.04000000,1.09550000,,,,,,91355.76,91355.76,91340.81,91351.04,1.21236149,91348,91348,91344.5,91347.9,250445.08465600,91372.9,91372.9,91372.8,91372.9,0.7383352000000001
2025-12-07 20:10,91362.13,91381.0,91356.0,91380.98,0.88292769,91351.04000000,91371.19000000,91348.19000000,91371.18000000,2.38599000,,,,,,91351.04,91371.19,91348.16,91371.18,1.62806631,91347.9,91363.6,91347.9,91362.2,160586.25459530,91372.8,91372.9,91372.8,91372.8,0.03989863
2025-12-07 20:11,91378.63,91399.56,91356.21,91361.47,1.06598749,91371.18000000,91372.85000000,91351.86000000,91351.86000000,1.77937000,,,,,,91371.18,91372.84,91351.86,91351.87,1.29531896,91362.2,91371.2,91354,91354.1,205333.67913550,91372.9,91372.9,91372.8,91372.9,0.02167968
2025-12-07 20:12,91361.54,91395.35,91350.81,91394.98,0.36815538,91351.87000000,91375.63000000,91344.36000000,91375.63000000,0.89805000,,,,,,91351.87,91376.23,91344.27,91375.63,0.41928469,91354,91371,91352,91371,202260.74676620,91372.9,91372.9,91372.8,91372.9,0.02023703
2025-12-07 20:13,91394.98,91410.14,91367.76,91376.88,1.83193433,91375.62000000,91389.99000000,91360.00000000,91365.61000000,3.09968000,,,,,,91375.63,91389.99,91359.98,91365.62,1.74689807,91372,91384.2,91360.2,91360.3,178043.70418530,91372.9,91372.9,91372.8,91372.9,0.011035870000000001
2025-12-07 20:14,91372.55,91383.67,91367.26,91368.47,0.67349706,91365.61000000,91365.62000000,91358.74000000,91358.74000000,1.90288000,,,,,,91365.62,91365.62,91354.7,91358.74,1.8139054,91360.2,91360.3,91360.2,91360.3,174356.54213800,91372.9,91381.8,91372.9,91379.4,0.4221386
2025-12-07 20:15,91374.06,91413.11,91366.74,91379.27,0.98542355,91358.74000000,91389.75000000,91358.74000000,91367.16000000,1.79756000,,,,,,91358.74,91393.11,91358.74,91367.17,1.33467087,91360.3,91385.1,91360.3,91366,128881.63924340,91379.5,91379.5,91374.1,91374.1,0.049988120000000004
2025-12-07 20:16,91379.28,91411.52,91344.82,91403.8,2.03563257,91367.16000000,91387.11000000,91335.88000000,91387.10000000,3.65441000,,,,,,91367.17,91387.11,91340,91387.1,5.59163143,91366,91381,91340.1,91380.9,139329.55554650,91374.2,91374.2,91374.1,91374.2,0.11007143
2025-12-07 20:17,91404.08,91433.82,91384.73,91384.74,1.37141733,91387.11000000,91412.78000000,91382.20000000,91382.21000000,4.85584000,91409.0,91409.0,91409.0,91409.0,0.0001182,91387.1,91412.92,91382.19,91382.2,3.66149515,91381,91410.4,91381,91385.1,184263.19647300,91374.2,91374.2,91374.1,91374.2,0.02590769
2025-12-07 20:18,91389.05,91389.31,91343.33,91370.48,1.48200771,91382.20000000,91382.20000000,91340.00000000,91355.43000000,0.84402000,91429.0,91429.0,91429.0,91429.0,0.5,91382.2,91382.2,91340,91355.43,0.6580894,91385,91385,91341.8,91352,169855.91985460,91374.2,91374.2,91374.1,91374.1,0.09362501000000001
2025-12-07 20:19,91374.94,91408.9,91373.2,91376.95,1.74625201,91355.43000000,91392.69000000,91355.43000000,91363.11000000,2.89103000,91415.0,91415.0,91415.0,91415.0,7.659e-05,91355.43,91392.69,91355.43,91363.11,2.07955299,91352,91385.3,91352,91367.7,210358.10769530,91374.1,91379.9,91374.1,91379.8,0.08621945
2025-12-07 20:20,91379.98,91384.12,91355.3,91355.98,2.46396416,91363.11000000,91364.31000000,91342.09000000,91342.09000000,4.78040000,91404.0,91404.0,91403.0,91403.0,0.0041182,91363.11,91364.31,91340.99,91342.09,1.8634136,91367.6,91367.6,91350,91355,79365.11974240,91379.8,91379.9,91379.8,91379.9,0.01823126
2025-12-07 20:21,91355.98,91370.98,91344.02,91366.47,1.35819995,91342.10000000,91350.71000000,91342.08000000,91350.70000000,0.75633000,91383.0,91383.0,91383.0,91383.0,0.05947,91342.09,91350.76,91342.08,91350.7,0.60209347,91348.1,91348.1,91342.1,91342.5,27289.86103460,91379.9,91379.9,91379.8,91379.9,0.26207075
2025-12-07 20:22,91368.52,91426.27,91368.52,91424.4,0.5778466,91350.69000000,91408.13000000,91350.69000000,91408.13000000,1.54806000,91386.0,91396.0,91386.0,91396.0,0.00069596,91350.7,91409.23,91350.69,91408.12,1.08392574,91343,91393.5,91343,91393.5,97886.91256680,91379.9,91379.9,91379.8,91379.9,0.0068608
2025-12-07 20:23,91426.27,91505.0,91422.01,91477.36,4.82607869,91408.12000000,91491.24000000,91408.12000000,91464.34000000,8.63403000,91428.0,91490.0,91428.0,91490.0,0.0062759700000000005,91408.12,91491.24,91408.12,91474.43,6.1812532,91401,91481.7,91401,91470,177124.51112940,91379.8,91448.6,91379.8,91448.6,2.61207602
2025-12-07 20:24,91476.01,91508.16,91467.05,91474.0,1.62745938,91464.34000000,91481.35000000,91454.72000000,91454.73000000,4.91939000,,,,,,91474.43,91481.31,91459.94,91468.18,3.22872866,91470.9,91479.9,91458.2,91466,90966.46394430,91448.6,91477.7,91448.5,91477.7,0.0198367
2025-12-07 20:25,91474.01,91484.0,91405.92,91414.87,3.22444497,91454.73000000,91466.62000000,91398.50000000,91398.51000000,5.38257000,91474.0,91474.0,91474.0,91474.0,0.025,91468.18,91468.18,91398.46,91398.51,3.84938239,91463.4,91463.5,91395.3,91397.5,354275.98429310,91477.6,91477.7,91448.6,91448.7,0.0202197
2025-12-07 20:26,91414.03,91464.44,91414.03,91464.44,3.66179504,91398.51000000,91453.15000000,91398.51000000,91453.15000000,3.18405000,91434.0,91440.0,91434.0,91440.0,0.0239731,91398.51,91441.8,91398.51,91441.74,2.16373282,91397.5,91440.5,91397.5,91440.5,300315.17887870,91448.7,91448.7,91448.5,91448.7,0.04681585
2025-12-07 20:27,91461.99,91461.99,91411.8,91432.0,1.38782146,91453.14000000,91453.14000000,91420.00000000,91420.01000000,1.64924000,,,,,,91441.74,91453.18,91419.37,91420,1.24171002,91441.7,91441.7,91420,91420,230676.88386770,91448.7,91448.7,91448.7,91448.7,0.86083869
2025-12-07 20:28,91428.34,91492.49,91428.34,91469.53,9.18327459,91420.01000000,91468.64000000,91420.01000000,91460.36000000,8.11281000,91449.0,91496.0,91449.0,91478.0,0.03561372,91420,91469.14,91420,91462.24,5.05645273,91420.1,91462,91420.1,91461.9,392289.07346410,91448.7,91448.7,91448.6,91448.6,0.00732235
2025-12-07 20:29,91469.53,91475.82,91445.14,91452.0,1.0782807,91459.99000000,91459.99000000,91430.09000000,91430.10000000,2.96531000,,,,,,91462.24,91462.24,91430.09,91430.09,2.70501695,91462,91462,91441.7,91441.7,273915.03047760,91448.6,91469.5,91448.6,91469.2,0.3820647
2025-12-07 20:30,91452.0,91452.0,91403.49,91404.01,1.80939194,91430.10000000,91430.10000000,91389.46000000,91389.47000000,2.06724000,91470.0,91470.0,91467.0,91467.0,0.04859842,91430.09,91430.1,91396.83,91396.83,1.39554218,91441.7,91441.7,91402,91402,174129.39808780,91469.1,91469.1,91432.0,91432.1,0.1031829
2025-12-07 20:31,91404.01,91413.21,91359.6,91372.21,2.32910852,91389.47000000,91399.89000000,91350.86000000,91350.87000000,1.44306000,91454.0,91454.0,91428.0,91428.0,0.0030868,91396.83,91397.92,91350.83,91350.87,1.04944006,91399.6,91399.6,91359,91359,237130.02957380,91432.0,91432.1,91432.0,91432.0,0.20888305999999998
2025-12-07 20:32,91366.07,91409.14,91355.16,91399.44,1.36579034,91350.86000000,91386.86000000,91342.08000000,91382.30000000,2.26735000,91422.0,91422.0,91422.0,91422.0,0.00239854,91350.87,91386.87,91342.06,91382.3,1.75716487,91359,91379,91350.7,91379,257906.86946090,91431.1,91431.1,91421.2,91421.2,0.00678343
2025-12-07 20:33,91397.83,91399.69,91338.08,91345.91,8.94542364,91382.30000000,91382.30000000,91324.80000000,91329.38000000,3.80942000,91421.0,91421.0,91420.0,91420.0,0.00131191,91382.3,91382.3,91329.24,91329.33,2.58383272,91378.9,91378.9,91329.1,91336.4,237902.32603450,91421.3,91421.3,91391.1,91391.2,0.03899267
2025-12-07 20:34,91345.91,91386.0,91345.9,91382.46,0.41424084,91329.37000000,91365.25000000,91324.39000000,91365.24000000,1.87242000,,,,,,91329.33,91365.25,91324.37,91365.24,1.39311747,91336,91359,91328.8,91359,232670.48522480,91391.1,91391.2,91360.8,91360.8,3.25270408
2025-12-07 20:35,91384.23,91406.57,91361.0,91370.18,1.78469344,91365.24000000,91380.00000000,91349.47000000,91349.47000000,1.53615000,91422.0,91422.0,91422.0,91422.0,0.00025,91365.24,91380.02,91349.47,91349.47,1.0205665,91359,91381.4,91357.5,91357.5,240550.87386920,91360.8,91360.9,91360.8,91360.9,0.30255001000000004
2025-12-07 20:36,91370.18,91401.95,91362.94,91375.98,1.04721421,91349.48000000,91385.99000000,91349.48000000,91362.05000000,1.14901000,91428.0,91428.0,91428.0,91428.0,6.123e-05,91349.47,91385.99,91349.47,91362.06,0.80929268,91357.5,91382.3,91357.5,91371,217327.34069940,91360.9,91360.9,91360.8,91360.8,0.27647814000000004
2025-12-07 20:37,91375.99,91393.01,91363.53,91393.0,0.84259134,91362.05000000,91367.71000000,91350.17000000,91367.71000000,2.13389000,,,,,,91362.06,91367.71,91345.48,91367.7,1.49704877,91369,91369.1,91360.3,91363,197308.67813380,91360.9,91360.9,91360.8,91360.9,0.01016816
2025-12-07 20:38,91393.0,91410.35,91375.47,91383.88,1.87590206,91367.71000000,91384.49000000,91361.52000000,91361.52000000,2.33274000,,,,,,91367.7,91384.51,91367.7,91377.09,1.60414522,91363,91381,91363,91373.9,160494.61161500,91360.9,91360.9,91360.8,91360.9,0.14138804
2025-12-07 20:39,91384.34,91430.95,91378.29,91420.08,0.48449672,91361.52000000,91415.44000000,91361.51000000,91415.43000000,3.53237000,,,,,,91377.09,91415.45,91361.51,91415.43,2.50061995,91373.9,91405,91373.9,91405,80455.63748000,91360.9,91360.9,91360.8,91360.8,0.01731884
2025-12-07 20:40,91420.08,91422.93,91413.34,91414.61,0.37119353,91415.43000000,91415.44000000,91405.72000000,91405.72000000,0.63230000,,,,,,91415.43,91415.43,91405.69,91405.73,0.43794401,91404.9,91405,91404.9,91404.9,128775.77425810,91360.9,91360.9,91360.8,91360.8,0.01472467
2025-12-07 20:41,91414.61,91430.02,91414.61,91422.51,0.19911889,91405.73000000,91414.54000000,91405.72000000,91414.54000000,1.23432000,,,,,,91405.73,91414.6,91405.72,91414.54,0.84485543,91404.9,91408.3,91404.9,91408.3,123238.72986400,91360.8,91360.9,91360.8,91360.9,0.01125091
2025-12-07 20:42,91422.6,91482.03,91422.51,91482.03,2.7394599,91414.54000000,91469.84000000,91414.53000000,91469.83000000,2.66573000,91448.0,91448.0,91448.0,91448.0,0.00127917,91414.54,91469.86,91414.53,91469.83,1.88008589,91408.2,91461.2,91408.2,91461.2,172041.97720010,91360.8,91476.6,91360.8,91476.6,0.59406649
2025-12-07 20:43,91482.22,91496.0,91482.21,91488.13,0.41033732,91469.83000000,91477.10000000,91469.83000000,91477.10000000,0.88090000,91480.0,91480.0,91480.0,91480.0,0.0010544600000000001,91469.83,91477.12,91469.83,91477.1,0.75897737,91461.6,91481.2,91461.6,91481.1,119044.36916640,91477.6,91480.0,91477.6,91480.0,0.32090926999999997
2025-12-07 20:44,91488.4,91534.51,91476.96,91499.71,10.3317654,91477.09000000,91510.40000000,91473.29000000,91490.93000000,28.64872000,91500.0,91520.0,91500.0,91520.0,0.00469766,91477.1,91510.35,91473.26,91492.52,19.42356308,91481.1,91514.3,91475,91498.3,192738.53285610,91480.0,91480.0,91479.9,91480.0,0.022269670000000002
2025-12-07 20:45,91496.92,91506.08,91452.77,91464.74,1.12481002,91490.93000000,91490.93000000,91444.93000000,91444.93000000,2.96959000,,,,,,91492.52,91492.52,91444.93,91444.94,1.99319709,91495,91495,91452.7,91452.7,290704.75163210,91480.0,91480.0,91450.2,91453.6,0.51618803
2025-12-07 20:46,91464.73,91499.11,91462.0,91462.34,1.47814003,91444.94000000,91481.53000000,91444.93000000,91449.24000000,2.66932000,,,,,,91444.94,91481.63,91444.93,91449.24,2.60839468,91452.8,91477.5,91451.7,91451.7,328941.56457700,91453.7,91458.1,91453.7,91457.8,0.12450522
2025-12-07 20:47,91462.34,91507.51,91462.0,91507.51,2.55037109,91449.23000000,91488.25000000,91445.84000000,91487.71000000,3.66392000,,,,,,91449.24,91487.73,91445.84,91487.71,2.52001082,91451.8,91484.3,91451.7,91484.3,293063.82909180,91457.9,91457.9,91457.8,91457.9,0.04410055
2025-12-07 20:48,91504.03,91507.38,91461.03,91466.2,1.57974406,91487.72000000,91499.49000000,91450.65000000,91451.40000000,4.38183000,91509.0,91509.0,91509.0,91509.0,0.00026314999999999997,91487.71,91500.16,91450.64,91451.39,2.98428965,91485.9,91491,91457.6,91457.7,288527.88566940,91457.8,91457.9,91457.8,91457.9,0.03121622
2025-12-07 20:49,91468.05,91470.45,91437.58,91439.85,6.79099799,91451.41000000,91454.67000000,91424.35000000,91424.36000000,0.36937000,91508.0,91508.0,91508.0,91508.0,0.00011829999999999999,91451.39,91454.7,91424.35,91424.35,0.3867824,91457.6,91457.6,91441.7,91441.7,150868.35431400,91457.9,91457.9,91457.8,91457.9,0.03327795
2025-12-07 20:50,91439.85,91444.96,91414.17,91421.55,1.06575957,91424.35000000,91424.35000000,91405.29000000,91405.29000000,2.21695000,,,,,,91424.35,91424.35,91405.25,91405.29,1.56329819,91434.4,91434.4,91413.4,91413.4,138436.35417810,91457.9,91457.9,91457.8,91457.9,0.12636435000000001
2025-12-07 20:51,91421.44,91469.52,91421.44,91451.57,0.4585622,91405.29000000,91453.96000000,91405.29000000,91440.00000000,2.57771000,,,,,,91405.29,91456.58,91405.29,91439.99,1.82844753,91413.4,91450,91413.4,91447,262356.19290370,91457.8,91457.9,91457.8,91457.8,0.19853134
2025-12-07 20:52,91448.33,91456.75,91398.04,91399.62,1.73150501,91439.99000000,91440.00000000,91386.00000000,91386.00000000,5.31676000,91474.0,91474.0,91474.0,91474.0,0.00039448,91439.99,91440,91400,91400,2.75359002,91447,91447.1,91397,91397,256013.94851950,91457.8,91457.9,91445.4,91445.4,0.24241415
2025-12-07 20:53,91397.44,91408.08,91384.72,91402.47,1.23314569,91385.99000000,91391.03000000,91376.24000000,91391.01000000,7.14526000,91449.0,91449.0,91449.0,91449.0,0.00321488,91400,91400,91379.26,91390.97,5.90647056,91393.6,91393.6,91378.8,91386.9,256953.83265770,91445.4,91445.4,91390.8,91390.8,0.69544542
2025-12-07 20:54,91406.06,91452.35,91406.06,91425.07,0.47694822,91391.02000000,91430.77000000,91391.01000000,91411.53000000,1.71143000,91449.0,91449.0,91448.0,91448.0,0.02205,91390.97,91430.77,91390.97,91430.77,1.15781853,91387,91430.1,91387,91425,199452.67458180,91390.9,91390.9,91390.8,91390.9,0.01534235
2025-12-07 20:55,91425.58,91451.99,91418.33,91446.94,1.19361949,91411.53000000,91432.19000000,91411.52000000,91432.19000000,0.47695000,91450.0,91450.0,91450.0,91450.0,0.0029703999999999998,91430.77,91432.39,91411.52,91432.18,0.4309265,91424,91426,91417,91426,223686.65904370,91390.9,91390.9,91390.8,91390.9,0.01280241
2025-12-07 20:56,91446.95,91447.24,91425.33,91435.55,0.73194609,91432.19000000,91432.19000000,91420.29000000,91420.30000000,0.65269000,,,,,,91432.18,91432.19,91418.28,91420.3,0.45094931,91427,91427,91418.2,91418.2,153416.22777460,91390.9,91390.9,91390.8,91390.9,0.06944521
2025-12-07 20:57,91434.09,91476.58,91434.09,91456.8,0.86317934,91420.30000000,91450.00000000,91420.30000000,91450.00000000,0.58682000,,,,,,91420.3,91450.04,91420.29,91449.99,0.51290121,91418.3,91447.7,91418.3,91447.7,175613.70849240,91390.9,91393.0,91390.8,91393.0,0.8578358399999999
2025-12-07 20:58,91452.57,91471.34,91444.0,91471.34,0.42476369,91449.99000000,91453.50000000,91438.12000000,91453.50000000,0.85578000,,,,,,91449.99,91450,91438.08,91438.13,0.40618722,91447.7,91447.7,91442,91446,212021.16982760,91393.0,91419.9,91393.0,91419.9,0.09120062
2025-12-07 20:59,91471.34,91473.65,91446.28,91446.28,0.72075504,91453.99000000,91453.99000000,91439.04000000,91439.04000000,0.58728000,,,,,,91438.13,91453.99,91438.13,91439.04,0.84317483,91446.6,91447.9,91446.5,91446.5,210740.24240310,91419.9,91420.0,91419.8,91420.0,0.02241997
2025-12-07 21:00,91454.22,91457.6,91403.21,91418.59,1.768595,91439.05000000,91439.05000000,91390.85000000,91404.90000000,2.04663000,91478.0,91478.0,91467.0,91467.0,0.10056827,91439.04,91439.05,91390.75,91404.89,1.42921741,91446.6,91446.6,91399,91399,100740.38744210,91420.0,91420.0,91419.9,91420.0,0.07826443
2025-12-07 21:01,91418.59,91419.27,91360.08,91360.08,2.81556446,91404.89000000,91404.90000000,91352.00000000,91352.00000000,1.79077000,91464.0,91464.0,91441.0,91441.0,0.10923415,91404.89,91404.9,91353.48,91353.49,1.42218543,91399.1,91399.1,91353.1,91353.1,58991.28261870,91419.9,91419.9,91385.6,91385.6,0.05879022
2025-12-07 21:02,91360.08,91372.0,91307.61,91368.01,3.34287226,91351.18000000,91351.19000000,91310.00000000,91351.18000000,7.52771000,91420.0,91420.0,91380.0,91380.0,0.048174840000000003,91353.49,91353.49,91332.86,91351.17,5.00433683,91345.4,91348.4,91307.7,91348.3,192868.40972430,91385.7,91385.7,91306.9,91350.7,10.18336227
2025-12-07 21:03,91368.01,91368.01,91329.6,91344.05,0.9485657,91351.17000000,91351.18000000,91315.45000000,91335.34000000,6.11963000,91385.0,91385.0,91385.0,91385.0,0.00402526,91351.17,91351.18,91322.4,91335.35,4.39852108,91348.3,91348.3,91314.1,91343,158339.75229620,91350.7,91350.7,91343.0,91343.1,0.05566537
2025-12-07 21:04,91344.04,91362.14,91331.7,91348.23,0.80878043,91335.35000000,91345.61000000,91317.51000000,91332.43000000,1.25745000,,,,,,91335.35,91345.64,91322,91332.44,0.89428838,91343,91343,91320.4,91324,111866.98531180,91343.0,91343.1,91343.0,91343.1,0.02950656
2025-12-07 21:05,91345.53,91365.92,91344.28,91344.28,1.1078194,91332.44000000,91344.31000000,91332.44000000,91335.79000000,2.27599000,91383.0,91383.0,91377.0,91377.0,0.52146931,91332.44,91344.36,91332.44,91335.8,1.34953037,91324,91338,91324,91337.9,336066.89712490,91343.0,91343.1,91343.0,91343.1,0.2024107
2025-12-07 21:06,91338.09,91348.0,91302.03,91305.51,2.0689901,91335.79000000,91335.79000000,91287.22000000,91287.22000000,6.31463000,91370.0,91370.0,91358.0,91358.0,0.06398444,91335.8,91335.8,91285.87,91285.87,4.37700909,91337.9,91337.9,91286.4,91295.1,373195.15559660,91343.0,91343.0,91316.0,91316.1,0.12065949
2025-12-07 21:07,91302.03,91302.03,91257.53,91290.02,8.76994869,91287.22000000,91287.22000000,91250.00000000,91273.73000000,22.55396000,91350.0,91350.0,91320.0,91320.0,0.01295813,91285.87,91286.55,91247.15,91261.87,15.63903365,91295,91295,91245.8,91267,296433.08134990,91316.1,91316.1,91250.0,91255.4,0.70314476
2025-12-07 21:08,91289.94,91310.22,91289.48,91306.59,0.53410055,91274.56000000,91289.71000000,91274.56000000,91289.71000000,0.57382000,,,,,,91261.87,91286.28,91261.87,91286.23,0.49693413,91269.7,91282.6,91269.7,91282.6,236273.28287700,91255.4,91255.5,91255.4,91255.5,0.24444549
2025-12-07 21:09,91312.63,91313.51,91296.0,91309.02,0.71971466,91289.71000000,91299.90000000,91289.71000000,91299.90000000,0.47631000,,,,,,91286.23,91289.72,91286.23,91289.72,0.38786457,91285.2,91289.7,91285.1,91289.7,181801.09247000,91255.4,91255.5,91255.4,91255.4,0.03629017
2025-12-07 21:10,91309.02,91382.0,91309.02,91335.89,2.07047409,91299.90000000,91359.77000000,91299.90000000,91334.02000000,6.73873000,91311.0,91378.0,91311.0,91378.0,0.03485694,91289.72,91357.48,91289.72,91334.82,4.37827154,91291.6,91365.2,91291.6,91334,267464.51578780,91255.5,91316.1,91255.5,91316.1,0.36464146
2025-12-07 21:11,91335.87,91335.87,91278.72,91278.75,1.21125666,91333.42000000,91333.42000000,91267.41000000,91267.41000000,2.03322000,91355.0,91355.0,91355.0,91355.0,0.00411849,91334.82,91334.82,91267.41,91267.41,5.28808206,91334,91334,91277.9,91277.9,280643.13100530,91316.1,91316.1,91307.6,91307.7,0.00886016
2025-12-07 21:12,91278.75,91299.92,91257.25,91269.72,8.171418,91267.41000000,91289.72000000,91249.06000000,91253.21000000,5.27494000,,,,,,91267.41,91289.71,91249,91253.21,3.64838751,91273.3,91285,91244.9,91260.7,312664.89400370,91307.7,91307.7,91259.7,91273.9,0.12321283999999999
2025-12-07 21:13,91269.72,91287.99,91269.72,91283.48,0.74674243,91253.21000000,91276.93000000,91253.21000000,91275.00000000,1.21189000,,,,,,91253.21,91277.03,91253.21,91277.03,0.71708286,91260.7,91271,91260.7,91271,166144.24327270,91273.9,91273.9,91270.7,91270.7,0.01656266
2025-12-07 21:14,91283.76,91316.0,91276.06,91311.9,1.01749431,91275.01000000,91299.99000000,91275.00000000,91299.99000000,0.62820000,91314.0,91314.0,91307.0,91307.0,0.06977651,91277.03,91300.28,91275,91299.99,0.56163044,91270.9,91298.6,91270.9,91298.6,232624.56241500,91270.8,91273.9,91270.7,91273.8,0.19842282
2025-12-07 21:15,91311.89,91311.89,91276.03,91281.98,0.84983458,91299.98000000,91299.98000000,91270.14000000,91270.15000000,0.94136000,91306.0,91310.0,91306.0,91310.0,0.01153075,91299.99,91299.99,91270.11,91270.15,0.44459653,91298.5,91298.5,91272,91272,158408.90332300,91273.8,91273.9,91273.8,91273.9,0.01406585
2025-12-07 21:16,91281.97,91304.15,91263.84,91287.28,2.1752636,91270.14000000,91289.90000000,91259.02000000,91277.29000000,6.17860000,,,,,,91270.15,91289.91,91259.02,91289.91,2.61212454,91272,91296.1,91268,91284.5,272953.40582120,91273.8,91273.9,91273.8,91273.8,0.013430069999999999
2025-12-07 21:17,91287.3,91292.0,91266.01,91280.24,1.12326757,91277.30000000,91278.38000000,91252.00000000,91260.13000000,1.81472000,91309.0,91309.0,91309.0,91309.0,0.00071284,91289.91,91289.91,91252,91271.39,2.79495299,91284.5,91284.5,91263.5,91268.9,228377.04800340,91273.9,91273.9,91273.8,91273.9,0.02957873
2025-12-07 21:18,91271.98,91313.28,91256.13,91313.28,0.97213412,91260.13000000,91291.62000000,91241.65000000,91291.61000000,1.67061000,,,,,,91271.39,91291.63,91241.64,91291.62,1.31405665,91268.8,91285.4,91251.1,91285.4,276456.73124880,91273.9,91273.9,91273.8,91273.9,0.033599180000000006
2025-12-07 21:19,91307.63,91307.99,91235.5,91238.0,2.51329852,91291.61000000,91291.62000000,91229.16000000,91229.17000000,3.51014000,91300.0,91300.0,91298.0,91298.0,0.00563471,91291.62,91291.62,91234.48,91234.48,1.09793317,91285.4,91285.4,91224.5,91227.7,310172.98185840,91273.9,91273.9,91273.8,91273.9,0.00744196
2025-12-07 21:20,91238.89,91239.78,91134.57,91185.9,3.35735514,91229.17000000,91229.17000000,91122.53000000,91176.29000000,19.03967000,91290.0,91290.0,91161.0,91164.0,0.02869899,91234.48,91234.48,91124.6,91172.66,16.10214425,91227.7,91227.8,91122.7,91178,314974.12171180,91273.9,91273.9,91141.9,91141.9,12.60179883
2025-12-07 21:21,91193.92,91198.16,91076.37,91094.7,6.9485854,91176.30000000,91180.00000000,91072.17000000,91080.58000000,14.49945000,91204.0,91204.0,91118.0,91118.0,0.15834512,91172.66,91180,91067.13,91072.17,5.23025078,91178.5,91187.8,91078.1,91078.1,414473.69462740,91141.9,91142.0,91093.2,91093.3,3.79291498
2025-12-07 21:22,91092.58,91121.84,91065.86,91091.65,6.45885851,91080.58000000,91113.87000000,91080.58000000,91081.24000000,4.20906000,91103.0,91124.0,91103.0,91113.0,0.06514183,91072.17,91110.8,91072.17,91081.23,7.91132917,91077,91114.3,91077,91089.5,310934.27529450,91093.2,91093.3,91088.6,91088.6,7.54012267
2025-12-07 21:23,91091.67,91096.39,91033.99,91048.5,9.11271917,91081.23000000,91086.18000000,91037.43000000,91037.44000000,17.17477000,91113.0,91113.0,91089.0,91089.0,0.18161998000000001,91081.23,91086.23,91037.23,91037.44,20.09661995,91089.6,91089.6,91035,91035.9,293261.03916520,91088.6,91088.6,91042.2,91042.2,0.39813079
2025-12-07 21:24,91048.51,91048.51,90972.62,90994.64,9.02097999,91037.43000000,91037.44000000,90965.25000000,90986.57000000,20.76693000,91089.0,91089.0,91000.0,91000.0,0.72953313,91037.44,91037.44,90965.25,90973.33,12.88171253,91035.9,91035.9,90968.2,90984,336032.06996950,91042.3,91042.3,90963.5,90968.1,1.38411329
2025-12-07 21:25,90994.63,91018.03,90967.24,90990.09,8.68513463,90986.58000000,91016.79000000,90962.21000000,90981.32000000,16.76957000,91019.0,91019.0,91010.0,91011.0,0.06299,90973.33,91016.79,90962.77,90998.57,13.34491142,90985,91009.4,90966.6,90991.5,873607.14447330,90968.1,90968.1,90968.0,90968.0,0.19363492
2025-12-07 21:26,90987.97,91001.98,90905.61,90905.72,1.98051576,90981.32000000,91000.20000000,90893.31000000,90893.31000000,15.57367000,91044.0,91044.0,90990.0,90990.0,9.69455707,90998.57,91000.19,90913.98,90914.1,11.75664986,90991.5,90991.6,90897.9,90897.9,712993.87079360,90968.1,90968.1,90963.3,90963.3,0.52110356
2025-12-07 21:27,90905.61,90905.61,90804.15,90865.6,3.2171149,90893.32000000,90893.32000000,90803.09000000,90856.00000000,47.14700000,90936.0,90936.0,90888.0,90905.0,0.08799657,90914.1,90914.1,90812.29,90856.02,32.0783538,90897.3,90897.3,90816.1,90862.1,953099.39961940,90963.2,90963.2,90850.0,90850.1,0.65335391
2025-12-07 21:28,90865.6,90898.0,90863.68,90886.78,0.84640057,90856.00000000,90885.84000000,90856.00000000,90875.61000000,4.45050000,90921.0,90922.0,90921.0,90922.0,0.00803014,90856.02,90906.35,90856,90875.61,3.76012984,90862,90884.4,90862,90881.1,685735.15476730,90850.1,90850.1,90850.0,90850.1,0.41761987
2025-12-07 21:29,90886.79,90895.99,90872.64,90876.0,1.36453134,90875.61000000,90891.41000000,90872.52000000,90872.87000000,4.89999000,90922.0,90922.0,90922.0,90922.0,0.00301974,90875.61,90891.41,90872.5,90880.35,3.28543974,90881.1,90887,90881.1,90882,665320.06845080,90850.1,90850.2,90850.0,90850.2,0.07552628
2025-12-07 21:30,90881.07,90888.64,90854.73,90888.64,8.65114735,90872.87000000,90898.86000000,90846.70000000,90898.86000000,14.80081000,90923.0,90923.0,90923.0,90923.0,0.00050254,90880.35,90896.12,90850,90888.01,6.30080202,90882,90896,90853,90896,642506.63880220,90850.2,90894.5,90850.1,90894.5,5.1069567
2025-12-07 21:31,90888.64,90922.0,90888.64,90900.0,17.91019887,90898.85000000,90924.00000000,90890.27000000,90911.66000000,4.06770000,,,,,,90888.01,90924,90888.01,90911.66,6.0351026,90895.9,90923,90895.9,90906.9,609345.88028530,90894.5,90902.3,90892.1,90892.2,2.9822500000000005
2025-12-07 21:32,90900.0,90950.0,90894.2,90950.0,3.7443341,90911.66000000,90969.03000000,90911.66000000,90969.03000000,6.82055000,90949.0,90949.0,90949.0,90949.0,0.005,90911.66,90956.29,90911.66,90956.28,3.82260721,90907,90956,90906.9,90956,583179.60352750,90892.2,90902.3,90892.2,90902.2,0.02561278
2025-12-07 21:33,90950.0,91027.3,90948.63,91014.0,23.00513858,90969.02000000,91028.83000000,90950.94000000,91018.64000000,6.37573000,91000.0,91040.0,91000.0,91040.0,0.02599536,90956.28,91028.91,90956.28,91011.67,4.43158161,90965.3,91028.1,90957.4,91013.4,697670.99337840,90902.3,91000.0,90902.3,91000.0,0.30836291
2025-12-07 21:34,91014.0,91014.0,90973.47,90976.0,1.53630993,91018.64000000,91020.00000000,90973.36000000,90973.36000000,2.27239000,,,,,,91011.67,91020.03,90973.36,90973.36,2.57328667,91013.4,91013.4,90976.1,90976.1,456112.63506560,91000.0,91000.0,90999.9,91000.0,0.09991996
2025-12-07 21:35,90976.0,90976.0,90907.97,90926.81,6.52824159,90973.37000000,90973.37000000,90925.20000000,90925.20000000,1.89894000,91022.0,91022.0,91022.0,91022.0,0.0041126800000000005,90973.36,90973.36,90925.2,90925.2,1.78240982,90976,90976,90929.3,90933,397277.68737540,91000.0,91000.0,90999.9,91000.0,0.01157483
2025-12-07 21:36,90926.8,90943.76,90827.1,90828.0,14.53573801,90925.21000000,90948.27000000,90828.87000000,90828.87000000,2.62764000,90980.0,90993.0,90930.0,90930.0,0.04565258,90925.2,90948.27,90912.09,90912.09,0.7889238,90931.4,90945,90823.5,90823.5,468027.65411870,90999.9,90999.9,90907.3,90907.3,0.05135062
2025-12-07 21:37,90828.0,90842.0,90700.0,90791.99,7.7900751,90828.88000000,90828.88000000,90678.03000000,90794.74000000,40.10784000,90890.0,90890.0,90751.0,90802.0,0.0316571,90912.09,90912.09,90700.01,90769.99,16.04624284,90823.4,90834,90689.3,90789.2,781737.93210620,90894.5,90894.5,90725.7,90727.3,1.0709664
2025-12-07 21:38,90792.0,90795.36,90750.51,90754.0,1.73314684,90794.75000000,90794.75000000,90751.33000000,90751.34000000,6.80276000,90838.0,90838.0,90822.0,90822.0,0.0048000000000000004,90769.99,90783.12,90769.99,90781.1,16.61656501,90789.1,90789.1,90759,90759,403861.39465890,90727.3,90727.3,90727.2,90727.3,1.18947247
2025-12-07 21:39,90755.23,90760.0,90634.25,90668.16,5.96953758,90751.34000000,90751.34000000,90631.19000000,90661.22000000,20.23525000,90820.0,90820.0,90707.0,90707.0,0.04000413,90781.1,90781.1,90633,90649.36,11.43491455,90759,90759,90628.9,90653,542263.47631450,90727.2,90727.2,90652.5,90652.5,6.41939768
2025-12-07 21:40,90668.16,90725.34,90664.67,90668.16,1.37638654,90661.22000000,90716.79000000,90654.68000000,90657.03000000,9.79769000,90701.0,90766.0,90701.0,90760.0,0.0249795,90649.36,90716.79,90649.36,90664.39,5.95377727,90653,90717.1,90653,90667.8,593044.11841210,90652.5,90652.5,90652.4,90652.4,0.89370696
2025-12-07 21:41,90668.17,90668.17,90546.28,90587.38,10.88084712,90657.02000000,90657.02000000,90555.48000000,90575.76000000,26.89058000,90717.0,90717.0,90615.0,90616.0,0.5095598499999999,90664.39,90664.39,90559.44,90603.99,21.75173668,90664,90664,90566.8,90584,762895.30715120,90652.5,90652.5,90630.7,90630.7,0.8359876799999999
2025-12-07 21:42,90587.59,90597.06,90482.05,90487.04,10.55967709,90575.76000000,90604.00000000,90481.05000000,90481.05000000,24.34048000,90612.0,90612.0,90522.0,90522.0,0.05104413,90603.99,90603.99,90481.05,90481.05,16.61245366,90584.1,90599.9,90485.7,90485.8,610315.59542180,90630.8,90630.8,90476.2,90477.3,12.51828649
2025-12-07 21:43,90487.04,90583.36,90487.04,90519.97,3.78528116,90481.06000000,90583.54000000,90481.06000000,90524.10000000,7.37997000,90536.0,90607.0,90536.0,90574.0,0.027512580000000002,90481.05,90539.26,90481.05,90524.07,6.76145945,90485.8,90580.7,90485.8,90522,678075.91071560,90477.4,90526.4,90477.4,90526.4,0.13700791
2025-12-07 21:44,90522.0,90569.67,90502.9,90532.0,2.04230012,90524.09000000,90560.00000000,90512.99000000,90529.93000000,3.35349000,90565.0,90565.0,90565.0,90565.0,0.002,90524.07,90556.02,90512.89,90529.92,2.39435214,90521.9,90566.8,90521.9,90535,749057.66509190,90526.3,90526.4,90523.2,90526.4,6.2702991599999995
2025-12-07 21:45,90532.0,90549.43,90333.35,90333.36,9.55597995,90529.93000000,90542.26000000,90325.09000000,90325.10000000,34.55277000,90562.0,90562.0,90376.0,90376.0,10.41893849,90529.92,90529.92,90333,90333,16.44989295,90535,90544,90335.5,90335.5,977177.50413980,90526.3,90526.3,90380.9,90380.9,1.38182662
2025-12-07 21:46,90333.35,90468.88,90296.0,90467.99,7.85031018,90325.10000000,90471.56000000,90282.00000000,90471.54000000,37.69930000,90376.0,90482.0,90376.0,90482.0,0.10102693,90333,90431.96,90284.42,90431.92,32.63672338,90334.6,90466.6,90295.3,90466.6,1040552.12486760,90375.7,90465.8,90331.0,90465.8,1.26805841
2025-12-07 21:47,90467.99,90467.99,90358.01,90374.01,3.04600271,90469.57000000,90469.57000000,90358.82000000,90372.63000000,9.72758000,90503.0,90503.0,90492.0,90492.0,0.0036323600000000003,90431.92,90431.95,90362,90372.64,7.38460512,90466.6,90466.6,90357.4,90372,638736.44347060,90465.7,90465.8,90360.3,90373.7,0.94362017
2025-12-07 21:48,90376.0,90379.97,90178.27,90193.21,11.03904671,90372.63000000,90372.63000000,90173.48000000,90190.31000000,52.88621000,90433.0,90433.0,90290.0,90290.0,2.08851413,90372.64,90372.64,90189.75,90219.82,20.30042866,90371.9,90371.9,90175.7,90201,858043.57089680,90373.6,90373.6,90250.8,90250.8,3.99876407
2025-12-07 21:49,90193.21,90282.0,90173.1,90257.99,9.06774217,90190.31000000,90289.97000000,90174.68000000,90252.00000000,18.10697000,90263.0,90325.0,90224.0,90263.0,0.29418445000000004,90219.82,90283.37,90174.49,90221.48,20.68352411,90201,90284.9,90174.4,90254.9,899044.81467570,90250.9,90250.9,90240.0,90240.1,7.02166985
2025-12-07 21:50,90257.99,90292.94,90201.76,90227.19,9.12654438,90252.00000000,90297.38000000,90202.50000000,90221.47000000,7.00798000,90294.0,90294.0,90294.0,90294.0,0.00253865,90221.48,90297.38,90202.48,90202.5,4.86119318,90254.9,90295.6,90206,90221,1156245.47976740,90240.1,90240.1,90235.9,90235.9,0.0283131
2025-12-07 21:51,90227.19,90231.45,90186.05,90210.24,2.99967549,90221.46000000,90229.72000000,90185.40000000,90206.44000000,13.14101000,90282.0,90282.0,90278.0,90278.0,0.00211848,90202.5,90228.67,90190.18,90223.48,7.99365527,90221,90224.9,90193.8,90214,1316610.70663040,90235.9,90235.9,90235.8,90235.9,0.02163814
2025-12-07 21:52,90210.25,90219.96,90038.25,90058.0,13.63308612,90206.44000000,90206.44000000,90048.09000000,90048.09000000,36.82165000,90248.0,90248.0,90141.0,90141.0,0.02829858,90223.48,90223.48,90048.91,90048.93,21.17757137,90214,90214,90045.7,90045.7,1233524.59812230,90235.8,90235.8,90066.6,90092.6,5.3512756999999995
2025-12-07 21:53,90052.03,90087.27,90027.91,90053.99,2.19543812,90048.10000000,90067.66000000,90040.69000000,90056.32000000,10.74160000,90107.0,90117.0,90107.0,90117.0,0.00134169,90048.93,90067.67,90040.32,90066.72,14.70792042,90045.8,90069,90045.1,90058,1065765.14157260,90091.2,90091.2,90055.5,90055.6,5.25214937
2025-12-07 21:54,90057.98,90057.99,89964.08,89973.53,4.87218929,90056.33000000,90056.33000000,89954.78000000,89963.66000000,34.45343000,90122.0,90122.0,90013.0,90013.0,0.29478716,90066.72,90066.72,89958.8,89995.39,23.66345839,90056,90056.1,89956.9,89968,1211026.22425250,90055.5,90055.5,89982.0,89982.1,0.88393803
2025-12-07 21:55,89973.54,90123.32,89939.66,90087.99,10.86223663,89963.65000000,90113.46000000,89945.00000000,90091.77000000,16.62403000,90032.0,90173.0,90021.0,90173.0,0.21867364,89995.39,90108.27,89944.96,90092.52,6.86230028,89968,90109.7,89943.4,90079,886268.83678160,89982.0,90110.1,89982.0,90099.2,2.0563299
2025-12-07 21:56,90086.01,90099.99,89847.0,89905.99,34.8543179,90091.77000000,90102.52000000,89871.00000000,89901.77000000,45.00668000,90093.0,90093.0,90000.0,90001.0,16.94205431,90092.52,90092.52,89870.97,89877.93,9.80926108,90079,90095,89860,89903.9,894914.69711670,90099.2,90099.2,89879.7,89912.7,4.18606888
2025-12-07 21:57,89905.99,89981.27,89883.76,89981.27,3.04774892,89901.77000000,89984.00000000,89872.28000000,89984.00000000,19.51628000,90000.0,90011.0,90000.0,90011.0,4.04016047,89877.93,89946.11,89877.93,89943.65,40.64031212,89901,89983.2,89875,89983.2,761062.24435610,89903.0,89918.6,89902.9,89903.0,0.14441797
2025-12-07 21:58,89981.27,90135.01,89955.84,90116.0,9.05741779,89984.00000000,90120.00000000,89952.55000000,90114.43000000,19.23242000,90048.0,90140.0,90048.0,90140.0,0.16152493,89943.65,90122.65,89943.65,90108.16,14.15752965,89984,90121.9,89957,90115,743306.25478670,89918.6,90123.6,89918.6,90115.1,6.84071211
2025-12-07 21:59,90116.05,90305.06,90091.52,90230.01,7.40624855,90114.43000000,90296.12000000,90084.79000000,90231.32000000,28.65159000,90168.0,90375.0,90168.0,90331.0,0.29645465,90108.16,90294.21,90084.79,90231.32,24.00251661,90113.2,90297.1,90087.9,90228.1,912177.88840160,90115.8,90235.8,90114.0,90235.8,1.20906884
2025-12-07 22:00,90230.01,90230.01,90096.01,90146.55,10.98158239,90231.31000000,90231.31000000,90100.00000000,90136.87000000,31.54625000,90299.0,90299.0,90190.0,90207.0,0.02310467,90231.32,90231.32,90127.34,90139.06,19.40549641,90228.1,90228.1,90099.3,90144.2,1420293.72216760,90235.7,90235.8,90101.6,90138.1,0.43073428
2025-12-07 22:01,90145.99,90152.76,89977.27,90028.0,5.52283614,90136.87000000,90136.88000000,89998.64000000,90025.13000000,26.03231000,90203.0,90203.0,90076.0,90076.0,0.01765698,90139.06,90139.06,89998.06,89998.59,5.67376996,90144.1,90144.1,89984.8,90017,1203413.19288500,90140.3,90140.3,89996.8,89996.8,1.23018162
2025-12-07 22:02,90028.0,90038.0,89968.26,90000.01,3.3841748,90025.13000000,90033.12000000,89986.00000000,89993.42000000,14.43711000,90075.0,90079.0,90046.0,90079.0,0.00622271,89998.59,90025.13,89988.24,89993.42,22.95257243,90017,90020.5,89980.5,89994.5,991823.19814840,89996.8,89996.9,89993.9,89996.2,0.16052457
2025-12-07 22:03,90001.81,90007.99,89900.0,89921.92,6.60618343,89993.42000000,89999.76000000,89896.68000000,89905.47000000,11.09949000,90079.0,90079.0,90000.0,90000.0,0.94639377,89993.42,89999.8,89911.92,89966.63,6.28425512,89994.5,89994.6,89887,89912.4,1163530.95237920,89994.7,89994.7,89945.1,89945.2,0.23612399
2025-12-07 22:04,89921.93,89983.36,89901.24,89913.97,0.98305343,89905.48000000,89985.99000000,89905.47000000,89915.96000000,9.29810000,90001.0,90009.0,90000.0,90000.0,0.0007077,89966.63,89966.63,89906.85,89915.98,6.96964598,89909.3,89977,89905,89905,893188.16317510,89945.2,89945.2,89945.0,89945.0,0.063485
2025-12-07 22:05,89913.98,89919.29,89600.0,89600.0,26.66211073,89915.96000000,89915.96000000,89590.28000000,89590.28000000,75.97230000,90000.0,90000.0,89703.0,89703.0,8.75621151,89915.98,89916.03,89594.07,89595.09,21.05411107,89905.1,89906,89578.3,89578.3,1113027.17711560,89945.0,89945.0,89657.2,89657.2,5.64046441
2025-12-07 22:06,89600.0,89606.03,89266.0,89270.0,22.14306999,89590.28000000,89593.98000000,89257.41000000,89266.47000000,192.77921000,89681.0,89681.0,89366.0,89370.0,11.26046253,89595.09,89595.09,89300,89300,15.43688118,89578.3,89583.3,89249.6,89260.8,1884393.23757920,89657.2,89657.2,89302.4,89302.5,8.66609203
2025-12-07 22:07,89273.98,89273.98,88964.34,89069.0,20.74392216,89266.47000000,89266.47000000,88995.33000000,89065.13000000,145.79642000,89356.0,89356.0,89080.0,89236.0,0.37887787,89300,89300,88999,89103.58,24.17185001,89260.8,89260.8,88982.9,89063.1,2028655.02648310,89302.4,89302.4,89020.5,89098.8,10.45664869
2025-12-07 22:08,89062.0,89386.04,89059.99,89362.0,8.67391147,89065.13000000,89377.63000000,89063.34000000,89353.81000000,47.66614000,89158.0,89434.0,89158.0,89385.0,0.29594505,89103.58,89368.17,89080.24,89321.98,18.06780674,89063.1,89369.7,89063.1,89343.7,840885.62220660,89098.8,89322.9,89098.8,89322.9,3.51595237
2025-12-07 22:09,89363.99,89398.47,89175.68,89332.56,5.38583809,89353.82000000,89370.07000000,89175.09000000,89326.58000000,13.45888000,89416.0,89419.0,89280.0,89398.0,0.02631901,89321.98,89359.88,89191.86,89326.56,17.28118748,89352.3,89365.8,89166.6,89331.2,864868.37128000,89322.9,89337.8,89214.5,89308.7,0.31690247
2025-12-07 22:10,89337.99,89544.79,89277.45,89536.0,5.00129882,89326.57000000,89544.17000000,89273.53000000,89529.76000000,47.98079000,89355.0,89590.0,89351.0,89590.0,0.22274027999999998,89326.56,89540.65,89274.45,89529.99,10.27137825,89331.3,89542.1,89276.2,89524.4,2455644.68605350,89308.8,89529.6,89308.7,89529.5,0.33337374
2025-12-07 22:11,89472.0,89714.87,89472.0,89671.75,5.17154879,89529.75000000,89711.67000000,89427.31000000,89673.00000000,47.81087000,89521.0,89730.0,89521.0,89700.0,0.22844232,89529.99,89724.77,89460.6,89668.82,24.41376071,89524.4,89700.4,89430.1,89675.7,2080831.69773500,89529.5,89646.4,89472.0,89646.4,2.1465837100000003
2025-12-07 22:12,89671.76,89671.76,89344.0,89347.75,4.11488819,89673.01000000,89685.29000000,89322.64000000,89333.48000000,21.44082000,89688.0,89688.0,89439.0,89439.0,0.01024083,89668.82,89682.87,89372.17,89372.17,7.58642604,89675.7,89675.7,89327.7,89327.8,1832403.39460240,89646.4,89654.8,89415.9,89415.9,0.42933125
2025-12-07 22:13,89342.01,89385.99,89272.0,89342.01,4.80355731,89333.48000000,89386.41000000,89260.00000000,89336.33000000,24.53272000,89420.0,89420.0,89370.0,89374.0,0.0048823899999999995,89372.17,89373.99,89273.88,89340.08,9.12154606,89327.8,89375.5,89262.3,89328,1804016.43142920,89397.2,89397.2,89290.0,89340.1,0.22859508
2025-12-07 22:14,89348.0,89444.0,89323.97,89378.01,5.66012854,89336.32000000,89434.95000000,89315.08000000,89374.19000000,16.73907000,89412.0,89474.0,89412.0,89458.0,0.0276946,89340.08,89393.94,89320.92,89370.25,16.54231987,89328,89429.9,89305.5,89371.2,1744693.07462030,89340.2,89424.6,89340.2,89392.3,3.08553255
2025-12-07 22:15,89385.98,89458.24,89273.2,89313.99,5.20504665,89374.20000000,89450.00000000,89265.87000000,89310.77000000,22.94304000,89448.0,89482.0,89370.0,89404.0,0.11297882000000001,89370.25,89419.96,89276.7,89310.77,2.55848274,89371.2,89439,89262.2,89298.3,692512.06262530,89392.3,89392.3,89340.2,89340.3,0.19006443
2025-12-07 22:16,89309.99,89384.0,89235.04,89380.01,5.2063851,89310.78000000,89373.94000000,89225.05000000,89373.94000000,25.59551000,89350.0,89394.0,89321.0,89394.0,0.8356861,89310.77,89330.88,89234.03,89323.53,0.70224896,89298.8,89378.3,89237.6,89378.3,1060462.58963610,89340.3,89340.3,89277.5,89340.2,0.16710843
2025-12-07 22:17,89380.01,89549.95,89380.01,89514.01,6.21250519,89373.94000000,89538.96000000,89373.94000000,89509.94000000,17.79743000,89440.0,89570.0,89440.0,89570.0,0.01117966,89323.53,89528.79,89323.53,89509.94,4.15316907,89378.4,89528.6,89378.4,89507,872602.47476960,89340.2,89510.4,89340.2,89510.4,0.35588575
2025-12-07 22:18,89514.01,89544.97,89319.84,89319.84,1.53572411,89509.94000000,89552.76000000,89310.00000000,89310.00000000,15.61903000,89590.0,89590.0,89430.0,89430.0,0.1075488,89509.94,89547.41,89332.01,89332.01,18.69591393,89505.1,89529.1,89302.5,89302.5,854193.13469250,89510.4,89510.4,89400.8,89400.8,0.46721482000000003
2025-12-07 22:19,89319.84,89348.0,89252.0,89310.0,1.71905285,89310.00000000,89338.05000000,89245.14000000,89300.01000000,41.70664000,89400.0,89400.0,89325.0,89372.0,0.20149077999999998,89332.01,89338.04,89245.1,89300.01,29.81407648,89302.4,89330,89242.2,89299.1,843063.76196370,89382.3,89382.3,89307.7,89307.7,0.10058681
2025-12-07 22:20,89310.0,89320.0,89226.58,89296.51,5.54348726,89300.01000000,89305.73000000,89236.00000000,89292.36000000,21.40438000,89370.0,89370.0,89325.0,89360.0,0.02650007,89300.01,89301.9,89236,89294.01,8.26921355,89299.1,89302,89236.1,89291.1,196139.87784900,89307.8,89307.8,89288.9,89289.0,1.99588049
2025-12-07 22:21,89299.99,89467.99,89266.05,89410.82,6.97608768,89292.37000000,89450.00000000,89261.03000000,89403.08000000,23.92775000,89362.0,89490.0,89328.0,89490.0,0.26626268000000003,89294.01,89424.5,89280.88,89403.09,18.1539646,89299.9,89442.8,89258.6,89395.6,182213.27296450,89296.2,89400.8,89288.9,89400.8,0.5586299
2025-12-07 22:22,89413.11,89475.24,89382.0,89386.0,12.40281687,89403.08000000,89456.00000000,89370.66000000,89370.67000000,6.29484000,89456.0,89456.0,89456.0,89456.0,0.00039325,89403.09,89454,89370.65,89370.65,3.54413659,89400.1,89459,89381,89381,57176.72138680,89400.8,89417.5,89392.7,89392.9,0.11101181
2025-12-07 22:23,89386.0,89417.99,89328.32,89400.4,2.79971567,89370.66000000,89390.00000000,89324.58000000,89390.00000000,12.87853000,89405.0,89405.0,89405.0,89405.0,0.0012781300000000002,89370.65,89390.24,89324.44,89390.24,8.44034464,89372.4,89386.2,89319.1,89386.2,71893.72609370,89382.4,89382.4,89382.3,89382.4,0.007207900000000001
2025-12-07 22:24,89400.4,89437.44,89349.52,89428.86,1.11557531,89389.99000000,89427.29000000,89341.45000000,89419.35000000,15.50704000,89445.0,89472.0,89445.0,89472.0,0.011618219999999999,89390.24,89419.38,89350.42,89419.37,12.55882337,89391,89414.9,89343.1,89413.8,88223.21939540,89382.4,89426.4,89382.3,89426.4,0.06257157
2025-12-07 22:25,89428.86,89557.77,89410.75,89549.94,4.33924482,89419.36000000,89539.99000000,89415.33000000,89539.98000000,9.56349000,89496.0,89570.0,89496.0,89570.0,0.00930773,89419.37,89540.25,89407.81,89540.25,2.05272576,89413.9,89528.1,89413.8,89528.1,372165.82739520,89431.7,89479.9,89431.7,89479.9,0.38122197
2025-12-07 22:26,89549.95,89754.0,89549.94,89656.0,9.79610635,89539.99000000,89745.68000000,89539.98000000,89657.32000000,35.51846000,89580.0,89780.0,89580.0,89766.0,0.00620508,89540.25,89748.33,89539.99,89671.4,27.6601099,89528.1,89732.2,89528.1,89645.1,571360.15787670,89479.9,89711.0,89479.9,89711.0,0.34450782
2025-12-07 22:27,89656.0,89656.0,89514.88,89618.7,10.01980441,89657.31000000,89657.31000000,89505.32000000,89618.14000000,8.70407000,89716.0,89716.0,89618.0,89658.0,0.00155276,89671.4,89671.4,89520,89620.45,7.28529563,89636.4,89636.4,89512.2,89624,395254.78857910,89710.9,89710.9,89577.5,89645.9,4.37376392
2025-12-07 22:28,89617.99,89649.91,89549.97,89633.6,2.72587865,89617.98000000,89646.01000000,89548.74000000,89619.99000000,8.61292000,89661.0,89661.0,89636.0,89636.0,0.00078466,89620.45,89636.24,89548.75,89586.34,5.08272649,89620,89647.6,89545.2,89612,506058.43930950,89645.9,89645.9,89612.3,89612.4,0.20296791999999997
2025-12-07 22:29,89633.59,89708.0,89633.59,89703.62,0.46005306,89620.00000000,89696.00000000,89620.00000000,89694.60000000,4.77163000,89666.0,89772.0,89666.0,89772.0,0.16181177,89586.34,89694.63,89586.34,89694.6,4.70353771,89622.7,89694.8,89622.7,89691.1,335811.31907150,89612.4,89700.7,89612.4,89700.7,0.10081459000000001
2025-12-07 22:30,89703.62,89764.58,89654.8,89764.58,4.49940782,89694.59000000,89755.22000000,89648.62000000,89755.22000000,16.71241000,89750.0,89780.0,89725.0,89780.0,0.0041978,89694.6,89707.03,89666,89700,7.24296577,89691,89756,89653,89748,722419.44317050,89700.7,89700.7,89700.6,89700.7,0.01242083
2025-12-07 22:31,89764.0,89797.37,89710.03,89742.0,12.72050339,89755.22000000,89784.00000000,89705.52000000,89722.41000000,21.13779000,89803.0,89831.0,89777.0,89777.0,0.032258129999999996,89700,89767.58,89700,89724.06,17.14762788,89748,89782.9,89705.9,89718,672299.98988640,89700.7,89764.8,89700.7,89764.8,0.68853146
2025-12-07 22:32,89742.01,89771.99,89640.33,89755.99,4.92290977,89722.41000000,89755.97000000,89636.92000000,89755.96000000,12.83387000,89788.0,89796.0,89752.0,89796.0,0.00083461,89724.06,89755.97,89661.55,89755.96,7.89880639,89729,89755.8,89635.2,89755.7,639021.70949030,89764.8,89764.8,89664.6,89721.4,0.06831072
2025-12-07 22:33,89755.99,89864.34,89755.99,89854.01,14.05892336,89755.96000000,89860.00000000,89755.96000000,89840.01000000,24.47938000,89796.0,89880.0,89796.0,89866.0,0.0042257300000000005,89755.96,89858.1,89755.96,89840,19.46810172,89755.8,89882.5,89755.7,89843,611717.81535850,89721.4,89829.5,89721.3,89829.5,2.58011448
2025-12-07 22:34,89854.0,90270.0,89854.0,90042.0,15.21368084,89840.01000000,90241.80000000,89840.00000000,90038.15000000,77.47877000,89900.0,90290.0,89900.0,90120.0,10.4490294,89840,90220,89840,90038.15,14.9716322,89843.1,90241.2,89843.1,90036.4,903319.33713660,89829.5,90189.4,89829.5,90083.2,1.96261416
2025-12-07 22:35,90042.0,90048.0,89871.05,89938.87,5.39807338,90038.14000000,90038.15000000,89871.65000000,89920.64000000,36.87162000,90098.0,90098.0,89987.0,89987.0,0.01975538,90038.15,90038.15,89867.6,89867.6,18.96379224,90036.4,90036.4,89868.1,89911.8,1321136.90615360,90083.1,90083.1,89954.8,89954.8,0.13754542
2025-12-07 22:36,89938.87,90006.04,89841.36,89841.36,1.79885184,89920.64000000,89990.00000000,89838.08000000,89838.08000000,10.43412000,89961.0,90063.0,89925.0,89925.0,0.0532877,89867.6,89990,89867.6,89900,8.67680543,89920.8,89991.5,89836.4,89836.4,991047.12322710,89938.5,90006.5,89922.2,89922.2,1.59742543
2025-12-07 22:37,89839.56,89945.41,89821.24,89897.18,1.40546566,89838.00000000,89924.40000000,89820.53000000,89890.53000000,14.69139000,89891.0,89973.0,89891.0,89973.0,0.00563018,89900,89924.4,89826.16,89890.47,13.92377409,89831.9,89920.2,89821.3,89880.8,876432.97769480,89905.8,89916.7,89843.8,89916.7,0.39771404
2025-12-07 22:38,89901.47,89985.67,89897.18,89978.76,8.64712961,89890.53000000,89971.19000000,89890.53000000,89971.19000000,14.87687000,89994.0,90001.0,89994.0,90001.0,0.00814079,89890.47,89950.11,89890.47,89950.11,9.79031644,89880.8,89971.7,89880.8,89971.7,737987.87087490,89907.7,89944.0,89907.6,89944.0,0.08349294
2025-12-07 22:39,89978.76,90161.82,89955.85,90116.84,5.89517384,89971.19000000,90140.00000000,89956.81000000,90110.86000000,17.21350000,90037.0,90168.0,90037.0,90168.0,0.03960183,89950.11,90149.19,89950.11,90083,9.6959473,89979.6,90140,89950.8,90097.3,668224.83169630,89944.0,90083.1,89944.0,90083.1,0.29214267
2025-12-07 22:40,90124.71,90133.05,89969.17,89996.2,2.81675763,90110.87000000,90114.00000000,89966.01000000,89987.29000000,7.77537000,90160.0,90160.0,90051.0,90053.0,0.10621624,90083,90110.88,89960.01,89987.29,8.78521963,90098.6,90112.2,89965.8,89986.6,722535.87120450,90083.0,90083.0,90051.3,90051.3,0.031256110000000004
2025-12-07 22:41,89996.2,90100.26,89946.66,89951.37,1.46378427,89987.30000000,90093.68000000,89949.23000000,89949.98000000,5.08443000,90099.0,90099.0,90050.0,90050.0,0.10227118,89987.29,90078.35,89949.92,89949.99,2.27124924,89986.5,90090.3,89941.3,89941.3,691580.30566130,90051.4,90051.4,90035.4,90035.4,2.2953516099999995
2025-12-07 22:42,89951.36,90044.65,89916.39,89999.99,0.95408777,89949.98000000,90019.70000000,89912.38000000,89990.75000000,16.08194000,90017.0,90074.0,89991.0,89991.0,0.02348011,89949.99,90019.7,89929.96,89974.91,11.43944243,89941.3,90024.8,89909.7,89990.8,656435.78885660,90019.4,90019.4,89988.0,89988.1,0.0134041
2025-12-07 22:43,89999.99,90023.68,89968.8,90023.67,9.02118986,89990.75000000,90026.17000000,89970.65000000,90020.73000000,4.89700000,90022.0,90059.0,90022.0,90059.0,0.0032362600000000004,89974.91,90020.75,89970.65,90020.72,4.20517036,89993.1,90019.4,89977.1,90019.4,796202.29734000,89988.1,89988.1,89988.0,89988.0,0.82211331
2025-12-07 22:44,90023.67,90098.2,90005.26,90096.11,3.52193469,90020.73000000,90076.32000000,90000.26000000,90075.48000000,6.30238000,90084.0,90112.0,90084.0,90092.0,0.02810339,90020.72,90076.32,90000.23,90000.99,3.96072411,90019.4,90074.2,90000.1,90070.6,527662.50789560,89988.1,90034.6,89988.0,90034.5,0.0826907
2025-12-07 22:45,90084.89,90095.01,90032.16,90061.92,0.29670067,90075.48000000,90083.98000000,90013.71000000,90050.59000000,5.89224000,90131.0,90131.0,90090.0,90090.0,0.00402094,90000.99,90075.49,90000.99,90050.59,4.88967861,90074.2,90074.2,90013,90055.4,506022.88350490,90034.6,90034.6,90034.5,90034.6,0.034846760000000004
2025-12-07 22:46,90061.92,90062.37,90032.16,90034.82,0.50287665,90050.59000000,90050.59000000,90025.30000000,90028.99000000,3.23689000,90126.0,90126.0,90126.0,90126.0,0.002,90050.59,90050.59,90025.3,90028.99,2.29503128,90055.3,90055.4,90020.9,90027.9,411619.21260530,90034.5,90034.6,90034.5,90034.6,0.00706351
2025-12-07 22:47,90034.82,90212.27,90030.54,90174.61,3.2765567,90029.00000000,90197.63000000,90028.99000000,90161.36000000,6.94838000,90119.0,90220.0,90119.0,90220.0,0.0039460300000000005,90028.99,90197.66,90028.99,90161.36,4.79531452,90027.9,90186.2,90020.9,90166.7,420842.08704400,90034.6,90175.8,90034.5,90175.8,2.32325577
2025-12-07 22:48,90174.61,90174.61,90015.2,90015.2,8.65965685,90161.35000000,90161.35000000,90000.01000000,90000.01000000,9.27127000,90191.0,90191.0,90100.0,90100.0,0.00714064,90161.36,90161.36,90015.69,90015.69,6.3299373,90166.6,90166.6,90001.9,90001.9,435366.82425930,90175.8,90175.8,90039.2,90039.2,0.03611709
2025-12-07 22:49,90015.2,90027.79,89932.53,89992.25,1.62226317,90000.00000000,90007.40000000,89929.30000000,89986.17000000,7.98517000,90065.0,90065.0,90040.0,90040.0,0.00270854,90015.69,90015.69,89929.3,89961.12,3.1306975,90001.9,90001.9,89926.2,89980.2,415032.13352230,90039.3,90039.3,89991.3,89991.3,0.55416654
2025-12-07 22:50,89992.24,90038.09,89981.28,90033.34,0.34615721,89986.17000000,90023.98000000,89967.59000000,90023.98000000,2.95423000,90042.0,90045.0,90042.0,90045.0,1.017,89961.12,90020.03,89961.12,90020.01,4.64451746,89983.8,90020.8,89973.4,90020.8,350971.20253080,89991.3,89999.8,89991.3,89996.2,0.33300911
2025-12-07 22:51,90033.33,90040.64,89944.95,89999.99,1.54661582,90023.98000000,90024.06000000,89937.07000000,89995.13000000,3.30461000,90065.0,90072.0,90032.0,90040.0,0.06035599,90020.01,90024.47,89937.26,89972.79,1.92451338,90020.8,90021,89922.6,89989.3,487892.64561740,89996.2,90006.2,89996.2,90000.1,0.09452253000000001
2025-12-07 22:52,89999.99,90020.61,89888.5,89888.52,0.83309328,89995.12000000,89999.99000000,89879.53000000,89879.54000000,6.20445000,90024.0,90024.0,89970.0,89970.0,0.10303975,89972.79,89995.15,89873.44,89873.44,6.38150739,89989.3,89993.1,89883.9,89883.9,372182.93338890,90000.0,90000.1,89943.0,89943.0,0.6997134700000001
2025-12-07 22:53,89888.52,89907.34,89673.98,89816.97,13.29736478,89879.54000000,89879.54000000,89667.86000000,89810.01000000,61.03117000,89960.0,89960.0,89733.0,89848.0,0.12473136,89873.44,89879.54,89707.03,89810.01,5.64523583,89883.9,89883.9,89668.1,89803.7,880297.53822840,89942.9,89943.0,89727.0,89827.8,1.4337449
2025-12-07 22:54,89816.97,89860.01,89621.2,89650.55,1.88010841,89810.02000000,89840.00000000,89615.38000000,89646.28000000,21.60053000,89879.0,89879.0,89685.0,89685.0,0.047013309999999996,89810.01,89840,89636.24,89636.43,6.4289026,89803.7,89839.3,89611.1,89650,428534.09044260,89827.8,89827.9,89675.8,89675.9,0.19498106
2025-12-07 22:55,89650.56,89680.4,89328.67,89481.23,11.51084698,89646.28000000,89664.57000000,89318.00000000,89472.67000000,44.45396000,89692.0,89719.0,89430.0,89514.0,10.21779029,89636.43,89636.43,89366.3,89480.94,19.06678017,89651.3,89664.7,89305,89467.2,1287560.06230130,89675.8,89675.9,89343.4,89465.7,3.30196742
2025-12-07 22:56,89485.87,89638.9,89468.83,89626.52,5.43995047,89472.68000000,89614.64000000,89472.68000000,89614.45000000,22.73608000,89542.0,89646.0,89542.0,89635.0,0.32042063,89480.94,89593.6,89472.7,89571.39,32.48279018,89467.2,89620,89467.2,89615.6,1025027.24508610,89465.7,89571.8,89465.7,89571.8,0.2591842
2025-12-07 22:57,89625.18,89649.81,89563.37,89646.31,1.62324129,89614.46000000,89628.00000000,89549.41000000,89628.00000000,4.27304000,89634.0,89634.0,89634.0,89634.0,0.00057309,89571.39,89628,89549.41,89628,10.67950114,89615.6,89632.6,89546.9,89632.5,696539.26687080,89571.8,89645.3,89571.8,89634.6,1.06748081
2025-12-07 22:58,89646.31,89740.53,89557.29,89718.62,3.73019598,89628.00000000,89729.99000000,89552.19000000,89697.85000000,15.37140000,89681.0,89740.0,89624.0,89740.0,0.01059746,89628,89712.87,89585.28,89710.61,8.15568124,89632.5,89724.1,89549.5,89693.9,1095951.05035950,89634.5,89673.1,89623.8,89673.1,0.19083917
2025-12-07 22:59,89704.83,89746.48,89557.28,89608.16,6.04670785,89697.86000000,89715.53000000,89550.00000000,89597.03000000,9.13212000,89716.0,89716.0,89649.0,89666.0,0.020904429999999998,89710.61,89710.61,89550,89606.79,7.23979102,89693.9,89703,89543,89597.7,974307.16639110,89675.7,89675.8,89625.3,89625.3,0.03896259
2025-12-07 23:00,89609.19,89642.55,89558.13,89636.01,5.46212068,89597.03000000,89626.00000000,89550.01000000,89621.25000000,10.11650000,89673.0,89673.0,89668.0,89668.0,0.00021815000000000002,89606.79,89606.88,89549.94,89590.08,6.6018588,89597.7,89622.1,89546.2,89620.2,1018687.55416380,89625.3,89625.3,89592.0,89592.1,0.18443242999999998
2025-12-07 23:01,89640.0,89786.23,89638.0,89690.0,2.72449835,89621.26000000,89774.56000000,89621.26000000,89682.01000000,15.28802000,89699.0,89827.0,89699.0,89791.0,0.02628374,89590.08,89759.47,89590.08,89691.91,2.09855454,89620.2,89771.5,89620.2,89674.1,810032.97267380,89592.1,89781.5,89592.1,89723.8,0.30394335
2025-12-07 23:02,89688.72,89744.0,89587.78,89717.89,8.90672884,89682.01000000,89721.86000000,89580.44000000,89708.43000000,7.60520000,89769.0,89769.0,89671.0,89751.0,0.09484211,89691.91,89721.95,89580.44,89721.86,10.28970922,89674.1,89724.8,89577.1,89712.7,805725.81383690,89723.9,89723.9,89641.0,89703.3,0.1410878
2025-12-07 23:03,89714.25,89832.59,89714.16,89758.0,15.98647785,89708.40000000,89828.19000000,89700.25000000,89739.12000000,27.91163000,89770.0,89857.0,89770.0,89857.0,0.01480008,89721.86,89813.32,89721.86,89739.09,11.00951525,89712,89814,89712,89738.2,937321.38575840,89703.4,89779.9,89703.3,89767.0,0.62668461
2025-12-07 23:04,89754.0,89801.93,89663.28,89794.0,5.84335187,89739.12000000,89769.32000000,89650.00000000,89767.50000000,10.93312000,89821.0,89821.0,89757.0,89778.0,0.00330593,89739.09,89768.98,89666.65,89768.98,19.0188132,89738.2,89790.2,89652.5,89769.6,788281.02863980,89767.0,89767.0,89720.6,89737.6,0.25693787
2025-12-07 23:05,89793.96,89796.36,89599.68,89625.62,10.50464514,89767.50000000,89789.49000000,89592.01000000,89609.36000000,14.35181000,89828.0,89828.0,89680.0,89680.0,0.33141929000000003,89768.98,89768.98,89625.26,89625.26,7.97558707,89773.9,89795,89591.8,89617.9,696447.98376340,89737.6,89737.6,89669.1,89669.1,0.10460141999999999
2025-12-07 23:06,89621.77,89623.99,89531.84,89531.84,15.07310425,89609.36000000,89609.37000000,89522.08000000,89522.08000000,9.13848000,89670.0,89670.0,89611.0,89623.0,0.15552293,89625.26,89625.26,89527.88,89528.1,9.58962648,89617.2,89617.2,89520.9,89520.9,568501.65265390,89669.0,89669.0,89582.0,89582.1,0.24721877999999997
2025-12-07 23:07,89531.85,89714.15,89510.0,89681.05,7.75282664,89522.09000000,89699.39000000,89522.08000000,89672.61000000,3.13229000,89651.0,89730.0,89651.0,89730.0,0.010029699999999999,89528.1,89703.2,89521.95,89672.61,2.39733783,89521,89693,89521,89668.9,544491.99049161,89582.1,89704.2,89582.0,89689.8,0.09242846
2025-12-07 23:08,89683.99,89698.0,89599.5,89646.21,4.76702374,89672.62000000,89686.23000000,89604.00000000,89626.01000000,4.01161000,89718.0,89727.0,89712.0,89712.0,0.52981817,89672.61,89686.22,89604,89637.1,2.54967519,89669,89676,89610.9,89629.9,520619.41856980,89689.8,89689.8,89669.1,89669.1,0.021033990000000002
2025-12-07 23:09,89642.08,89679.37,89561.52,89561.52,4.54597441,89626.01000000,89661.98000000,89552.88000000,89552.88000000,3.28274000,89680.0,89680.0,89672.0,89672.0,0.00351176,89637.1,89662.13,89568.33,89579.15,2.57694797,89629.9,89653.8,89551.7,89551.8,501147.19795340,89669.0,89669.1,89617.5,89617.5,0.08984095
2025-12-07 23:10,89561.03,89718.4,89534.01,89718.39,3.65883187,89552.45000000,89698.30000000,89530.17000000,89698.29000000,4.68333000,89696.0,89739.0,89696.0,89739.0,0.00151188,89579.15,89698.55,89542.45,89698.55,2.69156138,89551.7,89704.8,89533.3,89704.7,294091.47274040,89617.0,89669.0,89599.5,89668.9,0.13110541
2025-12-07 23:11,89718.39,89735.35,89637.84,89667.27,3.22819926,89698.30000000,89719.66000000,89624.34000000,89656.28000000,11.08485000,89760.0,89760.0,89694.0,89730.0,0.004754110000000001,89698.55,89698.55,89633.28,89674.24,2.62147031,89705.9,89718.8,89626.2,89659.2,323355.29754420,89669.0,89669.9,89668.9,89669.9,0.01806853
2025-12-07 23:12,89667.26,89729.5,89667.26,89708.0,4.39912798,89656.29000000,89713.03000000,89656.29000000,89696.18000000,3.35356000,89728.0,89728.0,89728.0,89728.0,0.002,89674.24,89713.04,89656.29,89713.04,7.9759279,89659.3,89709.2,89659.3,89708.1,180559.68522260,89669.9,89672.9,89669.8,89672.8,0.03952501
2025-12-07 23:13,89708.01,89780.85,89697.8,89756.02,10.30143381,89696.18000000,89757.01000000,89686.47000000,89739.54000000,5.74282000,89763.0,89829.0,89763.0,89829.0,1.0122176600000001,89713.04,89752.3,89702.29,89739.55,4.24261289,89692.8,89756,89692.8,89746.9,306649.68254690,89672.9,89703.4,89672.9,89703.4,0.08436148
2025-12-07 23:14,89756.0,89765.03,89716.0,89740.0,1.00574784,89739.55000000,89751.22000000,89705.21000000,89730.42000000,2.47387000,,,,,,89739.55,89742.24,89722.95,89730.42,1.14089632,89747,89747,89709.5,89736.9,289310.18705100,89703.4,89703.4,89703.3,89703.4,0.00472196
2025-12-07 23:15,89739.6,89828.63,89739.6,89819.9,8.24438889,89730.42000000,89815.14000000,89730.42000000,89815.14000000,10.71937000,89804.0,89850.0,89804.0,89850.0,0.0032811200000000002,89730.42,89815.18,89730.42,89815.18,6.43822893,89737,89814.5,89737,89814.4,335318.67286110,89703.3,89771.8,89703.3,89771.8,0.23415853
2025-12-07 23:16,89823.99,89914.71,89782.0,89867.99,6.22769143,89815.14000000,89895.43000000,89780.64000000,89860.41000000,22.52407000,89858.0,89937.0,89858.0,89937.0,0.22181293,89815.18,89881.75,89780.64,89860.4,15.25488749,89814.4,89883.9,89779.5,89856.4,291641.05428610,89771.9,89899.0,89771.9,89895.7,2.3376282
2025-12-07 23:17,89867.99,89868.0,89798.96,89858.3,4.38552424,89860.41000000,89860.94000000,89799.99000000,89840.82000000,9.39401000,89884.0,89884.0,89878.0,89878.0,0.02128079,89860.4,89860.98,89799.97,89840.81,8.15255665,89856.4,89856.5,89799,89839.8,360450.95151460,89895.8,89895.8,89822.4,89822.4,0.056966420000000004
2025-12-07 23:18,89858.3,89858.3,89771.32,89817.99,9.04106122,89840.81000000,89840.81000000,89763.40000000,89804.48000000,5.84668000,89861.0,89861.0,89861.0,89861.0,0.00139317,89840.81,89840.82,89763.36,89804.48,3.94309855,89839.8,89839.8,89768,89800.5,451508.94453630,89822.5,89822.5,89814.1,89814.1,0.33747131
2025-12-07 23:19,89817.99,89828.83,89760.8,89796.87,1.7148867,89804.48000000,89820.76000000,89753.35000000,89795.51000000,6.47927000,,,,,,89804.48,89804.49,89753.35,89777.7,4.8057961,89800.5,89812.9,89756,89796,300880.78473380,89806.3,89806.3,89777.3,89777.3,0.17337692999999998
2025-12-07 23:20,89796.87,89859.58,89796.87,89837.99,1.08678904,89795.52000000,89844.37000000,89795.52000000,89824.92000000,5.18643000,89870.0,89907.0,89870.0,89907.0,0.00373353,89777.7,89844.37,89777.7,89835.79,1.67734244,89797.8,89840.9,89797.8,89828.5,502663.15036890,89777.3,89814.1,89777.2,89814.1,0.10259416
2025-12-07 23:21,89838.0,89920.71,89836.01,89920.71,2.94866299,89824.91000000,89899.00000000,89824.91000000,89899.00000000,3.49911000,89897.0,89940.0,89897.0,89940.0,0.00293309,89835.79,89878.41,89824.91,89878.4,3.74064112,89828.5,89893.8,89828.5,89893.8,438336.08918220,89814.1,89869.9,89814.1,89869.8,0.12784241
2025-12-07 23:22,89920.7,90007.78,89890.23,89992.64,7.23086029,89899.00000000,89985.60000000,89881.23000000,89984.65000000,30.41022000,89950.0,90000.0,89950.0,90000.0,4.35334614,89878.4,89984.69,89878.4,89984.66,10.92230126,89893.8,89972.7,89884.2,89972.7,511297.84135370,89869.9,89921.8,89869.8,89921.8,0.1153297
2025-12-07 23:23,89995.99,90000.07,89938.88,89998.01,2.32619916,89984.64000000,89986.52000000,89929.62000000,89986.51000000,2.68296000,90000.0,90050.0,90000.0,90050.0,5.6866009,89984.66,89986.52,89929.58,89986.51,12.89627504,89972.7,89975,89933.3,89975,347303.83352830,89937.8,89983.3,89937.7,89983.3,0.7285168399999999
2025-12-07 23:24,89998.0,90045.01,89986.0,89996.01,3.56650858,89986.52000000,90028.80000000,89974.88000000,89980.58000000,12.44787000,90068.0,90068.0,90068.0,90068.0,0.00995498,89986.51,90029.02,89974.88,89974.89,8.85864247,89975,90026,89975,89980.1,383324.30055110,89983.4,90000.0,89983.3,89999.9,0.02602702
2025-12-07 23:25,89996.02,90005.5,89928.0,89988.66,4.08386552,89980.59000000,89999.19000000,89921.78000000,89972.89000000,6.64238000,90052.0,90052.0,90052.0,90052.0,0.00106362,89974.89,89987.49,89921.69,89972.9,8.08876072,89980.1,89990,89926.6,89967.5,452530.66196930,90000.0,90000.0,89986.6,89986.6,0.01312867
2025-12-07 23:26,89988.69,89993.99,89929.72,89978.2,1.4441182,89972.90000000,89974.53000000,89923.34000000,89964.22000000,7.01482000,90030.0,90030.0,90029.0,90029.0,0.0008391000000000001,89972.9,89974.53,89924.47,89964.27,2.40514307,89967.6,89967.6,89927.1,89953,444095.41179060,89986.6,89986.6,89964.4,89970.4,0.02239141
2025-12-07 23:27,89972.01,90061.83,89972.01,90049.1,8.14114114,89964.22000000,90037.80000000,89964.22000000,90037.79000000,8.08845000,90030.0,90080.0,90030.0,90080.0,0.0021124200000000003,89964.27,90037.85,89964.23,90037.79,8.30699161,89953.5,90034.2,89953.5,90034.2,470610.32756030,89963.4,89986.6,89963.4,89986.5,0.17724694
2025-12-07 23:28,90050.02,90086.62,90006.53,90077.99,2.91289555,90037.79000000,90068.84000000,90004.40000000,90068.84000000,6.47676000,90083.0,90090.0,90083.0,90090.0,0.00085125,90037.79,90068.84,90004.28,90068.83,4.52460157,90034.2,90067.4,90013.1,90067.3,365197.37847440,89986.6,90019.9,89986.5,90019.8,0.17907789
2025-12-07 23:29,90077.99,90088.0,90027.9,90066.07,1.87600895,90068.84000000,90068.84000000,90028.80000000,90055.11000000,4.26045000,90086.0,90086.0,90086.0,90086.0,9.578e-05,90068.83,90068.84,90028.8,90055.11,3.24192793,90067.3,90067.3,90035,90051,382174.40954580,90019.9,90034.5,90019.8,90034.5,0.04734933
2025-12-07 23:30,90066.07,90066.07,89972.0,89988.0,2.75344274,90055.11000000,90055.11000000,89963.39000000,89974.43000000,6.14769000,90074.0,90074.0,90074.0,90074.0,9.578e-05,90055.11,90055.11,89963.39,89974.42,1.81084505,90050.9,90050.9,89968.4,89976,343942.66744790,90034.5,90034.5,90022.9,90022.9,0.18480001000000001
2025-12-07 23:31,89986.0,90033.0,89959.99,89959.99,2.4920337,89974.43000000,90010.74000000,89950.29000000,89950.29000000,5.87212000,90041.0,90041.0,90040.0,90040.0,0.12132237,89974.42,90010.74,89969.16,89970.3,3.11153047,89976.1,90008.9,89963.7,89968.4,383060.78312930,90023.0,90023.0,90019.8,90019.8,0.17660647999999998
2025-12-07 23:32,89960.0,90066.08,89956.72,90055.79,1.39315813,89950.30000000,90050.00000000,89950.01000000,90043.32000000,5.93184000,,,,,,89970.3,90043.34,89949.84,90043.34,7.51887053,89958,90048.8,89955,90037,322045.10517410,90006.8,90006.9,90006.8,90006.9,0.028936089999999998
2025-12-07 23:33,90055.79,90070.79,90023.68,90068.71,1.51726868,90043.32000000,90050.00000000,90014.63000000,90050.00000000,4.55118000,90081.0,90081.0,90081.0,90081.0,0.00011753999999999999,90043.34,90050,90027.29,90050,3.20993284,90038.9,90047,90019.5,90045.9,272768.57865360,90006.9,90006.9,90006.8,90006.8,0.0206851
2025-12-07 23:34,90068.72,90069.16,90015.6,90019.18,0.91882269,90050.00000000,90050.00000000,90005.01000000,90005.01000000,2.54981000,,,,,,90050,90050,90005.01,90005.01,1.79254536,90045.9,90045.9,90009.7,90009.7,213455.06011290,90006.9,90006.9,90006.8,90006.9,0.02216392
2025-12-07 23:35,90023.76,90057.6,90002.0,90004.01,0.93270017,90005.01000000,90041.93000000,89995.42000000,89995.43000000,1.67861000,,,,,,90005.01,90035.96,89995.42,89995.42,1.01967128,90009.8,90036,90001.1,90001.1,334250.31745570,90006.9,90006.9,90006.8,90006.8,0.02255311
2025-12-07 23:36,90005.99,90068.0,89989.77,90054.02,0.84722651,89995.43000000,90050.00000000,89982.88000000,90050.00000000,2.19801000,90077.0,90077.0,90077.0,90077.0,0.00139226,89995.42,90050.04,89993.07,90050.03,1.57868297,89998.9,90045.5,89985.8,90045,350258.54075930,90006.8,90006.9,90006.8,90006.9,0.00938256
2025-12-07 23:37,90054.02,90064.03,90010.96,90023.57,1.50721624,90050.00000000,90050.00000000,89993.83000000,90016.01000000,2.83334000,,,,,,90050.03,90050.03,89993.8,90015.99,1.96859599,90045,90047.9,89999.5,90014,329069.07044660,90006.9,90006.9,90006.8,90006.9,0.06288343999999998
2025-12-07 23:38,90023.57,90026.0,89950.01,89960.02,1.30303053,90016.00000000,90016.01000000,89942.38000000,89949.49000000,2.83541000,90044.0,90044.0,90044.0,90044.0,0.00563472,90015.99,90016.01,89963.11,89963.11,1.34608207,90014,90014,89940.6,89940.7,348617.25071050,90006.9,90006.9,89995.0,89995.0,0.02724335
2025-12-07 23:39,89962.0,89968.55,89845.6,89938.68,4.79936342,89949.50000000,89955.48000000,89844.11000000,89929.51000000,19.23666000,90000.0,90000.0,89930.0,89930.0,0.11825596000000001,89963.11,89963.11,89853.65,89929.5,14.12563102,89940.7,89946.9,89845.9,89922.7,460149.21516510,89992.9,89992.9,89910.9,89911.0,0.20177633
2025-12-07 23:40,89938.68,89943.99,89855.01,89888.0,5.62913016,89929.50000000,89936.15000000,89869.37000000,89869.38000000,5.25199000,89982.0,89982.0,89982.0,89982.0,0.00323988,89929.5,89930,89869.37,89869.38,6.07285439,89922.6,89927,89875,89875,378522.38435950,89910.9,89911.0,89910.9,89910.9,1.8033995299999999
2025-12-07 23:41,89886.01,89886.01,89831.99,89872.0,6.77163006,89869.38000000,89869.38000000,89827.99000000,89867.88000000,8.61688000,89927.0,89927.0,89910.0,89910.0,0.01286933,89869.38,89869.38,89827.89,89843.35,5.8661651,89875.1,89875.1,89828.4,89857,397196.72461900,89911.0,89911.0,89900.0,89900.1,0.05498289
2025-12-07 23:42,89874.17,89916.25,89859.69,89892.24,0.65587057,89867.88000000,89897.33000000,89846.94000000,89884.62000000,6.12441000,,,,,,89843.35,89897.33,89843.35,89897.33,1.55088176,89857,89891.2,89855.3,89891,361074.52290370,89900.0,89900.1,89877.8,89877.8,0.18911085
2025-12-07 23:43,89892.24,89938.0,89890.0,89929.99,1.07930295,89884.63000000,89919.98000000,89884.62000000,89919.98000000,0.65220000,89924.0,89951.0,89924.0,89951.0,0.00466262,89897.33,89920.01,89884.62,89920.01,3.74549116,89891.1,89915.3,89891.1,89915.3,410706.66795090,89877.9,89877.9,89877.8,89877.9,0.023540560000000002
2025-12-07 23:44,89929.99,89939.99,89915.5,89939.88,0.64032829,89919.97000000,89927.65000000,89914.00000000,89927.65000000,2.58030000,,,,,,89920.01,89927.68,89914,89927.65,1.79539731,89915.4,89919,89914,89919,273762.89563460,89877.8,89877.9,89877.8,89877.9,0.00356304
2025-12-07 23:45,89936.03,89955.55,89922.87,89946.01,0.87612471,89927.65000000,89936.83000000,89914.00000000,89936.82000000,1.36471000,,,,,,89927.65,89936.83,89914,89914.01,0.79398696,89922,89931.9,89914.6,89926.2,273151.31528690,89877.9,89892.2,89877.9,89892.2,0.0432691
2025-12-07 23:46,89946.01,89998.24,89936.0,89998.23,0.78930245,89936.81000000,89990.06000000,89929.50000000,89990.05000000,8.33033000,89974.0,90000.0,89974.0,90000.0,1.00386932,89914.01,89990.06,89914.01,89990.06,3.97754421,89932.1,89980.9,89932.1,89980.9,125663.96500510,89892.1,89932.9,89892.1,89932.9,0.29547095
2025-12-07 23:47,89998.24,90103.35,89994.24,90077.99,5.85834474,89990.05000000,90066.94000000,89990.05000000,90066.93000000,3.90631000,90020.0,90090.0,90020.0,90090.0,0.00592381,89990.06,90066.94,89990.05,90066.94,3.64195074,89981.1,90067,89981.1,90066.9,143374.69041060,89932.9,90030.4,89932.9,90030.4,0.09257504
2025-12-07 23:48,90077.99,90135.7,90053.36,90107.12,2.37523335,90066.93000000,90110.48000000,90054.90000000,90099.29000000,7.12423000,90120.0,90172.0,90120.0,90172.0,0.1012152,90066.94,90110.48,90066.93,90079.74,5.76586748,90066.9,90112.4,90055,90084,316100.55140760,90030.3,90059.9,90030.3,90059.8,1.91174052
2025-12-07 23:49,90107.12,90169.0,90081.38,90128.39,0.98455322,90099.29000000,90157.89000000,90079.76000000,90120.14000000,8.95567000,90137.0,90144.0,90137.0,90144.0,0.0019003800000000001,90079.74,90157.89,90079.71,90146.18,2.60120657,90086,90151.5,90076.9,90124.1,375617.96613070,90059.9,90121.0,90059.8,90120.9,0.23515959
2025-12-07 23:50,90128.38,90155.1,90101.36,90150.7,4.96246613,90120.13000000,90145.17000000,90087.39000000,90140.65000000,10.75067000,90176.0,90176.0,90148.0,90150.0,0.01044643,90146.18,90146.18,90087.39,90140.65,11.45566676,90124,90141.9,90093,90139.4,331468.56347370,90121.0,90121.0,90120.9,90120.9,0.00427238
2025-12-07 23:51,90150.7,90227.97,90124.0,90202.45,9.30937715,90140.65000000,90193.52000000,90118.00000000,90190.69000000,8.91208000,90190.0,90220.0,90190.0,90220.0,0.02275649,90140.65,90190.69,90118,90190.69,3.71547266,90139.3,90199.1,90120.7,90197,300994.82717230,90121.0,90204.6,90120.9,90204.6,1.87930791
2025-12-07 23:52,90198.01,90202.42,90123.01,90143.57,1.0571627,90190.68000000,90190.68000000,90111.16000000,90131.83000000,6.06268000,90208.0,90208.0,90190.0,90190.0,0.010781909999999999,90190.69,90190.69,90117.96,90122.11,6.7882804,90197,90197,90105.3,90122,350755.34751050,90204.6,90204.6,90158.6,90158.6,5.54118041
2025-12-07 23:53,90143.57,90169.82,90129.95,90161.93,1.67733244,90131.84000000,90153.13000000,90131.83000000,90148.48000000,5.11423000,,,,,,90122.11,90153.17,90122.11,90148.63,2.36532538,90122.1,90148.4,90122.1,90139.9,299347.46790210,90158.6,90158.6,90143.2,90158.6,0.12375947999999999
2025-12-07 23:54,90158.0,90216.07,90143.52,90216.0,0.7328651,90148.47000000,90193.52000000,90133.85000000,90193.51000000,4.09975000,90220.0,90220.0,90220.0,90220.0,0.00200001,90148.63,90194.51,90133.83,90193.51,2.50991865,90139.9,90192.9,90139.9,90192.9,193043.79886160,90158.5,90158.6,90158.5,90158.6,0.04990571
2025-12-07 23:55,90216.0,90378.47,90214.03,90350.61,11.09481163,90193.52000000,90347.75000000,90193.52000000,90335.08000000,49.63542000,90227.0,90397.0,90227.0,90386.0,0.057032379999999994,90193.51,90352.87,90193.51,90343.75,10.9032446,90193,90352.2,90192.9,90334,778186.25102170,90158.6,90318.3,90158.5,90318.2,0.84994126
2025-12-07 23:56,90354.39,90398.0,90302.0,90312.0,2.67481694,90335.08000000,90385.40000000,90298.52000000,90298.52000000,14.78018000,90400.0,90440.0,90400.0,90419.0,0.00130583,90343.75,90388.02,90298.52,90298.52,5.62042881,90334,90376.5,90298.7,90298.7,389558.98300330,90318.3,90336.8,90318.3,90335.1,0.28672038
2025-12-07 23:57,90322.2,90399.99,90286.56,90394.2,9.81952163,90298.52000000,90377.24000000,90272.57000000,90377.24000000,10.65210000,90335.0,90380.0,90335.0,90380.0,0.03216874,90298.52,90377.24,90276.25,90377.24,11.97667353,90298.8,90376.6,90277.5,90376.6,433951.26444690,90335.0,90335.1,90335.0,90335.1,0.043475679999999996
2025-12-07 23:58,90394.2,90456.0,90367.12,90452.12,9.18711163,90377.23000000,90433.33000000,90360.51000000,90433.33000000,12.98361000,90408.0,90492.0,90408.0,90492.0,0.0246363,90377.24,90420,90360.42,90420,6.47681858,90376.5,90429,90364,90429,449239.52849340,90335.1,90398.5,90335.0,90398.5,0.54057489
2025-12-07 23:59,90452.12,90490.08,90396.8,90402.29,4.67333657,90433.32000000,90471.66000000,90395.31000000,90395.31000000,20.15762000,90485.0,90500.0,90473.0,90473.0,0.79263825,90420,90471.65,90395.3,90395.31,21.7505073,90429.3,90472.7,90386.3,90386.3,428257.95290370,90400.0,90435.1,90400.0,90435.1,0.36702385
2025-12-08 00:00,90402.3,90439.66,90261.08,90284.01,4.7210141,90395.32000000,90407.98000000,90250.20000000,90271.02000000,21.98982000,90433.0,90433.0,90334.0,90336.0,0.05382834,90395.31,90395.39,90256.7,90271.01,10.50311669,90386.3,90403,90250.5,90273.8,951298.87814090,90435.1,90435.1,90310.4,90310.4,0.95909902
2025-12-08 00:01,90282.01,90365.13,90226.0,90333.99,4.20725744,90271.01000000,90343.81000000,90220.00000000,90327.71000000,19.73966000,90330.0,90330.0,90297.0,90311.0,0.00658622,90271.01,90325.87,90223.96,90323.58,4.72622008,90273.8,90342.1,90221,90324.8,767557.93936750,90310.3,90310.3,90260.3,90290.2,0.86884995
2025-12-08 00:02,90335.98,90342.83,90282.32,90299.55,1.53746414,90327.71000000,90327.71000000,90265.26000000,90290.13000000,6.29310000,90388.0,90388.0,90351.0,90379.0,0.00395592,90323.58,90327.71,90286.4,90290.12,13.69834754,90324.7,90324.7,90267,90293.3,707385.22202250,90290.3,90293.2,90290.2,90293.2,0.45483896999999995
2025-12-08 00:03,90299.99,90355.39,90299.28,90301.78,2.69078609,90290.13000000,90332.00000000,90290.12000000,90290.13000000,7.55768000,90349.0,90375.0,90349.0,90371.0,0.12135583,90290.12,90322.21,90290.12,90321.93,4.42229235,90293.4,90324.2,90278.8,90288.1,641499.73069110,90293.1,90295.5,90293.1,90295.5,0.01039191
2025-12-08 00:04,90301.78,90415.76,90300.88,90381.99,5.87315462,90290.12000000,90388.00000000,90290.12000000,90369.60000000,16.15050000,90366.0,90439.0,90366.0,90439.0,0.04779316,90321.93,90386.57,90290.08,90386.57,11.91544158,90288.2,90387,90288.2,90376,684473.07195010,90295.5,90349.5,90295.5,90349.4,0.18971833999999999
2025-12-08 00:05,90382.0,90382.0,90286.56,90313.66,3.36747952,90369.61000000,90369.61000000,90281.93000000,90299.57000000,9.43829000,90417.0,90417.0,90387.0,90387.0,1.00239281,90386.57,90386.57,90281.93,90281.94,4.13001908,90375.1,90375.1,90284,90288.4,502965.39403490,90349.4,90349.5,90303.6,90303.7,0.7087324
2025-12-08 00:06,90313.65,90313.66,90193.28,90214.47,5.31006644,90299.57000000,90299.57000000,90188.00000000,90195.96000000,10.59528000,90363.0,90363.0,90270.0,90270.0,0.05698553,90281.94,90287.35,90187.96,90188.01,9.42088239,90291,90291,90182.6,90192,543139.06803210,90303.6,90303.6,90244.8,90244.8,1.5161446
2025-12-08 00:07,90214.47,90282.32,90214.47,90275.15,8.95953423,90195.96000000,90278.30000000,90195.96000000,90269.87000000,5.61322000,90281.0,90281.0,90281.0,90281.0,0.005,90188.01,90278.87,90188.01,90278.3,2.77070493,90192.4,90267.8,90192.4,90267.7,502650.55576350,90244.8,90244.8,90244.7,90244.8,0.03291934
2025-12-08 00:08,90278.08,90294.0,90138.69,90138.69,6.44972006,90269.87000000,90278.80000000,90131.84000000,90131.84000000,14.21743000,90290.0,90290.0,90220.0,90220.0,0.060749120000000004,90278.3,90278.88,90138,90138,7.65360767,90267.8,90272.2,90143.7,90143.7,719220.06314040,90244.8,90274.3,90200.0,90200.1,0.15354729
2025-12-08 00:09,90138.69,90215.67,90133.92,90205.96,2.6057386,90131.84000000,90215.07000000,90131.84000000,90199.99000000,11.05261000,,,,,,90138,90201.25,90133,90199.84,11.81708321,90140.9,90203.7,90136.6,90192.4,560014.66291770,90200.0,90200.1,90200.0,90200.0,0.11265357000000001
2025-12-08 00:10,90205.96,90205.96,90112.72,90137.53,10.05252967,90200.00000000,90200.00000000,90105.53000000,90132.12000000,7.91439000,90256.0,90256.0,90190.0,90190.0,0.00396922,90199.84,90199.84,90105.54,90132.12,5.50956734,90193,90193,90111.2,90126.7,318857.56063820,90200.1,90200.1,90151.0,90151.1,0.93477309
2025-12-08 00:11,90137.52,90146.0,90069.17,90138.16,5.20397671,90132.11000000,90132.12000000,90087.40000000,90129.86000000,6.09685000,90168.0,90168.0,90168.0,90168.0,0.000147,90132.12,90132.12,90099.03,90129.86,4.29498155,90126.6,90127,90090,90127,335212.31567440,90151.1,90151.1,90094.5,90139.3,0.29357968
2025-12-08 00:12,90138.15,90159.36,90106.06,90142.4,10.82888397,90129.86000000,90145.12000000,90104.27000000,90128.18000000,7.50061000,90169.0,90169.0,90169.0,90169.0,0.00739194,90129.86,90145.12,90113.99,90145.12,4.93593853,90127,90141.3,90104,90140,350477.57734800,90139.2,90139.3,90139.2,90139.2,0.5114014
2025-12-08 00:13,90142.4,90142.41,90074.56,90093.9,2.33724483,90128.18000000,90139.89000000,90076.92000000,90088.30000000,4.45194000,90208.0,90208.0,90173.0,90173.0,0.00130869,90145.12,90145.12,90076.88,90076.93,3.35889642,90137,90137,90073.6,90078,368755.57521170,90139.3,90139.3,90093.3,90101.1,0.66568208
2025-12-08 00:14,90093.91,90103.06,90057.6,90087.11,5.35153673,90088.31000000,90088.31000000,90051.81000000,90069.21000000,4.81244000,90150.0,90150.0,90150.0,90150.0,0.00208769,90076.93,90088.31,90051.81,90085.33,3.00377441,90079.9,90082,90058,90076,352480.76167610,90101.0,90101.1,90064.8,90064.8,0.06480132
2025-12-08 00:15,90087.1,90126.0,90055.7,90103.98,3.12142873,90069.20000000,90116.56000000,90051.81000000,90093.68000000,4.78688000,90143.0,90143.0,90130.0,90131.0,0.013023,90085.33,90116.56,90051.82,90115.49,1.87701989,90073.4,90108.1,90053.6,90100.1,269234.25551230,90064.9,90125.9,90064.8,90125.9,0.15144364
2025-12-08 00:16,90101.15,90102.03,90032.16,90064.56,10.22781405,90093.69000000,90093.69000000,90021.76000000,90055.54000000,9.45345000,90122.0,90122.0,90120.0,90120.0,0.00363932,90115.49,90115.49,90031.54,90054.85,7.2056835,90100.1,90100.1,90028.3,90048.9,299010.74006040,90125.8,90125.9,90095.3,90095.3,0.01883258
2025-12-08 00:17,90064.55,90154.0,90064.55,90150.87,1.39820508,90055.55000000,90137.82000000,90055.55000000,90137.81000000,4.37653000,90111.0,90160.0,90111.0,90160.0,0.00620024,90054.85,90138.66,90054.85,90138.21,2.71727693,90049,90135.9,90049,90135.9,277186.49220440,90095.2,90110.6,90095.2,90110.6,0.42589142
2025-12-08 00:18,90150.87,90150.87,90050.75,90050.76,2.57997049,90137.82000000,90137.82000000,90048.99000000,90048.99000000,3.82475000,90142.0,90142.0,90142.0,90142.0,0.00010037,90138.21,90138.21,90048.88,90048.99,2.41511331,90135.9,90136,90051,90051,211454.13852270,90110.6,90125.9,90110.6,90125.8,0.0204537
2025-12-08 00:19,90050.76,90060.51,89914.51,89921.93,11.64785657,90049.00000000,90054.63000000,89905.10000000,89913.65000000,21.99069000,90114.0,90114.0,90000.0,90000.0,2.00737591,90048.99,90049,89924.93,89924.93,10.92762805,90051,90051,89908.1,89919,310123.15319510,90110.6,90110.6,89960.0,89960.0,0.46089634
2025-12-08 00:20,89921.92,90048.0,89865.0,90046.01,3.82014805,89913.65000000,90039.10000000,89860.00000000,90039.09000000,17.26319000,89986.0,90048.0,89941.0,90048.0,0.06402412,89924.93,90039.19,89853.42,90039.1,10.17834852,89908,90029.1,89866.7,90029.1,200497.49806610,89959.9,90000.7,89894.2,90000.6,0.52474082
2025-12-08 00:21,90046.0,90095.74,90010.97,90084.0,2.32036087,90039.10000000,90079.75000000,90007.40000000,90076.73000000,5.14658000,90083.0,90094.0,90053.0,90085.0,0.01033539,90039.1,90080.72,90007.29,90079.74,4.16706405,90030,90073.9,90012.4,90066,102394.15704640,90000.7,90047.9,90000.7,90047.8,0.01223861
2025-12-08 00:22,90083.99,90121.1,90066.97,90114.01,1.50806382,90076.73000000,90118.00000000,90058.02000000,90113.95000000,3.17152000,90112.0,90140.0,90112.0,90140.0,0.0049957199999999995,90079.74,90098.18,90066.76,90098.1,2.18250686,90074,90105.8,90066.1,90105.8,104454.94298310,90047.9,90079.8,90047.9,90079.8,0.1187279
2025-12-08 00:23,90114.02,90298.48,90110.31,90281.18,3.0697475,90113.95000000,90286.35000000,90102.23000000,90279.01000000,18.73287000,90170.0,90310.0,90170.0,90310.0,0.011747210000000001,90098.1,90277.4,90098.1,90277.4,7.4754777,90111,90273,90103.1,90273,106535.17257280,90079.9,90231.5,90079.9,90231.5,0.18280067
2025-12-08 00:24,90292.02,90292.03,90223.05,90228.02,7.80053621,90279.01000000,90287.30000000,90220.00000000,90220.00000000,3.25409000,,,,,,90277.4,90289.99,90219.96,90220,9.24379342,90275.8,90278,90226.6,90226.6,99641.23946290,90246.4,90267.6,90246.4,90267.6,0.17657611
2025-12-08 00:25,90226.04,90299.28,90215.32,90299.28,0.68558174,90220.00000000,90290.12000000,90210.48000000,90290.11000000,2.14517000,90288.0,90288.0,90288.0,90288.0,0.00023867,90220,90257.78,90220,90257.78,0.76423642,90220.1,90282.6,90217.5,90282.5,534973.25117980,90267.5,90267.6,90267.5,90267.6,0.025889330000000002
2025-12-08 00:26,90298.0,90302.37,90215.83,90254.02,8.05440212,90290.11000000,90290.11000000,90213.03000000,90247.98000000,1.89462000,90288.0,90288.0,90278.0,90278.0,0.00023523,90257.78,90290.14,90213.01,90247.97,1.77769811,90282.6,90282.6,90215.4,90252,356940.83853510,90267.6,90267.6,90267.5,90267.5,0.025001660000000002
2025-12-08 00:27,90254.76,90283.35,90249.28,90277.66,1.13236634,90247.98000000,90272.15000000,90236.24000000,90272.15000000,1.40093000,90296.0,90296.0,90296.0,90296.0,0.00410126,90247.97,90259.17,90241.44,90249.02,0.77653158,90252,90262,90248.5,90260,405148.06452050,90267.6,90267.6,90254.0,90254.0,0.07772186
2025-12-08 00:28,90277.66,90280.0,90218.73,90223.43,3.29013438,90272.15000000,90272.15000000,90213.03000000,90219.46000000,4.00488000,,,,,,90249.02,90259.11,90213.01,90213.03,2.95981383,90259.9,90259.9,90213.4,90213.4,443717.58088740,90251.5,90251.5,90251.4,90251.5,5.0073741
2025-12-08 00:29,90224.0,90269.59,90210.3,90251.82,0.52209733,90219.45000000,90256.15000000,90200.01000000,90249.99000000,4.05755000,90261.0,90270.0,90261.0,90270.0,0.035186999999999996,90213.03,90249.98,90200.02,90249.98,2.65067862,90213.5,90252.7,90203.1,90251.9,385549.40574570,90250.0,90250.1,90250.0,90250.0,0.9045345
2025-12-08 00:30,90251.83,90251.84,90222.97,90236.09,1.79870574,90249.98000000,90249.98000000,90223.68000000,90236.26000000,3.23983000,,,,,,90249.98,90249.98,90221.95,90225.2,0.93641648,90251.9,90251.9,90221.2,90230,319650.84595950,90250.1,90250.1,90250.0,90250.1,0.00705357
2025-12-08 00:31,90244.16,90319.71,90225.9,90272.0,1.06521919,90236.26000000,90300.00000000,90223.68000000,90264.85000000,5.57032000,90285.0,90304.0,90285.0,90304.0,0.00318971,90225.2,90300,90223.64,90265.14,3.65886013,90234.1,90290.8,90227,90277,196075.86800910,90250.1,90250.1,90250.0,90250.1,0.14345507
2025-12-08 00:32,90268.47,90395.24,90264.1,90373.6,4.76935546,90264.85000000,90360.00000000,90257.85000000,90360.00000000,8.05935000,90330.0,90390.0,90330.0,90390.0,0.01081849,90265.14,90360.01,90265.14,90360,5.66991876,90271.9,90359.1,90261.6,90359,230761.90296340,90250.1,90328.2,90250.1,90328.2,0.3714139
2025-12-08 00:33,90373.59,90405.27,90333.3,90380.55,3.07487883,90359.99000000,90388.00000000,90324.96000000,90367.79000000,3.73336000,90400.0,90413.0,90400.0,90413.0,0.00078801,90360,90385.7,90324.97,90367.74,2.82698589,90359,90383.3,90324.1,90375,191050.65833770,90328.2,90354.1,90328.2,90354.1,0.08810997
2025-12-08 00:34,90380.14,90463.85,90371.37,90463.85,1.7300137,90367.79000000,90447.52000000,90367.78000000,90447.52000000,10.21779000,90430.0,90450.0,90430.0,90450.0,0.0040055,90367.74,90431.97,90367.74,90421.88,1.37800928,90375.1,90438.7,90370.1,90438.7,205232.57362480,90354.1,90432.2,90354.0,90432.1,1.09527835
2025-12-08 00:35,90463.84,90600.0,90456.16,90592.97,28.18781211,90447.52000000,90627.11000000,90447.52000000,90592.91000000,61.83161000,90481.0,90651.0,90481.0,90628.0,9.72241262,90421.88,90600,90421.88,90592.91,15.38871516,90439.2,90607.7,90439.2,90580.9,637747.62613770,90432.2,90565.4,90432.1,90565.4,3.20869591
2025-12-08 00:36,90592.96,90592.97,90439.21,90445.94,4.59239219,90592.92000000,90592.92000000,90440.31000000,90440.78000000,14.71252000,90601.0,90601.0,90522.0,90522.0,0.02539132,90592.91,90592.91,90438.3,90440.77,23.55883002,90586.9,90586.9,90439.1,90443.4,357838.36324660,90565.4,90565.4,90475.2,90475.2,0.29728181000000004
2025-12-08 00:37,90447.97,90470.0,90395.94,90429.94,5.12780046,90440.78000000,90461.19000000,90400.03000000,90427.61000000,5.75878000,90510.0,90510.0,90481.0,90481.0,0.0046348100000000005,90440.77,90440.78,90396.68,90400.01,3.14829,90443.5,90459,90398.9,90416,349618.35799670,90475.2,90475.2,90468.6,90468.7,0.0686354
2025-12-08 00:38,90429.95,90487.95,90396.81,90479.17,1.70916651,90427.62000000,90481.02000000,90402.00000000,90466.31000000,5.97034000,90457.0,90457.0,90457.0,90457.0,0.002,90400.01,90481.02,90400.01,90466.3,5.2437364,90417,90472,90398.2,90465,348426.73833770,90468.7,90468.7,90454.7,90454.8,0.03046011
2025-12-08 00:39,90478.02,90507.02,90437.6,90477.37,2.60352812,90466.32000000,90497.16000000,90438.77000000,90464.32000000,4.56887000,90501.0,90501.0,90501.0,90501.0,0.00111702,90466.3,90497.16,90438.74,90490.61,3.16369984,90465,90490,90436.9,90473.8,335119.37841780,90454.8,90455.0,90454.7,90455.0,0.01309253
2025-12-08 00:40,90477.36,90491.13,90423.38,90467.88,3.50655475,90464.32000000,90486.38000000,90424.00000000,90462.91000000,7.88002000,90511.0,90511.0,90478.0,90478.0,0.047130000000000005,90490.61,90490.61,90421.38,90462.91,1.45399503,90472.1,90478.3,90424.2,90455.6,649468.66691530,90455.0,90455.0,90454.9,90455.0,0.01596153
2025-12-08 00:41,90472.02,90472.02,90396.81,90408.0,0.8356411,90462.92000000,90462.92000000,90395.31000000,90395.31000000,2.99495000,90510.0,90510.0,90510.0,90510.0,5.018,90462.91,90462.92,90395.27,90395.31,6.56114169,90455.6,90455.6,90393,90393.1,602721.23340660,90455.0,90455.0,90396.1,90396.1,0.13076226999999999
2025-12-08 00:42,90406.0,90436.45,90397.95,90432.44,7.55864414,90395.32000000,90418.43000000,90395.31000000,90418.08000000,3.02070000,,,,,,90395.31,90418.53,90394.85,90418.08,2.02711466,90393.1,90414.2,90393,90409.4,708239.96107560,90396.1,90396.1,90396.0,90396.0,0.12355471000000001
2025-12-08 00:43,90432.43,90432.43,90362.88,90362.88,2.53718622,90418.08000000,90419.14000000,90361.89000000,90361.89000000,5.09468000,90478.0,90478.0,90478.0,90478.0,0.00411702,90418.08,90419.13,90367.77,90367.77,1.24547731,90409.4,90409.4,90369.8,90369.8,727443.70284100,90396.1,90396.1,90396.0,90396.0,0.05568811
2025-12-08 00:44,90358.65,90358.65,90312.88,90322.0,3.59066339,90361.89000000,90361.89000000,90312.50000000,90318.37000000,4.85020000,90450.0,90450.0,90410.0,90410.0,0.021706140000000002,90367.77,90367.77,90312.51,90318.37,5.830735,90366.8,90366.8,90314,90314,513355.53516600,90396.0,90396.0,90354.1,90354.1,0.13843269
2025-12-08 00:45,90321.99,90340.14,90256.89,90256.89,2.57897383,90318.38000000,90339.74000000,90263.00000000,90263.00000000,4.11711000,90410.0,90410.0,90360.0,90360.0,0.0008000100000000001,90318.37,90339.74,90256.42,90263.01,2.14118339,90314,90327,90262,90262.1,404172.59725460,90354.1,90354.1,90297.6,90297.6,0.04345747
2025-12-08 00:46,90262.0,90335.99,90231.44,90304.0,4.08697557,90263.01000000,90333.66000000,90232.01000000,90314.25000000,9.60491000,90350.0,90350.0,90330.0,90330.0,0.00330133,90263.01,90324.23,90231.97,90311.05,6.49489391,90262,90324.9,90229.2,90310.3,413587.99836750,90297.6,90312.2,90250.1,90312.1,0.38775819
2025-12-08 00:47,90303.99,90335.87,90284.35,90297.58,1.2711202,90314.25000000,90334.06000000,90290.12000000,90300.39000000,3.55856000,90381.0,90381.0,90381.0,90381.0,0.00408239,90311.05,90334.05,90284.13,90298.66,2.49486359,90310.3,90323.5,90279.8,90292,371741.89210550,90312.2,90341.3,90312.1,90330.5,0.23425579
2025-12-08 00:48,90290.81,90358.64,90286.6,90358.64,0.30853755,90300.38000000,90356.85000000,90290.12000000,90356.85000000,6.85823000,,,,,,90298.66,90348.28,90284.11,90348.23,1.71414934,90291.9,90344,90289.9,90344,400167.60267900,90330.5,90330.5,90330.4,90330.4,0.01954542
2025-12-08 00:49,90361.99,90396.8,90326.74,90391.99,0.96878154,90356.85000000,90391.47000000,90327.25000000,90384.01000000,3.29105000,90403.0,90403.0,90403.0,90403.0,0.0051172200000000004,90348.23,90391.85,90327.25,90383.99,5.87969587,90345,90385.2,90333.4,90382.1,398187.77354340,90330.5,90364.3,90330.5,90364.3,0.0983524
2025-12-08 00:50,90392.45,90396.8,90367.54,90388.4,1.25823575,90384.00000000,90387.05000000,90354.64000000,90380.41000000,3.03357000,,,,,,90383.99,90387.06,90354.51,90380.4,2.16024107,90382,90385,90364,90373,327137.96610770,90364.3,90364.3,90364.2,90364.2,0.11206834
2025-12-08 00:51,90386.31,90387.55,90326.0,90350.04,3.07727055,90380.41000000,90380.41000000,90324.72000000,90340.60000000,2.29136000,,,,,,90380.4,90380.41,90324.72,90343.63,1.39526001,90373.7,90373.7,90328.4,90334.9,293725.78644140,90364.3,90364.3,90364.2,90364.2,0.03016756
2025-12-08 00:52,90341.07,90385.54,90316.25,90342.0,0.56666838,90340.60000000,90370.52000000,90309.25000000,90335.76000000,3.09244000,90393.0,90423.0,90393.0,90423.0,0.0041172199999999996,90343.63,90370.55,90319.69,90335.75,1.57162051,90334.9,90368.3,90313.7,90344.6,371927.94935120,90364.2,90364.2,90343.4,90343.4,0.01207065
2025-12-08 00:53,90345.93,90380.0,90342.74,90375.05,0.39495302,90335.76000000,90372.77000000,90335.76000000,90372.77000000,1.80778000,,,,,,90335.75,90372.78,90335.75,90372.78,1.95485531,90344.7,90368.6,90344.7,90368.5,353996.44366340,90343.4,90371.8,90343.4,90371.8,0.85844238
2025-12-08 00:54,90375.5,90447.14,90365.29,90411.97,8.69153891,90372.78000000,90424.00000000,90361.75000000,90400.12000000,14.27385000,90405.0,90430.0,90405.0,90430.0,0.036117420000000004,90372.78,90424,90365.15,90407.64,9.40949172,90368.5,90423.7,90368.5,90398.3,346333.64051260,90371.7,90417.6,90371.7,90417.6,0.61620779
2025-12-08 00:55,90405.29,90449.72,90368.0,90436.11,5.56293024,90400.13000000,90429.59000000,90363.71000000,90424.01000000,12.55432000,90454.0,90454.0,90429.0,90452.0,0.07369626,90407.64,90429.58,90363.71,90424.01,9.25206737,90398.3,90433.8,90370,90424,403154.79507610,90421.0,90421.0,90420.9,90421.0,0.00529225
2025-12-08 00:56,90427.97,90444.81,90390.83,90440.45,0.80516706,90424.00000000,90435.59000000,90395.31000000,90435.58000000,4.14248000,90460.0,90460.0,90460.0,90460.0,0.00051746,90424.01,90435.63,90394.96,90435.58,3.06268152,90424,90425,90397,90425,273187.81915120,90421.0,90421.0,90420.9,90421.0,0.10563857
2025-12-08 00:57,90440.45,90500.99,90440.45,90463.76,5.28706291,90435.58000000,90473.05000000,90435.58000000,90454.39000000,6.29933000,90480.0,90500.0,90480.0,90500.0,0.00708496,90435.58,90456.46,90435.58,90454.39,4.38644168,90426,90464.5,90426,90458,198357.00565800,90421.0,90455.0,90421.0,90455.0,0.24146169
2025-12-08 00:58,90459.99,90463.55,90364.5,90390.41,6.22037047,90454.39000000,90454.39000000,90383.56000000,90383.56000000,4.62441000,90478.0,90478.0,90476.0,90476.0,0.03212411,90454.39,90454.39,90383.49,90383.57,3.08201152,90458,90458,90384,90384,249809.67772100,90455.0,90455.0,90439.4,90439.4,0.03717892
2025-12-08 00:59,90390.42,90418.21,90350.47,90360.81,5.61320641,90383.57000000,90408.22000000,90346.69000000,90346.70000000,5.64295000,90454.0,90454.0,90454.0,90454.0,0.00039145,90383.57,90389.52,90344.54,90346.69,4.1377521,90384,90401.2,90346.8,90352,333079.58870760,90425.4,90425.5,90399.4,90399.5,0.01646521
2025-12-08 01:00,90360.01,90369.35,90310.0,90349.27,5.18021711,90346.70000000,90357.82000000,90301.86000000,90350.77000000,5.46350000,90408.0,90408.0,90374.0,90376.0,0.02121746,90346.69,90350.81,90306.84,90350.77,3.09242839,90352.1,90352.1,90307.9,90338,346233.71502510,,,,,
2025-12-08 01:01,90349.26,90370.85,90328.97,90363.11,0.65898416,90350.77000000,90359.98000000,90322.00000000,90359.98000000,3.24789000,90377.0,90405.0,90377.0,90405.0,0.009271,90350.77,90354.41,90321.31,90354.41,1.40513622,90337.9,90349.9,90327.1,90349.9,319257.86210340,,,,,
2025-12-08 01:02,90363.1,90405.27,90363.1,90405.22,3.94671744,90359.98000000,90398.53000000,90355.59000000,90398.53000000,2.50527000,90405.0,90405.0,90405.0,90405.0,0.00211746,90354.41,90380.01,90354.41,90377.93,2.96204961,90350,90388,90350,90388,376397.12954130,,,,,
2025-12-08 01:03,90405.28,90511.26,90405.28,90480.66,2.24542325,90398.52000000,90500.47000000,90398.52000000,90473.31000000,5.54929000,90437.0,90520.0,90437.0,90520.0,0.00338132,90377.93,90500.47,90377.93,90473.31,4.07357559,90388,90492.2,90388,90477.1,426446.32482260,,,,,
2025-12-08 01:04,90480.27,90484.31,90401.05,90401.05,1.68240877,90473.30000000,90473.31000000,90395.31000000,90395.31000000,5.20106000,90502.0,90502.0,90480.0,90480.0,0.00330866,90473.31,90473.31,90424,90441.46,2.60545739,90477,90477,90395,90395,421008.17124380,,,,,
2025-12-08 01:05,90401.05,90488.91,90379.85,90482.7,4.38646676,90395.31000000,90477.68000000,90376.00000000,90477.68000000,2.25395000,90483.0,90483.0,90483.0,90483.0,0.00039107,90441.46,90479.86,90387.98,90477.67,2.1295209,90394.2,90469.5,90376.2,90469.5,318288.72430870,,,,,
2025-12-08 01:06,90480.02,90550.79,90480.02,90549.48,5.563894,90477.68000000,90538.46000000,90477.67000000,90538.45000000,8.62416000,90515.0,90550.0,90515.0,90550.0,0.00514609,90477.67,90538.47,90477.67,90538.46,6.13094027,90469.4,90537.9,90469.4,90537.9,310501.92250800,,,,,
2025-12-08 01:07,90546.94,90634.5,90532.48,90557.5,3.59601986,90538.46000000,90611.94000000,90526.00000000,90545.02000000,16.44361000,90570.0,90631.0,90570.0,90609.0,0.01128758,90538.46,90611.95,90526,90564,10.14673428,90537.9,90617.2,90523.5,90547.4,416545.35815700,,,,,
2025-12-08 01:08,90557.5,90613.03,90543.04,90562.02,3.34380444,90545.02000000,90589.26000000,90537.46000000,90551.88000000,2.89328000,90598.0,90630.0,90598.0,90615.0,0.08337052,90564,90589.27,90546.83,90553.69,2.90207754,90547.5,90583,90544,90551.6,326414.75798380,,,,,
2025-12-08 01:09,90562.11,90711.14,90562.11,90691.42,6.59253278,90551.89000000,90678.79000000,90551.89000000,90678.78000000,31.20918000,90616.0,90700.0,90616.0,90700.0,0.08361881,90553.69,90663.42,90553.69,90661.21,18.65050156,90551.7,90673.4,90551.7,90673.1,471592.98775010,,,,,
2025-12-08 01:10,90691.43,90720.21,90660.94,90676.55,2.95903764,90678.79000000,90700.00000000,90651.07000000,90661.50000000,10.74903000,90700.0,90729.0,90700.0,90729.0,0.01054528,90661.21,90700.56,90651.03,90661.5,8.53804659,90673.1,90699.3,90642.5,90654,673614.20052220,,,,,
2025-12-08 01:11,90676.55,90789.78,90676.55,90736.0,6.49213377,90661.49000000,90769.23000000,90661.49000000,90725.68000000,20.94843000,90715.0,90801.0,90715.0,90801.0,0.08849095,90661.5,90756.52,90661.49,90725.96,6.27422135,90656,90765.3,90656,90720,606621.76494560,,,,,
2025-12-08 01:12,90736.0,90786.88,90721.14,90759.98,2.31517459,90725.69000000,90768.18000000,90711.00000000,90749.57000000,11.75704000,90771.0,90786.0,90771.0,90786.0,0.00344496,90725.96,90761.31,90710.01,90749.58,15.97326666,90720,90765.7,90716.9,90755,560047.61995590,,,,,
2025-12-08 01:13,90759.98,90759.99,90663.93,90676.63,2.23487071,90749.57000000,90749.57000000,90648.73000000,90661.43000000,10.48752000,90801.0,90801.0,90760.0,90760.0,0.49782214,90749.58,90749.58,90648.74,90661.44,7.71743572,90755,90755,90652.7,90652.8,487821.36244570,,,,,
2025-12-08 01:14,90676.63,90700.0,90642.73,90694.07,2.3754895,90661.44000000,90686.64000000,90628.00000000,90680.56000000,4.04775000,90717.0,90728.0,90717.0,90728.0,0.0040351499999999995,90661.44,90685.81,90628,90680.56,4.16740778,90652.7,90675,90632.1,90674.9,375157.74457450,,,,,
2025-12-08 01:15,90694.06,90694.06,90634.25,90656.02,7.48382901,90680.57000000,90680.57000000,90628.00000000,90643.65000000,8.29174000,90738.0,90738.0,90695.0,90695.0,0.0006868099999999999,90680.56,90680.57,90627.97,90643.66,4.16951658,90675,90675,90631.4,90637,528047.84665480,,,,,
2025-12-08 01:16,90656.03,90689.71,90596.52,90625.76,4.89574743,90643.65000000,90676.54000000,90580.00000000,90609.34000000,11.71681000,90729.0,90729.0,90690.0,90690.0,0.0033306,90643.66,90668.71,90579.95,90609.43,10.42806068,90636.9,90668.9,90586,90603.5,572074.66094920,,,,,
2025-12-08 01:17,90625.76,90674.0,90618.0,90658.0,1.48648459,90609.34000000,90659.34000000,90609.34000000,90644.52000000,1.80657000,,,,,,90609.43,90659.34,90609.43,90659.34,1.69326507,90607.1,90654.3,90607.1,90653,459698.09792560,,,,,
2025-12-08 01:18,90657.99,90789.62,90652.04,90778.3,2.78645468,90644.52000000,90783.88000000,90644.51000000,90767.10000000,9.79831000,90691.0,90819.0,90691.0,90819.0,0.07393,90659.34,90780,90644.51,90758.48,4.46439929,90653,90777.7,90647,90758.1,503033.45195820,,,,,
2025-12-08 01:19,90778.4,90786.7,90696.2,90716.49,1.6108691,90767.10000000,90768.83000000,90692.94000000,90711.70000000,8.13643000,90806.0,90806.0,90806.0,90806.0,0.37127273,90758.48,90768.82,90702.89,90702.89,4.26601558,90758.1,90760.9,90699.5,90702.9,404665.80615390,,,,,
2025-12-08 01:20,90719.04,90789.61,90710.01,90782.0,1.14921711,90711.69000000,90776.77000000,90699.90000000,90770.90000000,2.04207000,90798.0,90798.0,90798.0,90798.0,0.00023666,90702.89,90776.91,90702.89,90770.9,5.66482995,90702.9,90764.3,90702.9,90764.3,430494.23475460,,,,,
2025-12-08 01:21,90780.45,90780.45,90674.73,90685.59,7.71909345,90770.89000000,90770.89000000,90667.64000000,90667.64000000,11.91742000,90819.0,90819.0,90819.0,90819.0,0.001,90770.9,90770.9,90663.85,90663.85,7.3664299,90764.3,90764.3,90667.3,90667.4,414891.48661320,,,,,
2025-12-08 01:22,90684.67,90786.25,90670.62,90786.25,0.53159134,90667.64000000,90776.81000000,90667.64000000,90776.80000000,5.52709000,90750.0,90797.0,90750.0,90797.0,0.005446080000000001,90663.85,90776.8,90663.85,90776.8,5.0692631,90667.4,90769.9,90665,90769.9,385907.01058640,,,,,
2025-12-08 01:23,90786.25,90800.0,90772.92,90790.01,2.10962263,90776.81000000,90780.00000000,90761.92000000,90772.85000000,1.94039000,90806.0,90827.0,90806.0,90827.0,0.00107064,90776.8,90780.05,90762.92,90772.85,1.83106042,90769.9,90775.8,90767,90767.1,296944.44624420,,,,,
2025-12-08 01:24,90790.01,90821.99,90790.0,90809.84,2.73351434,90772.85000000,90800.00000000,90772.85000000,90793.43000000,2.07013000,90828.0,90860.0,90828.0,90860.0,0.01450654,90772.85,90794.18,90772.84,90790.27,1.18491582,90767.2,90795.8,90767.2,90787,380281.89013150,,,,,
2025-12-08 01:25,90809.83,90931.04,90807.89,90895.99,3.02430733,90793.42000000,90918.43000000,90793.42000000,90887.49000000,23.55003000,90860.0,90920.0,90860.0,90920.0,0.15830585,90790.27,90912.1,90790.27,90887.5,7.22047522,90787,90907.3,90787,90887.6,309582.16193970,,,,,
2025-12-08 01:26,90893.65,91028.0,90875.54,91027.11,6.88086247,90887.50000000,91012.00000000,90864.91000000,91012.00000000,49.92121000,90945.0,91000.0,90945.0,91000.0,13.92739145,90887.5,91012,90864.8,91012,40.80393083,90886.7,91006.5,90862.8,91006.5,441311.75106530,,,,,
2025-12-08 01:27,91022.01,91022.01,90977.69,90977.69,5.96446581,91011.99000000,91012.00000000,90964.13000000,90964.13000000,4.80764000,91000.0,91000.0,91000.0,91000.0,2.54867437,91012,91012,90967.19,90971.83,7.05240075,91006.5,91006.5,90968,90968,206378.70363040,,,,,
2025-12-08 01:28,90977.68,91240.51,90975.88,91240.5,9.56637732,90964.14000000,91230.76000000,90964.14000000,91230.76000000,65.33753000,91000.0,91254.0,91000.0,91254.0,13.88002945,90971.83,91230.85,90961.02,91230.75,8.17604097,90967.7,91224.4,90967.7,91224.4,1107769.32060580,,,,,
2025-12-08 01:29,91240.5,91274.0,91146.77,91158.7,4.19198135,91230.76000000,91252.01000000,91138.00000000,91142.58000000,20.68323000,91255.0,91255.0,91227.0,91227.0,0.010655679999999999,91230.75,91251,91138,91138,19.60840856,91224.5,91250.1,91147.9,91147.9,1173826.46941070,,,,,
2025-12-08 01:30,91161.99,91299.45,91161.99,91277.49,2.67288484,91142.58000000,91275.58000000,91142.58000000,91255.75000000,18.52886000,91273.0,91290.0,91273.0,91290.0,0.00039369000000000003,91138,91275.58,91138,91264.04,8.07453406,91148,91276.1,91148,91262,963184.26243980,,,,,
2025-12-08 01:31,91272.02,91332.3,91257.53,91308.21,2.96511411,91255.75000000,91314.98000000,91241.43000000,91304.98000000,15.22296000,91287.0,91317.0,91287.0,91317.0,0.044150669999999996,91264.04,91314.98,91250.74,91314.98,15.53378524,91262.1,91318,91258.4,91314,1224750.25902220,,,,,
2025-12-08 01:32,91306.6,91500.0,91303.22,91479.06,21.97719311,91304.98000000,91482.09000000,91288.54000000,91465.81000000,71.76377000,91320.0,91500.0,91320.0,91499.0,0.50905462,91314.98,91477.73,91304.75,91455.68,12.01635916,91314,91492.2,91293,91470.4,1177717.05707160,,,,,
2025-12-08 01:33,91479.05,91542.3,91432.51,91524.01,13.79214357,91465.81000000,91500.00000000,91428.46000000,91499.99000000,32.02049000,91500.0,91500.0,91499.0,91500.0,4.80495647,91455.68,91499.99,91434.88,91499.99,9.42559321,91470.5,91503.8,91426,91503.8,1507814.67505700,,,,,
2025-12-08 01:34,91524.0,91524.0,91363.54,91377.22,9.24744542,91500.00000000,91503.01000000,91350.01000000,91354.96000000,23.24145000,91500.0,91500.0,91499.0,91499.0,2.36222965,91499.99,91500.99,91354.72,91354.96,24.9680993,91503.8,91503.8,91365.2,91365.2,2793237.91869600,,,,,
2025-12-08 01:35,91377.21,91488.0,91356.76,91462.0,4.82140294,91354.96000000,91446.00000000,91354.96000000,91445.99000000,12.72551000,91484.0,91486.0,91444.0,91468.0,0.00332724,91354.96,91446,91354.96,91445.99,13.79448857,91365.3,91450,91365.3,91449.9,742147.38377490,,,,,
2025-12-08 01:36,91461.89,91528.87,91418.05,91464.22,4.61829283,91445.99000000,91505.91000000,91400.45000000,91448.13000000,13.86549000,91479.0,91500.0,91467.0,91500.0,2.30402821,91445.99,91505.91,91409.8,91448.1,7.74403773,91449.9,91509,91409.7,91460,682775.37804450,,,,,
2025-12-08 01:37,91464.21,91464.21,91361.99,91417.01,3.62766673,91448.13000000,91448.14000000,91350.00000000,91403.24000000,7.66214000,91499.0,91499.0,91415.0,91467.0,0.036662310000000004,91448.1,91448.1,91360.01,91403.25,5.54812283,91460,91460,91360,91414.1,1351616.83518280,,,,,
2025-12-08 01:38,91418.94,91600.0,91418.94,91594.59,10.26162866,91403.25000000,91586.00000000,91403.25000000,91585.06000000,23.63507000,91500.0,91588.0,91499.0,91553.0,7.76460613,91403.25,91580,91403.25,91580,9.10798903,91414.1,91590.9,91414.1,91590.9,946998.69306030,,,,,
2025-12-08 01:39,91599.99,91720.06,91599.99,91644.08,19.9263482,91585.07000000,91700.00000000,91585.07000000,91632.22000000,43.09238000,91600.0,91723.0,91600.0,91699.0,1.19382054,91580,91689.55,91580,91640.4,12.87031902,91590.9,91700,91590.9,91638.9,915846.29506440,,,,,
2025-12-08 01:40,91644.08,91730.38,91557.32,91557.32,11.25750146,91632.23000000,91695.99000000,91553.04000000,91553.05000000,15.37413000,91707.0,91707.0,91603.0,91603.0,0.00274509,91640.4,91695.98,91553.28,91560.03,10.11041206,91639,91697,91561.8,91562.9,1492083.16679470,,,,,
2025-12-08 01:41,91557.32,91578.0,91479.1,91508.0,6.82871497,91553.05000000,91560.03000000,91464.13000000,91486.22000000,13.07552000,91581.0,91581.0,91533.0,91540.0,0.00142646,91560.03,91560.04,91470.49,91486.17,6.85562984,91562.7,91562.7,91480,91494,774284.86283430,,,,,
2025-12-08 01:42,91502.74,91527.59,91373.68,91373.68,4.98651484,91486.22000000,91495.38000000,91368.45000000,91368.45000000,21.59758000,91511.0,91513.0,91426.0,91426.0,0.011009689999999999,91486.17,91495.41,91381.11,91381.2,17.89141324,91493.9,91499.7,91372.5,91372.5,826641.98840850,,,,,
2025-12-08 01:43,91377.16,91439.83,91255.98,91326.09,11.00322696,91368.44000000,91427.81000000,91250.64000000,91311.85000000,31.00102000,91418.0,91418.0,91320.0,91320.0,2.54544906,91381.2,91387.94,91250.58,91298.18,19.00120592,91368.7,91428.9,91256.3,91310.7,1271142.72837290,,,,,
2025-12-08 01:44,91327.29,91327.29,91226.77,91274.0,8.44740708,91311.84000000,91311.84000000,91218.28000000,91253.86000000,14.65222000,91312.0,91312.0,91242.0,91242.0,0.00184139,91298.18,91303.92,91218.28,91253.86,11.82761038,91310.7,91317,91217.1,91259,785336.68058710,,,,,
2025-12-08 01:45,91272.06,91291.43,91191.11,91221.45,12.94900474,91253.86000000,91277.37000000,91200.00000000,91213.97000000,18.99068000,91293.0,91293.0,91242.0,91247.0,0.8442110899999999,91253.86,91270,91204.91,91227.65,12.17897735,91259,91282.5,91204.4,91224.1,905512.72966830,,,,,
2025-12-08 01:46,91233.98,91259.66,91207.45,91214.12,2.90827271,91213.97000000,91244.70000000,91200.00000000,91200.01000000,7.25541000,91272.0,91272.0,91271.0,91271.0,0.0011,91227.65,91244.72,91200,91234.69,6.9455162,91224,91242,91203.5,91206.3,672625.50680490,,,,,
2025-12-08 01:47,91211.49,91211.49,91041.35,91107.51,10.33969926,91200.01000000,91200.01000000,91035.18000000,91102.95000000,47.17250000,91246.0,91246.0,91081.0,91081.0,0.58164704,91234.69,91234.69,91031.76,91104.36,29.89980447,91206.2,91206.3,91036.7,91112,1030493.30359420,,,,,
2025-12-08 01:48,91107.51,91137.77,91001.0,91036.0,12.08310351,91102.95000000,91117.95000000,91016.42000000,91028.08000000,14.42090000,91130.0,91130.0,91080.0,91080.0,0.01778248,91104.36,91119.17,91022.59,91028.05,15.01745769,91112,91113.9,91025.6,91032.1,780169.78161680,,,,,
2025-12-08 01:49,91034.02,91164.0,91028.77,91130.41,3.73657018,91028.08000000,91144.73000000,91021.72000000,91120.10000000,14.36320000,91056.0,91141.0,91056.0,91141.0,0.01278459,91028.05,91144.73,91027.98,91144.72,7.77852054,91032.1,91150.8,91028.1,91137.4,947556.93941830,,,,,
2025-12-08 01:50,91130.41,91130.41,91087.93,91090.62,1.15888448,91120.10000000,91122.78000000,91075.29000000,91089.52000000,4.01765000,91138.0,91138.0,91138.0,91138.0,0.003,91144.72,91144.72,91076.42,91093.24,5.80402676,91127.8,91127.8,91085.8,91093.1,652539.47853540,,,,,
2025-12-08 01:51,91093.97,91163.74,91083.1,91139.58,1.22148032,91089.51000000,91153.62000000,91076.83000000,91130.63000000,2.82711000,91144.0,91144.0,91144.0,91144.0,0.00311743,91093.24,91153.65,91076.79,91130.62,2.41208727,91093,91158.8,91083,91138.1,706587.71165110,,,,,
2025-12-08 01:52,91139.58,91159.99,91075.41,91110.33,6.79292711,91130.63000000,91150.78000000,91069.90000000,91097.41000000,6.43717000,91138.0,91138.0,91138.0,91138.0,0.323,91130.62,91142.9,91071.75,91097.4,4.57198647,91138.1,91146,91078.1,91108,803341.64989520,,,,,
2025-12-08 01:53,91110.34,91147.1,91047.87,91098.06,3.84556363,91097.40000000,91137.25000000,91048.00000000,91085.68000000,6.37105000,91125.0,91156.0,91125.0,91155.0,0.02430943,91097.4,91137.24,91058.64,91085.69,1.83130478,91108.1,91139.8,91057.3,91088,593027.43868250,,,,,
2025-12-08 01:54,91098.06,91159.99,91098.06,91120.0,11.96347279,91085.69000000,91140.00000000,91085.69000000,91102.54000000,6.93009000,91120.0,91120.0,91120.0,91120.0,0.00099999,91085.69,91140,91085.69,91102.51,7.09285376,91088,91145.7,91088,91112.5,749559.82426810,,,,,
2025-12-08 01:55,91120.01,91153.86,91087.92,91092.17,4.65856315,91102.54000000,91130.05000000,91075.44000000,91078.32000000,8.63325000,91148.0,91148.0,91120.0,91120.0,0.00307725,91102.51,91130.05,91075.44,91078.32,6.28330996,91112.5,91140.8,91084.3,91094.1,304141.02634940,,,,,
2025-12-08 01:56,91092.17,91092.63,90956.58,90964.97,10.10752671,91078.33000000,91078.33000000,90952.95000000,90954.38000000,28.38769000,91094.0,91094.0,91010.0,91010.0,0.17599188,91078.32,91078.32,90954.33,90954.34,11.29347269,91094,91094,90962.8,90962.8,340784.28057620,,,,,
2025-12-08 01:57,90964.96,90964.97,90833.53,90847.91,7.71661881,90954.37000000,90954.38000000,90826.85000000,90833.70000000,62.25272000,91010.0,91010.0,90856.0,90856.0,10.55815425,90954.34,90954.37,90834.93,90841.99,5.44443456,90962.8,90962.8,90831.8,90837.9,437793.93521970,,,,,
2025-12-08 01:58,90842.0,90947.99,90842.0,90947.99,5.46919819,90833.70000000,90929.53000000,90833.69000000,90929.52000000,11.40661000,90868.0,90940.0,90868.0,90940.0,0.00794879,90841.99,90921.21,90836.77,90920.61,5.43342469,90838,90926.4,90838,90926.4,364565.01670490,,,,,
2025-12-08 01:59,90947.99,90954.0,90906.0,90921.13,2.59710549,90929.52000000,90938.58000000,90895.26000000,90910.70000000,2.93094000,90951.0,90956.0,90951.0,90956.0,0.0204026,90920.61,90938.67,90895.27,90910.69,5.27900955,90932.6,90943.2,90908,90913.2,239117.90316730,,,,,
2025-12-08 02:00,90921.96,90939.04,90816.0,90816.57,9.46180547,90910.70000000,90921.13000000,90811.25000000,90811.93000000,18.32690000,90950.0,90950.0,90880.0,90880.0,0.03361033,90910.69,90921.12,90811.35,90811.35,6.78622134,90917.9,90925.1,90819.4,90819.4,523198.02988140,,,,,
2025-12-08 02:01,90816.57,90928.0,90816.56,90866.07,17.26230004,90811.92000000,90922.31000000,90811.92000000,90859.51000000,9.20966000,90881.0,90951.0,90881.0,90951.0,0.01076063,90811.35,90922.31,90811.35,90922.31,12.01334421,90819.5,90924.5,90819.5,90872.6,514873.71616310,,,,,
2025-12-08 02:02,90866.06,90933.99,90851.52,90922.55,2.24040077,90859.50000000,90929.53000000,90848.54000000,90919.45000000,6.12410000,90925.0,90940.0,90907.0,90940.0,0.01483734,90922.31,90929.53,90859.5,90907.48,6.8550516,90872.5,90926.4,90856.7,90921,529319.94645560,,,,,
2025-12-08 02:03,90922.55,91021.9,90922.55,91008.49,5.00819882,90919.45000000,90996.40000000,90911.46000000,90996.40000000,17.04412000,90952.0,91000.0,90952.0,91000.0,0.00551932,90907.48,90996.45,90907.48,90996.42,7.74975741,90921.1,90993.1,90921,90993.1,470389.20198660,,,,,
2025-12-08 02:04,91008.48,91013.99,90897.12,90897.14,3.55990963,90996.40000000,90996.40000000,90882.75000000,90882.77000000,4.92398000,90965.0,90965.0,90965.0,90965.0,0.00107754,90996.42,90996.42,90882.75,90882.76,8.55686416,90993.1,91004.4,90889.9,90890,591775.88164530,,,,,
2025-12-08 02:05,90897.13,90897.13,90844.22,90863.06,1.86788166,90882.76000000,90885.12000000,90844.35000000,90850.06000000,8.73324000,90931.0,90931.0,90929.0,90929.0,0.00482104,90882.76,90882.76,90843.85,90850.07,4.29314875,90889.9,90889.9,90848,90862,464398.02944840,,,,,
2025-12-08 02:06,90862.48,90909.39,90835.66,90884.87,6.46460353,90850.06000000,90886.36000000,90832.00000000,90869.65000000,6.82746000,90902.0,90902.0,90891.0,90891.0,0.0038961100000000004,90850.07,90866.31,90832,90866.31,4.71671927,90862,90895.6,90836,90884,435657.46617640,,,,,
2025-12-08 02:07,90884.86,90922.75,90846.25,90886.26,3.71584593,90869.64000000,90895.98000000,90835.37000000,90872.60000000,7.06825000,,,,,,90866.31,90893.89,90835.33,90872.6,5.11363894,90880,90892.1,90851,90886.9,431432.56340140,,,,,
2025-12-08 02:08,90886.26,91001.44,90884.42,90996.01,3.31840258,90872.59000000,90991.65000000,90872.59000000,90988.00000000,6.96249000,90937.0,91000.0,90937.0,91000.0,0.0069274,90872.6,91000,90872.6,91000,2.45019569,90886.1,90985.7,90886,90985.7,459219.22274280,,,,,
2025-12-08 02:09,91002.01,91022.18,90875.92,90875.92,3.71913706,90988.00000000,91008.00000000,90872.80000000,90872.80000000,15.97715000,91010.0,91020.0,90952.0,90952.0,0.01155818,91000,91008,90878.95,90878.95,10.22173865,91001.6,91018.3,90885,90885,488207.20052180,,,,,
2025-12-08 02:10,90875.93,90981.91,90829.29,90946.55,2.70363819,90872.80000000,90971.93000000,90826.77000000,90932.37000000,10.32471000,90910.0,90971.0,90881.0,90971.0,0.0203004,90878.95,90947.11,90832.01,90932.37,4.86351918,90880.7,90971.5,90828.8,90937.1,407252.45839690,,,,,
2025-12-08 02:11,90952.7,91049.67,90931.04,90985.97,2.13884397,90932.36000000,91031.83000000,90914.10000000,90974.20000000,6.89596000,90988.0,91050.0,90988.0,91050.0,0.0055650000000000005,90932.37,91031.82,90932.08,90973.4,6.06104044,90937.1,91036.5,90931,90984,370335.34569680,,,,,
2025-12-08 02:12,90985.96,91010.98,90969.2,90977.68,1.51126979,90974.21000000,90996.00000000,90957.70000000,90965.44000000,3.48928000,,,,,,90973.4,90996.02,90956.79,90987.44,2.50674045,90984,91000,90960,90975,320102.79454500,,,,,
2025-12-08 02:13,90977.69,90990.99,90939.53,90948.52,2.52699643,90965.45000000,90973.17000000,90927.88000000,90938.77000000,9.16632000,91025.0,91025.0,91025.0,91025.0,0.00409,90987.44,90987.44,90927.86,90929.69,6.77339104,90975.1,90975.1,90936.9,90940,278546.65140800,,,,,
2025-12-08 02:14,90952.69,90985.33,90917.03,90965.86,2.69799173,90938.78000000,90950.00000000,90904.34000000,90949.99000000,4.33947000,90992.0,90992.0,90992.0,90992.0,0.0031173900000000003,90929.69,90950.1,90910.7,90950,4.29490263,90940.9,90955,90916.5,90955,328095.17871060,,,,,
2025-12-08 02:15,90974.95,90994.63,90922.57,90981.84,1.80757831,90950.00000000,90973.05000000,90913.22000000,90973.05000000,4.84921000,90992.0,90992.0,90992.0,90992.0,0.00695754,90950,90973.07,90913.22,90973.04,1.01253917,90954.9,90974.7,90921.1,90974.7,432213.73722370,,,,,
2025-12-08 02:16,90981.84,90998.88,90969.21,90998.88,0.76382138,90973.04000000,90986.34000000,90961.20000000,90986.34000000,3.00790000,,,,,,90973.04,90983.61,90961.2,90961.21,3.42672371,90974.7,90983,90973.3,90983,291387.32285760,,,,,
2025-12-08 02:17,90998.53,91090.99,90990.39,91062.8,6.35121303,90986.34000000,91071.71000000,90982.22000000,91057.10000000,7.40270000,91006.0,91080.0,91006.0,91080.0,0.00517865,90961.21,91071.71,90961.21,91057.09,5.06760846,90983,91069.8,90983,91064.1,307056.03847370,,,,,
2025-12-08 02:18,91062.8,91121.84,91062.8,91092.01,7.23722527,91057.10000000,91105.30000000,91057.09000000,91076.40000000,22.60970000,91090.0,91120.0,91090.0,91120.0,0.0051313999999999995,91057.09,91105.36,91057.09,91076.41,13.34397321,91064.1,91109.6,91064,91089,364867.53874160,,,,,
2025-12-08 02:19,91092.01,91092.01,91015.84,91069.37,2.86036641,91076.40000000,91076.40000000,91004.40000000,91053.21000000,23.28967000,91120.0,91120.0,91064.0,91076.0,0.00842229,91076.41,91076.41,91004.31,91054.32,10.15441856,91089,91089,91017.1,91058.1,527918.00292480,,,,,
2025-12-08 02:20,91065.64,91065.64,90981.93,90996.09,1.58987859,91053.20000000,91053.20000000,90971.00000000,90985.35000000,5.02573000,91088.0,91088.0,91088.0,91088.0,0.00411723,91054.32,91054.32,90968.1,90977.37,15.59644485,91057.1,91057.1,90984.3,90984.4,113955.26319040,,,,,
2025-12-08 02:21,90996.1,91037.28,90995.16,91028.56,1.44350976,90985.35000000,91018.33000000,90985.35000000,91014.59000000,2.95180000,91030.0,91030.0,91030.0,91030.0,0.007,90977.37,91018.35,90977.37,91014.58,2.88146331,90984.4,91019.7,90984.4,91017,56895.85895250,,,,,
2025-12-08 02:22,91028.56,91087.91,91011.61,91080.01,3.36364829,91014.59000000,91077.18000000,90998.24000000,91068.97000000,7.77258000,91041.0,91041.0,91041.0,91041.0,0.005,91014.58,91077.28,90998.17,91065.15,4.93271874,91017,91077.1,91007.1,91075.1,59987.30782080,,,,,
2025-12-08 02:23,91080.01,91088.37,91030.71,91030.72,4.26972384,91068.96000000,91074.83000000,91018.16000000,91018.16000000,9.00093000,91073.0,91075.0,91073.0,91075.0,0.25,91065.15,91074.83,91032.66,91032.92,9.1386073,91075.1,91075.1,91024.5,91024.5,54650.27830340,,,,,
2025-12-08 02:24,91030.71,91074.88,91010.41,91074.88,2.2298196,91018.17000000,91063.35000000,91002.65000000,91063.35000000,6.77052000,91053.0,91053.0,91053.0,91053.0,0.00017568,91032.92,91063.38,91013.68,91063.35,2.10018061,91024.5,91060.7,91018.1,91060.7,35800.45075380,,,,,
2025-12-08 02:25,91074.83,91094.61,91049.76,91065.84,3.24378114,91063.35000000,91077.40000000,91035.71000000,91052.43000000,3.50179000,,,,,,91063.35,91075.38,91031.66,91052.43,2.48362695,91060.7,91077,91041.9,91051,316886.46708850,,,,,
2025-12-08 02:26,91065.84,91096.0,91049.77,91066.73,3.26176196,91052.44000000,91079.58000000,91037.78000000,91049.13000000,10.66173000,91121.0,91121.0,91121.0,91121.0,0.0002,91052.43,91074.23,91037.75,91059.15,7.87641815,91051,91073.8,91046,91064,306408.01881780,,,,,
2025-12-08 02:27,91066.72,91095.2,91050.16,91054.09,2.8678611,91049.14000000,91070.80000000,91045.29000000,91045.29000000,6.87802000,,,,,,91059.15,91075.36,91045.26,91045.28,5.07074082,91063.6,91076,91053,91053,289347.38220600,,,,,
2025-12-08 02:28,91054.1,91066.71,91028.57,91062.0,8.70852677,91045.30000000,91046.41000000,91018.20000000,91046.40000000,4.28763000,,,,,,91045.28,91046.42,91018.16,91046.42,1.61270557,91053.1,91053.1,91032,91047.4,283111.33209730,,,,,
2025-12-08 02:29,91059.47,91060.0,91035.76,91040.4,1.11261166,91046.41000000,91046.41000000,91025.09000000,91029.21000000,3.41568000,,,,,,91046.42,91046.42,91025.09,91029.21,3.6674362,91048,91048,91035.5,91037,281103.77543670,,,,,
2025-12-08 02:30,91040.39,91059.89,91007.35,91007.38,1.84703767,91029.22000000,91044.05000000,90998.72000000,90998.73000000,3.36682000,91073.0,91073.0,91073.0,91073.0,0.00484508,91029.21,91044.04,90999.98,91000.01,2.26433726,91037,91042,91006,91006.1,278724.32745670,,,,,
2025-12-08 02:31,91007.38,91187.9,90990.44,91152.84,5.34071517,90998.73000000,91174.42000000,90980.13000000,91135.87000000,17.29596000,91039.0,91191.0,91039.0,91191.0,0.01143977,91000.01,91174.43,90998.68,91135.87,6.38791129,91006,91180,90984.4,91149.1,626045.54643680,,,,,
2025-12-08 02:32,91152.84,91152.84,91062.49,91062.49,2.34974407,91135.87000000,91135.88000000,91049.40000000,91049.40000000,8.13536000,91176.0,91176.0,91133.0,91133.0,0.00481526,91135.87,91135.87,91070,91070,11.24539217,91149.1,91149.1,91064.7,91064.7,249327.36502700,,,,,
2025-12-08 02:33,91062.49,91101.58,91037.14,91041.97,3.87357085,91049.40000000,91079.98000000,91030.02000000,91031.46000000,5.48856000,91077.0,91077.0,91077.0,91077.0,0.00280203,91070,91080,91029.95,91031.46,4.18242004,91060.3,91075.4,91041.9,91041.9,297844.54065920,,,,,
2025-12-08 02:34,91041.98,91082.81,91041.97,91053.48,0.72251094,91031.45000000,91068.02000000,91030.05000000,91043.19000000,1.68238000,91077.0,91077.0,91077.0,91077.0,0.008,91031.46,91068.06,91030.04,91043.2,1.24096159,91041.9,91071,91037.6,91053,263378.67506830,,,,,
2025-12-08 02:35,91052.01,91053.46,90981.0,90986.08,4.59734864,91043.20000000,91043.20000000,90972.37000000,90974.66000000,5.18287000,91074.0,91074.0,91070.0,91070.0,0.00730448,91043.2,91043.2,90972.33,90974.66,3.42430448,91053,91053,90981.4,90981.9,280144.27431890,,,,,
2025-12-08 02:36,90986.08,91177.6,90967.66,91158.0,7.9470016,90974.66000000,91153.10000000,90972.37000000,91153.09000000,26.61421000,91044.0,91184.0,91044.0,91184.0,0.00555148,90974.66,91150.7,90972.36,91140.04,12.92900155,90981.9,91155.7,90977.5,91153,474242.71593530,,,,,
2025-12-08 02:37,91158.0,91260.6,91158.0,91204.02,7.63742544,91153.10000000,91233.67000000,91153.09000000,91199.00000000,43.97727000,91181.0,91236.0,91181.0,91236.0,0.23574472999999999,91140.04,91221.78,91140.04,91199,17.18491969,91153,91239.6,91153,91208,293253.57204620,,,,,
2025-12-08 02:38,91204.01,91204.01,91110.82,91160.01,0.87217508,91198.99000000,91198.99000000,91096.99000000,91143.26000000,13.33851000,91207.0,91207.0,91165.0,91166.0,0.0074783,91199,91199,91119.18,91150.45,25.82177969,91208,91208,91104.5,91153.1,336821.82877290,,,,,
2025-12-08 02:39,91160.01,91225.98,91160.01,91225.98,0.3196507,91143.26000000,91212.73000000,91143.26000000,91212.72000000,2.51558000,91199.0,91230.0,91199.0,91230.0,0.01536824,91150.45,91212.73,91150.45,91212.72,2.96628347,91153,91213.8,91153,91213.8,265775.14864320,,,,,
2025-12-08 02:40,91224.35,91250.33,91193.92,91246.49,3.42402633,91212.73000000,91227.60000000,91179.29000000,91201.89000000,5.44771000,91238.0,91241.0,91238.0,91241.0,0.00033333,91212.72,91227.6,91180.6,91187.15,3.17896441,91213.8,91225,91194,91213,395338.90366520,,,,,
2025-12-08 02:41,91219.36,91234.68,91142.0,91179.87,2.410604,91201.88000000,91214.30000000,91135.95000000,91162.11000000,5.25751000,91227.0,91227.0,91185.0,91185.0,0.00219662,91187.15,91214.3,91133.28,91162.12,1.781147,91212.9,91224.8,91147.8,91168.8,567877.98752140,,,,,
2025-12-08 02:42,91183.99,91236.49,91150.0,91163.55,1.81572388,91162.12000000,91216.00000000,91137.80000000,91154.75000000,3.74769000,91218.0,91220.0,91218.0,91220.0,0.00220965,91162.12,91216.03,91137.81,91154.75,4.9649601,91168.9,91218.4,91150.8,91150.9,570676.89767800,,,,,
2025-12-08 02:43,91163.69,91191.99,91126.5,91174.81,5.52601879,91154.75000000,91180.67000000,91120.01000000,91161.28000000,3.20747000,91192.0,91192.0,91192.0,91192.0,0.002,91154.75,91180.67,91119.87,91168.8,2.29177052,91150.9,91179.3,91133,91174,521630.15263740,,,,,
2025-12-08 02:44,91174.8,91236.12,91168.48,91222.56,0.6335549,91161.27000000,91218.74000000,91154.47000000,91206.06000000,3.21791000,91201.0,91201.0,91201.0,91201.0,0.001,91168.8,91218.74,91161.27,91218.73,2.16766904,91174.1,91223.7,91171,91221,550996.46662650,,,,,
2025-12-08 02:45,91215.99,91286.99,91203.65,91235.8,6.92648369,91206.06000000,91250.00000000,91200.00000000,91226.80000000,5.35317000,91246.0,91274.0,91246.0,91246.0,0.0013465,91218.73,91250,91202.77,91226.79,0.71254278,91220,91252.9,91213.7,91229.8,450500.51825280,,,,,
2025-12-08 02:46,91236.24,91272.0,91236.24,91258.27,0.66597679,91226.80000000,91250.00000000,91226.79000000,91242.61000000,4.32239000,91275.0,91275.0,91275.0,91275.0,0.00039003999999999997,91226.79,91250.74,91226.79,91242.6,5.5963479,91229.8,91253,91229.7,91250.1,331612.74539290,,,,,
2025-12-08 02:47,91262.54,91274.48,91184.0,91196.42,9.28822846,91242.60000000,91249.98000000,91185.45000000,91185.45000000,14.83394000,91277.0,91277.0,91267.0,91269.0,0.25078087,91242.6,91249.98,91185.45,91185.46,10.74140309,91250.1,91255.6,91190.1,91190.2,461096.32165770,,,,,
2025-12-08 02:48,91192.22,91232.33,91126.08,91151.54,7.55250832,91185.45000000,91211.22000000,91127.57000000,91133.95000000,17.54546000,91233.0,91233.0,91209.0,91209.0,0.018204630000000003,91185.46,91211.22,91146.17,91146.17,5.646292,91190.2,91215.2,91129.6,91143.1,460647.34755500,,,,,
2025-12-08 02:49,91152.42,91174.0,91099.1,91174.0,3.75411236,91133.95000000,91142.68000000,91081.45000000,91142.68000000,17.50157000,91180.0,91180.0,91160.0,91162.0,0.00291704,91146.17,91146.17,91082.41,91125.98,13.37232011,91143.1,91147.1,91090.3,91145.9,441328.66049530,,,,,
2025-12-08 02:50,91164.11,91250.68,91164.11,91219.44,4.18613663,91142.68000000,91215.94000000,91142.67000000,91215.13000000,14.17409000,,,,,,91125.98,91215.98,91125.98,91215.93,13.3331273,91146,91224.8,91146,91224,636844.06738700,,,,,
2025-12-08 02:51,91219.44,91258.0,91204.01,91255.96,0.61793732,91214.56000000,91239.94000000,91192.63000000,91239.94000000,7.67448000,91248.0,91248.0,91248.0,91248.0,0.00011699,91215.93,91246.68,91197.58,91239.93,5.41968148,91223,91241,91202,91241,532754.59271750,,,,,
2025-12-08 02:52,91255.96,91307.99,91244.0,91302.0,1.05297898,91239.93000000,91287.90000000,91239.93000000,91282.79000000,4.84533000,91260.0,91310.0,91260.0,91310.0,0.00762484,91239.93,91288.06,91239.93,91282.78,3.63610999,91241,91291.3,91241,91291.3,544636.54224620,,,,,
2025-12-08 02:53,91299.7,91304.15,91266.01,91298.01,2.72277234,91282.79000000,91285.85000000,91251.54000000,91279.99000000,13.98305000,91291.0,91291.0,91291.0,91291.0,0.021116959999999997,91282.78,91285.86,91278.79,91280,9.67398266,91291.3,91291.3,91260.1,91285,611443.05958340,,,,,
2025-12-08 02:54,91298.01,91359.27,91290.04,91359.27,3.79954876,91279.99000000,91340.23000000,91279.99000000,91340.23000000,18.68479000,91320.0,91340.0,91320.0,91340.0,0.00237548,91280,91342.9,91279.99,91342.9,10.79248027,91285,91344.5,91285,91344.5,592146.59672080,,,,,
2025-12-08 02:55,91359.28,91444.08,91358.01,91422.88,2.9155283,91340.23000000,91436.94000000,91340.22000000,91413.96000000,29.02024000,91360.0,91457.0,91360.0,91457.0,0.00532595,91342.9,91421.44,91342.9,91386.42,20.01234963,91345.5,91431.8,91345.5,91412.3,515443.12356630,,,,,
2025-12-08 02:56,91422.88,91458.15,91414.05,91456.79,2.31465248,91413.96000000,91435.43000000,91410.10000000,91434.54000000,6.92075000,91448.0,91460.0,91448.0,91460.0,0.00078529,91386.42,91435.43,91386.42,91434.53,4.09216492,91412.3,91439.2,91412.2,91439.2,332566.00231330,,,,,
2025-12-08 02:57,91456.79,91456.8,91414.75,91415.67,1.57396976,91434.53000000,91434.54000000,91402.51000000,91404.02000000,8.95613000,,,,,,91434.53,91434.54,91402.52,91404.02,8.11256209,91439.2,91439.2,91396.7,91412.5,488254.64026880,,,,,
2025-12-08 02:58,91418.41,91451.71,91417.7,91428.47,2.23971566,91404.01000000,91431.07000000,91404.01000000,91419.99000000,22.20453000,,,,,,91404.02,91425.83,91404.01,91419.7,4.07670062,91412.5,91430,91412.5,91426,373069.25152620,,,,,
2025-12-08 02:59,91429.61,91443.19,91372.01,91373.24,1.85735712,91420.00000000,91420.00000000,91345.68000000,91364.18000000,6.07308000,91459.0,91459.0,91459.0,91459.0,0.00039054,91419.7,91420,91354.57,91364.18,15.71137757,91426.1,91426.1,91355.8,91359,358859.08123030,,,,,
2025-12-08 03:00,91373.24,91427.93,91353.8,91427.93,2.66618879,91364.18000000,91419.01000000,91340.84000000,91419.01000000,9.14601000,91423.0,91423.0,91422.0,91423.0,1.00373551,91364.18,91386.79,91338.56,91386.7,3.10696402,91359,91411,91350,91411,454757.34935500,,,,,
2025-12-08 03:01,91427.92,91439.69,91330.0,91338.0,4.12519961,91419.00000000,91420.00000000,91316.75000000,91328.29000000,7.87252000,91461.0,91461.0,91370.0,91405.0,0.00388024,91386.7,91420.01,91321.73,91323.1,5.37802601,91417,91417,91326.7,91336.4,347204.57443870,,,,,
2025-12-08 03:02,91338.44,91350.8,91238.0,91242.0,1.46580044,91328.29000000,91341.40000000,91231.42000000,91232.00000000,6.92871000,91369.0,91369.0,91290.0,91290.0,0.009403420000000001,91323.1,91334.84,91224.15,91232,4.28179302,91336.3,91336.4,91242.4,91242.5,395646.48414030,,,,,
2025-12-08 03:03,91242.0,91263.8,91226.01,91249.92,3.07134998,91232.00000000,91241.32000000,91213.21000000,91241.32000000,7.40561000,91272.0,91272.0,91270.0,91270.0,0.0061855,91232,91241.32,91214.15,91241.32,7.13632028,91242.4,91242.5,91225.9,91242.4,427323.49045740,,,,,
2025-12-08 03:04,91249.93,91354.32,91249.93,91327.96,8.29876659,91241.31000000,91341.03000000,91241.31000000,91323.11000000,6.55382000,91271.0,91334.0,91271.0,91334.0,0.0024995,91241.32,91323.11,91241.31,91323.11,4.34378948,91242.4,91337.4,91242.4,91329,440582.52519940,,,,,
2025-12-08 03:05,91327.95,91327.95,91257.53,91260.95,1.22843642,91323.10000000,91323.10000000,91245.54000000,91251.86000000,4.33429000,91366.0,91366.0,91303.0,91303.0,0.00937208,91323.11,91323.11,91245.54,91251.86,1.87925526,91328.1,91328.1,91253.2,91260.1,279449.39018530,,,,,
2025-12-08 03:06,91260.95,91277.3,91225.76,91249.14,1.417883,91251.85000000,91258.92000000,91214.19000000,91235.30000000,3.75331000,91296.0,91296.0,91296.0,91296.0,0.00111692,91251.86,91258.94,91222.45,91235.35,3.69381674,91260.1,91260.1,91224.7,91237.5,287107.73497860,,,,,
2025-12-08 03:07,91253.28,91312.33,91253.28,91306.29,3.27735486,91235.30000000,91305.06000000,91235.29000000,91297.77000000,6.49374000,91331.0,91331.0,91331.0,91331.0,0.00075945,91235.35,91299.34,91235.29,91285.15,2.28305914,91238,91297,91238,91291,372392.38684170,,,,,
2025-12-08 03:08,91304.57,91304.58,91257.52,91260.43,0.95503934,91297.76000000,91297.77000000,91240.99000000,91251.24000000,4.15954000,91330.0,91330.0,91326.0,91326.0,0.00146849,91285.15,91285.15,91240.99,91254.2,5.21970711,91290.9,91290.9,91253,91262.2,339894.76601450,,,,,
2025-12-08 03:09,91259.72,91274.48,91209.31,91235.12,5.54230537,91251.23000000,91271.41000000,91221.78000000,91225.56000000,3.95634000,91310.0,91310.0,91310.0,91310.0,0.01846932,91254.2,91262.44,91221.75,91225.56,2.50856069,91262.3,91263.7,91230.4,91230.5,330249.63264940,,,,,
2025-12-08 03:10,91235.12,91286.31,91219.37,91223.95,1.01702804,91225.56000000,91276.74000000,91214.19000000,91214.20000000,4.27791000,91291.0,91291.0,91262.0,91290.0,0.04233924,91225.56,91271.39,91216.45,91242.12,3.0235653,91230.4,91268.5,91226,91226,272466.54600600,,,,,
2025-12-08 03:11,91223.95,91233.77,91150.0,91153.74,1.48717628,91214.20000000,91222.87000000,91140.00000000,91140.01000000,15.16876000,91283.0,91283.0,91220.0,91220.0,0.00879199,91242.12,91242.12,91139.99,91139.99,5.08025634,91226.1,91226.1,91150.1,91150.1,269231.08489170,,,,,
2025-12-08 03:12,91153.99,91164.24,91131.29,91164.24,2.47196964,91140.00000000,91155.48000000,91124.15000000,91155.48000000,6.50220000,91211.0,91211.0,91200.0,91200.0,0.0022979100000000002,91139.99,91156.57,91124.15,91155.47,11.49300305,91150.1,91154.9,91132,91154.9,326159.93053870,,,,,
2025-12-08 03:13,91164.23,91169.2,91121.87,91128.45,1.98651354,91155.47000000,91155.48000000,91112.96000000,91118.52000000,10.47896000,91195.0,91196.0,91190.0,91190.0,0.00093205,91155.47,91155.48,91114.82,91118.57,6.02407669,91155,91155,91127.4,91127.5,257094.65290900,,,,,
2025-12-08 03:14,91128.46,91176.96,91126.54,91170.39,2.09001299,91118.52000000,91155.48000000,91118.52000000,91155.48000000,2.30111000,91196.0,91196.0,91196.0,91196.0,4.9e-05,91118.57,91155.48,91118.53,91155.48,2.87674839,91127.5,91154,91127.4,91154,282112.51609680,,,,,
2025-12-08 03:15,91170.39,91187.74,91135.48,91185.87,1.78644836,91155.48000000,91176.39000000,91130.29000000,91176.39000000,4.91749000,,,,,,91155.48,91155.48,91130.11,91147.04,2.81102001,91153.9,91167.5,91136,91167.5,268335.18985180,,,,,
2025-12-08 03:16,91185.87,91253.99,91164.24,91218.07,8.49199788,91176.39000000,91234.98000000,91154.64000000,91204.52000000,13.17969000,91202.0,91263.0,91202.0,91263.0,0.01752359,91147.04,91235.07,91147.04,91235.02,8.76636862,91167.5,91227,91164,91208.1,478956.31891860,,,,,
2025-12-08 03:17,91218.95,91232.41,91194.0,91228.66,0.95282228,91204.51000000,91218.57000000,91181.24000000,91218.57000000,3.16725000,91249.0,91249.0,91249.0,91249.0,9.862e-05,91235.02,91235.02,91184.79,91210.4,3.23186359,91208,91208.1,91189,91208,222352.91009340,,,,,
2025-12-08 03:18,91230.01,91298.51,91230.01,91287.09,0.94666226,91218.57000000,91277.03000000,91218.57000000,91274.57000000,7.50999000,91249.0,91291.0,91249.0,91291.0,0.7266344100000001,91210.4,91277.03,91210.4,91267.93,5.18719263,91208,91286.7,91208,91282,328484.82929410,,,,,
2025-12-08 03:19,91278.73,91324.84,91259.96,91309.6,1.73634162,91274.57000000,91301.30000000,91244.51000000,91292.02000000,4.94111000,91291.0,91310.0,91291.0,91310.0,0.34338178999999996,91267.93,91304.87,91244.47,91300.93,3.16320673,91281,91302.9,91252.6,91302.8,319830.04990780,,,,,
2025-12-08 03:20,91308.41,91319.98,91288.0,91305.08,0.89430175,91292.01000000,91301.30000000,91276.26000000,91288.78000000,4.38287000,91322.0,91331.0,91322.0,91331.0,0.00715473,91300.93,91301.31,91276.23,91288.78,3.43959873,91302.8,91302.8,91287.6,91297.9,306083.30163760,,,,,
2025-12-08 03:21,91304.17,91376.23,91304.17,91342.33,3.54902921,91288.79000000,91347.57000000,91288.78000000,91332.13000000,9.64097000,91330.0,91350.0,91330.0,91350.0,1.01020204,91288.78,91347.63,91288.78,91332.13,6.71425569,91297.9,91352.3,91297.9,91338.6,339550.82017900,,,,,
2025-12-08 03:22,91342.33,91355.51,91299.57,91320.0,1.00663258,91332.13000000,91332.13000000,91300.01000000,91310.19000000,4.58449000,,,,,,91332.13,91332.14,91300.01,91310.19,3.25413309,91337,91337,91310,91316.1,255778.72840410,,,,,
2025-12-08 03:23,91316.75,91355.04,91316.74,91336.47,1.47778748,91310.20000000,91337.27000000,91310.19000000,91327.77000000,16.75626000,,,,,,91310.19,91337.09,91310.19,91327.77,11.03727222,91316,91339.9,91316,91325,495081.44198990,,,,,
2025-12-08 03:24,91339.99,91350.8,91324.02,91350.8,0.66293863,91327.77000000,91337.09000000,91318.34000000,91337.09000000,4.60872000,91350.0,91350.0,91350.0,91350.0,1e-08,91327.77,91327.78,91318.33,91318.34,3.30649708,91325,91335.5,91319.8,91335.5,316654.99001660,,,,,
2025-12-08 03:25,91355.03,91418.04,91346.0,91372.0,4.83226896,91337.09000000,91389.49000000,91337.08000000,91355.79000000,3.09829000,91358.0,91370.0,91358.0,91370.0,0.00118616,91318.34,91389.54,91318.34,91338.24,2.12125406,91338,91380.9,91338,91356.1,212673.46794660,,,,,
2025-12-08 03:26,91376.23,91392.44,91318.03,91319.88,0.72944998,91355.79000000,91368.96000000,91313.80000000,91313.80000000,8.83032000,91387.0,91387.0,91387.0,91387.0,0.00011721,91338.24,91368.99,91313.76,91313.8,6.38188297,91356.9,91371.4,91318,91318.1,221433.97263820,,,,,
2025-12-08 03:27,91321.97,91366.56,91308.01,91334.81,0.55017219,91313.81000000,91346.65000000,91302.36000000,91333.85000000,6.08419000,,,,,,91313.8,91346.73,91302.33,91333.84,3.24988981,91318.1,91346,91311.1,91343,382171.15614260,,,,,
2025-12-08 03:28,91345.99,91359.89,91307.86,91307.86,0.31321344,91333.85000000,91333.85000000,91297.88000000,91297.88000000,1.68313000,,,,,,91333.84,91333.85,91313.33,91313.33,1.9455462,91343,91343,91305.6,91305.6,255320.31485850,,,,,
2025-12-08 03:29,91304.17,91308.41,91266.0,91266.0,0.51748521,91297.87000000,91297.87000000,91259.97000000,91259.98000000,10.08495000,91353.0,91353.0,91315.0,91315.0,0.00595327,91313.33,91313.33,91259.96,91259.96,3.6154832,91301.5,91301.6,91272.5,91273.3,283463.11178630,,,,,
2025-12-08 03:30,91266.01,91274.47,91240.27,91249.89,1.57574364,91259.97000000,91259.98000000,91230.19000000,91240.00000000,3.66986000,91315.0,91315.0,91315.0,91315.0,0.00164524,91259.96,91259.97,91230.16,91240.01,6.36825686,91263.7,91263.7,91240.9,91244.3,494935.28556090,,,,,
2025-12-08 03:31,91249.89,91279.91,91244.0,91249.99,0.93831777,91240.01000000,91262.43000000,91240.00000000,91240.02000000,3.19511000,,,,,,91240.01,91262.55,91240,91240.01,2.22858709,91244.2,91264,91244.2,91246.1,582717.80508270,,,,,
2025-12-08 03:32,91252.2,91286.67,91240.86,91286.66,0.75682086,91240.01000000,91270.13000000,91240.01000000,91270.13000000,3.91425000,91289.0,91305.0,91289.0,91305.0,0.01589861,91240.01,91261.01,91240.01,91260.99,2.02093668,91246,91266,91246,91266,498419.91926100,,,,,
2025-12-08 03:33,91286.66,91300.0,91274.0,91291.6,0.47687988,91270.13000000,91280.00000000,91266.86000000,91276.71000000,1.84703000,,,,,,91260.99,91280.03,91260.99,91276.71,2.0255883,91271,91282.8,91271,91277,425812.26745410,,,,,
2025-12-08 03:34,91292.0,91304.81,91247.86,91250.0,2.44456711,91276.71000000,91277.67000000,91240.34000000,91240.34000000,3.17432000,,,,,,91276.71,91277.8,91245.08,91245.08,2.14888116,91277.1,91277.1,91252.2,91252.2,482165.40258200,,,,,
2025-12-08 03:35,91249.05,91276.49,91212.0,91276.49,1.17525454,91240.33000000,91259.38000000,91202.69000000,91259.38000000,4.83604000,91307.0,91307.0,91280.0,91280.0,0.00381837,91245.08,91255.42,91226.41,91255.42,2.96045015,91245.1,91257.4,91214.1,91257.4,334122.21364060,,,,,
2025-12-08 03:36,91276.49,91305.79,91205.26,91207.98,1.08254871,91259.38000000,91288.60000000,91202.00000000,91202.00000000,3.57033000,91272.0,91272.0,91270.0,91270.0,0.0008695,91255.42,91288.66,91201.9,91202,2.85908249,91258,91286.2,91210,91210,316832.69696010,,,,,
2025-12-08 03:37,91209.97,91210.0,91146.88,91150.89,2.27682807,91202.01000000,91202.01000000,91145.05000000,91145.06000000,8.27465000,91260.0,91260.0,91210.0,91210.0,0.00510718,91202,91202.01,91145.05,91145.05,5.85724343,91210.1,91210.1,91153.9,91153.9,432019.70861150,,,,,
2025-12-08 03:38,91150.86,91157.44,91070.96,91076.0,8.34104586,91145.05000000,91145.06000000,91067.06000000,91070.52000000,14.09924000,91207.0,91207.0,91140.0,91140.0,0.01389798,91145.05,91145.06,91072.14,91072.17,6.29989806,91154,91154,91077.6,91077.7,536027.97191590,,,,,
2025-12-08 03:39,91081.86,91083.86,91044.85,91075.19,2.27673283,91070.52000000,91070.53000000,91041.22000000,91064.34000000,7.38428000,91130.0,91130.0,91091.0,91091.0,0.01009421,91072.17,91072.17,91041.21,91068.12,8.99844275,91077.7,91077.7,91047.9,91062,368924.18987120,,,,,
2025-12-08 03:40,91075.19,91083.98,91027.42,91027.42,5.49791664,91064.33000000,91064.34000000,91032.20000000,91032.20000000,15.73844000,91091.0,91091.0,91066.0,91066.0,0.80891685,91068.12,91068.12,91038.17,91059.12,4.38819127,91063,91069,91022.5,91034,585691.65872850,,,,,
2025-12-08 03:41,91033.96,91058.23,91000.0,91024.0,3.68025929,91032.20000000,91055.70000000,91000.50000000,91009.60000000,31.93186000,91051.0,91051.0,91051.0,91051.0,0.00211685,91059.12,91059.12,91000.38,91000.51,26.70727212,91034.1,91056,91005.5,91012.8,545513.11376350,,,,,
2025-12-08 03:42,91019.99,91037.13,91003.59,91037.13,1.13874751,91009.61000000,91027.82000000,91004.19000000,91027.82000000,14.21161000,,,,,,91000.51,91032.19,91000.51,91022.65,11.92933294,91012.9,91032.4,91012.8,91032.4,393487.70099950,,,,,
2025-12-08 03:43,91037.22,91038.39,91011.43,91018.01,0.61901102,91027.82000000,91027.82000000,91002.35000000,91011.45000000,6.42541000,,,,,,91022.65,91027.87,91002.35,91011.45,4.62667244,91032.4,91033.1,91018,91018.1,452378.53292980,,,,,
2025-12-08 03:44,91021.98,91021.98,91000.0,91016.0,4.05129239,91011.45000000,91014.19000000,91003.44000000,91014.18000000,4.12305000,,,,,,91011.45,91018.73,91003.41,91018.73,1.79948751,91018,91019,91016.2,91019,317875.21732090,,,,,
2025-12-08 03:45,91016.0,91031.79,90987.14,91031.78,8.17555628,91014.19000000,91031.83000000,90988.91000000,91031.82000000,7.02347000,91069.0,91069.0,91062.0,91062.0,0.00462559,91018.73,91031.83,90988.91,91031.83,5.58649834,91019,91031.1,91000,91031.1,482891.94935520,,,,,
2025-12-08 03:46,91031.79,91068.32,91029.65,91062.97,0.63300604,91031.83000000,91065.12000000,91031.82000000,91065.11000000,2.10905000,91051.0,91070.0,91051.0,91070.0,0.00539153,91031.83,91065.12,91031.82,91065.11,2.19768694,91031.1,91067.2,91031.1,91067.2,644046.87714790,,,,,
2025-12-08 03:47,91063.44,91092.97,91030.41,91066.72,2.6443061,91065.12000000,91087.14000000,91031.25000000,91063.46000000,11.44458000,91075.0,91131.0,91075.0,91131.0,0.04897899,91065.11,91087.19,91037.4,91063.46,7.966372,91067.2,91099,91042.3,91079,718694.43914770,,,,,
2025-12-08 03:48,91066.72,91066.73,91006.5,91039.44,9.49814073,91063.46000000,91063.47000000,91019.99000000,91029.10000000,4.36087000,,,,,,91063.46,91063.47,91019.95,91029.44,3.04503204,91079.1,91079.1,91034,91037,580448.20993890,,,,,
2025-12-08 03:49,91041.27,91097.79,91038.64,91087.24,0.5222978,91029.09000000,91082.67000000,91029.09000000,91082.66000000,4.27059000,91082.0,91082.0,91082.0,91082.0,0.003,91029.44,91082.75,91029.09,91082.66,3.41720507,91037,91088.5,91037,91088.5,698476.49015760,,,,,
2025-12-08 03:50,91086.0,91087.24,91037.04,91068.59,1.14958275,91082.66000000,91082.67000000,91027.26000000,91053.86000000,4.83295000,91124.0,91124.0,91105.0,91105.0,0.01400312,91082.66,91082.67,91046.58,91053.86,2.87935753,91088.5,91088.5,91044.5,91058,523072.07921440,,,,,
2025-12-08 03:51,91068.6,91082.0,91054.01,91062.01,0.53195942,91053.86000000,91076.07000000,91048.07000000,91048.07000000,5.30207000,91089.0,91089.0,91089.0,91089.0,0.003,91053.86,91074.28,91048.07,91048.07,4.42843303,91058,91084.6,91058,91064.2,511469.59075920,,,,,
2025-12-08 03:52,91061.98,91117.51,91061.98,91093.97,2.28957591,91048.08000000,91100.00000000,91048.08000000,91084.63000000,5.42679000,91093.0,91111.0,91093.0,91111.0,0.03555,91048.07,91100,91048.07,91084.63,3.82563817,91064.3,91113.3,91064.2,91100,458326.26003070,,,,,
2025-12-08 03:53,91092.43,91092.43,91062.46,91081.98,0.66780692,91084.64000000,91084.64000000,91058.87000000,91079.91000000,1.50034000,91100.0,91101.0,91100.0,91101.0,0.00019445,91084.63,91084.64,91058.87,91079.91,1.0597228,91100,91100,91073,91079.6,378759.60394370,,,,,
2025-12-08 03:54,91081.98,91081.98,91028.91,91030.01,0.36968281,91079.90000000,91079.91000000,91026.15000000,91026.15000000,2.63951000,,,,,,91079.91,91079.91,91026.15,91026.15,1.83277858,91079.6,91079.6,91034.1,91034.1,461330.98492530,,,,,
2025-12-08 03:55,91030.01,91053.99,91025.22,91047.66,0.36441698,91026.15000000,91036.41000000,91020.00000000,91036.41000000,0.80859000,,,,,,91026.15,91036.41,91019.97,91036.4,0.50259871,91033.6,91039,91032.2,91039,319026.72925830,,,,,
2025-12-08 03:56,91046.92,91088.57,91020.0,91088.1,0.95870261,91036.40000000,91076.00000000,91020.00000000,91076.00000000,4.24006000,91078.0,91079.0,91078.0,91079.0,0.00269471,91036.4,91076,91030.01,91075.99,2.91084957,91039,91080,91035,91080,303499.99870420,,,,,
2025-12-08 03:57,91088.1,91107.57,91051.12,91102.02,4.27958295,91076.00000000,91092.00000000,91049.68000000,91091.17000000,3.36616000,91112.0,91112.0,91112.0,91112.0,7.729e-05,91075.99,91091.17,91049.68,91091.17,2.4405999,91080,91095,91061,91095,473026.94371480,,,,,
2025-12-08 03:58,91102.02,91151.06,91088.0,91151.06,0.8550641,91091.17000000,91135.12000000,91079.51000000,91135.12000000,2.33020000,91132.0,91132.0,91132.0,91132.0,0.00107726,91091.17,91135.12,91079.48,91135.12,0.80976533,91095,91136.8,91094.9,91136.8,314510.81848920,,,,,
2025-12-08 03:59,91151.06,91160.0,91076.0,91085.51,1.60061051,91135.11000000,91135.12000000,91068.29000000,91068.29000000,6.93709000,,,,,,91135.12,91135.12,91067.83,91068.29,5.46803084,91136.7,91140.1,91082,91082.1,474121.86002800,,,,,
2025-12-08 04:00,91084.22,91167.42,91084.22,91125.01,0.76371037,91068.30000000,91155.14000000,91068.29000000,91117.49000000,3.25344000,91116.0,91180.0,91116.0,91155.0,0.1019115,91068.29,91145.06,91068.29,91117.49,2.18107138,91082.1,91159.6,91082.1,91123.3,395846.61192090,,,,,
2025-12-08 04:01,91125.01,91164.0,91117.6,91147.27,0.94244485,91117.50000000,91153.14000000,91117.49000000,91139.47000000,4.09825000,91156.0,91188.0,91154.0,91179.0,0.00588768,91117.49,91153.15,91117.4,91132.21,2.82311064,91123.3,91146.5,91123.3,91140,372840.44904750,,,,,
2025-12-08 04:02,91147.28,91187.05,91134.56,91134.57,1.34467207,91139.47000000,91162.83000000,91126.69000000,91127.03000000,4.47457000,91190.0,91200.0,91190.0,91200.0,0.00142502,91132.21,91145.75,91125.73,91127.03,2.51212743,91140.1,91158.5,91136,91136,317604.94160350,,,,,
2025-12-08 04:03,91134.57,91138.89,91101.23,91117.55,1.13786944,91127.02000000,91127.03000000,91090.62000000,91109.21000000,3.39643000,91171.0,91171.0,91170.0,91170.0,0.0013281599999999999,91127.03,91127.03,91083.7,91109.2,2.96916859,91136,91136.1,91100.5,91109.7,379724.96528240,,,,,
2025-12-08 04:04,91123.6,91123.6,91064.64,91081.88,1.19807078,91109.20000000,91113.79000000,91055.25000000,91063.00000000,3.35676000,91153.0,91153.0,91138.0,91138.0,0.01333244,91109.2,91113.81,91055.25,91063.01,2.356725,91109.7,91117.6,91062.9,91064,346254.98351260,,,,,
2025-12-08 04:05,91072.01,91104.88,91032.8,91104.87,0.81020502,91063.00000000,91095.81000000,91023.06000000,91095.80000000,2.23102000,91106.0,91106.0,91106.0,91106.0,0.00094172,91063.01,91095.87,91025.73,91095.87,1.43646639,91063.9,91085.3,91032.9,91085.3,287305.33040550,,,,,
2025-12-08 04:06,91104.88,91104.88,91045.61,91066.0,8.17277696,91095.80000000,91095.81000000,91040.93000000,91060.13000000,3.36204000,91110.0,91110.0,91110.0,91110.0,7.726e-05,91095.87,91095.87,91040.84,91060.14,2.36622003,91100.5,91100.5,91051,91057.9,379590.65444220,,,,,
2025-12-08 04:07,91063.55,91133.13,91055.1,91128.72,0.56434807,91060.13000000,91113.78000000,91054.17000000,91113.78000000,2.73819000,,,,,,91060.14,91113.82,91060.13,91113.78,1.94269982,91058,91120.1,91057.9,91120.1,207753.60557320,,,,,
2025-12-08 04:08,91128.72,91130.32,91094.0,91102.0,0.84034598,91113.77000000,91120.12000000,91103.34000000,91103.34000000,3.74996000,,,,,,91113.78,91114.61,91103.32,91103.34,2.6804044,91120.1,91121.2,91112,91112,171746.32513460,,,,,
2025-12-08 04:09,91101.99,91118.54,91083.68,91107.47,1.14145858,91103.34000000,91103.35000000,91080.00000000,91096.18000000,1.69794000,,,,,,91103.34,91103.34,91079.96,91096.1,1.12705709,91112,91112,91086.4,91097,254571.24101330,,,,,
2025-12-08 04:10,91107.47,91168.48,91107.46,91148.0,0.94007953,91096.18000000,91159.65000000,91096.18000000,91138.48000000,4.16297000,91131.0,91192.0,91131.0,91190.0,0.05680678,91096.1,91159.39,91096.1,91155.85,2.29289743,91097.7,91155,91097.7,91148,243207.51263660,,,,,
2025-12-08 04:11,91143.05,91168.13,91141.86,91150.47,0.42936521,91138.49000000,91155.85000000,91138.48000000,91138.48000000,2.37448000,,,,,,91155.85,91155.87,91138.48,91138.49,2.28294056,91148.1,91153,91144.1,91144.2,201338.02180850,,,,,
2025-12-08 04:12,91150.47,91192.73,91138.54,91138.55,8.39031961,91138.49000000,91177.64000000,91136.36000000,91136.36000000,4.14654000,91170.0,91176.0,91170.0,91176.0,0.050344070000000005,91138.49,91177.64,91136.36,91136.36,2.79091759,91144.1,91173,91142.5,91142.5,332732.68509770,,,,,
2025-12-08 04:13,91138.54,91138.54,91104.89,91114.57,1.55690404,91136.36000000,91136.36000000,91105.84000000,91105.84000000,1.60395000,,,,,,91136.36,91136.36,91105.84,91105.84,1.11451355,91141.5,91141.5,91114.8,91114.9,246758.98282600,,,,,
2025-12-08 04:14,91114.56,91149.99,91114.56,91119.0,0.99031876,91105.84000000,91137.19000000,91105.84000000,91113.21000000,1.32351000,,,,,,91105.84,91137.19,91105.84,91113.22,1.18088211,91114.8,91134,91114.8,91122,318816.77093240,,,,,
2025-12-08 04:15,91119.0,91136.45,91113.68,91134.98,0.77213481,91113.22000000,91124.17000000,91113.21000000,91124.16000000,0.92882000,,,,,,91113.22,91124.19,91113.21,91124.17,0.64871769,91122,91124.3,91120,91124.3,169985.11999950,,,,,
2025-12-08 04:16,91131.99,91145.98,91100.64,91145.97,0.52757029,91124.17000000,91137.19000000,91101.06000000,91137.19000000,1.78709000,,,,,,91124.17,91137.19,91101.03,91137.18,1.12663152,91124.2,91134,91106,91133.9,304408.33351200,,,,,
2025-12-08 04:17,91145.98,91168.0,91117.6,91129.53,1.89771806,91137.19000000,91154.16000000,91116.84000000,91118.99000000,6.05859000,91155.0,91155.0,91155.0,91155.0,0.00011719,91137.18,91154.15,91116.84,91119,4.36510509,91134,91155.1,91125.8,91127,238007.55888400,,,,,
2025-12-08 04:18,91129.06,91144.0,91087.53,91100.57,1.52201125,91119.00000000,91129.76000000,91081.43000000,91081.44000000,1.82035000,,,,,,91119,91129.76,91081.43,91081.44,1.25227208,91126.9,91127,91090,91093,156758.57356800,,,,,
2025-12-08 04:19,91100.56,91163.99,91100.56,91142.0,1.66371978,91081.44000000,91150.06000000,91081.44000000,91135.40000000,4.12333000,,,,,,91081.44,91150.06,91081.43,91150.05,0.94930396,91093,91147,91093,91139.9,219245.85686300,,,,,
2025-12-08 04:20,91142.02,91176.96,91124.0,91135.99,0.85938058,91135.41000000,91165.02000000,91131.65000000,91131.65000000,1.91534000,91162.0,91162.0,91162.0,91162.0,9.7e-05,91150.05,91165.02,91131.65,91131.65,3.04410082,91139.1,91159,91134.4,91134.4,67743.37874650,,,,,
2025-12-08 04:21,91134.09,91154.4,91114.08,91118.0,0.97888293,91131.66000000,91131.66000000,91102.56000000,91102.57000000,1.54485000,,,,,,91131.65,91131.66,91102.36,91102.56,5.03245703,91134.4,91134.4,91114,91114,81503.78124800,,,,,
2025-12-08 04:22,91117.99,91135.24,91114.11,91132.52,0.58187908,91102.56000000,91119.85000000,91102.56000000,91119.84000000,5.07645000,,,,,,91102.56,91119.89,91102.56,91119.83,3.53444513,91114,91122,91113.1,91121.9,21143.19035880,,,,,
2025-12-08 04:23,91132.52,91195.85,91130.32,91172.02,1.65025619,91119.84000000,91161.99000000,91117.80000000,91160.92000000,5.59819000,,,,,,91119.83,91160.96,91119.83,91160.92,3.93890436,91121.9,91167.5,91121.9,91167.5,96738.01699410,,,,,
2025-12-08 04:24,91170.72,91182.08,91155.76,91155.76,1.40802051,91160.92000000,91160.92000000,91145.10000000,91145.11000000,2.53646000,,,,,,91160.92,91160.93,91145.07,91145.07,1.53209034,91160.6,91160.6,91155.8,91155.8,26098.36038190,,,,,
2025-12-08 04:25,91155.77,91269.13,91147.64,91264.63,2.73658996,91145.11000000,91250.00000000,91145.11000000,91249.99000000,5.45742000,91178.0,91250.0,91178.0,91250.0,0.00680099,91145.07,91250,91145.07,91250,3.40340151,91155.7,91249.9,91155.7,91249.9,323013.04476680,,,,,
2025-12-08 04:26,91263.96,91363.52,91256.04,91332.0,5.48741133,91250.00000000,91350.00000000,91249.99000000,91329.10000000,6.84365000,91260.0,91320.0,91260.0,91320.0,0.00597037,91250,91351.34,91249.99,91329.1,5.35452581,91250,91352.9,91250,91336,375832.46407290,,,,,
2025-12-08 04:27,91332.0,91332.0,91224.0,91275.13,4.82540367,91329.10000000,91329.11000000,91221.25000000,91272.72000000,7.97264000,91306.0,91306.0,91306.0,91306.0,6.11171617,91329.1,91329.1,91221.25,91241.65,4.84898197,91336,91336,91228.6,91267,440620.10949020,,,,,
2025-12-08 04:28,91275.13,91308.81,91257.53,91270.25,0.951906,91272.72000000,91292.50000000,91250.14000000,91265.22000000,7.07590000,,,,,,91241.65,91292.55,91241.65,91265.21,5.66396615,91270.3,91293.8,91266,91273.4,267737.23762830,,,,,
2025-12-08 04:29,91270.24,91270.24,91242.0,91257.88,0.57527413,91265.21000000,91265.21000000,91251.48000000,91251.48000000,1.97075000,,,,,,91265.21,91265.21,91251.45,91251.49,1.37408274,91273.4,91273.4,91256.8,91256.9,204876.93315000,,,,,
2025-12-08 04:30,91255.8,91333.87,91255.79,91333.87,1.49991729,91251.49000000,91320.00000000,91241.04000000,91320.00000000,3.31689000,91328.0,91328.0,91328.0,91328.0,0.0002346,91251.49,91304.49,91235.14,91304.44,2.02680664,91256.8,91327.2,91254,91327.2,328473.34331110,,,,,
2025-12-08 04:31,91334.39,91427.12,91318.82,91427.12,5.0545754,91320.00000000,91417.87000000,91319.99000000,91417.87000000,16.05871000,91350.0,91430.0,91350.0,91430.0,0.0412416,91304.44,91400,91304.44,91400,5.26417453,91327.2,91426.1,91327,91426.1,368600.02047300,,,,,
2025-12-08 04:32,91430.5,91467.55,91370.07,91384.73,2.35897238,91417.88000000,91450.00000000,91366.45000000,91374.49000000,6.72239000,91448.0,91485.0,91448.0,91456.0,0.00320572,91400,91437.04,91366.45,91374.49,10.79344103,91427.7,91458.3,91367.3,91383.1,364946.92623700,,,,,
2025-12-08 04:33,91384.72,91496.75,91384.72,91437.49,5.98611176,91374.50000000,91470.58000000,91374.49000000,91433.02000000,6.30364000,91456.0,91456.0,91456.0,91456.0,0.00023411,91374.49,91470.61,91374.49,91433.01,2.27435065,91383.1,91488.9,91383.1,91439.4,373640.00581710,,,,,
2025-12-08 04:34,91437.49,91452.93,91373.5,91380.04,3.90556287,91433.01000000,91435.20000000,91370.99000000,91371.00000000,8.74765000,91420.0,91420.0,91420.0,91420.0,0.1,91433.01,91437.83,91370.99,91370.99,8.31031204,91439.4,91448,91374,91374.1,530797.05648620,,,,,
2025-12-08 04:35,91380.03,91431.35,91347.31,91353.9,1.14982139,91371.00000000,91423.87000000,91345.56000000,91345.57000000,5.79498000,91430.0,91430.0,91420.0,91420.0,0.00014411,91370.99,91415.41,91345.54,91345.56,2.97697238,91374.1,91422,91358.1,91358.1,510252.55133560,,,,,
2025-12-08 04:36,91353.91,91354.37,91278.73,91299.92,1.10313626,91345.57000000,91345.57000000,91271.53000000,91286.45000000,4.32470000,91420.0,91420.0,91360.0,91360.0,4.90356347,91345.56,91345.57,91262.31,91286.45,3.47717311,91358.1,91358.1,91278.7,91285.9,382088.06544900,,,,,
2025-12-08 04:37,91298.24,91325.36,91263.3,91267.99,1.24690395,91286.46000000,91309.12000000,91260.00000000,91260.01000000,1.78036000,,,,,,91286.45,91306.58,91259.99,91260,1.25745934,91286,91311,91265.2,91265.3,435710.55185050,,,,,
2025-12-08 04:38,91267.88,91314.57,91264.01,91282.0,1.13816068,91260.01000000,91300.67000000,91260.01000000,91275.17000000,4.45694000,91333.0,91333.0,91333.0,91333.0,0.0011549,91260,91300.69,91260,91275.17,1.83937346,91265.2,91295.6,91265.2,91281.7,509672.92353340,,,,,
2025-12-08 04:39,91281.99,91299.91,91222.8,91229.31,1.30671199,91275.17000000,91293.10000000,91220.43000000,91221.00000000,13.93708000,91346.0,91346.0,91320.0,91320.0,0.00546473,91275.17,91293.09,91232.84,91232.86,7.42613948,91281.7,91291,91225.2,91225.2,494927.23003220,,,,,
2025-12-08 04:40,91229.08,91253.28,91175.41,91184.0,1.29281743,91221.00000000,91246.02000000,91179.66000000,91179.66000000,2.39782000,91273.0,91273.0,91270.0,91270.0,0.0038963400000000003,91232.86,91246.01,91179.64,91179.67,5.29232214,91225.3,91239,91181.8,91181.9,278762.17921240,,,,,
2025-12-08 04:41,91182.04,91230.0,91161.53,91218.0,0.42314543,91179.67000000,91210.67000000,91162.18000000,91210.66000000,3.98370000,91265.0,91265.0,91250.0,91250.0,0.00102537,91179.67,91208.16,91165.99,91196.51,2.66394753,91181.8,91215.1,91170.3,91215,402128.86086520,,,,,
2025-12-08 04:42,91219.97,91242.65,91206.65,91226.0,1.44477564,91210.67000000,91218.63000000,91195.24000000,91209.99000000,1.46130000,,,,,,91196.51,91210.74,91196.51,91209.99,1.15963616,91215.1,91218.3,91207,91215.1,258938.72074610,,,,,
2025-12-08 04:43,91224.02,91259.23,91215.14,91252.11,0.4582047,91210.00000000,91244.34000000,91209.99000000,91236.61000000,1.42185000,91270.0,91270.0,91270.0,91270.0,0.00105828,91209.99,91244.34,91209.99,91236.62,0.9951608,91215.1,91239,91215,91238.1,280699.97906480,,,,,
2025-12-08 04:44,91250.0,91253.74,91197.83,91232.01,1.34590053,91236.61000000,91236.62000000,91196.00000000,91221.71000000,2.11374000,,,,,,91236.62,91236.62,91195.99,91221.71,1.16680446,91238,91238.1,91210,91220.9,237173.36780710,,,,,
2025-12-08 04:45,91234.28,91255.83,91202.41,91228.09,1.00374809,91221.72000000,91241.23000000,91203.35000000,91223.08000000,1.53544000,,,,,,91221.71,91241.23,91203.28,91223.08,1.08649527,91221,91244.2,91210,91222,338436.67011060,,,,,
2025-12-08 04:46,91231.32,91233.23,91199.29,91223.6,0.49006725,91223.08000000,91223.08000000,91196.00000000,91219.83000000,1.06426000,91257.0,91257.0,91257.0,91257.0,0.00046384,91223.08,91223.08,91196,91219.82,0.69781155,91222.9,91222.9,91206.1,91216,347223.80198550,,,,,
2025-12-08 04:47,91223.6,91268.0,91223.59,91252.0,0.80346803,91219.82000000,91251.56000000,91219.82000000,91243.22000000,3.83817000,,,,,,91219.82,91250.87,91219.82,91243.21,2.90314337,91216,91253.8,91215.9,91246.9,309896.71204780,,,,,
2025-12-08 04:48,91251.99,91254.4,91220.0,91232.02,6.4335241,91243.21000000,91243.21000000,91225.06000000,91225.06000000,1.72796000,,,,,,91243.21,91243.22,91225.06,91225.07,1.21527187,91247,91247,91233.1,91233.2,206044.91034220,,,,,
2025-12-08 04:49,91232.01,91253.17,91220.0,91226.58,0.58628901,91225.06000000,91225.06000000,91211.39000000,91222.13000000,1.08489000,,,,,,91225.07,91225.07,91211.39,91222.14,0.75837259,91233.1,91233.1,91228,91228,271452.08389720,,,,,
2025-12-08 04:50,91226.58,91235.69,91208.01,91210.96,0.96540334,91222.13000000,91222.14000000,91204.06000000,91204.06000000,1.40502000,,,,,,91222.14,91222.14,91204.06,91204.06,0.97827647,91228.1,91228.1,91211.7,91211.7,121081.90107030,,,,,
2025-12-08 04:51,91210.96,91215.21,91170.25,91170.85,1.23015502,91204.07000000,91204.07000000,91162.46000000,91162.46000000,9.78076000,91259.0,91259.0,91259.0,91259.0,0.00139005,91204.06,91204.07,91162.44,91162.45,5.71169107,91211.7,91211.8,91171,91174.8,174650.15684820,,,,,
2025-12-08 04:52,91170.85,91209.91,91154.0,91198.01,0.99829501,91162.46000000,91193.49000000,91152.52000000,91184.38000000,5.75707000,91249.0,91249.0,91249.0,91249.0,0.00135208,91162.45,91193.49,91149.06,91184.38,5.74406516,91174.7,91195.1,91153.4,91190.1,219312.14789610,,,,,
2025-12-08 04:53,91198.47,91235.69,91183.63,91202.4,2.09917369,91184.37000000,91215.28000000,91184.37000000,91191.04000000,4.51574000,91242.0,91243.0,91242.0,91243.0,0.0215466,91184.38,91215.3,91184.36,91202.89,2.49936398,91190.1,91216.9,91189.5,91206.1,179701.24480400,,,,,
2025-12-08 04:54,91200.16,91244.79,91198.0,91225.97,0.88095331,91191.04000000,91235.20000000,91191.04000000,91221.93000000,4.15829000,91249.0,91249.0,91249.0,91249.0,0.0011169700000000001,91202.89,91235.22,91191.02,91218.48,3.5261076,91206.1,91240,91206.1,91235,149005.63958070,,,,,
2025-12-08 04:55,91226.0,91245.15,91218.18,91239.99,0.41224409,91221.92000000,91245.61000000,91215.77000000,91234.77000000,4.93290000,,,,,,91218.48,91245.6,91212.89,91234.78,3.4096162,91234,91245.9,91228,91237.9,353709.17662630,,,,,
2025-12-08 04:56,91239.99,91257.52,91228.04,91257.52,6.98038978,91234.78000000,91255.76000000,91213.80000000,91255.76000000,4.85222000,,,,,,91234.78,91255.78,91223.49,91255.77,3.38119347,91238,91250.1,91228,91250.1,170357.41621610,,,,,
2025-12-08 04:57,91257.52,91308.05,91257.51,91294.08,1.68866861,91255.75000000,91309.80000000,91255.75000000,91290.75000000,6.79359000,91288.0,91321.0,91288.0,91321.0,0.01146354,91255.77,91309.79,91255.75,91290.75,3.27584914,91252.1,91298.3,91252.1,91296,234795.90180470,,,,,
2025-12-08 04:58,91294.09,91294.09,91259.25,91259.35,1.48508795,91290.75000000,91290.75000000,91254.48000000,91254.48000000,11.13774000,91311.0,91311.0,91311.0,91311.0,0.00012167999999999999,91290.75,91290.75,91254.47,91254.49,9.29408725,91296.1,91296.1,91265,91265.1,173261.94398560,,,,,
2025-12-08 04:59,91259.35,91298.73,91259.35,91298.02,0.1771775,91254.49000000,91291.33000000,91254.48000000,91291.33000000,3.53576000,91318.0,91318.0,91318.0,91318.0,0.00023103,91254.49,91291.35,91254.48,91291.33,2.47362399,91265.1,91286,91265.1,91286,228751.08641530,,,,,
2025-12-08 05:00,91298.02,91298.02,91215.65,91245.74,1.12542348,91291.33000000,91291.33000000,91213.32000000,91243.51000000,6.07995000,91269.0,91269.0,91269.0,91269.0,9.82e-05,91291.33,91291.33,91213.32,91243.52,3.53477369,91286,91286,91221.7,91239,484296.52217510,,,,,
2025-12-08 05:01,91245.74,91262.0,91218.99,91220.59,1.63470161,91243.51000000,91252.25000000,91222.81000000,91222.82000000,1.87512000,,,,,,91243.52,91252.29,91222.77,91222.82,1.31293232,91238.9,91247.4,91228,91228.1,366696.26239120,,,,,
2025-12-08 05:02,91221.99,91224.08,91113.36,91126.08,5.74448663,91222.81000000,91222.82000000,91105.83000000,91118.76000000,11.68433000,91276.0,91277.0,91201.0,91201.0,0.00808212,91222.82,91222.82,91105.8,91118.73,7.77728,91228,91228.1,91114.2,91126.6,517396.35000590,,,,,
2025-12-08 05:03,91126.09,91127.27,91083.68,91093.68,1.15536906,91118.76000000,91118.77000000,91078.27000000,91085.87000000,2.15146000,91190.0,91190.0,91161.0,91161.0,0.014828540000000001,91118.73,91118.76,91078.24,91085.88,1.8267884,91126.6,91126.7,91087.3,91087.9,392611.11684100,,,,,
2025-12-08 05:04,91091.98,91125.25,91062.49,91125.25,2.11304463,91085.88000000,91118.53000000,91060.00000000,91118.53000000,4.15797000,91160.0,91160.0,91140.0,91140.0,0.009676240000000001,91085.88,91109.62,91060,91109.58,2.97868534,91088,91111.6,91054.2,91111.6,409670.25542850,,,,,
2025-12-08 05:05,91126.07,91131.99,91099.01,91112.08,0.96119269,91118.52000000,91121.02000000,91086.14000000,91109.44000000,3.19253000,91157.0,91157.0,91157.0,91157.0,0.001,91109.58,91121.04,91086.11,91101.25,2.20096767,91114.7,91124.5,91096.4,91100.6,366384.46226060,,,,,
2025-12-08 05:06,91112.08,91139.99,91110.56,91130.32,0.63054132,91109.45000000,91128.47000000,91099.45000000,91127.65000000,1.71613000,,,,,,91101.25,91128.47,91099.29,91118.68,1.3172342,91102.9,91126,91102.9,91120,479439.33308510,,,,,
2025-12-08 05:07,91130.32,91132.99,91104.88,91132.99,1.55421674,91127.65000000,91127.65000000,91098.15000000,91127.58000000,5.54974000,,,,,,91118.68,91127.66,91098.1,91127.59,4.02931606,91119.9,91123.2,91108,91123.1,459423.61314780,,,,,
2025-12-08 05:08,91132.99,91142.79,91100.65,91142.79,0.44830991,91127.58000000,91128.47000000,91097.66000000,91128.47000000,2.04294000,,,,,,91127.59,91127.59,91097.66,91124.53,1.04431071,91123.2,91124.6,91108,91124.6,396120.94408720,,,,,
2025-12-08 05:09,91138.02,91164.24,91066.77,91096.01,2.6929596,91128.46000000,91151.68000000,91089.91000000,91089.91000000,2.99879000,,,,,,91124.53,91151.68,91089.92,91089.92,2.07578517,91132.6,91152.7,91101.2,91101.2,514875.05143910,,,,,
2025-12-08 05:10,91098.01,91132.72,91048.54,91048.55,2.19183593,91089.91000000,91124.53000000,91037.43000000,91037.44000000,12.77458000,91138.0,91138.0,91137.0,91137.0,0.00135253,91089.92,91124.56,91061.93,91061.94,1.69502775,91101.2,91120.9,91052.5,91052.5,539034.25143000,,,,,
2025-12-08 05:11,91048.55,91100.64,91037.04,91073.67,3.76838922,91037.44000000,91096.32000000,91037.43000000,91073.44000000,12.54901000,91130.0,91130.0,91129.0,91130.0,0.00217546,91061.94,91096.76,91037.42,91058.63,12.53353059,91052.6,91088,91044.8,91075.5,452397.52894450,,,,,
2025-12-08 05:12,91073.67,91114.0,91062.38,91114.0,1.24077246,91073.45000000,91112.13000000,91070.02000000,91112.13000000,1.60442000,,,,,,91058.63,91099.3,91058.63,91099.22,4.84364649,91075.6,91103.2,91074.1,91103.2,318732.25784440,,,,,
2025-12-08 05:13,91112.13,91157.16,91112.13,91153.77,0.67221322,91112.13000000,91149.66000000,91112.13000000,91149.66000000,3.06221000,91152.0,91152.0,91152.0,91152.0,0.001117,91099.22,91149.71,91099.22,91149.71,2.29209049,91103.2,91145.2,91103.2,91145.2,389744.27258800,,,,,
2025-12-08 05:14,91153.76,91153.76,91102.58,91111.99,2.05672109,91149.66000000,91149.67000000,91105.81000000,91113.37000000,2.51901000,91181.0,91181.0,91181.0,91181.0,0.00272568,91149.71,91149.71,91105.81,91108.81,2.79029471,91145.1,91145.1,91107.9,91108.9,277819.21899130,,,,,
2025-12-08 05:15,91111.99,91130.32,91110.31,91110.32,0.75860126,91113.38000000,91128.19000000,91110.95000000,91110.96000000,1.57372000,,,,,,91108.81,91128.19,91108.81,91110.94,0.59903547,91108.9,91124,91108.9,91116,239372.18087620,,,,,
2025-12-08 05:16,91110.32,91110.32,91066.72,91093.99,2.18752821,91110.96000000,91110.96000000,91069.30000000,91096.40000000,6.38464000,91154.0,91154.0,91122.0,91122.0,0.007,91110.94,91110.94,91066.88,91096.39,4.62705159,91115,91115,91068.5,91098.4,480733.65947110,,,,,
2025-12-08 05:17,91094.0,91122.0,91094.0,91112.13,1.05314141,91096.40000000,91114.94000000,91096.39000000,91109.16000000,4.23166000,,,,,,91096.39,91114.93,91096.39,91109.15,2.93732381,91098.5,91109.6,91098.4,91109.5,348951.70747410,,,,,
2025-12-08 05:18,91112.13,91180.87,91102.5,91178.0,4.32851246,91109.15000000,91169.61000000,91109.15000000,91169.60000000,8.06787000,91174.0,91206.0,91174.0,91194.0,0.00762208,91109.15,91146.48,91109.15,91146.48,5.36131247,91109.6,91165.2,91109.6,91165.1,415609.53512480,,,,,
2025-12-08 05:19,91178.0,91321.12,91176.97,91321.12,1.97528281,91169.61000000,91320.00000000,91169.60000000,91320.00000000,14.03462000,91220.0,91360.0,91220.0,91360.0,0.01771537,91146.48,91304.47,91146.48,91293.87,2.53879543,91165.2,91319.9,91165.2,91319.9,572188.96318480,,,,,
2025-12-08 05:20,91321.11,91378.0,91310.01,91325.37,1.67791383,91319.99000000,91365.24000000,91319.99000000,91324.46000000,8.87978000,91365.0,91381.0,91365.0,91381.0,0.00230505,91293.87,91365.24,91293.87,91331.5,12.67060678,91319.8,91370,91319.8,91329,479416.10147880,,,,,
2025-12-08 05:21,91325.36,91325.36,91287.21,91315.03,1.75336029,91324.46000000,91324.46000000,91282.99000000,91302.34000000,5.02440000,91371.0,91371.0,91370.0,91370.0,0.00121135,91331.5,91331.5,91283.84,91307.63,4.01560773,91321.9,91321.9,91295.7,91299,652016.76278360,,,,,
2025-12-08 05:22,91314.62,91370.89,91314.61,91346.66,0.90214751,91302.35000000,91359.00000000,91302.35000000,91340.01000000,5.20620000,91356.0,91356.0,91356.0,91356.0,0.0020683,91307.63,91359,91302.34,91340.02,3.44597727,91299,91357,91299,91351.1,365799.82856570,,,,,
2025-12-08 05:23,91346.75,91384.0,91331.89,91377.6,1.32164277,91340.02000000,91375.00000000,91330.88000000,91368.14000000,2.96871000,91387.0,91390.0,91385.0,91390.0,0.22523147,91340.02,91375,91330.84,91368.14,2.47031564,91351,91375,91335.8,91374.9,410523.39822100,,,,,
2025-12-08 05:24,91377.57,91386.0,91333.84,91339.99,0.68618313,91368.15000000,91373.94000000,91326.18000000,91335.49000000,1.96118000,,,,,,91368.14,91373.98,91324.32,91335.49,0.4839739,91374.9,91375,91338,91338,425356.54898820,,,,,
2025-12-08 05:25,91339.99,91340.86,91280.16,91299.64,8.4823874,91335.49000000,91335.49000000,91284.83000000,91285.06000000,5.67738000,91387.0,91387.0,91387.0,91387.0,0.0001171,91335.49,91335.49,91285.06,91285.07,4.81669255,91338,91338.1,91287,91298.1,337855.14881910,,,,,
2025-12-08 05:26,91304.84,91311.62,91278.73,91298.8,0.44201855,91285.07000000,91308.87000000,91283.00000000,91291.83000000,1.73100000,91362.0,91362.0,91362.0,91362.0,6.83e-05,91285.07,91308.87,91283,91291.84,1.24950202,91298.1,91301.9,91279.1,91292,320419.32949430,,,,,
2025-12-08 05:27,91298.81,91360.0,91298.81,91323.98,1.28755506,91291.83000000,91345.97000000,91291.83000000,91321.68000000,4.90433000,,,,,,91291.84,91345.96,91291.83,91321.68,2.36367732,91291.9,91346,91291.9,91328.1,377320.63690950,,,,,
2025-12-08 05:28,91323.98,91323.98,91308.93,91311.99,0.06865314,91321.68000000,91321.68000000,91304.29000000,91306.10000000,1.88193000,,,,,,91321.68,91321.68,91297.68,91306.1,2.37872818,91328,91328,91315,91315.1,259801.14855650,,,,,
2025-12-08 05:29,91311.99,91311.99,91280.05,91288.06,0.32500322,91306.10000000,91306.10000000,91280.39000000,91285.41000000,1.52056000,,,,,,91306.1,91306.1,91280.39,91280.39,1.00540609,91315.1,91315.1,91283.4,91283.5,327017.66954630,,,,,
2025-12-08 05:30,91288.07,91363.42,91287.98,91342.32,1.57114649,91285.40000000,91354.24000000,91285.40000000,91341.31000000,3.91530000,91351.0,91351.0,91351.0,91351.0,0.0011,91280.39,91354.25,91280.39,91327.68,1.11744462,91283.4,91348.6,91283.4,91334.2,312385.24007610,,,,,
2025-12-08 05:31,91342.32,91351.45,91308.41,91335.97,0.2247648,91341.31000000,91341.31000000,91302.67000000,91328.50000000,2.16557000,,,,,,91327.68,91341.31,91302.65,91328.51,2.34899439,91334.1,91334.2,91310,91329.8,289406.35438610,,,,,
2025-12-08 05:32,91335.98,91341.0,91299.93,91327.45,1.472488,91328.51000000,91337.66000000,91293.56000000,91320.68000000,6.57639000,91386.0,91386.0,91341.0,91341.0,0.011,91328.51,91337.7,91293.56,91331.22,4.8209197,91329.9,91332.9,91283.9,91324.7,347119.24732280,,,,,
2025-12-08 05:33,91318.93,91341.0,91310.59,91338.9,1.92386754,91320.67000000,91341.30000000,91314.57000000,91341.30000000,2.89448000,,,,,,91331.22,91341.3,91314.44,91341.29,2.61073424,91324.6,91338.3,91311,91338.3,284805.05139340,,,,,
2025-12-08 05:34,91340.44,91408.37,91340.44,91408.33,6.83442747,91341.30000000,91415.82000000,91341.29000000,91414.72000000,3.58649000,91389.0,91430.0,91389.0,91430.0,0.00221506,91341.29,91414.73,91341.29,91414.73,0.91941008,91338.3,91412.5,91338.3,91412.4,363459.78273120,,,,,
2025-12-08 05:35,91408.34,91451.99,91380.92,91413.99,1.27685906,91414.73000000,91444.00000000,91374.99000000,91408.63000000,16.03600000,91449.0,91470.0,91448.0,91470.0,0.10383581,91414.73,91444,91371.03,91408.63,9.89862885,91412.5,91443.9,91382.1,91414,664803.81896310,,,,,
2025-12-08 05:36,91410.11,91443.99,91404.89,91416.26,2.1345979,91408.62000000,91438.55000000,91399.75000000,91412.07000000,3.66267000,,,,,,91408.63,91430.46,91408.62,91409.2,5.08640338,91414,91431.2,91407.7,91407.8,434554.14444070,,,,,
2025-12-08 05:37,91418.64,91427.82,91320.73,91325.99,3.24067286,91412.07000000,91413.81000000,91322.00000000,91322.00000000,5.43004000,91422.0,91422.0,91422.0,91422.0,0.0012208,91409.2,91413.84,91321.97,91321.98,2.06923261,91407.8,91411,91332.6,91332.6,404560.05880090,,,,,
2025-12-08 05:38,91326.33,91359.27,91324.0,91343.04,0.87725216,91322.01000000,91354.59000000,91322.00000000,91344.83000000,2.49100000,,,,,,91321.98,91354.63,91321.98,91344.84,3.90773086,91332.7,91349.9,91332.6,91343.1,346508.90259710,,,,,
2025-12-08 05:39,91343.04,91359.28,91334.0,91338.21,1.50282557,91344.83000000,91355.73000000,91334.31000000,91334.32000000,2.36771000,,,,,,91344.84,91355.76,91340.77,91340.77,1.58098096,91343.1,91350.3,91343,91345.7,268676.76324780,,,,,
2025-12-08 05:40,91338.21,91383.4,91330.71,91338.08,1.92688133,91334.31000000,91370.86000000,91327.72000000,91331.24000000,4.13032000,91407.0,91407.0,91407.0,91407.0,0.00043929,91340.77,91372.28,91327.71,91335,2.80670911,91345.6,91370,91339,91344.5,502565.38865970,,,,,
2025-12-08 05:41,91336.96,91352.01,91306.57,91350.8,2.90202689,91331.24000000,91352.52000000,91308.99000000,91351.55000000,3.16011000,91405.0,91405.0,91399.0,91399.0,0.00054379,91335,91352.81,91308.99,91351.58,1.89631133,91336.9,91348,91313.9,91347.9,377919.62942650,,,,,
2025-12-08 05:42,91350.8,91400.0,91350.8,91359.5,0.89698753,91351.55000000,91378.42000000,91351.55000000,91363.06000000,3.16268000,91407.0,91407.0,91407.0,91407.0,0.10156071,91351.58,91378.51,91351.55,91363.05,2.63088451,91348,91380,91348,91351.7,352677.59661590,,,,,
2025-12-08 05:43,91359.51,91359.51,91312.64,91346.19,4.54722577,91363.06000000,91363.06000000,91322.41000000,91342.94000000,8.42418000,,,,,,91363.05,91363.06,91322.42,91342.94,0.72560962,91351.7,91351.8,91334.1,91338,396687.30453390,,,,,
2025-12-08 05:44,91346.19,91357.99,91339.45,91339.45,0.27817277,91342.95000000,91354.81000000,91342.94000000,91344.34000000,1.27711000,91394.0,91394.0,91394.0,91394.0,0.00480458,91342.94,91354.81,91342.94,91344.34,5.94990702,91338,91351.8,91338,91351.4,547038.77037240,,,,,
2025-12-08 05:45,91339.44,91361.04,91310.97,91310.98,0.81523495,91344.35000000,91354.81000000,91312.03000000,91312.04000000,2.46876000,91394.0,91394.0,91394.0,91394.0,0.005,91344.34,91360.03,91312.02,91312.04,1.84009878,91351.4,91356.3,91315.7,91315.7,271386.52739080,,,,,
2025-12-08 05:46,91310.98,91379.11,91310.98,91373.89,0.36364243,91312.04000000,91370.66000000,91312.03000000,91370.65000000,3.35302000,91395.0,91395.0,91395.0,91395.0,0.00111516,91312.04,91370.68,91312.03,91370.65,2.13948792,91315.7,91364.1,91315.7,91364,287355.41721110,,,,,
2025-12-08 05:47,91373.98,91390.0,91329.6,91329.6,2.07693676,91370.65000000,91380.00000000,91323.24000000,91323.25000000,3.02613000,,,,,,91370.65,91380.01,91331.4,91331.4,2.13981234,91364.1,91376.8,91326.9,91326.9,328573.22038150,,,,,
2025-12-08 05:48,91325.46,91344.95,91313.15,91335.91,0.7649208,91323.25000000,91342.58000000,91315.70000000,91332.43000000,3.44594000,,,,,,91331.4,91342.58,91315.7,91332.43,2.60101051,91327,91340.6,91322.2,91330.7,268487.29603780,,,,,
2025-12-08 05:49,91335.89,91386.0,91335.89,91373.3,1.74856009,91332.43000000,91377.22000000,91332.43000000,91362.22000000,14.24185000,91392.0,91392.0,91392.0,91392.0,0.001,91332.43,91377.73,91332.43,91372.64,6.8521576,91330.8,91374.2,91330.8,91374.2,283551.69047170,,,,,
2025-12-08 05:50,91373.29,91422.88,91355.04,91422.78,2.56716903,91362.23000000,91419.48000000,91362.23000000,91419.47000000,5.45080000,91401.0,91425.0,91401.0,91425.0,0.00427651,91372.64,91419.47,91362.23,91419.47,4.86701719,91374.1,91418,91370,91417.9,404597.48748820,,,,,
2025-12-08 05:51,91422.79,91432.08,91397.44,91402.0,1.03321977,91419.48000000,91419.48000000,91393.57000000,91393.58000000,4.20460000,91467.0,91467.0,91439.0,91439.0,0.025,91419.47,91419.48,91393.57,91393.58,4.81263137,91417.9,91418,91396.4,91396.4,242698.22098440,,,,,
2025-12-08 05:52,91401.99,91410.16,91342.35,91345.56,2.01824024,91393.57000000,91405.45000000,91342.69000000,91342.69000000,10.57710000,,,,,,91393.58,91405.46,91362.24,91362.24,5.33617337,91396.4,91401,91343.7,91343.7,483490.82927430,,,,,
2025-12-08 05:53,91345.55,91346.0,91308.41,91315.24,0.65911106,91342.70000000,91342.70000000,91308.46000000,91308.47000000,18.01473000,91399.0,91399.0,91399.0,91399.0,0.0016118,91362.24,91362.24,91308.42,91308.47,14.91687995,91343.7,91343.8,91313.6,91313.6,525253.19907900,,,,,
2025-12-08 05:54,91317.93,91350.89,91314.0,91322.78,0.70881223,91308.46000000,91336.93000000,91308.46000000,91328.04000000,1.89426000,91393.0,91393.0,91393.0,91393.0,0.00126,91308.47,91336.95,91308.46,91330.31,1.27647545,91313.6,91340.4,91313.6,91328.2,498729.19060090,,,,,
2025-12-08 05:55,91325.95,91357.98,91323.17,91341.98,0.43412066,91328.03000000,91355.19000000,91323.43000000,91339.41000000,2.03945000,,,,,,91330.31,91355.18,91323.43,91339.42,1.2432413,91328.2,91348,91328.2,91348,288894.87821930,,,,,
2025-12-08 05:56,91341.98,91350.0,91319.17,91319.18,0.27541355,91339.41000000,91339.42000000,91310.04000000,91310.05000000,2.09980000,,,,,,91339.42,91339.42,91310.04,91310.05,1.46749299,91347.9,91348,91319.1,91319.2,396210.14862270,,,,,
2025-12-08 05:57,91319.18,91346.19,91316.89,91325.86,1.35727492,91310.04000000,91329.41000000,91307.10000000,91325.92000000,7.26519000,,,,,,91310.05,91329.42,91308.69,91325.92,4.71501214,91319.2,91336.6,91319.2,91329.9,263427.84542550,,,,,
2025-12-08 05:58,91323.62,91346.55,91323.5,91337.34,0.15887462,91325.92000000,91335.92000000,91318.05000000,91335.91000000,1.29137000,91391.0,91391.0,91375.0,91375.0,0.03347,91325.92,91335.93,91318.04,91335.92,1.32472534,91329.9,91334,91329.9,91333.9,412534.55464940,,,,,
2025-12-08 05:59,91337.81,91340.31,91332.43,91333.64,0.24614759,91335.91000000,91335.92000000,91329.62000000,91334.03000000,3.28586000,,,,,,91335.92,91335.92,91328.39,91334.04,2.29864298,91334,91334,91333.9,91334,354095.90867850,,,,,
2025-12-08 06:00,91333.64,91353.71,91332.99,91347.92,0.9070069,91334.04000000,91347.55000000,91332.00000000,91333.44000000,8.59429000,,,,,,91334.04,91347.55,91331.97,91333.44,5.96598097,91334,91343.2,91333.9,91342,222198.82485550,,,,,
2025-12-08 06:01,91345.18,91398.0,91340.76,91381.81,3.16869342,91333.43000000,91387.42000000,91333.43000000,91383.24000000,3.54467000,91413.0,91417.0,91413.0,91417.0,0.0013866899999999999,91333.44,91387.42,91333.43,91367.67,2.46198238,91342,91384.3,91342,91377.1,238315.40795170,,,,,
2025-12-08 06:02,91381.8,91381.84,91330.94,91331.98,0.63858835,91383.23000000,91383.24000000,91336.00000000,91336.00000000,2.70828000,,,,,,91367.67,91383.23,91335.5,91336,1.55458529,91378,91378,91338.5,91338.5,315958.28055840,,,,,
2025-12-08 06:03,91331.98,91331.99,91244.81,91247.97,8.19744026,91336.01000000,91336.01000000,91241.27000000,91244.32000000,24.31033000,91391.0,91391.0,91340.0,91340.0,0.00855189,91336,91336.01,91241.27,91263.41,16.61671327,91338.5,91338.5,91257,91258,337232.97620250,,,,,
2025-12-08 06:04,91249.14,91299.92,91249.14,91283.06,0.79569385,91244.33000000,91299.99000000,91244.32000000,91280.84000000,2.30481000,91330.0,91330.0,91293.0,91298.0,0.05960373,91263.41,91300.09,91244.33,91280.85,2.44386307,91256.4,91292.1,91256.3,91283,294713.25339970,,,,,
2025-12-08 06:05,91283.14,91326.06,91267.51,91309.16,1.51432575,91280.84000000,91314.04000000,91266.71000000,91304.83000000,6.15673000,91328.0,91328.0,91328.0,91328.0,9.396e-05,91280.85,91314.04,91266.66,91304.82,3.90532944,91283.1,91312.3,91279.1,91312.2,361618.53640090,,,,,
2025-12-08 06:06,91309.16,91371.63,91309.16,91371.63,2.20830545,91304.83000000,91366.00000000,91304.82000000,91366.00000000,7.39958000,91356.0,91401.0,91356.0,91401.0,0.0124025,91304.82,91347.04,91304.82,91335.43,4.96324625,91312.2,91361.9,91312.2,91361.9,418982.22900700,,,,,
2025-12-08 06:07,91371.63,91428.0,91371.63,91407.55,9.40945645,91365.99000000,91417.07000000,91365.99000000,91405.33000000,7.70300000,91408.0,91441.0,91408.0,91441.0,0.00317715,91335.43,91417.07,91335.43,91405.33,5.93963836,91362,91418.1,91362,91402.1,407238.80676600,,,,,
2025-12-08 06:08,91407.55,91408.07,91360.76,91371.95,1.1184737,91405.33000000,91405.34000000,91352.46000000,91368.91000000,4.60005000,91438.0,91438.0,91438.0,91438.0,0.0015,91405.33,91405.33,91352.42,91368.92,3.02988964,91402.1,91402.1,91359,91359.1,469810.55320480,,,,,
2025-12-08 06:09,91372.02,91380.04,91313.69,91319.99,1.55921218,91368.92000000,91368.92000000,91314.66000000,91317.65000000,5.62759000,91415.0,91415.0,91415.0,91415.0,0.00639012,91368.92,91368.92,91315.12,91317.65,1.98720027,91359.1,91363.1,91317.3,91319.1,442862.72477990,,,,,
2025-12-08 06:10,91319.99,91439.83,91319.99,91394.56,5.6173731,91317.66000000,91439.10000000,91317.65000000,91393.94000000,9.80159000,91375.0,91450.0,91375.0,91450.0,0.00463422,91317.65,91439.11,91317.65,91393.95,9.69220158,91319,91431.3,91319,91393.7,646614.85961620,,,,,
2025-12-08 06:11,91393.21,91402.34,91358.0,91365.68,0.98741348,91393.93000000,91393.93000000,91361.90000000,91361.90000000,1.26821000,,,,,,91393.95,91393.95,91361.55,91361.91,1.08980613,91393.6,91393.6,91369.2,91369.2,502401.02241220,,,,,
2025-12-08 06:12,91365.69,91388.96,91352.16,91384.99,0.74501078,91361.90000000,91378.56000000,91353.42000000,91378.55000000,1.76320000,91419.0,91419.0,91419.0,91419.0,0.0005,91361.91,91378.57,91352.02,91378.55,1.32688926,91369.2,91379.8,91359.3,91379.8,485457.95464440,,,,,
2025-12-08 06:13,91385.69,91391.37,91363.53,91372.1,1.21172341,91378.55000000,91387.69000000,91363.01000000,91364.51000000,12.53318000,,,,,,91378.55,91387.68,91363.01,91377.53,1.62998494,91379.8,91379.8,91374.1,91378.7,475072.56780020,,,,,
2025-12-08 06:14,91372.1,91388.96,91372.09,91387.99,0.78945081,91364.51000000,91381.68000000,91364.51000000,91381.68000000,1.02397000,,,,,,91377.53,91381.7,91364.51,91381.67,7.88401693,91378.7,91378.7,91376.7,91376.8,498082.78688170,,,,,
2025-12-08 06:15,91387.99,91431.31,91387.99,91431.31,2.14431498,91381.67000000,91422.17000000,91381.67000000,91422.17000000,8.21969000,91420.0,91436.0,91420.0,91436.0,0.0007413,91381.67,91421.6,91381.67,91421.6,5.63562589,91376.8,91423.6,91376.7,91423.6,481723.84500940,,,,,
2025-12-08 06:16,91431.31,91431.36,91414.41,91427.85,0.6637703,91422.16000000,91422.17000000,91408.83000000,91417.98000000,7.14385000,,,,,,91421.6,91422.17,91408.84,91417.99,5.07780482,91423.7,91423.7,91419.1,91420.5,285800.39674390,,,,,
2025-12-08 06:17,91427.85,91452.56,91423.44,91452.56,7.90321601,91417.99000000,91444.00000000,91417.98000000,91443.99000000,2.15308000,91467.0,91467.0,91467.0,91467.0,0.00790713,91417.99,91444,91417.99,91443.99,1.51507595,91420.6,91445.8,91420.6,91445.8,367694.60409180,,,,,
2025-12-08 06:18,91452.56,91452.56,91404.02,91409.01,6.79627703,91443.99000000,91444.33000000,91384.05000000,91392.19000000,17.87810000,91448.0,91451.0,91448.0,91451.0,0.079,91443.99,91444.33,91393.33,91393.33,2.40865009,91445.8,91445.8,91403.5,91403.5,464557.05183880,,,,,
2025-12-08 06:19,91401.68,91401.68,91367.76,91393.2,0.66771004,91392.19000000,91392.19000000,91341.14000000,91388.21000000,18.22744000,,,,,,91393.33,91393.33,91364.81,91382.14,22.8432169,91401,91401,91365.3,91386,346514.73118550,,,,,
2025-12-08 06:20,91397.44,91427.99,91380.48,91386.58,1.23189588,91388.21000000,91420.00000000,91353.17000000,91372.37000000,23.27653000,91462.0,91462.0,91462.0,91462.0,0.00188859,91382.14,91414.6,91363.13,91363.13,16.10987639,91390.4,91418.6,91380,91380.1,174397.45149470,,,,,
2025-12-08 06:21,91386.57,91386.57,91367.77,91370.01,7.75620757,91372.38000000,91372.38000000,91352.55000000,91359.64000000,5.29569000,,,,,,91363.13,91372.38,91359.6,91359.64,3.73021515,91380.1,91380.1,91367.7,91367.7,19079.64719360,,,,,
2025-12-08 06:22,91370.01,91386.49,91354.02,91358.01,3.32637689,91359.64000000,91373.34000000,91341.17000000,91347.18000000,10.12347000,,,,,,91359.64,91373.51,91347.15,91347.78,7.06174655,91367.7,91375.2,91353,91353,34125.44815290,,,,,
2025-12-08 06:23,91358.0,91380.48,91351.61,91373.94,1.11988678,91347.18000000,91363.92000000,91347.17000000,91359.88000000,2.60685000,91424.0,91424.0,91424.0,91424.0,0.00397002,91347.78,91363.93,91347.14,91359.89,1.83611153,91352.9,91364.9,91352.9,91356.5,23032.48036030,,,,,
2025-12-08 06:24,91370.03,91377.32,91338.08,91348.0,0.96941213,91359.89000000,91359.89000000,91333.96000000,91333.97000000,2.32976000,91423.0,91423.0,91423.0,91423.0,0.00011699,91359.89,91359.89,91333.95,91333.97,1.67862385,91356.5,91356.5,91342,91342,25125.14178300,,,,,
2025-12-08 06:25,91349.55,91393.2,91348.02,91385.61,0.76286931,91333.97000000,91380.00000000,91333.96000000,91379.99000000,3.79379000,91405.0,91414.0,91405.0,91414.0,0.5,91333.97,91377.45,91333.96,91377.45,1.95051454,91342,91376.7,91342,91376.7,307006.67976830,,,,,
2025-12-08 06:26,91385.6,91430.23,91384.85,91426.69,7.43046301,91380.00000000,91422.69000000,91379.99000000,91422.68000000,5.64968000,,,,,,91377.45,91422.69,91377.45,91422.68,4.27524722,91376.7,91426.3,91376.6,91426.2,286656.48854780,,,,,
2025-12-08 06:27,91428.0,91439.83,91415.28,91415.29,1.3674843,91422.68000000,91429.99000000,91412.62000000,91412.62000000,3.09900000,,,,,,91422.68,91430.03,91412.62,91412.63,2.26068068,91426.2,91429.2,91416.4,91416.4,313508.24105580,,,,,
2025-12-08 06:28,91415.3,91455.39,91411.16,91446.31,2.27013095,91412.62000000,91453.31000000,91412.62000000,91441.76000000,13.00452000,91469.0,91469.0,91469.0,91469.0,0.001,91412.63,91444.06,91412.62,91441.77,9.11505979,91416.4,91455,91416.4,91443.9,287116.79126620,,,,,
2025-12-08 06:29,91446.01,91459.07,91442.01,91455.0,0.12689507,91441.76000000,91443.28000000,91434.14000000,91438.21000000,6.05211000,,,,,,91441.77,91443.37,91434.14,91438.2,4.24516616,91443.9,91444,91443.9,91444,296405.32702340,,,,,
2025-12-08 06:30,91455.01,91504.65,91455.0,91486.01,3.75249092,91438.21000000,91492.67000000,91438.20000000,91486.01000000,11.04146000,91475.0,91500.0,91475.0,91500.0,5.63491516,91438.2,91492.69,91438.2,91486.01,7.68280153,91444,91493.6,91444,91486.9,345966.27258610,,,,,
2025-12-08 06:31,91486.0,91526.29,91486.0,91504.01,4.73196188,91486.02000000,91500.00000000,91486.01000000,91499.99000000,11.26373000,91500.0,91510.0,91500.0,91510.0,4.36788917,91486.01,91500.02,91486.01,91500,7.92854706,91486.8,91514.1,91486.8,91511.7,487286.65758250,,,,,
2025-12-08 06:32,91506.39,91516.15,91500.96,91505.14,1.30607039,91499.99000000,91509.00000000,91499.99000000,91500.42000000,4.09480000,91520.0,91521.0,91519.0,91521.0,0.010338169999999999,91500,91509.03,91499.99,91500.43,2.83357873,91511.7,91511.8,91510.8,91510.8,311726.94463540,,,,,
2025-12-08 06:33,91505.14,91524.6,91473.77,91483.53,3.18376906,91500.42000000,91500.43000000,91466.98000000,91476.59000000,10.59317000,91529.0,91529.0,91529.0,91529.0,0.00032082,91500.43,91500.43,91476.57,91476.59,7.47487888,91510.8,91510.9,91473.7,91473.7,285397.98887500,,,,,
2025-12-08 06:34,91483.54,91571.16,91483.54,91553.49,1.24628116,91476.60000000,91552.25000000,91476.59000000,91552.24000000,11.30542000,91528.0,91570.0,91528.0,91570.0,0.0033885,91476.59,91552.25,91476.59,91552.25,7.81263426,91473.7,91556.1,91473.7,91556,380997.53473940,,,,,
2025-12-08 06:35,91554.0,91554.0,91494.97,91545.74,2.19413289,91552.24000000,91552.25000000,91499.68000000,91533.51000000,3.68725000,,,,,,91552.25,91552.25,91499.64,91533.5,2.02397958,91556.1,91556.1,91503.8,91532.1,628450.13657630,,,,,
2025-12-08 06:36,91545.75,91545.84,91493.31,91493.31,2.03684606,91533.50000000,91533.51000000,91491.98000000,91491.98000000,3.38468000,,,,,,91533.5,91533.51,91491.95,91491.98,2.31849901,91532,91532.1,91500,91500,602789.90934340,,,,,
2025-12-08 06:37,91495.06,91614.36,91495.06,91614.36,2.29883379,91491.99000000,91596.99000000,91491.98000000,91596.98000000,15.76925000,91577.0,91600.0,91577.0,91600.0,0.0019285300000000001,91491.98,91596.99,91491.98,91592.39,6.42018395,91500,91602.2,91500,91598.3,680828.73914990,,,,,
2025-12-08 06:38,91602.49,91620.49,91584.0,91615.26,0.94878651,91596.97000000,91600.53000000,91574.11000000,91600.52000000,12.21142000,91600.0,91620.0,91600.0,91618.0,0.00631485,91592.39,91600,91574.09,91600,9.16484597,91598.3,91615.2,91583.5,91615.1,626537.38860100,,,,,
2025-12-08 06:39,91615.25,91617.32,91567.05,91584.01,0.49577189,91600.53000000,91600.53000000,91561.63000000,91575.96000000,10.72268000,91613.0,91613.0,91613.0,91613.0,0.09368,91600,91600.53,91561.63,91575.96,11.97422685,91615.1,91615.1,91569.2,91580.8,635290.01796590,,,,,
2025-12-08 06:40,91582.21,91582.21,91547.04,91548.55,3.76495823,91575.95000000,91575.95000000,91547.72000000,91547.72000000,5.20732000,,,,,,91575.96,91575.96,91547.71,91547.73,2.16038888,91580.9,91580.9,91550.9,91550.9,654116.59908200,,,,,
2025-12-08 06:41,91551.26,91617.91,91550.32,91617.91,0.81687764,91547.72000000,91616.83000000,91547.72000000,91616.83000000,8.91143000,,,,,,91547.73,91614.79,91547.72,91614.79,2.01110259,91550.9,91610.8,91550.9,91610.8,549557.44439000,,,,,
2025-12-08 06:42,91617.92,91617.92,91553.09,91582.56,0.68085988,91616.82000000,91616.83000000,91560.89000000,91572.80000000,2.55698000,,,,,,91614.79,91616.84,91560.89,91572.83,5.95016264,91610.8,91610.8,91564.8,91568,518536.61080960,,,,,
2025-12-08 06:43,91576.37,91586.78,91576.37,91582.95,0.30290767,91572.80000000,91576.28000000,91572.79000000,91576.28000000,1.40955000,,,,,,91572.83,91576.31,91572.79,91576.28,1.15853936,91568.1,91568.1,91568,91568,300094.13157100,,,,,
2025-12-08 06:44,91582.75,91585.99,91548.76,91575.51,0.94994293,91576.27000000,91576.28000000,91550.00000000,91575.48000000,8.20702000,91615.0,91616.0,91615.0,91616.0,0.00875296,91576.28,91576.28,91550,91575.5,4.11470869,91568.1,91571.8,91547.7,91571.8,447766.50762700,,,,,
2025-12-08 06:45,91575.51,91641.0,91575.51,91638.45,3.86759288,91575.48000000,91630.00000000,91575.48000000,91629.99000000,5.08750000,91616.0,91634.0,91616.0,91634.0,0.01551883,91575.5,91630,91575.48,91630,5.15072739,91571.8,91631.9,91571.8,91631.9,447815.13441030,,,,,
2025-12-08 06:46,91638.44,91642.59,91554.0,91565.96,16.37317811,91629.99000000,91630.00000000,91550.00000000,91558.77000000,12.33995000,91641.0,91641.0,91618.0,91618.0,0.00042946,91630,91630,91549.28,91558.77,6.41315889,91631.9,91631.9,91562.6,91562.6,430982.19463980,,,,,
2025-12-08 06:47,91561.46,91603.51,91555.86,91599.57,1.14010265,91558.78000000,91595.97000000,91550.93000000,91595.28000000,8.32411000,,,,,,91558.77,91595.97,91550.93,91595.28,8.04739466,91562.6,91594,91562.6,91594,317749.32347300,,,,,
2025-12-08 06:48,91599.21,91627.48,91588.87,91626.01,1.10668125,91595.27000000,91620.00000000,91583.42000000,91616.49000000,4.61235000,91637.0,91637.0,91637.0,91637.0,0.00026,91595.28,91620.03,91583.42,91616.59,2.58739652,91594,91614.9,91590.9,91614.9,270982.29756320,,,,,
2025-12-08 06:49,91620.05,91639.81,91618.0,91631.16,0.69122707,91616.50000000,91627.08000000,91614.64000000,91623.55000000,3.33185000,91641.0,91641.0,91641.0,91641.0,8e-08,91616.59,91627.1,91614.64,91623.68,2.5807547,91614.9,91624.5,91614.9,91618.7,323649.03925710,,,,,
2025-12-08 06:50,91627.39,91660.0,91622.0,91629.1,1.84360028,91623.55000000,91649.87000000,91615.76000000,91621.31000000,10.12034000,91642.0,91645.0,91641.0,91645.0,0.00266425,91623.68,91649.87,91618.32,91634.9,5.87523882,91618.7,91645,91618.6,91624.8,475552.78470660,,,,,
2025-12-08 06:51,91627.46,91634.11,91600.0,91600.01,0.92563688,91621.31000000,91621.31000000,91590.03000000,91590.03000000,4.80767000,91670.0,91670.0,91669.0,91669.0,0.45039012,91634.9,91634.9,91590,91590.03,5.04219264,91624.7,91624.8,91592.2,91592.2,491884.35806690,,,,,
2025-12-08 06:52,91600.0,91606.59,91579.18,91585.99,4.14890844,91590.03000000,91598.71000000,91554.10000000,91581.39000000,22.84404000,91650.0,91650.0,91650.0,91650.0,0.00343252,91590.03,91598.75,91558.26,91581.39,15.84597676,91592.3,91595.4,91571.5,91571.7,598107.44029050,,,,,
2025-12-08 06:53,91582.24,91630.63,91579.2,91604.49,0.92570004,91581.38000000,91618.57000000,91569.47000000,91600.00000000,10.51004000,91626.0,91626.0,91626.0,91626.0,0.001,91581.39,91618.57,91569.44,91600,7.34744054,91571.7,91618.1,91571.6,91604.9,538396.34594390,,,,,
2025-12-08 06:54,91603.63,91603.75,91579.18,91579.19,0.29754011,91599.99000000,91600.00000000,91573.83000000,91573.84000000,2.84841000,91642.0,91642.0,91621.0,91621.0,0.0056004800000000006,91600,91600,91573.83,91573.83,2.00462526,91605,91605,91581.4,91581.4,533769.08854320,,,,,
2025-12-08 06:55,91579.18,91601.88,91558.57,91558.57,5.71515423,91573.84000000,91591.09000000,91553.74000000,91553.74000000,3.98783000,91637.0,91637.0,91634.0,91634.0,0.0032334300000000002,91573.83,91591.09,91553.74,91553.74,2.72382536,91581.4,91589.8,91542.7,91557,454128.27346490,,,,,
2025-12-08 06:56,91558.56,91558.56,91523.49,91549.99,0.70400838,91553.74000000,91553.75000000,91519.26000000,91541.31000000,5.38803000,91616.0,91616.0,91616.0,91616.0,0.00191657,91553.74,91553.75,91519.23,91541.31,3.83763147,91557,91557,91525.7,91542.3,478718.66758880,,,,,
2025-12-08 06:57,91549.99,91549.99,91467.35,91467.99,2.35934337,91541.31000000,91541.31000000,91460.15000000,91464.54000000,15.61330000,91593.0,91593.0,91540.0,91540.0,0.0032446000000000003,91541.31,91541.31,91460.11,91460.11,9.71230998,91542.4,91542.4,91475.9,91475.9,455645.01851550,,,,,
2025-12-08 06:58,91467.99,91472.55,91412.75,91422.02,5.65466107,91464.53000000,91464.55000000,91406.00000000,91420.23000000,24.95966000,91530.0,91530.0,91490.0,91490.0,0.00716923,91460.11,91464.55,91420.22,91420.23,11.6824994,91475.9,91476,91396.9,91415.4,564745.54740620,,,,,
2025-12-08 06:59,91422.02,91470.27,91422.02,91469.99,1.86747031,91420.22000000,91464.54000000,91420.22000000,91464.54000000,2.49159000,,,,,,91420.23,91460.02,91420.22,91457.22,8.57339264,91415.4,91463.3,91415.4,91460.9,500131.30258350,,,,,
2025-12-08 07:00,91469.64,91478.55,91418.64,91437.98,2.17247012,91464.54000000,91471.27000000,91411.26000000,91437.72000000,5.96975000,91481.0,91510.0,91481.0,91502.0,0.00070828,91457.22,91457.22,91411.22,91425.96,3.89713275,91464.4,91464.4,91420.1,91430.8,532761.25918130,,,,,
2025-12-08 07:01,91437.97,91482.24,91437.88,91452.57,1.67312021,91437.73000000,91482.95000000,91437.72000000,91444.62000000,3.97889000,91517.0,91517.0,91517.0,91517.0,0.0008086,91425.96,91482.97,91425.96,91444.62,1.36511947,91430.8,91474.1,91430.7,91448.5,455704.52205000,,,,,
2025-12-08 07:02,91452.57,91454.42,91422.88,91436.33,1.28026913,91444.62000000,91450.89000000,91418.29000000,91429.40000000,5.01803000,91516.0,91516.0,91516.0,91516.0,4.2560000000000006e-05,91444.62,91451.07,91421.02,91429.39,5.18227101,91448.5,91448.6,91426.3,91429.1,377597.58720440,,,,,
2025-12-08 07:03,91438.37,91481.99,91432.59,91471.62,4.09181896,91429.40000000,91480.55000000,91429.40000000,91472.12000000,4.69336000,,,,,,91429.39,91472.12,91429.39,91472.12,3.31007489,91429,91476.7,91429,91472.1,387548.18781080,,,,,
2025-12-08 07:04,91471.62,91520.39,91469.52,91520.39,0.84580806,91472.12000000,91519.12000000,91467.76000000,91519.12000000,3.51401000,91524.0,91524.0,91524.0,91524.0,0.00110237,91472.12,91511.34,91467.67,91511.32,0.77525103,91472,91505.9,91472,91505.9,559455.94379800,,,,,
2025-12-08 07:05,91520.4,91548.23,91499.21,91503.1,1.04441776,91519.11000000,91541.31000000,91493.04000000,91493.05000000,7.73647000,91559.0,91559.0,91559.0,91559.0,0.00101922,91511.32,91541.33,91493.04,91493.04,6.93260428,91514.4,91536.5,91497.6,91497.6,474000.65186350,,,,,
2025-12-08 07:06,91499.98,91499.98,91401.69,91401.69,2.45414527,91493.05000000,91493.05000000,91385.74000000,91388.20000000,30.25370000,91558.0,91558.0,91470.0,91470.0,0.00617762,91493.04,91493.05,91417.87,91417.87,16.5426678,91497.6,91497.6,91400,91400,699838.92957090,,,,,
2025-12-08 07:07,91401.68,91421.98,91360.46,91406.11,1.8406077,91388.20000000,91415.82000000,91364.58000000,91403.56000000,10.52016000,91460.0,91460.0,91413.0,91431.0,0.02143464,91417.87,91417.87,91364.69,91403.56,12.02465688,91400,91413.3,91367.2,91403.3,346186.31629990,,,,,
2025-12-08 07:08,91406.11,91445.86,91406.11,91413.85,1.70651581,91403.56000000,91429.84000000,91402.04000000,91402.05000000,6.90923000,91431.0,91431.0,91431.0,91431.0,0.00014378,91403.56,91429.84,91403.56,91416.31,2.13473921,91403.4,91428,91397,91404.3,247697.27960170,,,,,
2025-12-08 07:09,91413.85,91417.7,91383.08,91417.5,0.96381114,91402.06000000,91413.55000000,91374.53000000,91403.45000000,4.98211000,,,,,,91416.31,91416.31,91373.84,91403.44,4.78948229,91404.3,91409.9,91386.7,91397.2,259264.51523610,,,,,
2025-12-08 07:10,91417.5,91417.51,91405.46,91405.46,0.80509014,91403.45000000,91403.45000000,91403.44000000,91403.44000000,2.35716000,,,,,,91403.44,91403.45,91403.44,91403.45,2.33076162,91401.6,91401.6,91401.5,91401.6,405761.88530730,,,,,
2025-12-08 07:11,91402.0,91417.5,91402.0,91410.33,0.41483479,91403.45000000,91403.45000000,91403.44000000,91403.44000000,1.91789000,91458.0,91458.0,91458.0,91458.0,0.001,91403.45,91403.45,91403.44,91403.45,1.41298979,91401.5,91404.3,91401.5,91404.3,380007.82619400,,,,,
2025-12-08 07:12,91410.34,91417.91,91397.45,91417.91,0.40171126,91403.45000000,91415.33000000,91396.23000000,91415.32000000,2.61724000,91453.0,91453.0,91445.0,91445.0,0.039203730000000006,91403.45,91403.45,91396.19,91400,2.75270565,91404.3,91406.1,91401.5,91406.1,466554.15557660,,,,,
2025-12-08 07:13,91417.91,91422.87,91358.0,91384.72,3.95503812,91415.33000000,91415.33000000,91360.00000000,91374.08000000,8.22099000,91444.0,91444.0,91444.0,91444.0,9.393e-05,91400,91415.32,91359.92,91374.08,4.96606338,91406.1,91406.1,91360.3,91375.4,519072.40936150,,,,,
2025-12-08 07:14,91384.72,91439.84,91384.72,91439.84,0.8463661,91374.07000000,91437.81000000,91374.07000000,91437.81000000,2.38589000,91445.0,91489.0,91444.0,91489.0,0.00892727,91374.08,91437.85,91374.07,91437.8,1.41873493,91375.4,91430.1,91375.4,91430.1,501492.01590180,,,,,
2025-12-08 07:15,91444.08,91454.0,91407.97,91445.59,1.29088883,91437.81000000,91447.64000000,91408.97000000,91437.73000000,3.93815000,91494.0,91495.0,91494.0,91495.0,0.015,91437.8,91447.64,91408.94,91437.74,2.17121228,91430.1,91441.9,91415,91435.7,361988.14836820,,,,,
2025-12-08 07:16,91446.04,91482.0,91423.05,91469.96,1.29096142,91437.72000000,91469.93000000,91423.00000000,91469.93000000,2.39823000,,,,,,91437.74,91470.64,91423,91469.92,2.41592073,91435.7,91467.2,91430.1,91467.1,465693.22428310,,,,,
2025-12-08 07:17,91469.95,91469.95,91440.27,91451.67,0.57856138,91469.92000000,91469.93000000,91440.57000000,91440.57000000,3.38633000,,,,,,91469.92,91469.93,91440.56,91440.58,2.5035544,91467.1,91467.2,91446.3,91446.4,367713.96261080,,,,,
2025-12-08 07:18,91451.67,91486.48,91451.67,91468.04,0.58710239,91440.58000000,91486.80000000,91440.57000000,91472.12000000,2.83074000,,,,,,91440.58,91486.83,91440.57,91472.12,1.94606603,91446.3,91481.9,91446.3,91472,499423.63293870,,,,,
2025-12-08 07:19,91468.04,91483.02,91461.72,91482.9,0.60999287,91472.12000000,91472.12000000,91465.28000000,91472.09000000,1.89380000,,,,,,91472.12,91472.13,91465.24,91472.09,1.34048753,91471.9,91472,91471.9,91472,374519.72967590,,,,,
2025-12-08 07:20,91482.9,91514.25,91466.0,91502.01,1.969264,91472.09000000,91504.00000000,91465.28000000,91500.00000000,3.82254000,,,,,,91472.09,91504,91465.28,91499.98,2.61013898,91472,91503.1,91466.9,91494,340991.97700630,,,,,
2025-12-08 07:21,91502.98,91507.68,91478.0,91507.68,4.93778004,91500.01000000,91502.11000000,91483.28000000,91501.84000000,1.45296000,91524.0,91524.0,91524.0,91524.0,0.00151433,91499.98,91501.86,91483.28,91501.84,1.17570308,91494.1,91503.1,91484.1,91503,426954.26239390,,,,,
2025-12-08 07:22,91507.67,91536.74,91500.0,91536.74,1.71147716,91501.85000000,91532.72000000,91501.84000000,91532.72000000,1.57037000,91524.0,91540.0,91524.0,91540.0,0.0029617000000000003,91501.84,91532.74,91501.84,91532.72,0.95181768,91503.1,91526.3,91503,91526.2,429287.59487690,,,,,
2025-12-08 07:23,91537.36,91644.53,91537.36,91644.53,2.883902,91532.72000000,91633.90000000,91532.71000000,91633.89000000,7.18492000,91550.0,91659.0,91550.0,91659.0,0.01590241,91532.72,91630.02,91532.72,91629.99,5.0435049,91526.3,91632,91526.3,91632,461607.86331910,,,,,
2025-12-08 07:24,91647.59,91664.55,91644.98,91649.54,2.53496578,91633.90000000,91658.99000000,91633.89000000,91650.00000000,2.81674000,91660.0,91685.0,91660.0,91685.0,0.00588419,91629.99,91658.99,91629.99,91650,2.03406283,91632.1,91654.5,91632.1,91647.5,400114.15797890,,,,,
2025-12-08 07:25,91650.0,91740.0,91650.0,91705.97,4.09211433,91649.99000000,91735.92000000,91649.99000000,91698.75000000,17.47935000,91686.0,91755.0,91686.0,91755.0,0.15596422999999998,91650,91718.56,91650,91698.75,13.01392463,91647.5,91725,91647.5,91699.5,445766.54121810,,,,,
2025-12-08 07:26,91705.98,91736.62,91692.0,91711.2,2.5235146,91698.75000000,91732.83000000,91688.11000000,91702.00000000,6.50356000,91754.0,91754.0,91754.0,91754.0,0.0002888,91698.75,91732.85,91687.33,91688.11,4.61809579,91699.6,91725,91694.8,91694.9,497224.59993370,,,,,
2025-12-08 07:27,91715.44,91719.67,91675.91,91704.06,8.71547773,91701.99000000,91715.92000000,91676.41000000,91694.68000000,8.09812000,91759.0,91759.0,91753.0,91753.0,0.00209396,91688.11,91715.75,91681.96,91694.67,6.83664101,91704.1,91710,91677.5,91699,502665.06039990,,,,,
2025-12-08 07:28,91704.05,91708.59,91672.24,91688.07,8.24370206,91694.67000000,91694.68000000,91668.99000000,91668.99000000,4.06073000,91743.0,91743.0,91717.0,91717.0,0.0060805500000000005,91694.67,91694.68,91660.42,91669,2.83569925,91699,91699,91674,91674,356403.70080740,,,,,
2025-12-08 07:29,91684.69,91707.48,91684.69,91704.57,0.44699344,91669.00000000,91694.45000000,91668.99000000,91694.45000000,2.75556000,91740.0,91740.0,91740.0,91740.0,0.00045,91669,91694.66,91668.99,91694.45,1.9354193,91674.1,91690.2,91674.1,91690.1,314729.19644110,,,,,
2025-12-08 07:30,91704.57,91742.82,91673.05,91688.62,7.16259015,91694.45000000,91720.00000000,91669.15000000,91669.15000000,5.49406000,91759.0,91759.0,91759.0,91759.0,0.00011745,91694.45,91720,91668.97,91669.16,1.77296141,91690.2,91718.5,91675.4,91675.4,767255.83816880,,,,,
2025-12-08 07:31,91688.63,91694.95,91634.14,91638.0,3.37889212,91669.15000000,91678.42000000,91628.48000000,91628.49000000,4.01484000,91718.0,91718.0,91694.0,91694.0,0.0006299999999999999,91669.16,91678.42,91641.91,91641.91,1.70182772,91675.4,91675.5,91629.8,91629.8,398620.90930840,,,,,
2025-12-08 07:32,91638.02,91708.59,91636.79,91708.5,3.12991799,91628.48000000,91694.75000000,91628.48000000,91694.75000000,13.13320000,,,,,,91641.91,91687.91,91641.91,91687.91,6.5023817,91627.1,91690.2,91627.1,91690.1,493115.88804920,,,,,
2025-12-08 07:33,91708.55,91710.87,91663.25,91698.0,5.1647379,91694.74000000,91700.94000000,91661.32000000,91686.25000000,20.72709000,,,,,,91687.91,91694.02,91677.12,91686.25,18.45738021,91690.1,91697.6,91662,91687.5,601348.52258610,,,,,
2025-12-08 07:34,91698.01,91706.02,91668.81,91700.0,1.06129014,91686.25000000,91699.24000000,91661.74000000,91688.86000000,3.96695000,91734.0,91742.0,91734.0,91742.0,0.00138988,91686.25,91692.1,91661.69,91688.86,2.34300979,91687.6,91687.6,91672,91687,408010.31261950,,,,,
2025-12-08 07:35,91700.0,91732.54,91700.0,91732.54,0.4770276,91688.85000000,91720.00000000,91688.85000000,91719.99000000,2.65450000,,,,,,91688.86,91720.02,91688.85,91719.99,2.25619167,91687,91716.6,91687,91716.6,413939.26996180,,,,,
2025-12-08 07:36,91732.01,91893.15,91730.02,91823.31,25.14710135,91719.99000000,91868.76000000,91719.99000000,91811.79000000,123.36237000,91760.0,91894.0,91760.0,91882.0,2.0118031100000002,91719.99,91887.63,91719.99,91812.98,12.77292479,91716.6,91866.3,91716.6,91822.2,1065371.17291690,,,,,
2025-12-08 07:37,91821.44,91838.2,91782.01,91783.84,3.02897513,91811.79000000,91818.23000000,91773.58000000,91773.58000000,13.48129000,91881.0,91881.0,91823.0,91850.0,1.00195986,91812.98,91816.16,91773.58,91773.59,9.19010098,91822.2,91822.3,91779.4,91779.4,530924.26838120,,,,,
2025-12-08 07:38,91783.83,91839.94,91759.52,91804.48,1.67561748,91773.58000000,91824.00000000,91753.16000000,91797.22000000,11.26827000,91830.0,91851.0,91820.0,91851.0,0.05891723,91773.59,91820.4,91752.61,91797.22,7.93537123,91779.4,91823.7,91756.8,91801.4,499315.94955640,,,,,
2025-12-08 07:39,91808.06,91808.1,91777.18,91807.06,7.88916751,91797.22000000,91799.98000000,91768.85000000,91792.53000000,6.82427000,91820.0,91820.0,91817.0,91817.0,0.31771,91797.22,91800.02,91767.71,91778.03,3.87613632,91801.4,91801.5,91774.3,91786.7,478548.43662510,,,,,
2025-12-08 07:40,91808.72,91834.07,91787.52,91816.7,1.15071546,91792.53000000,91819.93000000,91780.32000000,91799.41000000,5.76995000,91817.0,91840.0,91817.0,91840.0,0.02680314,91778.03,91819.93,91778.03,91799.41,2.940993,91793.3,91814.8,91780.9,91805.3,1173986.07011150,,,,,
2025-12-08 07:41,91816.7,91827.99,91752.02,91764.99,3.5654839,91799.40000000,91813.76000000,91748.68000000,91748.69000000,3.82408000,91840.0,91840.0,91840.0,91840.0,9.167e-05,91799.41,91813.77,91753.13,91753.16,2.81038445,91805.2,91815.1,91747.4,91747.4,1194191.38815100,,,,,
2025-12-08 07:42,91766.82,91766.82,91700.0,91711.96,5.13095312,91748.68000000,91748.69000000,91686.45000000,91691.44000000,5.23930000,91808.0,91808.0,91770.0,91770.0,0.00079032,91753.16,91753.16,91686.36,91691.44,4.43961665,91747.4,91747.4,91694.3,91694.4,1121088.15036490,,,,,
2025-12-08 07:43,91711.96,91739.48,91690.01,91729.96,5.18436792,91691.44000000,91720.78000000,91680.35000000,91720.77000000,15.34811000,91760.0,91771.0,91758.0,91771.0,0.00487694,91691.44,91720.78,91679.5,91720.77,10.7416786,91694.4,91727.2,91680,91727.1,1040546.56750050,,,,,
2025-12-08 07:44,91729.01,91729.02,91671.96,91671.96,10.97513648,91720.77000000,91720.78000000,91661.34000000,91661.34000000,6.50056000,91771.0,91771.0,91740.0,91740.0,0.0010377000000000001,91720.77,91720.78,91661.34,91661.34,2.71583641,91727.2,91727.2,91668.7,91668.7,1308419.00937470,,,,,
2025-12-08 07:45,91669.7,91669.98,91538.11,91584.99,25.81677751,91661.34000000,91661.34000000,91530.38000000,91550.36000000,27.69936000,91730.0,91730.0,91610.0,91610.0,0.0655561,91661.34,91661.34,91530.12,91539.62,9.2463104,91664.2,91664.2,91538.1,91557,578789.79865380,,,,,
2025-12-08 07:46,91573.12,91600.95,91546.84,91600.25,9.63199757,91550.35000000,91585.99000000,91542.58000000,91584.64000000,11.10760000,,,,,,91539.62,91584.52,91539.62,91566.99,18.66191505,91556.9,91584.7,91556.1,91579.4,478747.76210850,,,,,
2025-12-08 07:47,91594.01,91641.28,91594.01,91619.83,2.37442304,91584.63000000,91625.64000000,91584.63000000,91604.66000000,6.76042000,91627.0,91639.0,91627.0,91639.0,0.0024216,91566.99,91625.68,91566.99,91604.66,5.81597391,91579.4,91626.4,91579.4,91603.1,519439.40029890,,,,,
2025-12-08 07:48,91618.93,91626.39,91587.9,91597.3,2.06564936,91604.66000000,91625.13000000,91584.10000000,91586.70000000,6.53344000,,,,,,91604.66,91614.52,91572.08,91586.69,4.59243084,91603.1,91615.5,91594.5,91594.5,489419.55165000,,,,,
2025-12-08 07:49,91594.51,91621.68,91554.94,91603.99,11.12810306,91586.69000000,91606.82000000,91542.62000000,91587.93000000,29.02853000,,,,,,91586.69,91595.26,91552.99,91587.97,19.76780992,91594.5,91603.8,91566.2,91585.4,411582.43273900,,,,,
2025-12-08 07:50,91602.03,91608.02,91529.12,91535.53,0.73319533,91587.93000000,91592.37000000,91526.49000000,91526.49000000,9.97290000,91622.0,91622.0,91575.0,91575.0,0.25251674,91587.97,91592.37,91526.49,91526.49,7.16294391,91593.6,91594.5,91529,91531.1,857839.23823190,,,,,
2025-12-08 07:51,91536.0,91598.0,91536.0,91586.46,0.62327305,91526.49000000,91590.18000000,91526.49000000,91574.58000000,6.60799000,91588.0,91588.0,91588.0,91588.0,0.002,91526.49,91586.98,91526.49,91574.58,4.92776516,91531.2,91590.3,91531.1,91577.4,777361.83960200,,,,,
2025-12-08 07:52,91587.96,91592.47,91534.46,91534.59,0.66222454,91574.57000000,91576.28000000,91524.00000000,91524.00000000,6.29684000,91630.0,91630.0,91630.0,91630.0,0.001,91574.58,91576.27,91524,91524.01,4.16918033,91577.4,91577.6,91527.6,91527.6,670537.37936690,,,,,
2025-12-08 07:53,91534.47,91534.47,91495.88,91510.36,0.46584216,91524.00000000,91524.01000000,91482.09000000,91506.51000000,16.51638000,91589.0,91589.0,91541.0,91541.0,0.0088422,91524.01,91524.01,91476.73,91506.51,11.12223677,91527.6,91527.6,91485.8,91507.5,842489.89271180,,,,,
2025-12-08 07:54,91510.36,91528.88,91510.36,91520.61,0.43372532,91506.51000000,91515.53000000,91506.51000000,91515.53000000,3.40762000,,,,,,91506.51,91516.26,91506.51,91515.52,2.79847962,91507.6,91516.8,91507.5,91516.7,570984.21360370,,,,,
2025-12-08 07:55,91520.0,91520.0,91494.0,91508.51,1.41025977,91515.52000000,91515.53000000,91484.12000000,91492.07000000,3.19359000,,,,,,91515.52,91515.52,91484.02,91492.71,2.32597036,91516.7,91516.8,91495.3,91495.4,631843.50126160,,,,,
2025-12-08 07:56,91508.51,91545.84,91506.0,91545.84,2.47399827,91492.07000000,91540.80000000,91492.07000000,91540.80000000,2.51232000,,,,,,91492.71,91527.43,91492.07,91527.29,1.77032091,91495.3,91537.8,91495.3,91537.8,580502.03240790,,,,,
2025-12-08 07:57,91550.08,91567.04,91550.08,91558.18,0.03490663,91541.00000000,91556.78000000,91541.00000000,91547.05000000,2.10964000,91561.0,91561.0,91561.0,91561.0,0.00211701,91527.29,91553.03,91527.29,91547.06,1.71265374,91537.7,91563.5,91537.7,91557.2,558558.55577010,,,,,
2025-12-08 07:58,91558.18,91558.18,91510.31,91534.02,1.30402343,91547.05000000,91547.05000000,91510.85000000,91525.17000000,2.67946000,,,,,,91547.06,91547.06,91512.85,91525.16,1.09326326,91557.2,91557.2,91523.1,91523.2,430500.49388750,,,,,
2025-12-08 07:59,91533.99,91571.36,91529.49,91571.36,0.86002694,91525.16000000,91565.48000000,91525.16000000,91565.46000000,3.79392000,,,,,,91525.16,91565.49,91525.16,91565.46,3.42517501,91523.2,91557.3,91523.1,91557.3,446683.51863460,,,,,
2025-12-08 08:00,91571.27,91584.0,91512.53,91532.37,5.03470971,91565.46000000,91576.28000000,91506.49000000,91525.74000000,15.67589000,91604.0,91604.0,91587.0,91587.0,0.01479873,91565.46,91576.29,91517.51,91529.27,5.24301386,91557.2,91579.1,91523,91530.9,595818.33442170,,,,,
2025-12-08 08:01,91532.3,91532.3,91500.0,91500.0,1.50096133,91525.73000000,91525.74000000,91486.46000000,91486.47000000,17.29533000,91579.0,91579.0,91564.0,91567.0,0.00569223,91529.27,91529.27,91484.73,91484.73,17.60902856,91530.9,91531,91493.3,91493.3,466558.78355840,,,,,
2025-12-08 08:02,91500.0,91569.02,91482.26,91569.02,1.70140588,91486.47000000,91553.95000000,91486.46000000,91553.95000000,5.89190000,91562.0,91562.0,91541.0,91541.0,0.00835724,91484.73,91553.94,91484.73,91553.94,3.04063978,91493.2,91550.2,91491.4,91550.2,1252408.03781290,,,,,
2025-12-08 08:03,91568.0,91604.02,91490.04,91512.01,1.1271922,91553.95000000,91595.32000000,91488.00000000,91499.42000000,6.68262000,91592.0,91606.0,91554.0,91554.0,0.00804323,91553.94,91597.32,91488,91499.43,5.96532744,91554.7,91594.2,91491.4,91491.5,690760.89666080,,,,,
2025-12-08 08:04,91512.02,91552.14,91512.02,91545.29,0.55682151,91499.42000000,91540.95000000,91499.42000000,91540.95000000,3.29558000,91577.0,91577.0,91577.0,91577.0,0.001,91499.43,91540.95,91499.41,91540.95,2.72762811,91491.5,91536.7,91491.5,91536.6,347783.50665750,,,,,
2025-12-08 08:05,91540.63,91540.63,91493.33,91530.0,0.79486186,91540.95000000,91540.95000000,91488.36000000,91523.79000000,5.88319000,91591.0,91591.0,91546.0,91546.0,0.00129916,91540.95,91540.95,91488.32,91523.8,3.32717089,91536.6,91536.6,91490.4,91514.3,509485.56849660,,,,,
2025-12-08 08:06,91530.01,91551.64,91489.6,91499.4,1.93821802,91523.80000000,91540.89000000,91488.36000000,91488.37000000,2.57074000,91552.0,91553.0,91552.0,91553.0,0.0032038999999999995,91523.8,91540.89,91488.36,91488.37,2.18054888,91514.3,91533.3,91487.7,91493.7,472637.68653510,,,,,
2025-12-08 08:07,91501.99,91574.0,91501.99,91559.76,0.30783766,91488.37000000,91559.87000000,91488.37000000,91556.95000000,4.37718000,91571.0,91571.0,91571.0,91571.0,0.00218927,91488.37,91559.87,91488.37,91547.36,3.08050415,91493.8,91551.5,91493.8,91550.5,585782.93234250,,,,,
2025-12-08 08:08,91559.71,91591.86,91546.0,91548.59,0.47790527,91556.95000000,91577.14000000,91548.01000000,91548.02000000,4.45407000,91604.0,91620.0,91604.0,91620.0,0.03495509,91547.36,91577.15,91547.36,91548.02,3.24332966,91550.6,91574.3,91550,91550,499036.83098200,,,,,
2025-12-08 08:09,91548.58,91556.04,91522.47,91527.13,0.41600928,91548.02000000,91548.02000000,91519.62000000,91519.63000000,4.16754000,,,,,,91548.02,91548.02,91537.09,91540.71,2.42646859,91550.1,91550.1,91522.1,91527.7,437542.14428350,,,,,
2025-12-08 08:10,91522.88,91596.21,91522.88,91592.0,1.00513895,91519.63000000,91587.97000000,91519.63000000,91587.97000000,2.93271000,91594.0,91594.0,91594.0,91594.0,0.00489,91540.71,91587.99,91521.93,91587.96,2.12935006,91524.4,91577.1,91522.1,91577,335584.73093100,,,,,
2025-12-08 08:11,91594.01,91614.23,91564.01,91575.6,0.55439768,91587.96000000,91605.98000000,91565.98000000,91565.98000000,6.69758000,91613.0,91639.0,91613.0,91639.0,0.00143351,91587.96,91606.02,91568.43,91579.71,4.25206857,91577.1,91596.4,91572.1,91572.2,370338.76217780,,,,,
2025-12-08 08:12,91574.52,91595.71,91544.0,91544.89,0.59958397,91565.99000000,91586.25000000,91540.24000000,91540.24000000,3.44826000,,,,,,91579.71,91586.25,91540.22,91540.22,2.89640043,91572.2,91581.4,91548.9,91548.9,274665.82596480,,,,,
2025-12-08 08:13,91544.89,91602.9,91544.89,91602.81,2.67636936,91540.24000000,91595.91000000,91540.24000000,91595.91000000,7.54414000,91621.0,91639.0,91621.0,91639.0,0.00060554,91540.22,91595.92,91540.22,91595.91,4.99639152,91548.9,91585.6,91548.9,91585.6,372827.54166180,,,,,
2025-12-08 08:14,91602.8,91618.32,91595.71,91597.85,1.74308106,91595.91000000,91601.99000000,91593.95000000,91593.96000000,4.16439000,,,,,,91595.91,91602,91595.9,91598.59,2.96253756,91585.6,91594.8,91585.6,91594.7,289761.09599580,,,,,
2025-12-08 08:15,91600.14,91684.73,91600.14,91684.73,0.83744237,91593.95000000,91675.99000000,91593.95000000,91675.99000000,2.85457000,91640.0,91680.0,91640.0,91680.0,0.00422859,91598.59,91676.12,91598.59,91676.12,1.85682905,91594.8,91669.8,91594.8,91669.8,409718.57529490,,,,,
2025-12-08 08:16,91684.73,91728.61,91684.14,91709.7,3.23607092,91675.99000000,91715.47000000,91675.98000000,91710.08000000,2.44363000,91690.0,91720.0,91690.0,91720.0,0.00248283,91676.12,91713.75,91675.99,91707.72,1.90080339,91669.8,91707,91669.8,91706.9,344327.73021210,,,,,
2025-12-08 08:17,91709.78,91709.78,91627.26,91633.23,4.26209441,91710.08000000,91710.08000000,91627.54000000,91627.55000000,3.24381000,91708.0,91708.0,91708.0,91708.0,0.00011708,91707.72,91707.72,91627.54,91627.55,2.16499388,91706.9,91706.9,91629.6,91629.6,445636.19328460,,,,,
2025-12-08 08:18,91633.24,91698.66,91628.53,91652.0,3.46451812,91627.55000000,91691.78000000,91621.67000000,91656.35000000,5.45208000,91695.0,91695.0,91695.0,91695.0,0.00118689,91627.55,91691.82,91621.67,91656.35,3.91002619,91629.6,91674.2,91621.3,91655.9,980513.63415480,,,,,
2025-12-08 08:19,91658.01,91680.89,91640.02,91663.54,1.98268925,91656.34000000,91665.73000000,91647.37000000,91664.66000000,3.23393000,,,,,,91656.35,91665.73,91646.71,91658.99,1.5362764,91648.9,91659.3,91645.9,91650.6,446273.99413280,,,,,
2025-12-08 08:20,91672.29,91678.91,91641.75,91642.49,4.45540021,91664.66000000,91665.73000000,91645.44000000,91650.60000000,2.92568000,,,,,,91658.99,91665.73,91645.44,91650.6,2.89196744,91654.1,91654.2,91640.3,91640.4,109624.89333980,,,,,
2025-12-08 08:21,91648.47,91688.01,91648.47,91682.5,2.44776456,91650.60000000,91682.50000000,91650.60000000,91672.52000000,6.54463000,91688.0,91690.0,91688.0,91690.0,0.01007652,91650.6,91682.56,91650.6,91672.52,2.42135904,91640.3,91673,91640.3,91667.9,25498.69786550,,,,,
2025-12-08 08:22,91682.5,91724.0,91682.5,91716.01,1.22247995,91672.52000000,91714.00000000,91672.52000000,91705.20000000,6.56811000,91715.0,91719.0,91715.0,91719.0,0.03287335,91672.52,91714.03,91672.51,91714,5.76161867,91667.9,91702.6,91667.9,91702.5,46347.73385320,,,,,
2025-12-08 08:23,91712.95,91730.07,91700.01,91729.67,0.32658457,91705.20000000,91721.93000000,91697.41000000,91721.93000000,1.57384000,91730.0,91730.0,91729.0,91730.0,0.00701919,91714,91721.93,91697.38,91721.93,2.10347337,91701.7,91711.5,91697,91711.5,43090.76630090,,,,,
2025-12-08 08:24,91728.2,91730.65,91708.27,91728.01,0.46095711,91721.93000000,91721.93000000,91702.12000000,91720.46000000,13.89285000,,,,,,91721.93,91721.93,91702.12,91719.96,9.32399526,91711.4,91711.5,91702.7,91711.5,43392.87824750,,,,,
2025-12-08 08:25,91728.01,91728.01,91696.0,91709.99,2.2463099,91720.45000000,91721.94000000,91687.69000000,91705.33000000,18.89673000,,,,,,91719.96,91721.96,91687.69,91696.86,12.20730448,91711.8,91713.4,91684.4,91694.3,406242.27982220,,,,,
2025-12-08 08:26,91710.0,91717.64,91670.75,91679.56,1.30340125,91705.33000000,91719.51000000,91668.08000000,91674.51000000,7.39335000,91737.0,91737.0,91737.0,91737.0,0.00517961,91696.86,91719.51,91668.08,91668.08,5.35697207,91697.6,91707.3,91665.6,91670.2,372115.86117520,,,,,
2025-12-08 08:27,91684.79,91707.99,91667.05,91707.99,1.0736899,91674.51000000,91698.23000000,91662.06000000,91698.23000000,5.46232000,91728.0,91728.0,91706.0,91706.0,0.01567046,91668.08,91698.23,91662.03,91698.23,4.5462975,91670.2,91690.5,91665.5,91690.5,371867.14973170,,,,,
2025-12-08 08:28,91707.98,91712.0,91689.5,91704.13,0.89280457,91698.22000000,91698.23000000,91685.74000000,91696.55000000,3.77699000,,,,,,91698.23,91698.23,91685.73,91696.56,2.38230749,91690.5,91690.5,91685.8,91690.4,530972.54340890,,,,,
2025-12-08 08:29,91704.13,91724.74,91698.88,91714.79,0.41227436,91696.55000000,91709.99000000,91696.54000000,91707.77000000,3.07635000,,,,,,91696.56,91710.02,91696.54,91707.77,2.41305357,91690.4,91702.6,91690.4,91702.4,442488.24921520,,,,,
2025-12-08 08:30,91712.96,91724.74,91704.94,91724.01,0.43305936,91707.78000000,91711.56000000,91700.98000000,91711.55000000,4.67187000,91727.0,91738.0,91727.0,91738.0,0.02789815,91707.77,91711.56,91700.95,91711.56,3.21672668,91702.4,91707,91702.4,91707,340096.83045570,,,,,
2025-12-08 08:31,91717.5,91717.5,91695.24,91695.24,0.93551341,91711.56000000,91711.56000000,91684.67000000,91684.68000000,3.92841000,91738.0,91738.0,91738.0,91738.0,0.00204397,91711.56,91711.56,91684.66,91684.68,2.58570575,91707,91707,91688.6,91688.6,380961.61586740,,,,,
2025-12-08 08:32,91695.25,91695.25,91639.46,91666.06,2.0844273,91684.67000000,91684.68000000,91630.18000000,91651.95000000,3.98732000,91705.0,91705.0,91688.0,91688.0,0.00622846,91684.68,91684.68,91630.16,91651.96,3.23959399,91688.6,91688.6,91631.9,91646.2,375836.49391970,,,,,
2025-12-08 08:33,91666.06,91699.44,91642.61,91642.61,0.61465041,91651.95000000,91681.14000000,91631.68000000,91631.68000000,6.32724000,91689.0,91696.0,91689.0,91696.0,0.00870673,91651.96,91681.16,91631.67,91631.68,4.4635944,91646.2,91674.5,91638.3,91638.3,276073.28737850,,,,,
2025-12-08 08:34,91642.61,91660.0,91628.54,91639.05,1.87048448,91631.69000000,91645.98000000,91620.80000000,91636.81000000,2.83900000,91695.0,91695.0,91674.0,91680.0,0.011158600000000001,91631.68,91645.98,91620.77,91636.82,1.60736422,91638.4,91638.4,91622.4,91638.3,350480.88917130,,,,,
2025-12-08 08:35,91639.05,91647.29,91606.27,91647.29,2.06307219,91636.81000000,91645.06000000,91603.31000000,91645.06000000,4.31024000,91675.0,91675.0,91658.0,91658.0,0.0013437800000000001,91636.82,91639.76,91600.64,91632.99,2.07023583,91638.3,91638.3,91595.2,91632,344553.79257400,,,,,
2025-12-08 08:36,91651.98,91731.71,91651.98,91715.44,0.60699994,91645.05000000,91710.57000000,91645.05000000,91710.57000000,3.68634000,91690.0,91697.0,91690.0,91697.0,0.0016144199999999999,91632.99,91710.61,91632.99,91710.57,3.25800249,91639.8,91704.9,91639.8,91704.8,242968.58583050,,,,,
2025-12-08 08:37,91715.45,91769.82,91711.3,91769.82,2.51107289,91710.57000000,91758.28000000,91710.56000000,91758.27000000,9.62653000,91727.0,91770.0,91727.0,91770.0,0.02212636,91710.57,91750,91710.55,91750,2.65352612,91704.9,91750,91704.8,91750,200793.43374290,,,,,
2025-12-08 08:38,91769.02,91769.03,91722.04,91752.84,3.26188424,91758.28000000,91758.28000000,91711.58000000,91747.34000000,4.48264000,91779.0,91779.0,91779.0,91779.0,0.00024,91750,91758.29,91711.57,91747.33,7.22900569,91750,91750,91716.9,91739.4,297325.87412770,,,,,
2025-12-08 08:39,91752.84,91770.56,91745.04,91750.59,0.65922437,91747.34000000,91757.83000000,91734.34000000,91748.11000000,3.79224000,91766.0,91766.0,91766.0,91766.0,0.00046586,91747.33,91757.85,91734.11,91748.1,1.64657291,91739.5,91748.8,91735,91744.2,378677.79349170,,,,,
2025-12-08 08:40,91748.9,91748.9,91728.06,91734.49,0.33348251,91748.10000000,91748.10000000,91725.12000000,91734.90000000,2.54018000,91766.0,91774.0,91766.0,91774.0,0.00653166,91748.1,91748.11,91724.33,91734.9,2.71422521,91744.2,91744.2,91724.2,91724.3,489858.68406870,,,,,
2025-12-08 08:41,91734.49,91763.29,91731.72,91731.72,0.65001743,91734.91000000,91751.48000000,91728.13000000,91728.13000000,1.98360000,91774.0,91795.0,91774.0,91795.0,0.012669330000000001,91734.9,91751.58,91728.13,91728.14,1.13581259,91724.3,91748.7,91724.2,91725.5,439363.27867670,,,,,
2025-12-08 08:42,91731.72,91769.23,91731.72,91768.83,1.46659268,91728.14000000,91758.27000000,91728.13000000,91758.27000000,5.96646000,,,,,,91728.14,91758.27,91728.13,91758.26,4.69960956,91725.6,91752.4,91725.6,91752.4,508072.83533300,,,,,
2025-12-08 08:43,91768.83,91816.13,91764.5,91816.13,1.66512007,91758.26000000,91815.95000000,91758.26000000,91815.95000000,6.44276000,91783.0,91820.0,91783.0,91820.0,0.00226789,91758.26,91800,91758.26,91800,1.48844501,91752.4,91809,91752.4,91809,448386.40028470,,,,,
2025-12-08 08:44,91820.82,91852.42,91817.16,91830.2,3.25793609,91815.95000000,91834.82000000,91810.77000000,91818.31000000,26.02083000,91820.0,91831.0,91820.0,91831.0,0.0017653900000000001,91800,91827.99,91800,91819.96,17.32321593,91809,91835.2,91809,91819.5,437782.43516990,,,,,
2025-12-08 08:45,91830.19,91839.57,91811.45,91814.88,1.24067998,91818.31000000,91832.24000000,91802.94000000,91804.80000000,14.74903000,,,,,,91819.96,91819.96,91802.94,91809.1,10.83709803,91819.4,91829.7,91807.7,91809,375377.49081900,,,,,
2025-12-08 08:46,91814.89,91814.89,91768.0,91797.37,0.60251755,91804.79000000,91804.80000000,91758.27000000,91787.23000000,3.69635000,91849.0,91849.0,91849.0,91849.0,0.002,91809.1,91809.1,91758.26,91787.22,4.65379422,91809,91809.1,91769.8,91784.4,551794.04134100,,,,,
2025-12-08 08:47,91797.37,91800.47,91763.13,91797.14,1.25872437,91787.22000000,91787.23000000,91758.27000000,91786.57000000,2.94389000,,,,,,91787.22,91787.23,91758.27,91773.36,2.00021132,91784.3,91784.3,91763.1,91780.8,368619.37296750,,,,,
2025-12-08 08:48,91797.12,91909.99,91797.12,91802.0,5.39700471,91786.57000000,91899.99000000,91786.56000000,91792.43000000,32.95725000,91829.0,91900.0,91829.0,91865.0,2.1642516499999997,91773.36,91887.64,91773.36,91785,18.33408941,91784.4,91894.9,91784.4,91796.1,756126.06658390,,,,,
2025-12-08 08:49,91800.88,91816.13,91732.39,91733.6,1.73959286,91792.43000000,91798.86000000,91721.92000000,91722.25000000,5.33525000,91804.0,91804.0,91789.0,91789.0,0.00591,91785,91798.87,91721.89,91722.26,8.46590758,91796.1,91796.1,91720,91720,520473.42252280,,,,,
2025-12-08 08:50,91731.71,91764.12,91723.87,91744.0,1.44731737,91722.25000000,91736.34000000,91717.27000000,91736.33000000,5.16456000,91789.0,91789.0,91775.0,91775.0,0.004832599999999999,91722.26,91736.35,91718.46,91736.33,3.60338486,91720,91733.1,91720,91724.9,480461.91032420,,,,,
2025-12-08 08:51,91743.99,91755.23,91716.01,91741.09,2.30233652,91736.34000000,91736.34000000,91717.26000000,91728.23000000,5.00204000,91775.0,91775.0,91756.0,91759.0,0.11824667999999999,91736.33,91736.34,91714.06,91728.23,3.23730804,91724.9,91728,91714.1,91720.9,513955.22736910,,,,,
2025-12-08 08:52,91741.09,91749.24,91731.72,91745.78,1.08538597,91728.24000000,91735.94000000,91720.93000000,91735.94000000,0.94198000,,,,,,91728.23,91735.96,91723.64,91735.93,0.98647448,91721,91729.3,91721,91729.3,369651.19965430,,,,,
2025-12-08 08:53,91745.77,91795.39,91745.77,91759.85,5.24690373,91735.94000000,91768.38000000,91735.93000000,91747.14000000,8.88655000,91799.0,91809.0,91799.0,91809.0,0.3,91735.93,91768.41,91735.93,91747.14,5.3665247,91729.3,91765.3,91729.3,91753.6,550274.04902380,,,,,
2025-12-08 08:54,91755.17,91842.0,91755.17,91842.0,0.79194217,91747.15000000,91819.11000000,91746.00000000,91819.10000000,3.62067000,91824.0,91825.0,91824.0,91825.0,0.00229999,91747.14,91800.03,91747.05,91800.03,2.31784652,91753.5,91816.3,91753.5,91816.3,523311.88771180,,,,,
2025-12-08 08:55,91842.0,91956.0,91842.0,91924.54,4.41009446,91819.11000000,91938.67000000,91819.11000000,91923.70000000,12.55284000,91870.0,91950.0,91870.0,91950.0,3.3177884,91800.03,91935.47,91800.03,91935.47,3.77292718,91816.4,91938.1,91816.4,91920.8,354006.68433940,,,,,
2025-12-08 08:56,91924.54,91931.73,91830.41,91833.76,7.12973032,91923.69000000,91923.70000000,91819.82000000,91819.82000000,10.00807000,,,,,,91935.47,91935.47,91820.6,91820.63,11.23579853,91920.7,91920.8,91828.7,91828.8,429511.10386430,,,,,
2025-12-08 08:57,91833.76,91845.9,91802.93,91834.64,3.9076627,91819.82000000,91821.71000000,91800.55000000,91821.70000000,6.40152000,91877.0,91877.0,91877.0,91877.0,8.491000000000001e-05,91820.63,91826,91800.03,91821.7,5.32960262,91828.7,91828.7,91798.1,91823.8,359098.30783840,,,,,
2025-12-08 08:58,91834.64,91853.3,91810.57,91839.56,4.78621709,91821.70000000,91833.90000000,91804.77000000,91821.40000000,4.56950000,91856.0,91856.0,91856.0,91856.0,0.01655,91821.7,91833.9,91804.76,91821.4,3.66786132,91823.8,91827.9,91810.2,91827.8,249071.38160240,,,,,
2025-12-08 08:59,91839.56,91879.71,91828.0,91842.29,4.22697023,91821.40000000,91864.00000000,91821.40000000,91833.90000000,3.87767000,91857.0,91857.0,91857.0,91857.0,0.00011665,91821.4,91864,91821.4,91847.11,2.32083911,91827.8,91863.5,91827.3,91838.6,341786.58628870,,,,,
2025-12-08 09:00,91842.96,91881.32,91799.31,91878.47,6.92779134,91833.89000000,91869.32000000,91792.38000000,91862.01000000,25.00234000,91854.0,91854.0,91854.0,91854.0,8.469e-05,91847.11,91869.38,91789.91,91862.01,13.15811737,91835.8,91862.1,91796.4,91862.1,504270.83136320,,,,,
2025-12-08 09:01,91878.47,91980.28,91878.47,91952.96,4.38487195,91862.02000000,91965.27000000,91862.01000000,91928.18000000,14.07621000,91903.0,91967.0,91903.0,91967.0,0.01419458,91862.01,91965.36,91862.01,91928.19,11.28153311,91862.1,91965.4,91862.1,91934.1,385942.53591350,,,,,
2025-12-08 09:02,91952.68,92043.17,91884.1,91892.43,38.37706865,91928.18000000,92018.40000000,91872.20000000,91879.23000000,79.92011000,91967.0,92000.0,91947.0,91947.0,11.28486175,91928.19,92001,91898.51,91898.51,27.34709321,91934.1,92015.2,91883.5,91891.5,824854.12246160,,,,,
2025-12-08 09:03,91891.45,92021.43,91884.69,91994.05,2.17502628,91879.23000000,92000.00000000,91879.23000000,91978.72000000,9.19349000,91966.0,92000.0,91966.0,92000.0,0.5133280299999999,91898.51,92000.03,91890.59,91999.99,6.13193344,91885,92001.1,91885,91989.6,531013.57001680,,,,,
2025-12-08 09:04,91992.47,92046.04,91956.82,91956.82,5.26592044,91978.72000000,92036.73000000,91940.02000000,91940.02000000,20.49368000,92000.0,92000.0,91986.0,91986.0,11.34437924,91999.99,92033,91954.24,91954.24,8.22815204,91982.1,92040,91952.2,91952.2,567154.46926050,,,,,
2025-12-08 09:05,91952.15,92215.53,91952.15,92191.33,62.2225349,91940.02000000,92207.54000000,91940.02000000,92187.10000000,75.63088000,92000.0,92205.0,91999.0,92204.0,9.09426547,91954.24,92207.53,91954.24,92207.52,12.12339827,91952.3,92202.3,91952.3,92190.7,1448722.78504320,,,,,
2025-12-08 09:06,92191.33,92291.96,92103.62,92268.83,13.57024612,92187.09000000,92287.15000000,92091.06000000,92272.93000000,62.28607000,92205.0,92283.0,92124.0,92283.0,2.96431713,92207.52,92280.14,92101.92,92271.31,28.56729303,92190.7,92288,92096.4,92270.4,1208943.67750880,,,,,
2025-12-08 09:07,92268.03,92271.16,92122.24,92154.11,3.72960989,92272.93000000,92272.93000000,92118.43000000,92143.10000000,26.06442000,92272.0,92272.0,92170.0,92203.0,0.00188785,92271.31,92271.31,92118.43,92150,20.2207207,92270.3,92270.3,92121.6,92152.1,993054.34604130,,,,,
2025-12-08 09:08,92153.81,92190.77,92116.3,92163.19,5.92534663,92143.10000000,92175.90000000,92115.74000000,92150.67000000,12.39935000,92180.0,92189.0,92179.0,92189.0,0.07016941,92150,92173.8,92115.74,92153.35,11.26365417,92152.1,92174.1,92108,92158,1024150.22224630,,,,,
2025-12-08 09:09,92163.19,92196.02,92101.68,92108.55,2.16912509,92150.66000000,92191.10000000,92094.50000000,92097.29000000,16.33472000,92196.0,92196.0,92147.0,92147.0,0.00473119,92153.35,92191.13,92094.48,92097.29,12.76416299,92157.9,92192.9,92096.9,92099.9,907726.72845370,,,,,
2025-12-08 09:10,92109.01,92150.79,92074.09,92074.09,1.70944899,92097.30000000,92137.85000000,92063.85000000,92063.86000000,11.19140000,92132.0,92158.0,92122.0,92122.0,0.00133193,92097.29,92138.08,92075.77,92075.81,14.7088822,92099.9,92145.4,92070.6,92070.6,1573111.99551300,,,,,
2025-12-08 09:11,92074.08,92116.29,92050.63,92116.27,3.11717979,92063.85000000,92102.00000000,92045.20000000,92101.99000000,13.79581000,92110.0,92127.0,92090.0,92126.0,0.07059274,92075.81,92102,92044.84,92101.99,7.2127837,92070.6,92106.5,92052.2,92106.4,2030925.65430370,,,,,
2025-12-08 09:12,92108.01,92108.87,92042.15,92087.97,1.36218927,92101.99000000,92102.00000000,92038.02000000,92077.36000000,11.12314000,92137.0,92137.0,92090.0,92090.0,0.09589517,92101.99,92102,92038.02,92077.36,6.54833815,92106.5,92106.5,92034.5,92073.8,2119194.07353520,,,,,
2025-12-08 09:13,92086.28,92139.86,92086.28,92135.99,0.93094093,92077.36000000,92127.28000000,92077.36000000,92127.21000000,10.10788000,92103.0,92131.0,92103.0,92131.0,0.00039794,92077.36,92127.28,92077.36,92127.22,10.08510953,92073.8,92116.2,92073.8,92116.2,1865892.16723380,,,,,
2025-12-08 09:14,92144.43,92144.43,92078.78,92078.78,2.76511034,92127.22000000,92138.69000000,92077.50000000,92077.86000000,19.28413000,,,,,,92127.22,92138.78,92077.85,92077.85,15.17249855,92116.2,92137.7,92079.4,92079.4,1795606.98357460,,,,,
2025-12-08 09:15,92078.77,92078.77,92008.43,92028.04,2.42381304,92077.85000000,92077.85000000,92000.01000000,92012.90000000,18.17733000,92091.0,92091.0,92070.0,92070.0,0.00725608,92077.85,92077.85,92003.44,92012.9,7.182449,92079.4,92079.4,92003.4,92011.6,884907.75844770,,,,,
2025-12-08 09:16,92028.32,92036.56,91970.9,91988.0,1.33996171,92012.90000000,92020.00000000,91962.27000000,91971.04000000,13.92063000,92052.0,92052.0,92030.0,92030.0,0.00195349,92012.9,92020.01,91956.6,91971.04,8.87779343,92011.6,92021.9,91970.8,91970.8,600385.06631640,,,,,
2025-12-08 09:17,91985.04,91999.03,91950.0,91958.22,3.1183576,91971.04000000,91981.50000000,91946.24000000,91946.24000000,7.39013000,92020.0,92020.0,92010.0,92010.0,0.0028758200000000003,91971.04,91981.54,91946.24,91946.25,8.44366969,91970.9,91983.1,91948.7,91949.3,696327.57243230,,,,,
2025-12-08 09:18,91958.22,92003.7,91956.83,91975.32,1.55896229,91946.25000000,91998.48000000,91942.58000000,91969.12000000,14.67715000,91991.0,92029.0,91990.0,92029.0,0.14050343,91946.25,91994,91940.47,91969.11,6.50334159,91949.4,91995.5,91946.1,91958.6,628445.84863680,,,,,
2025-12-08 09:19,91975.58,92045.77,91956.84,92006.04,2.45991479,91969.12000000,92028.80000000,91948.43000000,92001.01000000,16.57316000,91983.0,92001.0,91983.0,92001.0,0.00116369,91969.11,92028.8,91947.77,92001.01,15.39097474,91958.6,92023.3,91954.8,92004.5,670102.58201370,,,,,
2025-12-08 09:20,92008.01,92055.26,91989.67,92031.88,0.66175568,92001.01000000,92044.00000000,91979.31000000,92019.13000000,18.29792000,92029.0,92029.0,92029.0,92029.0,0.0017044699999999998,92001.01,92037.92,91997.18,92019.08,12.61854124,92004.4,92034.8,91983.2,92025,698436.99636240,,,,,
2025-12-08 09:21,92031.88,92091.87,92023.0,92084.49,0.32344695,92019.12000000,92078.00000000,92019.12000000,92073.12000000,5.58502000,92049.0,92069.0,92049.0,92069.0,0.7418158499999999,92019.08,92078.01,92019.08,92078,2.88035898,92025,92084.9,92016.2,92077,474875.77656120,,,,,
2025-12-08 09:22,92084.01,92084.01,91999.06,91999.07,1.32318046,92072.99000000,92072.99000000,91991.41000000,91991.42000000,5.22540000,92080.0,92080.0,92046.0,92046.0,0.12209242000000001,92078,92078,92000,92000,3.10570097,92077,92077,91997.9,91997.9,723336.37512750,,,,,
2025-12-08 09:23,91999.05,92015.73,91961.53,91992.01,1.85530051,91991.41000000,92005.42000000,91953.73000000,91983.23000000,4.75448000,92040.0,92040.0,92040.0,92040.0,0.43,92000,92005.42,91953.69,91983.22,4.93993737,91994.2,92000.4,91958.5,91983,748395.15059500,,,,,
2025-12-08 09:24,91998.31,92017.79,91990.01,92003.74,1.16678099,91983.22000000,91999.99000000,91983.22000000,91990.01000000,10.81654000,92034.0,92034.0,92028.0,92028.0,0.06330932,91983.22,91999.99,91983.22,91990.01,7.33559735,91983,92000.4,91983,91992.5,701596.76666290,,,,,
2025-12-08 09:25,92003.74,92008.0,91928.7,91958.0,1.43238889,91990.00000000,91990.01000000,91926.02000000,91955.12000000,48.84756000,92027.0,92027.0,92024.0,92024.0,0.00167164,91990.01,91990.01,91926.03,91934,29.42125142,91992.6,91992.6,91925.9,91954.1,359804.47934410,,,,,
2025-12-08 09:26,91961.52,91994.35,91957.71,91975.6,0.95169524,91955.12000000,91986.47000000,91949.17000000,91974.23000000,8.32271000,,,,,,91934,91989.21,91934,91974.23,10.83287383,91954,91981.6,91950.4,91974.6,376178.32193270,,,,,
2025-12-08 09:27,91975.6,92008.42,91975.6,92008.42,0.60412897,91974.23000000,91999.39000000,91971.89000000,91999.39000000,2.74981000,91986.0,91986.0,91986.0,91986.0,0.002,91974.23,91999.48,91971.8,91999.38,1.61498043,91972.3,91992.7,91972.3,91992.7,314107.99315050,,,,,
2025-12-08 09:28,92008.41,92011.13,91985.97,91987.13,0.70739828,91999.38000000,91999.38000000,91981.19000000,91987.23000000,3.14506000,,,,,,91999.38,91999.38,91981.19,91987.24,2.51799539,91992.7,91992.7,91980.9,91980.9,429100.86193410,,,,,
2025-12-08 09:29,91987.12,92001.58,91976.01,91984.98,1.11440942,91987.23000000,91987.23000000,91976.60000000,91978.01000000,2.09162000,92016.0,92016.0,92016.0,92016.0,0.00523198,91987.24,91987.24,91969.32,91976.07,1.41985089,91980.9,91986.1,91971.4,91985.1,340191.99478010,,,,,
2025-12-08 09:30,91984.97,91984.97,91920.72,91938.07,1.46864298,91978.00000000,91978.00000000,91909.12000000,91919.31000000,8.75946000,92008.0,92008.0,92008.0,92008.0,0.000232,91976.07,91976.07,91907.54,91919.31,6.03738936,91978.3,91978.3,91918.2,91920.1,266174.83637560,,,,,
2025-12-08 09:31,91938.07,91959.79,91919.32,91931.79,1.24775271,91919.31000000,91945.09000000,91910.21000000,91912.20000000,7.62898000,91971.0,91971.0,91971.0,91971.0,0.0118,91919.31,91945.09,91910.22,91912.19,5.40895992,91920.1,91942.6,91919.7,91919.7,423133.84573790,,,,,
2025-12-08 09:32,91933.2,92005.3,91933.2,91992.01,1.44001309,91912.20000000,91985.78000000,91912.19000000,91976.26000000,7.06249000,,,,,,91912.19,91990.07,91912.19,91976.27,5.22958616,91919.7,91984.7,91919.7,91974.5,439907.33719620,,,,,
2025-12-08 09:33,91992.02,92027.18,91992.0,92000.01,2.57233364,91976.26000000,92009.20000000,91976.26000000,91988.51000000,12.42424000,,,,,,91976.27,92009.21,91976.26,91988.5,4.5071145,91974.5,92009.8,91974.5,91988.9,307861.89967100,,,,,
2025-12-08 09:34,92000.0,92053.56,92000.0,92052.7,0.66191955,91988.50000000,92039.97000000,91988.50000000,92039.97000000,6.32903000,92018.0,92018.0,92018.0,92018.0,5.079e-05,91988.5,92028.35,91988.5,92028.32,7.05172798,91988.8,92036.1,91988.8,92036.1,407652.03945730,,,,,
2025-12-08 09:35,92052.78,92072.53,92003.55,92003.74,2.1377051,92039.97000000,92061.15000000,92000.00000000,92000.00000000,10.32267000,92041.0,92041.0,92041.0,92041.0,0.00146403,92028.32,92062.19,91999.91,92000,2.82287301,92036.1,92064.9,91994.7,91994.7,453553.37276290,,,,,
2025-12-08 09:36,92003.75,92070.83,92003.75,92064.69,0.86710772,92000.01000000,92050.74000000,92000.00000000,92049.42000000,9.53118000,92049.0,92049.0,92049.0,92049.0,0.00023185,92000,92050.89,92000,92046.05,10.80189978,91994.7,92053.7,91994.7,92046.4,450811.22457740,,,,,
2025-12-08 09:37,92064.46,92065.27,92004.08,92049.47,1.54061818,92049.42000000,92049.42000000,92003.78000000,92042.95000000,19.48199000,,,,,,92046.05,92049.45,91998.22,92045.58,13.93776746,92046.4,92046.5,92007.5,92037.6,325242.77678590,,,,,
2025-12-08 09:38,92049.47,92050.97,92004.01,92004.02,2.21169959,92042.95000000,92042.95000000,92000.00000000,92000.00000000,4.85168000,92057.0,92067.0,92057.0,92067.0,0.24920715999999998,92045.58,92045.58,91999.85,92000,3.58012574,92037.5,92037.5,92000.6,92000.6,293505.19391410,,,,,
2025-12-08 09:39,92004.01,92060.01,92004.01,92040.77,0.95915436,92000.00000000,92049.19000000,92000.00000000,92030.04000000,7.67793000,92052.0,92052.0,92052.0,92052.0,0.005,92000,92049.28,92000,92030.02,5.20927155,92000.6,92048.2,92000.6,92033.2,398877.73347460,,,,,
2025-12-08 09:40,92040.77,92054.15,92027.18,92036.01,0.79692185,92030.03000000,92039.69000000,92013.91000000,92025.89000000,2.59169000,92056.0,92060.0,92056.0,92060.0,0.00404511,92030.02,92039.78,92013.92,92025.89,1.99990139,92033.2,92042.1,92022.7,92028.7,353314.35441030,,,,,
2025-12-08 09:41,92036.46,92036.46,92008.43,92017.81,1.1179915,92025.90000000,92025.90000000,92004.24000000,92011.10000000,5.53346000,,,,,,92025.89,92025.9,91999.63,92011.11,6.54242504,92028.7,92028.7,92008.1,92012.5,357384.15383980,,,,,
2025-12-08 09:42,92017.87,92022.5,92001.0,92022.02,0.99989915,92011.11000000,92011.11000000,92000.00000000,92011.10000000,1.65853000,92044.0,92044.0,92038.0,92038.0,0.1,92011.11,92011.2,91999.98,92011.11,1.15603653,92012.6,92012.6,92000,92004.1,370096.30404060,,,,,
2025-12-08 09:43,92022.01,92039.62,91980.31,92035.54,2.89604093,92011.11000000,92020.31000000,91975.48000000,92020.30000000,13.69824000,92039.0,92039.0,92027.0,92027.0,0.00036191999999999995,92011.11,92020.32,91975.48,92020.3,8.52233684,92004,92025.1,91970.3,92025.1,497701.66747970,,,,,
2025-12-08 09:44,92029.98,92029.99,91998.59,92011.99,0.74932354,92020.30000000,92020.30000000,91989.92000000,91999.12000000,4.39890000,92038.0,92038.0,92038.0,92038.0,0.0167,92020.3,92020.3,91980.76,91999.13,4.26263573,92025.1,92025.1,91997.7,91997.7,436681.77199810,,,,,
2025-12-08 09:45,92011.97,92011.97,91949.99,91949.99,2.37925257,91999.13000000,91999.13000000,91943.00000000,91943.00000000,3.52011000,92024.0,92024.0,92024.0,92024.0,0.00141313,91999.13,91999.13,91943,91943,3.50427572,91997.7,91997.7,91939.4,91940.5,365190.34869990,,,,,
2025-12-08 09:46,91949.99,91989.66,91947.86,91967.56,2.9846768,91943.00000000,91978.18000000,91942.12000000,91955.36000000,8.03471000,92012.0,92012.0,92012.0,92012.0,0.00041996000000000004,91943,91978.21,91940.94,91955.36,5.465768,91940.5,91974.6,91940.5,91956,418136.36926860,,,,,
2025-12-08 09:47,91966.86,91967.96,91945.18,91948.02,1.57250656,91955.36000000,91955.36000000,91936.00000000,91936.00000000,5.67728000,92004.0,92004.0,92004.0,92004.0,0.00023203,91955.36,91955.36,91936,91936,4.19666217,91956,91956,91937.6,91937.7,291728.88874720,,,,,
2025-12-08 09:48,91948.01,91991.25,91948.01,91968.02,1.59042469,91936.01000000,91983.17000000,91936.00000000,91957.63000000,8.14067000,,,,,,91936,91983.2,91936,91983.16,5.25549259,91937.7,91974.8,91937.6,91959.5,383232.08045600,,,,,
2025-12-08 09:49,91968.02,91976.02,91947.46,91947.46,0.93524508,91957.62000000,91957.63000000,91938.01000000,91938.01000000,5.94695000,92013.0,92013.0,92013.0,92013.0,0.000117,91983.16,91983.16,91938.01,91938.01,4.16728361,91959.4,91959.5,91942.2,91942.2,349212.56172000,,,,,
2025-12-08 09:50,91947.46,91985.0,91947.46,91976.11,1.03026714,91938.02000000,91969.92000000,91938.01000000,91957.24000000,6.16942000,91997.0,91997.0,91997.0,91997.0,0.00652194,91938.01,91964.1,91938.01,91957.23,4.67146893,91942.3,91963.7,91942.3,91963.6,239507.80228460,,,,,
2025-12-08 09:51,91976.11,91995.91,91942.77,91952.01,3.7346588,91957.23000000,91970.00000000,91938.96000000,91938.97000000,4.82821000,92001.0,92001.0,92001.0,92001.0,0.001,91957.23,91970.01,91938.97,91938.97,1.96959395,91963.7,91965.9,91937.4,91938.2,577148.03274480,,,,,
2025-12-08 09:52,91952.01,91961.51,91938.0,91959.35,2.59741911,91938.97000000,91947.41000000,91936.00000000,91936.00000000,3.93903000,91996.0,91996.0,91970.0,91970.0,0.00045,91938.97,91945.97,91935.8,91936,4.18736687,91938.1,91938.1,91928.5,91933,276916.28526750,,,,,
2025-12-08 09:53,91961.1,91970.63,91914.64,91920.03,2.46615399,91936.01000000,91956.72000000,91908.10000000,91908.10000000,9.24205000,91988.0,91988.0,91988.0,91988.0,0.00023208,91936,91956.85,91905.96,91908.1,4.42210251,91933,91950,91915.6,91915.6,352776.24998720,,,,,
2025-12-08 09:54,91920.03,91931.89,91914.63,91922.04,1.24841044,91908.11000000,91908.11000000,91908.10000000,91908.11000000,1.14349000,,,,,,91908.1,91908.11,91908.1,91908.11,2.92820869,91915.6,91915.7,91914.7,91914.7,231809.42909410,,,,,
2025-12-08 09:55,91922.04,91953.67,91916.49,91953.41,1.04440135,91908.10000000,91939.71000000,91908.10000000,91939.71000000,3.48095000,,,,,,91908.11,91939.71,91908.1,91939.7,2.40129184,91914.8,91929.6,91914.7,91929.5,311213.59949120,,,,,
2025-12-08 09:56,91953.4,91953.4,91916.01,91935.28,2.26724432,91939.71000000,91939.71000000,91916.95000000,91927.53000000,5.41080000,91976.0,91976.0,91976.0,91976.0,0.00322788,91939.7,91939.71,91912.75,91928.04,3.7633431,91929.6,91929.6,91914.2,91917.9,194253.88154790,,,,,
2025-12-08 09:57,91935.28,91955.28,91934.74,91935.48,0.96901698,91927.52000000,91935.67000000,91927.52000000,91930.49000000,4.47756000,91976.0,91976.0,91976.0,91976.0,0.00072031,91928.04,91935.69,91927.52,91930.49,3.1296932,91917.9,91927.8,91917.9,91927.8,210403.75600750,,,,,
2025-12-08 09:58,91935.56,91945.18,91926.0,91942.13,0.77207874,91930.49000000,91930.50000000,91917.20000000,91929.88000000,6.78163000,91976.0,91976.0,91970.0,91970.0,0.10029413999999999,91930.49,91930.5,91917.18,91929.87,4.77564582,91927.7,91927.7,91922.2,91922.3,376222.26851430,,,,,
2025-12-08 09:59,91942.12,91945.18,91917.18,91920.96,2.01245394,91929.88000000,91929.88000000,91910.61000000,91912.02000000,4.15319000,91971.0,91971.0,91970.0,91970.0,0.00538,91929.87,91929.88,91909.18,91909.18,2.6436687,91922.2,91922.3,91916.7,91916.7,282785.67779370,,,,,
2025-12-08 10:00,91921.75,91949.99,91902.0,91916.13,4.44360705,91912.02000000,91935.65000000,91908.10000000,91908.10000000,2.57741000,91971.0,91971.0,91970.0,91970.0,0.026494339999999998,,,,,,91916.7,91926.1,91911.3,91911.3,385837.42340600,,,,,
