time,COINBASE:open,COINBASE:high,COINBASE:low,COINBASE:close,COINBASE:volume,BINANCE:open,BINANCE:high,BINANCE:low,BINANCE:close,BINANCE:volume,BITFINEX:open,BITFINEX:high,BITFINEX:low,BITFINEX:close,BITFINEX:volume,KRAKEN:open,KRAKEN:high,KRAKEN:low,KRAKEN:close,KRAKEN:volume
2022-03-04 10:00,41526.95,41565.13,41517.49,41540.4,0.75880296,41522.29000000,41555.57000000,41514.05000000,41531.70000000,29.90212000,41557.0,41577.0,41541.10683699,41567.0,2.59554173,41552.0,41552.0,41531.3,41533.5,0.02838351
2022-03-04 10:01,41538.39,41538.39,41505.47,41515.68,1.02042139,41531.69000000,41531.70000000,41501.97000000,41510.17000000,15.84292000,41540.20218277,41549.0,41530.0,41546.0,1.5167618,41538.4,41538.4,41512.9,41512.9,0.00776206
2022-03-04 10:02,41515.62,41547.35,41473.83,41544.78,3.32103628,41510.17000000,41534.29000000,41467.86000000,41534.28000000,19.39624000,41540.00462927,41562.03631621,41506.0,41562.03631621,1.01002041,41523.5,41539.5,41506.0,41539.5,0.14874287
2022-03-04 10:03,41543.36,41586.28,41540.71,41586.28,2.57812163,41534.28000000,41573.72000000,41534.28000000,41573.71000000,20.34027000,41561.0,41601.95886647,41561.0,41600.62605399,2.11780054,41544.1,41566.0,41544.1,41561.7,0.10707330999999999
2022-03-04 10:04,41581.66,41591.17,41559.46,41575.7,1.51811583,41573.71000000,41583.81000000,41557.42000000,41568.93000000,9.13615000,41603.0,41606.1370926,41590.0,41600.0,1.40397383,41564.8,41575.8,41564.8,41575.7,0.12568374999999998
2022-03-04 10:05,41575.06,41582.37,41541.74,41558.09,6.51392935,41568.93000000,41580.00000000,41527.15000000,41554.15000000,26.79453000,41600.0,41600.0,41570.0,41581.0,1.27337539,41575.8,41584.3,41561.7,41577.6,2.74082667
2022-03-04 10:06,41558.09,41594.49,41554.93,41578.85,7.64501769,41554.15000000,41583.71000000,41554.15000000,41569.28000000,11.91650000,41581.53459125,41602.0,41581.53459125,41600.0,1.36033422,41577.6,41579.7,41566.0,41579.7,0.16738814
2022-03-04 10:07,41578.91,41602.48,41574.7,41578.12,2.73096454,41569.27000000,41589.22000000,41559.98000000,41569.06000000,13.32677000,41590.0,41600.0,41590.0,41600.0,0.00527726,41579.9,41589.9,41579.9,41589.9,0.16648919
2022-03-04 10:08,41577.26,41604.99,41562.71,41568.03,4.01146261,41569.07000000,41598.20000000,41557.47000000,41559.99000000,12.30459000,41598.0,41612.37489027,41586.0,41586.0,1.38740222,41589.8,41594.7,41579.8,41594.7,0.07480745000000001
2022-03-04 10:09,41568.02,41585.43,41527.89,41535.62,5.4054512,41559.99000000,41574.23000000,41525.93000000,41527.81000000,12.34388000,41586.0,41592.0,41562.0,41562.0,0.49481558,41572.8,41572.8,41538.0,41538.0,0.15361397000000002
2022-03-04 10:10,41533.46,41562.0,41513.41,41562.0,5.84902069,41527.82000000,41560.38000000,41511.11000000,41560.37000000,10.85993000,41566.0,41578.0,41547.0,41578.0,2.03893436,41521.1,41521.1,41521.1,41521.1,0.00184831
2022-03-04 10:11,41569.74,41604.99,41569.56,41594.63,0.60356955,41560.37000000,41595.87000000,41560.37000000,41587.03000000,9.40247000,41583.0,41617.66192851,41583.0,41614.0,1.51821694,41540.4,41581.7,41540.4,41581.7,0.13371027
2022-03-04 10:12,41592.55,41642.19,41592.53,41637.8,0.92510473,41587.04000000,41640.00000000,41587.03000000,41629.49000000,15.32219000,41613.0,41665.0,41613.0,41652.0,0.77411285,41581.7,41642.8,41581.7,41642.8,0.4435035
2022-03-04 10:13,41632.52,41649.33,41612.43,41645.76,3.56537468,41629.50000000,41639.91000000,41608.41000000,41638.80000000,13.60156000,41653.0,41668.0,41649.0,41668.0,0.81954847,41643.9,41643.9,41641.4,41641.4,2.05134857
2022-03-04 10:14,41645.52,41656.57,41625.19,41656.57,3.63310627,41638.81000000,41650.00000000,41616.17000000,41649.99000000,20.89352000,41658.78609817,41669.0,41655.0,41669.0,0.5489823899999999,41641.5,41648.2,41641.5,41645.5,0.36112129
2022-03-04 10:15,41658.19,41682.74,41609.77,41614.71,4.95027543,41649.99000000,41681.91000000,41606.35000000,41606.67000000,25.22350000,41672.0,41696.0,41652.90529978,41654.0,5.63840311,41645.6,41663.7,41645.6,41655.8,0.86825036
2022-03-04 10:16,41614.65,41640.24,41602.81,41639.6,6.50885011,41606.79000000,41630.49000000,41604.46000000,41630.48000000,16.38070000,41649.0,41654.0,41626.0,41654.0,0.02794193,41641.5,41641.5,41641.5,41641.5,0.020673280000000002
2022-03-04 10:17,41639.6,41644.72,41616.44,41641.35,0.55730867,41630.49000000,41630.73000000,41612.42000000,41630.72000000,15.65251000,41650.0,41658.0,41642.0,41658.0,0.60620764,41641.5,41641.5,41641.5,41641.5,0.0240145
2022-03-04 10:18,41641.84,41663.61,41624.65,41656.91,2.79447301,41630.72000000,41651.99000000,41622.85000000,41648.80000000,15.37731000,41656.0,41673.0,41648.0,41672.0,2.1099463800000002,41641.5,41664.4,41641.5,41664.4,7.01495981
2022-03-04 10:19,41654.87,41683.68,41643.29,41664.22,2.02761042,41648.80000000,41675.65000000,41640.00000000,41657.32000000,40.59130000,41673.0,41694.73985512,41673.0,41692.0,2.55203112,41664.5,41696.9,41664.5,41673.9,7.005806
2022-03-04 10:20,41661.19,41699.82,41655.31,41690.92,1.62822972,41657.31000000,41690.00000000,41650.45000000,41689.32000000,25.86346000,41691.43712707,41725.14495828,41679.0,41720.0607702,2.87330771,41684.8,41697.1,41684.8,41697.1,0.01058691
2022-03-04 10:21,41692.15,41757.78,41690.93,41710.14,4.04819798,41689.32000000,41744.00000000,41688.00000000,41697.16000000,45.82660000,41720.0607702,41762.99623489,41720.0607702,41731.0,18.25231414,41697.1,41727.1,41697.0,41713.8,0.2598083
2022-03-04 10:22,41710.58,41720.4,41600.31,41602.59,8.9823048,41697.16000000,41705.19000000,41583.77000000,41585.86000000,94.44548000,41731.06986371,41736.0,41631.0,41631.0,35.71896195,41713.8,41713.8,41613.3,41615.7,4.66242863
2022-03-04 10:23,41600.0,41604.77,41570.0,41577.66,6.59639151,41585.86000000,41593.41000000,41562.73000000,41566.31000000,29.84437000,41621.0,41621.0,41591.25437611,41606.0,1.8243918,41615.1,41615.1,41569.4,41569.4,11.19221926
2022-03-04 10:24,41577.66,41588.96,41570.0,41581.79,1.12706338,41566.31000000,41582.44000000,41562.41000000,41572.87000000,12.77858000,41598.0,41600.0,41598.0,41598.0,0.80299518,41579.4,41579.4,41578.3,41578.3,0.0336065
2022-03-04 10:25,41582.93,41606.88,41578.73,41597.28,3.36872702,41572.88000000,41590.44000000,41551.20000000,41588.01000000,42.37759000,41597.0,41623.0,41597.0,41623.0,1.18308294,41582.5,41595.6,41582.5,41595.3,0.6452287999999999
2022-03-04 10:26,41598.56,41611.63,41586.57,41598.52,1.48804423,41588.00000000,41600.05000000,41579.70000000,41590.97000000,15.05626000,41621.0,41636.0,41609.82865958,41630.76414523,4.25715251,41595.8,41603.8,41595.8,41603.7,0.02353588
2022-03-04 10:27,41596.92,41621.99,41596.52,41621.99,4.54260341,41590.97000000,41620.83000000,41587.30000000,41620.83000000,17.58316000,41622.0,41649.0,41622.0,41649.0,3.84151769,41603.8,41609.8,41603.8,41609.8,1.43489964
2022-03-04 10:28,41637.15,41667.96,41634.01,41647.98,6.1576571,41620.83000000,41653.12000000,41620.82000000,41638.00000000,23.36194000,41651.0,41677.04258719,41651.0,41664.0,2.1150586,41609.8,41631.1,41609.8,41631.0,0.3618376
2022-03-04 10:29,41643.4,41691.76,41642.27,41674.46,4.62472627,41637.99000000,41679.68000000,41636.04000000,41669.63000000,19.27478000,41670.0,41699.0,41670.0,41699.0,4.6169477500000005,41631.1,41664.0,41631.1,41664.0,0.1703515
2022-03-04 10:30,41678.18,41686.49,41645.03,41650.48,2.31988272,41669.63000000,41669.64000000,41642.00000000,41642.00000000,18.38936000,41682.55192551,41682.92114636,41671.0,41671.0,1.06876648,41679.0,41679.0,41661.7,41661.8,1.26698538
2022-03-04 10:31,41650.48,41665.98,41647.5,41651.85,2.96033965,41642.00000000,41652.83000000,41642.00000000,41642.08000000,7.56971000,41677.50262963,41682.0,41671.0,41679.0,2.37031599,41660.9,41661.0,41660.9,41660.9,0.01096514
2022-03-04 10:32,41651.85,41661.55,41630.78,41652.81,2.91761682,41642.08000000,41650.02000000,41620.48000000,41648.32000000,27.07098000,41680.0,41682.55192551,41663.8201752,41681.45005785,2.6771909,41661.0,41661.0,41661.0,41661.0,0.06159125
2022-03-04 10:33,41652.79,41744.36,41634.61,41738.41,7.14438537,41648.33000000,41734.09000000,41626.26000000,41728.35000000,53.31734000,41682.55192551,41759.80930773,41672.63511652,41758.0,6.5163534,41660.9,41719.9,41660.9,41719.8,1.44331137
2022-03-04 10:34,41738.41,41738.41,41678.48,41719.18,4.37041299,41728.35000000,41734.76000000,41669.05000000,41718.33000000,109.41019000,41758.58079445,41758.58079445,41712.0,41744.25651479,2.18721484,41718.2,41724.0,41703.2,41724.0,0.23430057999999998
2022-03-04 10:35,41719.18,41733.25,41687.34,41726.61,6.18129111,41718.33000000,41733.86000000,41684.09000000,41725.66000000,33.17579000,41745.0,41760.0,41721.0,41742.33669033,3.39307521,41724.0,41724.0,41715.3,41724.0,0.04249895
2022-03-04 10:36,41726.27,41767.85,41712.1,41764.74,10.11483021,41725.66000000,41766.66000000,41711.70000000,41760.00000000,42.79313000,41745.0,41780.85961147,41745.0,41780.85961147,0.94469209,41724.0,41739.7,41723.9,41739.7,0.11738768
2022-03-04 10:37,41762.39,41770.1,41736.39,41747.15,8.26212452,41759.99000000,41771.69000000,41735.05000000,41753.29000000,42.36978000,41766.0,41785.0,41765.0,41781.0,2.86560469,41739.7,41795.8,41739.7,41763.5,11.95021847
2022-03-04 10:38,41745.04,41746.81,41719.14,41733.01,9.23113279,41753.30000000,41753.30000000,41721.11000000,41748.07000000,49.15886000,41772.0,41772.0,41751.14192945,41758.84651368,1.07138252,41763.5,41763.5,41755.0,41755.0,0.1064234
2022-03-04 10:39,41739.81,41749.31,41716.57,41723.13,7.9399556,41748.07000000,41752.28000000,41720.36000000,41720.36000000,35.94616000,41758.0,41769.0,41746.0,41748.0,2.0104381,41755.1,41758.5,41750.0,41750.0,3.8883041100000004
2022-03-04 10:40,41718.85,41737.56,41710.09,41733.44,1.28795821,41720.37000000,41733.45000000,41716.20000000,41733.44000000,21.09570000,41748.0,41754.44389412,41747.0,41747.0,0.50511163,41750.0,41750.0,41739.0,41743.7,0.06059871
2022-03-04 10:41,41732.16,41746.71,41720.88,41744.06,2.83908183,41733.45000000,41746.95000000,41724.64000000,41746.10000000,11.06642000,41747.0,41762.0,41746.0,41762.0,0.8418277,41743.7,41748.5,41743.0,41743.0,1.62308706
2022-03-04 10:42,41744.06,41793.1,41738.43,41772.28,4.47401167,41746.09000000,41790.00000000,41741.25000000,41768.89000000,41.79997000,41758.0,41808.0,41757.74585879,41795.0,4.72794206,41743.0,41768.5,41743.0,41767.8,24.12962316
2022-03-04 10:43,41769.07,41778.51,41746.01,41775.17,3.39147873,41768.89000000,41780.00000000,41750.01000000,41776.22000000,44.02771000,41797.0,41803.97336415,41779.0,41803.97336415,0.88786634,41766.5,41767.9,41766.5,41767.9,0.030100000000000002
2022-03-04 10:44,41775.43,41775.43,41709.95,41721.07,7.12149573,41776.22000000,41776.22000000,41712.82000000,41719.32000000,37.53895000,41796.0,41800.0,41746.0,41746.0,1.7554239,41766.5,41766.5,41739.7,41739.7,0.29198452999999996
2022-03-04 10:45,41720.36,41758.5,41711.86,41721.88,6.89334973,41719.32000000,41743.08000000,41712.86000000,41715.41000000,12.59406000,41755.54454901,41774.0,41749.0,41749.0,1.32986026,41739.1,41739.1,41739.1,41739.1,0.00701457
2022-03-04 10:46,41722.89,41726.28,41712.36,41713.56,0.4924936,41715.42000000,41717.85000000,41711.70000000,41711.71000000,10.99299000,41749.0,41751.0,41749.0,41749.0,2.29512193,41739.0,41739.1,41739.0,41739.1,1.07245437
2022-03-04 10:47,41713.04,41737.79,41709.17,41728.8,2.06751826,41711.71000000,41726.13000000,41711.71000000,41720.44000000,11.36712000,41749.0,41761.0,41749.0,41755.0,0.82672704,41739.1,41739.1,41739.0,41739.0,0.40872269
2022-03-04 10:48,41725.17,41732.19,41708.91,41715.0,4.22929919,41720.44000000,41720.44000000,41711.70000000,41711.71000000,28.26820000,41749.0,41754.0,41749.0,41749.0,1.47220615,41739.1,41739.1,41735.6,41735.6,0.08524285
2022-03-04 10:49,41714.83,41729.14,41709.01,41729.14,4.54093294,41711.71000000,41722.15000000,41711.70000000,41722.15000000,8.71623000,41749.0,41754.0,41749.0,41752.0,1.98975663,41735.7,41735.7,41727.9,41727.9,0.11455757
2022-03-04 10:50,41728.12,41731.8,41690.7,41727.88,2.72413146,41722.14000000,41722.15000000,41692.82000000,41722.12000000,58.91418000,41752.0,41754.0,41728.0,41741.0,16.35854646,41728.0,41734.0,41704.9,41734.0,10.778121050000001
2022-03-04 10:51,41723.84,41755.87,41711.25,41755.87,2.35778281,41722.12000000,41755.00000000,41710.95000000,41755.00000000,16.64016000,41747.0,41781.76415562,41747.0,41781.76415562,0.2717385,41722.8,41770.1,41722.8,41754.7,6.07047187
2022-03-04 10:52,41761.48,41764.19,41739.69,41764.19,1.12125798,41755.00000000,41758.99000000,41739.89000000,41757.24000000,8.44570000,41778.46255434,41784.0,41778.46255434,41781.0,0.06790086,41754.7,41754.7,41754.7,41754.7,0.04785315
2022-03-04 10:53,41760.48,41764.56,41739.69,41739.7,3.4863424,41757.24000000,41759.18000000,41737.68000000,41737.68000000,13.63664000,41784.0,41784.10944313,41770.0,41770.0,0.21449563,41754.8,41776.0,41754.8,41754.9,4.41521657
2022-03-04 10:54,41742.35,41744.41,41728.76,41730.57,3.0359537,41737.69000000,41737.69000000,41725.23000000,41725.24000000,6.59185000,41774.0,41774.34083976,41766.0,41766.0,1.40955961,41754.8,41754.8,41754.7,41754.8,0.14201723
2022-03-04 10:55,41728.54,41729.9,41680.41,41698.78,2.98389273,41725.23000000,41725.24000000,41676.59000000,41691.80000000,18.51139000,41766.0,41766.0,41714.0,41727.90881887,2.5676589,41754.8,41754.8,41695.0,41695.0,1.8034702999999999
2022-03-04 10:56,41699.35,41700.25,41681.9,41695.51,10.44147832,41691.79000000,41691.80000000,41679.63000000,41691.80000000,12.36698000,41730.10913572,41730.10913572,41715.0,41725.0,0.79271019,41704.8,41704.8,41698.4,41698.4,1.06095942
2022-03-04 10:57,41694.84,41697.61,41662.55,41663.19,3.11242115,41691.79000000,41691.80000000,41658.31000000,41658.72000000,16.77491000,41726.0,41726.0,41703.70533357,41703.70533357,0.4531337,41698.5,41698.5,41686.2,41687.5,0.05680499
2022-03-04 10:58,41659.94,41680.86,41658.13,41673.37,6.6438527,41658.71000000,41678.08000000,41653.46000000,41673.15000000,14.29588000,41688.0,41707.00580884,41688.0,41707.00580884,0.39127729,41687.4,41687.4,41679.6,41679.8,0.0055162200000000005
2022-03-04 10:59,41672.92,41689.19,41661.81,41679.94,4.22111258,41673.15000000,41678.07000000,41660.00000000,41676.57000000,6.43836000,41700.0,41702.0,41697.0,41702.0,0.56339288,41679.7,41679.7,41679.7,41679.7,3.0
2022-03-04 11:00,41677.99,41704.06,41673.43,41704.06,1.56990485,41676.56000000,41707.18000000,41674.07000000,41707.18000000,19.59032000,41709.0,41721.0,41699.0,41721.0,0.7129927,41679.8,41684.5,41679.7,41684.5,0.22267098
2022-03-04 11:01,41711.1,41716.02,41629.59,41670.61,6.14024533,41707.17000000,41713.95000000,41605.31000000,41659.51000000,63.29339000,41729.93224736,41737.0,41662.99947192,41683.90248196,2.25049683,41684.6,41695.5,41630.2,41642.8,1.43578071
2022-03-04 11:02,41673.8,41673.8,41583.91,41584.9,5.04943497,41659.51000000,41662.15000000,41570.97000000,41570.98000000,33.54413000,41679.50184827,41679.50184827,41619.0,41619.0,10.20739746,41670.8,41670.8,41585.5,41585.5,4.57693933
2022-03-04 11:03,41584.06,41635.11,41584.06,41634.86,5.65565487,41570.97000000,41620.31000000,41570.97000000,41617.89000000,26.44042000,41615.69265974,41656.0,41615.69265974,41656.0,1.7121219,41585.5,41623.9,41585.5,41620.6,0.1988405
2022-03-04 11:04,41630.64,41733.73,41630.64,41721.62,2.56908116,41617.88000000,41718.69000000,41617.88000000,41715.83000000,23.67728000,41663.0,41745.53287004,41663.0,41745.53287004,3.13513966,41635.4,41724.1,41635.4,41724.1,5.07807996
2022-03-04 11:05,41721.61,41750.33,41718.49,41731.84,2.6891782,41715.84000000,41737.32000000,41707.80000000,41718.27000000,16.53909000,41746.0,41760.0,41742.0,41747.0,0.10700355,41724.1,41724.2,41724.1,41724.2,0.08269259
2022-03-04 11:06,41728.09,41728.09,41709.42,41710.31,1.0242992,41718.26000000,41718.27000000,41700.20000000,41704.95000000,8.50358000,41743.0,41750.0,41742.0,41742.0,0.66880964,41724.2,41724.2,41724.1,41724.2,0.07458291
2022-03-04 11:07,41711.45,41716.42,41671.78,41695.53,0.92303047,41704.96000000,41705.56000000,41657.37000000,41681.18000000,13.07518000,41734.0,41740.0,41708.21158288,41709.0,0.57255233,41724.2,41724.2,41701.0,41701.1,2.46579065
2022-03-04 11:08,41693.64,41693.64,41654.28,41661.29,2.9168134,41681.18000000,41681.19000000,41644.27000000,41644.27000000,10.33260000,41720.57917437,41720.57917437,41693.0,41693.0,0.00689822,41701.1,41701.1,41690.0,41690.1,2.79960578
2022-03-04 11:09,41661.29,41676.82,41656.01,41663.84,5.71291428,41644.28000000,41662.61000000,41644.27000000,41649.87000000,8.28752000,41693.0,41693.0,41689.0,41689.0,0.61787406,41690.0,41690.1,41690.0,41690.1,1.01342835
2022-03-04 11:10,41659.02,41676.01,41649.11,41673.59,2.73368454,41649.87000000,41668.25000000,41640.86000000,41667.31000000,11.40811000,41690.0,41690.22521685,41676.0,41690.0,0.97213423,41690.0,41690.0,41659.3,41662.1,1.35703646
2022-03-04 11:11,41671.3,41671.3,41654.0,41657.74,4.18219455,41667.30000000,41667.31000000,41646.01000000,41646.57000000,7.68719000,41690.22521685,41691.0,41690.0,41691.0,0.57667806,41664.1,41664.1,41658.3,41658.8,0.83763556
2022-03-04 11:12,41657.73,41676.0,41655.22,41657.74,2.51710997,41646.57000000,41661.50000000,41643.89000000,41646.57000000,12.34645000,41690.22521685,41704.0,41690.22521685,41692.0,1.79797294,41659.0,41687.0,41658.9,41661.9,15.94630011
2022-03-04 11:13,41657.74,41673.83,41650.0,41662.89,5.43767082,41646.57000000,41658.32000000,41640.01000000,41646.19000000,10.58118000,41690.0,41699.0,41673.0,41694.0,0.59052603,41648.2,41673.7,41648.2,41659.4,0.00979931
2022-03-04 11:14,41662.82,41664.85,41650.0,41656.35,1.77421944,41646.18000000,41646.57000000,41636.20000000,41636.21000000,5.72746000,41682.0,41685.0,41673.0,41673.0,0.9725791100000001,41657.5,41657.5,41657.2,41657.2,0.05042565
2022-03-04 11:15,41650.01,41673.82,41634.12,41644.47,4.42500133,41636.20000000,41654.08000000,41626.04000000,41631.12000000,12.32600000,41673.0,41693.0,41673.0,41676.0,4.73729418,41657.3,41657.4,41657.3,41657.4,0.01972678
2022-03-04 11:16,41644.44,41665.07,41643.4,41648.64,2.58597338,41631.12000000,41645.56000000,41631.12000000,41638.55000000,10.97082000,41676.83496576,41685.0,41676.83496576,41681.0,1.65002965,41657.5,41657.5,41657.5,41657.5,0.01261512
2022-03-04 11:17,41653.32,41655.6,41625.01,41638.35,3.28406096,41638.55000000,41641.14000000,41620.01000000,41622.36000000,10.35654000,41681.23206807,41681.23206807,41672.0,41672.0,8.14731146,41657.4,41657.4,41657.1,41657.1,0.13975667
2022-03-04 11:18,41641.13,41670.59,41633.2,41652.38,2.98030494,41622.37000000,41650.13000000,41622.36000000,41636.87000000,13.10057000,41672.0,41683.0,41651.31390794,41682.0,8.98414256,41638.0,41644.8,41638.0,41642.5,0.10084078
2022-03-04 11:19,41650.0,41657.93,41641.1,41650.63,2.66210109,41636.87000000,41642.69000000,41631.65000000,41637.89000000,11.61535000,41677.0,41677.93424133,41670.0,41671.0,0.65036364,41642.9,41654.8,41642.9,41654.8,0.07021898
2022-03-04 11:20,41650.11,41660.51,41635.82,41652.72,7.01793096,41637.89000000,41643.44000000,41634.81000000,41637.29000000,7.47934000,41676.0,41680.0,41675.73569018,41677.82828057,0.09305337,41654.8,41657.1,41654.7,41657.1,0.0415075
2022-03-04 11:21,41652.68,41652.77,41629.39,41638.94,2.98762636,41637.29000000,41637.29000000,41623.67000000,41626.66000000,10.37029000,41678.0,41678.0,41658.14728094,41658.14728094,0.797347,41654.7,41654.7,41654.6,41654.6,0.08862625
2022-03-04 11:22,41636.75,41652.36,41583.75,41601.13,2.47978278,41626.66000000,41636.57000000,41575.13000000,41590.88000000,15.50973000,41664.74293441,41664.74293441,41618.05883488,41621.0,1.6755460800000002,41654.6,41654.6,41600.0,41600.0,0.41207814000000004
2022-03-04 11:23,41601.11,41669.9,41601.11,41668.12,2.2776172,41590.88000000,41657.62000000,41590.88000000,41657.61000000,17.71279000,41624.0,41692.22482384,41624.0,41689.0,9.856634960000001,41640.3,41669.8,41640.3,41669.5,1.3328864500000002
2022-03-04 11:24,41668.07,41686.92,41664.82,41681.85,2.90918087,41657.61000000,41672.40000000,41657.61000000,41662.95000000,13.36303000,41694.0,41705.57246115,41694.0,41701.0,0.67525037,41670.7,41670.7,41670.7,41670.7,0.00909594
2022-03-04 11:25,41678.6,41685.22,41662.65,41679.08,3.95344756,41662.95000000,41676.39000000,41653.50000000,41664.49000000,29.89814000,41698.82047731,41699.0,41685.06521324,41697.14784083,0.7595498,41670.6,41670.6,41670.6,41670.6,0.00013139
2022-03-04 11:26,41674.09,41683.96,41659.72,41671.87,2.25149201,41662.47000000,41673.02000000,41655.21000000,41664.99000000,18.40545000,41691.0,41703.0,41691.0,41702.0,0.19005453,41670.6,41675.0,41670.6,41674.7,0.028900159999999998
2022-03-04 11:27,41672.84,41680.42,41662.15,41665.06,1.48452903,41664.99000000,41671.12000000,41657.97000000,41660.01000000,6.87383000,41693.0,41702.0,41693.0,41696.0,0.6479112,41674.5,41674.9,41674.5,41674.9,0.00268579
2022-03-04 11:28,41667.67,41681.04,41654.8,41675.67,6.11272311,41660.00000000,41670.73000000,41655.51000000,41667.07000000,10.21259000,41694.95099945,41697.0,41686.0,41691.65573738,1.18416143,41672.7,41675.0,41672.7,41674.6,0.12161351
2022-03-04 11:29,41675.67,41712.84,41660.85,41709.21,3.84591371,41667.06000000,41706.24000000,41658.60000000,41706.24000000,20.59575000,41695.0,41738.0,41693.0,41738.0,2.53202672,41672.7,41687.0,41672.6,41687.0,0.75952575
2022-03-04 11:30,41706.63,41723.35,41694.43,41706.84,2.38164515,41706.23000000,41712.24000000,41693.24000000,41701.04000000,23.07117000,41733.0,41743.28150985,41733.0,41742.0,0.28333951,41687.0,41687.0,41686.9,41686.9,5.27615722
2022-03-04 11:31,41711.36,41759.65,41696.25,41716.08,14.00963441,41701.05000000,41750.00000000,41692.66000000,41711.83000000,36.22864000,41743.28150985,41786.0,41739.0,41746.0,3.89926545,41687.0,41753.7,41687.0,41715.7,1.47260367
2022-03-04 11:32,41717.07,41756.54,41705.0,41754.95,5.11667676,41711.83000000,41749.39000000,41702.26000000,41749.39000000,15.54159000,41748.0,41773.0,41745.0,41773.0,0.86276622,41715.9,41751.5,41715.9,41751.5,4.39682638
2022-03-04 11:33,41755.01,41780.76,41742.23,41773.33,5.68345747,41749.39000000,41772.14000000,41739.13000000,41765.38000000,18.20370000,41779.52939264,41813.0,41778.0,41803.0,0.34056846,41753.8,41759.9,41753.8,41759.9,0.04556093
2022-03-04 11:34,41768.23,41775.76,41740.74,41752.92,4.11745702,41765.38000000,41769.32000000,41743.53000000,41747.00000000,11.47791000,41801.0,41801.0,41780.0,41780.0,5.44857685,41763.3,41768.6,41763.2,41763.3,2.21319524
2022-03-04 11:35,41755.63,41801.71,41721.49,41740.38,19.15867321,41747.00000000,41790.86000000,41714.66000000,41730.81000000,56.15936000,41785.0,41830.0,41755.0,41759.36398476,5.96203241,41763.3,41778.9,41734.0,41750.0,9.43150316
2022-03-04 11:36,41738.1,41750.69,41728.5,41732.28,2.06888661,41730.80000000,41743.81000000,41721.00000000,41730.99000000,11.93777000,41769.24681828,41773.0,41761.0,41762.0,0.50226386,41745.7,41745.7,41735.3,41735.3,0.26883929
2022-03-04 11:37,41729.78,41734.62,41708.16,41720.53,3.75713736,41730.99000000,41731.00000000,41705.73000000,41719.87000000,13.47933000,41762.0,41763.0,41750.0,41762.0,1.54655397,41735.4,41735.4,41727.6,41727.6,1.7939711299999999
2022-03-04 11:38,41720.52,41733.0,41699.79,41702.98,3.54211104,41719.88000000,41719.88000000,41687.01000000,41701.76000000,21.96515000,41761.56016998,41761.56016998,41733.0,41739.59831772,0.13824665,41711.0,41715.2,41702.6,41709.9,0.25733543999999997
2022-03-04 11:39,41701.98,41706.0,41671.2,41701.25,2.4631196,41701.75000000,41701.76000000,41672.34000000,41696.80000000,13.49827000,41739.59831772,41739.59831772,41715.0,41731.0,1.14214206,41709.9,41709.9,41687.0,41704.9,1.4039863000000001
2022-03-04 11:40,41705.34,41721.36,41694.38,41714.3,1.41166708,41696.80000000,41705.17000000,41689.39000000,41705.16000000,8.50796000,41734.0,41734.0,41720.9307433,41727.0,1.10562771,41704.9,41705.0,41701.2,41705.0,0.27225801
2022-03-04 11:41,41713.46,41761.36,41713.46,41754.26,5.15935241,41705.16000000,41745.78000000,41705.16000000,41745.78000000,8.69364000,41739.0,41778.0,41739.0,41778.0,0.32239518,41705.0,41724.8,41704.9,41724.8,3.51190523
2022-03-04 11:42,41754.26,41773.41,41754.26,41773.12,2.01429816,41745.78000000,41760.00000000,41745.77000000,41759.99000000,12.11914000,41778.0,41784.62011486,41778.0,41784.62011486,0.1439166,41724.8,41730.0,41724.8,41730.0,2.4764361299999997
2022-03-04 11:43,41771.03,41775.8,41746.92,41760.86,1.87468879,41760.00000000,41760.54000000,41740.00000000,41750.00000000,6.93622000,41785.0,41797.0,41785.0,41794.0,4.21413215,41730.0,41760.3,41730.0,41760.3,0.66610316
2022-03-04 11:44,41760.86,41765.55,41673.12,41709.46,10.96474041,41750.00000000,41750.01000000,41664.31000000,41693.50000000,42.70263000,41789.0,41789.0,41706.0,41722.0,40.92993401,41754.8,41754.8,41704.9,41704.9,0.39707979
2022-03-04 11:45,41708.94,41708.94,41672.08,41693.74,2.76501786,41693.51000000,41693.51000000,41663.77000000,41688.01000000,10.48960000,41725.0,41725.0,41698.51323599,41714.0,1.06504291,41705.0,41705.0,41700.0,41700.0,0.25012614
2022-03-04 11:46,41699.26,41703.33,41676.01,41699.57,4.11478752,41688.01000000,41692.78000000,41668.45000000,41692.78000000,12.57077000,41719.44807298,41720.54577987,41698.0,41698.0,1.31943618,41700.1,41700.1,41658.5,41676.7,24.04881224
2022-03-04 11:47,41699.61,41714.59,41694.08,41706.21,2.06777736,41692.77000000,41700.77000000,41688.38000000,41695.68000000,10.00926000,41722.0,41765.0,41717.0,41729.0,28.74660663,41696.6,41696.6,41696.5,41696.6,1.1997494100000001
2022-03-04 11:48,41705.22,41753.99,41704.94,41749.18,2.92578304,41695.67000000,41739.01000000,41695.67000000,41739.00000000,15.56198000,41740.0,41760.0,41740.0,41760.0,2.65102535,41696.5,41741.0,41696.5,41741.0,0.64994486
2022-03-04 11:49,41753.96,41781.75,41749.83,41756.15,2.29278687,41739.01000000,41770.00000000,41739.00000000,41748.50000000,10.13495000,41760.0,41802.87379664,41760.0,41786.0,0.35666679,41749.3,41774.4,41749.3,41774.4,0.50908334
2022-03-04 11:50,41758.4,41784.17,41752.35,41784.16,2.73514288,41748.51000000,41774.17000000,41748.50000000,41774.17000000,41.52094000,41791.0,41801.0,41789.0,41801.0,0.5422596000000001,41756.7,41760.1,41756.7,41760.1,0.65237898
2022-03-04 11:51,41784.16,41793.07,41770.02,41783.75,3.15601143,41774.17000000,41782.36000000,41762.28000000,41772.64000000,14.33862000,41801.0,41803.30482756,41801.0,41803.30482756,0.00151972,41760.1,41764.7,41760.1,41764.6,0.7090559399999999
2022-03-04 11:52,41784.13,41810.0,41775.24,41810.0,4.47865323,41772.63000000,41800.00000000,41771.01000000,41800.00000000,23.48704000,41811.0,41832.0,41809.46003798,41832.0,0.51821592,41764.7,41820.2,41764.7,41801.8,24.50159219
2022-03-04 11:53,41810.0,41909.42,41810.0,41886.1,46.72636461,41800.00000000,41904.88000000,41799.99000000,41867.55000000,147.38486000,41832.51188268,41932.0,41832.51188268,41904.28862232,22.74466368,41818.8,41920.8,41818.8,41874.7,24.21723854
2022-03-04 11:54,41882.4,41890.41,41851.6,41864.11,9.85753925,41867.55000000,41874.96000000,41825.18000000,41847.34000000,41.45407000,41904.0,41954.0,41883.0,41883.0,26.32204122,41878.2,41895.7,41875.4,41880.8,8.5539145
2022-03-04 11:55,41866.25,41866.25,41799.33,41850.34,101.17235457,41847.35000000,41847.35000000,41777.78000000,41829.65000000,34.78468000,41888.0,41888.0,41829.21876201,41870.0,2.97127329,41880.8,41880.8,41804.2,41826.9,0.6967869400000001
2022-03-04 11:56,41850.34,41850.34,41792.0,41806.39,4.88436145,41829.65000000,41833.36000000,41772.50000000,41785.00000000,30.19618000,41875.82650532,41875.82650532,41826.0,41826.11378732,11.814156670000001,41826.9,41836.5,41788.0,41801.4,1.36308328
2022-03-04 11:57,41803.67,41809.66,41774.61,41785.62,4.75057906,41784.99000000,41788.51000000,41757.47000000,41766.09000000,25.64275000,41826.0,41826.0,41802.0,41806.0,1.3863197,41797.4,41797.4,41795.6,41795.7,0.5501715500000001
2022-03-04 11:58,41784.6,41785.62,41600.21,41671.58,11.12724725,41766.09000000,41766.79000000,41585.00000000,41653.95000000,83.82680000,41806.3487497,41806.3487497,41640.0,41699.0,15.4993239,41795.6,41795.6,41626.2,41669.4,3.00077922
2022-03-04 11:59,41671.57,41699.73,41629.91,41677.49,4.55660112,41653.95000000,41680.00000000,41611.98000000,41662.07000000,44.49173000,41698.0,41724.99692946,41670.0,41708.0,4.65761247,41669.6,41669.6,41665.5,41665.5,0.04542615
2022-03-04 12:00,41675.33,41745.1,41665.52,41684.88,4.26723091,41662.06000000,41734.12000000,41649.41000000,41671.48000000,32.87343000,41698.0,41768.33856957,41698.0,41722.0,2.33882021,41669.8,41734.3,41669.8,41734.3,0.48377939000000003
2022-03-04 12:01,41684.88,41720.86,41684.57,41719.85,6.60785284,41671.47000000,41704.98000000,41671.10000000,41700.33000000,11.95477000,41719.0,41735.0,41719.0,41735.0,0.6126772,41687.5,41750.1,41686.6,41750.0,65.14187379
2022-03-04 12:02,41719.85,41725.55,41704.47,41725.55,4.48733475,41700.33000000,41704.50000000,41688.75000000,41704.49000000,13.24328000,41752.0,41752.0,41734.0,41745.0,0.21452642,41750.0,41750.1,41750.0,41750.0,12.39684215
2022-03-04 12:03,41727.28,41730.18,41690.26,41723.71,7.92910815,41704.49000000,41705.03000000,41668.80000000,41701.92000000,28.27909000,41743.0,41748.0,41726.0,41748.0,0.55379853,41750.0,41750.0,41695.6,41720.8,128.12804207
2022-03-04 12:04,41723.71,41765.88,41722.93,41756.48,7.34125997,41701.92000000,41743.90000000,41701.91000000,41735.33000000,17.90680000,41749.0,41785.48565443,41749.0,41778.74056319,1.19649992,41720.8,41741.0,41720.8,41733.4,0.42886262
2022-03-04 12:05,41756.48,41782.91,41753.34,41766.87,10.32646375,41735.34000000,41762.43000000,41735.33000000,41749.96000000,9.47622000,41789.0,41799.0,41780.0,41784.0,1.58126106,41750.1,41768.9,41750.0,41766.6,0.13244657
2022-03-04 12:06,41764.36,41764.36,41713.76,41732.06,10.3837198,41749.97000000,41749.97000000,41694.95000000,41714.84000000,21.13587000,41785.0,41785.0,41750.4886304,41773.0,1.0294427000000002,41750.8,41750.8,41750.8,41750.8,0.0003347
2022-03-04 12:07,41732.05,41732.05,41655.41,41655.41,6.634619,41714.84000000,41716.98000000,41641.88000000,41645.87000000,27.20389000,41747.46620694,41751.0,41696.0,41696.0,0.6699955,41750.8,41750.8,41708.1,41708.5,0.09397807
2022-03-04 12:08,41655.41,41663.78,41598.91,41610.8,7.30545659,41645.87000000,41649.78000000,41587.15000000,41593.66000000,32.94867000,41695.0,41695.0,41636.0,41639.0,1.56354983,41686.5,41686.5,41647.8,41647.8,0.049210910000000004
2022-03-04 12:09,41607.07,41642.87,41560.02,41562.83,8.38193987,41593.65000000,41626.46000000,41550.00000000,41551.52000000,35.57166000,41661.0,41661.0,41595.0,41603.61923377,15.46635747,41630.1,41647.1,41600.0,41600.0,0.17835201
2022-03-04 12:10,41565.7,41607.2,41544.37,41587.5,16.14226344,41551.51000000,41587.20000000,41543.32000000,41573.36000000,56.72611000,41599.0,41627.0,41598.0,41620.09026123,20.98076202,41600.0,41610.2,41600.0,41600.1,5.814101089999999
2022-03-04 12:11,41584.7,41602.46,41524.21,41532.47,12.19352507,41573.37000000,41583.40000000,41511.00000000,41513.92000000,17.28327000,41620.09026123,41626.0,41561.0,41567.38297335,6.15467182,41600.0,41600.1,41561.7,41561.7,1.5866433500000001
2022-03-04 12:12,41531.33,41610.02,41529.11,41547.52,49.46747741,41513.93000000,41589.99000000,41513.92000000,41537.63000000,37.80999000,41581.0,41620.09026123,41581.0,41582.0,1.63918153,41560.1,41590.0,41559.7,41590.0,0.11682994
2022-03-04 12:13,41550.0,41596.24,41506.96,41575.12,28.67796602,41537.62000000,41579.85000000,41531.71000000,41561.96000000,27.82889000,41578.23743995,41621.0,41578.23743995,41608.01150776,1.61659748,41559.6,41590.1,41559.6,41589.5,0.19969295999999997
2022-03-04 12:14,41579.24,41600.0,41565.27,41579.34,3.75443152,41561.95000000,41589.98000000,41556.63000000,41570.13000000,15.41605000,41612.0,41624.48253522,41602.0,41611.46069357,1.1697707800000001,41585.6,41590.1,41585.6,41590.1,0.07192856
2022-03-04 12:15,41580.69,41602.5,41574.99,41584.27,1.60327046,41570.12000000,41585.00000000,41563.05000000,41571.12000000,7.14936000,41615.0,41625.58060372,41615.0,41625.0,0.78572315,41590.0,41590.1,41589.9,41590.1,0.63337511
2022-03-04 12:16,41582.32,41589.64,41551.21,41562.01,6.63260321,41571.12000000,41575.12000000,41545.00000000,41545.73000000,18.52714000,41618.0,41618.0,41604.0,41604.0,2.42757467,41590.0,41590.1,41590.0,41590.1,0.03064993
2022-03-04 12:17,41559.37,41599.99,41559.37,41585.87,22.56833189,41545.72000000,41586.65000000,41545.72000000,41577.72000000,31.21499000,41609.82898888,41616.47019758,41600.0,41600.0,1.91360299,41590.2,41597.5,41590.1,41597.5,0.18083712000000002
2022-03-04 12:18,41581.67,41591.75,41567.09,41573.37,5.46087201,41577.71000000,41586.14000000,41567.14000000,41568.62000000,9.74833000,41613.2955888,41614.0,41604.0,41604.0,1.42187882,41597.6,41597.6,41597.6,41597.6,0.06815115
2022-03-04 12:19,41575.51,41634.81,41568.86,41589.37,4.63914527,41568.61000000,41629.97000000,41566.81000000,41587.05000000,37.08680000,41599.0,41659.23881693,41599.0,41655.0,2.62696117,41597.6,41619.5,41597.6,41619.5,2.27455885
2022-03-04 12:20,41589.37,41621.64,41585.47,41610.24,2.51661753,41587.05000000,41614.24000000,41582.66000000,41608.09000000,14.90254000,41624.43964802,41651.30770581,41624.43964802,41651.30770581,0.18591847,41619.6,41619.6,41619.5,41619.6,0.61655324
2022-03-04 12:21,41614.2,41620.46,41570.01,41580.0,4.61424789,41608.09000000,41608.89000000,41565.00000000,41568.01000000,23.56571000,41649.0,41649.0,41607.42496051,41608.0,0.90188452,41619.6,41619.6,41619.3,41619.3,0.00815535
2022-03-04 12:22,41580.14,41581.23,41542.55,41556.18,7.12278023,41568.01000000,41568.01000000,41540.25000000,41548.50000000,12.91000000,41607.0,41607.0,41586.42313462,41592.0,1.5935871000000001,41590.1,41590.1,41561.9,41566.2,0.06748623
2022-03-04 12:23,41557.06,41557.07,41511.0,41543.85,4.91435042,41548.49000000,41548.50000000,41514.25000000,41537.04000000,16.69534000,41591.0,41591.0,41567.0,41581.0,0.88193913,41561.9,41561.9,41543.4,41546.9,0.72766866
2022-03-04 12:24,41543.86,41561.26,41538.9,41558.45,2.03835093,41537.04000000,41551.09000000,41537.03000000,41546.72000000,9.29918000,41569.95292076,41588.0,41569.0,41587.0,1.8535983200000001,41550.0,41550.0,41549.9,41550.0,0.061628260000000004
2022-03-04 12:25,41555.72,41555.73,41408.34,41410.98,28.88707367,41546.72000000,41546.73000000,41400.38000000,41402.02000000,118.58886000,41578.0,41578.0,41434.0,41434.0,18.00921762,41550.0,41552.7,41440.0,41441.7,5.93650241
2022-03-04 12:26,41407.91,41467.06,41402.16,41414.55,7.96555752,41402.01000000,41453.93000000,41385.10000000,41408.23000000,64.35256000,41439.74205718,41476.0,41439.74205718,41445.22553546,20.26020352,41440.0,41442.2,41416.1,41437.3,0.29473866
2022-03-04 12:27,41412.39,41425.0,41364.8,41420.68,10.57283716,41408.23000000,41421.93000000,41360.66000000,41417.98000000,62.99887000,41437.0,41456.0,41404.0,41454.0,3.86018459,41418.8,41424.8,41400.0,41424.8,5.51958924
2022-03-04 12:28,41417.17,41456.02,41377.45,41409.94,9.15606492,41417.99000000,41449.80000000,41371.25000000,41400.50000000,39.41313000,41451.0170304,41469.0,41416.0,41427.0,0.64631768,41429.3,41441.4,41400.0,41400.0,1.4108835
2022-03-04 12:29,41408.72,41448.19,41393.73,41395.77,3.27706272,41400.50000000,41447.28000000,41388.27000000,41394.50000000,41.01219000,41431.0,41471.0,41428.0,41432.0,5.30142647,41400.1,41446.4,41400.1,41400.2,4.66479573
2022-03-04 12:30,41399.9,41455.89,41398.64,41411.59,1.65415102,41394.49000000,41448.75000000,41394.49000000,41407.32000000,21.10085000,41433.0,41476.0,41433.0,41440.0,2.47336361,41403.5,41452.2,41403.5,41414.6,0.8962133099999999
2022-03-04 12:31,41411.59,41450.42,41404.73,41414.51,6.91626019,41407.32000000,41442.76000000,41403.62000000,41412.82000000,24.35579000,41468.0,41468.0,41447.0,41447.0,2.47160928,41433.2,41436.5,41402.3,41407.6,13.8670665
2022-03-04 12:32,41414.06,41422.32,41350.0,41353.84,5.55073835,41412.82000000,41413.27000000,41346.42000000,41346.42000000,31.68973000,41440.0,41448.0,41387.09741696,41387.09741696,3.22431782,41407.6,41417.6,41388.0,41388.1,3.44253639
2022-03-04 12:33,41352.39,41437.84,41347.39,41435.46,5.70173469,41346.42000000,41422.31000000,41340.23000000,41422.31000000,57.10217000,41386.0,41453.51656161,41381.0,41453.51656161,4.02790483,41388.1,41419.9,41377.0,41419.9,1.25325961
2022-03-04 12:34,41435.36,41484.88,41424.53,41454.28,5.44469998,41422.30000000,41476.10000000,41419.90000000,41449.23000000,19.42068000,41459.0,41507.0,41459.0,41488.0,8.43547579,41419.8,41474.8,41419.8,41452.4,0.2607979
2022-03-04 12:35,41453.35,41494.8,41426.36,41463.34,6.34854944,41449.23000000,41482.75000000,41424.38000000,41458.22000000,35.75305000,41482.0,41519.0,41482.0,41497.37593835,2.79489338,41454.6,41465.6,41436.4,41465.6,3.12961787
2022-03-04 12:36,41464.5,41533.51,41464.5,41493.96,6.47604415,41458.22000000,41521.85000000,41458.22000000,41486.88000000,29.14793000,41515.0,41549.0,41504.0191324,41532.52335629,0.80803221,41465.6,41523.0,41465.6,41523.0,0.59664622
2022-03-04 12:37,41493.6,41511.81,41489.89,41503.65,4.01886747,41486.89000000,41499.91000000,41485.86000000,41496.27000000,10.44700000,41526.60599216,41533.61989561,41523.0,41529.26326978,0.31448809,41523.1,41523.1,41496.1,41505.9,0.29822877000000003
2022-03-04 12:38,41503.36,41542.43,41503.36,41515.3,2.93964328,41496.26000000,41528.88000000,41496.26000000,41510.45000000,16.85513000,41535.90646383,41562.0,41529.0,41540.19913154,1.93542638,41507.9,41523.0,41507.9,41510.4,0.70237547
2022-03-04 12:39,41520.0,41634.81,41514.66,41622.21,13.50212674,41510.44000000,41632.76000000,41510.44000000,41614.58000000,78.12737000,41553.17876835,41660.0,41549.0,41660.0,8.74055931,41523.1,41630.6,41523.1,41620.4,6.73278811
2022-03-04 12:40,41615.47,41692.4,41599.18,41657.85,9.67910459,41614.59000000,41681.71000000,41558.90000000,41646.25000000,121.61911000,41652.82667907,41706.0,41639.98420983,41688.0,2.94979915,41619.8,41654.6,41611.3,41654.6,1.4447513
2022-03-04 12:41,41658.24,41661.82,41578.8,41606.23,4.98845647,41646.25000000,41650.41000000,41571.42000000,41597.65000000,36.96267000,41672.0,41672.0,41612.96751478,41621.0,2.03005354,41649.8,41649.8,41586.6,41586.6,0.15561018
2022-03-04 12:42,41608.38,41621.62,41566.77,41598.6,5.64720365,41597.65000000,41603.95000000,41564.96000000,41592.09000000,10.41423000,41635.55437454,41644.0,41614.0,41617.0,0.3023343,41586.7,41591.5,41586.7,41591.5,1.0188423800000002
2022-03-04 12:43,41606.77,41636.54,41559.69,41561.17,7.8763749,41592.09000000,41620.01000000,41558.33000000,41558.34000000,12.72510000,41655.0,41659.0,41610.31023716,41610.31023716,1.98650405,41626.4,41626.4,41586.6,41586.6,1.43904548
2022-03-04 12:44,41559.38,41607.91,41554.53,41607.91,4.16397688,41558.33000000,41601.28000000,41550.00000000,41601.28000000,24.41215000,41599.68112669,41626.25390288,41594.0,41618.0,0.61635766,41586.7,41596.4,41586.7,41596.4,9.62998622
2022-03-04 12:45,41610.01,41666.51,41610.01,41666.51,4.01261436,41599.99000000,41649.23000000,41599.99000000,41647.70000000,9.03069000,41637.0,41678.0,41637.0,41677.0,0.50461597,41596.4,41627.3,41596.4,41627.3,2.2051896699999998
2022-03-04 12:46,41661.88,41683.87,41635.2,41651.62,3.70094659,41647.71000000,41670.97000000,41626.48000000,41639.70000000,12.64401000,41677.39366996,41700.0,41658.0,41670.75841019,2.69054479,41627.3,41674.2,41627.3,41646.7,0.27888725
2022-03-04 12:47,41651.61,41660.69,41593.82,41596.51,2.74138235,41639.71000000,41647.63000000,41593.00000000,41593.01000000,12.74290000,41665.11413824,41665.11413824,41629.0,41639.0,1.63572042,41646.2,41646.2,41601.8,41601.8,4.3829251199999995
2022-03-04 12:48,41596.51,41601.24,41560.41,41585.77,8.87350737,41593.00000000,41593.01000000,41554.27000000,41571.88000000,29.26809000,41621.0,41621.0,41597.77055272,41604.40581249,1.80879188,41596.3,41596.4,41573.0,41577.8,1.16221565
2022-03-04 12:49,41584.97,41601.36,41553.3,41569.09,4.85266709,41571.88000000,41593.00000000,41553.96000000,41559.98000000,22.94586000,41608.0,41610.0,41594.0,41603.0,1.04987459,41596.1,41596.5,41588.8,41588.9,0.08740257
2022-03-04 12:50,41569.09,41577.76,41461.46,41495.85,9.8314434,41559.98000000,41567.52000000,41450.29000000,41491.26000000,61.20513000,41603.0,41603.0,41501.0,41525.0,1.40215164,41588.9,41588.9,41500.0,41521.8,0.73942264
2022-03-04 12:51,41500.53,41515.04,41495.46,41506.62,2.604221,41491.26000000,41506.88000000,41490.17000000,41501.36000000,10.01178000,41540.0,41540.0,41529.0,41537.0,0.55708041,41513.0,41513.0,41501.4,41504.7,0.02507046
2022-03-04 12:52,41509.79,41515.36,41455.41,41482.67,3.82628468,41501.36000000,41504.27000000,41447.78000000,41474.34000000,24.14885000,41538.0,41538.0,41494.0,41495.0,2.22265924,41504.8,41504.8,41453.8,41473.0,2.17338293
2022-03-04 12:53,41482.59,41502.93,41451.3,41454.18,6.98690168,41474.33000000,41485.00000000,41440.67000000,41443.83000000,15.45547000,41503.54986398,41518.14743547,41488.0,41488.0,0.8261828999999999,41473.1,41483.2,41473.1,41473.1,0.25008291
2022-03-04 12:54,41454.16,41493.33,41446.67,41493.33,4.50568075,41443.84000000,41472.70000000,41438.01000000,41472.70000000,10.68805000,41487.62524053,41506.0,41486.0,41506.0,0.56951899,41473.0,41473.0,41447.1,41468.0,0.07330586
2022-03-04 12:55,41493.32,41523.84,41473.6,41473.6,7.8875574,41472.69000000,41510.32000000,41466.84000000,41466.85000000,12.15225000,41519.35911626,41549.0,41519.35911626,41521.08808745,4.57753373,41472.8,41489.2,41472.8,41489.2,0.15192914
2022-03-04 12:56,41472.73,41500.48,41402.99,41468.37,5.82167288,41466.84000000,41481.02000000,41393.65000000,41459.58000000,27.45906000,41502.0,41502.0,41436.94049849,41500.24696009,1.48939143,41472.0,41472.0,41421.1,41438.6,1.0773774
2022-03-04 12:57,41465.34,41485.82,41450.0,41459.79,3.17903475,41459.58000000,41473.06000000,41443.94000000,41446.38000000,24.51387000,41501.0,41505.7227936,41487.0,41501.34212679,2.05162937,41438.6,41468.8,41438.6,41452.8,9.77162173
2022-03-04 12:58,41459.79,41475.68,41429.34,41449.51,5.10427055,41446.37000000,41467.52000000,41427.78000000,41431.69000000,13.70313000,41491.48562648,41494.0,41469.0,41469.0,0.19964761,41455.3,41456.4,41452.8,41456.4,0.007658610000000001
2022-03-04 12:59,41446.66,41537.23,41425.0,41518.25,7.08941727,41431.69000000,41527.00000000,41418.08000000,41511.29000000,24.93040000,41478.0,41566.0,41463.0,41562.67146204,2.54103055,41456.3,41529.8,41426.0,41529.8,0.47591505999999995
2022-03-04 13:00,41519.55,41581.7,41508.36,41519.84,9.49183192,41511.30000000,41566.50000000,41499.80000000,41513.51000000,20.13748000,41538.0,41595.0,41538.0,41555.00957819,0.87229031,41528.4,41560.4,41528.2,41543.6,2.1062661
2022-03-04 13:01,41520.01,41543.99,41457.22,41477.94,8.62405604,41513.51000000,41535.17000000,41449.00000000,41473.50000000,24.45533000,41566.0,41566.0,41487.0,41496.63834778,4.06546194,41535.8,41556.8,41459.8,41459.8,10.01300563
2022-03-04 13:02,41481.06,41491.04,41440.6,41485.55,3.0517245,41473.50000000,41478.75000000,41432.85000000,41478.74000000,13.89633000,41500.0,41512.0,41476.73906468,41512.0,4.5930067,41479.9,41480.0,41470.1,41470.1,0.04305788
2022-03-04 13:03,41488.97,41502.86,41445.48,41469.28,5.36963205,41478.75000000,41493.59000000,41444.26000000,41460.36000000,15.29690000,41510.0,41526.53096091,41483.0,41503.76164442,2.32395738,41470.1,41470.2,41470.1,41470.2,0.01797262
2022-03-04 13:04,41469.22,41490.01,41455.92,41464.82,5.96682609,41460.37000000,41477.93000000,41444.98000000,41456.95000000,13.00010000,41504.0,41504.0,41491.0,41500.0,1.86707233,41470.2,41475.0,41470.1,41470.1,0.08494513
2022-03-04 13:05,41469.99,41497.51,41453.0,41453.01,3.73602664,41456.94000000,41477.92000000,41444.66000000,41444.84000000,17.58848000,41486.0,41511.1986271,41480.0,41483.0,1.92416039,41474.9,41479.8,41474.9,41479.8,0.07885848
2022-03-04 13:06,41450.91,41503.28,41450.91,41489.21,4.68422719,41444.85000000,41489.15000000,41444.84000000,41478.97000000,15.02702000,41505.0163565,41519.0,41505.0163565,41508.13143047,0.95621878,41479.8,41484.6,41479.8,41480.2,0.00910689
2022-03-04 13:07,41487.5,41506.01,41471.67,41488.31,5.53521176,41478.97000000,41493.20000000,41460.77000000,41478.52000000,12.15473000,41506.0,41514.76933289,41497.0,41514.76933289,1.78646712,41484.6,41498.0,41484.6,41491.4,0.62337142
2022-03-04 13:08,41488.12,41519.33,41463.52,41483.35,4.18778166,41478.51000000,41504.14000000,41452.13000000,41467.26000000,19.28364000,41515.5147829,41531.0,41497.51078659,41500.16594756,1.43052015,41489.9,41500.0,41489.9,41500.0,1.50195698
2022-03-04 13:09,41475.58,41487.68,41461.0,41465.68,1.71778777,41467.27000000,41473.36000000,41450.47000000,41453.31000000,12.70833000,41501.0,41501.0,41489.54530368,41489.54530368,0.8463711899999999,41500.0,41500.0,41484.6,41484.6,3.02098538
2022-03-04 13:10,41465.69,41474.05,41444.52,41454.3,2.11636525,41453.31000000,41458.46000000,41434.07000000,41440.01000000,17.18706000,41489.0,41500.64003676,41474.38211836,41484.22883776,1.99382676,41484.6,41484.6,41451.0,41467.0,2.11440613
2022-03-04 13:11,41457.24,41497.15,41444.84,41489.87,2.60101304,41440.01000000,41477.40000000,41434.68000000,41475.97000000,9.16312000,41485.32291769,41517.05123576,41471.0,41506.11043643,1.65650364,41457.7,41484.5,41455.1,41484.5,0.16438635000000001
2022-03-04 13:12,41489.83,41496.63,41458.31,41460.17,2.11234822,41475.96000000,41477.93000000,41448.32000000,41448.32000000,9.60051000,41513.76899596,41513.76899596,41485.32291769,41485.32291769,1.29232355,41484.4,41484.4,41484.4,41484.4,0.00089568
2022-03-04 13:13,41459.66,41475.23,41432.96,41437.97,3.78709281,41448.32000000,41458.60000000,41417.21000000,41421.59000000,14.98876000,41498.45187689,41505.0,41459.0,41459.0,2.44855828,41464.6,41471.8,41435.9,41437.1,0.09093412
2022-03-04 13:14,41437.39,41444.12,41370.85,41398.55,13.1019049,41421.59000000,41429.92000000,41362.47000000,41385.49000000,25.52316000,41465.64885496,41465.64885496,41409.89047461,41409.89047461,4.27872332,41445.7,41445.7,41404.6,41404.6,0.15861659
2022-03-04 13:15,41398.13,41501.9,41379.39,41483.0,12.32233736,41385.48000000,41487.92000000,41385.48000000,41471.19000000,34.75681000,41427.14902091,41520.07965483,41427.14902091,41491.0,6.0281752,41433.1,41489.9,41433.1,41483.5,0.10330424
2022-03-04 13:16,41482.14,41486.18,41450.28,41457.08,3.79999644,41471.19000000,41471.20000000,41444.79000000,41444.79000000,11.46568000,41489.0,41489.16405285,41470.0,41478.0,4.62117344,41482.9,41482.9,41463.5,41463.8,0.09140693
2022-03-04 13:17,41457.07,41475.93,41424.69,41436.54,3.27471866,41444.80000000,41463.76000000,41417.33000000,41427.61000000,23.85113000,41471.67790516,41489.16405285,41445.0,41455.2846417,2.37459888,41461.9,41475.0,41433.7,41433.7,0.26133768
2022-03-04 13:18,41434.87,41451.56,41401.85,41450.21,8.88067848,41427.60000000,41435.94000000,41392.40000000,41435.94000000,24.02599000,41447.63445208,41458.0,41425.0,41458.0,1.2401619,41443.9,41443.9,41404.6,41435.0,0.31518274
2022-03-04 13:19,41450.92,41452.14,41401.25,41416.77,2.98141807,41435.94000000,41442.27000000,41400.00000000,41406.37000000,16.07402000,41435.09636856,41441.0771467,41423.0,41423.0,1.40013985,41444.9,41444.9,41412.0,41418.5,0.16611307
2022-03-04 13:20,41414.98,41447.12,41414.97,41443.21,3.96906388,41406.36000000,41436.86000000,41406.36000000,41431.93000000,10.51377000,41442.43332692,41454.37180397,41441.0,41450.0,0.52395183,41426.0,41433.9,41419.5,41433.9,0.17038682000000002
2022-03-04 13:21,41444.44,41463.51,41419.41,41460.43,24.06887433,41431.93000000,41445.00000000,41411.92000000,41445.00000000,17.38770000,41448.0,41463.0,41439.98426247,41463.0,0.8311105999999999,41433.9,41454.0,41433.9,41453.9,2.14196489
2022-03-04 13:22,41454.12,41493.97,41454.12,41487.07,4.14013298,41445.00000000,41478.11000000,41444.98000000,41469.99000000,14.52675000,41463.0,41490.25693708,41463.0,41490.25693708,0.6066437,41453.9,41475.2,41453.9,41475.2,0.08881883
2022-03-04 13:23,41486.85,41497.51,41451.56,41489.09,14.82405746,41469.99000000,41483.21000000,41456.29000000,41478.08000000,19.09361000,41491.0,41505.55731631,41490.0,41505.55731631,5.098213,41475.1,41475.2,41475.1,41475.2,0.0331272
2022-03-04 13:24,41492.43,41517.5,41461.66,41465.31,5.69320782,41478.07000000,41505.65000000,41457.80000000,41457.81000000,18.45096000,41504.0,41519.0,41502.0,41512.1146217,1.76213263,41475.2,41480.3,41474.9,41474.9,2.37042017
2022-03-04 13:25,41465.98,41505.6,41455.41,41490.77,6.39053355,41457.81000000,41494.04000000,41453.66000000,41482.48000000,9.63392000,41506.0,41512.0,41481.0,41512.0,0.58702225,41462.0,41489.9,41461.9,41489.9,0.12646034
2022-03-04 13:26,41491.69,41548.67,41490.23,41515.38,4.25282103,41482.49000000,41537.65000000,41482.48000000,41510.70000000,33.24137000,41519.0,41561.07007461,41519.0,41548.0,0.76065326,41491.0,41526.8,41491.0,41512.6,0.06542885
2022-03-04 13:27,41515.37,41537.15,41504.75,41529.47,2.55651121,41510.70000000,41522.33000000,41500.00000000,41515.26000000,8.01191000,41538.0,41547.0,41538.0,41547.0,1.27850144,41519.8,41519.9,41515.0,41519.9,0.44210938
2022-03-04 13:28,41529.76,41565.0,41529.03,41534.67,6.58280922,41515.27000000,41546.64000000,41515.26000000,41527.26000000,9.51229000,41561.07007461,41571.99857055,41550.0,41563.0,1.9606648,41519.9,41566.3,41519.9,41544.5,0.24675428
2022-03-04 13:29,41539.99,41552.9,41520.31,41533.59,13.18136497,41527.26000000,41537.03000000,41523.74000000,41528.06000000,6.78214000,41555.60582664,41559.0,41549.0,41559.0,0.37179327,41536.8,41537.0,41536.8,41536.9,0.04274203
2022-03-04 13:30,41533.87,41749.97,41533.33,41700.77,59.27719279,41528.06000000,41736.64000000,41528.05000000,41696.59000000,194.68626000,41564.0,41769.0,41564.0,41708.60476985,21.91430237,41544.1,41734.9,41541.6,41676.5,8.13388964
2022-03-04 13:31,41709.12,41741.4,41650.94,41707.13,19.48574675,41696.60000000,41729.97000000,41645.85000000,41698.20000000,134.04690000,41712.37192028,41733.0,41681.0,41706.41907066,10.9126545,41695.9,41723.9,41676.5,41710.0,1.34610655
2022-03-04 13:32,41704.54,41843.07,41695.49,41780.02,28.73531673,41698.19000000,41833.00000000,41691.94000000,41773.83000000,108.71526000,41718.4404162,41845.0,41718.4404162,41794.93988781,19.16416757,41718.0,41822.9,41718.0,41781.9,7.52413931
2022-03-04 13:33,41780.02,41815.42,41722.67,41750.02,14.55754289,41773.83000000,41804.12000000,41711.07000000,41745.37000000,64.19284000,41799.0,41835.0,41750.13305444,41785.0,12.70502661,41806.6,41806.7,41730.7,41733.2,4.3871922
2022-03-04 13:34,41747.32,41768.27,41642.12,41642.13,27.66044813,41745.36000000,41758.78000000,41640.62000000,41640.62000000,55.28861000,41769.72290686,41774.0,41681.0,41681.0,8.96169398,41733.2,41750.2,41657.7,41659.2,0.9442916600000001
2022-03-04 13:35,41646.17,41674.48,41364.54,41376.49,14.42563671,41640.63000000,41664.46000000,41372.47000000,41374.63000000,142.12240000,41681.28352999,41699.0,41420.41422166,41420.41422166,18.59810176,41658.7,41666.6,41307.7,41388.4,139.51422562
2022-03-04 13:36,41376.8,41489.93,41264.65,41471.86,33.09605953,41374.64000000,41490.03000000,41255.00000000,41459.94000000,299.21544000,41412.0,41527.0,41303.0,41504.0,72.34175302,41372.1,41474.9,41300.0,41466.0,31.98356249
2022-03-04 13:37,41463.65,41557.47,41454.34,41493.19,12.18986513,41459.95000000,41550.49000000,41454.01000000,41483.88000000,41.99986000,41502.0,41576.0,41502.0,41543.53701204,11.47350549,41453.3,41546.4,41452.3,41506.2,5.73171028
2022-03-04 13:38,41490.16,41500.6,41422.43,41441.85,11.88296492,41483.88000000,41487.83000000,41420.79000000,41438.99000000,34.53586000,41526.39695508,41528.0,41458.5862563,41491.39788474,11.24765763,41476.5,41476.5,41420.0,41424.5,5.66825848
2022-03-04 13:39,41445.14,41484.01,41400.0,41481.44,8.78393095,41439.00000000,41467.45000000,41401.05000000,41467.44000000,29.05341000,41482.84267875,41503.0,41439.99300019,41503.0,2.46739448,41441.9,41459.4,41430.5,41459.4,0.13615669
2022-03-04 13:40,41481.35,41564.47,41471.82,41478.52,6.99551197,41467.44000000,41555.00000000,41467.44000000,41471.59000000,32.76189000,41510.0,41601.8637005,41510.0,41520.54930839,7.29914197,41465.2,41547.3,41465.2,41498.7,1.96984777
2022-03-04 13:41,41473.94,41535.79,41456.88,41492.08,11.33671041,41471.59000000,41522.27000000,41466.84000000,41490.19000000,38.18240000,41522.02207129,41572.0,41516.55346655,41536.47129068,10.52944431,41498.7,41519.3,41498.6,41514.3,0.56299296
2022-03-04 13:42,41498.45,41498.47,41430.51,41490.73,13.12343668,41490.19000000,41493.62000000,41433.13000000,41483.02000000,24.45315000,41538.0,41540.61532741,41480.0,41532.4907951,10.95840522,41501.8,41501.8,41434.7,41474.0,1.58961395
2022-03-04 13:43,41490.62,41500.0,41431.38,41463.79,14.80107686,41483.02000000,41491.99000000,41434.10000000,41458.17000000,22.77101000,41535.0,41541.0,41472.80462863,41497.0,6.93384907,41477.5,41477.5,41418.7,41450.7,15.382530580000001
2022-03-04 13:44,41463.78,41488.85,41434.5,41434.5,10.9679039,41458.16000000,41490.32000000,41437.40000000,41437.40000000,25.98530000,41503.0,41525.0,41491.39788474,41492.0,2.30009448,41453.2,41486.3,41453.2,41459.4,0.5045231
2022-03-04 13:45,41441.25,41505.13,41417.4,41462.55,26.89955565,41437.41000000,41501.32000000,41423.06000000,41465.57000000,49.13764000,41487.37851196,41544.9902112,41474.0,41486.0,17.0737037,41453.2,41496.8,41449.1,41496.8,1.34315531
2022-03-04 13:46,41471.17,41473.41,41393.14,41404.22,23.34369025,41465.57000000,41469.89000000,41401.81000000,41401.82000000,27.61896000,41489.0,41489.0,41440.0,41440.0,5.91897847,41481.6,41481.6,41405.7,41405.7,0.2754608
2022-03-04 13:47,41395.88,41425.78,41358.84,41392.56,12.00776912,41401.81000000,41418.55000000,41364.38000000,41392.58000000,32.00853000,41428.0,41439.15182321,41397.70285453,41409.7012402,4.36570893,41406.7,41406.7,41381.7,41381.8,4.54231752
2022-03-04 13:48,41387.56,41405.68,41367.35,41401.37,5.65677451,41392.57000000,41396.17000000,41365.33000000,41395.06000000,43.43065000,41407.51971553,41419.0,41396.0,41406.0,2.69290531,41381.0,41381.8,41373.9,41381.3,0.95257919
2022-03-04 13:49,41401.37,41427.32,41371.76,41371.76,5.97965661,41395.05000000,41418.46000000,41362.08000000,41363.51000000,19.00316000,41406.0,41429.0,41404.0,41404.0,0.7132627500000001,41381.8,41391.7,41381.7,41381.7,2.49076316
2022-03-04 13:50,41370.0,41437.26,41365.84,41422.55,3.9041622,41363.51000000,41424.91000000,41360.00000000,41422.28000000,40.48409000,41396.06628137,41440.24258554,41394.3962662,41440.24258554,1.52226181,41381.7,41391.7,41356.3,41391.7,12.05407981
2022-03-04 13:51,41431.31,41432.93,41365.84,41389.64,8.64737954,41422.28000000,41422.28000000,41361.30000000,41381.43000000,43.04231000,41443.0,41443.0,41394.3962662,41407.0,3.36976173,41397.8,41427.1,41363.0,41363.0,10.27256373
2022-03-04 13:52,41386.32,41401.28,41362.48,41401.28,5.42797432,41381.43000000,41389.13000000,41361.29000000,41389.12000000,24.03005000,41411.95474436,41421.22301444,41391.0,41419.89897586,1.37760318,41369.0,41391.2,41362.4,41391.2,0.1245497
2022-03-04 13:53,41393.76,41399.14,41313.04,41315.08,4.69997599,41389.12000000,41389.13000000,41304.88000000,41311.86000000,59.10471000,41418.57493727,41418.57493727,41341.0,41341.0,2.12941969,41387.4,41387.4,41328.6,41328.6,71.11018299
2022-03-04 13:54,41313.03,41315.54,41246.33,41300.51,16.30383955,41311.86000000,41311.86000000,41244.37000000,41300.45000000,87.36233000,41346.0,41346.0,41275.0,41323.0,5.20569971,41328.6,41328.6,41224.5,41282.5,74.90643691
2022-03-04 13:55,41300.51,41303.32,41251.75,41251.75,8.73040749,41300.44000000,41300.45000000,41259.85000000,41259.86000000,58.89896000,41317.948005,41317.948005,41268.0,41269.0,11.30803719,41282.5,41282.5,41267.5,41267.6,71.27254825
2022-03-04 13:56,41252.7,41314.86,41232.33,41252.63,6.00338104,41259.85000000,41322.31000000,41244.37000000,41248.23000000,74.24130000,41272.0,41323.0,41248.0,41260.12363228,19.5246551,41267.5,41277.5,41214.4,41245.7,79.21236359
2022-03-04 13:57,41250.22,41266.5,41230.94,41261.64,7.13259965,41248.23000000,41265.11000000,41246.89000000,41261.90000000,32.44553000,41262.57965853,41279.0,41259.28993309,41267.0,7.58159288,41245.0,41251.8,41244.9,41245.0,0.11837929999999999
2022-03-04 13:58,41261.66,41272.79,41242.71,41262.3,5.80285052,41261.89000000,41271.82000000,41250.00000000,41264.13000000,40.09442000,41269.0,41270.18721531,41252.0,41267.0,9.97509643,41245.0,41245.0,41244.9,41245.0,1.1481216
2022-03-04 13:59,41260.85,41310.33,41251.62,41308.27,6.59868547,41264.14000000,41315.76000000,41251.10000000,41315.76000000,31.16356000,41270.0,41315.0,41270.0,41315.0,10.907379820000001,41245.0,41279.9,41244.9,41279.8,2.40810038
2022-03-04 14:00,41309.3,41351.74,41286.84,41333.41,13.08972059,41315.75000000,41349.54000000,41285.50000000,41335.32000000,72.88863000,41314.0,41356.0,41302.0,41343.19900617,4.58401882,41279.8,41335.0,41279.8,41329.4,7.33994644
2022-03-04 14:01,41332.56,41360.39,41313.33,41329.69,3.03246151,41335.33000000,41358.09000000,41271.42000000,41331.95000000,113.52160000,41344.0,41359.0,41326.0,41337.0,8.34051595,41311.2,41339.7,41311.2,41332.5,1.08748149
2022-03-04 14:02,41324.95,41357.99,41324.61,41353.5,3.1891061,41331.94000000,41351.81000000,41325.41000000,41348.06000000,14.37639000,41337.0,41356.27574483,41333.0,41354.0,4.23143742,41325.1,41336.8,41325.1,41336.8,0.11346019
2022-03-04 14:03,41354.3,41358.99,41314.66,41340.6,6.94201278,41348.06000000,41351.00000000,41313.12000000,41333.77000000,20.53882000,41356.0,41359.29390764,41323.0,41338.84009328,16.52998363,41336.8,41336.8,41296.1,41305.4,10.11137702
2022-03-04 14:04,41340.78,41384.71,41340.77,41367.32,4.5036482,41333.77000000,41379.81000000,41333.77000000,41365.25000000,27.33123000,41341.01954972,41380.24976571,41341.01954972,41378.0,1.5974172100000001,41321.5,41344.1,41321.5,41344.0,0.8633935500000001
2022-03-04 14:05,41368.12,41394.57,41310.89,41321.88,3.88748652,41365.25000000,41382.76000000,41312.00000000,41317.80000000,23.89922000,41378.0,41392.23677615,41326.0,41346.0,6.43650283,41344.0,41349.1,41338.0,41338.0,0.037904
2022-03-04 14:06,41321.66,41321.88,41235.0,41257.46,9.12755989,41317.80000000,41317.80000000,41231.31000000,41258.13000000,37.92651000,41346.0,41346.0,41262.0,41281.34069435,5.59020911,41315.3,41315.4,41245.0,41245.0,0.09251026
2022-03-04 14:07,41256.81,41262.46,41168.24,41194.58,27.37176686,41258.13000000,41258.14000000,41173.92000000,41193.91000000,72.64535000,41284.61387392,41284.61387392,41202.05771943,41217.94744473,4.46738844,41252.4,41252.4,41160.3,41185.7,30.397584209999998
2022-03-04 14:08,41194.99,41194.99,41127.0,41145.05,11.28018891,41193.91000000,41199.99000000,41140.33000000,41147.18000000,39.07321000,41223.0,41224.60558186,41160.74443231,41173.0,3.41616561,41182.0,41182.6,41145.9,41145.9,8.78749996
2022-03-04 14:09,41145.94,41214.63,41140.61,41159.02,27.3568886,41147.18000000,41218.42000000,41142.40000000,41164.72000000,44.15727000,41162.0,41228.96982128,41157.0,41192.96484605,4.18695688,41146.0,41189.6,41146.0,41164.6,11.40156106
2022-03-04 14:10,41154.41,41233.09,41111.0,41183.29,25.70998754,41164.72000000,41241.18000000,41153.72000000,41191.72000000,42.03821000,41186.41848692,41249.0,41178.0,41210.42180374,2.93362077,41160.0,41194.4,41160.0,41189.8,2.36207066
2022-03-04 14:11,41186.72,41197.01,41152.16,41186.54,3.34431306,41191.72000000,41198.13000000,41150.00000000,41190.81000000,24.08575000,41208.0,41214.0,41191.46456922,41206.05756432,1.81825794,41189.8,41189.8,41160.1,41182.3,2.1586845599999998
2022-03-04 14:12,41193.91,41197.08,41172.19,41186.34,11.33654545,41190.81000000,41203.51000000,41177.08000000,41185.55000000,26.93514000,41203.0,41215.87710302,41200.0,41203.87544461,1.52212439,41182.3,41189.8,41181.7,41185.0,8.44866936
2022-03-04 14:13,41185.07,41220.36,41175.6,41175.6,18.47418377,41185.54000000,41226.70000000,41177.90000000,41180.20000000,15.67034000,41209.27487041,41233.33406071,41197.0,41204.0,3.15455038,41185.1,41189.9,41185.0,41189.8,0.25532994000000003
2022-03-04 14:14,41173.98,41198.56,41150.51,41177.01,10.76944038,41180.20000000,41203.40000000,41165.00000000,41181.73000000,17.14641000,41201.6933249,41205.0,41185.0,41198.0,2.43297116,41185.1,41185.1,41185.1,41185.1,0.24296199999999998
2022-03-04 14:15,41177.01,41177.05,41077.06,41080.46,15.00522583,41181.72000000,41181.73000000,41084.77000000,41087.07000000,88.62757000,41198.0,41198.0,41114.03518351,41115.0,6.27938467,41185.0,41185.0,41082.8,41084.5,9.35382969
2022-03-04 14:16,41080.46,41129.01,40869.14,41019.93,59.12967166,41087.08000000,41133.04000000,40880.00000000,41028.37000000,368.07329000,41120.0,41156.0,40929.0,41046.0,58.881796369999996,41084.4,41127.3,40888.8,40990.5,22.633037650000002
2022-03-04 14:17,41018.6,41178.02,40904.5,41162.43,45.08713082,41028.37000000,41204.92000000,40912.67000000,41176.96000000,251.95255000,41063.0,41215.0,40949.0,41179.0,43.99105835,40990.5,41197.7,40929.9,41161.6,33.09015691
2022-03-04 14:18,41173.01,41332.59,41160.77,41230.18,49.19098237,41176.97000000,41331.06000000,41169.30000000,41243.38000000,122.34568000,41188.28963604,41339.0,41188.28963604,41260.48695215,9.26065962,41157.6,41300.6,41157.6,41236.0,11.48081192
2022-03-04 14:19,41230.31,41260.01,41092.8,41093.3,53.57461221,41243.38000000,41257.57000000,41103.35000000,41103.36000000,62.21249000,41246.0,41279.0,41131.5068194,41131.5068194,4.43465519,41236.0,41255.3,41104.1,41104.1,2.74903768
2022-03-04 14:20,41092.78,41217.76,41092.75,41204.95,12.31111424,41103.35000000,41220.44000000,41100.35000000,41206.89000000,50.07761000,41137.0,41244.0,41130.81055694,41244.0,5.80499326,41102.8,41219.8,41101.4,41219.8,1.32394649
2022-03-04 14:21,41204.94,41317.36,41184.41,41306.69,19.1572792,41206.90000000,41300.00000000,41185.98000000,41299.99000000,91.16648000,41223.0,41331.3386549,41223.0,41331.3386549,1.01315649,41219.9,41297.4,41219.8,41297.4,0.18872964
2022-03-04 14:22,41306.19,41379.31,41248.63,41375.7,12.71724761,41299.99000000,41373.31000000,41241.92000000,41373.30000000,86.90106000,41314.0,41406.0,41272.40582436,41406.0,3.85438335,41284.2,41350.2,41244.8,41350.2,2.64702463
2022-03-04 14:23,41375.85,41386.5,41308.95,41360.99,19.7914814,41373.30000000,41379.74000000,41308.07000000,41349.74000000,57.89810000,41400.0,41402.31717571,41351.0,41384.0,6.67526977,41351.2,41355.1,41312.6,41326.1,5.72874149
2022-03-04 14:24,41364.57,41368.49,41310.77,41327.31,13.76008133,41349.74000000,41366.99000000,41301.70000000,41314.16000000,43.34004000,41385.93751706,41391.0,41348.0,41352.0,4.356185,41329.9,41354.3,41323.0,41323.0,0.51661092
2022-03-04 14:25,41324.66,41368.94,41283.65,41368.94,6.98451346,41314.15000000,41361.22000000,41265.76000000,41361.22000000,39.37979000,41339.0,41387.0,41321.40563233,41384.65102426,3.55048496,41323.0,41347.0,41288.0,41347.0,4.77978288
2022-03-04 14:26,41368.49,41368.49,41255.69,41270.16,23.57946345,41361.21000000,41361.22000000,41260.94000000,41272.01000000,58.11375000,41385.0,41391.47422988,41321.0,41321.0,3.20566371,41347.1,41355.4,41288.0,41288.0,1.18993341
2022-03-04 14:27,41270.16,41349.3,41270.16,41322.27,8.77812923,41272.00000000,41350.00000000,41266.62000000,41322.67000000,49.45514000,41306.0,41378.74570165,41306.0,41350.0,1.13377668,41287.9,41348.3,41287.9,41316.8,1.24289831
2022-03-04 14:28,41323.25,41358.82,41294.29,41318.08,14.75862006,41322.68000000,41350.00000000,41295.01000000,41321.43000000,25.51297000,41363.0,41387.0,41341.0,41349.0,0.84581591,41309.9,41353.8,41309.9,41326.8,9.68473822
2022-03-04 14:29,41318.05,41358.44,41262.65,41331.47,22.24954059,41321.43000000,41350.00000000,41297.70000000,41337.55000000,38.54471000,41363.0,41381.0,41340.0,41381.0,1.28338161,41327.6,41348.1,41309.9,41332.7,0.38352283
2022-03-04 14:30,41331.48,41537.31,41331.48,41389.16,44.91760292,41337.54000000,41536.70000000,41337.54000000,41391.80000000,233.47420000,41384.0,41571.0,41384.0,41447.0,18.56413355,41337.4,41567.3,41337.4,41389.5,22.31398821
2022-03-04 14:31,41385.67,41427.2,41291.01,41298.69,29.78705152,41391.80000000,41429.51000000,41300.00000000,41300.02000000,76.02309000,41436.60280552,41478.08525735,41346.0,41351.0,8.96226537,41386.2,41438.5,41326.6,41326.6,1.22362627
2022-03-04 14:32,41295.56,41371.18,41244.93,41263.89,18.55353257,41300.02000000,41360.36000000,41246.53000000,41260.94000000,53.13813000,41349.0,41397.30364063,41295.0,41295.0,4.0703639,41326.6,41359.3,41258.8,41258.8,2.4341706199999997
2022-03-04 14:33,41259.53,41284.9,41164.41,41241.64,27.70270009,41260.93000000,41275.80000000,41164.80000000,41240.66000000,64.75995000,41301.0,41311.0,41211.0,41271.87825317,4.83638903,41257.8,41276.5,41180.0,41207.7,4.7665583400000004
2022-03-04 14:34,41240.3,41307.42,41224.02,41254.4,33.03875774,41240.66000000,41305.80000000,41232.92000000,41254.20000000,46.69583000,41277.22285901,41330.37694013,41276.21144073,41290.32258065,4.56883451,41229.9,41296.7,41229.9,41266.2,0.41775561
2022-03-04 14:35,41250.55,41379.75,41248.41,41353.7,21.26639429,41254.20000000,41381.89000000,41250.18000000,41357.60000000,116.07207000,41286.0,41405.34043008,41286.0,41387.38107359,6.4210769,41306.8,41379.1,41306.8,41379.1,0.73262528
2022-03-04 14:36,41367.61,41408.26,41311.34,41324.93,31.45537433,41357.60000000,41400.47000000,41312.77000000,41328.87000000,29.51203000,41387.38107359,41417.0,41344.0,41348.0,6.82999604,41375.2,41375.2,41317.4,41334.5,0.17002363999999998
2022-03-04 14:37,41320.67,41388.0,41319.4,41355.18,10.70326438,41328.86000000,41395.85000000,41328.86000000,41355.22000000,34.53814000,41354.92601161,41406.21589768,41354.92601161,41375.66022087,4.44632955,41379.1,41379.1,41361.2,41361.2,0.32236003999999996
2022-03-04 14:38,41353.26,41372.77,41308.46,41348.0,10.25799212,41355.21000000,41370.45000000,41312.74000000,41357.26000000,36.12178000,41382.2078659,41387.0,41342.92199572,41363.57926333,4.72080823,41361.2,41361.2,41315.8,41328.0,0.26900968999999997
2022-03-04 14:39,41357.22,41357.22,41234.88,41278.32,22.69383963,41357.26000000,41357.27000000,41244.01000000,41279.00000000,40.26504000,41372.38639836,41379.0,41283.99319045,41307.0,4.96342097,41339.1,41339.1,41247.1,41309.2,0.41973691
2022-03-04 14:40,41278.56,41293.87,41206.89,41235.0,15.91885065,41279.01000000,41290.00000000,41207.99000000,41232.46000000,48.40819000,41316.0,41316.0,41242.0,41246.92701206,2.5275632999999997,41291.6,41291.6,41241.7,41263.8,0.23615753
2022-03-04 14:41,41229.5,41233.79,41178.71,41225.95,15.18871016,41232.46000000,41232.46000000,41179.19000000,41226.57000000,29.04109000,41246.0,41246.0,41212.0,41245.0,2.12949684,41245.6,41245.6,41187.9,41227.4,1.9090965100000001
2022-03-04 14:42,41221.87,41228.46,41126.9,41207.44,26.43661995,41226.58000000,41226.58000000,41141.69000000,41199.99000000,34.90066000,41243.0,41243.0,41166.0,41231.0,2.33879788,41229.7,41229.7,41176.0,41176.0,0.7540938699999999
2022-03-04 14:43,41207.42,41222.16,41186.52,41210.22,9.74661159,41199.99000000,41213.67000000,41183.40000000,41206.78000000,13.98012000,41229.59163601,41230.0,41211.0,41213.0,0.8691263300000001,41181.8,41181.9,41181.8,41181.9,1.20506452
2022-03-04 14:44,41207.3,41243.16,41134.22,41173.26,14.01942213,41206.78000000,41235.34000000,41140.37000000,41174.75000000,28.13162000,41226.9913296,41243.0,41171.0,41179.23086996,5.54802645,41181.9,41241.5,41146.2,41171.2,1.38769746
2022-03-04 14:45,41173.25,41200.0,41059.89,41072.71,12.58887682,41174.74000000,41196.72000000,41056.12000000,41064.46000000,66.90180000,41193.4174342,41206.0,41093.36170278,41093.36170278,2.47461227,41182.9,41182.9,41085.8,41093.6,1.17526887
2022-03-04 14:46,41063.5,41076.61,40910.41,40921.78,51.24352251,41064.45000000,41068.59000000,40909.09000000,40920.26000000,189.95220000,41097.0,41102.0,40931.0,40932.60290715,38.50118488,41087.7,41087.7,40917.0,40925.4,34.5291055
2022-03-04 14:47,40921.75,40978.91,40900.0,40922.95,22.4933688,40920.26000000,40977.73000000,40900.86000000,40916.58000000,115.41560000,40949.36317954,41001.35317997,40937.0,40955.0,7.41768711,40916.8,40967.7,40900.8,40906.2,23.1743973
2022-03-04 14:48,40918.43,40920.28,40665.41,40683.73,140.91373009,40916.58000000,40917.34000000,40590.42000000,40687.64000000,667.14306000,40954.56619344,40954.56619344,40667.42328343,40717.0,46.198520280000004,40901.7,40901.7,40700.0,40700.0,58.23046671
2022-03-04 14:49,40694.74,40767.93,40664.43,40667.01,110.33506868,40687.64000000,40768.96000000,40638.74000000,40683.19000000,219.81913000,40705.61787944,40803.83255489,40705.0,40731.0,25.7937382,40700.1,40760.0,40659.2,40684.7,50.35204378
2022-03-04 14:50,40676.93,40814.17,40639.82,40662.0,131.32532628,40683.18000000,40826.46000000,40658.08000000,40665.07000000,128.04568000,40714.0,40854.0,40686.0,40718.0,26.689331029999998,40682.1,40807.4,40650.0,40661.0,25.92661728
2022-03-04 14:51,40662.01,40777.26,40621.0,40751.62,78.04241406,40665.06000000,40787.99000000,40650.09000000,40757.74000000,181.01234000,40697.0,40805.0,40676.84535578,40787.0,5.44451241,40668.1,40776.3,40633.2,40749.3,7.14191398
2022-03-04 14:52,40751.63,40766.4,40709.06,40737.81,48.89719284,40757.73000000,40776.36000000,40717.90000000,40753.17000000,150.28777000,40786.0,40798.0,40770.00305557,40782.0,3.2205679099999998,40749.3,40758.0,40730.7,40754.8,15.38562863
2022-03-04 14:53,40739.91,40781.59,40688.0,40740.09,151.51205376,40753.16000000,40784.48000000,40708.99000000,40760.01000000,101.19013000,40805.0,40815.0,40750.0,40803.803453,5.20208246,40750.0,40768.2,40730.5,40747.2,16.7802786
2022-03-04 14:54,40742.4,40771.48,40680.81,40685.28,38.20089154,40760.00000000,40777.73000000,40688.01000000,40695.51000000,108.34591000,40797.28490986,40801.65000655,40742.90746551,40742.90746551,4.8283162,40755.5,40761.8,40700.0,40700.0,12.32652492
2022-03-04 14:55,40692.13,40837.5,40678.4,40837.5,82.28470376,40695.50000000,40862.21000000,40688.01000000,40862.21000000,85.88985000,40741.64688457,40872.0,40736.0,40872.0,2.7782422600000003,40700.1,40820.0,40700.0,40820.0,18.299183590000002
2022-03-04 14:56,40837.5,40839.23,40738.81,40751.24,57.14468398,40859.04000000,40859.04000000,40758.54000000,40763.86000000,73.03655000,40873.0,40873.0,40802.0,40813.0,1.69654269,40820.0,40820.0,40773.6,40773.6,1.32511244
2022-03-04 14:57,40750.54,40812.49,40732.23,40780.2,37.94426641,40763.86000000,40822.60000000,40756.80000000,40798.70000000,46.11042000,40802.0,40833.0,40784.87114113,40816.48225036,9.73130905,40773.6,40812.9,40762.2,40805.2,2.2945148
2022-03-04 14:58,40780.21,40979.13,40779.92,40907.82,81.45474671,40798.69000000,40994.63000000,40793.88000000,40922.03000000,174.53615000,40817.0,41007.0,40817.0,40941.0,40.87543128,40810.9,40976.2,40810.9,40952.8,14.49538867
2022-03-04 14:59,40920.61,41157.11,40920.61,41102.05,38.83207545,40922.04000000,41186.61000000,40922.03000000,41106.91000000,186.48952000,40966.0,41191.0,40966.0,41132.12782685,18.63450356,40952.8,41159.8,40924.1,41104.4,43.616637329999996
2022-03-04 15:00,41099.9,41242.75,41072.44,41149.27,112.76662414,41106.91000000,41250.00000000,41074.68000000,41160.01000000,160.34931000,41122.0,41249.22743539,41106.0,41176.0,32.60459237,41100.0,41201.4,41079.3,41141.5,5.85720416
2022-03-04 15:01,41166.63,41239.34,41018.11,41045.81,15.33540464,41160.01000000,41240.86000000,41004.33000000,41051.76000000,123.31939000,41180.0,41248.0,41051.0,41088.0,17.84004651,41156.0,41226.3,41024.1,41036.7,19.04863716
2022-03-04 15:02,41054.6,41075.25,40944.59,40985.43,18.55555291,41051.76000000,41070.69000000,40952.32000000,40982.63000000,110.15687000,41084.0,41084.0,40974.0,41015.0,5.88034863,41048.9,41057.3,40953.1,40995.8,7.80075342
2022-03-04 15:03,40985.05,41022.71,40931.03,40945.33,10.1661935,40982.83000000,41017.88000000,40930.58000000,40947.05000000,68.03995000,41016.0,41030.0,40966.0,40973.0,3.0353797,40991.3,40991.3,40929.4,40951.0,7.37024778
2022-03-04 15:04,40950.79,41022.22,40905.47,40927.02,14.5309079,40947.05000000,41010.05000000,40898.60000000,40927.29000000,50.79240000,40979.98798778,41027.94967075,40931.0,40956.0,6.4366358,40943.1,41012.8,40928.0,40929.5,1.99323384
2022-03-04 15:05,40929.48,40945.62,40886.67,40905.34,10.34810513,40927.30000000,40942.98000000,40887.16000000,40904.09000000,41.93302000,40960.36729929,40970.0,40920.71273313,40949.95633521,2.26696723,40939.8,40939.8,40887.3,40920.9,3.81177014
2022-03-04 15:06,40910.03,40948.68,40786.93,40870.25,14.4108178,40904.09000000,40942.99000000,40784.62000000,40878.54000000,75.08145000,40946.62550587,40979.0,40830.14600226,40893.17465339,11.611876819999999,40921.4,40921.4,40798.3,40846.9,4.5845799
2022-03-04 15:07,40875.65,40907.62,40840.22,40865.91,14.90282076,40878.53000000,40900.00000000,40845.79000000,40854.14000000,45.16398000,40895.0,40924.79896393,40881.17548242,40881.17548242,3.0170678399999997,40845.8,40903.3,40845.8,40881.4,0.12252865
2022-03-04 15:08,40857.81,40932.79,40840.26,40918.22,22.25499036,40854.14000000,40927.29000000,40846.30000000,40912.62000000,48.20138000,40890.0,40949.0,40874.63048008,40939.53804539,1.42298532,40881.4,40916.7,40853.0,40916.7,0.40284414
2022-03-04 15:09,40917.64,40955.38,40888.87,40891.85,10.75816013,40912.61000000,40952.48000000,40887.25000000,40887.25000000,40.91451000,40933.0,40972.52929649,40903.0,40903.0,2.40002996,40921.5,40929.9,40898.9,40898.9,0.11733388
2022-03-04 15:10,40890.91,40921.42,40804.46,40810.49,11.15005855,40887.26000000,40915.10000000,40804.95000000,40808.04000000,47.90308000,40910.01955756,40931.72432802,40820.08879387,40830.99713111,10.5588364,40898.9,40907.9,40807.4,40807.4,0.97262707
2022-03-04 15:11,40808.74,40810.52,40629.29,40763.82,94.02144262,40808.05000000,40808.05000000,40735.92000000,40765.82000000,77.05014000,40825.0,40825.0,40765.0,40776.4554449,1.44980989,40796.0,40796.0,40747.1,40758.1,3.41949004
2022-03-04 15:12,40762.76,40796.49,40637.86,40769.83,29.15445025,40765.83000000,40805.39000000,40660.00000000,40776.11000000,117.51505000,40782.0,40808.0,40680.0,40785.86827052,12.0607061,40758.1,40771.3,40688.0,40766.9,17.56880467
2022-03-04 15:13,40774.51,40800.0,40699.08,40761.32,22.37330256,40776.12000000,40808.44000000,40722.86000000,40768.50000000,53.11846000,40788.0,40814.0,40752.0,40798.27211938,5.30376656,40784.7,40789.9,40734.6,40768.9,1.54266638
2022-03-04 15:14,40764.15,40845.75,40742.24,40764.89,24.55099829,40768.50000000,40840.91000000,40759.17000000,40767.40000000,35.42978000,40786.27294841,40850.0,40785.0,40785.0,3.21870094,40774.2,40838.0,40774.1,40774.1,3.7483621
2022-03-04 15:15,40765.21,40849.99,40740.3,40801.01,27.60373657,40767.40000000,40862.45000000,40747.84000000,40798.53000000,73.99847000,40791.0,40864.00544418,40781.52731643,40828.0,13.90009358,40774.1,40834.0,40774.1,40794.0,0.89491557
2022-03-04 15:16,40801.02,40859.95,40750.0,40752.73,32.24649351,40798.53000000,40858.53000000,40753.21000000,40753.22000000,44.28873000,40830.0,40879.0,40796.0,40797.0,6.67440385,40796.9,40823.7,40795.2,40795.2,10.28465965
2022-03-04 15:17,40754.99,40758.73,40558.36,40569.11,52.627926,40753.22000000,40753.22000000,40550.04000000,40578.47000000,219.06008000,40794.83271015,40794.83271015,40538.0,40609.0,54.62429441,40795.3,40795.3,40573.9,40607.7,33.27361129
2022-03-04 15:18,40573.42,40663.52,40565.91,40600.19,38.02185666,40578.48000000,40670.19000000,40569.11000000,40608.20000000,79.44299000,40587.0,40697.00228379,40579.99748862,40642.0,6.22930982,40590.3,40655.2,40571.1,40631.1,8.75802653
2022-03-04 15:19,40604.73,40640.42,40545.0,40632.82,28.97648363,40608.20000000,40644.82000000,40572.85000000,40643.97000000,118.42177000,40634.83615408,40664.0,40597.0,40656.0,21.15568674,40620.1,40638.0,40577.9,40630.8,6.86540298
2022-03-04 15:20,40633.06,40661.82,40572.56,40611.86,39.31402433,40643.96000000,40667.12000000,40584.83000000,40625.05000000,89.97179000,40667.55516971,40690.0,40609.0,40640.0,7.62437327,40631.2,40638.2,40591.2,40591.3,2.87952635
2022-03-04 15:21,40614.85,40728.35,40614.85,40728.35,17.44440392,40625.06000000,40748.11000000,40625.05000000,40735.58000000,81.79396000,40640.0,40742.0,40640.0,40740.0,3.23974306,40642.4,40718.8,40642.4,40713.2,2.39775905
2022-03-04 15:22,40728.35,40786.0,40703.59,40729.02,15.50355951,40735.57000000,40800.00000000,40720.00000000,40744.97000000,71.64158000,40740.0,40807.0,40740.0,40767.0,2.72476359,40721.2,40772.3,40716.2,40746.0,2.93843075
2022-03-04 15:23,40729.02,40804.59,40722.84,40767.88,26.40368407,40744.97000000,40813.70000000,40739.06000000,40777.95000000,78.47183000,40773.0,40819.0,40772.0,40797.44040849,1.35723823,40748.2,40790.0,40748.2,40763.6,1.0981686000000002
2022-03-04 15:24,40765.36,40800.0,40734.93,40779.7,10.56967983,40777.96000000,40801.03000000,40740.13000000,40788.90000000,36.55553000,40796.0,40827.17052957,40767.0,40808.0,1.20091291,40763.6,40785.2,40757.3,40785.2,0.46129395
2022-03-04 15:25,40777.36,40848.21,40694.75,40748.91,42.81389853,40788.89000000,40858.16000000,40637.14000000,40765.00000000,229.26887000,40808.0,40869.0,40728.0,40765.0,37.04605332,40789.9,40830.8,40686.9,40740.5,17.184116760000002
2022-03-04 15:26,40748.63,40843.07,40714.86,40798.55,24.86806261,40763.74000000,40835.61000000,40726.17000000,40797.09000000,194.93449000,40784.0,40849.0,40732.0,40811.55718222,22.20711674,40746.8,40810.0,40746.8,40793.4,5.3303613400000005
2022-03-04 15:27,40790.01,40848.2,40773.41,40802.55,51.20595667,40797.09000000,40850.00000000,40788.69000000,40810.54000000,56.48114000,40816.794143,40856.74981778,40809.15647402,40830.0,5.48654508,40812.2,40831.0,40798.8,40831.0,0.15732759000000002
2022-03-04 15:28,40811.91,40892.38,40757.29,40881.95,30.21995073,40810.55000000,40895.88000000,40754.67000000,40879.24000000,90.65737000,40828.0,40912.0,40781.0,40910.0,17.60319613,40800.0,40882.1,40800.0,40882.1,5.5127541
2022-03-04 15:29,40877.61,40910.77,40830.14,40856.85,18.92217788,40879.23000000,40900.00000000,40819.38000000,40859.32000000,44.29972000,40912.81055308,40912.81055308,40855.88072864,40881.0,8.11688742,40831.5,40859.3,40825.6,40849.4,1.65200086
2022-03-04 15:30,40863.57,40869.97,40791.44,40791.44,17.10398371,40859.33000000,40865.38000000,40791.57000000,40791.57000000,64.44828000,40879.0,40879.0,40831.0,40831.0,7.59632035,40856.5,40861.9,40800.1,40800.1,2.01601255
2022-03-04 15:31,40788.01,40797.31,40725.77,40752.68,25.17196857,40791.58000000,40797.67000000,40736.00000000,40757.96000000,83.44927000,40824.0,40824.0,40761.0,40786.0,5.08888449,40800.1,40800.1,40726.9,40754.8,55.0595671
2022-03-04 15:32,40752.68,40795.68,40748.32,40780.35,8.30673273,40757.97000000,40790.39000000,40748.17000000,40784.81000000,24.56877000,40781.13906213,40815.0,40775.33251137,40809.0,2.33624677,40759.8,40795.4,40759.8,40780.5,0.89565834
2022-03-04 15:33,40787.64,40851.74,40729.42,40840.17,19.97028194,40784.80000000,40847.45000000,40735.75000000,40840.22000000,35.97125000,40792.79004048,40865.0,40762.0,40865.0,3.49924789,40781.1,40830.3,40748.0,40829.9,0.92197436
2022-03-04 15:34,40839.15,40849.4,40805.31,40840.22,5.47538146,40840.23000000,40844.83000000,40808.13000000,40843.99000000,21.27802000,40862.0,40862.0,40835.0,40855.88072864,0.98873136,40834.7,40836.0,40834.7,40836.0,0.56247196
2022-03-04 15:35,40838.93,40885.15,40836.71,40878.77,18.22949678,40843.99000000,40885.00000000,40838.20000000,40884.71000000,25.52453000,40863.70253095,40903.0,40863.70253095,40903.0,1.44483081,40836.0,40877.5,40836.0,40877.5,1.13474082
2022-03-04 15:36,40878.11,40948.51,40872.91,40937.67,16.07862442,40884.71000000,40939.87000000,40881.12000000,40935.89000000,59.20278000,40905.0,40962.0,40905.0,40962.0,14.70912989,40879.6,40969.2,40873.4,40969.2,34.91167388
2022-03-04 15:37,40933.04,40959.56,40877.75,40905.15,24.10676401,40935.88000000,40963.31000000,40881.88000000,40910.74000000,54.26389000,40962.0,40995.0,40920.0,40923.58625804,13.460654,40960.0,40960.0,40889.2,40896.4,0.35914004
2022-03-04 15:38,40905.14,40911.92,40815.38,40827.17,17.3302137,40910.74000000,40918.53000000,40824.59000000,40829.06000000,27.71055000,40939.24912328,40939.24912328,40865.28559294,40887.0,1.10661531,40896.4,40904.5,40831.9,40850.3,3.7841240700000003
2022-03-04 15:39,40825.51,40888.46,40781.46,40785.93,13.33252031,40829.06000000,40884.70000000,40791.14000000,40791.15000000,24.90155000,40891.39036836,40917.11457982,40837.44049917,40837.44049917,2.3253363,40850.3,40859.9,40797.5,40797.5,0.21975398
2022-03-04 15:40,40781.47,40887.47,40749.04,40802.22,30.82379413,40791.14000000,40905.17000000,40738.44000000,40811.72000000,97.96389000,40833.08970327,40923.0,40792.0,40858.0,20.12107486,40791.8,40889.8,40768.5,40821.0,7.12088897
2022-03-04 15:41,40802.67,40834.87,40783.18,40786.39,5.77950766,40811.71000000,40830.79000000,40800.00000000,40800.00000000,34.13574000,40862.90221279,40862.90221279,40849.67968425,40849.67968425,0.47914928,40820.9,40821.0,40802.5,40802.5,0.94629176
2022-03-04 15:42,40787.21,40804.66,40739.9,40741.62,19.84272098,40800.00000000,40808.03000000,40733.13000000,40751.76000000,68.79841000,40832.49039714,40832.49039714,40792.0,40794.0,0.85081742,40794.7,40795.7,40748.6,40767.5,1.53220561
2022-03-04 15:43,40738.77,40759.99,40672.31,40710.07,21.84754779,40751.77000000,40759.45000000,40679.87000000,40716.46000000,57.81090000,40791.50055865,40791.50055865,40724.06566308,40763.0,1.62061911,40732.8,40752.0,40682.3,40709.0,1.36414274
2022-03-04 15:44,40710.62,40724.43,40677.72,40697.52,13.41376789,40716.46000000,40727.18000000,40691.86000000,40706.83000000,24.71266000,40743.0,40761.0,40735.0,40735.0,0.64625723,40705.4,40727.4,40695.2,40697.3,0.44311248
2022-03-04 15:45,40697.32,40710.43,40638.01,40700.0,24.74178879,40706.84000000,40718.44000000,40645.00000000,40712.32000000,159.56755000,40742.76113378,40754.0,40683.0,40728.0,4.56511038,40698.2,40700.8,40654.8,40689.5,1.0068332
2022-03-04 15:46,40699.72,40730.24,40668.25,40700.0,10.55741294,40712.31000000,40758.48000000,40688.00000000,40709.29000000,69.79477000,40753.0,40753.0,40728.0,40728.0,0.48124514,40694.8,40710.6,40690.5,40710.6,1.92350434
2022-03-04 15:47,40694.65,40700.0,40639.93,40694.54,29.49234429,40709.28000000,40709.29000000,40645.94000000,40698.81000000,66.01358000,40724.0,40733.55284677,40693.12095938,40719.0,0.38043150000000003,40703.0,40703.0,40656.4,40696.9,0.39720359
2022-03-04 15:48,40694.09,40779.61,40674.83,40708.39,20.84911707,40698.82000000,40784.19000000,40684.41000000,40720.01000000,43.90495000,40720.0,40798.0,40719.0,40750.99762315,1.29191844,40699.7,40750.5,40686.8,40750.4,33.52831773
2022-03-04 15:49,40711.1,40727.92,40664.96,40670.89,25.45667138,40720.02000000,40733.27000000,40673.43000000,40683.08000000,39.38926000,40753.0,40755.35881724,40729.19165267,40730.0,1.78004466,40738.5,40738.5,40700.0,40700.0,0.67289362
2022-03-04 15:50,40675.12,40697.98,40631.26,40688.86,15.11551376,40683.07000000,40700.30000000,40643.00000000,40690.12000000,57.80498000,40714.92523938,40718.0,40690.0,40718.0,1.52926836,40700.1,40700.1,40656.7,40690.6,1.36525823
2022-03-04 15:51,40686.03,40722.3,40680.79,40696.28,7.86804194,40690.12000000,40725.17000000,40683.64000000,40713.42000000,52.68507000,40720.85636362,40743.0,40720.0,40735.0,1.55289867,40694.1,40724.8,40690.7,40706.9,0.35797463
2022-03-04 15:52,40706.2,40796.6,40706.17,40758.24,26.69601084,40713.43000000,40803.43000000,40713.42000000,40758.02000000,95.50845000,40743.0,40813.0,40743.0,40785.0,5.1051529,40721.5,40802.9,40721.5,40761.0,3.99648233
2022-03-04 15:53,40757.38,40799.4,40753.65,40789.92,8.90650791,40758.02000000,40800.00000000,40754.00000000,40789.47000000,86.13100000,40784.0,40810.0,40778.96863918,40805.0,9.59250974,40772.8,40798.2,40770.3,40798.2,0.22600866
2022-03-04 15:54,40785.7,40799.57,40757.78,40761.08,7.0680299,40789.47000000,40796.94000000,40764.19000000,40765.64000000,23.53351000,40806.0,40808.02477696,40780.0,40780.0,5.14558397,40783.1,40795.4,40777.3,40777.3,0.13613373
2022-03-04 15:55,40762.18,40766.0,40702.89,40714.7,28.78724572,40765.63000000,40765.64000000,40712.24000000,40721.43000000,18.13883000,40782.0,40782.0,40731.0,40760.0,7.1656791,40774.7,40774.7,40737.0,40737.1,0.16193621
2022-03-04 15:56,40710.98,40745.4,40697.13,40739.73,6.79824985,40721.43000000,40745.05000000,40705.45000000,40743.47000000,14.31801000,40757.97915907,40780.0,40742.69027561,40777.0,5.321883730000001,40737.0,40745.3,40722.3,40736.1,0.78292909
2022-03-04 15:57,40741.8,40757.5,40721.45,40741.17,17.70223042,40743.47000000,40761.63000000,40732.76000000,40753.44000000,16.05593000,40771.0,40789.0,40771.0,40789.0,0.65362878,40740.2,40750.0,40740.2,40749.9,0.7926559500000001
2022-03-04 15:58,40741.17,40763.62,40655.41,40670.14,15.342667,40753.44000000,40768.55000000,40664.27000000,40680.12000000,57.10375000,40789.0,40789.0,40706.65219319,40707.0,1.47392988,40750.0,40750.0,40693.0,40693.0,0.31499678
2022-03-04 15:59,40667.44,40704.68,40667.44,40685.31,6.01944951,40680.12000000,40714.22000000,40675.09000000,40694.32000000,33.42952000,40731.21889643,40731.21889643,40713.0,40727.0,0.38844379,40693.1,40695.0,40686.2,40695.0,0.26475512
2022-03-04 16:00,40685.04,40793.51,40627.74,40745.48,42.58093306,40694.32000000,40785.16000000,40642.82000000,40747.11000000,164.88552000,40725.21726595,40805.23960901,40677.42382341,40792.0,6.44627746,40695.0,40778.4,40640.2,40749.9,12.88274386
2022-03-04 16:01,40742.53,40760.25,40696.21,40754.09,21.60736358,40748.19000000,40758.43000000,40704.88000000,40756.19000000,83.33911000,40766.0,40788.0,40744.87440182,40788.0,2.26596519,40745.0,40750.0,40706.8,40750.0,12.27312643
2022-03-04 16:02,40744.48,40745.0,40586.2,40614.66,37.32186925,40756.20000000,40756.20000000,40600.00000000,40623.81000000,92.66791000,40775.0,40775.0,40637.0,40642.0,4.28972274,40745.7,40745.7,40604.8,40615.4,6.1435840299999995
2022-03-04 16:03,40616.33,40616.33,40555.0,40592.35,20.85882258,40623.82000000,40623.82000000,40556.11000000,40595.17000000,218.12393000,40649.56018863,40649.56018863,40603.0,40631.0,8.71004014,40620.9,40620.9,40519.7,40596.0,38.75165526
2022-03-04 16:04,40589.51,40620.0,40540.0,40543.7,28.36173608,40595.16000000,40627.47000000,40535.97000000,40562.15000000,203.59325000,40653.04314298,40653.91388157,40582.0,40582.0,5.2973015,40595.6,40595.6,40540.3,40544.2,9.02152959
2022-03-04 16:05,40556.89,40790.76,40462.59,40725.08,100.06928609,40562.15000000,40809.37000000,40480.01000000,40738.50000000,377.77707000,40589.0,40824.0,40518.0,40751.2051295,19.93988663,40547.5,40778.3,40373.3,40713.0,87.37757376
2022-03-04 16:06,40721.77,40790.83,40639.81,40690.49,20.57519304,40738.49000000,40809.53000000,40650.00000000,40684.14000000,124.04668000,40755.74441089,40830.0,40690.0,40706.77627485,18.83688846,40749.0,40793.0,40647.8,40647.8,5.11792526
2022-03-04 16:07,40686.85,40686.85,40566.69,40570.32,25.50177666,40684.15000000,40684.15000000,40578.42000000,40586.61000000,51.54934000,40699.0,40704.0,40614.0,40617.0,3.62369321,40643.8,40643.8,40584.0,40591.1,0.30744574999999996
2022-03-04 16:08,40574.08,40623.16,40557.23,40602.02,8.80523745,40586.61000000,40637.71000000,40567.00000000,40615.98000000,55.29786000,40618.0,40645.0,40613.0,40645.0,6.2631708999999995,40587.0,40592.2,40582.6,40582.6,0.54335149
2022-03-04 16:09,40602.19,40615.72,40531.8,40532.06,32.09635908,40615.98000000,40623.43000000,40550.00000000,40550.01000000,52.03250000,40639.0,40643.0,40589.96277252,40589.96277252,1.64922483,40602.1,40610.0,40530.0,40537.6,26.48317319
2022-03-04 16:10,40536.26,40538.56,40413.79,40471.64,24.98088102,40550.00000000,40550.01000000,40414.24000000,40478.89000000,203.02999000,40587.88932138,40587.88932138,40439.0,40517.0,32.44787133,40538.3,40539.5,40425.4,40481.6,4.01846687
2022-03-04 16:11,40471.64,40498.01,40411.0,40487.95,14.31862126,40478.89000000,40499.88000000,40421.05000000,40491.33000000,87.30999000,40517.0,40518.0,40442.0,40518.0,3.80013101,40470.0,40492.8,40376.5,40482.6,21.72879928
2022-03-04 16:12,40489.51,40520.9,40407.53,40494.62,21.89845425,40491.33000000,40528.30000000,40422.43000000,40507.84000000,105.92368000,40528.0,40550.0,40462.32842765,40529.0,1.24411731,40508.9,40519.0,40453.5,40482.1,0.9412951599999999
2022-03-04 16:13,40494.62,40556.49,40469.01,40541.84,22.99679924,40507.84000000,40561.08000000,40493.72000000,40552.36000000,59.53257000,40525.0,40579.0,40525.0,40579.0,0.93325514,40487.2,40536.7,40487.2,40524.6,1.61114168
2022-03-04 16:14,40538.39,40581.91,40490.03,40581.91,21.33745869,40552.36000000,40586.94000000,40515.00000000,40586.93000000,33.03720000,40579.0,40607.0,40539.0,40607.0,1.6441831,40525.0,40570.2,40502.6,40570.2,1.04163165
2022-03-04 16:15,40578.18,40592.7,40527.7,40586.25,11.95357247,40586.93000000,40597.02000000,40538.84000000,40593.88000000,27.39515000,40606.0,40613.0,40561.0,40613.0,0.64881447,40572.7,40588.1,40531.1,40588.1,1.72610257
2022-03-04 16:16,40583.91,40678.81,40575.66,40674.64,17.89721994,40593.87000000,40692.07000000,40587.17000000,40688.65000000,77.76346000,40629.0,40725.0,40629.0,40725.0,5.04909588,40588.1,40680.0,40588.1,40657.2,0.65233465
2022-03-04 16:17,40674.95,40677.54,40597.91,40619.73,18.48509018,40688.65000000,40689.46000000,40611.32000000,40629.29000000,31.16459000,40725.0,40725.0,40656.0,40660.0,0.35498117,40638.5,40638.5,40604.8,40633.1,0.9768470699999999
2022-03-04 16:18,40618.75,40646.81,40573.8,40629.01,9.23822036,40629.29000000,40646.67000000,40584.14000000,40636.25000000,32.59861000,40660.0,40673.0,40630.4594689,40673.0,1.70205265,40626.1,40626.1,40592.7,40597.8,1.17105173
2022-03-04 16:19,40627.76,40633.87,40565.75,40586.22,13.86348616,40636.26000000,40638.14000000,40580.00000000,40596.90000000,21.21759000,40672.45780632,40702.0,40628.08697688,40638.0,10.49131028,40604.0,40634.4,40592.7,40592.7,0.57238753
2022-03-04 16:20,40579.64,40635.0,40559.17,40610.43,46.70748924,40596.90000000,40627.81000000,40566.55000000,40625.00000000,48.86443000,40621.0,40646.0,40617.0,40646.0,8.77299671,40592.6,40592.6,40559.5,40576.1,2.88094569
2022-03-04 16:21,40612.91,40661.77,40590.02,40590.27,16.21760442,40624.99000000,40655.89000000,40585.28000000,40585.29000000,38.26492000,40657.0,40679.59468903,40639.98857447,40639.98857447,0.5830320999999999,40592.9,40632.4,40592.9,40595.3,0.7403256
2022-03-04 16:22,40590.1,40608.7,40568.42,40576.23,26.37576102,40585.28000000,40608.66000000,40575.37000000,40580.01000000,17.54469000,40638.0,40642.0,40625.0,40625.0,0.39527058,40589.1,40603.5,40582.4,40582.4,0.0556054
2022-03-04 16:23,40573.15,40643.82,40566.35,40640.63,12.04063682,40580.00000000,40650.21000000,40572.42000000,40644.45000000,35.19727000,40624.0,40679.0,40620.63242488,40679.0,0.74637098,40582.0,40632.3,40582.0,40632.3,3.23897366
2022-03-04 16:24,40643.47,40666.0,40625.16,40629.4,7.19225946,40644.44000000,40660.00000000,40630.84000000,40633.00000000,15.21550000,40683.78160114,40687.23794549,40683.78160114,40687.0,0.00554011,40632.3,40643.0,40632.3,40643.0,0.31934792
2022-03-04 16:25,40628.28,40634.06,40559.46,40567.9,20.82163324,40633.00000000,40633.01000000,40568.41000000,40572.32000000,25.48142000,40666.0,40666.0,40623.0,40623.0,0.42205617,40642.1,40642.1,40580.1,40592.2,0.29274209
2022-03-04 16:26,40567.67,40640.94,40567.01,40626.48,19.59506929,40572.32000000,40647.73000000,40572.30000000,40634.56000000,40.29647000,40612.98865025,40680.0,40611.34505166,40675.17272241,0.378562,40580.1,40623.3,40580.1,40623.3,0.2425995
2022-03-04 16:27,40629.01,40667.01,40628.92,40655.45,17.84242742,40634.56000000,40680.13000000,40632.47000000,40664.05000000,36.01851000,40689.36160924,40699.0,40688.0,40699.0,0.1277779,40623.3,40664.1,40623.3,40658.2,2.07281313
2022-03-04 16:28,40660.29,40708.92,40632.85,40663.71,24.44679306,40664.05000000,40711.36000000,40637.23000000,40672.17000000,70.50809000,40699.92662273,40737.38553388,40690.67183172,40718.43620474,0.76015182,40663.2,40680.0,40647.0,40664.5,0.21138329
2022-03-04 16:29,40665.92,40673.65,40614.68,40659.42,28.56804824,40672.18000000,40681.00000000,40631.65000000,40674.59000000,26.57709000,40702.0,40703.0,40660.0,40698.60450973,1.18662113,40657.4,40663.6,40631.8,40653.2,0.27996247
2022-03-04 16:30,40659.42,40705.69,40606.52,40619.37,8.82400289,40674.60000000,40710.53000000,40623.84000000,40623.85000000,29.76135000,40706.53718773,40736.0,40661.5853457,40668.1959107,3.5713156,40653.3,40705.0,40635.0,40645.1,6.64151798
2022-03-04 16:31,40614.01,40630.96,40566.73,40578.97,16.84360555,40623.84000000,40636.87000000,40580.00000000,40589.31000000,40.68436000,40657.40869831,40672.0,40617.95561667,40632.49885968,2.80686407,40645.1,40645.1,40580.0,40590.7,2.02289356
2022-03-04 16:32,40574.7,40579.24,40518.46,40537.37,16.55553812,40589.32000000,40589.32000000,40531.01000000,40546.99000000,37.89134000,40621.6984636,40622.0,40569.0,40583.37528488,3.26822058,40589.8,40589.8,40544.6,40564.3,0.10140904
2022-03-04 16:33,40532.96,40576.35,40520.07,40546.8,23.66703333,40546.99000000,40580.86000000,40537.34000000,40555.81000000,34.82007000,40584.24626621,40621.0,40580.0,40592.0,0.66308215,40535.8,40559.5,40535.8,40544.6,0.5864266300000001
2022-03-04 16:34,40546.8,40630.43,40544.1,40616.29,37.99798927,40555.81000000,40646.43000000,40555.80000000,40631.90000000,30.72093000,40592.0,40668.62400541,40592.0,40668.62400541,1.81346646,40555.9,40621.6,40555.9,40609.3,1.72458248
2022-03-04 16:35,40616.29,40645.79,40592.34,40607.57,13.8519471,40631.90000000,40655.58000000,40602.13000000,40622.76000000,25.19023000,40669.0,40673.08636234,40647.0,40648.0,0.98918118,40621.7,40621.7,40609.3,40609.4,0.19503353
2022-03-04 16:36,40610.65,40681.51,40602.7,40655.51,18.03917116,40622.76000000,40677.95000000,40618.71000000,40666.17000000,31.76443000,40651.07897673,40708.0,40651.07897673,40708.0,1.26335399,40609.4,40661.1,40609.4,40661.1,1.57673099
2022-03-04 16:37,40655.1,40708.47,40650.92,40703.33,11.02819082,40666.18000000,40714.82000000,40666.17000000,40711.35000000,21.46657000,40697.75890197,40729.0,40697.75890197,40729.0,0.51495252,40664.4,40664.4,40664.3,40664.4,0.72516342
2022-03-04 16:38,40703.14,40746.49,40703.14,40732.13,12.58738653,40711.35000000,40749.95000000,40708.73000000,40747.81000000,30.14998000,40733.0,40771.73561252,40733.0,40769.0,0.84210471,40674.6,40736.0,40674.6,40736.0,3.46421578
2022-03-04 16:39,40729.65,40790.55,40723.56,40762.25,25.36498147,40747.81000000,40800.00000000,40740.00000000,40775.12000000,89.10885000,40769.0,40820.61308199,40769.0,40811.0,2.51372396,40736.0,40810.7,40734.8,40786.2,4.54431164
2022-03-04 16:40,40762.24,40790.8,40752.24,40790.8,8.01950689,40775.12000000,40796.24000000,40769.22000000,40791.31000000,44.06838000,40800.0,40819.86710166,40785.0,40819.86710166,2.46011526,40775.1,40800.0,40774.4,40800.0,17.15084253
2022-03-04 16:41,40788.42,40809.11,40767.06,40775.92,28.17863488,40791.32000000,40800.00000000,40775.99000000,40780.82000000,179.62026000,40820.95822104,40826.0,40806.77366911,40816.65004392,0.68217912,40800.1,40810.7,40800.0,40800.0,0.71437388
2022-03-04 16:42,40773.06,40781.4,40733.04,40757.91,16.71293064,40780.81000000,40789.71000000,40744.51000000,40753.38000000,34.22900000,40813.0,40813.0,40779.49568462,40780.586804,2.5495186800000003,40800.1,40800.1,40749.1,40773.6,9.95167404
2022-03-04 16:43,40751.92,40788.56,40735.38,40777.46,29.7521106,40753.38000000,40785.76000000,40744.52000000,40780.53000000,25.75829000,40790.0,40818.77598228,40790.0,40805.0,20.83396956,40761.1,40785.9,40754.1,40771.1,5.2938867300000005
2022-03-04 16:44,40775.44,40778.37,40730.72,40770.63,16.82318452,40780.54000000,40785.76000000,40744.52000000,40774.99000000,22.32976000,40814.00801855,40814.00801855,40780.0,40801.0,1.78055779,40771.1,40777.9,40762.0,40777.9,1.1258656999999999
2022-03-04 16:45,40770.26,40804.01,40757.65,40789.49,13.09551933,40775.00000000,40800.00000000,40769.22000000,40792.91000000,22.78525000,40810.0,40826.0,40810.0,40826.0,0.23989741,40778.9,40779.9,40778.9,40779.9,0.11170463
2022-03-04 16:46,40794.56,40822.08,40776.01,40799.98,25.19370271,40792.91000000,40820.35000000,40780.15000000,40800.00000000,125.18875000,40826.7543309,40862.0,40826.7543309,40858.29649161,2.51447638,40779.8,40807.3,40779.8,40807.3,1.18707702
2022-03-04 16:47,40797.67,40825.15,40770.63,40794.31,10.86083325,40800.00000000,40820.51000000,40773.56000000,40787.66000000,32.86282000,40846.40140626,40862.0,40820.0,40825.0,1.8123092,40807.2,40810.7,40784.4,40788.3,1.14489123
2022-03-04 16:48,40793.84,40833.02,40780.34,40811.4,19.82857291,40787.66000000,40827.00000000,40780.92000000,40810.73000000,53.30757000,40838.0,40857.0,40833.30512851,40851.0,1.69668883,40796.2,40811.3,40796.2,40811.3,0.01612153
2022-03-04 16:49,40811.4,40819.01,40780.62,40809.27,9.80805088,40810.73000000,40816.23000000,40789.00000000,40811.64000000,21.41444000,40850.77392215,40850.77392215,40831.12152931,40842.0,0.97198003,40811.2,40815.3,40811.2,40811.3,0.25284100000000004
2022-03-04 16:50,40809.35,40816.67,40780.55,40791.26,6.50100011,40811.65000000,40813.69000000,40789.31000000,40800.00000000,21.25047000,40845.31492414,40846.0,40831.12152931,40842.0,0.54478706,40811.3,40811.3,40811.2,40811.3,0.00843226
2022-03-04 16:51,40798.35,40798.66,40752.28,40756.97,9.54560898,40799.99000000,40800.00000000,40763.39000000,40763.39000000,24.86352000,40838.76412652,40838.76412652,40803.0,40803.0,0.99422982,40811.3,40811.3,40781.8,40781.8,1.2300292
2022-03-04 16:52,40756.69,40756.7,40713.25,40749.51,23.91553219,40763.39000000,40763.40000000,40723.06000000,40746.37000000,23.70309000,40803.0,40803.0,40764.52175356,40774.0,1.63419267,40781.8,40781.8,40746.0,40746.0,0.17726304
2022-03-04 16:53,40749.03,40787.86,40744.15,40749.68,17.143164,40746.37000000,40791.70000000,40746.37000000,40756.99000000,22.74220000,40778.71514839,40821.51881639,40778.71514839,40805.0,5.61617007,40746.1,40757.8,40746.1,40750.0,8.823757669999999
2022-03-04 16:54,40755.6,40775.0,40733.38,40752.74,8.47912178,40756.99000000,40778.60000000,40743.17000000,40759.10000000,12.55116000,40784.28262723,40809.31715826,40784.0,40800.0,0.10914609,40755.7,40777.7,40750.0,40763.1,0.76166884
2022-03-04 16:55,40752.74,40788.01,40733.7,40747.96,16.38145996,40759.10000000,40786.69000000,40750.00000000,40753.21000000,14.70895000,40800.0,40816.00285482,40791.0,40808.0,0.21135655,40758.7,40782.9,40758.7,40770.6,0.23608803
2022-03-04 16:56,40747.36,40771.26,40737.59,40762.0,16.2049388,40753.21000000,40777.95000000,40745.08000000,40767.38000000,15.64922000,40790.0,40811.0,40790.0,40811.0,0.33062248,40770.5,40770.6,40770.5,40770.6,0.15310665
2022-03-04 16:57,40762.0,40776.77,40745.22,40760.35,17.2312488,40767.37000000,40779.63000000,40755.26000000,40756.63000000,14.75389000,40818.4210239,40822.0,40798.76843795,40806.53950954,0.70571525,40770.6,40780.8,40770.6,40770.6,0.06418017
2022-03-04 16:58,40754.85,40770.68,40734.97,40756.4,6.26943331,40756.63000000,40774.34000000,40745.08000000,40759.53000000,13.48036000,40806.41111026,40818.61841627,40797.0,40808.59473092,2.92711018,40770.5,40770.6,40770.5,40770.6,0.09568499999999999
2022-03-04 16:59,40756.4,40766.13,40733.8,40741.78,27.34958388,40759.53000000,40771.03000000,40741.23000000,40754.40000000,9.86516000,40808.0,40808.0,40796.0,40796.0,1.39070725,40770.6,40776.0,40770.5,40770.6,0.22145447
2022-03-04 17:00,40740.45,40755.92,40682.97,40714.0,25.34387089,40754.41000000,40766.20000000,40693.61000000,40728.88000000,42.71078000,40797.67662762,40802.0,40750.0,40775.0,10.94188768,40770.6,40770.6,40713.2,40722.7,1.17084024
2022-03-04 17:01,40723.13,40724.29,40650.01,40693.68,26.55073798,40728.89000000,40733.74000000,40668.32000000,40706.48000000,35.33716000,40769.0,40769.0,40706.0,40740.0,0.74149882,40730.2,40730.2,40700.0,40700.0,2.6356897900000003
2022-03-04 17:02,40701.19,40719.51,40667.6,40703.83,5.82045916,40706.48000000,40729.82000000,40680.00000000,40717.62000000,18.54596000,40746.3760218,40759.0,40732.0,40759.0,0.37824638,40700.1,40730.2,40700.1,40719.1,0.38678444
2022-03-04 17:03,40703.83,40738.41,40702.82,40719.76,13.00531278,40717.62000000,40747.77000000,40716.70000000,40731.66000000,24.76493000,40759.0,40785.58829941,40758.0,40772.0,0.32793608,40723.9,40737.2,40723.9,40735.8,0.25360801
2022-03-04 17:04,40719.83,40810.67,40714.23,40805.16,15.75295415,40731.67000000,40809.00000000,40731.66000000,40809.00000000,34.39342000,40772.0,40845.04250976,40772.0,40845.04250976,0.91528902,40738.0,40811.3,40738.0,40806.1,0.27167905
2022-03-04 17:05,40801.77,40815.81,40781.66,40805.54,7.80135318,40808.99000000,40822.02000000,40795.09000000,40808.99000000,73.50932000,40843.53266151,40852.0,40839.0,40839.35313503,0.83592406,40811.3,40823.2,40805.5,40811.0,1.75538976
2022-03-04 17:06,40804.14,40819.99,40777.57,40815.28,23.62866499,40808.99000000,40826.45000000,40790.03000000,40826.43000000,71.83302000,40838.0,40863.0,40838.0,40858.0,1.06740518,40811.0,40821.8,40811.0,40821.8,0.06641817
2022-03-04 17:07,40818.76,40823.82,40783.54,40802.12,7.74538519,40826.44000000,40829.76000000,40795.11000000,40810.07000000,41.09063000,40860.0,40860.0,40838.2619323,40841.0,0.3754628,40821.8,40836.2,40811.0,40814.2,1.19044444
2022-03-04 17:08,40802.12,40802.12,40743.6,40792.12,16.64422833,40810.07000000,40810.08000000,40763.95000000,40801.01000000,25.88134000,40841.0,40841.0,40805.23279476,40834.0100196,4.16918574,40814.3,40814.3,40803.4,40807.6,5.1600978699999995
2022-03-04 17:09,40788.53,40826.64,40771.01,40795.42,17.97010615,40801.02000000,40838.51000000,40783.88000000,40805.58000000,25.42630000,40835.75409383,40865.0,40825.28964844,40864.0,1.7302686,40803.5,40819.8,40803.5,40811.9,0.1063058
2022-03-04 17:10,40791.0,40860.31,40784.24,40835.59,18.99790367,40805.58000000,40869.00000000,40799.00000000,40851.40000000,31.86433000,40840.0,40895.05261776,40840.0,40886.0,3.86432651,40803.7,40850.0,40803.7,40850.0,0.50189275
2022-03-04 17:11,40835.6,40916.3,40830.43,40866.74,40.52539261,40851.40000000,40897.57000000,40845.64000000,40874.17000000,55.26093000,40886.0,40927.74055564,40886.0,40903.73409572,2.6414511,40850.0,40900.0,40849.1,40860.6,8.02314251
2022-03-04 17:12,40868.25,40932.0,40867.41,40887.58,21.85156567,40874.17000000,40930.34000000,40874.17000000,40894.33000000,48.49463000,40924.46694747,40962.05576962,40924.46694747,40957.83929015,2.59987575,40865.8,40900.8,40865.8,40900.8,3.64189079
2022-03-04 17:13,40886.43,40930.33,40834.89,40852.64,24.11609322,40894.33000000,40930.12000000,40838.55000000,40861.90000000,42.96306000,40961.32743862,40961.32743862,40886.0,40886.0,1.67083265,40903.0,40911.0,40852.1,40852.1,1.1057524
2022-03-04 17:14,40853.58,40916.36,40853.58,40904.61,9.10338077,40861.90000000,40916.97000000,40861.89000000,40911.35000000,32.97359000,40907.0,40952.0,40907.0,40949.9909561,0.70728529,40852.1,40900.2,40852.1,40900.1,0.46216523
2022-03-04 17:15,40909.6,40918.99,40862.39,40916.48,17.12279953,40911.34000000,40930.34000000,40870.87000000,40930.33000000,33.47948000,40949.9909561,40959.77062807,40909.19010934,40959.77062807,2.2107985,40900.2,40907.9,40883.4,40903.6,1.86826489
2022-03-04 17:16,40916.51,40956.44,40902.71,40930.76,20.43260909,40930.34000000,40958.66000000,40910.51000000,40931.52000000,52.60273000,40960.78237024,40982.0,40946.0,40957.57283281,0.32702569,40908.8,40959.5,40908.8,40930.5,0.9992584800000001
2022-03-04 17:17,40930.75,40952.61,40900.08,40920.7,12.43727483,40931.52000000,40952.00000000,40904.11000000,40920.34000000,26.09796000,40967.39022698,40981.0,40939.01183427,40940.95880001,0.88554636,40930.5,40941.8,40922.2,40922.2,1.01553763
2022-03-04 17:18,40919.06,40930.27,40877.36,40878.52,33.04489492,40920.34000000,40925.51000000,40885.00000000,40887.48000000,39.44785000,40955.41357648,40955.41357648,40927.52844627,40927.52844627,1.7130349,40931.4,40931.4,40894.4,40894.5,0.26592899
2022-03-04 17:19,40878.52,40878.52,40834.25,40842.32,6.2974091,40887.48000000,40887.49000000,40840.52000000,40847.90000000,21.58786000,40910.1002399,40914.0,40886.0,40886.0,0.61259414,40894.5,40894.5,40850.1,40850.1,0.01276587
2022-03-04 17:20,40841.41,40881.37,40835.75,40854.32,17.03443931,40847.91000000,40875.94000000,40844.86000000,40859.10000000,23.12449000,40890.0,40905.7431883,40886.0,40896.0,2.8183679600000002,40850.1,40879.1,40850.1,40862.1,0.59209687
2022-03-04 17:21,40851.57,40859.2,40815.21,40845.98,17.29084589,40859.09000000,40859.10000000,40825.80000000,40850.11000000,27.91544000,40894.0,40894.0,40875.0,40881.0,7.18774913,40851.0,40864.1,40851.0,40851.1,0.01335616
2022-03-04 17:22,40845.98,40851.87,40817.89,40849.82,11.56927522,40850.12000000,40859.29000000,40824.44000000,40855.97000000,38.35036000,40881.0,40888.0,40857.0,40888.0,4.3607812,40851.1,40851.2,40851.1,40851.2,0.04385788
2022-03-04 17:23,40847.81,40857.33,40809.77,40836.94,15.86673692,40855.97000000,40860.19000000,40816.32000000,40838.62000000,34.96249000,40891.8006232,40891.8006232,40857.81562077,40866.52972395,0.32659075,40851.2,40851.5,40851.0,40851.1,0.1611271
2022-03-04 17:24,40828.58,40865.01,40818.24,40822.18,6.89791846,40838.63000000,40863.07000000,40826.17000000,40826.93000000,17.20850000,40874.37241682,40885.0,40873.0,40873.0,0.40936042,40851.1,40851.1,40850.1,40850.1,0.19538611
2022-03-04 17:25,40822.4,40846.51,40795.43,40833.68,14.00645405,40826.94000000,40845.69000000,40801.00000000,40840.36000000,19.17867000,40862.0,40881.0,40843.00164534,40881.0,0.86169019,40850.0,40850.0,40810.1,40847.7,0.9732816
2022-03-04 17:26,40831.51,40899.07,40817.05,40887.32,25.80016521,40840.36000000,40893.00000000,40827.79000000,40890.23000000,15.59709000,40877.0,40920.0,40873.0,40920.0,0.77139062,40833.0,40866.2,40832.9,40866.1,1.9151755599999998
2022-03-04 17:27,40887.04,40893.0,40847.95,40849.19,20.75266663,40890.22000000,40890.23000000,40849.10000000,40850.02000000,29.80032000,40920.0,40920.0,40896.0,40903.0,0.74552511,40866.2,40869.0,40849.2,40863.3,4.55662962
2022-03-04 17:28,40847.5,40871.27,40815.49,40866.31,25.93286827,40850.01000000,40868.00000000,40822.83000000,40864.15000000,12.03721000,40896.0,40904.42605411,40871.0,40904.42605411,9.36068501,40846.2,40865.5,40829.6,40864.2,0.22164367000000001
2022-03-04 17:29,40864.47,40888.97,40854.01,40871.15,16.28980542,40864.16000000,40883.04000000,40860.32000000,40869.43000000,19.24623000,40905.69727723,40909.0,40905.0,40908.0,0.3358,40865.2,40881.6,40865.2,40876.8,1.57870013
2022-03-04 17:30,40874.48,40909.93,40849.29,40899.61,28.29260088,40869.44000000,40899.40000000,40850.51000000,40894.26000000,26.85397000,40892.0,40924.0,40892.0,40924.0,1.0746789,40866.1,40899.8,40866.1,40899.8,5.12800049
2022-03-04 17:31,40897.8,40901.6,40879.63,40891.18,8.42953239,40894.26000000,40897.60000000,40880.00000000,40886.00000000,13.55787000,40924.0,40924.0,40924.0,40924.0,0.01255466,40899.8,40899.8,40895.0,40895.1,0.13669312
2022-03-04 17:32,40891.18,40916.24,40847.73,40864.73,10.57024577,40885.99000000,40909.00000000,40846.63000000,40855.79000000,35.10808000,40924.15435345,40937.0,40888.51889292,40888.51889292,4.12430034,40895.1,40899.9,40895.0,40895.1,2.20354413
2022-03-04 17:33,40860.11,40869.34,40832.04,40846.87,8.17906437,40855.80000000,40857.11000000,40826.98000000,40840.64000000,18.42178000,40889.0,40889.0,40871.90185811,40877.9475795,1.20848524,40895.1,40895.1,40860.0,40860.0,1.74019537
2022-03-04 17:34,40845.93,40855.79,40811.33,40843.81,19.7896706,40840.63000000,40840.68000000,40815.95000000,40839.18000000,19.41354000,40873.0,40874.94814071,40862.0,40873.0,0.94234219,40850.1,40850.1,40850.1,40850.1,0.26213131
2022-03-04 17:35,40838.88,40865.5,40837.17,40847.15,18.13894314,40839.18000000,40853.93000000,40834.53000000,40845.81000000,11.51935000,40885.0,40885.0,40877.0,40877.0,1.22284813,40850.1,40850.2,40850.1,40850.2,1.03619522
2022-03-04 17:36,40846.73,40887.65,40841.8,40863.79,12.88086909,40845.81000000,40886.55000000,40844.65000000,40860.16000000,26.91789000,40877.58087133,40907.0,40877.58087133,40889.77195695,3.38265658,40850.1,40872.3,40850.1,40865.3,0.25676797
2022-03-04 17:37,40862.78,40870.13,40842.07,40850.65,4.22097394,40860.17000000,40866.83000000,40845.53000000,40851.01000000,7.69383000,40891.0,40891.0,40881.0,40888.0,0.05590564,40865.3,40865.4,40865.3,40865.4,0.0294068
2022-03-04 17:38,40850.66,40864.51,40826.69,40843.19,16.90393862,40851.01000000,40856.12000000,40830.50000000,40843.64000000,12.48122000,40885.4179978,40888.0,40878.45701348,40878.45701348,0.19110447,40865.4,40865.4,40851.1,40852.2,0.32619306
2022-03-04 17:39,40838.49,40896.15,40836.03,40891.81,21.64103076,40843.65000000,40889.03000000,40840.90000000,40889.03000000,35.66988000,40878.61448414,40911.5417527,40878.61448414,40911.5417527,2.54797639,40852.2,40859.9,40852.2,40859.9,0.11602665
2022-03-04 17:40,40892.56,40915.59,40840.23,40841.62,27.54827851,40889.03000000,40905.41000000,40850.01000000,40850.01000000,31.38216000,40912.41254453,40928.95758929,40912.41254453,40917.0,0.06258954,40859.9,40880.0,40859.9,40866.5,4.11658992
2022-03-04 17:41,40844.04,40853.8,40817.57,40839.44,5.85435497,40850.01000000,40852.00000000,40830.00000000,40835.49000000,15.02415000,40899.0,40899.0,40871.0,40873.0,0.70370305,40859.9,40860.0,40859.9,40860.0,0.02771817
2022-03-04 17:42,40836.81,40846.57,40821.23,40831.65,4.36437828,40835.49000000,40844.51000000,40829.33000000,40833.86000000,7.10874000,40876.0,40876.0,40870.0,40872.0,1.06038131,40860.0,40860.0,40859.9,40860.0,0.01386333
2022-03-04 17:43,40831.45,40831.45,40736.37,40737.59,29.95012304,40833.87000000,40833.87000000,40740.78000000,40740.79000000,26.69490000,40872.0,40872.0,40781.0,40781.0,2.2698229800000003,40860.0,40860.0,40757.6,40760.5,9.30286026
2022-03-04 17:44,40737.58,40767.56,40694.28,40712.28,16.25171993,40740.79000000,40768.68000000,40695.88000000,40706.59000000,34.93967000,40781.0,40795.62330742,40732.2879357,40759.0,1.48338408,40750.0,40750.0,40708.4,40745.1,6.40262739
2022-03-04 17:45,40711.11,40745.22,40708.89,40732.82,11.53968753,40706.60000000,40740.36000000,40706.59000000,40735.07000000,20.74580000,40766.0,40776.0,40766.0,40776.0,0.05480244,40745.1,40745.1,40745.0,40745.1,1.21987354
2022-03-04 17:46,40732.82,40753.38,40694.39,40729.54,16.27509337,40735.07000000,40747.30000000,40691.30000000,40731.04000000,25.86258000,40778.0,40783.0,40746.0,40781.0,0.52481341,40745.1,40749.7,40712.6,40749.7,14.7664
2022-03-04 17:47,40727.73,40769.99,40726.44,40735.52,13.46996206,40731.05000000,40766.91000000,40724.88000000,40740.96000000,15.85266000,40778.53270868,40817.0,40778.53270868,40792.46932272,4.1919238199999995,40737.2,40749.9,40736.1,40749.9,6.81345635
2022-03-04 17:48,40734.94,40800.0,40734.94,40768.18,30.19883184,40740.96000000,40785.71000000,40740.00000000,40763.85000000,22.95552000,40786.37205408,40829.0,40786.37205408,40822.0,0.24128531,40749.9,40786.2,40749.9,40786.2,0.04517495
2022-03-04 17:49,40766.77,40812.42,40762.5,40785.0,24.25246376,40763.86000000,40799.00000000,40763.85000000,40776.03000000,18.74824000,40809.79371557,40847.0,40809.79371557,40829.0,0.03034908,40761.9,40803.0,40761.9,40801.8,0.27058798
2022-03-04 17:50,40779.29,40794.01,40760.38,40766.14,19.41803296,40776.03000000,40789.09000000,40763.28000000,40770.01000000,12.76731000,40814.0,40830.0,40814.0,40818.0,0.59433081,40800.5,40800.5,40779.9,40779.9,1.56502503
2022-03-04 17:51,40766.14,40796.45,40760.38,40789.77,9.12783325,40770.00000000,40794.40000000,40765.71000000,40788.40000000,15.75282000,40815.0,40830.79501136,40810.0,40830.79501136,0.11740824,40779.9,40796.3,40779.9,40796.3,0.0626995
2022-03-04 17:52,40789.04,40805.42,40782.18,40799.29,10.51869949,40788.41000000,40799.00000000,40781.58000000,40798.45000000,9.53046000,40840.0,40841.0,40830.79501136,40833.0,0.00115198,40794.5,40800.5,40791.2,40795.1,0.11734283
2022-03-04 17:53,40799.6,40834.35,40783.55,40826.14,11.64425986,40798.45000000,40827.36000000,40788.17000000,40827.36000000,28.81126000,40843.0,40857.79720108,40838.89443713,40857.79720108,0.24696925999999997,40798.9,40829.8,40798.9,40829.8,0.55726889
2022-03-04 17:54,40826.67,40883.46,40806.68,40824.08,13.18724914,40827.35000000,40876.39000000,40809.99000000,40822.67000000,20.44341000,40859.0,40925.0,40858.66823946,40860.0,6.86232406,40829.9,40877.2,40829.9,40831.8,15.3734397
2022-03-04 17:55,40823.44,40854.32,40815.08,40844.88,20.32765649,40822.66000000,40851.10000000,40819.50000000,40846.81000000,12.55569000,40861.0,40888.0,40861.0,40888.0,0.59790005,40831.7,40856.5,40831.7,40846.5,5.04989732
2022-03-04 17:56,40843.59,40874.9,40819.97,40832.69,21.73841873,40846.80000000,40869.98000000,40827.94000000,40833.22000000,17.00474000,40886.0,40910.13334207,40878.0,40879.0,0.19044244000000002,40846.6,40851.3,40846.5,40851.3,0.19276618
2022-03-04 17:57,40832.69,40886.55,40826.88,40842.16,14.40378981,40833.21000000,40879.05000000,40833.21000000,40850.63000000,15.06311000,40901.0,40914.89347629,40892.0,40892.0,0.00642955,40851.2,40860.2,40850.0,40860.2,1.0516677
2022-03-04 17:58,40842.22,40859.5,40821.11,40851.54,13.32565908,40850.62000000,40853.62000000,40829.64000000,40852.13000000,8.45856000,40895.93639769,40895.93639769,40872.0,40894.0,0.18165504,40850.9,40850.9,40850.8,40850.8,1.66925728
2022-03-04 17:59,40848.41,40860.27,40826.09,40841.43,7.90860949,40852.13000000,40857.60000000,40834.36000000,40840.53000000,7.99733000,40901.0,40903.5809062,40880.0,40881.0,0.03030352,40851.0,40851.0,40850.9,40851.0,3.7801499499999998
2022-03-04 18:00,40841.44,40897.37,40830.53,40841.95,25.87123894,40840.53000000,40895.62000000,40836.64000000,40836.73000000,40.63629000,40880.0,40929.79064967,40880.0,40884.46757988,1.0989493000000001,40851.0,40880.0,40850.9,40851.0,4.08625951
2022-03-04 18:01,40839.62,40877.63,40814.07,40876.65,5.71908816,40836.74000000,40884.69000000,40821.18000000,40879.47000000,17.33856000,40883.0,40904.0,40862.0821457,40904.0,0.55643989,40851.0,40871.8,40850.9,40871.8,0.17878336
2022-03-04 18:02,40875.3,40897.37,40864.79,40876.85,16.47894507,40879.46000000,40896.66000000,40869.30000000,40876.18000000,8.90975000,40906.95628592,40930.0,40906.95628592,40910.0,0.18168728,40871.8,40880.0,40867.7,40880.0,0.50748745
2022-03-04 18:03,40876.96,40901.99,40859.37,40868.51,14.16287815,40876.19000000,40896.10000000,40862.62000000,40874.16000000,12.17909000,40912.43796568,40912.43796568,40910.0,40910.0,0.06672041000000001,40880.0,40880.0,40879.9,40880.0,0.52259079
2022-03-04 18:04,40868.51,40895.91,40858.96,40878.44,5.37842162,40874.16000000,40900.00000000,40866.37000000,40879.56000000,9.99266000,40913.40956,40927.0,40913.40956,40927.0,0.37280118,40875.9,40880.0,40873.5,40879.7,0.72313353
2022-03-04 18:05,40873.4,40921.0,40784.5,40883.47,62.67812723,40879.56000000,40926.39000000,40866.30000000,40891.40000000,61.14601000,40926.0,40955.0,40910.28245626,40911.0,6.40078928,40880.0,40916.8,40878.5,40887.7,1.52920921
2022-03-04 18:06,40883.47,40907.5,40870.28,40889.79,8.36775171,40891.40000000,40908.62000000,40880.67000000,40895.12000000,13.95182000,40911.0,40949.0,40911.0,40932.0,1.18588876,40895.6,40908.0,40891.9,40896.8,0.40029201999999997
2022-03-04 18:07,40889.79,40900.01,40865.02,40884.01,16.96137844,40895.12000000,40900.00000000,40874.14000000,40886.20000000,11.87193000,40932.0,40932.1274876,40912.71941577,40916.0,0.17976113999999999,40894.1,40903.5,40877.5,40884.0,0.040458089999999995
2022-03-04 18:08,40880.92,40901.39,40867.46,40894.95,4.03485589,40886.21000000,40899.99000000,40878.45000000,40897.91000000,10.42885000,40919.0,40941.95775171,40911.0,40926.66622977,0.23967828,40886.8,40889.8,40879.2,40889.8,0.32830029
2022-03-04 18:09,40890.78,40893.01,40850.0,40873.85,13.29650724,40897.91000000,40900.00000000,40874.14000000,40876.30000000,15.59506000,40934.0,40934.0,40910.0,40910.0,0.38780745,40889.8,40889.8,40873.1,40879.2,0.19971034000000001
2022-03-04 18:10,40873.37,40884.98,40815.37,40829.31,18.08531895,40876.30000000,40888.46000000,40830.58000000,40841.82000000,21.22811000,40908.0,40913.0,40864.40789043,40876.0,1.57460222,40870.1,40870.1,40825.6,40839.4,1.16126781
2022-03-04 18:11,40827.74,40840.01,40820.93,40828.31,3.48743158,40841.82000000,40842.84000000,40833.23000000,40836.04000000,16.88252000,40868.0,40875.3304061,40866.0,40875.3304061,0.05732661,40833.1,40836.4,40828.2,40833.9,0.18642194
2022-03-04 18:12,40833.89,40846.94,40796.44,40804.18,19.58035914,40836.05000000,40853.80000000,40809.00000000,40816.33000000,13.20118000,40873.0,40876.42265767,40868.0,40868.0,0.64590747,40834.0,40834.0,40830.5,40830.6,0.23597827
2022-03-04 18:13,40804.18,40831.28,40804.18,40804.9,7.59491602,40816.33000000,40835.77000000,40814.38000000,40820.33000000,13.42253000,40855.0,40863.0,40854.0,40863.0,0.0626984,40830.6,40830.7,40830.6,40830.7,0.08088565
2022-03-04 18:14,40808.01,40851.53,40796.84,40796.84,12.07805811,40820.34000000,40852.57000000,40806.46000000,40806.47000000,15.10786000,40863.0,40876.42265767,40863.0,40869.0,0.18606763,40830.6,40834.0,40830.5,40830.5,0.14753764
2022-03-04 18:15,40797.73,40831.95,40779.78,40829.56,24.3890796,40806.47000000,40835.43000000,40793.17000000,40835.13000000,20.07869000,40854.57762632,40879.0,40840.0,40879.0,3.62576919,40830.5,40830.5,40800.3,40815.0,0.53219137
2022-03-04 18:16,40829.53,40850.0,40770.3,40785.33,10.3571842,40835.43000000,40848.99000000,40782.98000000,40788.03000000,17.98033000,40864.0,40864.0,40829.0,40829.0,0.06596332,40815.0,40834.0,40800.0,40800.1,0.29058793
2022-03-04 18:17,40778.19,40778.53,40710.13,40732.03,40.49266556,40788.03000000,40788.04000000,40724.08000000,40742.90000000,59.76201000,40829.0,40829.0,40761.0,40768.0,5.18584981,40800.0,40800.0,40734.4,40734.4,0.09824924
2022-03-04 18:18,40732.03,40758.0,40732.03,40753.0,9.78822149,40742.91000000,40761.03000000,40742.90000000,40759.70000000,15.37700000,40768.0,40791.0,40768.0,40779.0,1.26870312,40734.3,40761.6,40734.3,40747.1,8.01097803
2022-03-04 18:19,40752.76,40772.5,40752.21,40756.52,3.46314455,40759.71000000,40780.39000000,40759.70000000,40767.37000000,9.24713000,40797.08006863,40807.46137844,40797.08006863,40807.46137844,0.04517325,40757.8,40761.6,40757.8,40761.6,0.14997439
2022-03-04 18:20,40756.52,40824.14,40756.51,40823.95,21.03508211,40767.37000000,40830.76000000,40767.37000000,40828.09000000,16.41925000,40813.55750353,40852.74687913,40813.55750353,40852.74687913,0.32717848,40761.6,40800.1,40761.6,40796.0,2.40266912
2022-03-04 18:21,40823.95,40834.76,40804.5,40806.55,8.43610331,40828.10000000,40836.73000000,40811.33000000,40811.34000000,20.35998000,40859.0,40877.0,40850.62671431,40850.62671431,0.70291577,40800.1,40830.8,40800.1,40813.3,0.13934062
2022-03-04 18:22,40806.56,40836.01,40753.36,40764.02,30.1363313,40811.33000000,40840.78000000,40770.58000000,40776.68000000,18.24572000,40854.48862916,40871.90612943,40813.47189894,40813.47189894,3.09262384,40813.3,40832.4,40769.9,40774.7,0.28114922000000003
2022-03-04 18:23,40762.74,40785.64,40733.8,40760.0,11.7403987,40776.68000000,40792.91000000,40755.00000000,40768.92000000,15.34709000,40818.0,40825.0,40800.0,40800.0,0.03573081,40775.6,40775.6,40761.6,40761.6,1.5034698
2022-03-04 18:24,40759.3,40779.67,40720.0,40729.92,17.15511686,40768.91000000,40790.00000000,40739.75000000,40739.75000000,11.78951000,40807.0,40809.20312846,40783.77491158,40783.77491158,0.03803137,40768.0,40768.1,40747.6,40748.8,0.14568916999999998
2022-03-04 18:25,40729.96,40769.2,40727.84,40755.75,10.97932009,40739.76000000,40772.70000000,40739.75000000,40766.22000000,19.97026000,40786.0,40813.0,40785.0,40813.0,0.06618733,40748.8,40768.3,40748.8,40768.3,0.3995628
2022-03-04 18:26,40759.6,40792.09,40746.76,40775.92,3.1612772,40766.22000000,40798.33000000,40763.14000000,40779.97000000,15.90269000,40816.0,40826.40474604,40808.0,40812.0,0.30661927,40772.8,40775.0,40767.3,40767.3,0.49586132000000005
2022-03-04 18:27,40775.92,40793.79,40726.27,40766.8,26.42752589,40779.98000000,40794.19000000,40750.34000000,40778.37000000,16.47497000,40804.0,40850.0,40795.70662844,40800.0,51.16972373,40779.9,40779.9,40740.6,40752.3,1.5596282600000002
2022-03-04 18:28,40766.81,40801.72,40759.82,40790.28,10.67602574,40778.37000000,40800.00000000,40774.29000000,40793.29000000,9.87764000,40828.0,40913.0,40828.0,40837.5224673,51.44167866,40752.4,40796.0,40752.4,40785.1,0.07811977
2022-03-04 18:29,40788.13,40791.94,40743.34,40755.39,16.46024249,40793.29000000,40797.15000000,40752.51000000,40767.27000000,9.55956000,40831.0,40831.86749555,40806.0,40808.0,0.52404555,40785.2,40793.4,40785.2,40785.4,0.00597841
2022-03-04 18:30,40759.46,40774.59,40749.74,40752.47,5.29325303,40767.26000000,40777.87000000,40764.09000000,40765.93000000,12.68949000,40815.0,40822.0,40811.10904741,40811.10904741,0.36427278,40785.1,40785.1,40765.9,40779.2,0.07512267
2022-03-04 18:31,40752.46,40815.75,40738.18,40800.02,4.89457361,40765.92000000,40816.79000000,40750.34000000,40808.42000000,32.93007000,40810.0,40844.0,40803.46119809,40844.0,0.28740967,40766.1,40810.0,40765.8,40810.0,0.10496098
2022-03-04 18:32,40800.11,40809.93,40789.29,40798.79,15.38789943,40808.41000000,40809.97000000,40798.16000000,40809.09000000,11.53272000,40849.0,40851.46108026,40841.0,40851.46108026,0.12576676,40798.8,40808.9,40793.8,40804.8,0.68890481
2022-03-04 18:33,40798.72,40827.57,40779.22,40821.48,6.70390839,40809.09000000,40829.99000000,40794.45000000,40828.33000000,16.13528000,40852.0,40860.27379301,40852.0,40860.27379301,0.11276539000000001,40804.7,40817.2,40794.4,40817.2,1.9854434600000002
2022-03-04 18:34,40822.45,40834.92,40788.89,40799.93,18.32679488,40828.34000000,40837.85000000,40805.00000000,40816.12000000,9.89788000,40861.0,40865.0,40860.0,40860.0,0.00297871,40817.2,40822.1,40817.2,40822.1,0.08990053
2022-03-04 18:35,40799.92,40825.09,40788.61,40797.37,7.33111868,40816.11000000,40831.93000000,40802.27000000,40808.31000000,8.32011000,40845.0,40860.0,40845.0,40853.0,0.30139112,40822.1,40823.8,40822.1,40823.8,0.15694711
2022-03-04 18:36,40798.52,40803.29,40781.4,40788.68,9.80042587,40808.31000000,40808.32000000,40794.06000000,40799.11000000,11.06507000,40845.25259681,40845.25259681,40844.0,40844.0,0.01024647,40823.7,40823.7,40804.7,40804.7,0.6217245
2022-03-04 18:37,40788.95,40789.94,40754.7,40754.71,12.83816184,40799.10000000,40803.12000000,40759.00000000,40760.00000000,12.66649000,40844.0,40844.0,40813.0,40813.0,2.52992937,40804.7,40804.7,40800.0,40800.0,0.41115206
2022-03-04 18:38,40754.71,40824.31,40750.0,40802.26,11.45261803,40759.99000000,40828.12000000,40759.99000000,40810.14000000,18.31049000,40812.86798243,40870.0,40811.0,40870.0,0.13503435,40793.8,40800.1,40765.9,40800.1,0.06068556
2022-03-04 18:39,40800.94,40828.49,40800.94,40812.42,11.3191453,40810.15000000,40837.83000000,40810.14000000,40826.10000000,8.27716000,40857.0,40874.0,40857.0,40873.1434293,0.0675,40800.0,40800.1,40800.0,40800.0,0.33608104
2022-03-04 18:40,40811.01,40811.67,40762.94,40786.91,21.97132596,40826.10000000,40826.10000000,40780.00000000,40796.78000000,13.37210000,40873.1434293,40873.1434293,40825.0,40840.0,1.27642133,40800.0,40800.0,40780.4,40795.3,0.03002067
2022-03-04 18:41,40792.1,40799.33,40673.79,40673.79,22.05795146,40796.78000000,40803.19000000,40688.00000000,40688.01000000,48.94371000,40842.0,40847.0,40740.0,40740.0,6.24762855,40794.7,40794.7,40698.1,40698.1,7.21898555
2022-03-04 18:42,40673.94,40703.6,40596.57,40627.83,51.23313834,40688.02000000,40712.89000000,40634.22000000,40635.52000000,47.80157000,40739.79038645,40759.0,40673.54965928,40674.0,5.2274872,40699.1,40705.4,40645.5,40645.5,1.4545834
2022-03-04 18:43,40630.95,40677.15,40616.22,40630.15,8.16338402,40635.53000000,40683.12000000,40634.40000000,40637.43000000,21.02221000,40675.0,40718.07202579,40675.0,40690.0,27.78133089,40653.1,40670.0,40645.6,40645.6,2.14242933
2022-03-04 18:44,40629.42,40692.22,40629.4,40650.2,21.26477974,40637.42000000,40694.44000000,40637.42000000,40667.59000000,18.00603000,40681.0,40724.62976119,40679.81856932,40705.62596898,0.23762736,40645.5,40659.9,40645.4,40659.9,0.2550516
2022-03-04 18:45,40652.44,40684.69,40646.8,40671.1,8.55585528,40667.59000000,40693.16000000,40666.87000000,40682.74000000,19.03398000,40704.0,40728.0,40703.0,40722.0,0.30271938,40659.9,40659.9,40659.8,40659.9,0.14092552
2022-03-04 18:46,40668.2,40684.79,40656.51,40656.51,4.89260922,40682.74000000,40691.53000000,40670.47000000,40670.76000000,8.18144000,40717.0,40729.0,40717.0,40720.0,0.20252084,40659.9,40659.9,40659.8,40659.8,0.80536763
2022-03-04 18:47,40650.01,40658.05,40625.24,40632.31,18.76797839,40670.47000000,40676.08000000,40641.40000000,40642.85000000,13.32251000,40718.79056473,40718.79056473,40678.0,40678.0,2.51055516,40659.8,40659.8,40631.4,40638.1,0.20999820000000002
2022-03-04 18:48,40631.89,40657.07,40625.01,40646.88,6.93249381,40642.85000000,40665.46000000,40641.02000000,40663.16000000,16.66315000,40682.0,40687.0,40677.26976718,40687.0,1.63737967,40636.3,40650.4,40636.3,40647.0,0.26231957
2022-03-04 18:49,40646.27,40664.9,40593.25,40633.96,28.72715085,40663.16000000,40676.63000000,40615.00000000,40647.45000000,23.03848000,40687.0,40687.0,40650.0,40662.0,6.67976255,40656.3,40656.4,40642.3,40642.4,1.53414747
2022-03-04 18:50,40633.1,40664.9,40627.75,40642.19,12.3424978,40647.45000000,40671.52000000,40645.41000000,40650.26000000,30.73683000,40687.0,40687.0,40684.0,40687.0,2.75257231,40646.2,40656.4,40646.2,40656.4,0.07492192
2022-03-04 18:51,40641.86,40689.66,40638.3,40662.81,25.94068192,40650.26000000,40690.07000000,40650.25000000,40675.59000000,12.63276000,40683.0,40719.0,40683.0,40714.41995446,8.1897517,40656.4,40659.9,40656.3,40659.9,0.33290578
2022-03-04 18:52,40659.68,40661.08,40634.39,40656.15,6.77035108,40675.59000000,40675.60000000,40647.40000000,40660.41000000,9.11232000,40690.38159798,40700.21547109,40688.0,40700.21547109,1.7060480599999999,40659.9,40659.9,40656.4,40656.4,0.55420287
2022-03-04 18:53,40652.51,40664.63,40641.12,40654.87,5.357551,40660.42000000,40675.06000000,40653.00000000,40668.27000000,9.03441000,40694.0,40704.54500341,40690.0,40700.57499024,0.60572861,40656.4,40656.4,40656.4,40656.4,0.0263862
2022-03-04 18:54,40659.97,40681.2,40641.62,40644.24,21.03411135,40668.28000000,40685.59000000,40659.10000000,40659.10000000,9.98036000,40696.0,40717.0,40688.19629285,40690.0,0.25515805,40656.3,40659.9,40656.3,40657.3,0.53089038
2022-03-04 18:55,40643.85,40700.0,40641.92,40695.05,9.3924444,40659.11000000,40715.23000000,40659.10000000,40704.80000000,18.86029000,40712.0,40745.0,40710.0,40745.0,0.04987115,40656.4,40694.2,40656.4,40691.0,1.31128434
2022-03-04 18:56,40694.92,40699.63,40662.92,40663.86,9.18901374,40704.81000000,40706.46000000,40672.50000000,40678.62000000,19.02861000,40740.0,40740.0,40723.0,40724.0,0.00532336,40694.2,40694.2,40694.2,40694.2,0.07568578000000001
2022-03-04 18:57,40663.64,40663.64,40628.84,40650.97,19.75320717,40678.63000000,40678.63000000,40650.14000000,40657.76000000,9.01800000,40719.60379153,40719.60379153,40691.0,40691.0,0.11330406,40694.1,40694.1,40670.0,40670.0,1.53710682
2022-03-04 18:58,40650.68,40675.26,40621.34,40627.53,3.83503825,40657.75000000,40675.30000000,40636.52000000,40636.53000000,10.83800000,40692.0,40706.0,40677.0,40677.0,0.37823172,40670.1,40670.1,40670.0,40670.0,2.48864287
2022-03-04 18:59,40627.25,40629.96,40544.61,40599.53,30.40610761,40636.52000000,40636.53000000,40561.99000000,40605.88000000,45.85447000,40677.0,40677.0,40611.36803437,40658.0,54.02176301,40670.0,40670.0,40581.9,40607.8,10.13849089
2022-03-04 19:00,40603.35,40645.73,40599.43,40606.46,16.0975412,40605.88000000,40650.00000000,40605.87000000,40612.15000000,23.95428000,40668.0,40691.0,40650.60024041,40650.60024041,1.0575781,40614.9,40641.9,40614.9,40625.7,1.26606361
2022-03-04 19:01,40603.73,40616.13,40547.37,40568.58,21.96372164,40612.14000000,40617.30000000,40560.36000000,40579.99000000,20.57036000,40651.819782,40651.819782,40614.0,40619.02106771,1.92227318,40625.6,40625.6,40560.0,40578.0,3.4015191
2022-03-04 19:02,40568.58,40572.6,40544.08,40546.8,8.9510108,40579.99000000,40580.00000000,40560.00000000,40560.00000000,16.76604000,40621.0,40622.0,40611.0,40611.0,1.5557746000000001,40576.0,40576.0,40564.2,40572.4,0.13851694
2022-03-04 19:03,40546.79,40550.57,40506.92,40511.2,23.93524493,40560.01000000,40560.01000000,40520.83000000,40520.84000000,59.71022000,40610.8842889,40610.8842889,40572.54975811,40573.1028677,6.05955577,40550.0,40550.0,40509.7,40546.4,3.10326966
2022-03-04 19:04,40507.89,40529.51,40430.0,40470.12,56.60560439,40520.83000000,40535.25000000,40410.11000000,40481.55000000,208.40027000,40572.54975811,40572.54975811,40501.0,40536.0,20.33618856,40510.4,40525.9,40443.2,40490.2,9.98069082
2022-03-04 19:05,40470.14,40530.68,40463.76,40495.91,10.97070926,40481.55000000,40534.99000000,40479.25000000,40500.00000000,36.80662000,40520.62492484,40571.0,40516.0,40527.0,1.85120639,40473.7,40527.9,40473.7,40495.0,5.74216963
2022-03-04 19:06,40493.57,40502.6,40474.02,40490.37,33.60350828,40499.99000000,40511.47000000,40484.11000000,40503.52000000,28.70955000,40546.0,40548.0,40526.35086926,40531.0,0.86991095,40494.7,40499.0,40470.6,40499.0,6.15747125
2022-03-04 19:07,40490.38,40500.0,40476.61,40483.12,27.18096902,40503.52000000,40511.47000000,40491.18000000,40494.01000000,21.70838000,40533.0,40540.0,40519.0,40519.0,0.14053629,40496.8,40508.3,40496.6,40502.8,3.86217328
2022-03-04 19:08,40478.1,40485.01,40381.9,40414.69,37.12943015,40494.01000000,40494.01000000,40419.63000000,40419.64000000,27.85679000,40519.0,40520.0,40458.0,40458.0,19.03053398,40502.8,40502.8,40436.2,40436.2,8.77533007
2022-03-04 19:09,40406.48,40406.59,40250.0,40303.44,73.14672808,40419.64000000,40419.64000000,40260.00000000,40304.94000000,314.78149000,40467.0,40467.0,40302.0,40346.0,38.68048273,40436.1,40436.1,40252.2,40307.5,11.51658663
2022-03-04 19:10,40307.43,40307.43,40187.5,40200.56,53.83850272,40304.94000000,40305.02000000,40202.00000000,40214.01000000,202.70939000,40346.0,40346.0,40246.0,40256.0,23.13101664,40305.2,40305.2,40215.3,40215.3,11.55003207
2022-03-04 19:11,40220.7,40255.28,40125.0,40150.07,57.29342844,40214.00000000,40263.63000000,40156.85000000,40163.64000000,153.31305000,40253.02886938,40295.0,40184.0,40198.0,15.549478,40217.1,40245.2,40175.0,40175.1,11.91269948
2022-03-04 19:12,40150.28,40200.0,40126.1,40151.37,66.12632125,40163.64000000,40221.31000000,40158.15000000,40165.26000000,55.14419000,40192.0,40251.0,40192.0,40208.0,3.1975040200000002,40189.8,40200.0,40175.0,40175.0,1.18156289
2022-03-04 19:13,40154.78,40200.0,40125.0,40165.51,28.97826015,40165.27000000,40210.36000000,40136.97000000,40183.28000000,171.87719000,40205.0,40238.0,40169.0,40197.0,2.83323176,40175.1,40210.7,40134.0,40177.7,10.50530042
2022-03-04 19:14,40165.51,40211.37,40160.65,40184.79,49.81464754,40183.27000000,40221.30000000,40179.13000000,40203.38000000,63.81493000,40203.0,40252.0,40203.0,40220.0,2.58550262,40189.9,40199.9,40178.3,40178.3,0.58331155
2022-03-04 19:15,40184.79,40202.77,40129.19,40173.54,15.36693449,40203.38000000,40228.75000000,40135.76000000,40185.92000000,98.24149000,40229.0,40245.0,40189.0,40228.0,2.53338399,40199.8,40200.0,40146.0,40167.4,0.82093884
2022-03-04 19:16,40170.5,40214.28,40168.13,40211.13,11.44373042,40185.93000000,40229.99000000,40185.92000000,40222.09000000,30.53532000,40232.0,40270.0,40232.0,40242.0,2.58236392,40196.9,40200.0,40190.9,40200.0,0.08230793
2022-03-04 19:17,40207.71,40211.34,40130.57,40147.87,14.00008394,40222.09000000,40223.12000000,40141.50000000,40154.29000000,36.74168000,40248.0,40248.0,40186.26528487,40187.35813446,0.08789281,40200.0,40200.0,40141.6,40149.8,0.85794889
2022-03-04 19:18,40149.84,40209.75,40145.08,40202.12,18.94990557,40154.29000000,40218.29000000,40154.29000000,40208.91000000,35.75556000,40187.35813446,40250.0,40187.35813446,40233.0,1.86777328,40157.9,40190.0,40155.8,40189.6,0.58900893
2022-03-04 19:19,40201.59,40216.42,40153.5,40184.01,14.12066472,40208.90000000,40218.04000000,40172.36000000,40195.03000000,29.82693000,40249.0,40253.0,40212.0,40212.0,2.03706313,40189.9,40190.0,40164.9,40182.8,0.5921536900000001
2022-03-04 19:20,40187.01,40217.42,40130.01,40186.7,15.00543154,40195.04000000,40224.32000000,40136.42000000,40198.10000000,61.56262000,40209.0,40249.0,40190.64913888,40247.46486215,1.68443516,40175.7,40200.0,40139.8,40200.0,7.43419304
2022-03-04 19:21,40187.28,40250.0,40167.69,40237.87,13.54154386,40198.10000000,40258.32000000,40183.97000000,40252.68000000,51.73184000,40233.0,40297.0,40233.0,40284.0,12.2418213,40196.9,40229.9,40175.8,40229.9,1.00858058
2022-03-04 19:22,40241.25,40264.84,40157.73,40164.37,21.75929335,40252.68000000,40274.93000000,40176.98000000,40184.00000000,41.04463000,40299.0,40320.0,40227.34780179,40227.34780179,2.61143356,40233.7,40263.2,40173.0,40179.5,7.20706994
2022-03-04 19:23,40164.35,40278.06,40148.3,40256.19,31.17542097,40184.01000000,40284.00000000,40167.13000000,40264.95000000,50.43865000,40225.0,40315.0,40216.0,40315.0,1.1106511799999998,40169.9,40251.6,40162.9,40251.6,0.65920287
2022-03-04 19:24,40253.84,40262.7,40206.75,40220.48,16.58930812,40264.95000000,40270.09000000,40221.63000000,40229.78000000,30.07087000,40301.0,40305.0,40269.0,40269.0,0.01346812,40251.6,40251.6,40217.5,40222.3,0.10659341
2022-03-04 19:25,40220.48,40332.42,40209.52,40324.4,21.21160912,40228.43000000,40333.00000000,40223.63000000,40333.00000000,28.77627000,40266.0,40374.0,40264.0,40374.0,1.79820528,40222.3,40314.6,40222.3,40314.6,0.57132235
2022-03-04 19:26,40325.89,40331.6,40281.62,40298.88,24.3905073,40333.00000000,40333.00000000,40294.00000000,40312.09000000,22.17362000,40374.0,40374.0,40341.0,40365.0,2.33217058,40314.7,40331.1,40314.7,40328.4,1.30032043
2022-03-04 19:27,40298.88,40350.01,40256.56,40262.66,39.43615964,40312.09000000,40332.62000000,40267.92000000,40267.93000000,34.60420000,40349.0,40370.0,40311.0,40311.0,3.00697057,40326.0,40326.1,40290.4,40290.4,0.45640086
2022-03-04 19:28,40264.34,40295.14,40238.29,40294.58,23.32725213,40267.92000000,40303.53000000,40256.05000000,40301.38000000,24.86477000,40332.0,40332.0,40284.0,40331.0,1.48955251,40290.4,40290.4,40277.7,40277.8,5.219817810000001
2022-03-04 19:29,40293.29,40303.97,40226.03,40281.4,23.52200757,40301.39000000,40306.08000000,40241.25000000,40280.70000000,20.19651000,40336.0,40336.0,40291.16663388,40323.0,0.29432811,40277.7,40285.0,40236.7,40285.0,0.79153894
2022-03-04 19:30,40271.76,40279.92,40224.12,40254.19,38.04709492,40281.28000000,40289.13000000,40235.59000000,40269.99000000,38.05009000,40308.73309547,40323.0,40283.0,40323.0,8.143162629999999,40285.0,40285.1,40237.7,40280.0,1.4637481
2022-03-04 19:31,40254.18,40330.9,40248.51,40325.87,7.84263285,40271.87000000,40327.56000000,40263.89000000,40327.56000000,28.62216000,40306.0,40374.0,40306.0,40361.0,2.98248463,40259.2,40290.3,40259.2,40290.3,0.98724697
2022-03-04 19:32,40321.68,40327.05,40262.85,40289.38,20.74131023,40327.56000000,40333.00000000,40271.62000000,40300.57000000,31.58929000,40357.83767242,40361.0,40315.0,40328.0,0.7296499399999999,40290.3,40290.3,40272.8,40289.9,1.74208523
2022-03-04 19:33,40289.39,40294.8,40268.88,40274.56,5.52466444,40300.58000000,40302.64000000,40280.06000000,40280.07000000,10.44922000,40335.0,40335.0,40319.58379784,40319.58379784,0.00370151,40289.9,40289.9,40276.2,40285.0,0.3346569
2022-03-04 19:34,40273.82,40300.17,40252.18,40290.92,16.54097479,40280.07000000,40300.97000000,40261.65000000,40292.37000000,11.65982000,40322.97963693,40336.0,40311.0,40323.85067531,0.8646677700000001,40285.0,40290.0,40257.1,40290.0,0.35751596
2022-03-04 19:35,40284.09,40296.18,40213.23,40219.69,26.65541312,40291.72000000,40297.49000000,40222.20000000,40228.44000000,27.77405000,40329.0,40329.0,40267.0,40271.0,1.6910384,40290.0,40290.0,40223.3,40229.9,2.2556114099999998
2022-03-04 19:36,40219.68,40253.98,40200.0,40215.5,15.10437003,40228.45000000,40251.83000000,40213.00000000,40226.19000000,29.92029000,40271.0,40289.36691419,40255.0,40269.02527344,0.47250832,40222.8,40229.9,40218.5,40229.8,1.10534359
2022-03-04 19:37,40219.85,40253.97,40184.04,40220.73,22.78204874,40226.18000000,40251.83000000,40190.96000000,40225.96000000,19.75339000,40267.49488741,40289.36691419,40247.81006332,40262.0,2.38931401,40229.8,40232.6,40228.8,40228.8,0.11180339999999998
2022-03-04 19:38,40219.34,40251.33,40200.0,40225.82,17.40372732,40225.96000000,40248.49000000,40212.67000000,40231.66000000,15.64464000,40257.0,40284.0,40252.18446867,40284.0,2.87179734,40228.9,40239.9,40228.8,40230.7,1.80120957
2022-03-04 19:39,40225.82,40234.74,40180.01,40188.42,20.41353001,40231.66000000,40237.50000000,40197.49000000,40197.50000000,19.46096000,40268.58848875,40285.0,40245.62286064,40246.0,1.4313549,40228.9,40228.9,40206.3,40206.3,2.04152553
2022-03-04 19:40,40190.47,40202.47,40159.51,40174.49,15.53321389,40197.51000000,40206.58000000,40171.01000000,40176.49000000,27.07800000,40245.62286064,40245.62286064,40222.65723253,40223.75083387,1.91064669,40206.2,40206.2,40150.2,40150.2,25.67255343
2022-03-04 19:41,40174.47,40180.63,40147.01,40151.88,13.17438033,40176.49000000,40185.42000000,40154.29000000,40162.00000000,29.93325000,40224.0,40224.0,40200.78520576,40201.8788071,2.03804586,40177.2,40177.2,40111.4,40155.4,81.79570513
2022-03-04 19:42,40151.86,40161.24,40076.32,40096.94,69.47065068,40162.01000000,40164.08000000,40100.00000000,40111.35000000,96.52400000,40201.0,40201.0,40141.0,40153.0,3.08020047,40153.7,40154.9,40111.0,40111.0,23.69495316
2022-03-04 19:43,40096.94,40120.0,40065.0,40099.49,16.88906917,40111.36000000,40130.69000000,40087.13000000,40116.21000000,53.27922000,40154.85394954,40164.0,40125.0,40149.38594285,4.33703761,40111.1,40119.6,40064.0,40093.3,11.63333504
2022-03-04 19:44,40093.44,40111.51,40051.58,40083.16,38.64614213,40116.22000000,40129.14000000,40075.89000000,40099.83000000,54.05074000,40150.0,40158.0,40126.0,40130.79472009,1.58943573,40090.8,40094.5,39847.4,40056.4,284.29523467
2022-03-04 19:45,40085.51,40091.08,40019.27,40033.21,40.05641661,40099.83000000,40105.59000000,40050.00000000,40050.51000000,72.95400000,40130.79472009,40131.88832143,40090.0,40090.0,5.42793154,40060.4,40060.8,39999.9,40000.0,131.43297957
2022-03-04 19:46,40033.22,40044.01,40005.48,40027.29,43.05214863,40050.51000000,40060.39000000,40023.30000000,40046.17000000,69.85458000,40089.0,40089.0,40055.0,40074.0,7.13716484,39999.9,40000.0,39998.1,40000.0,20.77636626
2022-03-04 19:47,40029.59,40064.01,40005.0,40010.71,85.51453345,40046.16000000,40069.08000000,40022.00000000,40028.76000000,52.97414000,40074.0,40098.0,40047.65213938,40054.73373967,8.71935375,40000.0,40039.8,39999.9,40039.8,97.27694226
2022-03-04 19:48,40010.7,40024.96,40000.0,40012.87,41.78687987,40028.76000000,40049.11000000,40023.89000000,40032.37000000,44.04682000,40057.3490751,40065.0,40051.0,40059.22073381,0.07917571,40013.4,40016.7,40002.9,40006.6,9.99191119
2022-03-04 19:49,40009.77,40024.96,39824.03,39837.29,138.52601668,40032.37000000,40046.64000000,39837.00000000,39849.28000000,485.42186000,40058.0,40058.24150369,39876.0,39877.0,87.18739914,40009.8,40018.1,39843.2,39843.2,23.32773082
2022-03-04 19:50,39840.0,39973.25,39840.0,39934.55,47.15961799,39849.28000000,39985.53000000,39849.27000000,39935.02000000,127.64244000,39883.30674592,40012.0,39883.30674592,39977.0,19.36345884,39843.3,39936.5,39837.3,39915.4,5.38865583
2022-03-04 19:51,39934.55,40048.51,39931.06,39999.25,50.07241606,39935.03000000,40066.51000000,39935.02000000,39998.14000000,114.96766000,39990.0,40080.0,39975.0,40035.18279758,6.58030118,39930.0,40017.4,39930.0,39977.9,17.23339744
2022-03-04 19:52,39995.16,39995.2,39871.31,39885.77,23.4159369,39998.13000000,39998.14000000,39880.81000000,39886.11000000,56.49381000,40032.0,40032.0,39933.56788532,39934.0,2.91104477,39977.8,39977.8,39896.6,39900.5,16.15679587
2022-03-04 19:53,39877.58,39934.47,39741.01,39903.12,116.86478851,39886.11000000,39931.33000000,39753.00000000,39913.73000000,189.55299000,39935.0,39971.0,39800.0,39948.0,20.07867518,39886.1,39916.3,39751.0,39891.1,16.06643346
2022-03-04 19:54,39903.4,39963.97,39890.0,39918.24,18.4458616,39913.74000000,39962.88000000,39898.96000000,39924.69000000,47.10402000,39945.0,40000.0,39932.49280254,39965.0,5.24850897,39889.9,39922.5,39889.8,39915.2,11.095739009999999
2022-03-04 19:55,39921.35,39949.97,39828.41,39828.41,25.13264313,39924.68000000,39954.24000000,39834.00000000,39843.14000000,45.96104000,39963.19699997,39982.73639125,39875.0,39875.0,1.83495201,39915.2,39918.8,39827.0,39838.1,14.97411806
2022-03-04 19:56,39827.51,39907.79,39827.26,39859.5,11.28529026,39843.13000000,39911.64000000,39843.13000000,39870.32000000,32.06682000,39878.0,39939.0,39878.0,39919.0,31.54172143,39832.5,39887.1,39825.4,39866.1,10.62704059
2022-03-04 19:57,39859.51,39867.3,39792.24,39844.7,40.32744171,39870.31000000,39874.31000000,39826.06000000,39851.15000000,37.92082000,39908.0,39908.0,39864.0,39882.0,0.84080053,39866.1,39866.1,39827.1,39836.7,8.04308177
2022-03-04 19:58,39836.71,39852.11,39726.54,39752.56,28.0916856,39851.60000000,39872.30000000,39740.94000000,39759.08000000,123.86890000,39873.14678106,39897.0,39770.0,39786.87436115,14.93288364,39826.3,39839.2,39758.3,39758.3,5.41908114
2022-03-04 19:59,39746.96,39777.51,39657.0,39777.51,88.13201945,39759.09000000,39782.13000000,39665.72000000,39782.13000000,257.75452000,39791.24258494,39811.99164796,39712.0,39811.99164796,25.53687858,39758.2,39758.9,39682.3,39758.9,11.494634
2022-03-04 20:00,39774.13,39784.2,39666.0,39673.2,32.48901501,39782.13000000,39794.30000000,39676.21000000,39676.26000000,113.96824000,39820.0,39825.0,39717.15648337,39717.15648337,8.79747159,,,,,
2022-03-04 20:01,39667.67,39712.37,39612.14,39683.15,55.21278307,39676.26000000,39723.25000000,39642.05000000,39687.46000000,128.80679000,39717.15648337,39740.0,39682.0,39723.0,13.54558717,,,,,
2022-03-04 20:02,39673.48,39817.06,39649.91,39793.45,43.33882266,39687.45000000,39848.36000000,39685.32000000,39809.38000000,145.66809000,39722.0,39870.0,39719.0,39831.0,8.13418159,,,,,
2022-03-04 20:03,39789.97,39837.61,39761.65,39813.24,47.89436505,39809.39000000,39846.95000000,39774.31000000,39825.00000000,75.39323000,39838.0,39878.0,39816.0,39838.0,5.14687508,,,,,
2022-03-04 20:04,39813.24,39838.21,39754.03,39784.29,37.5575312,39825.00000000,39840.37000000,39757.81000000,39792.46000000,45.45781000,39842.56921451,39875.0,39789.0,39812.0,13.46277098,,,,,
2022-03-04 20:05,39790.45,39818.7,39767.43,39818.69,24.18962513,39792.47000000,39826.52000000,39782.18000000,39826.51000000,30.25957000,39812.0,39841.0,39812.0,39839.0,10.49336736,,,,,
2022-03-04 20:06,39818.99,39868.79,39806.75,39838.85,24.86669462,39826.52000000,39879.48000000,39815.38000000,39837.45000000,47.87324000,39846.0,39899.0,39842.42288041,39869.0,5.39558921,,,,,
2022-03-04 20:07,39839.0,39844.48,39760.02,39802.89,45.71697387,39837.44000000,39848.23000000,39782.80000000,39801.95000000,40.00695000,39862.0,39865.0,39816.0,39826.0,2.46387317,,,,,
2022-03-04 20:08,39801.45,39850.0,39737.8,39837.19,47.61611093,39801.96000000,39849.08000000,39785.74000000,39842.00000000,71.27407000,39832.7474399,39880.75959575,39812.01789928,39874.0,3.14038448,,,,,
2022-03-04 20:09,39836.96,39848.79,39809.48,39836.98,28.72159067,39842.01000000,39853.60000000,39822.49000000,39831.08000000,26.32708000,39874.0,39876.0,39859.0,39866.21808303,0.7180279,,,,,
2022-03-04 20:10,39825.82,39848.11,39792.88,39811.81,18.49091848,39831.08000000,39846.97000000,39804.41000000,39829.20000000,39.62968000,39862.0,39870.18395014,39843.0,39847.0,1.68026207,,,,,
2022-03-04 20:11,39810.01,39828.13,39775.27,39792.39,8.63595369,39829.20000000,39829.20000000,39781.54000000,39799.38000000,30.35636000,39863.57417163,39863.57417163,39823.91550059,39835.0,0.6624380000000001,,,,,
2022-03-04 20:12,39796.92,39807.62,39721.47,39732.45,19.09623723,39799.39000000,39803.54000000,39730.34000000,39735.93000000,52.11128000,39835.0,39835.0,39773.57498721,39786.90074096,1.08275038,,,,,
2022-03-04 20:13,39732.17,39749.08,39660.02,39688.48,38.91915705,39735.93000000,39749.49000000,39656.32000000,39686.23000000,88.96230000,39774.0,39783.0,39687.0,39717.0,4.29291111,,,,,
2022-03-04 20:14,39685.05,39694.21,39522.0,39608.54,214.16573046,39686.24000000,39689.45000000,39524.87000000,39609.86000000,224.72796000,39713.0,39713.0,39571.0,39642.0,70.22897675,,,,,
2022-03-04 20:15,39608.52,39642.74,39500.0,39500.0,46.57176005,39609.86000000,39643.45000000,39500.00000000,39511.12000000,150.22101000,39646.0,39663.0,39528.0,39531.99013337,17.07265668,,,,,
2022-03-04 20:16,39511.74,39529.31,39345.0,39467.07,66.97533605,39511.13000000,39525.11000000,39350.00000000,39464.11000000,315.01388000,39535.0,39548.36174718,39412.0,39489.57248204,82.97217696,,,,,
2022-03-04 20:17,39465.96,39540.37,39465.96,39478.82,31.17816763,39464.12000000,39534.92000000,39464.11000000,39471.85000000,63.13824000,39489.57248204,39573.46488835,39489.57248204,39501.84243175,13.42189028,,,,,
2022-03-04 20:18,39478.82,39564.14,39473.68,39499.06,30.00385075,39471.86000000,39552.34000000,39471.85000000,39494.08000000,47.27912000,39502.0,39581.0,39502.0,39534.0,5.61760475,,,,,
2022-03-04 20:19,39499.04,39529.8,39360.17,39365.66,78.60266145,39494.07000000,39525.71000000,39361.80000000,39361.80000000,63.43532000,39541.0,39548.0,39405.0,39408.0,4.00889195,,,,,
2022-03-04 20:20,39360.18,39410.83,39223.84,39355.27,85.05909955,39361.80000000,39393.20000000,39215.59000000,39340.40000000,226.91396000,39405.0,39432.0,39270.0,39363.0,24.93243949,,,,,
2022-03-04 20:21,39349.48,39369.34,39273.49,39366.61,56.96319228,39340.39000000,39355.39000000,39263.78000000,39355.38000000,94.43879000,39363.0,39382.0,39309.33431689,39380.0,7.08008374,,,,,
2022-03-04 20:22,39366.63,39442.28,39264.23,39275.4,34.46868757,39355.38000000,39434.30000000,39269.62000000,39273.35000000,78.49139000,39377.51466142,39457.0,39310.0,39314.0,4.64554995,,,,,
2022-03-04 20:23,39275.19,39367.57,39272.41,39294.9,28.33712587,39273.36000000,39364.72000000,39273.35000000,39290.55000000,72.37071000,39309.33431689,39388.0,39304.0,39331.0,5.0222549,,,,,
2022-03-04 20:24,39291.98,39315.3,39229.8,39258.34,32.95218735,39289.15000000,39307.60000000,39202.70000000,39258.22000000,163.25994000,39324.60922724,39331.0,39267.53995976,39282.0,4.72045787,,,,,
2022-03-04 20:25,39254.33,39269.4,39169.74,39207.49,38.53906591,39258.23000000,39258.23000000,39182.58000000,39209.01000000,103.04216000,39286.25278746,39286.25278746,39222.0,39244.0,3.9065165299999998,,,,,
2022-03-04 20:26,39216.02,39230.38,39066.52,39109.04,100.70718738,39209.02000000,39228.73000000,39061.53000000,39089.20000000,248.60090000,39239.3037325,39268.77195768,39101.0,39111.0,26.3436069,,,,,
2022-03-04 20:27,39100.46,39308.2,39081.23,39275.0,44.32966094,39096.61000000,39298.84000000,39083.38000000,39267.44000000,120.61950000,39121.0,39318.0,39121.0,39305.91652652,15.75380582,,,,,
2022-03-04 20:28,39275.43,39434.96,39263.73,39409.87,58.59237051,39267.44000000,39424.88000000,39264.61000000,39402.66000000,180.02884000,39295.0,39449.0,39295.0,39448.0,19.61077232,,,,,
2022-03-04 20:29,39404.01,39421.69,39326.49,39412.64,20.21812859,39402.67000000,39432.57000000,39322.32000000,39406.04000000,84.28132000,39435.50147873,39435.50147873,39350.0,39420.0,2.48552805,,,,,
2022-03-04 20:30,39405.62,39431.42,39320.99,39333.77,12.32306934,39406.05000000,39421.76000000,39319.47000000,39332.48000000,92.76966000,39430.20847806,39451.0,39357.0,39370.0,3.90644551,,,,,
2022-03-04 20:31,39329.8,39344.13,39302.59,39342.31,13.45287551,39332.47000000,39334.57000000,39300.00000000,39334.57000000,39.96048000,39360.07621921,39364.0,39334.0,39358.0,1.31731467,,,,,
2022-03-04 20:32,39342.5,39376.19,39317.59,39376.19,16.58745686,39334.57000000,39377.10000000,39318.87000000,39373.65000000,63.49758000,39359.0,39399.0,39347.0,39399.0,2.3184992,,,,,
2022-03-04 20:33,39368.84,39393.37,39290.03,39325.71,39.5701301,39373.66000000,39391.11000000,39281.84000000,39319.08000000,57.39831000,39411.0,39418.0,39334.30886496,39358.0,2.52557957,,,,,
2022-03-04 20:34,39319.26,39355.2,39290.0,39355.2,15.76827505,39319.08000000,39340.00000000,39289.95000000,39339.99000000,28.00045000,39336.0,39363.0,39332.8726867,39363.0,0.93845964,,,,,
2022-03-04 20:35,39353.98,39424.43,39335.3,39405.1,18.85629211,39340.00000000,39415.65000000,39336.40000000,39396.71000000,52.47713000,39396.0,39452.0,39396.0,39436.26269857,0.5162170700000001,,,,,
2022-03-04 20:36,39405.1,39419.3,39339.29,39381.78,22.62632219,39395.90000000,39404.74000000,39332.62000000,39372.92000000,35.32500000,39424.0,39442.35606426,39384.0,39397.0,11.77622555,,,,,
2022-03-04 20:37,39381.78,39384.99,39342.46,39351.67,23.92443804,39372.92000000,39372.93000000,39337.54000000,39339.69000000,26.70757000,39398.0,39398.0,39389.0,39393.0,0.33597131999999996,,,,,
2022-03-04 20:38,39351.65,39358.21,39304.23,39349.64,12.73220521,39339.69000000,39345.00000000,39300.00000000,39343.82000000,32.50412000,39389.25673474,39389.25673474,39343.56397794,39385.0,1.68029801,,,,,
2022-03-04 20:39,39351.64,39351.64,39319.92,39326.13,6.54024456,39343.82000000,39343.82000000,39311.25000000,39322.04000000,25.64114000,39378.0,39379.0,39366.50101032,39371.0,0.44141774,,,,,
2022-03-04 20:40,39326.1,39368.62,39295.01,39352.56,17.26039706,39322.05000000,39359.48000000,39300.00000000,39344.99000000,39.16400000,39371.0,39390.0,39341.59427864,39386.0,1.1150783,,,,,
2022-03-04 20:41,39354.25,39512.11,39346.62,39490.26,30.64568058,39344.98000000,39503.95000000,39338.51000000,39480.00000000,108.60523000,39383.0,39539.07487303,39372.0,39529.48337115,10.97003315,,,,,
2022-03-04 20:42,39490.04,39585.0,39437.36,39524.81,33.38783087,39480.01000000,39570.99000000,39437.86000000,39520.20000000,102.54372000,39518.0,39579.48773961,39466.0,39570.0,23.74764514,,,,,
2022-03-04 20:43,39524.75,39555.72,39502.26,39509.02,14.51552616,39520.20000000,39538.52000000,39491.04000000,39494.47000000,36.82647000,39561.23927411,39567.0,39542.0,39542.0,0.22520076,,,,,
2022-03-04 20:44,39508.46,39513.58,39464.65,39466.66,15.41655338,39494.47000000,39501.51000000,39457.34000000,39457.34000000,36.87168000,39523.0,39533.0,39500.0,39500.0,0.5708249400000001,,,,,
2022-03-04 20:45,39462.28,39523.08,39450.0,39508.9,31.83565633,39457.35000000,39512.77000000,39443.39000000,39496.00000000,52.24879000,39500.0,39547.0,39494.0,39528.9433893,8.40535357,,,,,
2022-03-04 20:46,39505.63,39526.76,39482.37,39526.76,18.34102335,39497.24000000,39514.48000000,39471.16000000,39512.76000000,31.46493000,39529.0,39544.0,39515.0,39543.0,0.11598348,,,,,
2022-03-04 20:47,39516.78,39530.54,39426.46,39431.85,27.79853293,39512.75000000,39516.72000000,39424.75000000,39424.80000000,56.35097000,39536.59112164,39536.59112164,39483.0,39485.0,1.25828299,,,,,
2022-03-04 20:48,39433.37,39446.09,39387.71,39442.9,19.1415446,39424.81000000,39428.82000000,39380.59000000,39428.81000000,28.41861000,39467.0,39467.0,39425.15273614,39465.57646421,2.68688633,,,,,
2022-03-04 20:49,39442.89,39445.98,39401.94,39429.54,16.89209268,39428.82000000,39433.14000000,39393.85000000,39419.18000000,26.00946000,39465.57646421,39472.13166336,39439.35566763,39457.0,3.0282434,,,,,
2022-03-04 20:50,39433.28,39507.86,39426.94,39495.43,41.51140131,39419.18000000,39496.45000000,39419.18000000,39485.68000000,35.96443000,39459.0,39523.0,39459.0,39523.0,1.89926883,,,,,
2022-03-04 20:51,39495.43,39498.22,39463.48,39495.24,15.11295716,39485.68000000,39485.69000000,39455.17000000,39483.80000000,20.22599000,39526.75832292,39550.0,39497.0,39550.0,17.31744039,,,,,
2022-03-04 20:52,39495.01,39562.0,39488.05,39540.58,38.71567219,39483.80000000,39549.00000000,39483.20000000,39526.40000000,48.03764000,39550.0,39590.71023423,39533.83955965,39574.0,9.33350907,,,,,
2022-03-04 20:53,39540.55,39550.01,39520.78,39531.21,13.07808642,39526.39000000,39544.81000000,39515.18000000,39527.41000000,30.69775000,39585.0,39585.0,39573.50206167,39575.63192848,0.00880511,,,,,
2022-03-04 20:54,39535.39,39586.5,39530.77,39586.43,22.25343586,39527.40000000,39578.31000000,39523.29000000,39576.71000000,58.45192000,39576.50260283,39617.0,39576.50260283,39617.0,14.26663949,,,,,
2022-03-04 20:55,39586.46,39623.43,39560.54,39571.29,28.42345508,39576.70000000,39617.01000000,39549.83000000,39561.86000000,67.51067000,39617.0,39674.0,39601.0,39609.21624824,2.36758762,,,,,
2022-03-04 20:56,39571.28,39578.0,39531.53,39566.9,14.84717578,39561.86000000,39562.07000000,39527.40000000,39556.84000000,28.36424000,39583.0,39587.0,39574.79762512,39587.0,0.15069733999999999,,,,,
2022-03-04 20:57,39565.3,39569.69,39532.51,39542.75,22.16436004,39556.84000000,39558.33000000,39530.00000000,39536.08000000,15.67447000,39580.0,39585.58617601,39569.20186563,39571.0,0.60840117,,,,,
2022-03-04 20:58,39546.52,39552.66,39511.8,39521.69,8.84762121,39536.08000000,39542.12000000,39504.08000000,39508.21000000,14.45721000,39570.0,39577.9401645,39546.26383109,39548.0,4.1485646,,,,,
2022-03-04 20:59,39521.3,39546.41,39485.47,39486.94,25.98736773,39508.21000000,39532.56000000,39467.31000000,39469.36000000,48.81628000,39541.0,39562.0,39518.0,39518.0,8.00800832,,,,,
2022-03-04 21:00,39486.93,39562.7,39468.24,39562.7,24.61580517,39469.36000000,39550.34000000,39452.73000000,39550.07000000,36.76713000,39502.0,39574.66330242,39494.0,39574.0,3.3358867500000002,,,,,
2022-03-04 21:01,39564.28,39567.38,39530.01,39551.28,11.21608572,39548.61000000,39556.68000000,39524.78000000,39540.01000000,27.77125000,39574.0,39611.0,39567.01729091,39571.0,16.83189021,,,,,
2022-03-04 21:02,39550.93,39550.93,39462.12,39478.56,22.97762138,39540.00000000,39540.01000000,39455.70000000,39466.30000000,26.83584000,39571.0,39571.0,39491.0,39507.0,2.11569977,,,,,
2022-03-04 21:03,39477.56,39488.18,39408.23,39408.23,65.15833933,39466.30000000,39476.30000000,39382.18000000,39390.53000000,55.29572000,39500.59284409,39511.3106356,39438.77657986,39450.0,5.4533881300000004,,,,,
2022-03-04 21:04,39408.23,39423.06,39335.6,39405.77,21.26652125,39389.57000000,39404.73000000,39322.94000000,39396.89000000,100.55696000,39425.71680573,39438.12738255,39378.0,39438.12738255,3.5209363700000003,,,,,
2022-03-04 21:05,39412.4,39489.51,39412.39,39447.17,17.64994605,39396.89000000,39472.04000000,39396.71000000,39428.71000000,19.71786000,39437.12313262,39513.90313805,39430.0,39490.0,8.17480265,,,,,
2022-03-04 21:06,39447.15,39459.68,39380.67,39422.06,15.85030375,39428.70000000,39440.40000000,39368.72000000,39405.51000000,45.24478000,39490.71745643,39490.71745643,39422.0,39450.96948138,3.70436963,,,,,
2022-03-04 21:07,39422.07,39454.05,39384.2,39441.17,22.29661346,39405.51000000,39440.64000000,39364.71000000,39429.74000000,35.11186000,39443.0,39483.06400472,39429.0,39473.22385253,4.45486025,,,,,
2022-03-04 21:08,39441.14,39441.17,39410.27,39439.05,12.21021593,39429.74000000,39430.41000000,39405.45000000,39425.21000000,12.14539000,39469.0,39481.0,39459.0,39479.0,2.5818066699999997,,,,,
2022-03-04 21:09,39439.06,39448.92,39409.48,39412.45,20.64055739,39425.20000000,39436.05000000,39390.00000000,39394.74000000,51.23750000,39478.0,39483.06400472,39457.0,39460.0,3.01424987,,,,,
2022-03-04 21:10,39412.95,39443.66,39393.01,39439.86,15.04258341,39394.73000000,39421.49000000,39380.85000000,39421.48000000,50.33184000,39457.0,39479.0,39439.32999497,39479.0,8.01535562,,,,,
2022-03-04 21:11,39439.11,39519.28,39412.45,39418.25,14.05758026,39421.49000000,39496.84000000,39398.61000000,39402.65000000,49.85398000,39480.0,39553.03842033,39470.8426903,39470.8426903,3.01564934,,,,,
2022-03-04 21:12,39417.39,39432.22,39311.94,39347.64,87.38919622,39402.64000000,39412.16000000,39289.00000000,39330.14000000,76.19677000,39462.89340673,39479.0,39355.1420262,39393.99961578,14.50559734,,,,,
2022-03-04 21:13,39345.68,39384.95,39327.56,39369.55,12.58598344,39330.14000000,39359.45000000,39327.00000000,39352.97000000,16.54027000,39397.0,39409.80953839,39372.0,39408.0,6.08844573,,,,,
2022-03-04 21:14,39369.52,39385.11,39350.03,39376.97,17.16122491,39352.96000000,39362.69000000,39340.67000000,39350.69000000,17.97253000,39402.0,39406.52948766,39390.024974,39391.22258424,1.5282636,,,,,
2022-03-04 21:15,39370.66,39386.61,39339.45,39365.13,45.10647331,39350.70000000,39367.19000000,39326.21000000,39345.91000000,23.72049000,39398.0,39420.0,39378.0,39386.57898304,2.03726962,,,,,
2022-03-04 21:16,39362.07,39372.24,39298.71,39298.71,12.96128042,39345.91000000,39349.56000000,39283.20000000,39286.99000000,22.00270000,39394.0,39394.0,39344.0,39344.0,1.7669001500000001,,,,,
2022-03-04 21:17,39298.71,39359.5,39298.71,39350.98,11.44903545,39286.99000000,39340.00000000,39284.70000000,39331.77000000,26.29762000,39344.0,39375.0,39344.0,39365.0,1.87466894,,,,,
2022-03-04 21:18,39350.44,39350.44,39217.78,39270.75,70.50637397,39331.78000000,39331.78000000,39200.00000000,39258.18000000,86.37989000,39370.0,39370.0,39271.0,39302.0,66.45494591,,,,,
2022-03-04 21:19,39270.74,39319.27,39256.38,39287.97,15.07239573,39258.18000000,39300.00000000,39249.97000000,39284.11000000,28.35890000,39302.0,39354.0,39299.78349963,39330.0,9.95059709,,,,,
2022-03-04 21:20,39299.97,39352.18,39277.63,39350.99,25.47968806,39284.54000000,39341.24000000,39277.34000000,39341.24000000,17.88422000,39325.0,39383.20566211,39316.0,39382.0,3.37134754,,,,,
2022-03-04 21:21,39351.72,39389.36,39344.0,39380.01,7.6205377,39341.24000000,39380.01000000,39340.84000000,39365.51000000,27.03193000,39391.0,39425.0,39391.0,39419.0,2.03218474,,,,,
2022-03-04 21:22,39380.02,39387.69,39350.0,39354.13,40.6753756,39365.51000000,39371.78000000,39337.73000000,39339.24000000,20.96097000,39421.60634008,39422.93050139,39387.0,39397.0,1.76708556,,,,,
2022-03-04 21:23,39354.13,39376.78,39350.0,39363.38,16.02585434,39339.23000000,39361.80000000,39333.08000000,39358.40000000,16.91800000,39389.82646866,39418.0,39389.82646866,39405.0,1.97964549,,,,,
2022-03-04 21:24,39365.66,39438.72,39360.37,39385.42,4.33424613,39358.40000000,39423.72000000,39358.39000000,39375.53000000,28.04443000,39402.97593802,39465.0,39402.97593802,39424.0,56.33937033,,,,,
2022-03-04 21:25,39384.42,39438.25,39383.54,39409.39,9.0682892,39375.53000000,39423.61000000,39375.53000000,39400.00000000,12.62547000,39428.22714663,39455.44619394,39428.22714663,39439.0,0.08715444,,,,,
2022-03-04 21:26,39406.26,39425.3,39390.42,39420.17,2.6698363,39400.00000000,39411.22000000,39385.90000000,39410.73000000,14.21798000,39440.0,39445.0,39430.0,39442.0,0.13836696,,,,,
2022-03-04 21:27,39418.72,39422.31,39378.92,39382.55,5.28247269,39410.72000000,39410.73000000,39371.61000000,39375.60000000,38.51128000,39440.0,39443.0,39430.0,39430.00142063,0.30677747,,,,,
2022-03-04 21:28,39381.74,39393.13,39331.96,39347.46,50.27388792,39375.61000000,39382.28000000,39306.01000000,39338.94000000,22.66642000,39430.0,39430.0,39354.0,39377.0,3.2429923,,,,,
2022-03-04 21:29,39347.23,39374.38,39327.62,39353.14,21.00031209,39338.94000000,39356.05000000,39322.51000000,39347.33000000,16.85202000,39378.0,39393.35765022,39357.0,39389.0,1.18613758,,,,,
2022-03-04 21:30,39356.28,39362.28,39296.45,39306.04,47.42132316,39347.34000000,39347.34000000,39269.58000000,39290.24000000,49.44582000,39383.0,39384.0,39333.67148231,39333.67148231,3.90263807,,,,,
2022-03-04 21:31,39306.03,39330.13,39306.03,39317.07,9.29929303,39290.24000000,39310.11000000,39290.24000000,39303.00000000,27.83406000,39332.74322744,39349.0,39331.0,39337.0,1.5189218800000002,,,,,
2022-03-04 21:32,39317.07,39351.39,39317.07,39319.52,14.31223736,39302.99000000,39327.49000000,39302.99000000,39315.79000000,22.27308000,39338.0,39361.0,39338.0,39355.0,2.1120936,,,,,
2022-03-04 21:33,39331.24,39342.55,39261.03,39262.91,36.29016751,39315.79000000,39325.18000000,39251.00000000,39251.00000000,27.22067000,39356.0,39356.0,39274.20048854,39274.20048854,11.90757656,,,,,
2022-03-04 21:34,39262.96,39305.92,39250.0,39251.18,16.99016125,39251.01000000,39289.23000000,39236.27000000,39236.36000000,32.88735000,39280.0,39317.0,39263.0,39263.0,1.70899525,,,,,
2022-03-04 21:35,39251.18,39300.0,39243.51,39288.23,21.18360546,39236.37000000,39275.89000000,39230.75000000,39274.43000000,19.33178000,39271.0,39308.0,39271.0,39294.0,1.6303823100000001,,,,,
2022-03-04 21:36,39288.27,39290.59,39260.0,39282.75,32.22653044,39274.44000000,39275.89000000,39257.68000000,39268.03000000,16.20077000,39298.0,39303.0,39287.56322929,39290.17543429,0.788774,,,,,
2022-03-04 21:37,39282.75,39309.23,39261.63,39294.78,14.1037526,39268.02000000,39290.63000000,39265.88000000,39281.59000000,34.72884000,39291.0,39311.0,39289.30469929,39301.0,2.77698458,,,,,
2022-03-04 21:38,39291.28,39351.31,39282.73,39344.93,8.44201894,39281.60000000,39333.33000000,39276.07000000,39330.80000000,12.48907000,39306.71939931,39364.0,39305.0,39352.86835434,3.11092892,,,,,
2022-03-04 21:39,39345.46,39435.13,39341.46,39428.13,9.63875404,39330.80000000,39420.15000000,39330.80000000,39418.52000000,23.95541000,39353.0,39445.82236159,39353.0,39441.0,5.17314486,,,,,
2022-03-04 21:40,39427.98,39500.0,39427.94,39500.0,10.90272793,39418.51000000,39497.03000000,39418.51000000,39495.11000000,64.57237000,39440.81258941,39522.30586847,39440.81258941,39522.30586847,1.54474342,,,,,
2022-03-04 21:41,39499.99,39573.55,39482.72,39556.57,37.0687586,39495.11000000,39570.63000000,39478.90000000,39546.09000000,85.45062000,39522.30586847,39589.0,39512.0,39578.0,8.403298,,,,,
2022-03-04 21:42,39558.19,39574.05,39510.79,39568.96,67.69358953,39546.10000000,39563.56000000,39503.13000000,39552.56000000,36.32045000,39570.0,39582.40005245,39537.0,39582.40005245,1.76159292,,,,,
2022-03-04 21:43,39568.94,39665.84,39568.93,39606.07,167.91302136,39552.56000000,39630.94000000,39552.56000000,39577.44000000,86.23723000,39582.0,39669.81589458,39582.0,39615.0,7.38557875,,,,,
2022-03-04 21:44,39606.06,39606.07,39514.52,39523.26,33.78233244,39577.44000000,39577.45000000,39502.00000000,39504.58000000,62.83367000,39605.0,39605.0,39543.0,39548.52878511,5.0327881,,,,,
2022-03-04 21:45,39523.94,39541.42,39510.66,39536.06,6.9320253,39504.58000000,39523.14000000,39492.15000000,39520.06000000,33.81035000,39544.0,39566.90545196,39533.0,39565.81177886,3.1771762,,,,,
2022-03-04 21:46,39536.05,39557.99,39510.67,39521.41,7.23356142,39520.06000000,39533.12000000,39496.88000000,39496.90000000,14.27472000,39563.0,39577.0,39543.7612749,39546.0,4.91270227,,,,,
2022-03-04 21:47,39517.92,39525.76,39501.32,39501.32,5.1385609,39496.90000000,39496.90000000,39483.12000000,39483.12000000,20.89264000,39540.0,39543.0,39539.0,39539.56362443,1.04961794,,,,,
2022-03-04 21:48,39504.32,39555.43,39495.71,39520.24,12.54598982,39483.13000000,39534.42000000,39473.35000000,39496.47000000,25.06219000,39530.81423962,39570.0,39530.0,39539.77942247,4.22260145,,,,,
2022-03-04 21:49,39519.63,39535.68,39501.19,39506.81,7.57859874,39496.47000000,39512.08000000,39484.42000000,39485.37000000,12.67469000,39539.77942247,39549.0,39530.0,39530.0,1.18537669,,,,,
2022-03-04 21:50,39504.05,39542.79,39489.64,39505.48,8.8531843,39485.37000000,39518.50000000,39476.50000000,39481.11000000,18.02929000,39531.0,39551.59402854,39530.0,39530.81423962,2.0586057799999997,,,,,
2022-03-04 21:51,39505.47,39543.49,39475.43,39477.62,4.2887675,39481.10000000,39529.66000000,39456.85000000,39458.17000000,21.85878000,39531.0,39563.0,39530.0,39530.0,6.73319309,,,,,
2022-03-04 21:52,39473.05,39489.99,39460.0,39467.51,41.6033391,39458.17000000,39465.64000000,39430.58000000,39446.04000000,39.99285000,39490.79161647,39504.5660852,39477.0,39497.0,0.29269528,,,,,
2022-03-04 21:53,39470.73,39486.69,39445.71,39453.04,12.04437641,39446.04000000,39465.81000000,39440.00000000,39440.00000000,12.28646000,39498.00404659,39502.83922412,39481.0,39491.0,0.31362968,,,,,
2022-03-04 21:54,39452.99,39456.73,39400.62,39412.77,6.81925849,39440.01000000,39444.74000000,39391.01000000,39396.36000000,31.81970000,39482.69262317,39484.0,39437.0,39437.0,1.18450941,,,,,
2022-03-04 21:55,39412.78,39449.19,39400.0,39416.77,79.43449278,39396.36000000,39432.97000000,39370.01000000,39399.56000000,21.70770000,39436.75835293,39472.0,39421.44692951,39440.1145568,1.32728501,,,,,
2022-03-04 21:56,39421.8,39454.16,39403.98,39434.03,14.4516779,39399.57000000,39436.29000000,39390.93000000,39411.76000000,16.78345000,39443.88933371,39467.71130419,39441.0,39457.0,0.76634058,,,,,
2022-03-04 21:57,39434.03,39434.03,39368.37,39397.44,14.15672073,39411.53000000,39412.02000000,39359.31000000,39381.49000000,23.48303000,39457.0,39457.0,39402.0,39414.0,2.27694906,,,,,
2022-03-04 21:58,39397.43,39417.35,39369.24,39412.06,21.75688326,39381.49000000,39404.66000000,39372.03000000,39400.12000000,7.82494000,39422.0,39424.0,39397.0,39424.0,3.9919552,,,,,
2022-03-04 21:59,39402.04,39404.24,39376.62,39397.51,11.41011257,39400.12000000,39400.13000000,39365.26000000,39394.46000000,11.60097000,39420.0,39420.0,39400.0,39416.0,2.04920406,,,,,
2022-03-04 22:00,39398.52,39406.33,39337.7,39406.14,13.70538201,39392.83000000,39399.18000000,39334.01000000,39396.92000000,25.90807000,39417.0,39417.0,39380.0,39414.0,3.00192937,,,,,
2022-03-04 22:01,39406.17,39428.98,39400.96,39420.5,7.91847526,39396.92000000,39414.27000000,39395.61000000,39412.01000000,9.75899000,39424.03769165,39442.0,39424.03769165,39441.0,0.57871924,,,,,
2022-03-04 22:02,39417.49,39428.81,39360.44,39395.12,7.40404805,39412.01000000,39415.27000000,39359.80000000,39384.99000000,14.41008000,39441.0,39445.0,39399.12195049,39421.0,1.23692806,,,,,
2022-03-04 22:03,39395.09,39415.21,39375.23,39415.13,2.12768341,39384.98000000,39400.59000000,39372.97000000,39400.00000000,11.83607000,39423.0,39435.0,39423.0,39432.0,0.72121415,,,,,
2022-03-04 22:04,39415.05,39421.72,39391.58,39407.76,5.43074821,39399.99000000,39403.88000000,39386.25000000,39392.17000000,6.66460000,39431.0,39437.0,39428.0,39428.0,0.58818663,,,,,
2022-03-04 22:05,39402.8,39463.57,39402.79,39463.57,3.17174149,39392.16000000,39448.74000000,39392.16000000,39448.74000000,13.12865000,39436.0,39492.0,39432.46286195,39489.0,7.43520546,,,,,
2022-03-04 22:06,39464.22,39488.42,39428.66,39431.89,4.22168029,39448.73000000,39473.07000000,39422.00000000,39422.01000000,15.44741000,39490.0,39515.0,39470.78883555,39470.78883555,3.67137331,,,,,
2022-03-04 22:07,39431.91,39446.34,39358.82,39367.66,6.02907306,39422.00000000,39436.22000000,39350.20000000,39355.18000000,18.78307000,39470.78883555,39480.64175338,39399.0,39405.10271667,14.17006848,,,,,
2022-03-04 22:08,39363.79,39374.22,39314.35,39358.15,8.1406293,39355.18000000,39358.96000000,39310.00000000,39347.04000000,17.02356000,39403.0,39405.0,39360.0,39390.0,3.3879257099999998,,,,,
2022-03-04 22:09,39355.76,39355.77,39279.16,39316.8,21.88731271,39347.03000000,39347.04000000,39300.00000000,39303.52000000,46.95972000,39389.7759556,39389.7759556,39341.60613508,39349.0,2.92033853,,,,,
2022-03-04 22:10,39316.8,39316.8,39270.36,39277.5,7.17219661,39303.52000000,39308.69000000,39263.12000000,39272.70000000,27.87965000,39350.36428427,39350.36428427,39310.95261294,39310.95261294,2.78438897,,,,,
2022-03-04 22:11,39277.49,39320.32,39255.99,39308.59,4.6533746,39270.40000000,39308.07000000,39250.00000000,39297.01000000,36.90462000,39313.0,39344.0,39295.62585187,39335.0,4.42563164,,,,,
2022-03-04 22:12,39304.86,39304.88,39248.02,39273.09,8.28151685,39297.02000000,39297.02000000,39250.00000000,39268.88000000,22.92363000,39328.46891131,39328.46891131,39300.0,39301.09969511,0.57911421,,,,,
2022-03-04 22:13,39273.09,39281.45,39247.13,39249.17,4.56521396,39268.88000000,39275.33000000,39239.52000000,39239.52000000,27.37655000,39310.0,39314.0,39289.05723998,39289.05723998,1.91463027,,,,,
2022-03-04 22:14,39247.14,39249.49,39222.34,39244.78,6.35466694,39240.16000000,39245.95000000,39222.71000000,39232.36000000,26.38604000,39287.80273543,39287.80273543,39259.0,39275.9200162,1.86429248,,,,,
2022-03-04 22:15,39243.04,39268.26,39237.97,39240.5,4.43009987,39232.36000000,39258.88000000,39226.13000000,39226.13000000,14.58519000,39275.9200162,39304.0,39274.82524755,39289.05723998,1.72210895,,,,,
2022-03-04 22:16,39240.68,39253.46,39084.34,39187.58,32.45129486,39226.13000000,39258.86000000,39072.43000000,39174.72000000,151.45974000,39275.9200162,39282.0,39150.0,39216.0,19.19467828,,,,,
2022-03-04 22:17,39179.75,39244.51,39173.88,39240.22,7.71606274,39174.72000000,39234.54000000,39163.42000000,39232.11000000,42.45613000,39213.0,39267.0,39207.0,39259.0,15.46865,,,,,
2022-03-04 22:18,39240.22,39249.66,39094.69,39117.68,10.73751125,39232.10000000,39233.04000000,39085.52000000,39109.81000000,30.98039000,39263.0,39267.0,39129.04275671,39154.0,1.7180471,,,,,
2022-03-04 22:19,39117.67,39119.03,38935.3,39040.19,96.10232326,39109.81000000,39114.44000000,38924.87000000,39023.30000000,316.98027000,39131.0,39138.0,39000.0,39080.0,44.18631454,,,,,
2022-03-04 22:20,39038.62,39150.74,38987.39,39106.6,14.19489777,39018.97000000,39156.79000000,38984.94000000,39095.29000000,102.35310000,39057.0,39172.0,39021.0,39129.0,8.39407485,,,,,
2022-03-04 22:21,39106.59,39126.01,39072.65,39076.71,26.81213534,39095.30000000,39107.18000000,39060.38000000,39060.39000000,50.06187000,39131.0,39156.0,39118.0,39118.0,6.92276561,,,,,
2022-03-04 22:22,39069.49,39073.94,38900.0,38920.27,33.2112834,39060.38000000,39060.39000000,38888.00000000,38899.99000000,223.33846000,39114.48975866,39114.48975866,38962.0,38962.0,48.8891827,,,,,
2022-03-04 22:23,38922.12,39000.0,38893.15,38960.46,49.48699648,38899.99000000,38981.88000000,38888.00000000,38944.79000000,148.88599000,38962.0,39035.0,38942.0,38983.0,14.22260255,,,,,
2022-03-04 22:24,38960.46,38992.09,38917.86,38968.76,12.4338149,38944.80000000,38981.86000000,38906.34000000,38952.18000000,48.65361000,38994.09677479,39027.0,38959.6987794,39001.0,5.75815375,,,,,
2022-03-04 22:25,38968.71,38976.99,38886.13,38938.07,22.10843171,38952.18000000,38952.19000000,38889.36000000,38929.22000000,47.69291000,39006.0,39006.0,38936.0,38971.0,4.50031204,,,,,
2022-03-04 22:26,38935.3,38977.0,38934.02,38977.0,6.87347856,38929.22000000,38970.05000000,38929.22000000,38968.21000000,28.40827000,38975.0,39013.0,38975.0,39013.0,1.4461018,,,,,
2022-03-04 22:27,38977.0,38977.0,38720.0,38735.49,100.49909695,38968.21000000,38968.21000000,38700.00000000,38724.34000000,174.50377000,39008.64977284,39013.0,38774.0,38776.0,43.60721197,,,,,
2022-03-04 22:28,38759.08,38799.62,38686.08,38738.41,35.10848358,38724.34000000,38793.17000000,38698.00000000,38727.66000000,167.45972000,38770.0,38823.0,38741.0,38772.0,24.86316255,,,,,
2022-03-04 22:29,38739.2,38747.0,38658.87,38676.92,23.38521427,38727.65000000,38736.56000000,38650.00000000,38651.80000000,77.15802000,38770.0,38781.0,38696.0,38705.0,12.76229514,,,,,
2022-03-04 22:30,38674.4,38676.92,38602.01,38609.63,59.58647656,38651.80000000,38655.02000000,38600.00000000,38600.00000000,131.16988000,38696.7874014,38706.0,38634.0,38634.0,15.63734842,,,,,
2022-03-04 22:31,38608.65,38767.38,38577.01,38758.54,26.44459251,38600.01000000,38765.65000000,38550.00000000,38758.86000000,157.62070000,38634.0,38789.0,38621.0,38780.0,8.1539682,,,,,
2022-03-04 22:32,38758.64,38800.99,38667.93,38687.9,24.89205926,38754.78000000,38790.00000000,38648.16000000,38666.84000000,51.45114000,38780.0814036,38833.0,38687.78312063,38704.0,8.20942643,,,,,
2022-03-04 22:33,38688.72,38748.9,38688.72,38715.96,12.0950732,38666.85000000,38747.99000000,38666.84000000,38697.58000000,49.90287000,38709.0,38791.0,38709.0,38742.72680847,7.4306141199999995,,,,,
2022-03-04 22:34,38715.81,38766.1,38715.81,38759.96,7.72781723,38697.57000000,38764.86000000,38697.57000000,38743.67000000,42.80717000,38752.0,38793.14248138,38737.0,38774.0,2.48082858,,,,,
2022-03-04 22:35,38758.55,38780.78,38753.09,38772.9,8.74031205,38743.67000000,38777.82000000,38740.00000000,38766.07000000,26.75965000,38776.70551271,38814.0,38776.0,38810.0,2.29544682,,,,,
2022-03-04 22:36,38772.76,38784.5,38760.08,38780.29,10.16137568,38766.07000000,38770.00000000,38761.58000000,38768.97000000,27.73589000,38809.0,38811.0,38796.0,38804.0,2.08662077,,,,,
2022-03-04 22:37,38783.31,38840.01,38777.75,38839.28,15.22870433,38768.97000000,38842.20000000,38768.97000000,38838.63000000,64.55426000,38800.10838953,38881.0,38798.0,38869.0,3.07213819,,,,,
2022-03-04 22:38,38840.0,38864.53,38705.9,38765.83,34.74242101,38838.63000000,38847.82000000,38691.58000000,38750.70000000,60.42116000,38869.0,38884.0,38753.0,38787.0,9.91641094,,,,,
2022-03-04 22:39,38765.83,38765.84,38754.34,38765.55,6.5346986,38750.71000000,38758.90000000,38738.89000000,38751.61000000,18.89954000,38801.0,38802.0,38788.0,38800.0,0.36435096,,,,,
2022-03-04 22:40,38765.26,38777.89,38765.0,38774.56,8.58977166,38751.61000000,38760.00000000,38750.00000000,38756.20000000,17.87204000,38799.0,38806.0,38795.0,38806.0,0.06212801,,,,,
2022-03-04 22:41,38773.93,38871.6,38771.5,38857.94,61.11347105,38756.20000000,38850.00000000,38752.63000000,38844.61000000,38.58822000,38795.0,38904.0,38795.0,38895.0,1.22721348,,,,,
2022-03-04 22:42,38857.9,38884.53,38855.88,38880.61,15.32418755,38844.60000000,38866.36000000,38844.60000000,38866.03000000,75.51262000,38884.0,38914.17513547,38884.0,38914.17513547,0.09516876,,,,,
2022-03-04 22:43,38880.61,38917.5,38824.46,38827.44,20.67938293,38866.03000000,38896.36000000,38809.77000000,38812.00000000,45.07467000,38911.0,38944.65098362,38860.0,38860.0,2.02618038,,,,,
2022-03-04 22:44,38827.44,38906.64,38827.44,38873.63,9.40436129,38812.01000000,38892.46000000,38808.27000000,38859.21000000,68.65740000,38864.0,38939.0,38864.0,38910.0,0.88286904,,,,,
2022-03-04 22:45,38874.36,38899.29,38828.32,38883.68,8.56788412,38859.21000000,38879.19000000,38810.00000000,38866.70000000,37.63273000,38903.0,38917.0,38864.0,38910.0,2.24946862,,,,,
2022-03-04 22:46,38883.67,38898.01,38841.94,38878.35,10.56730874,38866.70000000,38869.52000000,38821.30000000,38858.68000000,30.65635000,38912.0,38912.0,38868.41179163,38907.0,0.17111199000000002,,,,,
2022-03-04 22:47,38873.68,38882.59,38847.44,38867.03,18.16802719,38858.67000000,38864.94000000,38852.11000000,38855.26000000,28.43323000,38892.0,38905.0,38891.0,38899.0,0.07281966000000001,,,,,
2022-03-04 22:48,38867.03,38873.71,38777.0,38806.94,18.20492469,38855.26000000,38856.73000000,38758.23000000,38787.79000000,60.03948000,38899.0,38899.0,38810.6433408,38841.90383842,1.7269149,,,,,
2022-03-04 22:49,38806.94,38820.87,38792.04,38820.87,8.25922355,38787.78000000,38799.98000000,38782.05000000,38798.73000000,29.86243000,38838.0,38845.0,38825.0,38844.0,1.15359178,,,,,
2022-03-04 22:50,38819.68,38870.09,38818.42,38870.09,7.0239933,38798.73000000,38858.23000000,38798.72000000,38856.89000000,63.90051000,38844.0,38900.0,38844.0,38900.0,1.64917266,,,,,
2022-03-04 22:51,38870.09,38879.59,38856.74,38872.85,4.92387903,38856.89000000,38858.23000000,38843.39000000,38858.23000000,20.49689000,38902.0,38902.0,38892.7509894,38894.0,0.30124855,,,,,
2022-03-04 22:52,38872.85,38979.4,38869.79,38931.74,9.65683121,38858.22000000,38965.32000000,38855.97000000,38916.55000000,83.01314000,38906.0,39000.0,38904.0,38982.0,2.34323243,,,,,
2022-03-04 22:53,38917.36,38939.18,38886.98,38928.81,7.42323475,38916.55000000,38927.34000000,38871.37000000,38915.50000000,29.42721000,38956.0,38972.51461622,38918.6857849,38949.0,0.32300818,,,,,
2022-03-04 22:54,38928.99,38996.93,38928.99,38974.18,8.51920138,38915.49000000,38975.34000000,38915.49000000,38965.93000000,46.28896000,38949.0,39008.0,38949.0,38997.0,3.1201295,,,,,
2022-03-04 22:55,38975.7,38991.29,38958.78,38967.98,6.17969795,38965.92000000,38975.34000000,38947.12000000,38953.89000000,23.34003000,38996.0,39006.0,38996.0,38997.0,1.28200363,,,,,
2022-03-04 22:56,38967.98,38970.22,38903.01,38923.46,6.89866641,38953.89000000,38953.89000000,38882.45000000,38908.55000000,45.99142000,38997.0,39000.0,38935.0,38944.0,1.4447142099999999,,,,,
2022-03-04 22:57,38919.55,38948.54,38914.52,38940.41,6.01282746,38908.55000000,38923.84000000,38902.56000000,38919.61000000,32.41953000,38955.0,38971.0,38937.0,38965.0,0.73160912,,,,,
2022-03-04 22:58,38940.42,39032.89,38940.42,39019.2,19.98124609,38919.60000000,39017.92000000,38919.60000000,38997.02000000,241.35762000,38971.0,39051.0,38966.0,39045.0,14.67855576,,,,,
2022-03-04 22:59,39019.2,39081.3,39000.0,39018.13,17.33012163,38997.02000000,39063.65000000,38989.67000000,39004.73000000,63.18377000,39035.1097693,39101.0,39035.1097693,39043.0,14.528444740000001,,,,,
2022-03-04 23:00,39015.76,39110.35,38969.93,39054.73,18.53642993,39004.73000000,39073.56000000,38953.05000000,39030.87000000,87.99724000,39045.0,39115.0,39013.0,39084.0,17.14174356,,,,,
2022-03-04 23:01,39052.96,39066.44,39004.04,39062.58,10.56152393,39030.87000000,39047.41000000,38991.87000000,39047.41000000,73.10268000,39084.0,39089.0,39045.0,39062.0,2.5686338600000003,,,,,
2022-03-04 23:02,39063.89,39079.49,39006.33,39019.59,10.68875308,39047.41000000,39047.41000000,38994.01000000,39002.06000000,43.24713000,39086.0,39086.0,39045.0,39055.0,4.85371374,,,,,
2022-03-04 23:03,39019.59,39019.59,38965.68,38987.58,15.27813246,39002.05000000,39002.06000000,38949.16000000,38969.68000000,42.84578000,39051.0,39051.0,39010.0,39010.0,1.88225746,,,,,
2022-03-04 23:04,38987.58,39035.79,38979.01,39035.79,6.99746085,38969.69000000,39005.18000000,38958.48000000,39000.00000000,22.62682000,39014.0,39048.33976752,39009.0,39048.33976752,0.33594819,,,,,
2022-03-04 23:05,39019.36,39025.09,38936.78,38969.15,15.68656088,38999.99000000,39001.88000000,38918.02000000,38945.97000000,45.60599000,39049.0,39054.7767493,38973.0,39000.0,2.65792003,,,,,
2022-03-04 23:06,38965.84,38978.67,38946.18,38951.16,10.55898095,38945.98000000,38965.60000000,38934.12000000,38934.91000000,25.43687000,39004.0,39012.0,38969.0,38969.0,6.4165095,,,,,
2022-03-04 23:07,38956.41,38976.18,38936.63,38976.18,7.12208987,38934.92000000,38962.28000000,38920.00000000,38962.27000000,33.21900000,38992.0,39005.0,38971.0,38997.0,0.74870034,,,,,
2022-03-04 23:08,38978.87,38985.62,38931.65,38981.36,9.23236992,38962.28000000,38980.38000000,38915.79000000,38964.23000000,52.97248000,39004.0,39008.0,38971.0,39005.0,0.21331245,,,,,
2022-03-04 23:09,38981.38,38986.39,38925.66,38953.4,18.72226855,38964.23000000,38964.23000000,38906.42000000,38938.84000000,50.81993000,39008.0,39012.0,38968.0,38990.0,4.72117892,,,,,
2022-03-04 23:10,38955.47,39000.0,38938.48,38979.6,4.61638593,38938.83000000,38981.92000000,38918.82000000,38966.67000000,35.93609000,38988.0,39025.0,38978.0,39020.0,0.69400227,,,,,
2022-03-04 23:11,38985.38,39000.0,38955.4,38962.03,16.19102012,38966.68000000,38980.20000000,38936.46000000,38939.14000000,55.98329000,39020.0,39027.0,38995.0,38998.0,0.25107226,,,,,
2022-03-04 23:12,38961.35,38970.98,38940.31,38950.56,9.57801702,38939.15000000,38948.23000000,38922.24000000,38930.34000000,27.12011000,38997.0,38998.0,38980.0,38981.0,0.50654454,,,,,
2022-03-04 23:13,38950.39,38983.44,38922.71,38972.97,6.80410349,38930.35000000,38958.39000000,38905.10000000,38953.11000000,27.87125000,38981.0,39022.0,38957.0,39007.0,13.49882837,,,,,
2022-03-04 23:14,38972.98,39000.0,38972.98,38987.82,5.3871465,38953.11000000,38976.93000000,38953.11000000,38972.35000000,26.59407000,39011.0,39021.0,39011.0,39019.0,0.6005622199999999,,,,,
2022-03-04 23:15,38993.55,39027.24,38976.08,39016.92,8.17586961,38972.34000000,39015.21000000,38962.70000000,38999.49000000,65.27538000,39016.58777178,39044.0,39007.0,39044.0,6.74078761,,,,,
2022-03-04 23:16,39010.48,39112.23,39010.48,39103.14,9.16512167,38999.49000000,39083.30000000,38996.33000000,39082.99000000,52.82423000,39041.0,39122.28164142,39041.0,39122.28164142,1.67123526,,,,,
2022-03-04 23:17,39104.32,39112.0,39002.91,39004.9,7.87110809,39083.29000000,39090.67000000,38981.75000000,38991.89000000,77.35496000,39126.0,39141.0,39039.0,39046.0,1.64209703,,,,,
2022-03-04 23:18,39004.78,39005.7,38949.91,38954.62,7.05893825,38991.89000000,38992.82000000,38937.92000000,38937.93000000,45.96056000,39040.0,39040.0,38997.0,38998.0,2.02571194,,,,,
2022-03-04 23:19,38954.02,38968.45,38851.0,38865.24,15.07140166,38937.92000000,38949.37000000,38839.28000000,38843.59000000,102.81251000,38993.0,39003.0,38888.92371843,38902.0,6.01604933,,,,,
2022-03-04 23:20,38861.77,38920.33,38858.07,38905.59,6.94014291,38843.59000000,38894.66000000,38838.90000000,38884.36000000,68.27510000,38896.0,38938.0,38895.01888806,38934.0,2.4042272099999997,,,,,
2022-03-04 23:21,38902.2,38961.0,38895.37,38961.0,7.97422226,38884.36000000,38932.53000000,38875.25000000,38930.30000000,44.36766000,38929.0,38973.0,38929.0,38969.0,3.9806589,,,,,
2022-03-04 23:22,38955.5,38984.59,38940.76,38973.43,10.63782889,38930.31000000,38960.27000000,38924.74000000,38956.15000000,26.17411000,38963.80723103,38995.0,38963.0,38994.0,1.92198781,,,,,
2022-03-04 23:23,38973.38,38977.36,38924.26,38977.36,4.90308104,38956.16000000,38958.53000000,38913.61000000,38952.25000000,43.86882000,38992.0,38999.0,38954.22910733,38986.0,3.60758138,,,,,
2022-03-04 23:24,38976.95,39015.7,38976.95,39009.64,4.49347406,38952.26000000,38991.41000000,38952.25000000,38991.40000000,12.67519000,38999.0,39026.0,38999.0,39021.0,2.17568888,,,,,
2022-03-04 23:25,39009.64,39063.37,39006.58,39033.62,4.40678086,38991.40000000,39044.21000000,38991.40000000,39018.19000000,25.20893000,39029.0,39083.0,39029.0,39058.0,5.64750398,,,,,
2022-03-04 23:26,39026.7,39047.32,39001.2,39029.0,3.48931146,39018.20000000,39022.09000000,38987.90000000,39012.24000000,22.83951000,39062.0,39065.0,39035.0,39059.0,0.03118055,,,,,
2022-03-04 23:27,39027.33,39029.0,38996.44,39013.85,5.14696012,39012.24000000,39017.12000000,38984.40000000,38994.40000000,24.21736000,39059.0,39059.0,39030.0,39047.0,0.30628478,,,,,
2022-03-04 23:28,39011.66,39038.96,39007.08,39036.86,3.10869213,38994.41000000,39019.99000000,38992.76000000,39019.99000000,15.05609000,39054.7767493,39057.0,39041.0,39057.0,0.095,,,,,
2022-03-04 23:29,39036.84,39055.74,39030.18,39043.04,13.98408203,39019.98000000,39034.91000000,39018.00000000,39022.76000000,32.09233000,39057.0,39075.0,39057.0,39075.0,0.05038169,,,,,
2022-03-04 23:30,39043.02,39053.66,39023.49,39045.54,4.0902483,39022.76000000,39031.30000000,39008.70000000,39031.28000000,19.83324000,39062.82661226,39076.0,39054.0,39076.0,1.35257533,,,,,
2022-03-04 23:31,39048.22,39058.42,39023.88,39048.61,4.88707847,39031.27000000,39036.99000000,39009.53000000,39026.69000000,23.43479000,39071.0,39082.1459655,39064.0,39068.0,1.56065041,,,,,
2022-03-04 23:32,39048.6,39072.18,39044.18,39063.61,6.47012583,39026.69000000,39045.46000000,39025.11000000,39042.65000000,16.11642000,39067.0,39087.24988459,39067.0,39085.0,0.12064444,,,,,
2022-03-04 23:33,39063.04,39131.87,39041.74,39076.8,14.63832428,39042.66000000,39102.83000000,39025.94000000,39066.43000000,31.43608000,39087.0,39150.0,39086.0,39119.0,1.23097141,,,,,
2022-03-04 23:34,39077.44,39124.59,39077.44,39108.73,3.87678037,39066.43000000,39103.84000000,39066.43000000,39092.45000000,19.84728000,39116.0,39137.0,39116.0,39135.0,0.35321049,,,,,
2022-03-04 23:35,39111.0,39125.01,39073.7,39096.67,7.46454337,39092.45000000,39105.31000000,39061.60000000,39082.26000000,22.29442000,39131.63292893,39131.63292893,39108.0,39130.0,1.09959263,,,,,
2022-03-04 23:36,39098.2,39105.99,39073.7,39079.55,3.92729152,39082.26000000,39084.04000000,39053.39000000,39061.16000000,18.75740000,39126.0,39129.0,39105.0,39117.0,0.2475229,,,,,
2022-03-04 23:37,39082.19,39098.89,39074.12,39092.26,7.81422756,39061.15000000,39071.94000000,39053.28000000,39069.69000000,14.63057000,39111.0,39125.0,39110.0,39111.0,0.54481225,,,,,
2022-03-04 23:38,39092.27,39098.95,39072.03,39087.85,5.11923637,39069.68000000,39080.51000000,39060.69000000,39071.13000000,12.89922000,39116.0,39117.0,39116.0,39117.0,0.16869751,,,,,
2022-03-04 23:39,39087.85,39117.66,39082.75,39117.66,5.56292185,39071.12000000,39098.21000000,39070.73000000,39098.21000000,9.38294000,39117.0,39139.0,39111.0,39139.0,4.17538052,,,,,
2022-03-04 23:40,39120.15,39144.75,39112.31,39132.05,7.97839839,39098.21000000,39127.03000000,39097.69000000,39116.21000000,35.32227000,39139.0,39167.0,39137.0,39158.0,1.69554018,,,,,
2022-03-04 23:41,39134.52,39192.07,39119.38,39176.39,6.52088322,39116.22000000,39169.60000000,39100.71000000,39160.93000000,41.56805000,39157.0,39220.84759147,39155.14901184,39206.0,5.48010629,,,,,
2022-03-04 23:42,39176.39,39176.39,39143.44,39158.93,9.13575909,39160.93000000,39160.94000000,39130.35000000,39140.58000000,45.12288000,39193.0,39197.0,39172.0,39182.0,0.03175076,,,,,
2022-03-04 23:43,39152.94,39256.87,39151.85,39233.73,25.66462087,39140.58000000,39247.76000000,39138.12000000,39214.30000000,133.43550000,39180.0,39288.0,39180.0,39265.0,19.80506594,,,,,
2022-03-04 23:44,39232.51,39244.68,39227.12,39232.79,6.18737839,39214.30000000,39221.51000000,39207.03000000,39215.94000000,36.16690000,39265.0,39267.0,39254.43913968,39259.0,0.04095018,,,,,
2022-03-04 23:45,39230.43,39236.08,39159.07,39199.43,8.06306906,39215.94000000,39217.75000000,39144.98000000,39177.52000000,107.48569000,39260.0,39260.0,39202.0,39233.53595487,4.13426327,,,,,
2022-03-04 23:46,39196.17,39209.03,39168.81,39197.01,9.13194394,39176.12000000,39185.53000000,39151.08000000,39174.25000000,30.48015000,39229.0,39229.0,39208.0,39225.0,1.6700021,,,,,
2022-03-04 23:47,39197.06,39210.0,39179.5,39194.07,10.98074634,39174.25000000,39181.87000000,39162.51000000,39172.47000000,24.85595000,39219.0,39227.0,39219.0,39227.0,0.61611301,,,,,
2022-03-04 23:48,39194.0,39195.02,39154.06,39180.24,4.09535844,39172.47000000,39174.00000000,39130.01000000,39152.51000000,34.35254000,39221.0,39221.0,39186.0,39192.0,2.40419401,,,,,
2022-03-04 23:49,39180.24,39184.79,39150.0,39159.92,5.10418283,39152.51000000,39154.71000000,39124.34000000,39130.15000000,34.31082000,39203.0,39205.0,39182.0,39182.0,1.56774904,,,,,
2022-03-04 23:50,39159.83,39178.65,39140.84,39160.62,6.06655332,39130.14000000,39149.00000000,39120.34000000,39131.99000000,41.85526000,39181.76991247,39191.0,39164.2536141,39181.0,1.01201611,,,,,
2022-03-04 23:51,39159.95,39175.0,39154.16,39166.2,2.59805674,39131.99000000,39148.53000000,39129.06000000,39140.80000000,23.33977000,39184.0,39185.0,39183.0,39185.0,0.22350940000000002,,,,,
2022-03-04 23:52,39166.05,39168.02,39138.83,39145.45,7.22376785,39140.79000000,39140.80000000,39115.53000000,39119.21000000,28.85266000,39183.0,39183.0,39160.0,39170.0,0.8666262,,,,,
2022-03-04 23:53,39145.45,39162.34,39137.52,39162.34,10.74898703,39119.21000000,39136.20000000,39116.99000000,39131.33000000,21.54036000,39165.0,39174.0,39158.0,39173.0,0.93180062,,,,,
2022-03-04 23:54,39158.56,39158.57,39135.03,39141.19,4.68949934,39131.33000000,39135.26000000,39117.54000000,39120.69000000,20.28675000,39172.0,39172.0,39154.2780458,39154.2780458,0.48696904,,,,,
2022-03-04 23:55,39141.19,39147.68,39108.1,39115.93,4.75914916,39120.69000000,39124.78000000,39090.90000000,39094.22000000,24.37469000,39155.0,39155.0,39128.12624872,39145.0,2.68718976,,,,,
2022-03-04 23:56,39114.74,39128.01,39100.01,39112.27,1.79283748,39094.22000000,39105.56000000,39086.93000000,39099.16000000,18.13026000,39144.0,39144.0,39114.0,39133.0,1.8296762500000001,,,,,
2022-03-04 23:57,39111.79,39122.77,39102.16,39116.65,3.98149097,39099.15000000,39100.00000000,39091.35000000,39099.99000000,8.86092000,39133.0,39133.0,39126.40713272,39126.40713272,1.20551845,,,,,
2022-03-04 23:58,39118.25,39160.07,39111.07,39149.07,1.33641878,39099.99000000,39139.24000000,39099.99000000,39133.45000000,16.36907000,39127.0,39169.08446838,39127.0,39169.0,2.80962301,,,,,
2022-03-04 23:59,39149.07,39172.27,39147.77,39166.51,14.03533915,39133.44000000,39154.84000000,39133.44000000,39148.66000000,21.27444000,39164.0,39173.0,39162.64661026,39171.0,1.2973215,,,,,
2022-03-05 00:00,39166.5,39212.05,39138.15,39205.77,18.26319313,39148.65000000,39197.94000000,39140.54000000,39191.68000000,67.76121000,39170.82640044,39220.0,39170.0,39216.0,3.06605759,,,,,
2022-03-05 00:01,39205.8,39209.5,39122.35,39133.32,7.3755725,39191.67000000,39191.68000000,39112.69000000,39120.31000000,53.91211000,39216.0,39217.0,39157.0,39157.0,5.26990148,,,,,
2022-03-05 00:02,39134.6,39140.19,39025.48,39025.78,31.75407934,39119.98000000,39120.31000000,39002.93000000,39007.76000000,154.39337000,39157.0,39157.0,39049.76212176,39049.76212176,6.33800744,,,,,
2022-03-05 00:03,39030.52,39101.98,38987.7,39092.97,28.05966613,39007.76000000,39075.13000000,38967.01000000,39065.93000000,160.43827000,39049.76212176,39121.0,39016.0,39096.0,2.32639335,,,,,
2022-03-05 00:04,39092.97,39092.97,39044.53,39074.11,10.54805192,39065.93000000,39076.03000000,39028.98000000,39052.30000000,37.49077000,39098.0,39105.0,39075.0,39100.75703252,1.82822974,,,,,
2022-03-05 00:05,39075.51,39075.51,39013.52,39022.34,10.06737374,39052.31000000,39052.31000000,39000.00000000,39000.01000000,39.36809000,39086.0,39086.0,39060.0,39060.0,7.29029086,,,,,
2022-03-05 00:06,39022.34,39022.34,38958.0,38964.29,12.82832844,39000.00000000,39005.21000000,38942.58000000,38943.34000000,56.41981000,39060.0,39061.0,39000.0,39001.0,4.01288912,,,,,
2022-03-05 00:07,38963.35,39007.86,38934.96,39004.55,9.58886139,38943.35000000,38995.85000000,38920.00000000,38991.11000000,51.21828000,39000.0383169,39031.0,38970.0,39031.0,3.2806365,,,,,
2022-03-05 00:08,39004.55,39004.55,38920.0,38945.96,10.89577496,38991.11000000,38991.12000000,38901.58000000,38923.23000000,60.92438000,39021.93368986,39026.0,38951.34295995,38954.0,6.87497476,,,,,
2022-03-05 00:09,38943.49,38973.1,38943.22,38968.97,7.75177178,38923.23000000,38954.99000000,38923.23000000,38948.03000000,43.31683000,38956.0,38996.0,38956.0,38987.0,1.65274484,,,,,
2022-03-05 00:10,38968.91,39055.49,38960.21,39006.09,10.51368197,38948.03000000,39046.12000000,38948.03000000,38991.51000000,31.13188000,38986.0,39091.0,38986.0,39037.0,3.85949057,,,,,
2022-03-05 00:11,39004.84,39014.06,38967.85,38972.7,4.5195423,38991.51000000,38998.85000000,38955.09000000,38955.09000000,47.15353000,39035.0,39040.0,39001.0,39001.0,0.08590741,,,,,
2022-03-05 00:12,38967.85,39072.31,38937.8,39053.8,12.55666851,38955.09000000,39055.65000000,38918.88000000,39038.28000000,61.33545000,39000.11705783,39098.0,38968.29002611,39092.0,3.35269899,,,,,
2022-03-05 00:13,39053.8,39075.51,39029.57,39029.57,10.17924461,39038.27000000,39060.62000000,39011.02000000,39011.02000000,34.19576000,39088.0,39109.0,39072.0,39072.0,0.26873585,,,,,
2022-03-05 00:14,39026.31,39116.3,38995.72,39085.39,9.58248864,39011.02000000,39100.00000000,38985.09000000,39070.36000000,56.89558000,39064.0,39136.0,39039.0,39136.0,2.76345792,,,,,
2022-03-05 00:15,39088.15,39114.12,38978.0,38978.0,8.14798378,39070.36000000,39100.53000000,38963.38000000,38963.38000000,139.86996000,39131.0,39135.0,39018.64938392,39018.64938392,1.21826958,,,,,
2022-03-05 00:16,38977.1,39012.61,38924.14,38936.16,10.00226279,38963.38000000,38993.78000000,38914.07000000,38914.08000000,42.81606000,39022.0,39034.0,38967.0,38967.0,0.58650231,,,,,
2022-03-05 00:17,38937.04,39052.89,38933.35,39041.89,10.14279947,38914.07000000,39040.71000000,38914.07000000,39022.73000000,38.31696000,38969.0,39088.0,38969.0,39088.0,4.07166318,,,,,
2022-03-05 00:18,39048.77,39064.88,39037.25,39042.82,5.52198614,39022.74000000,39047.40000000,39019.99000000,39025.83000000,37.95980000,39069.0,39088.0,39067.0,39070.0,0.15464526,,,,,
2022-03-05 00:19,39042.42,39054.91,38989.46,39003.54,7.29649714,39025.83000000,39036.01000000,38980.55000000,38984.44000000,27.96087000,39072.0,39072.0,39034.0,39034.0,0.07456734,,,,,
2022-03-05 00:20,39003.55,39034.96,38980.01,38980.01,8.95279277,38984.43000000,39018.68000000,38962.45000000,38962.46000000,20.43900000,39036.0,39048.0,39021.0,39021.0,0.6957243900000001,,,,,
2022-03-05 00:21,38980.0,39020.2,38969.87,39008.35,13.72725267,38962.46000000,38996.95000000,38962.45000000,38987.01000000,18.05885000,39020.0,39027.0,39019.78965636,39021.0,0.00732618,,,,,
2022-03-05 00:22,39008.35,39025.61,39002.38,39025.47,4.25959404,38987.01000000,39004.01000000,38985.55000000,39004.01000000,18.24108000,39020.0,39038.0,39020.0,39033.0,0.22735074,,,,,
2022-03-05 00:23,39018.75,39038.95,39007.88,39032.36,6.22229382,39004.00000000,39024.09000000,38993.83000000,39014.11000000,21.95558000,39045.0,39058.0,39044.0,39046.0,0.16851942,,,,,
2022-03-05 00:24,39032.29,39033.49,39008.77,39029.25,6.93532776,39014.12000000,39014.12000000,38993.78000000,39008.00000000,29.16624000,39045.0,39054.0,39045.0,39054.0,0.03049122,,,,,
2022-03-05 00:25,39029.24,39064.88,39027.48,39049.14,6.8332038,39007.99000000,39048.64000000,39006.68000000,39028.43000000,19.88077000,39058.0,39075.57735362,39058.0,39075.57735362,0.02174593,,,,,
2022-03-05 00:26,39049.17,39106.01,39040.78,39101.88,28.89359579,39028.43000000,39090.63000000,39022.02000000,39085.60000000,39.50196000,39071.0,39133.0,39071.0,39122.0,4.05916334,,,,,
2022-03-05 00:27,39108.99,39142.8,39105.03,39118.68,12.35967137,39085.60000000,39110.21000000,39084.36000000,39096.87000000,54.11124000,39135.0,39144.0,39124.0,39133.60009196,1.61633,,,,,
2022-03-05 00:28,39112.61,39116.65,39066.7,39080.64,24.00130463,39096.87000000,39096.88000000,39050.00000000,39060.38000000,33.07368000,39136.0,39138.0,39093.0,39093.0,0.60613497,,,,,
2022-03-05 00:29,39080.64,39090.03,39049.75,39060.55,2.57017196,39060.39000000,39070.70000000,39029.99000000,39038.55000000,51.60824000,39106.0,39109.0,39088.0,39089.0,0.7665601,,,,,
2022-03-05 00:30,39062.55,39068.39,39020.32,39023.01,10.13663523,39038.55000000,39047.57000000,39003.45000000,39003.46000000,20.54231000,39088.0,39088.95559327,39059.0,39059.0,0.92760061,,,,,
2022-03-05 00:31,39023.01,39037.51,39000.79,39018.29,11.01976659,39003.45000000,39009.68000000,38981.55000000,38993.50000000,20.84252000,39059.0,39059.0,39032.0,39038.0,0.71375107,,,,,
2022-03-05 00:32,39018.29,39018.29,38920.64,38920.64,7.97633803,38993.49000000,38993.50000000,38904.48000000,38904.48000000,67.62488000,39040.0,39040.0,38961.72141422,38961.72141422,3.7612386,,,,,
2022-03-05 00:33,38925.8,38936.58,38860.95,38897.43,22.0403444,38904.48000000,38910.70000000,38844.01000000,38874.74000000,88.07790000,38952.0,38955.0,38900.0,38905.0,11.37474076,,,,,
2022-03-05 00:34,38897.43,38961.68,38897.43,38920.2,7.46759196,38874.75000000,38936.29000000,38874.74000000,38896.99000000,76.06212000,38940.0,38958.943176,38930.0,38930.0,0.25650191,,,,,
2022-03-05 00:35,38920.08,38967.13,38900.0,38922.35,5.47183916,38897.00000000,38944.13000000,38880.11000000,38902.35000000,61.08618000,38940.0,38987.0,38932.0,38961.0,1.48896155,,,,,
2022-03-05 00:36,38922.35,38961.37,38908.67,38948.25,3.8379164,38902.35000000,38937.76000000,38894.10000000,38927.35000000,26.74389000,38946.0,38969.0,38938.0,38955.0,2.82044203,,,,,
2022-03-05 00:37,38951.32,38967.89,38914.08,38922.7,11.38234166,38927.35000000,38943.38000000,38891.41000000,38900.58000000,21.70638000,38964.0,38965.0,38939.0,38939.0,1.03947949,,,,,
2022-03-05 00:38,38919.72,38921.03,38779.99,38833.18,23.72776243,38900.57000000,38900.58000000,38760.62000000,38810.74000000,116.32947000,38941.0,38945.0,38802.0,38839.0,12.7777964,,,,,
2022-03-05 00:39,38830.66,38849.52,38805.45,38806.64,7.44124432,38810.74000000,38833.43000000,38786.41000000,38786.41000000,55.56373000,38851.0,38869.0,38842.0,38851.0,2.16978347,,,,,
2022-03-05 00:40,38803.6,38834.65,38763.2,38818.6,16.08193312,38786.42000000,38824.19000000,38757.91000000,38801.59000000,48.80589000,38825.0,38847.0,38791.0,38833.0,2.87094011,,,,,
2022-03-05 00:41,38818.1,38852.22,38810.76,38820.87,10.4949536,38801.59000000,38833.79000000,38801.59000000,38807.99000000,26.70772000,38837.0,38868.0,38836.0,38846.0,6.05127541,,,,,
2022-03-05 00:42,38819.59,38844.78,38805.2,38818.66,10.70253465,38807.98000000,38826.19000000,38792.31000000,38801.52000000,28.92013000,38852.0528321,38852.0528321,38828.53674919,38828.53674919,2.82878395,,,,,
2022-03-05 00:43,38818.65,38839.5,38793.63,38793.63,17.84256261,38801.53000000,38824.45000000,38780.00000000,38780.00000000,31.75772000,38829.0,38858.0,38823.0,38828.0,1.43085451,,,,,
2022-03-05 00:44,38788.82,38798.36,38737.73,38778.59,8.92709657,38780.01000000,38780.35000000,38723.33000000,38761.93000000,69.27825000,38823.0,38823.0,38760.0,38808.0,4.74819149,,,,,
2022-03-05 00:45,38778.59,38801.98,38776.02,38794.91,5.81109579,38761.92000000,38792.09000000,38761.92000000,38787.44000000,23.57768000,38801.0,38823.0,38801.0,38820.0,0.635756,,,,,
2022-03-05 00:46,38799.98,38830.01,38797.7,38820.49,6.02691409,38787.44000000,38812.07000000,38787.43000000,38809.20000000,20.08946000,38825.0,38855.0,38825.0,38855.0,0.08120145,,,,,
2022-03-05 00:47,38820.49,38874.28,38815.8,38867.82,5.91422352,38809.21000000,38860.50000000,38805.42000000,38859.36000000,46.42289000,38853.0,38900.0,38845.0,38893.0,1.17129765,,,,,
2022-03-05 00:48,38867.82,38900.0,38840.04,38883.91,7.1708103,38859.36000000,38895.38000000,38832.50000000,38873.48000000,32.47796000,38894.0,38926.955911,38885.0,38926.955911,1.73196499,,,,,
2022-03-05 00:49,38883.78,38891.43,38863.63,38877.94,4.68103267,38873.49000000,38880.18000000,38862.88000000,38864.30000000,20.28503000,38917.0,38918.0,38911.0,38914.0,0.02444177,,,,,
2022-03-05 00:50,38877.94,38941.33,38863.22,38923.87,13.50008113,38864.31000000,38924.44000000,38850.50000000,38910.06000000,27.93981000,38909.0,38968.0,38898.21403189,38963.0,1.3949665,,,,,
2022-03-05 00:51,38926.06,38960.91,38920.26,38944.19,4.96736432,38910.06000000,38943.43000000,38910.06000000,38931.53000000,19.41550000,38959.0,38983.0,38957.0,38982.0,0.0536911,,,,,
2022-03-05 00:52,38943.84,38949.16,38914.11,38941.37,22.44659811,38931.53000000,38931.95000000,38904.63000000,38926.65000000,25.73468000,38976.0,38978.0,38954.0,38956.0,0.7828514,,,,,
2022-03-05 00:53,38941.21,38946.33,38896.13,38896.98,6.14484885,38926.66000000,38931.28000000,38885.71000000,38885.71000000,51.25185000,38953.95585805,38953.95585805,38935.13368369,38936.0,1.06241718,,,,,
2022-03-05 00:54,38897.18,38897.18,38857.22,38868.43,5.7760427,38885.72000000,38885.72000000,38845.73000000,38853.91000000,25.21165000,38935.13368369,38935.13368369,38893.0,38896.0,0.60490574,,,,,
2022-03-05 00:55,38868.43,38915.61,38859.33,38874.24,7.32282224,38853.90000000,38896.59000000,38852.00000000,38861.00000000,29.71431000,38905.0,38927.82687704,38897.0,38904.0,0.88070781,,,,,
2022-03-05 00:56,38874.23,38900.02,38838.2,38842.12,3.57171014,38861.00000000,38886.65000000,38828.08000000,38828.09000000,37.67342000,38906.0,38910.0,38874.0,38877.0,3.79651652,,,,,
2022-03-05 00:57,38842.12,38848.38,38786.82,38801.63,5.60852646,38828.08000000,38832.63000000,38774.29000000,38788.33000000,41.96085000,38875.23469103,38875.23469103,38826.0,38832.0,2.77972645,,,,,
2022-03-05 00:58,38806.5,38807.39,38777.0,38789.75,12.42465979,38788.33000000,38789.61000000,38761.64000000,38774.85000000,34.75576000,38828.0,38828.0,38805.02066628,38814.0,0.030456900000000002,,,,,
2022-03-05 00:59,38790.47,38813.95,38750.0,38760.16,11.14105938,38774.86000000,38796.95000000,38737.00000000,38744.00000000,32.54929000,38821.0,38831.0,38789.0,38790.0,0.0849139,,,,,
2022-03-05 01:00,38760.16,38840.45,38751.97,38824.41,5.79705617,38743.99000000,38820.00000000,38743.99000000,38813.90000000,34.63238000,38789.0,38846.0,38789.0,38846.0,0.34930917,,,,,
2022-03-05 01:01,38835.88,38855.91,38810.88,38820.89,4.14909285,38813.90000000,38843.86000000,38801.80000000,38806.32000000,31.88523000,38868.0,38883.0,38842.0,38861.0,0.26916215,,,,,
2022-03-05 01:02,38817.35,38817.98,38675.0,38696.4,26.86640144,38806.31000000,38806.32000000,38666.00000000,38683.25000000,163.50034000,38856.0,38856.0,38708.0,38729.0,24.44057004,,,,,
2022-03-05 01:03,38696.41,38764.88,38587.27,38758.09,34.17695652,38683.25000000,38747.63000000,38564.04000000,38741.11000000,167.03803000,38720.0,38772.0,38625.0,38761.0,14.33660838,,,,,
2022-03-05 01:04,38763.51,38856.64,38763.51,38856.64,50.5667491,38741.11000000,38840.60000000,38741.11000000,38832.65000000,67.32719000,38769.0,38864.0,38769.0,38860.0,10.16217387,,,,,
2022-03-05 01:05,38847.32,38931.1,38835.69,38896.45,44.24172836,38832.65000000,38926.65000000,38832.65000000,38894.12000000,61.45144000,38860.0,38942.0,38860.0,38929.0,6.96271607,,,,,
2022-03-05 01:06,38895.87,38910.86,38833.48,38902.39,37.2079612,38894.11000000,38904.78000000,38832.67000000,38900.00000000,62.63805000,38923.0,38935.0,38863.37539054,38935.0,1.22372223,,,,,
2022-03-05 01:07,38896.64,38910.19,38842.47,38865.6,11.41214493,38900.00000000,38903.89000000,38840.16000000,38865.05000000,68.11883000,38926.0,38933.05267324,38888.0,38906.0,0.6674185699999999,,,,,
2022-03-05 01:08,38865.6,38927.92,38865.59,38921.75,16.61192669,38865.05000000,38926.23000000,38863.05000000,38916.58000000,58.49036000,38930.0,38942.63329961,38920.0,38942.63329961,0.03262881,,,,,
2022-03-05 01:09,38919.86,38947.4,38895.86,38947.4,8.71276105,38916.57000000,38939.39000000,38903.94000000,38939.39000000,98.18494000,38942.63329961,38971.0,38942.63329961,38968.0,2.58059783,,,,,
2022-03-05 01:10,38949.65,38951.99,38910.88,38941.29,10.68034194,38939.38000000,38939.39000000,38906.78000000,38931.09000000,32.16226000,38966.0,38971.37517872,38951.34295995,38965.27841649,2.03276841,,,,,
2022-03-05 01:11,38941.29,38948.19,38919.39,38926.3,8.43026677,38931.10000000,38941.75000000,38910.31000000,38914.46000000,25.66806000,38968.0,38968.0,38957.0,38957.0,0.74331823,,,,,
2022-03-05 01:12,38926.29,38951.73,38918.33,38950.25,5.11121623,38914.45000000,38933.81000000,38907.75000000,38933.80000000,20.65764000,38949.0,38958.0,38949.0,38958.0,0.32808482,,,,,
2022-03-05 01:13,38950.18,38965.5,38936.99,38946.95,10.15338745,38933.81000000,38942.08000000,38920.37000000,38935.94000000,25.63437000,38958.0,38975.0,38958.0,38975.0,0.40305197000000004,,,,,
2022-03-05 01:14,38947.02,39050.69,38947.02,39050.68,27.07002664,38935.95000000,39046.21000000,38934.73000000,39040.15000000,96.70533000,38972.0,39083.0,38970.0,39083.0,8.50426211,,,,,
2022-03-05 01:15,39050.68,39076.67,38966.35,38972.15,5.07554216,39040.15000000,39066.00000000,38958.06000000,38965.30000000,51.40411000,39065.0,39092.0,39004.471888,39008.0,1.3054725,,,,,
2022-03-05 01:16,38972.16,38977.4,38915.0,38921.42,17.75405427,38965.30000000,38965.30000000,38905.77000000,38905.78000000,91.17553000,39009.0,39009.0,38938.0,38954.97492728,5.65755126,,,,,
2022-03-05 01:17,38924.57,38948.3,38906.3,38934.63,6.42194573,38905.77000000,38947.56000000,38896.78000000,38917.71000000,72.08237000,38955.0,38974.0,38940.0,38968.76228062,0.89154964,,,,,
2022-03-05 01:18,38934.63,38939.38,38918.2,38927.08,11.96389055,38917.70000000,38920.62000000,38910.29000000,38918.50000000,21.44714000,38961.0,38962.0,38961.0,38962.0,1.04467809,,,,,
2022-03-05 01:19,38927.08,38927.08,38897.6,38918.51,11.72133847,38918.49000000,38921.24000000,38888.19000000,38913.76000000,72.87263000,38961.0,38961.0,38941.0,38941.0,1.05479418,,,,,
2022-03-05 01:20,38918.51,38968.78,38917.95,38964.54,17.90021157,38913.75000000,38950.40000000,38911.69000000,38947.91000000,25.28646000,38946.0,38980.10716917,38946.0,38980.10716917,0.63379901,,,,,
2022-03-05 01:21,38963.77,39000.0,38963.66,38999.97,4.12304606,38947.91000000,38984.85000000,38947.91000000,38984.84000000,25.65169000,38982.0,39014.92348041,38982.0,39013.0,0.19709729,,,,,
2022-03-05 01:22,38999.96,39010.02,38986.0,38993.86,3.73715139,38984.84000000,38990.00000000,38974.01000000,38978.21000000,19.03393000,39014.92348041,39018.0,39013.0,39016.0,0.08543776,,,,,
2022-03-05 01:23,38993.86,38999.74,38949.4,38958.19,4.33611944,38978.21000000,38980.27000000,38936.09000000,38947.07000000,26.66625000,39016.0,39017.0,38981.0,38984.0,10.08776034,,,,,
2022-03-05 01:24,38958.19,39000.0,38958.19,38989.36,4.37405405,38945.71000000,38996.50000000,38944.83000000,38977.24000000,42.12530000,39009.89123473,39020.0,39009.89123473,39020.0,0.00858455,,,,,
2022-03-05 01:25,38989.36,39017.29,38982.79,38995.86,8.38269678,38977.23000000,38998.43000000,38974.73000000,38982.02000000,19.58112000,39020.0,39038.30815039,39020.0,39028.0,0.09608357000000001,,,,,
2022-03-05 01:26,38996.15,39004.16,38925.28,38925.28,8.41338324,38982.02000000,38986.13000000,38912.17000000,38912.17000000,28.69925000,39027.4075331,39027.4075331,38964.0,38964.0,0.8372849,,,,,
2022-03-05 01:27,38925.29,38954.81,38903.02,38938.27,3.5386301,38912.18000000,38937.18000000,38889.59000000,38924.65000000,27.37705000,38962.0,38977.0,38946.0,38974.858638,0.75317073,,,,,
2022-03-05 01:28,38939.93,38967.67,38927.74,38946.73,2.76702993,38924.65000000,38948.55000000,38920.57000000,38930.01000000,42.45840000,38971.57433205,38985.0,38971.57433205,38981.42724989,0.00403165,,,,,
2022-03-05 01:29,38946.73,38987.32,38946.73,38983.7,2.44084914,38930.01000000,38966.93000000,38930.00000000,38966.38000000,19.30141000,38985.31063526,39005.0,38985.31063526,39003.0,0.02896489,,,,,
2022-03-05 01:30,38986.96,38989.64,38952.61,38962.36,4.18073336,38966.37000000,38973.38000000,38938.60000000,38940.88000000,28.96294000,39002.2278542,39002.2278542,38990.53643146,38990.53643146,0.67403292,,,,,
2022-03-05 01:31,38962.37,38962.37,38925.0,38935.29,5.00009547,38940.87000000,38944.19000000,38912.12000000,38920.08000000,28.30674000,38990.0,38990.0,38965.0,38965.0,0.42387136999999997,,,,,
2022-03-05 01:32,38932.97,38944.22,38914.79,38920.2,3.86256527,38920.08000000,38924.66000000,38900.35000000,38906.97000000,25.25046000,38968.0,38969.63324665,38961.0,38961.0,0.73947971,,,,,
2022-03-05 01:33,38920.2,38949.82,38920.2,38937.78,2.27987475,38906.97000000,38926.56000000,38906.97000000,38918.56000000,20.08911000,38954.0,38963.53648442,38954.0,38959.0,0.64668771,,,,,
2022-03-05 01:34,38937.78,38957.1,38919.02,38955.84,3.24592917,38918.56000000,38939.55000000,38906.99000000,38939.55000000,18.30256000,38956.0,38983.0,38955.0,38983.0,0.005564980000000001,,,,,
2022-03-05 01:35,38955.61,38957.1,38912.26,38917.54,1.98700157,38939.54000000,38939.55000000,38900.00000000,38900.00000000,14.79323000,38974.0,38976.0,38948.0,38948.73006185,0.21950084,,,,,
2022-03-05 01:36,38917.52,38917.54,38847.56,38849.51,14.47659668,38900.00000000,38900.01000000,38829.62000000,38829.72000000,58.84445000,38948.0,38948.0,38892.0,38892.0,1.63363875,,,,,
2022-03-05 01:37,38849.51,38889.73,38801.0,38823.45,9.65959945,38829.73000000,38874.21000000,38792.90000000,38811.17000000,57.70746000,38893.0,38910.0,38844.0,38844.0,6.84803846,,,,,
2022-03-05 01:38,38823.45,38871.05,38802.65,38841.25,18.06987117,38811.16000000,38853.53000000,38796.80000000,38828.68000000,29.44598000,38845.0,38883.0,38844.0,38877.0,16.68139611,,,,,
2022-03-05 01:39,38841.25,38937.71,38831.0,38937.71,5.44488041,38828.68000000,38926.57000000,38822.16000000,38926.57000000,39.90112000,38871.0,38947.0,38871.0,38944.0,9.65695737,,,,,
2022-03-05 01:40,38935.48,38992.25,38933.34,38992.25,7.52326694,38926.56000000,38979.53000000,38926.56000000,38979.52000000,21.23740000,38960.0,39010.0,38960.0,39002.0,2.6436458099999998,,,,,
2022-03-05 01:41,38992.75,39012.0,38987.91,39007.22,5.06700545,38979.51000000,38999.99000000,38979.51000000,38996.36000000,23.78861000,39013.0,39036.0,39013.0,39036.0,1.13049703,,,,,
2022-03-05 01:42,39007.23,39026.52,38999.59,39024.7,3.13126663,38996.36000000,39007.99000000,38986.56000000,39007.99000000,24.98181000,39032.0,39039.0,39032.0,39039.0,0.09001272,,,,,
2022-03-05 01:43,39023.43,39052.65,39010.81,39032.17,6.5206715,39007.99000000,39038.22000000,38999.99000000,39013.34000000,22.59319000,39042.73429418,39067.0,39041.0,39041.0,0.40811464999999997,,,,,
2022-03-05 01:44,39030.54,39092.06,39025.31,39068.77,6.61652396,39013.35000000,39081.00000000,39013.34000000,39059.80000000,41.60379000,39057.0,39117.0,39051.0,39086.0,1.38358709,,,,,
2022-03-05 01:45,39069.68,39080.37,39046.8,39057.68,4.86293724,39059.79000000,39069.15000000,39040.21000000,39041.26000000,20.13377000,39087.0,39100.0,39071.0,39071.0,1.19980629,,,,,
2022-03-05 01:46,39057.68,39067.35,39012.03,39048.32,4.65380188,39041.26000000,39051.36000000,39002.77000000,39032.61000000,29.08448000,39079.31338715,39081.0,39053.0,39063.0,1.19451621,,,,,
2022-03-05 01:47,39048.4,39048.4,39027.74,39039.93,4.66149856,39032.60000000,39033.32000000,39013.01000000,39027.47000000,14.90795000,39067.91397308,39070.0,39055.0,39059.0,1.39444544,,,,,
2022-03-05 01:48,39039.93,39039.93,39008.41,39019.37,3.75952528,39027.46000000,39027.47000000,38994.87000000,39006.94000000,19.51717000,39056.0,39056.0,39033.0,39036.0,1.10445912,,,,,
2022-03-05 01:49,39023.44,39023.44,39008.09,39013.55,1.60816031,39006.94000000,39006.94000000,38998.49000000,39004.67000000,12.21637000,39038.0,39039.0,39032.34280108,39034.0,1.21677829,,,,,
2022-03-05 01:50,39011.75,39013.55,38979.77,38987.63,4.89981592,39004.68000000,39004.68000000,38971.92000000,38975.60000000,19.00320000,39036.0,39038.0,39010.0,39010.56865024,2.72770562,,,,,
2022-03-05 01:51,38986.53,39007.49,38985.48,38996.3,3.51903458,38975.60000000,38990.57000000,38972.20000000,38983.50000000,17.91746000,39011.0,39026.0,39010.0,39026.0,1.14072391,,,,,
2022-03-05 01:52,38996.26,39014.44,38990.16,39004.04,4.32711545,38983.51000000,38999.65000000,38983.50000000,38989.40000000,11.78184000,39027.0,39027.0,39027.0,39027.0,0.24328542,,,,,
2022-03-05 01:53,39003.82,39017.13,38991.03,39003.31,6.81747758,38989.41000000,39002.23000000,38983.51000000,38987.95000000,22.48632000,39028.0,39038.0,39028.0,39028.0,0.12014891,,,,,
2022-03-05 01:54,39000.71,39004.37,38990.0,38996.65,4.43825836,38987.95000000,38987.96000000,38983.51000000,38983.52000000,9.91734000,39024.50410678,39025.0,39024.50410678,39025.0,0.00202204,,,,,
2022-03-05 01:55,38995.86,39000.13,38961.71,38973.78,6.06648859,38983.52000000,38983.52000000,38954.27000000,38964.07000000,18.02499000,39025.0,39025.0,38999.0,38999.0,1.36465897,,,,,
2022-03-05 01:56,38979.45,39000.93,38955.61,38985.26,6.02868513,38964.06000000,38984.00000000,38948.38000000,38978.15000000,17.57599000,38999.0,39017.0,38981.0,39015.0,0.41878009,,,,,
2022-03-05 01:57,38985.76,38998.94,38976.57,38978.54,6.4084358,38978.15000000,38978.75000000,38965.88000000,38965.88000000,11.15829000,39005.0,39017.0,38999.0,39005.0,1.01618108,,,,,
2022-03-05 01:58,38973.84,38981.24,38958.18,38976.24,5.38810466,38965.88000000,38967.17000000,38945.04000000,38967.16000000,22.75628000,38999.0,39008.0,38981.0,39008.0,2.68659001,,,,,
2022-03-05 01:59,38977.74,38999.65,38960.16,38998.13,2.114422,38967.17000000,38987.25000000,38953.11000000,38987.24000000,13.99864000,38988.0,39017.0,38987.0,39011.0,0.16981958,,,,,
2022-03-05 02:00,38999.4,38999.4,38973.08,38977.17,3.05251016,38987.25000000,38987.25000000,38963.43000000,38963.45000000,15.86637000,39013.18154834,39013.18154834,38997.0,38998.0,1.1406367800000001,,,,,
2022-03-05 02:01,38977.85,38992.32,38974.59,38990.58,3.97711807,38963.45000000,38977.35000000,38963.44000000,38977.25000000,11.66182000,38998.0,38998.0,38993.0,38993.0,0.80108586,,,,,
2022-03-05 02:02,38986.15,38986.15,38975.41,38984.54,4.05966916,38977.26000000,38977.26000000,38963.46000000,38970.29000000,13.21014000,38993.0,38997.50415973,38993.0,38997.0,0.79113993,,,,,
2022-03-05 02:03,38986.13,38986.2,38938.51,38948.91,7.91659809,38970.28000000,38972.33000000,38938.03000000,38938.46000000,14.60241000,38997.50415973,38997.50415973,38970.0,38970.0,0.1883276,,,,,
2022-03-05 02:04,38948.01,38950.87,38934.01,38943.79,3.13021709,38938.47000000,38938.47000000,38935.05000000,38935.05000000,12.84292000,38968.0,38970.0,38965.0,38968.0,1.04480188,,,,,
2022-03-05 02:05,38943.81,39016.52,38940.85,39016.52,11.82200838,38935.06000000,39010.29000000,38935.05000000,39005.76000000,30.94574000,38969.0,39031.0,38969.0,39030.60086902,11.12973263,,,,,
2022-03-05 02:06,39015.97,39060.01,39010.96,39055.74,1.81507798,39005.76000000,39051.60000000,39005.75000000,39051.59000000,16.06402000,39032.34280108,39063.44039227,39032.34280108,39063.44039227,0.04320456,,,,,
2022-03-05 02:07,39059.6,39059.6,39019.51,39035.14,5.97759433,39051.60000000,39051.60000000,39017.37000000,39028.31000000,23.12151000,39062.0,39088.0,39060.0,39071.0,4.14082686,,,,,
2022-03-05 02:08,39028.66,39050.7,39023.89,39030.84,3.37891059,39028.30000000,39037.52000000,39018.17000000,39020.13000000,11.98243000,39070.0,39072.0,39058.0,39061.0,6.93107536,,,,,
2022-03-05 02:09,39030.62,39048.31,39030.29,39039.74,2.16135958,39020.12000000,39036.69000000,39017.99000000,39033.85000000,12.46916000,39058.0,39072.0,39058.0,39068.0,0.057627080000000004,,,,,
2022-03-05 02:10,39040.01,39066.37,39028.23,39051.27,6.22814227,39033.58000000,39055.50000000,39026.45000000,39043.66000000,18.36827000,39070.0,39090.0,39070.0,39077.0,0.0060764700000000005,,,,,
2022-03-05 02:11,39051.27,39059.98,39023.48,39050.6,2.40679913,39043.66000000,39050.13000000,39022.03000000,39043.45000000,15.82928000,39080.0,39080.0,39056.0,39064.56854433,0.06207313,,,,,
2022-03-05 02:12,39051.78,39069.43,39043.56,39068.12,4.07428636,39043.46000000,39064.26000000,39034.96000000,39060.04000000,28.82282000,39064.62966714,39081.11689897,39064.62966714,39079.0,0.00599649,,,,,
2022-03-05 02:13,39068.12,39069.18,39039.64,39053.29,6.87104252,39060.03000000,39060.04000000,39026.27000000,39040.87000000,36.27538000,39084.0,39084.0,39068.0,39068.0,0.94674034,,,,,
2022-03-05 02:14,39049.68,39059.86,39042.13,39055.21,3.0443545,39040.87000000,39047.48000000,39035.14000000,39043.17000000,11.31143000,39071.0,39080.0,39071.0,39080.0,0.06027945,,,,,
2022-03-05 02:15,39055.05,39059.96,39039.55,39052.61,5.04295193,39043.16000000,39043.17000000,39034.80000000,39035.92000000,12.52733000,39073.0,39079.0,39071.0,39071.0,0.03280196,,,,,
2022-03-05 02:16,39052.16,39055.48,39030.33,39037.51,3.45872717,39035.92000000,39042.50000000,39025.90000000,39027.19000000,12.90324000,39071.0,39071.0,39062.0,39062.0,0.13500088,,,,,
2022-03-05 02:17,39037.51,39040.83,39008.96,39035.23,2.0445826,39027.18000000,39027.19000000,39000.00000000,39024.92000000,14.29753000,39062.0,39063.0,39038.0,39041.0,2.70410699,,,,,
2022-03-05 02:18,39033.67,39047.29,39022.67,39044.91,2.31812843,39024.91000000,39035.86000000,39016.62000000,39035.85000000,17.68216000,39040.54475688,39051.0,39040.0,39051.0,11.68846543,,,,,
2022-03-05 02:19,39043.01,39049.51,39021.08,39034.75,2.56838693,39035.84000000,39035.85000000,39015.94000000,39021.43000000,14.13206000,39051.0,39051.0,39050.0,39051.0,0.00721739,,,,,
2022-03-05 02:20,39034.19,39041.55,38983.82,38989.9,14.37509978,39021.43000000,39031.20000000,38976.92000000,38976.93000000,25.75025000,39051.0,39051.0,39006.0,39006.0,2.91604574,,,,,
2022-03-05 02:21,38989.93,38989.97,38936.02,38947.55,22.08485514,38976.92000000,38976.93000000,38935.22000000,38935.90000000,21.10683000,39020.0,39020.0,38968.0,38968.0,0.86559272,,,,,
2022-03-05 02:22,38944.43,38977.56,38944.09,38973.2,5.97530288,38935.89000000,38965.57000000,38935.89000000,38964.43000000,36.03215000,38966.0,38996.0,38966.0,38990.0,0.6308722999999999,,,,,
2022-03-05 02:23,38974.03,38984.83,38953.22,38983.3,4.50629183,38964.43000000,38971.61000000,38938.35000000,38971.60000000,18.31476000,38990.0,38997.0,38979.0,38995.0,0.60578548,,,,,
2022-03-05 02:24,38982.33,39005.98,38965.1,38973.94,10.41084809,38971.61000000,38993.29000000,38959.04000000,38966.67000000,25.52134000,38999.0,39020.0,38999.0,38999.0,0.65073847,,,,,
2022-03-05 02:25,38979.99,38983.18,38891.75,38897.98,10.16173805,38966.69000000,38970.32000000,38884.07000000,38886.26000000,65.43767000,38999.0,38999.0,38914.0,38915.0,3.69460661,,,,,
2022-03-05 02:26,38898.73,38941.06,38897.78,38913.08,4.72753168,38886.25000000,38924.78000000,38886.25000000,38901.22000000,16.18989000,38920.0,38946.0,38920.0,38933.0,0.39900283999999997,,,,,
2022-03-05 02:27,38911.35,38942.09,38901.67,38938.94,9.41798564,38901.22000000,38925.00000000,38889.09000000,38920.92000000,17.06278000,38918.0,38945.0,38916.5043186,38942.0,0.53286076,,,,,
2022-03-05 02:28,38938.91,38940.1,38920.04,38924.99,7.78737883,38920.92000000,38921.92000000,38908.73000000,38908.74000000,12.79479000,38941.0,38950.0,38941.0,38947.0,0.75667684,,,,,
2022-03-05 02:29,38922.48,38928.0,38901.06,38921.3,5.81043813,38908.74000000,38909.90000000,38896.64000000,38907.85000000,13.98568000,38930.0,38940.89136754,38928.0,38928.69784307,0.53731609,,,,,
2022-03-05 02:30,38921.27,38937.01,38908.97,38930.49,3.62650212,38907.85000000,38920.62000000,38900.03000000,38915.30000000,11.58661000,38937.40750341,38937.40750341,38929.0,38933.0,0.62865381,,,,,
2022-03-05 02:31,38929.75,38933.65,38904.42,38920.96,12.9644861,38915.31000000,38919.40000000,38884.27000000,38908.92000000,19.97824000,38936.0,38936.0,38927.82687704,38927.82687704,0.10257024000000001,,,,,
2022-03-05 02:32,38921.06,38933.2,38901.32,38905.93,5.16830227,38908.93000000,38917.80000000,38896.81000000,38896.81000000,9.31387000,38928.0,38932.0,38926.0,38926.0,0.52368267,,,,,
2022-03-05 02:33,38908.87,38924.19,38907.78,38912.48,3.56047211,38896.81000000,38908.45000000,38896.81000000,38897.45000000,15.39435000,38923.0,38924.0,38922.0,38922.0,0.15750582999999999,,,,,
2022-03-05 02:34,38912.48,38917.48,38890.92,38891.53,3.50445929,38897.45000000,38897.46000000,38878.12000000,38878.12000000,15.69569000,38921.0,38922.0,38908.0,38908.0,1.24830459,,,,,
2022-03-05 02:35,38891.54,38945.93,38871.02,38944.27,10.0016624,38878.12000000,38931.82000000,38859.19000000,38930.87000000,26.91206000,38907.0,38963.0,38900.0,38948.0,1.68782206,,,,,
2022-03-05 02:36,38945.79,38967.67,38940.21,38960.26,2.26827275,38930.87000000,38954.12000000,38930.86000000,38949.71000000,13.90472000,38949.0,38976.0,38949.0,38976.0,0.14737711,,,,,
2022-03-05 02:37,38959.41,38967.01,38932.25,38942.71,2.8058116,38949.71000000,38952.95000000,38926.92000000,38928.78000000,11.19997000,38976.0,38980.33248124,38950.0,38951.0,0.68593042,,,,,
2022-03-05 02:38,38942.69,38942.69,38907.61,38914.87,4.21347089,38928.78000000,38929.05000000,38904.13000000,38905.68000000,11.19231000,38962.0,38962.0,38944.0,38948.0,1.12368431,,,,,
2022-03-05 02:39,38919.16,38928.38,38888.85,38888.85,5.35392774,38905.67000000,38918.23000000,38890.12000000,38890.13000000,14.42404000,38940.89136754,38944.0,38929.5688091,38929.5688091,0.90120266,,,,,
2022-03-05 02:40,38896.72,38899.47,38862.11,38867.69,4.17977351,38890.13000000,38890.13000000,38855.59000000,38858.55000000,35.61453000,38928.87835478,38928.87835478,38896.0,38897.0,0.61163665,,,,,
2022-03-05 02:41,38867.69,38884.52,38842.72,38884.48,11.69892043,38858.56000000,38879.12000000,38827.77000000,38876.78000000,42.01177000,38895.60113379,38897.0,38865.98828864,38894.73016775,2.28323749,,,,,
2022-03-05 02:42,38884.42,38898.91,38873.62,38898.04,2.27824706,38876.78000000,38886.62000000,38865.91000000,38884.64000000,14.73086000,38894.73016775,38909.0,38894.0,38907.0,1.3562891799999999,,,,,
2022-03-05 02:43,38898.04,38898.05,38884.01,38893.21,1.4441025,38884.63000000,38885.11000000,38870.58000000,38879.99000000,16.08130000,38905.0,38906.0,38904.0,38906.0,1.64503857,,,,,
2022-03-05 02:44,38893.26,38895.32,38863.59,38871.01,2.96366993,38880.00000000,38883.85000000,38853.78000000,38859.45000000,16.48310000,38906.0,38906.0,38895.0,38895.0,0.1134621,,,,,
2022-03-05 02:45,38871.01,38905.95,38862.14,38882.97,10.44967469,38858.52000000,38890.66000000,38855.56000000,38870.13000000,19.58249000,38895.0,38912.0,38895.0,38897.0,0.72767859,,,,,
2022-03-05 02:46,38879.61,38907.93,38878.84,38907.74,7.1192035,38870.14000000,38895.05000000,38870.13000000,38895.05000000,14.24323000,38895.0,38910.0,38895.0,38910.0,0.30665868,,,,,
2022-03-05 02:47,38907.76,38911.89,38880.01,38901.75,4.62704128,38895.04000000,38897.59000000,38871.50000000,38890.18000000,15.88321000,38915.0,38920.1202056,38909.0,38910.0,0.23260142,,,,,
2022-03-05 02:48,38901.75,38908.17,38890.59,38907.9,3.19652935,38890.19000000,38897.57000000,38889.87000000,38897.57000000,9.33952000,38912.0,38921.0,38912.0,38921.0,0.00163043,,,,,
2022-03-05 02:49,38907.88,38915.59,38899.66,38911.28,1.76663082,38897.56000000,38903.22000000,38894.28000000,38899.47000000,18.27933000,38919.0,38930.0,38919.0,38924.0,0.56760989,,,,,
2022-03-05 02:50,38906.86,38930.98,38903.18,38930.28,4.13438598,38899.46000000,38915.15000000,38894.45000000,38915.14000000,11.57197000,38924.0,38941.0,38923.47204687,38941.0,0.46701705,,,,,
2022-03-05 02:51,38930.28,38930.28,38906.68,38912.87,4.72155734,38915.15000000,38915.15000000,38900.00000000,38900.35000000,21.10710000,38946.0,38948.0,38927.0,38933.0,0.61127987,,,,,
2022-03-05 02:52,38914.26,38928.17,38910.58,38914.3,2.83410952,38900.35000000,38909.00000000,38900.35000000,38904.81000000,10.43484000,38935.0,38942.0,38933.0,38934.0,0.19839206999999998,,,,,
2022-03-05 02:53,38916.91,38935.63,38911.92,38929.97,2.80239556,38904.81000000,38922.79000000,38901.06000000,38918.98000000,11.78391000,38932.0,38943.50426564,38932.0,38936.0,0.2441736,,,,,
2022-03-05 02:54,38929.76,38948.92,38923.98,38941.28,3.96269251,38918.97000000,38931.68000000,38915.39000000,38926.93000000,9.42682000,38936.0,38964.0,38935.66557134,38964.0,0.07549474,,,,,
2022-03-05 02:55,38939.18,38966.59,38936.11,38966.59,13.52156173,38926.92000000,38951.85000000,38926.92000000,38951.84000000,16.84393000,38958.0,38970.84792216,38948.0,38970.0,1.8367278,,,,,
2022-03-05 02:56,38966.57,38967.13,38946.81,38957.94,6.17701613,38951.84000000,38951.85000000,38940.71000000,38942.14000000,7.67911000,38971.57433205,38980.0,38969.0,38974.0,1.84454383,,,,,
2022-03-05 02:57,38957.93,38959.03,38933.92,38934.99,4.97614426,38942.13000000,38942.14000000,38920.32000000,38920.33000000,10.09007000,38969.0,38969.0,38958.0,38958.0,0.35480041,,,,,
2022-03-05 02:58,38934.99,38947.23,38930.57,38945.15,3.22320142,38920.33000000,38931.31000000,38919.86000000,38931.30000000,3.73447000,38952.0,38964.0,38952.0,38962.91142472,0.58633822,,,,,
2022-03-05 02:59,38945.16,38947.22,38877.67,38877.67,6.69806712,38931.30000000,38931.31000000,38866.23000000,38866.23000000,21.92457000,38959.0,38959.0,38912.0,38912.0,1.5580326899999999,,,,,
2022-03-05 03:00,38877.67,38881.46,38840.24,38876.94,6.75437961,38866.24000000,38866.24000000,38831.16000000,38863.73000000,24.70245000,38901.0,38901.0,38862.0,38887.0,1.2408324499999999,,,,,
2022-03-05 03:01,38873.91,38947.23,38873.91,38929.03,3.61299807,38863.73000000,38933.55000000,38863.72000000,38913.97000000,23.65444000,38904.0,38960.0,38904.0,38944.0,2.24577597,,,,,
2022-03-05 03:02,38925.6,38947.23,38925.31,38945.73,5.35069153,38913.98000000,38933.28000000,38913.97000000,38926.77000000,10.27287000,38945.0,38963.0,38942.0,38962.0,2.94206894,,,,,
2022-03-05 03:03,38944.31,38967.68,38941.45,38963.03,2.23111703,38926.78000000,38951.75000000,38926.77000000,38946.35000000,11.05161000,38962.0,38972.0,38962.0,38972.0,0.80373208,,,,,
2022-03-05 03:04,38962.21,38968.36,38943.79,38963.06,4.74006888,38946.35000000,38952.09000000,38931.76000000,38944.58000000,24.22345000,38972.24614476,38977.0,38961.0,38974.0,3.59212447,,,,,
2022-03-05 03:05,38963.06,39013.59,38960.45,39013.14,13.93145953,38944.58000000,38997.79000000,38944.58000000,38990.84000000,18.85402000,38971.0,39023.0,38971.0,39023.0,3.38941358,,,,,
2022-03-05 03:06,39008.78,39014.16,38985.27,39003.9,10.18075514,38990.85000000,38996.44000000,38973.09000000,38990.49000000,20.71971000,39022.43515551,39024.0,39007.70169744,39024.0,2.01546021,,,,,
2022-03-05 03:07,39005.12,39015.59,38981.27,38984.05,3.18488023,38990.48000000,38996.89000000,38967.98000000,38967.99000000,11.17182000,39023.0,39030.37165295,39008.0,39008.0,0.96065299,,,,,
2022-03-05 03:08,38984.0,38995.59,38976.8,38986.94,3.13976098,38967.98000000,38979.16000000,38961.79000000,38972.95000000,14.30389000,39003.91666149,39008.0,39003.0,39008.0,1.1281423,,,,,
2022-03-05 03:09,38986.91,38986.94,38968.35,38975.22,6.53628637,38972.96000000,38972.96000000,38956.47000000,38956.47000000,16.52272000,39008.0,39008.0,38996.0,38997.0,1.77559624,,,,,
2022-03-05 03:10,38975.17,38984.63,38954.27,38962.36,5.11139041,38956.47000000,38970.02000000,38944.91000000,38944.91000000,11.22234000,38997.50415973,39007.0,38984.0,38984.0,1.57408219,,,,,
2022-03-05 03:11,38959.94,38978.01,38942.46,38947.69,3.7670323,38944.91000000,38962.31000000,38934.12000000,38934.12000000,7.58808000,38984.0,39002.0,38976.0,38976.0,1.49820629,,,,,
2022-03-05 03:12,38945.12,38958.01,38923.38,38927.46,7.98286325,38934.12000000,38934.13000000,38909.16000000,38909.69000000,8.77618000,38975.0,38975.0,38948.0,38948.0,2.04479668,,,,,
2022-03-05 03:13,38927.44,38938.51,38900.94,38924.64,4.89311256,38909.70000000,38920.05000000,38891.57000000,38907.80000000,13.84335000,38946.0,38948.0,38929.0,38929.0,2.39149783,,,,,
2022-03-05 03:14,38924.64,38942.77,38920.44,38925.75,3.02320182,38907.80000000,38923.15000000,38907.79000000,38913.81000000,7.08875000,38929.97312343,38951.0,38929.97312343,38940.0,1.59954058,,,,,
2022-03-05 03:15,38926.31,38952.79,38925.03,38942.79,6.44201812,38913.81000000,38934.99000000,38913.78000000,38928.07000000,9.47672000,38940.0,38965.0,38940.0,38962.0,2.02435628,,,,,
2022-03-05 03:16,38939.97,38975.22,38939.42,38956.73,9.51596891,38928.08000000,38956.78000000,38928.07000000,38940.61000000,13.48458000,38962.0,38981.42724989,38962.0,38981.0,2.15364252,,,,,
2022-03-05 03:17,38955.84,38985.98,38953.11,38977.74,14.03424975,38940.61000000,38970.55000000,38940.61000000,38964.71000000,19.41542000,38981.42724989,38990.53643146,38981.42724989,38990.53643146,0.24222175,,,,,
2022-03-05 03:18,38979.82,39019.5,38979.15,38993.6,8.74441302,38964.71000000,38998.50000000,38963.56000000,38980.17000000,20.84783000,38990.0,39026.0,38990.0,39024.50410678,0.83691215,,,,,
2022-03-05 03:19,38993.54,39013.76,38993.25,39012.0,2.11485279,38980.17000000,38995.79000000,38980.16000000,38995.78000000,5.41305000,39024.0,39024.50410678,39024.0,39024.50410678,0.00045321,,,,,
2022-03-05 03:20,39011.99,39024.85,38968.41,38976.32,7.17788501,38995.79000000,39002.49000000,38956.69000000,38960.96000000,20.86987000,39026.0,39033.0,38998.0,38999.0,3.07087687,,,,,
2022-03-05 03:21,38976.32,39021.57,38974.32,39011.56,8.20019241,38960.96000000,39005.08000000,38960.96000000,38996.80000000,14.00869000,38995.0,39030.0,38995.0,39028.0,1.3397757399999999,,,,,
2022-03-05 03:22,39010.82,39018.0,38996.6,39004.7,2.33343953,38996.80000000,39002.04000000,38986.63000000,38991.11000000,9.87233000,39028.0,39028.0,39028.0,39028.0,0.17285968000000002,,,,,
2022-03-05 03:23,39006.51,39008.48,38990.0,39008.37,3.56793956,38991.11000000,38991.12000000,38975.82000000,38991.11000000,23.76436000,39028.0,39028.0,39016.0,39022.0,1.39774106,,,,,
2022-03-05 03:24,39008.41,39008.48,38974.79,38986.14,5.34809254,38991.11000000,38991.75000000,38961.31000000,38969.83000000,14.75271000,39025.0,39025.0,38991.0,39001.0,2.14710335,,,,,
2022-03-05 03:25,38984.85,39045.14,38984.85,39038.87,6.14360915,38969.84000000,39029.64000000,38969.83000000,39023.30000000,36.19116000,39018.0,39051.53564612,39018.0,39051.0,2.68361072,,,,,
2022-03-05 03:26,39035.65,39069.27,39027.01,39069.27,3.57057369,39023.30000000,39052.49000000,39016.26000000,39052.49000000,24.51787000,39051.0,39071.0,39051.0,39071.0,2.62131019,,,,,
2022-03-05 03:27,39064.39,39078.18,39049.58,39074.17,2.70880965,39052.48000000,39065.83000000,39039.18000000,39065.82000000,17.50714000,39071.37688971,39090.0,39071.37688971,39090.0,1.63987488,,,,,
2022-03-05 03:28,39074.16,39083.14,39030.9,39052.36,4.74674916,39065.82000000,39071.67000000,39020.41000000,39037.42000000,24.65651000,39091.0,39094.0,39054.0,39064.0,6.28275033,,,,,
2022-03-05 03:29,39053.04,39057.04,39031.6,39039.61,2.67894868,39037.41000000,39037.42000000,39016.53000000,39024.68000000,13.68538000,39067.0,39075.0,39059.0,39059.0,0.4371377,,,,,
2022-03-05 03:30,39043.26,39045.48,39021.86,39033.84,4.211037,39024.67000000,39031.32000000,39012.88000000,39018.56000000,8.76929000,39060.0,39070.0,39048.0,39048.0,9.45552981,,,,,
2022-03-05 03:31,39035.44,39053.1,39032.45,39051.38,14.50647594,39018.56000000,39031.32000000,39018.55000000,39031.31000000,10.62288000,39051.0,39066.0,39050.0,39066.0,0.13503684,,,,,
2022-03-05 03:32,39051.06,39079.62,39046.63,39079.62,2.27434255,39031.31000000,39057.18000000,39030.09000000,39057.17000000,8.71704000,39059.0,39082.0,39059.0,39082.0,0.9576823900000001,,,,,
2022-03-05 03:33,39078.09,39096.23,39071.22,39096.23,5.55906432,39057.18000000,39076.35000000,39057.17000000,39076.35000000,8.73753000,39084.0,39109.0,39084.0,39109.0,1.75414676,,,,,
2022-03-05 03:34,39095.98,39128.9,39078.38,39090.01,7.84361717,39076.34000000,39111.00000000,39066.77000000,39074.58000000,31.82944000,39106.23087576,39141.2634725,39106.23087576,39116.0,4.36636987,,,,,
2022-03-05 03:35,39088.13,39123.93,39084.13,39113.68,9.91041554,39074.58000000,39107.23000000,39072.78000000,39097.44000000,24.57072000,39110.0,39141.0,39107.0,39141.0,0.36667533,,,,,
2022-03-05 03:36,39114.11,39122.26,39109.59,39117.1,4.64671838,39097.45000000,39102.17000000,39094.64000000,39097.45000000,7.76734000,39138.0,39139.47162323,39132.0,39135.0,0.26605005,,,,,
2022-03-05 03:37,39116.31,39129.02,39100.36,39107.03,5.94717586,39097.46000000,39119.12000000,39083.13000000,39089.35000000,38.49102000,39137.97916655,39142.0,39116.0,39136.0,1.3441716799999999,,,,,
2022-03-05 03:38,39105.78,39115.74,39068.44,39108.9,8.2807227,39089.35000000,39096.20000000,39052.84000000,39093.80000000,27.19485000,39136.0,39136.0,39100.0,39119.0,2.51894364,,,,,
2022-03-05 03:39,39108.86,39115.74,39078.88,39079.33,4.14171086,39093.81000000,39102.16000000,39060.83000000,39060.83000000,14.10825000,39125.53616669,39125.53616669,39102.94656982,39102.94656982,1.28936157,,,,,
2022-03-05 03:40,39080.9,39091.65,39072.74,39087.27,4.10831557,39060.83000000,39074.76000000,39059.52000000,39071.14000000,16.25082000,39102.0,39108.0,39100.0,39108.0,1.04548324,,,,,
2022-03-05 03:41,39087.18,39098.27,39073.74,39094.61,4.08916919,39071.13000000,39082.34000000,39062.50000000,39074.26000000,13.63760000,39113.0,39114.0,39103.0,39110.0,1.99721938,,,,,
2022-03-05 03:42,39094.33,39095.02,39062.78,39071.8,8.48649214,39074.25000000,39074.26000000,39051.00000000,39054.22000000,18.22673000,39111.704719,39114.0,39093.0,39093.0,1.37221588,,,,,
2022-03-05 03:43,39068.96,39089.66,39067.5,39078.08,6.49019294,39054.23000000,39063.99000000,39051.14000000,39059.86000000,13.10348000,39093.0,39113.0,39084.3355028,39098.0,11.20572368,,,,,
2022-03-05 03:44,39078.08,39086.33,39075.41,39081.1,4.13177824,39059.87000000,39065.85000000,39059.86000000,39061.14000000,7.53149000,39098.0,39100.0,39094.18842063,39094.18842063,1.17437548,,,,,
2022-03-05 03:45,39080.09,39086.45,39070.51,39080.32,3.76443017,39061.14000000,39065.85000000,39059.00000000,39065.01000000,9.01087000,39095.0,39096.0,39095.0,39095.0,1.1293112299999999,,,,,
2022-03-05 03:46,39080.15,39100.0,39079.73,39087.42,6.14268209,39065.01000000,39086.80000000,39065.00000000,39074.06000000,10.49370000,39096.0,39114.0,39096.0,39114.0,0.87811947,,,,,
2022-03-05 03:47,39085.68,39088.0,39069.65,39072.04,2.71732615,39074.06000000,39074.07000000,39059.77000000,39059.77000000,22.19448000,39114.0,39114.0,39103.0,39103.0,0.3611807,,,,,
2022-03-05 03:48,39072.05,39072.05,39028.7,39028.7,7.74489081,39059.78000000,39059.78000000,39020.21000000,39020.21000000,88.94123000,39098.53621965,39098.53621965,39065.0,39065.0,0.31453749,,,,,
2022-03-05 03:49,39032.85,39057.96,39030.45,39054.99,2.54602672,39020.21000000,39041.78000000,39020.21000000,39039.53000000,7.18048000,39064.62966714,39073.0,39063.0,39072.0,1.0075651300000001,,,,,
2022-03-05 03:50,39057.55,39057.96,39039.04,39049.36,1.40324634,39039.53000000,39040.00000000,39025.19000000,39036.59000000,14.43129000,39071.0,39071.0,39071.0,39071.0,1.02783,,,,,
2022-03-05 03:51,39049.36,39061.51,39042.98,39054.68,2.49136044,39036.59000000,39044.40000000,39033.22000000,39038.63000000,13.78607000,39067.0,39073.0,39067.0,39073.0,0.59188101,,,,,
2022-03-05 03:52,39055.56,39063.62,39046.16,39046.51,4.71997116,39038.62000000,39045.87000000,39031.98000000,39031.98000000,10.60225000,39078.0,39080.0,39078.0,39078.0,0.263183,,,,,
2022-03-05 03:53,39048.51,39051.5,39040.0,39045.56,2.10701635,39031.99000000,39032.14000000,39026.22000000,39026.22000000,10.81185000,39069.0,39086.0,39069.0,39086.0,5.79221865,,,,,
2022-03-05 03:54,39047.16,39055.85,39040.0,39052.16,3.75786345,39026.22000000,39038.98000000,39022.38000000,39035.38000000,17.92815000,39069.0,39076.0,39069.0,39075.0,0.06906206000000001,,,,,
2022-03-05 03:55,39051.4,39059.64,39050.59,39051.82,0.94411359,39035.38000000,39043.19000000,39035.38000000,39040.26000000,6.19956000,39075.0,39082.0,39075.0,39081.0,0.11404465000000001,,,,,
2022-03-05 03:56,39052.56,39068.0,39052.56,39063.63,2.55932745,39040.26000000,39049.97000000,39040.26000000,39049.97000000,11.11559000,39081.0,39091.0,39081.0,39091.0,0.07019438,,,,,
2022-03-05 03:57,39063.63,39078.25,39055.04,39060.7,3.05601588,39049.96000000,39061.01000000,39049.06000000,39049.38000000,25.31230000,39092.0,39099.0,39092.0,39099.0,2.03500445,,,,,
2022-03-05 03:58,39059.62,39070.08,39059.61,39067.87,1.6447698,39049.38000000,39050.63000000,39045.01000000,39050.60000000,7.79448000,39091.0,39092.0,39091.0,39091.0,0.0051730000000000005,,,,,
2022-03-05 03:59,39067.88,39079.58,39063.09,39070.48,4.72779689,39050.61000000,39063.04000000,39050.60000000,39050.62000000,10.78225000,39091.0,39101.0,39091.0,39100.0,0.32133488,,,,,
2022-03-05 04:00,39070.48,39099.99,39068.39,39093.39,8.70389277,39050.61000000,39083.75000000,39050.61000000,39077.66000000,15.10206000,39094.0,39115.02762562,39094.0,39115.0,0.13122517,,,,,
2022-03-05 04:01,39093.39,39111.01,39093.38,39107.41,19.30295664,39077.67000000,39097.21000000,39077.66000000,39097.20000000,7.02169000,39115.0,39123.0,39115.0,39123.0,0.6080612,,,,,
2022-03-05 04:02,39108.53,39110.73,39044.84,39046.41,8.7671698,39097.21000000,39100.81000000,39035.54000000,39035.54000000,34.28694000,39124.0,39145.0,39091.0,39091.0,2.70858083,,,,,
2022-03-05 04:03,39046.4,39052.11,38966.02,38993.63,9.10704331,39035.54000000,39035.55000000,38956.62000000,38983.18000000,49.51310000,39079.3749669,39080.0,38998.0,39024.0,1.26559323,,,,,
2022-03-05 04:04,38995.52,39038.73,38988.29,39015.1,4.16004347,38983.18000000,39020.39000000,38980.95000000,39000.12000000,22.68792000,39021.11240594,39055.0,39014.0,39043.0,2.09583093,,,,,
2022-03-05 04:05,39014.25,39038.61,39006.46,39023.53,2.70833676,39000.11000000,39025.00000000,38991.43000000,39012.18000000,39.11982000,39036.0,39052.0,39035.0,39038.0,2.9078245,,,,,
2022-03-05 04:06,39025.04,39025.06,38995.03,39002.37,2.76575149,39012.18000000,39012.18000000,38982.91000000,38983.84000000,15.64435000,39042.0,39042.0,39016.0,39017.0,4.48694254,,,,,
2022-03-05 04:07,39002.37,39002.62,38976.47,38987.77,6.83237257,38983.84000000,38986.55000000,38963.35000000,38973.67000000,13.03405000,39018.0,39018.0,39007.70169744,39009.0,1.16170697,,,,,
2022-03-05 04:08,38988.95,39001.39,38977.83,38978.52,3.60939137,38973.66000000,38983.84000000,38965.49000000,38966.17000000,11.58817000,39009.0,39015.0,38995.65924231,38995.65924231,3.4619118199999996,,,,,
2022-03-05 04:09,38978.52,38996.75,38965.62,38965.62,6.22243839,38966.17000000,38981.55000000,38950.86000000,38950.87000000,14.54568000,39004.0,39012.0,38994.65741447,38994.65741447,0.96791925,,,,,
2022-03-05 04:10,38965.0,38973.16,38943.39,38954.89,9.48224718,38950.86000000,38951.95000000,38930.15000000,38942.42000000,17.25275000,38994.65741447,38994.65741447,38973.76386935,38979.0,0.82439135,,,,,
2022-03-05 04:11,38955.42,38969.53,38926.95,38944.04,5.584368,38942.42000000,38951.93000000,38915.31000000,38930.66000000,21.98033000,38984.0,38985.0,38958.0,38980.0,4.23260616,,,,,
2022-03-05 04:12,38943.58,38952.0,38918.01,38930.75,3.92140346,38930.66000000,38937.45000000,38914.93000000,38918.05000000,32.07964000,38964.0,38973.0,38952.0,38952.0,3.54501151,,,,,
2022-03-05 04:13,38929.1,38952.45,38923.71,38936.5,7.94750005,38918.05000000,38937.54000000,38910.25000000,38923.44000000,7.74900000,38952.96326504,38968.0,38952.0,38968.0,2.11054397,,,,,
2022-03-05 04:14,38935.53,38948.51,38927.02,38946.9,4.78923405,38923.43000000,38932.90000000,38921.18000000,38929.22000000,4.22534000,38960.05262028,38961.72141422,38951.0,38961.0,1.3124723,,,,,
2022-03-05 04:15,38945.2,38948.28,38907.0,38922.29,7.57414585,38929.22000000,38933.78000000,38902.92000000,38913.00000000,22.45644000,38961.0,38965.0,38946.0,38946.0,3.01357952,,,,,
2022-03-05 04:16,38925.0,38954.62,38925.0,38929.62,5.58327149,38910.91000000,38940.17000000,38910.91000000,38916.99000000,8.65518000,38949.0,38976.0,38949.0,38965.0,2.32332746,,,,,
2022-03-05 04:17,38927.23,38944.94,38926.63,38929.76,6.71077913,38916.99000000,38929.14000000,38915.99000000,38917.21000000,10.85469000,38965.0,38967.0,38956.0,38958.0,0.73466289,,,,,
2022-03-05 04:18,38933.63,38949.69,38923.12,38923.12,7.38213183,38917.20000000,38939.88000000,38916.04000000,38916.04000000,10.46928000,38960.0,38968.0,38958.0,38958.0,4.10730256,,,,,
2022-03-05 04:19,38924.34,38931.79,38914.52,38916.5,3.19491789,38916.05000000,38916.05000000,38902.92000000,38902.93000000,20.18278000,38958.0,38958.0,38950.0,38950.47199391,0.52811283,,,,,
2022-03-05 04:20,38916.5,38928.87,38912.87,38917.9,4.84212946,38902.93000000,38910.00000000,38902.92000000,38903.71000000,18.98408000,38950.0,38951.0,38950.0,38950.0,0.98554201,,,,,
2022-03-05 04:21,38918.79,38932.26,38911.69,38916.89,7.07264154,38903.72000000,38916.03000000,38903.71000000,38907.32000000,10.40239000,38945.0,38951.0,38945.0,38951.0,0.02489326,,,,,
2022-03-05 04:22,38916.87,38922.53,38896.53,38900.22,6.72353462,38907.32000000,38907.32000000,38889.07000000,38893.50000000,11.44679000,38951.0,38951.0,38929.0,38937.0,1.69534694,,,,,
2022-03-05 04:23,38901.27,38928.16,38894.3,38905.07,12.63536894,38893.50000000,38915.89000000,38891.10000000,38894.63000000,12.18960000,38933.0,38947.0,38933.0,38935.0,2.42372106,,,,,
2022-03-05 04:24,38902.92,38912.96,38888.0,38902.03,4.32597389,38894.62000000,38902.37000000,38883.00000000,38894.96000000,15.44877000,38931.0,38945.0,38924.49928019,38926.0,1.86819636,,,,,
2022-03-05 04:25,38900.6,38910.77,38891.43,38894.28,3.46110056,38894.97000000,38897.38000000,38887.95000000,38887.95000000,9.30941000,38926.0,38926.0,38915.0,38925.0,3.83235559,,,,,
2022-03-05 04:26,38894.84,38902.03,38888.57,38901.77,4.22322345,38887.95000000,38895.83000000,38883.00000000,38895.83000000,9.77293000,38925.0,38934.0,38911.0,38922.0,6.94088818,,,,,
2022-03-05 04:27,38901.77,38901.77,38874.98,38888.47,28.19518921,38895.82000000,38895.83000000,38887.05000000,38887.05000000,5.77248000,38924.0,38924.0,38924.0,38924.0,1.7203496600000001,,,,,
2022-03-05 04:28,38887.63,38893.33,38887.63,38892.93,1.0755137,38887.05000000,38887.47000000,38887.05000000,38887.06000000,7.44086000,38924.0,38925.0,38924.0,38925.0,0.12579595999999998,,,,,
2022-03-05 04:29,38892.8,38899.51,38873.34,38888.41,2.05027493,38887.06000000,38895.15000000,38870.00000000,38883.35000000,30.51145000,38924.0,38924.0,38913.0,38913.0,0.33600599,,,,,
2022-03-05 04:30,38889.74,38905.32,38874.66,38897.45,3.38162062,38883.35000000,38893.32000000,38870.16000000,38890.39000000,6.07033000,38913.0,38928.0,38913.0,38928.0,0.61820927,,,,,
2022-03-05 04:31,38897.45,38913.65,38888.0,38901.44,6.01501542,38890.40000000,38906.00000000,38890.07000000,38898.47000000,20.92885000,38924.5516871,38934.0,38924.0,38934.0,0.08137662,,,,,
2022-03-05 04:32,38905.0,38936.94,38905.0,38929.83,3.41511808,38898.46000000,38930.52000000,38898.46000000,38924.67000000,11.91705000,38938.0,38967.0,38938.0,38965.27841649,0.14621683000000002,,,,,
2022-03-05 04:33,38931.24,38940.01,38909.86,38924.46,3.50827557,38924.67000000,38932.10000000,38905.62000000,38916.53000000,10.92115000,38965.0,38966.0,38940.0,38940.0,1.0038185,,,,,
2022-03-05 04:34,38923.29,38923.31,38804.79,38834.69,12.22431088,38916.52000000,38916.53000000,38800.00000000,38826.05000000,41.29430000,38940.0,38941.0,38835.8230197,38854.0,2.20933449,,,,,
2022-03-05 04:35,38833.9,38834.94,38748.05,38758.17,15.73304951,38826.04000000,38827.23000000,38743.70000000,38755.73000000,56.79970000,38862.50442451,38862.50442451,38777.0,38784.0,5.28138405,,,,,
2022-03-05 04:36,38761.52,38807.32,38728.27,38807.32,18.22421315,38755.74000000,38803.30000000,38727.00000000,38803.29000000,35.94914000,38785.0,38811.0,38744.95722192,38809.0,10.71802267,,,,,
2022-03-05 04:37,38807.32,38846.7,38806.75,38846.57,1.6164072,38803.29000000,38839.62000000,38803.29000000,38838.90000000,14.50010000,38827.0,38864.0,38827.0,38857.0,1.64669955,,,,,
2022-03-05 04:38,38846.61,38935.9,38846.61,38935.9,7.91376513,38838.90000000,38937.94000000,38838.89000000,38936.92000000,26.35059000,38877.0,38946.0,38877.0,38946.0,1.49702586,,,,,
2022-03-05 04:39,38935.9,38951.22,38912.41,38919.97,6.06696299,38936.93000000,38939.39000000,38912.38000000,38912.38000000,10.11452000,38953.0,38961.0,38952.0,38953.0,0.60362898,,,,,
2022-03-05 04:40,38915.06,38935.9,38900.29,38931.64,4.63852696,38912.39000000,38928.45000000,38898.02000000,38922.49000000,24.41661000,38953.0,38964.0,38948.0,38964.0,0.44758185,,,,,
2022-03-05 04:41,38931.65,38958.59,38917.91,38956.87,10.44566645,38922.49000000,38950.00000000,38919.59000000,38949.99000000,12.62639000,38961.0,38966.0,38944.0,38966.0,0.28111101,,,,,
2022-03-05 04:42,38953.01,38956.87,38900.92,38939.38,16.28008851,38950.00000000,38950.00000000,38904.40000000,38936.99000000,19.08860000,38975.0,38986.0,38944.20511585,38957.34233963,1.45803082,,,,,
2022-03-05 04:43,38939.35,38952.07,38900.17,38911.14,17.20233642,38936.99000000,38945.71000000,38900.00000000,38904.30000000,8.82323000,38978.0,38978.0,38941.0,38941.0,2.9065404,,,,,
2022-03-05 04:44,38904.92,38926.07,38885.36,38921.35,5.14212425,38904.30000000,38917.61000000,38885.55000000,38915.84000000,10.98053000,38941.0,38941.0,38932.0,38939.0,0.592944,,,,,
2022-03-05 04:45,38921.35,38923.97,38858.97,38858.97,5.83105117,38915.84000000,38918.47000000,38854.68000000,38854.68000000,14.24725000,38955.0,38966.0,38909.0,38909.0,5.75521419,,,,,
2022-03-05 04:46,38858.99,38892.35,38856.78,38864.03,3.82545033,38854.68000000,38882.55000000,38853.51000000,38864.73000000,12.52763000,38908.07775047,38925.0,38899.31960129,38908.0,0.0148923,,,,,
2022-03-05 04:47,38866.55,38875.98,38843.1,38848.65,4.78895784,38864.74000000,38867.84000000,38845.60000000,38845.71000000,24.55420000,38904.0,38904.0,38871.95038508,38890.0,0.85236557,,,,,
2022-03-05 04:48,38848.65,38883.97,38844.05,38862.16,1.62580114,38845.72000000,38872.69000000,38839.99000000,38855.00000000,39.73357000,38876.32945968,38886.0,38876.32945968,38886.0,0.67976292,,,,,
2022-03-05 04:49,38862.15,38873.18,38850.23,38851.39,3.46224913,38855.00000000,38860.10000000,38845.90000000,38845.92000000,7.88321000,38892.0,38892.0,38887.0,38888.0,0.02,,,,,
2022-03-05 04:50,38851.39,38858.78,38807.85,38814.97,3.99889883,38845.92000000,38845.92000000,38800.00000000,38802.01000000,28.90553000,38887.76243949,38887.76243949,38840.0,38843.0,1.4664322300000001,,,,,
2022-03-05 04:51,38814.96,38847.7,38710.03,38774.58,22.78336363,38802.01000000,38831.84000000,38407.59000000,38734.22000000,567.39436000,38842.0,38861.0,38787.0,38787.0,36.75298985,,,,,
2022-03-05 04:52,38772.65,38853.34,38720.11,38853.34,42.12142626,38734.22000000,38845.91000000,38700.00000000,38845.89000000,152.31323000,38789.0,38869.0,38769.0,38864.0,20.87815745,,,,,
2022-03-05 04:53,38853.34,38864.65,38837.33,38840.95,8.54090794,38845.91000000,38850.00000000,38831.29000000,38831.29000000,24.72327000,38864.0,38871.0,38855.0,38869.0,3.61462975,,,,,
2022-03-05 04:54,38840.95,38845.83,38780.21,38811.6,12.03683913,38831.30000000,38834.19000000,38772.32000000,38801.26000000,27.29514000,38869.76084779,38869.76084779,38812.11797339,38823.0,3.50019404,,,,,
2022-03-05 04:55,38810.19,38845.25,38809.73,38845.25,4.39299259,38801.25000000,38828.19000000,38801.25000000,38828.19000000,46.45341000,38823.0,38852.0,38823.0,38847.0,1.21885872,,,,,
2022-03-05 04:56,38845.37,38860.93,38812.47,38860.15,7.87679327,38828.18000000,38843.73000000,38801.26000000,38843.73000000,21.59396000,38847.0,38867.0,38832.0,38865.0,1.47901526,,,,,
2022-03-05 04:57,38860.14,38876.2,38853.02,38864.08,4.8259197,38843.73000000,38861.60000000,38843.72000000,38850.00000000,15.49778000,38870.0,38882.89807157,38870.0,38882.89807157,2.1331663,,,,,
2022-03-05 04:58,38864.09,38879.5,38863.73,38879.5,1.5375605,38849.99000000,38862.76000000,38849.99000000,38862.75000000,5.55742000,38882.89807157,38891.0,38882.0,38891.0,0.17129740999999998,,,,,
2022-03-05 04:59,38878.6,38879.5,38848.26,38876.0,16.35440399,38862.76000000,38863.60000000,38839.53000000,38856.33000000,19.83029000,38891.48294777,38896.03529534,38873.04515373,38889.0,0.90650393,,,,,
2022-03-05 05:00,38873.29,38876.0,38857.66,38874.5,5.17963307,38856.32000000,38867.09000000,38849.00000000,38863.91000000,10.59768000,38894.0,38895.0,38888.0,38895.0,0.47777326000000003,,,,,
2022-03-05 05:01,38874.35,38888.05,38857.42,38861.0,3.84198151,38863.90000000,38875.18000000,38849.00000000,38854.19000000,12.49978000,38898.0,38899.0,38895.0,38895.0,1.15048289,,,,,
2022-03-05 05:02,38862.41,38871.69,38845.73,38862.4,4.18353678,38854.19000000,38855.75000000,38841.32000000,38849.09000000,12.11406000,38889.0,38889.0,38881.0,38882.0,0.94033215,,,,,
2022-03-05 05:03,38861.03,38868.43,38842.99,38843.36,2.71469721,38849.09000000,38854.98000000,38836.37000000,38836.37000000,8.92762000,38882.0,38883.0,38880.0,38880.0,1.3556806000000001,,,,,
2022-03-05 05:04,38843.32,38857.03,38835.16,38845.46,2.58168328,38836.38000000,38845.79000000,38827.51000000,38834.23000000,12.54334000,38878.0,38878.0,38867.0,38869.0,0.30781572,,,,,
2022-03-05 05:05,38844.24,38845.46,38811.6,38820.9,3.06104178,38834.23000000,38834.23000000,38801.40000000,38807.98000000,10.02423000,38866.0,38866.0,38839.0,38845.0,0.7959907,,,,,
2022-03-05 05:06,38818.14,38839.22,38818.02,38838.04,2.35918146,38807.99000000,38824.24000000,38807.85000000,38824.24000000,15.80746000,38843.0,38857.0,38843.0,38857.0,0.24758729999999998,,,,,
2022-03-05 05:07,38837.48,38944.84,38833.56,38893.94,9.14031765,38824.23000000,38933.88000000,38824.23000000,38883.36000000,47.05621000,38857.0,38957.0,38857.0,38906.0,5.50567333,,,,,
2022-03-05 05:08,38895.19,38920.39,38889.16,38889.17,3.45172981,38883.35000000,38906.67000000,38880.05000000,38880.62000000,15.76298000,38918.0,38937.0,38914.0,38936.53653737,0.00623412,,,,,
2022-03-05 05:09,38893.15,38922.44,38885.41,38897.43,3.32754117,38880.63000000,38905.41000000,38875.00000000,38885.85000000,11.38994000,38924.0,38934.0,38913.0,38914.0,1.09066474,,,,,
2022-03-05 05:10,38897.33,38908.06,38860.77,38897.95,8.28933656,38885.85000000,38885.86000000,38852.65000000,38880.38000000,15.98562000,38919.0,38921.0,38894.0,38906.0,1.58161248,,,,,
2022-03-05 05:11,38894.79,38899.87,38887.56,38891.1,2.2308773,38880.38000000,38880.39000000,38878.80000000,38880.38000000,6.66549000,38915.0,38916.0,38915.0,38916.0,0.00017021,,,,,
2022-03-05 05:12,38891.1,38895.74,38876.0,38883.19,2.13365466,38880.39000000,38880.39000000,38862.40000000,38866.87000000,8.74165000,38916.0,38916.0,38902.0,38905.0,0.82999597,,,,,
2022-03-05 05:13,38880.25,38906.53,38852.18,38854.9,5.16399971,38866.87000000,38891.65000000,38840.00000000,38840.00000000,20.21258000,38908.0,38929.0,38886.0,38886.0,1.66951464,,,,,
2022-03-05 05:14,38851.72,38878.66,38851.72,38862.03,2.53841273,38840.01000000,38857.21000000,38835.31000000,38844.61000000,9.52153000,38886.89147345,38887.0,38886.89147345,38887.0,0.40138345000000003,,,,,
2022-03-05 05:15,38862.02,38862.03,38809.99,38835.75,31.41282536,38844.60000000,38844.61000000,38806.77000000,38821.72000000,24.06802000,38888.0,38888.0,38851.0,38855.0,1.4751132200000001,,,,,
2022-03-05 05:16,38835.75,38850.2,38825.5,38850.2,1.37819711,38821.73000000,38836.20000000,38818.35000000,38836.20000000,10.03084000,38852.0,38860.0,38850.0,38860.0,1.45984327,,,,,
2022-03-05 05:17,38845.09,38862.7,38842.9,38858.76,2.58763231,38836.19000000,38844.61000000,38832.13000000,38843.18000000,7.42663000,38867.0,38872.0,38867.0,38872.0,2.54691753,,,,,
2022-03-05 05:18,38858.69,38915.22,38858.69,38903.13,9.77592875,38843.18000000,38902.49000000,38843.17000000,38890.84000000,19.83971000,38879.0,38931.16543497,38879.0,38931.16543497,2.20865662,,,,,
2022-03-05 05:19,38900.74,38932.49,38900.74,38926.23,5.03268508,38890.83000000,38921.79000000,38890.83000000,38918.26000000,45.97066000,38931.16543497,38949.0,38931.16543497,38949.0,0.019304250000000002,,,,,
2022-03-05 05:20,38930.45,38942.74,38905.44,38917.92,4.67875063,38918.26000000,38931.03000000,38898.67000000,38901.78000000,8.99603000,38949.0,38953.95585805,38933.0,38937.0,1.96540601,,,,,
2022-03-05 05:21,38917.92,38947.56,38917.92,38940.0,19.86340621,38901.78000000,38931.75000000,38901.78000000,38929.42000000,17.97358000,38937.0,38967.0,38937.0,38967.0,3.64314659,,,,,
2022-03-05 05:22,38943.61,38947.5,38931.07,38936.94,9.28713499,38929.42000000,38929.43000000,38920.67000000,38926.51000000,6.66120000,38963.0,38968.0,38962.0,38963.0,0.99481668,,,,,
2022-03-05 05:23,38936.93,38941.57,38921.28,38940.25,1.69565791,38926.52000000,38926.52000000,38912.51000000,38925.57000000,6.37774000,38963.0,38964.0,38960.0,38960.0,0.31499825000000004,,,,,
2022-03-05 05:24,38940.27,38948.47,38916.04,38920.42,5.03321257,38925.56000000,38935.83000000,38905.86000000,38909.41000000,13.01941000,38962.0,38968.0,38946.0,38946.0,1.31413452,,,,,
2022-03-05 05:25,38921.91,38930.04,38905.09,38926.44,2.58343434,38909.41000000,38917.17000000,38891.01000000,38913.16000000,13.96178000,38949.0,38953.0,38937.0,38950.0,0.59107372,,,,,
2022-03-05 05:26,38926.42,38955.83,38923.35,38949.11,6.21353355,38913.15000000,38948.38000000,38913.15000000,38934.26000000,36.32400000,38951.0,38973.0,38951.0,38973.0,6.85975475,,,,,
2022-03-05 05:27,38949.68,38965.17,38944.16,38947.89,3.4913909,38934.26000000,38948.23000000,38932.49000000,38936.93000000,7.56995000,38974.0,38992.0,38974.0,38974.0,1.51979519,,,,,
2022-03-05 05:28,38947.89,38947.89,38922.23,38931.7,4.53633676,38936.93000000,38936.94000000,38912.30000000,38918.44000000,13.94907000,38974.0,38974.0,38961.0,38961.0,1.04866696,,,,,
2022-03-05 05:29,38931.7,38943.0,38920.4,38930.38,1.15072018,38918.44000000,38923.77000000,38909.41000000,38913.57000000,5.55576000,38962.0,38962.0,38962.0,38962.0,0.0212548,,,,,
2022-03-05 05:30,38931.28,38932.97,38920.68,38925.24,1.61208801,38913.56000000,38916.55000000,38910.45000000,38910.45000000,3.85994000,38962.0,38962.66551839,38962.0,38962.66551839,0.03856292,,,,,
2022-03-05 05:31,38925.21,38934.1,38920.93,38924.83,1.57328184,38910.46000000,38919.81000000,38910.45000000,38912.25000000,6.35144000,38963.0,38963.0,38962.0,38962.66551839,0.059679079999999995,,,,,
2022-03-05 05:32,38927.39,38933.72,38914.71,38922.08,0.94360642,38912.26000000,38918.56000000,38904.88000000,38909.36000000,5.06429000,38962.0,38962.0,38953.0,38953.0,1.10649537,,,,,
2022-03-05 05:33,38924.78,38947.49,38913.29,38940.31,11.42392748,38909.36000000,38926.50000000,38898.87000000,38924.14000000,16.51787000,38953.95585805,38961.0,38935.0,38961.0,1.7929617899999999,,,,,
2022-03-05 05:34,38935.29,38964.45,38935.28,38952.18,8.89356914,38924.14000000,38943.32000000,38918.74000000,38933.75000000,16.24682000,38964.0,38982.69773716,38964.0,38978.0,0.12959584,,,,,
2022-03-05 05:35,38952.18,38979.13,38946.02,38970.0,3.72850941,38933.75000000,38956.39000000,38933.75000000,38953.46000000,12.01353000,38981.0,38987.0,38981.0,38987.0,0.013869429999999999,,,,,
2022-03-05 05:36,38970.0,38979.14,38966.04,38973.99,2.92613403,38953.47000000,38976.35000000,38953.46000000,38963.21000000,38.85999000,38992.01191533,39000.0,38992.01191533,38999.2460918,0.054308,,,,,
2022-03-05 05:37,38978.52,38981.73,38953.9,38962.31,2.93056516,38963.21000000,38963.21000000,38941.37000000,38945.01000000,12.62495000,39000.0,39000.0,38993.0,38993.0,0.38136791000000003,,,,,
2022-03-05 05:38,38962.11,38962.11,38926.76,38932.35,4.49747429,38945.02000000,38950.00000000,38920.00000000,38920.11000000,23.31579000,38993.0,38993.0,38966.0,38974.0,0.65805749,,,,,
2022-03-05 05:39,38930.11,38935.24,38917.78,38929.5,3.5165992,38920.11000000,38920.12000000,38905.76000000,38917.29000000,12.08724000,38967.0,38967.0,38960.0,38960.0,0.76774595,,,,,
2022-03-05 05:40,38930.15,38942.97,38921.1,38942.97,5.03416119,38917.28000000,38931.12000000,38913.06000000,38930.33000000,26.71696000,38960.62664557,38962.66551839,38960.0,38961.0,0.07955580999999999,,,,,
2022-03-05 05:41,38942.97,38957.03,38930.49,38947.09,1.56409402,38930.33000000,38948.00000000,38926.60000000,38936.25000000,16.27221000,38965.0,38973.0,38965.0,38973.0,0.00208089,,,,,
2022-03-05 05:42,38947.0,38948.26,38929.42,38933.93,1.74425361,38936.25000000,38936.68000000,38924.57000000,38924.65000000,6.87948000,38973.0,38973.98807682,38973.0,38973.0,0.0022976800000000003,,,,,
2022-03-05 05:43,38933.93,38933.93,38889.85,38899.26,23.52634143,38924.66000000,38924.66000000,38883.19000000,38888.03000000,55.89526000,38973.0,38973.0,38920.0,38920.0,1.32866715,,,,,
2022-03-05 05:44,38896.43,38906.7,38889.52,38895.13,1.94194334,38888.03000000,38890.69000000,38877.44000000,38881.48000000,22.36708000,38924.0,38931.0,38924.0,38930.0,0.8060495,,,,,
2022-03-05 05:45,38891.91,38917.41,38881.28,38892.51,3.40417441,38881.49000000,38901.74000000,38872.20000000,38879.82000000,29.99370000,38931.0,38931.0,38909.0,38916.0,1.39078223,,,,,
2022-03-05 05:46,38892.51,38931.3,38891.56,38924.78,2.80389307,38879.82000000,38918.39000000,38879.82000000,38914.25000000,33.97269000,38916.0,38946.0,38916.0,38946.0,0.25153326,,,,,
2022-03-05 05:47,38921.48,38954.53,38916.99,38943.47,0.81423753,38914.25000000,38938.02000000,38910.42000000,38935.83000000,16.72088000,38947.0,38973.0,38947.0,38966.0,0.03241959,,,,,
2022-03-05 05:48,38946.8,38977.49,38941.46,38960.98,2.72458889,38935.83000000,38973.90000000,38931.43000000,38953.20000000,70.88564000,38972.0,38998.0,38972.0,38991.0,0.08762360999999999,,,,,
2022-03-05 05:49,38960.98,38977.48,38946.16,38966.22,4.12983875,38953.20000000,38976.28000000,38941.93000000,38954.13000000,40.21936000,38990.0,39001.0,38984.0,38984.0,0.13528117,,,,,
2022-03-05 05:50,38966.23,38975.64,38947.04,38970.09,1.51520924,38954.14000000,38962.52000000,38941.93000000,38956.33000000,11.96350000,38983.0,38994.0,38983.0,38994.0,0.00013805,,,,,
2022-03-05 05:51,38968.65,38977.33,38958.01,38960.99,1.14055209,38956.34000000,38959.41000000,38950.00000000,38950.00000000,5.23520000,38988.0,38999.0,38988.0,38999.0,0.29707053,,,,,
2022-03-05 05:52,38957.96,38970.91,38949.49,38950.13,2.50128352,38950.00000000,38953.08000000,38941.01000000,38941.02000000,9.29093000,38991.0,38996.6331937,38989.0,38989.0,0.4048684,,,,,
2022-03-05 05:53,38952.36,38957.3,38925.21,38936.63,3.35098181,38941.01000000,38941.02000000,38913.55000000,38922.58000000,15.05967000,38985.0,38989.66546543,38955.0,38956.0,1.66850928,,,,,
2022-03-05 05:54,38936.63,38936.63,38907.19,38917.5,2.49790086,38922.58000000,38922.59000000,38897.75000000,38908.63000000,14.92377000,38961.0,38961.0,38942.0,38942.0,1.25591753,,,,,
2022-03-05 05:55,38922.98,38945.5,38919.54,38932.74,4.46467152,38908.62000000,38925.93000000,38908.62000000,38923.18000000,7.05656000,38949.0,38967.0,38949.0,38967.0,0.900705,,,,,
2022-03-05 05:56,38932.94,38971.16,38931.91,38969.6,2.85529251,38923.17000000,38953.08000000,38923.07000000,38953.07000000,10.27386000,38963.0,38988.0,38961.0,38981.0,0.49412613,,,,,
2022-03-05 05:57,38968.57,38983.12,38960.73,38974.56,2.61531587,38953.07000000,38967.33000000,38951.21000000,38955.11000000,10.12059000,38984.0,39000.0,38984.0,38996.0,0.62006627,,,,,
2022-03-05 05:58,38971.58,38984.92,38968.77,38976.22,2.60930319,38955.11000000,38973.32000000,38954.80000000,38959.71000000,15.35406000,38991.0,39008.0,38991.0,39008.0,0.79042515,,,,,
2022-03-05 05:59,38978.26,39028.96,38968.24,39022.15,7.99118486,38959.71000000,39021.62000000,38956.00000000,39007.05000000,35.32670000,39004.0,39051.0,39004.0,39051.0,2.17311562,,,,,
2022-03-05 06:00,39024.6,39052.1,39008.41,39013.81,5.10419929,39007.06000000,39039.99000000,38998.32000000,39002.06000000,136.19037000,39051.49244336,39084.0,39048.0,39050.0,0.81935982,39000.0,39019.9,39000.0,39019.9,0.34245669
2022-03-05 06:01,39014.76,39057.56,39010.71,39056.92,3.32842634,39002.06000000,39036.47000000,38999.62000000,39036.47000000,13.70025000,39060.25059254,39066.0,39060.25059254,39062.0,0.043904490000000004,39019.9,39032.0,39019.9,39032.0,0.32703651
2022-03-05 06:02,39056.68,39058.3,39017.75,39021.39,5.56545267,39036.47000000,39039.37000000,39004.26000000,39005.82000000,10.33439000,39070.0,39071.0,39044.0,39047.0,0.49573489,39033.6,39033.6,39033.6,39033.6,1.00876713
2022-03-05 06:03,39020.49,39020.5,39000.0,39016.42,5.71182853,39005.83000000,39005.83000000,38985.12000000,39000.00000000,18.24125000,39047.0,39047.0,39020.0,39028.0,0.79617042,39033.6,39033.6,39000.4,39010.1,13.85224509
2022-03-05 06:04,39016.39,39027.97,38988.92,38997.74,8.21848562,38999.99000000,39007.12000000,38981.68000000,38982.37000000,18.65495000,39030.0,39030.0,39016.0,39016.0,0.39213769,39012.8,39012.8,39006.3,39006.3,0.29689031000000005
2022-03-05 06:05,38997.71,39011.97,38958.64,39011.97,5.1802283,38982.91000000,38993.80000000,38952.00000000,38993.80000000,25.16809000,39021.0,39021.0,38990.0,39015.0,0.6084407900000001,39006.3,39010.6,38971.1,39010.6,1.06013302
2022-03-05 06:06,39011.97,39031.25,39002.66,39015.03,1.8145143,38993.80000000,39013.50000000,38993.76000000,39003.47000000,19.65810000,39016.0,39045.0,39016.0,39034.0,1.42195245,39010.1,39021.3,39010.1,39021.2,0.12953333
2022-03-05 06:07,39015.02,39044.29,39012.07,39044.29,5.32441373,39003.47000000,39025.22000000,39001.10000000,39025.21000000,19.25391000,39039.0,39061.0,39039.0,39049.0,1.00770031,39019.9,39033.3,39019.9,39033.3,0.22407209
2022-03-05 06:08,39044.29,39069.92,39026.9,39060.01,7.30428133,39025.21000000,39056.28000000,39014.90000000,39044.66000000,14.03536000,39059.0,39080.0,39055.0,39080.0,0.04310142,39033.4,39047.0,39031.3,39047.0,0.09691174
2022-03-05 06:09,39060.0,39060.01,39022.22,39022.23,2.59954858,39044.67000000,39044.67000000,39008.82000000,39008.83000000,10.56513000,39072.0,39078.0,39052.0,39052.0,0.81371439,39049.2,39049.2,39038.7,39038.7,0.25975469
2022-03-05 06:10,39014.04,39045.46,39012.25,39041.37,2.64670593,39008.83000000,39026.18000000,39000.00000000,39026.18000000,13.40396000,39045.0,39062.0,39032.0,39054.0,0.5665629600000001,39038.6,39038.6,39016.1,39031.2,0.04199288
2022-03-05 06:11,39042.39,39065.73,39042.32,39063.97,2.11652157,39026.17000000,39053.96000000,39026.17000000,39053.95000000,11.21755000,39061.0,39083.0,39061.0,39083.0,0.25551459,39036.9,39042.8,39036.5,39042.8,0.51155201
2022-03-05 06:12,39064.95,39100.0,39061.76,39095.35,4.70452105,39053.96000000,39090.01000000,39049.98000000,39085.98000000,34.63440000,39084.0,39129.02003083,39084.0,39129.02003083,0.7961049,39043.9,39081.0,39043.9,39081.0,1.04481263
2022-03-05 06:13,39096.67,39101.89,39078.39,39099.86,1.73718687,39085.98000000,39089.06000000,39073.56000000,39089.06000000,10.42238000,39124.0,39128.0,39118.0,39121.0,0.10522021,39082.4,39095.0,39082.4,39095.0,1.0237236699999999
2022-03-05 06:14,39100.16,39101.91,39065.98,39093.71,7.93648912,39089.05000000,39089.06000000,39057.61000000,39080.85000000,16.51929000,39121.0,39123.0,39098.0,39123.0,10.623576139999999,39093.6,39093.6,39069.9,39069.9,0.024889750000000002
2022-03-05 06:15,39090.88,39115.66,39079.63,39087.28,10.10666761,39080.84000000,39104.62000000,39069.88000000,39071.36000000,65.17385000,39111.0,39133.0,39111.0,39132.0,0.75149175,39069.9,39079.9,39069.9,39079.8,0.03770751
2022-03-05 06:16,39085.57,39085.57,39054.44,39068.64,2.70756213,39071.35000000,39071.36000000,39036.03000000,39051.34000000,16.56630000,39118.27333089,39118.27333089,39077.99063758,39091.0,0.38379346999999997,39077.1,39077.1,39060.9,39060.9,4.30778996
2022-03-05 06:17,39068.64,39076.17,39037.14,39055.07,4.36802688,39051.34000000,39068.73000000,39022.97000000,39038.68000000,28.82793000,39086.0,39093.0,39073.0,39080.0,1.14162762,39046.1,39046.1,39042.9,39042.9,0.04920973
2022-03-05 06:18,39052.94,39071.01,39046.06,39052.23,3.66805304,39038.67000000,39050.00000000,39032.22000000,39040.44000000,10.77791000,39074.0,39090.0,39074.0,39079.0,0.27035521,39044.4,39053.0,39044.4,39047.7,0.28680302
2022-03-05 06:19,39057.97,39077.99,39051.1,39062.6,3.86865743,39041.18000000,39058.80000000,39037.16000000,39042.37000000,9.41935000,39081.0,39090.0,39081.0,39089.0,0.6145020800000001,39053.2,39053.3,39053.2,39053.2,0.06321671
2022-03-05 06:20,39062.63,39074.17,39002.01,39014.55,8.89033984,39042.37000000,39056.49000000,38991.00000000,39000.00000000,29.24664000,39092.0,39093.0,39042.73429418,39042.73429418,1.41764384,39053.3,39059.1,39042.8,39042.8,0.09884375999999999
2022-03-05 06:21,39020.09,39043.87,39015.72,39026.65,4.51352421,38999.99000000,39028.21000000,38999.99000000,39009.28000000,10.80416000,39041.0,39052.0,39041.0,39049.0,0.28015261,39012.9,39025.0,39012.9,39025.0,0.0007561400000000001
2022-03-05 06:22,39025.91,39034.91,39001.39,39002.41,2.50934335,39009.27000000,39019.99000000,38991.01000000,38991.02000000,18.99838000,39049.0,39049.0,39021.0,39022.0,0.7742359799999999,,,,,0.0
2022-03-05 06:23,39002.41,39019.43,39000.11,39015.27,2.79422468,38991.01000000,39000.00000000,38990.88000000,38996.67000000,5.52598000,39021.0,39036.0,39021.0,39027.0,1.2987095100000001,39015.3,39015.3,39009.0,39009.0,0.0365342
2022-03-05 06:24,39015.28,39034.91,39011.55,39032.32,1.58948885,38996.68000000,39019.05000000,38996.67000000,39014.59000000,15.44563000,39032.0,39046.0,39032.0,39043.0,1.13159452,39008.8,39011.9,39008.8,39011.9,0.02155149
2022-03-05 06:25,39030.5,39039.73,39029.18,39033.68,2.38513093,39014.60000000,39023.17000000,39014.59000000,39021.21000000,12.01680000,39051.0,39051.0,39044.92189825,39044.92189825,1.12130931,39014.4,39014.4,39014.4,39014.4,0.007674810000000001
2022-03-05 06:26,39037.25,39055.71,39026.8,39026.8,4.47351144,39021.22000000,39038.77000000,39019.32000000,39020.81000000,10.43690000,39049.0,39052.0,39049.0,39052.0,0.30280893,39014.3,39033.7,39014.3,39033.7,0.20172332999999998
2022-03-05 06:27,39028.78,39030.63,38987.24,38998.07,8.59536168,39020.80000000,39020.81000000,38978.15000000,38980.67000000,23.59302000,39055.0,39063.0,39014.0,39014.0,3.13803775,39028.9,39028.9,39006.6,39014.8,0.22244045
2022-03-05 06:28,38999.83,39020.1,38999.83,39014.42,2.60242007,38980.67000000,39000.91000000,38980.66000000,39000.11000000,10.15258000,39031.0,39035.0,39026.0,39026.0,0.81359876,39009.0,39009.0,38997.1,39001.0,0.1859571
2022-03-05 06:29,39017.49,39044.09,39011.77,39044.09,3.06369093,39000.11000000,39029.60000000,39000.11000000,39029.59000000,17.95061000,39029.04890337,39044.0,39029.04890337,39034.0,2.07927702,39001.0,39004.6,39001.0,39004.6,0.28986358999999995
2022-03-05 06:30,39044.09,39057.51,39041.14,39052.76,2.59941594,39029.59000000,39040.44000000,39029.59000000,39035.66000000,15.33726000,39060.0,39072.0,39060.0,39072.0,0.00199273,39009.9,39041.2,39009.9,39041.1,0.92273394
2022-03-05 06:31,39052.76,39054.09,39023.88,39027.81,2.23945298,39035.67000000,39035.67000000,39010.00000000,39010.00000000,10.63806000,39071.0,39117.0,39056.0,39056.0,40.59042746,39041.1,39043.9,39033.4,39033.4,0.6256343099999999
2022-03-05 06:32,39027.81,39041.68,39015.64,39041.68,2.01929275,39010.00000000,39032.62000000,39000.10000000,39032.61000000,12.85677000,39056.0,39056.0,39044.0,39054.0,1.22523826,39033.5,39033.5,39023.5,39023.5,0.02688201
2022-03-05 06:33,39047.66,39061.07,39040.55,39059.75,2.95787341,39032.61000000,39041.78000000,39032.61000000,39040.31000000,15.64116000,39069.0,39086.0,39069.0,39085.0,0.61774889,39023.5,39033.5,39023.5,39033.4,0.02030157
2022-03-05 06:34,39058.32,39074.88,39028.33,39032.11,2.39409419,39040.31000000,39054.93000000,39015.42000000,39015.42000000,17.04548000,39084.0,39089.0,39058.0,39058.0,0.14546071,39033.4,39033.5,39033.4,39033.5,0.10198816000000001
2022-03-05 06:35,39032.12,39038.76,39028.38,39032.09,1.8491518,39015.43000000,39019.56000000,39015.42000000,39017.89000000,7.40489000,39064.0,39068.0,39061.0,39067.0,0.0064648200000000005,39033.5,39033.5,39033.5,39033.5,0.01983986
2022-03-05 06:36,39031.08,39052.51,39029.53,39040.32,5.03339075,39017.90000000,39028.00000000,39017.88000000,39027.99000000,6.98359000,39067.0,39070.0,39063.0,39068.0,0.11572572,39033.5,39034.6,39033.5,39034.6,0.00520408
2022-03-05 06:37,39043.8,39083.72,39043.8,39082.25,3.04362087,39028.00000000,39065.57000000,39027.99000000,39065.57000000,6.91353000,39070.0,39102.0,39069.0,39102.0,0.23296394,39037.0,39059.9,39036.9,39059.9,0.88362997
2022-03-05 06:38,39082.43,39094.78,39068.47,39094.78,11.58738697,39065.57000000,39070.00000000,39056.47000000,39070.00000000,21.56508000,39094.18842063,39109.0,39094.18842063,39108.0,0.32920949,39059.9,39064.9,39059.9,39064.8,0.57307601
2022-03-05 06:39,39094.77,39094.78,39059.39,39063.55,4.35979678,39070.00000000,39072.84000000,39042.88000000,39042.89000000,19.15769000,39109.0,39110.0,39083.0,39083.0,0.17396752,39064.9,39074.9,39060.0,39060.0,0.24023255
2022-03-05 06:40,39061.95,39067.44,39031.16,39037.87,3.02902411,39042.88000000,39042.89000000,39016.80000000,39022.46000000,15.66243000,39089.0,39090.0,39063.0,39063.0,0.51080363,39060.0,39060.0,39059.9,39060.0,0.0151473
2022-03-05 06:41,39040.69,39045.61,39033.32,39045.61,1.39543798,39022.47000000,39026.13000000,39018.63000000,39025.46000000,7.06199000,39062.0,39072.0,39062.0,39072.0,0.28858182,39059.9,39060.0,39045.1,39045.1,0.08609654
2022-03-05 06:42,39045.61,39056.1,39036.01,39052.95,1.98603231,39025.46000000,39034.23000000,39022.20000000,39033.27000000,14.47045000,39068.0,39073.0,39067.0,39069.00874173,1.09601193,39045.1,39045.8,39037.3,39045.8,0.13566172
2022-03-05 06:43,39052.71,39054.07,39020.58,39030.71,3.72603728,39033.26000000,39033.56000000,39008.64000000,39014.00000000,15.39609000,39070.0,39074.0,39056.0,39056.0,0.34313781,39045.8,39045.8,39027.5,39027.5,0.03511799
2022-03-05 06:44,39030.71,39037.09,39021.85,39027.44,1.5291281,39013.99000000,39018.90000000,39009.00000000,39014.10000000,15.05075000,39047.5673974,39055.0,39045.0,39053.0,0.9317342,39026.3,39026.3,39026.3,39026.3,0.007116470000000001
2022-03-05 06:45,39024.01,39035.46,38995.53,39010.37,8.56587418,39014.09000000,39018.88000000,38987.17000000,38990.03000000,29.70630000,39054.0,39054.0,39025.0,39032.0,1.43001209,39026.3,39026.3,39026.2,39026.2,0.01192509
2022-03-05 06:46,39004.25,39008.37,38989.93,38997.51,1.82230069,38990.03000000,38990.04000000,38977.92000000,38979.99000000,9.30140000,39027.0,39027.0,39022.0,39023.0,0.43406579,39017.2,39017.2,38989.0,38989.0,0.05929413
2022-03-05 06:47,38997.51,39020.85,38993.4,39020.85,2.07135283,38979.99000000,39008.18000000,38977.92000000,39008.18000000,16.70682000,39024.0,39044.0,39024.0,39040.0,0.90791424,38988.7,39004.0,38988.7,39004.0,1.30468153
2022-03-05 06:48,39025.33,39025.33,38988.21,38997.88,2.22509973,39008.17000000,39008.60000000,38975.64000000,38981.95000000,30.03425000,39041.63952553,39041.63952553,39009.0,39023.0,0.97345335,39008.1,39008.1,38987.1,38987.1,0.00211507
2022-03-05 06:49,38995.05,39002.99,38977.4,38992.86,2.65368873,38981.94000000,38981.95000000,38964.31000000,38976.76000000,25.18774000,39009.0,39019.0,39003.91666149,39019.0,1.15087692,38989.9,38989.9,38987.4,38987.7,0.023921960000000003
2022-03-05 06:50,38994.52,39002.77,38975.0,38978.13,2.37010939,38976.75000000,38979.59000000,38960.26000000,38960.26000000,6.93846000,39009.0,39018.0,39009.0,39009.0,2.01609356,38989.9,38989.9,38987.0,38987.0,0.27992963
2022-03-05 06:51,38975.05,38977.54,38949.33,38958.73,3.69907864,38960.27000000,38960.27000000,38937.81000000,38941.09000000,18.10271000,39009.0,39009.0,38972.0,38977.0,1.0741945,38974.3,38974.3,38948.0,38950.9,0.13381083
2022-03-05 06:52,38957.25,38974.74,38950.23,38958.66,4.44559101,38941.10000000,38956.67000000,38941.09000000,38942.50000000,8.22422000,38978.0,38992.0,38974.0,38982.0,1.42777227,38957.4,38959.8,38957.4,38957.5,0.06434568
2022-03-05 06:53,38956.16,38973.17,38945.14,38956.31,3.5443298,38942.51000000,38951.63000000,38936.61000000,38945.97000000,10.12476000,38983.0,38989.0,38982.0,38983.0,0.80000212,38957.5,38959.5,38957.4,38959.5,0.013644940000000001
2022-03-05 06:54,38962.95,38969.63,38953.29,38956.6,2.16794322,38945.96000000,38945.97000000,38941.06000000,38942.67000000,7.09526000,38977.0,38987.0,38974.0,38981.0,0.3970125,38958.3,38958.3,38957.5,38957.5,0.01315673
2022-03-05 06:55,38956.02,38976.42,38954.59,38971.65,2.30807543,38942.67000000,38958.53000000,38942.67000000,38954.91000000,13.39964000,38983.0,38999.0,38983.0,38995.0,0.81572147,38957.8,38968.7,38957.8,38968.7,0.09633821000000001
2022-03-05 06:56,38972.45,38988.86,38970.51,38977.13,2.433822,38954.91000000,38965.99000000,38954.91000000,38955.83000000,6.51163000,38996.0,39005.0,38996.0,39001.0,0.19702698,38969.4,38977.8,38969.3,38977.8,0.13693885
2022-03-05 06:57,38974.1,38990.31,38967.68,38979.65,1.98405475,38955.83000000,38969.75000000,38955.83000000,38962.41000000,5.10424000,39000.0,39011.0,39000.0,39006.0,0.18934800000000002,38977.6,38981.6,38977.6,38977.6,0.5988213
2022-03-05 06:58,38979.65,38980.79,38967.63,38970.48,3.05824827,38962.40000000,38962.41000000,38957.10000000,38957.10000000,8.34944000,39003.0,39003.0,39002.0,39003.0,0.52987769,38977.6,38977.6,38970.0,38970.1,0.29607563
2022-03-05 06:59,38970.18,39000.77,38967.56,38998.04,4.49697454,38957.10000000,38981.86000000,38957.10000000,38981.86000000,25.38143000,39003.0,39023.0,39003.0,39023.0,0.26354002,38970.2,38970.3,38970.2,38970.3,0.00363549
2022-03-05 07:00,38996.03,39012.27,38967.61,38979.59,3.99498561,38981.86000000,39011.39000000,38957.10000000,38964.90000000,49.10274000,39018.0,39044.0,39003.0,39006.0,1.24242922,38970.3,38979.9,38970.3,38973.9,0.24001627
2022-03-05 07:01,38979.58,38983.04,38967.34,38967.62,1.06597636,38964.89000000,38967.52000000,38955.31000000,38955.31000000,7.73094000,39008.0,39009.0,39003.0,39003.0,0.58277267,38975.4,38977.0,38975.4,38977.0,0.06237568
2022-03-05 07:02,38967.53,38997.45,38958.73,38973.66,3.21758332,38955.32000000,38979.34000000,38947.52000000,38964.51000000,13.24253000,39003.0,39017.0,38996.0,39006.0,0.8089495,38977.0,38979.7,38977.0,38979.7,0.10781645000000001
2022-03-05 07:03,38978.89,38993.39,38975.34,38989.2,2.26158624,38964.50000000,38976.46000000,38963.38000000,38974.58000000,7.95976000,39007.0,39010.0,39003.0,39010.0,0.47701498,38979.7,38979.8,38977.1,38979.8,0.07402671
2022-03-05 07:04,38987.53,38992.0,38973.69,38992.0,2.90184323,38974.58000000,38974.88000000,38957.75000000,38973.85000000,20.71556000,39009.0,39011.0,39007.0,39011.0,0.69320507,38979.8,38979.8,38979.7,38979.8,0.00976068
2022-03-05 07:05,38989.91,39011.15,38975.88,38993.85,7.89402679,38973.86000000,38989.80000000,38961.20000000,38974.73000000,8.13782000,39013.0,39024.0,39009.0,39020.0,1.54295188,38979.8,38979.8,38979.7,38979.7,0.00775979
2022-03-05 07:06,38990.64,38995.14,38972.44,38975.95,2.5274998,38974.73000000,38974.73000000,38956.85000000,38959.07000000,24.30782000,39017.0,39017.0,39001.0,39002.0,0.7743454200000001,38979.7,38979.7,38979.6,38979.6,0.041606409999999996
2022-03-05 07:07,38975.95,38984.82,38974.13,38978.24,0.84029323,38959.08000000,38966.27000000,38959.07000000,38960.64000000,4.71852000,39008.0,39009.0,39004.0,39007.0,0.23526633,38979.7,38979.7,38979.6,38979.7,0.04443
2022-03-05 07:08,38979.59,38992.74,38967.49,38975.51,1.93549527,38960.65000000,38973.82000000,38955.00000000,38957.37000000,14.11642000,39005.0,39012.0,39005.0,39007.0,0.11368151,38979.7,38979.9,38979.7,38979.7,1.01665223
2022-03-05 07:09,38975.51,39005.63,38973.31,39005.63,1.34083258,38957.37000000,38984.45000000,38957.37000000,38984.44000000,4.43291000,39007.0,39025.0,39007.0,39025.0,0.43919917,38979.7,38979.7,38979.7,38979.7,0.003
2022-03-05 07:10,39004.66,39058.44,39000.99,39048.25,4.33224967,38984.44000000,39042.51000000,38984.44000000,39032.40000000,36.41229000,39028.0,39077.0,39028.0,39077.0,0.57071511,38979.9,39026.2,38979.9,39026.2,0.73110076
2022-03-05 07:11,39048.25,39069.23,39037.28,39063.05,3.85818295,39032.39000000,39054.49000000,39027.84000000,39048.93000000,12.26407000,39083.0,39096.0,39074.0,39085.0,0.51424434,39026.2,39035.1,39026.2,39035.1,0.02997359
2022-03-05 07:12,39063.05,39067.09,39046.66,39057.13,2.16726948,39048.93000000,39048.93000000,39032.58000000,39038.84000000,9.49741000,39086.0,39090.0,39085.0,39085.0,0.19223115999999998,39035.0,39049.9,39035.0,39049.9,0.03988278
2022-03-05 07:13,39057.13,39091.56,39055.9,39090.19,10.206642,39038.84000000,39071.51000000,39038.84000000,39071.51000000,21.91117000,39085.0,39112.0,39082.0,39112.0,0.19424511,39047.8,39059.9,39047.8,39059.9,0.04852062
2022-03-05 07:14,39090.27,39091.34,39073.94,39085.5,5.76271837,39071.51000000,39071.51000000,39055.87000000,39063.93000000,12.34231000,39111.0,39111.0,39105.0,39105.0,0.033746570000000004,39066.3,39080.0,39066.3,39078.5,3.26392055
2022-03-05 07:15,39085.5,39094.56,39058.27,39068.53,3.87144647,39063.94000000,39071.60000000,39042.95000000,39049.71000000,11.57322000,39111.0,39111.0,39091.0,39098.0,0.30594708,39080.0,39080.0,39060.1,39060.2,0.049037830000000004
2022-03-05 07:16,39068.52,39092.44,39068.52,39092.44,4.68244451,39049.70000000,39075.46000000,39049.70000000,39074.76000000,14.93687000,39096.37795793,39119.0,39096.37795793,39119.0,0.01599126,39060.2,39087.7,39060.2,39083.1,4.06942437
2022-03-05 07:17,39092.44,39118.51,39085.34,39112.84,3.48661047,39074.75000000,39092.51000000,39071.10000000,39092.50000000,17.32011000,39117.0,39129.22101737,39116.0,39129.22101737,0.06424541,39085.4,39088.1,39084.0,39088.1,0.36751156999999995
2022-03-05 07:18,39112.84,39155.04,39112.81,39125.22,17.41972777,39092.51000000,39132.09000000,39092.50000000,39110.92000000,48.70895000,39129.22101737,39184.0,39129.22101737,39152.0,3.30061092,39089.9,39132.9,39089.9,39127.7,2.12480519
2022-03-05 07:19,39129.61,39153.49,39125.84,39129.99,3.52062276,39110.91000000,39139.95000000,39110.91000000,39115.25000000,29.07216000,39150.0,39168.0,39150.0,39154.0,0.30307027,39127.5,39139.4,39127.3,39127.3,0.10263061000000001
2022-03-05 07:20,39128.09,39159.99,39099.99,39143.1,10.44259978,39115.24000000,39140.51000000,39079.84000000,39124.64000000,43.31746000,39153.0,39170.0,39131.41055466,39156.0,0.88914066,39136.4,39139.1,39088.0,39130.1,3.81479094
2022-03-05 07:21,39143.01,39147.9,39117.64,39117.64,3.17290006,39124.65000000,39126.20000000,39104.49000000,39104.49000000,23.78811000,39155.0,39156.0,39143.0,39146.0,1.09654176,39134.9,39134.9,39130.3,39130.3,0.01512851
2022-03-05 07:22,39118.2,39134.62,39116.63,39129.83,2.60096913,39104.49000000,39111.60000000,39100.82000000,39110.98000000,13.88397000,39145.0,39148.0,39143.0,39143.45300979,0.45197392,39130.3,39130.3,39127.3,39127.3,0.02521286
2022-03-05 07:23,39129.83,39131.04,39106.2,39109.65,5.90748545,39110.98000000,39116.29000000,39091.33000000,39091.34000000,20.80271000,39143.0,39145.0,39127.0,39127.0,0.66166543,39127.3,39127.3,39115.2,39115.2,1.9404750800000001
2022-03-05 07:24,39112.86,39122.88,39110.95,39117.29,2.82467865,39091.33000000,39098.76000000,39091.33000000,39096.30000000,11.58952000,39127.0,39140.0,39127.0,39135.0,1.56571755,39113.2,39113.2,39112.7,39113.0,0.22829268000000003
2022-03-05 07:25,39116.18,39143.32,39116.18,39134.76,2.81565377,39096.30000000,39122.50000000,39096.29000000,39116.12000000,19.97961000,39135.0,39162.0,39135.0,39152.0,3.58557998,39113.0,39115.0,39113.0,39115.0,0.06749948
2022-03-05 07:26,39134.76,39148.51,39125.2,39127.05,1.99649143,39116.12000000,39125.86000000,39110.56000000,39110.56000000,14.42920000,39151.0,39163.0,39148.92685303,39152.0,0.87121744,39115.0,39115.0,39114.9,39115.0,0.07429582
2022-03-05 07:27,39131.8,39139.51,39113.25,39130.57,2.32726536,39110.57000000,39117.88000000,39095.39000000,39111.60000000,25.54147000,39158.0,39161.0,39136.0,39151.0,1.80164519,39115.0,39115.0,39114.9,39115.0,0.08264334
2022-03-05 07:28,39129.54,39138.06,39120.7,39124.67,0.39170982,39111.60000000,39117.38000000,39105.63000000,39108.79000000,11.85533000,39149.0,39151.0,39142.0,39150.0,1.19236667,39115.0,39115.0,39115.0,39115.0,0.90011609
2022-03-05 07:29,39124.67,39131.74,39104.37,39111.68,3.28801541,39108.79000000,39110.00000000,39088.00000000,39088.03000000,13.82989000,39150.0,39153.38736324,39127.0,39133.0,0.20287125,39115.0,39122.3,39114.9,39115.0,2.52140325
2022-03-05 07:30,39108.9,39108.9,39072.09,39080.15,11.91828963,39088.04000000,39088.04000000,39057.24000000,39057.24000000,23.68474000,39131.0,39133.0,39093.0,39104.0,2.58334047,39115.0,39115.0,39072.7,39077.8,0.39250311
2022-03-05 07:31,39078.34,39101.85,39072.16,39074.39,3.63625365,39057.25000000,39077.81000000,39057.24000000,39057.55000000,12.99472000,39101.0,39118.0,39091.0,39099.0,1.6270157699999999,39077.7,39087.5,39077.7,39087.5,0.032497080000000005
2022-03-05 07:32,39074.1,39088.49,39074.1,39086.95,1.10411849,39057.56000000,39068.95000000,39057.55000000,39065.67000000,11.28533000,39098.0,39110.0,39095.18638203,39103.0,3.38302892,39077.8,39081.6,39077.8,39081.6,0.09146133000000001
2022-03-05 07:33,39086.95,39087.13,39063.01,39078.81,3.15004753,39065.67000000,39065.93000000,39046.46000000,39060.76000000,16.56110000,39101.0,39101.0,39081.0,39090.0,1.10594213,39077.7,39077.8,39077.7,39077.8,0.07690918
2022-03-05 07:34,39078.81,39082.16,39058.02,39066.95,1.8086333,39060.77000000,39063.93000000,39046.44000000,39046.46000000,11.46842000,39090.0,39113.0,39082.0,39082.0,2.93058537,39077.8,39077.8,39073.2,39073.2,0.38366439
2022-03-05 07:35,39066.51,39070.69,39057.14,39070.69,0.84033419,39046.46000000,39047.99000000,39039.56000000,39047.98000000,8.54976000,39084.0,39087.0,39077.0,39078.0,1.16469964,39064.6,39064.6,39064.6,39064.6,0.00865498
2022-03-05 07:36,39071.51,39079.37,39062.41,39068.47,4.64993838,39047.98000000,39059.72000000,39047.63000000,39049.45000000,9.78443000,39085.0,39087.0,39084.0,39086.0,1.17897453,39064.6,39064.6,39064.6,39064.6,0.0011
2022-03-05 07:37,39065.92,39078.79,39062.77,39078.79,2.63975902,39049.45000000,39060.81000000,39049.45000000,39060.81000000,9.17794000,39082.85883104,39097.0,39081.9588863,39097.0,1.07957062,39064.6,39065.0,39064.6,39065.0,0.0961848
2022-03-05 07:38,39078.79,39084.0,39069.4,39074.03,1.7224032,39060.81000000,39064.70000000,39059.82000000,39059.83000000,6.68248000,39100.0,39101.0,39091.99888334,39091.99888334,0.92987695,39065.0,39065.0,39065.0,39065.0,0.17059513
2022-03-05 07:39,39074.02,39089.57,39071.1,39083.25,0.67567349,39059.83000000,39072.11000000,39057.22000000,39070.12000000,9.23759000,39087.21366121,39100.0,39087.0,39100.0,0.37793157,39065.0,39065.0,39064.9,39065.0,0.03402394
2022-03-05 07:40,39083.72,39089.57,39071.84,39077.25,1.02563426,39070.11000000,39073.49000000,39057.69000000,39063.31000000,10.78816000,39101.0,39101.0,39091.0,39091.21813331,0.36868015,39065.0,39065.0,39064.9,39064.9,0.03838319
2022-03-05 07:41,39075.48,39085.72,39071.76,39077.48,0.97570479,39063.31000000,39066.93000000,39060.09000000,39061.83000000,10.52370000,39093.0,39093.0,39090.0,39090.0,0.13052174,39065.0,39065.0,39065.0,39065.0,0.02761897
2022-03-05 07:42,39077.49,39091.66,39076.8,39083.41,3.99851423,39061.83000000,39070.12000000,39061.82000000,39067.10000000,8.73182000,39093.0,39103.0,39090.0,39095.0,1.1700180900000001,39064.9,39065.0,39064.9,39064.9,0.03436219
2022-03-05 07:43,39085.26,39105.93,39084.25,39096.15,3.11986884,39067.10000000,39086.10000000,39067.10000000,39083.43000000,11.40203000,39094.0,39117.0,39094.0,39113.0,1.56254843,39064.9,39096.9,39064.9,39088.7,0.58395975
2022-03-05 07:44,39097.56,39100.88,39095.86,39099.99,1.62115224,39083.43000000,39086.10000000,39083.42000000,39084.12000000,7.32470000,39113.0,39119.0,39113.0,39119.0,0.15909188,39099.9,39099.9,39099.9,39099.9,0.04434815
2022-03-05 07:45,39099.95,39136.75,39099.95,39132.45,4.43893506,39084.13000000,39120.00000000,39084.12000000,39119.99000000,24.45416000,39124.0,39156.0,39124.0,39156.0,3.80912088,39105.0,39120.4,39105.0,39119.5,0.90572379
2022-03-05 07:46,39137.54,39142.01,39107.54,39128.44,6.48625587,39119.99000000,39125.10000000,39101.42000000,39115.98000000,40.08843000,39154.0,39156.0,39136.0,39143.0,0.9125062899999999,39122.1,39122.1,39122.1,39122.1,0.00798974
2022-03-05 07:47,39128.43,39128.44,39096.19,39108.47,3.37298608,39115.98000000,39115.98000000,39084.08000000,39092.51000000,35.34923000,39142.0,39142.0,39123.74717413,39125.0,1.0044450999999999,39122.1,39126.7,39120.3,39120.4,0.17002789
2022-03-05 07:48,39104.45,39109.2,39097.01,39102.39,1.26770917,39092.50000000,39092.51000000,39082.68000000,39086.96000000,21.62076000,39128.12624872,39129.0,39128.0,39128.0,0.5243143,39120.3,39120.3,39103.6,39103.6,0.02266672
2022-03-05 07:49,39102.39,39120.56,39098.35,39118.07,2.23600459,39086.96000000,39108.07000000,39086.96000000,39104.09000000,11.56492000,39129.0,39142.0,39128.0,39137.0,1.19423902,39103.6,39103.6,39103.5,39103.6,0.44596676
2022-03-05 07:50,39117.99,39120.56,39112.04,39119.94,0.60410466,39104.08000000,39104.09000000,39101.58000000,39103.73000000,8.44089000,39135.0,39136.0,39134.0,39134.0,0.62027317,39103.6,39108.6,39103.5,39108.6,0.035746969999999996
2022-03-05 07:51,39119.8,39120.56,39083.52,39084.22,2.94884314,39103.72000000,39103.73000000,39067.08000000,39072.56000000,18.63377000,39134.0,39135.0,39113.0,39113.0,1.09413827,39108.6,39108.6,39103.5,39103.5,0.07409952
2022-03-05 07:52,39090.43,39095.73,39059.73,39062.24,4.8393509,39072.56000000,39077.68000000,39049.28000000,39049.29000000,16.93430000,39109.0,39109.0,39079.0,39079.0,0.92107836,39103.6,39103.6,39074.0,39074.0,0.5225208100000001
2022-03-05 07:53,39061.4,39061.88,39010.83,39025.99,10.92981703,39049.28000000,39049.29000000,39000.00000000,39009.01000000,41.42353000,39082.1459655,39082.1459655,39032.0,39032.0,2.54680253,39064.9,39064.9,39012.8,39012.9,2.1289748800000003
2022-03-05 07:54,39025.99,39041.82,39018.44,39039.09,2.50886849,39009.00000000,39020.74000000,39007.87000000,39020.73000000,10.69629000,39046.0,39063.0,39038.0,39063.0,2.03906936,39020.5,39021.1,39020.5,39021.1,0.3140299
2022-03-05 07:55,39038.49,39038.49,39004.9,39010.66,2.3926658,39020.73000000,39020.74000000,38987.23000000,38987.61000000,38.62082000,39058.0,39058.0,39032.0,39032.0,1.16483667,39033.0,39033.0,39032.8,39032.8,0.11643624000000001
2022-03-05 07:56,39013.57,39024.97,39010.54,39020.16,0.98383209,38987.61000000,39007.31000000,38987.61000000,39003.79000000,12.25033000,39037.0,39045.0,39028.50230175,39036.0,0.7659052,39026.1,39026.1,39026.1,39026.1,0.18416787
2022-03-05 07:57,39019.91,39037.32,39015.86,39023.28,3.68992676,39003.78000000,39019.32000000,39002.62000000,39005.33000000,15.74740000,39033.0,39057.0,39033.0,39045.0,1.6820569,39026.1,39033.7,39026.1,39026.3,0.6306669500000001
2022-03-05 07:58,39023.39,39061.13,39018.07,39047.17,2.79381589,39005.33000000,39038.73000000,39003.83000000,39026.42000000,12.97580000,39036.0,39066.0,39036.0,39061.0,0.86452379,39026.3,39033.8,39026.3,39033.8,0.00851174
2022-03-05 07:59,39044.9,39049.74,39026.73,39034.53,6.64639029,39026.42000000,39030.87000000,39011.12000000,39016.73000000,9.93420000,39059.0,39067.0,39059.0,39067.0,1.00449207,39033.7,39033.8,39033.7,39033.8,0.004495
2022-03-05 08:00,39036.78,39071.14,39033.1,39068.76,1.87805584,39016.74000000,39051.36000000,39016.73000000,39051.36000000,12.42424000,39060.0,39081.0,39060.0,39075.0,1.34060285,39033.8,39053.0,39033.7,39053.0,0.16636376
2022-03-05 08:01,39068.23,39071.14,39017.1,39038.0,3.52466848,39051.35000000,39051.36000000,39003.59000000,39020.00000000,11.78918000,39069.0,39073.0,39043.0,39056.0,0.59582404,39056.3,39056.3,39037.4,39037.5,0.06269392
2022-03-05 08:02,39035.43,39036.97,39004.59,39008.64,3.99723384,39020.01000000,39020.01000000,38993.35000000,38995.80000000,27.82051000,39048.0,39048.0,39035.0,39035.0,0.14364965000000002,39037.4,39037.4,39033.0,39033.0,0.1354079
2022-03-05 08:03,39008.67,39025.54,39008.67,39013.21,6.90445875,38995.81000000,39009.48000000,38995.80000000,39000.96000000,15.15202000,39036.0,39039.0,39030.0,39039.0,0.48279046000000003,39033.1,39033.1,39033.0,39033.0,0.13944845
2022-03-05 08:04,39011.63,39033.31,39011.6,39022.97,0.88268756,39000.95000000,39016.07000000,39000.95000000,39012.26000000,8.08449000,39033.0,39058.0,39033.0,39042.0,0.9217648300000001,39033.0,39033.1,39033.0,39033.1,0.45338220999999995
2022-03-05 08:05,39024.09,39028.3,39009.87,39015.93,1.11824944,39012.27000000,39012.27000000,39000.00000000,39001.10000000,11.48382000,39041.0,39041.0,39031.0,39041.0,0.010567110000000001,39033.0,39033.1,39033.0,39033.0,0.51537533
2022-03-05 08:06,39014.32,39037.55,39009.94,39033.38,1.73079852,39001.10000000,39022.73000000,39001.00000000,39018.66000000,8.58597000,39036.0,39061.0,39031.0,39053.0,0.7961881000000001,39033.0,39033.0,39033.0,39033.0,0.05611883
2022-03-05 08:07,39035.7,39042.29,39032.16,39037.93,0.66438993,39018.67000000,39025.01000000,39018.66000000,39021.28000000,11.55661000,39048.0,39057.0,39047.0,39057.0,1.13250144,39033.1,39033.3,39033.1,39033.3,0.08708856000000001
2022-03-05 08:08,39037.07,39051.29,39021.02,39047.54,9.49747869,39021.28000000,39030.00000000,39012.26000000,39026.34000000,14.69230000,39050.63308779,39065.0,39043.0,39044.0,0.98586836,39037.4,39037.5,39037.3,39037.3,0.16072181000000002
2022-03-05 08:09,39046.95,39047.1,39026.01,39029.42,4.12618785,39026.34000000,39032.42000000,39013.05000000,39017.66000000,16.93897000,39053.0,39057.0,39050.0,39054.0,1.04367516,39037.5,39039.4,39034.0,39034.5,2.77724928
2022-03-05 08:10,39030.77,39037.62,39008.78,39015.41,3.37764367,39017.65000000,39023.91000000,38997.78000000,38998.91000000,24.24785000,39048.0,39048.0,39031.0,39031.0,0.60527682,39034.5,39034.5,39033.0,39033.1,1.10279301
2022-03-05 08:11,39015.37,39016.97,39006.01,39007.63,0.98164461,38998.91000000,38998.91000000,38992.54000000,38992.54000000,11.05337000,39032.0,39037.0,39029.5970704,39029.5970704,0.33437192000000004,39033.0,39033.1,39000.0,39000.0,14.55695852
2022-03-05 08:12,39009.06,39031.83,39009.06,39018.14,4.44497259,38992.54000000,39008.45000000,38992.54000000,39000.00000000,7.49698000,39029.5970704,39046.0,39027.0,39043.82906282,2.37574743,39000.0,39000.0,39000.0,39000.0,0.06999999999999999
2022-03-05 08:13,39017.73,39026.3,39016.62,39024.61,0.54612957,39000.00000000,39007.81000000,39000.00000000,39007.21000000,4.40853000,39043.82906282,39044.0,39043.0,39043.82906282,0.31997075,39000.0,39000.0,39000.0,39000.0,0.03684015
2022-03-05 08:14,39024.61,39027.06,39016.51,39023.12,1.40663258,39007.21000000,39007.21000000,39003.12000000,39003.12000000,8.89175000,39043.82906282,39043.82906282,39036.0,39037.0,0.44162988000000003,39000.0,39000.0,38999.9,39000.0,0.03426722
2022-03-05 08:15,39021.39,39023.94,39016.29,39019.55,0.58412272,39003.13000000,39003.13000000,39001.08000000,39001.09000000,4.17987000,39039.0,39040.0,39039.0,39039.0,0.11634719,39000.0,39000.0,38999.9,38999.9,4.4348689199999995
2022-03-05 08:16,39020.09,39021.65,38968.18,38993.85,9.61686829,39001.08000000,39003.12000000,38950.00000000,38967.04000000,25.74924000,39039.0,39039.0,38991.0,38991.0,3.09810173,38999.9,39000.0,38970.3,38970.3,0.0918126
2022-03-05 08:17,38991.77,39014.65,38991.74,38999.68,2.62047944,38967.04000000,38998.38000000,38967.03000000,38982.35000000,31.81148000,39018.0,39033.0,39018.0,39022.0,2.98016768,38997.5,39000.0,38996.0,38998.7,0.039972770000000005
2022-03-05 08:18,39003.26,39008.09,38998.9,39003.98,1.09318169,38982.34000000,38987.06000000,38979.22000000,38983.72000000,11.27847000,39019.0,39020.0,39010.0,39010.56865024,0.4187247,38998.7,39000.0,38998.6,38998.6,0.22779496
2022-03-05 08:19,39003.41,39011.37,39003.41,39007.9,0.64688196,38983.72000000,38987.17000000,38983.72000000,38987.16000000,3.13588000,39011.0,39020.0,39011.0,39015.0,1.19640801,38999.9,39000.0,38999.9,39000.0,0.13407323999999998
2022-03-05 08:20,39007.9,39041.99,39007.9,39035.32,4.69935102,38987.17000000,39021.76000000,38987.16000000,39021.76000000,18.16812000,39015.0,39045.0,39015.0,39044.0,1.71040084,39000.0,39000.0,39000.0,39000.0,0.40971143
2022-03-05 08:21,39040.14,39050.0,39029.76,39045.87,4.3669732,39020.57000000,39030.00000000,39012.75000000,39029.99000000,9.96707000,39045.0,39064.0,39044.92383147,39064.0,2.0540975,39000.0,39000.0,38999.9,39000.0,20.53580347
2022-03-05 08:22,39045.64,39045.67,39025.14,39028.55,2.36454798,39030.00000000,39030.00000000,39012.74000000,39015.87000000,6.71951000,39059.1558239,39061.0,39049.0,39050.0,0.13962507999999998,39000.0,39000.0,39000.0,39000.0,0.43059954
2022-03-05 08:23,39030.7,39039.01,39023.92,39023.99,2.9015822,39015.86000000,39015.87000000,39006.89000000,39006.89000000,6.01179000,39050.0,39050.0,39049.0,39049.0,0.00014636,39000.0,39000.0,39000.0,39000.0,0.00600026
2022-03-05 08:24,39023.97,39032.22,39020.27,39020.76,4.09520649,39006.89000000,39013.19000000,39005.00000000,39005.01000000,3.80663000,39049.0,39052.0,39045.0,39045.0,0.00037182000000000003,38999.9,39000.0,38999.9,39000.0,0.05103733
2022-03-05 08:25,39020.72,39029.28,39014.02,39021.59,1.77073349,39005.00000000,39011.98000000,39003.94000000,39003.95000000,5.31596000,39046.0,39052.0,39037.26045094,39042.0,0.24959293000000002,38999.9,39000.0,38999.9,39000.0,1.65802612
2022-03-05 08:26,39022.74,39022.78,38968.18,38970.29,2.55569926,39003.95000000,39003.95000000,38948.91000000,38955.75000000,15.99389000,39042.0,39042.0,38999.94841277,39000.0,1.80741125,39000.0,39000.0,38970.2,38970.2,0.9209451599999999
2022-03-05 08:27,38975.09,39001.79,38970.28,38978.24,2.02091473,38955.75000000,38982.92000000,38955.75000000,38959.99000000,23.50191000,39003.0,39006.0,39003.0,39006.0,0.26212388000000003,38970.2,38985.9,38966.4,38966.4,0.72909054
2022-03-05 08:28,38977.72,38986.48,38973.37,38979.66,0.69174809,38959.98000000,38964.67000000,38958.99000000,38964.57000000,3.63964000,39006.0,39007.0,39004.0,39004.0,0.00823975,38966.4,38973.2,38965.7,38967.9,0.07575943
2022-03-05 08:29,38981.66,39004.43,38980.94,39001.04,0.96904934,38964.56000000,38982.92000000,38964.56000000,38979.30000000,9.55808000,39005.0,39025.0,39005.0,39015.0,0.27309453,38970.8,38992.9,38970.8,38990.7,0.66932992
2022-03-05 08:30,39001.03,39011.6,38999.58,39005.72,0.3718219,38979.30000000,38990.60000000,38979.29000000,38988.96000000,4.38118000,39022.0,39031.0,39022.0,39030.0,0.31071997,38991.3,38992.3,38991.3,38992.3,0.21736335
2022-03-05 08:31,39005.73,39025.83,39005.38,39023.82,2.29913279,38988.97000000,39004.28000000,38988.00000000,39004.28000000,6.01748000,39032.0,39033.0,39032.0,39033.0,0.01020942,38992.9,38993.3,38992.9,38993.3,0.00255733
2022-03-05 08:32,39025.02,39040.88,39020.52,39037.85,1.10485955,39004.27000000,39019.04000000,39004.27000000,39019.02000000,15.40257000,39040.54475688,39061.0,39040.0,39059.0,0.41141073,38993.3,39000.0,38993.3,39000.0,0.80600094
2022-03-05 08:33,39038.25,39038.25,39012.86,39028.87,1.36943659,39019.02000000,39019.03000000,38994.52000000,39008.57000000,11.92557000,39059.0,39059.1558239,39038.35521958,39039.63089996,0.28165125,39000.0,39000.0,38999.9,39000.0,0.29837363
2022-03-05 08:34,39027.61,39039.81,39027.61,39039.81,0.92563279,39008.56000000,39019.03000000,39008.56000000,39019.02000000,8.82759000,39049.0,39063.0,39049.0,39054.0,2.0076419,39000.0,39000.0,39000.0,39000.0,0.23379673
2022-03-05 08:35,39039.81,39050.0,39025.92,39041.71,7.23581015,39019.02000000,39030.00000000,39009.55000000,39027.20000000,19.32390000,39056.82664441,39070.0,39056.0,39070.0,0.66442883,39000.0,39000.0,38999.9,39000.0,4.61254644
2022-03-05 08:36,39040.15,39041.51,39025.84,39027.38,1.82269546,39027.20000000,39027.21000000,39016.42000000,39019.13000000,6.33338000,39064.56854433,39068.0,39063.53489849,39068.0,1.03020458,39000.0,39000.0,38999.9,39000.0,1.03622566
2022-03-05 08:37,39031.89,39040.85,39029.38,39040.85,0.3672969,39019.12000000,39026.43000000,39019.12000000,39026.42000000,6.30200000,39063.53489849,39064.0,39063.44039227,39064.0,0.00158489,39000.0,39000.0,39000.0,39000.0,1.91232431
2022-03-05 08:38,39038.62,39059.94,39038.62,39057.56,3.7416575,39026.42000000,39048.26000000,39026.42000000,39046.20000000,37.20377000,39063.44039227,39078.50400087,39063.44039227,39078.50400087,0.00872226,39000.0,39026.6,38999.9,39026.6,51.72950745
2022-03-05 08:39,39057.57,39074.26,39051.7,39072.35,2.27162676,39046.19000000,39065.15000000,39042.63000000,39061.59000000,36.13795000,39077.63303484,39086.5250401,39077.63303484,39086.5250401,0.01580152,39026.7,39045.6,39026.7,39045.6,4.27914458
2022-03-05 08:40,39074.26,39074.26,39049.2,39051.83,1.83362567,39061.58000000,39062.84000000,39039.00000000,39039.48000000,12.08325000,39088.71457739,39099.0,39088.71457739,39088.71457739,0.64276524,39049.9,39049.9,39048.6,39048.6,0.0125854
2022-03-05 08:41,39053.04,39058.0,39043.98,39057.24,1.46802723,39039.48000000,39046.41000000,39033.65000000,39046.41000000,11.59530000,39081.0,39081.0,39077.0,39078.0,0.27298756,39048.5,39048.6,39048.5,39048.6,0.01155098
2022-03-05 08:42,39060.24,39119.51,39059.56,39119.19,3.57182548,39046.41000000,39110.59000000,39046.40000000,39110.00000000,45.68610000,39081.987865,39143.0,39078.0,39143.0,2.7305336799999997,39048.6,39076.2,39048.5,39076.2,1.88227324
2022-03-05 08:43,39120.35,39134.63,39109.82,39127.76,5.00305677,39110.00000000,39119.05000000,39095.08000000,39113.17000000,16.73417000,39145.0,39161.0,39138.0,39149.0,4.02834941,39083.0,39115.7,39083.0,39115.7,0.21027394
2022-03-05 08:44,39128.78,39211.11,39113.87,39208.32,11.34761636,39113.16000000,39198.99000000,39099.08000000,39198.98000000,91.93767000,39149.0,39243.0,39145.64254709,39243.0,4.2641773,39115.7,39203.3,39115.7,39178.5,2.67993607
2022-03-05 08:45,39215.21,39216.15,39144.78,39182.2,9.13613076,39198.99000000,39200.00000000,39127.54000000,39163.82000000,55.18596000,39235.0,39235.0,39187.0,39203.0,0.25383686,39203.3,39203.3,39166.9,39166.9,0.03528685
2022-03-05 08:46,39182.19,39211.0,39168.14,39173.74,7.22654777,39163.82000000,39189.22000000,39154.09000000,39157.23000000,17.29238000,39204.0,39221.0,39192.71759895,39205.85482273,0.52316765,39167.0,39189.8,39167.0,39185.8,0.16416229
2022-03-05 08:47,39176.51,39195.8,39157.21,39165.09,3.82026681,39157.24000000,39173.24000000,39140.35000000,39146.67000000,53.63637000,39206.0,39214.0,39186.45610257,39207.0,1.14677137,39185.8,39185.8,39185.7,39185.8,0.26830822
2022-03-05 08:48,39161.41,39184.33,39153.1,39175.79,2.07675693,39146.67000000,39165.21000000,39134.11000000,39161.06000000,32.14548000,39196.0,39211.0,39196.0,39202.57051679,0.57867142,39185.8,39185.8,39167.1,39167.1,0.28944154
2022-03-05 08:49,39175.79,39190.39,39151.73,39167.81,4.26069688,39161.06000000,39170.00000000,39134.00000000,39149.09000000,20.69387000,39202.57051679,39208.0,39176.0,39182.0,1.14573913,39172.1,39172.2,39167.1,39167.1,0.08924531999999999
2022-03-05 08:50,39167.81,39167.81,39146.26,39147.7,1.50681304,39149.09000000,39149.09000000,39127.54000000,39127.54000000,27.58664000,39182.86468112,39195.0,39181.76991247,39181.76991247,0.46029102,39167.1,39167.1,39149.6,39149.6,2.92319948
2022-03-05 08:51,39143.58,39162.01,39135.83,39157.29,0.80604049,39127.54000000,39143.29000000,39120.00000000,39140.78000000,13.44678000,39160.0,39187.0,39158.77977086,39186.0,2.25297358,39143.3,39143.3,39139.9,39139.9,0.09555337
2022-03-05 08:52,39154.96,39154.96,39096.68,39097.34,4.00368052,39140.79000000,39140.79000000,39080.08000000,39080.08000000,57.04927000,39177.0,39180.0,39128.0,39128.0,3.62653429,39139.8,39139.8,39115.7,39115.7,0.30203203
2022-03-05 08:53,39099.78,39123.9,39094.69,39098.76,1.90550938,39080.09000000,39110.39000000,39080.00000000,39080.00000000,19.34382000,39128.0,39150.0,39128.0,39132.50389496,7.59750552,39115.7,39115.7,39101.1,39101.1,0.13937739999999998
2022-03-05 08:54,39098.76,39128.0,39098.76,39107.86,1.88072341,39080.00000000,39103.48000000,39080.00000000,39093.19000000,14.97661000,39133.0,39150.0,39132.0,39140.34258926,1.93336101,39101.2,39101.2,39101.0,39101.2,0.73130234
2022-03-05 08:55,39107.82,39112.33,39103.08,39106.49,0.6397447,39093.19000000,39093.20000000,39089.36000000,39089.37000000,10.71352000,39140.34258926,39140.34258926,39139.0739352,39139.0739352,0.10439045,39101.2,39101.2,39101.2,39101.2,0.00382627
2022-03-05 08:56,39106.49,39111.17,39105.85,39110.31,0.63943091,39089.36000000,39093.21000000,39089.36000000,39093.20000000,6.19591000,39139.0739352,39141.0,39136.8843979,39140.0,0.26667866,39101.2,39101.2,39101.2,39101.2,0.0021328899999999997
2022-03-05 08:57,39111.16,39112.92,39081.11,39081.11,2.32482581,39093.21000000,39093.21000000,39064.25000000,39064.25000000,16.61550000,39139.0739352,39139.0739352,39120.0,39120.0,5.396956,39101.2,39101.2,39101.0,39101.0,0.15072437
2022-03-05 08:58,39080.84,39099.88,39076.68,39099.88,1.93708628,39064.26000000,39082.02000000,39059.21000000,39082.01000000,20.24556000,39107.0,39127.0,39107.0,39125.0,2.81209325,39101.1,39101.1,39101.0,39101.1,0.73384564
2022-03-05 08:59,39099.87,39103.57,39093.54,39103.57,1.38501979,39082.01000000,39082.02000000,39078.86000000,39082.01000000,7.10041000,39125.0,39127.0,39120.46286818,39121.0,0.16525056,39101.0,39101.1,39101.0,39101.0,0.32599214
2022-03-05 09:00,39103.59,39119.14,39101.2,39117.8,3.66836103,39082.02000000,39096.36000000,39082.01000000,39095.32000000,19.84472000,39125.0,39149.0,39125.0,39149.0,1.40548725,39101.1,39101.1,39101.1,39101.1,0.25596088
2022-03-05 09:01,39121.27,39130.27,39065.77,39076.91,9.19328931,39095.32000000,39111.42000000,39051.33000000,39056.64000000,23.47608000,39150.0,39157.0,39102.89104981,39103.0,0.28945176,39101.2,39101.2,39101.0,39101.0,0.07777594
2022-03-05 09:02,39075.05,39081.01,39052.15,39065.18,3.46021966,39056.64000000,39056.65000000,39038.15000000,39048.91000000,33.97606000,39104.0,39104.0,39079.0,39100.0,0.38378642,39100.2,39100.2,39053.6,39053.6,1.47162489
2022-03-05 09:03,39069.92,39075.73,39021.27,39022.84,3.13315353,39048.92000000,39053.74000000,39006.87000000,39006.87000000,37.50837000,39103.0,39103.0,39064.0,39064.0,1.5679744,39055.9,39055.9,39039.5,39039.5,0.01237216
2022-03-05 09:04,39022.04,39043.04,39015.51,39018.33,4.52828115,39006.88000000,39029.38000000,39001.67000000,39002.03000000,30.89285000,39066.0,39069.0,39058.14939398,39058.14939398,0.4716944,39022.5,39037.3,39012.9,39015.9,3.18454785
2022-03-05 09:05,39018.32,39035.61,39017.23,39029.13,2.28300308,39002.02000000,39019.19000000,39002.02000000,39013.20000000,20.86235000,39058.06105525,39069.0,39058.06105525,39063.53489849,0.21796886,39020.2,39022.8,39020.2,39022.8,0.4352273
2022-03-05 09:06,39029.13,39030.13,38985.03,39024.2,11.93360567,39013.20000000,39016.43000000,38970.00000000,39008.46000000,89.28454000,39060.21371416,39060.21371416,39009.0,39040.0,5.66781563,39000.0,39005.9,39000.0,39005.8,0.02901529
2022-03-05 09:07,39024.0,39039.41,39020.72,39033.78,4.04327618,39008.46000000,39016.66000000,39006.90000000,39013.93000000,9.83925000,39040.0,39066.0,39039.63089996,39056.0,1.56846676,39005.9,39015.7,39005.8,39015.7,0.06973512
2022-03-05 09:08,39033.18,39034.51,39014.26,39021.68,2.1178085,39013.94000000,39013.94000000,39000.00000000,39005.07000000,13.84317000,39058.14939398,39059.0,39056.0,39056.0,0.45277059000000003,39015.7,39017.6,39015.7,39017.4,0.03238321
2022-03-05 09:09,39023.27,39051.91,39023.27,39046.78,2.1525723,39005.07000000,39031.16000000,39005.07000000,39031.16000000,21.28896000,39048.89014697,39061.0,39048.89014697,39060.0,0.38993135,39017.5,39046.0,39017.5,39046.0,0.89210597
2022-03-05 09:10,39046.31,39046.31,39026.93,39027.81,1.10971882,39031.16000000,39031.16000000,39016.67000000,39017.70000000,9.24941000,39079.31338715,39079.31338715,39067.0,39071.0,0.8981531500000001,39041.4,39041.4,39029.5,39030.3,0.06896176000000001
2022-03-05 09:11,39027.81,39035.4,39000.0,39000.01,2.4698157,39017.70000000,39018.77000000,38987.58000000,38987.59000000,58.44113000,39063.53489849,39067.0,39033.0,39033.0,0.75167224,39029.4,39029.5,39029.3,39029.3,0.06275909
2022-03-05 09:12,39000.0,39018.0,38988.01,39012.0,6.61265578,38987.58000000,39001.25000000,38976.73000000,38998.12000000,20.50952000,39033.0,39044.0,39028.0,39041.0,2.50367273,39000.0,39010.6,39000.0,39010.6,0.01077723
2022-03-05 09:13,39013.27,39028.11,38999.98,39011.46,4.73973547,38998.13000000,39008.11000000,38994.42000000,38996.00000000,8.21954000,39052.0,39052.0,39047.0,39050.39767471,0.93520829,39006.3,39017.7,39004.4,39017.7,0.68476619
2022-03-05 09:14,39008.1,39020.71,39002.24,39011.5,1.59556369,38996.00000000,39001.84000000,38992.10000000,39001.83000000,10.12631000,39048.0,39048.0,39029.0,39039.0,3.14518105,39017.7,39017.7,39017.7,39017.7,0.04685277
2022-03-05 09:15,39011.53,39021.77,39009.86,39019.11,0.8136812,39001.83000000,39006.89000000,38996.78000000,39002.33000000,15.75504000,39039.63089996,39046.0,39039.0,39040.0,0.9455447299999999,39017.7,39017.7,39014.1,39014.1,0.02683367
2022-03-05 09:16,39019.74,39041.71,39019.74,39032.77,3.32519517,39002.34000000,39020.00000000,39000.66000000,39019.99000000,14.51917000,39041.0,39051.50405382,39041.0,39050.0,0.44248858,39014.1,39019.5,39014.1,39019.5,0.008991260000000001
2022-03-05 09:17,39031.18,39032.97,39016.76,39021.18,2.86506685,39020.00000000,39020.00000000,39001.90000000,39001.90000000,12.06672000,39061.0,39061.0846802,39050.39767471,39050.39767471,1.02681088,39019.5,39019.5,39019.2,39019.2,0.015288040000000001
2022-03-05 09:18,39021.15,39030.72,39013.03,39022.7,0.6769915,39001.90000000,39010.58000000,39000.75000000,39002.73000000,12.42893000,39050.39767471,39050.39767471,39050.39767471,39050.39767471,0.02027861,39019.2,39019.5,39019.2,39019.3,0.03634106
2022-03-05 09:19,39022.26,39022.69,39002.29,39016.64,1.63538744,39002.73000000,39003.90000000,38990.00000000,38996.00000000,13.62244000,39050.39767471,39050.39767471,39039.44998823,39041.0,0.85058535,39019.3,39019.3,39010.1,39010.1,0.00566595
2022-03-05 09:20,39016.92,39019.16,38995.17,38995.17,1.33621781,38996.00000000,39000.00000000,38978.59000000,38978.59000000,17.31432000,39039.44998823,39039.44998823,39035.0,39035.0,0.66718144,39004.4,39004.4,38991.9,38991.9,0.47306127
2022-03-05 09:21,38996.48,39006.95,38985.42,39006.31,1.31851176,38978.59000000,38987.42000000,38970.00000000,38982.87000000,26.06671000,39035.0,39035.0,39018.64938392,39022.0,0.64682211,38987.7,38987.7,38986.1,38986.1,0.0563434
2022-03-05 09:22,39006.17,39028.61,39000.62,39028.61,1.72963297,38982.88000000,39010.33000000,38982.87000000,39008.94000000,24.54801000,39024.12322716,39049.0,39024.12322716,39041.0,2.14378052,38986.2,38986.2,38986.2,38986.2,0.0013825
2022-03-05 09:23,39031.39,39060.71,39029.29,39056.52,1.46738329,39008.94000000,39039.67000000,39004.28000000,39039.67000000,14.58486000,39049.30290606,39086.0,39049.30290606,39081.0,2.41527744,38986.2,39019.5,38986.2,39019.5,0.30973486
2022-03-05 09:24,39056.79,39066.37,39037.35,39066.37,4.08149486,39039.67000000,39043.57000000,39023.88000000,39043.56000000,14.07857000,39081.0,39087.0,39066.08589142,39087.0,1.1590733,39019.5,39034.1,39019.5,39034.1,0.50009355
2022-03-05 09:25,39066.36,39117.34,39063.84,39095.8,3.46083528,39043.57000000,39098.24000000,39043.56000000,39079.45000000,22.33450000,39090.0,39130.0,39090.0,39128.0,4.5657587600000005,39034.1,39095.5,39034.1,39095.1,0.71494214
2022-03-05 09:26,39093.39,39132.3,39085.52,39093.52,4.87405267,39079.45000000,39109.46000000,39071.77000000,39075.43000000,20.30506000,39128.12624872,39158.0,39128.12624872,39132.0,9.10618535,39089.8,39099.8,39089.8,39095.0,0.46273981000000003
2022-03-05 09:27,39095.6,39108.87,39082.5,39088.58,2.02473247,39075.44000000,39087.90000000,39066.75000000,39071.15000000,20.04722000,39132.0,39132.50389496,39132.0,39132.0,2.94090952,,,,,0.0
2022-03-05 09:28,39090.22,39095.73,39075.45,39091.66,1.77796022,39071.15000000,39079.61000000,39062.67000000,39075.61000000,12.17834000,39118.0,39121.0,39107.0,39121.0,0.31874241,39095.1,39095.1,39095.0,39095.0,0.01990642
2022-03-05 09:29,39090.08,39094.21,39059.65,39088.47,0.85887643,39075.61000000,39075.62000000,39049.42000000,39070.17000000,19.30258000,39122.0,39122.0,39108.0,39120.0,1.4567144,39095.1,39095.1,39094.9,39094.9,0.08713332
2022-03-05 09:30,39090.04,39093.83,39064.28,39068.97,1.29414018,39070.16000000,39075.08000000,39053.01000000,39053.02000000,12.91926000,39117.0,39117.0,39116.0,39116.0,0.1453452,39087.1,39087.1,39072.8,39072.8,0.050498879999999996
2022-03-05 09:31,39071.09,39076.51,39053.38,39066.29,1.9872833,39053.02000000,39054.69000000,39039.26000000,39047.43000000,17.70900000,39107.0,39107.24587998,39091.0,39096.37795793,0.03972688,39063.6,39063.6,39063.5,39063.5,0.0054173
2022-03-05 09:32,39066.46,39082.4,39064.15,39073.75,2.19565334,39047.42000000,39064.86000000,39047.42000000,39054.82000000,12.75681000,39111.0,39115.0,39101.0,39101.0,0.44350814,39063.6,39063.6,39063.5,39063.5,0.00805555
2022-03-05 09:33,39071.51,39076.67,39052.12,39066.91,2.45493959,39054.81000000,39054.82000000,39035.39000000,39048.31000000,15.85948000,39100.0,39102.0,39084.3355028,39102.0,1.09860202,39063.6,39063.6,39063.6,39063.6,0.00409498
2022-03-05 09:34,39073.16,39078.57,39070.26,39075.86,0.25177157,39048.32000000,39056.66000000,39048.31000000,39056.65000000,8.62114000,39102.0,39112.0,39099.0,39112.0,1.21222034,39063.7,39066.2,39063.7,39066.2,0.06804852
2022-03-05 09:35,39077.84,39079.34,39061.26,39065.07,1.82694249,39056.66000000,39057.06000000,39047.41000000,39047.42000000,5.63467000,39104.0,39110.0,39094.0,39096.0,0.5326228199999999,39066.2,39069.8,39066.2,39068.1,0.05395142
2022-03-05 09:36,39065.06,39072.2,39048.93,39049.12,0.22007332,39047.41000000,39051.54000000,39026.91000000,39029.26000000,16.82576000,39095.28318928,39100.0,39086.0,39086.0,0.20169928,39068.1,39068.1,39066.0,39066.0,0.08522313000000001
2022-03-05 09:37,39049.44,39058.52,39041.39,39044.83,4.47661624,39029.25000000,39037.88000000,39023.24000000,39026.17000000,12.39187000,39087.0,39087.0,39081.11689897,39083.0,0.00134227,39066.0,39066.0,39063.5,39063.6,0.15838723999999998
2022-03-05 09:38,39046.87,39050.32,39016.76,39025.29,1.14416743,39026.17000000,39030.56000000,39003.35000000,39005.00000000,21.57093000,39083.0,39084.0,39057.0,39060.0,0.66041082,39063.5,39063.5,39025.2,39025.2,1.29626832
2022-03-05 09:39,39020.29,39024.0,39008.6,39017.21,0.70164245,39005.00000000,39005.00000000,38997.31000000,39001.99000000,17.14188000,39059.0,39059.0,39040.0,39041.0,1.14772329,39024.0,39024.0,39012.9,39012.9,0.03401906
2022-03-05 09:40,39018.6,39048.75,39018.6,39048.75,3.2945087,39002.00000000,39032.21000000,39001.99000000,39029.57000000,18.58657000,39042.0,39064.0,39042.0,39059.0,0.34854103000000003,39013.0,39027.7,39013.0,39027.7,0.02961677
2022-03-05 09:41,39047.9,39057.88,39035.75,39045.1,2.53148714,39029.58000000,39040.00000000,39020.47000000,39033.76000000,15.29982000,39064.0,39078.0,39064.0,39068.0,1.86950625,39027.7,39030.2,39027.6,39030.2,0.052888160000000004
2022-03-05 09:42,39055.31,39055.6,39035.95,39051.63,1.20097765,39033.76000000,39040.50000000,39027.79000000,39033.38000000,9.70239000,39070.0,39076.0,39070.0,39072.0,1.02460683,39030.2,39030.3,39030.2,39030.3,0.03936637
2022-03-05 09:43,39051.71,39055.34,39041.76,39046.49,1.0426626,39033.38000000,39034.54000000,39029.68000000,39034.01000000,7.65405000,39071.0,39074.0,39071.0,39073.0,0.8887786599999999,39033.5,39043.0,39033.4,39043.0,0.40089533
2022-03-05 09:44,39046.41,39050.1,39041.45,39049.22,1.26304774,39034.00000000,39034.67000000,39034.00000000,39034.66000000,4.78078000,39074.0,39081.0,39074.0,39081.0,0.49929105,39043.0,39043.0,39043.0,39043.0,0.00068199
2022-03-05 09:45,39049.22,39057.23,39011.01,39012.7,6.49240434,39034.67000000,39043.76000000,39001.03000000,39001.04000000,22.27913000,39082.0,39088.0,39044.0,39046.0,1.8436582,39043.0,39049.4,39033.5,39033.5,0.16056522
2022-03-05 09:46,39015.72,39022.83,39011.72,39014.89,0.71281896,39001.04000000,39008.83000000,39000.35000000,39001.02000000,18.19730000,39050.0,39050.0,39046.01860012,39046.01860012,0.03230732,39033.6,39033.6,39033.5,39033.5,0.13557351
2022-03-05 09:47,39015.91,39029.17,39014.44,39015.02,1.22938736,39001.01000000,39010.77000000,39000.00000000,39003.50000000,13.61464000,39046.01860012,39051.49244336,39046.01860012,39050.0,0.23649992,39033.5,39033.6,39033.5,39033.5,0.09537389
2022-03-05 09:48,39014.8,39014.8,39000.78,39010.24,3.13174774,39003.49000000,39003.50000000,38982.95000000,38995.47000000,29.13126000,39051.0,39051.0,39039.0,39039.0,0.90826724,39033.6,39033.6,39033.5,39033.5,0.039819099999999996
2022-03-05 09:49,39008.69,39014.8,39006.09,39014.8,6.76992635,38995.47000000,39008.91000000,38995.47000000,39006.85000000,19.43761000,39039.44998823,39046.0,39039.44998823,39046.0,0.25906019,39033.6,39033.6,39033.6,39033.6,0.14690482
2022-03-05 09:50,39014.79,39037.19,39014.79,39028.35,5.56055298,39006.86000000,39020.04000000,39004.46000000,39017.62000000,13.82726000,39044.0,39067.0,39044.0,39067.0,0.75704953,39033.6,39033.6,39033.5,39033.6,0.02761271
2022-03-05 09:51,39028.35,39039.08,39021.31,39024.96,2.37151449,39017.62000000,39027.05000000,39007.86000000,39009.83000000,13.33293000,39061.0,39066.0,39061.0,39065.0,0.36862402,39033.6,39033.8,39033.6,39033.8,0.06407461
2022-03-05 09:52,39024.96,39029.45,39023.38,39023.46,0.28606313,39009.84000000,39011.40000000,39009.83000000,39010.96000000,7.75155000,39065.0,39066.0,39065.0,39065.0,0.05049286,39033.8,39033.8,39033.8,39033.8,0.0001
2022-03-05 09:53,39024.78,39053.97,39020.02,39052.96,1.67557215,39010.97000000,39039.07000000,39010.96000000,39038.26000000,29.35430000,39065.0,39086.0,39065.0,39076.0,0.01577126,,,,,0.0
2022-03-05 09:54,39052.96,39061.98,39014.8,39021.95,2.72688604,39038.27000000,39046.16000000,39006.50000000,39006.51000000,17.98260000,39081.0,39086.0,39046.0,39046.0,1.54996021,39033.8,39033.9,39021.9,39023.3,1.65172278
2022-03-05 09:55,39021.51,39038.64,39021.31,39037.07,0.46519069,39006.50000000,39021.83000000,39006.50000000,39021.43000000,9.38631000,39056.0,39070.0,39056.0,39062.0,0.36313885,39023.3,39024.9,39023.3,39024.9,0.00341535
2022-03-05 09:56,39037.07,39037.07,39017.84,39024.61,2.24417599,39021.43000000,39021.44000000,39005.48000000,39008.95000000,5.57663000,39058.0,39059.0,39055.87151795,39059.0,0.05123374,39034.4,39034.4,39034.4,39034.4,0.0039008399999999996
2022-03-05 09:57,39022.36,39029.65,39014.85,39029.5,0.73547304,39008.95000000,39012.87000000,39005.48000000,39012.86000000,7.24116000,39058.06105525,39060.0,39058.06105525,39060.0,0.01108594,39034.4,39034.4,39034.4,39034.4,0.00035
2022-03-05 09:58,39029.65,39034.26,39027.05,39034.26,0.2878542,39012.87000000,39019.75000000,39011.98000000,39019.07000000,14.16786000,39062.0,39065.0,39062.0,39065.0,0.30424138,39034.4,39034.4,39034.3,39034.4,0.06324909999999999
2022-03-05 09:59,39034.82,39050.0,39029.78,39049.72,10.23311815,39019.07000000,39036.75000000,39019.07000000,39036.75000000,32.08190000,39067.0,39090.0,39067.0,39090.0,1.95264908,39035.3,39035.3,39035.2,39035.2,0.07246462000000001
2022-03-05 10:00,39049.35,39062.18,39036.0,39059.74,17.10640908,39036.75000000,39041.85000000,39027.36000000,39037.83000000,30.97090000,39082.0,39092.0,39082.0,39091.0,0.82136854,,,,,
