time,COINBASE:open,COINBASE:high,COINBASE:low,COINBASE:close,COINBASE:volume,BINANCE:open,BINANCE:high,BINANCE:low,BINANCE:close,BINANCE:volume,BITFINEX:open,BITFINEX:high,BITFINEX:low,BITFINEX:close,BITFINEX:volume,KRAKEN:open,KRAKEN:high,KRAKEN:low,KRAKEN:close,KRAKEN:volume
2022-03-04 10:00,92.27,92.36,92.24,92.29,214.126,92.25000000,92.38000000,92.23000000,92.28000000,1979.48000000,92.271,92.271,92.271,92.271,0.03111957,92.24,92.32,92.24,92.29,82.77510357
2022-03-04 10:01,92.27,92.33,92.24,92.32,858.537,92.27000000,92.28000000,92.22000000,92.28000000,328.29000000,,,,,,,,,,0.0
2022-03-04 10:02,92.27,92.44,92.2,92.42,368.485,92.28000000,92.41000000,92.19000000,92.36000000,1707.25000000,,,,,,92.22,92.34,92.22,92.34,28.0647106
2022-03-04 10:03,92.36,92.48,92.35,92.48,374.695,92.36000000,92.47000000,92.32000000,92.46000000,978.57000000,92.376,92.376,92.376,92.376,0.03641629,92.35,92.42,92.32,92.42,67.32469039
2022-03-04 10:04,92.48,92.5,92.43,92.46,199.901,92.46000000,92.48000000,92.40000000,92.45000000,335.39000000,92.508,92.508,92.508,92.508,1.4,92.44,92.44,92.44,92.44,3.763
2022-03-04 10:05,92.47,92.5,92.4,92.46,243.407,92.45000000,92.46000000,92.37000000,92.41000000,649.90000000,,,,,,92.41,92.43,92.39,92.39,38.90563024
2022-03-04 10:06,92.44,92.51,92.44,92.47,143.928,92.41000000,92.50000000,92.41000000,92.45000000,465.40000000,,,,,,92.47,92.51,92.47,92.51,41.80041655
2022-03-04 10:07,92.53,92.56,92.47,92.47,66.658,92.45000000,92.54000000,92.45000000,92.47000000,348.01000000,92.579,92.579,92.579,92.579,10.0,92.47,92.51,92.47,92.51,14.178798
2022-03-04 10:08,92.46,92.54,92.44,92.45,200.315,92.47000000,92.54000000,92.41000000,92.45000000,938.01000000,92.537,92.537,92.537,92.537,0.51825555,92.44,92.5,92.44,92.5,113.28883071
2022-03-04 10:09,92.48,92.49,92.4,92.41,353.835,92.45000000,92.48000000,92.39000000,92.43000000,1025.76000000,,,,,,92.45,92.48,92.4,92.4,557.05523669
2022-03-04 10:10,92.44,92.5,92.33,92.5,166.379,92.42000000,92.48000000,92.35000000,92.47000000,1233.44000000,,,,,,92.45,92.46,92.34,92.38,309.09844929
2022-03-04 10:11,92.49,92.61,92.49,92.59,87.001,92.48000000,92.60000000,92.48000000,92.58000000,1040.41000000,92.583,92.583,92.583,92.583,0.54268425,92.47,92.56,92.47,92.56,4.66021574
2022-03-04 10:12,92.63,92.73,92.63,92.73,221.679,92.58000000,92.69000000,92.58000000,92.68000000,1625.27000000,,,,,,92.61,92.68,92.61,92.65,102.64939655
2022-03-04 10:13,92.68,92.7,92.61,92.65,61.4,92.69000000,92.69000000,92.59000000,92.63000000,786.74000000,,,,,,92.65,92.66,92.65,92.65,83.97408247
2022-03-04 10:14,92.62,92.68,92.61,92.64,39.466,92.63000000,92.66000000,92.60000000,92.61000000,255.34000000,92.718,92.718,92.718,92.718,0.02664077,92.65,92.68,92.61,92.62,151.81812782
2022-03-04 10:15,92.64,92.68,92.59,92.61,247.768,92.64000000,92.66000000,92.58000000,92.58000000,2131.97000000,92.698,92.698,92.68,92.68,4.0234762,92.63,92.63,92.58,92.6,56.58810214
2022-03-04 10:16,92.61,92.7,92.58,92.7,73.511,92.59000000,92.70000000,92.58000000,92.68000000,420.24000000,92.688,92.688,92.688,92.688,1.0,92.62,92.71,92.62,92.71,1.6524649999999999
2022-03-04 10:17,92.73,92.73,92.67,92.73,114.313,92.68000000,92.73000000,92.67000000,92.71000000,536.35000000,92.678,92.678,92.678,92.678,0.1,92.69,92.71,92.66,92.71,65.150944
2022-03-04 10:18,92.73,92.78,92.68,92.74,153.776,92.70000000,92.77000000,92.68000000,92.73000000,2160.83000000,92.758,92.817,92.758,92.817,0.75745226,92.72,92.77,92.69,92.77,40.00634929
2022-03-04 10:19,92.75,92.89,92.73,92.74,314.003,92.73000000,92.89000000,92.72000000,92.75000000,2049.87000000,92.857,92.94,92.857,92.939,4.1738059100000005,92.74,92.89,92.74,92.76,182.43103957
2022-03-04 10:20,92.76,92.89,92.73,92.89,117.886,92.75000000,92.87000000,92.73000000,92.84000000,974.23000000,,,,,,92.75,92.84,92.75,92.84,20.21385913
2022-03-04 10:21,92.87,92.97,92.84,92.87,162.147,92.85000000,92.95000000,92.82000000,92.85000000,1342.63000000,92.94,92.94,92.94,92.94,22.97,92.88,92.95,92.81,92.81,739.31426882
2022-03-04 10:22,92.88,92.91,92.65,92.65,450.802,92.85000000,92.90000000,92.61000000,92.61000000,3733.32000000,92.781,92.781,92.719,92.719,288.00988149,92.86,92.86,92.62,92.62,217.82922364
2022-03-04 10:23,92.58,92.68,92.56,92.6,275.337,92.60000000,92.65000000,92.54000000,92.57000000,1595.09000000,92.65,92.65,92.6,92.6,1.2,92.62,92.62,92.56,92.61,98.76864678
2022-03-04 10:24,92.6,92.72,92.6,92.67,175.901,92.57000000,92.67000000,92.57000000,92.65000000,434.58000000,92.622,92.622,92.622,92.622,0.15,92.62,92.62,92.62,92.62,28.64862459
2022-03-04 10:25,92.66,92.8,92.65,92.77,146.994,92.65000000,92.78000000,92.65000000,92.78000000,365.53000000,,,,,,92.81,92.81,92.81,92.81,6.5
2022-03-04 10:26,92.81,92.89,92.76,92.82,156.878,92.78000000,92.87000000,92.76000000,92.81000000,659.95000000,92.862,92.862,92.862,92.862,0.15,92.86,92.9,92.82,92.82,108.19762
2022-03-04 10:27,92.82,92.93,92.81,92.93,108.988,92.81000000,92.91000000,92.78000000,92.91000000,1228.13000000,92.89,92.907,92.89,92.907,53.6591408,92.91,92.91,92.91,92.91,0.03742977
2022-03-04 10:28,92.96,93.0,92.93,92.95,380.763,92.92000000,92.99000000,92.92000000,92.95000000,1783.45000000,92.94,93.0,92.94,93.0,171.28558104,92.97,92.98,92.92,92.95,353.48114197
2022-03-04 10:29,92.97,93.1,92.97,93.09,954.757,92.95000000,93.10000000,92.95000000,93.05000000,4744.94000000,93.0,93.048,93.0,93.048,168.21686287,92.98,93.1,92.98,93.07,126.60152191
2022-03-04 10:30,93.04,93.04,92.97,93.01,321.413,93.05000000,93.05000000,92.95000000,93.00000000,1173.74000000,,,,,,92.99,92.99,92.98,92.98,15.5102117
2022-03-04 10:31,93.03,93.11,93.03,93.03,64.529,93.00000000,93.10000000,93.00000000,93.01000000,1586.51000000,93.188,93.188,93.188,93.188,2.5,93.08,93.08,93.04,93.04,37.6894
2022-03-04 10:32,93.05,93.09,92.95,93.03,468.551,93.02000000,93.05000000,92.95000000,92.96000000,2028.30000000,92.99,92.99,92.99,92.99,0.5,93.03,93.03,93.0,93.0,31.374965179999997
2022-03-04 10:33,92.99,93.27,92.95,93.25,1060.441,92.96000000,93.25000000,92.93000000,93.23000000,3890.83000000,93.132,93.132,93.132,93.132,0.1,92.97,93.25,92.97,93.23,292.18155168
2022-03-04 10:34,93.26,93.26,93.07,93.09,123.501,93.22000000,93.23000000,93.05000000,93.07000000,1843.78000000,,,,,,93.2,93.2,93.07,93.07,106.15732856
2022-03-04 10:35,93.1,93.13,93.06,93.09,80.004,93.07000000,93.10000000,93.03000000,93.06000000,1171.16000000,,,,,,93.11,93.11,93.02,93.03,247.85132859
2022-03-04 10:36,93.04,93.26,93.03,93.26,145.346,93.05000000,93.23000000,93.02000000,93.23000000,551.05000000,,,,,,93.03,93.16,93.03,93.16,45.32180126
2022-03-04 10:37,93.26,93.34,93.19,93.31,166.608,93.23000000,93.33000000,93.17000000,93.31000000,3084.62000000,93.28,93.313,93.28,93.313,0.42505904,93.2,93.31,93.17,93.26,128.27714897
2022-03-04 10:38,93.34,93.34,93.24,93.27,96.253,93.32000000,93.32000000,93.23000000,93.26000000,1424.81000000,93.35,93.35,93.35,93.35,0.5,93.28,93.28,93.27,93.27,77.79165832
2022-03-04 10:39,93.26,93.29,93.18,93.24,302.958,93.24000000,93.28000000,93.21000000,93.23000000,5592.21000000,,,,,,93.24,93.24,93.21,93.22,65.47899998
2022-03-04 10:40,93.23,93.34,93.23,93.27,178.38,93.23000000,93.32000000,93.22000000,93.28000000,1819.58000000,93.379,93.379,93.379,93.379,0.5,93.22,93.32,93.22,93.28,422.23163652
2022-03-04 10:41,93.28,93.35,93.26,93.3,180.434,93.27000000,93.34000000,93.26000000,93.32000000,1863.34000000,,,,,,93.3,93.33,93.26,93.3,137.44602616
2022-03-04 10:42,93.31,93.39,93.28,93.29,219.86,93.31000000,93.39000000,93.27000000,93.30000000,2242.17000000,93.38,93.38,93.31,93.31,30.96,93.34,93.37,93.31,93.31,140.3705
2022-03-04 10:43,93.28,93.38,93.26,93.38,118.911,93.30000000,93.37000000,93.27000000,93.36000000,1123.96000000,93.32,93.32,93.32,93.32,5.5,93.32,93.36,93.32,93.36,54.3948747
2022-03-04 10:44,93.38,93.39,93.21,93.21,171.99,93.36000000,93.37000000,93.21000000,93.22000000,1964.16000000,93.408,93.408,93.261,93.261,55.52894003,93.25,93.25,93.24,93.24,44.73443796
2022-03-04 10:45,93.29,93.36,93.19,93.25,61.965,93.22000000,93.34000000,93.21000000,93.23000000,1168.27000000,93.261,93.261,93.261,93.261,0.0001,93.24,93.34,93.24,93.34,63.80010029
2022-03-04 10:46,93.2,93.24,93.2,93.22,13.116,93.22000000,93.22000000,93.21000000,93.21000000,1051.49000000,93.307,93.307,93.307,93.307,0.27964284,93.2,93.23,93.19,93.19,123.97
2022-03-04 10:47,93.19,93.32,93.19,93.3,144.802,93.21000000,93.30000000,93.20000000,93.29000000,1032.50000000,,,,,,93.24,93.24,93.24,93.24,22.42060376
2022-03-04 10:48,93.27,93.28,93.21,93.27,112.343,93.29000000,93.29000000,93.22000000,93.24000000,1544.87000000,93.32,93.32,93.32,93.32,0.5,93.26,93.28,93.24,93.25,50.549188550000004
2022-03-04 10:49,93.27,93.31,93.23,93.24,81.509,93.24000000,93.28000000,93.21000000,93.23000000,730.87000000,,,,,,93.29,93.29,93.23,93.25,35.11335641
2022-03-04 10:50,93.26,93.3,93.23,93.27,130.506,93.23000000,93.27000000,93.21000000,93.25000000,1175.65000000,,,,,,93.26,93.28,93.26,93.28,49.38404455
2022-03-04 10:51,93.23,93.3,93.22,93.28,119.601,93.25000000,93.28000000,93.20000000,93.28000000,864.48000000,,,,,,93.29,93.31,93.29,93.31,150.0
2022-03-04 10:52,93.29,93.32,93.21,93.32,97.299,93.27000000,93.28000000,93.20000000,93.27000000,2723.15000000,93.289,93.289,93.289,93.289,5.7309,93.22,93.26,93.21,93.25,165.86010997
2022-03-04 10:53,93.34,93.35,93.25,93.28,116.541,93.27000000,93.34000000,93.26000000,93.27000000,922.32000000,93.289,93.289,93.289,93.289,6.237e-05,93.32,93.33,93.32,93.33,16.494681
2022-03-04 10:54,93.28,93.29,93.23,93.23,95.6,93.27000000,93.27000000,93.23000000,93.23000000,686.94000000,,,,,,93.29,93.29,93.29,93.29,2.0
2022-03-04 10:55,93.2,93.2,93.07,93.12,99.94,93.23000000,93.23000000,93.08000000,93.14000000,1469.35000000,93.27,93.27,93.27,93.27,5.357,93.07,93.12,93.07,93.12,39.85473311
2022-03-04 10:56,93.12,93.13,93.07,93.09,238.466,93.14000000,93.14000000,93.08000000,93.10000000,481.04000000,,,,,,93.12,93.13,93.11,93.13,24.67832755
2022-03-04 10:57,93.1,93.13,93.0,93.0,128.685,93.10000000,93.11000000,92.98000000,93.00000000,1331.89000000,93.165,93.165,93.092,93.092,5.39692035,93.1,93.1,92.99,93.02,94.40699999
2022-03-04 10:58,92.95,93.09,92.94,93.09,312.689,92.99000000,93.05000000,92.93000000,93.03000000,984.41000000,,,,,,93.01,93.03,93.01,93.01,135.94407028999998
2022-03-04 10:59,93.05,93.06,93.0,93.06,93.769,93.03000000,93.05000000,92.99000000,93.05000000,728.32000000,93.089,93.095,93.089,93.095,1.5,93.02,93.02,92.97,92.97,17.09430652
2022-03-04 11:00,93.08,93.16,93.06,93.15,270.838,93.05000000,93.18000000,93.04000000,93.18000000,1443.76000000,,,,,,93.12,93.12,93.1,93.1,33.21019
2022-03-04 11:01,93.18,93.19,92.94,93.05,354.724,93.18000000,93.19000000,92.93000000,93.01000000,1368.30000000,93.222,93.222,92.979,92.979,2.5,93.21,93.21,92.98,93.04,90.40932595
2022-03-04 11:02,93.0,93.02,92.7,92.7,1131.281,93.01000000,93.03000000,92.68000000,92.70000000,13922.55000000,92.993,92.993,92.801,92.801,331.56947818,92.96,92.97,92.72,92.72,483.92112623
2022-03-04 11:03,92.72,92.83,92.72,92.81,304.893,92.69000000,92.80000000,92.69000000,92.80000000,1488.93000000,,,,,,92.7,92.74,92.7,92.74,19.712
2022-03-04 11:04,92.82,93.11,92.82,93.11,203.108,92.80000000,93.08000000,92.80000000,93.08000000,1847.84000000,93.01,93.01,93.01,93.01,44.73760583,92.88,93.02,92.88,92.98,214.69435399
2022-03-04 11:05,93.1,93.19,93.09,93.09,323.634,93.07000000,93.17000000,93.07000000,93.07000000,864.81000000,,,,,,93.09,93.17,93.09,93.09,60.10569385
2022-03-04 11:06,93.07,93.09,93.0,93.05,118.755,93.07000000,93.07000000,93.01000000,93.03000000,758.78000000,,,,,,93.02,93.06,93.01,93.05,58.27678466
2022-03-04 11:07,93.06,93.06,92.94,93.03,343.276,93.02000000,93.03000000,92.92000000,92.98000000,606.63000000,,,,,,93.01,93.01,92.98,92.99,4.02567
2022-03-04 11:08,92.98,93.05,92.88,92.88,515.488,92.98000000,93.00000000,92.88000000,92.90000000,729.26000000,92.993,92.993,92.898,92.898,3.0,92.99,92.99,92.9,92.91,53.450780970000004
2022-03-04 11:09,92.91,92.99,92.89,92.99,613.615,92.90000000,92.98000000,92.89000000,92.91000000,642.83000000,,,,,,92.91,92.98,92.9,92.92,170.02553835
2022-03-04 11:10,92.91,92.91,92.81,92.91,183.415,92.89000000,92.90000000,92.80000000,92.89000000,1157.02000000,92.874,92.874,92.874,92.874,0.5,92.91,92.91,92.83,92.9,131.20553660000002
2022-03-04 11:11,92.91,92.91,92.78,92.81,126.868,92.88000000,92.88000000,92.77000000,92.77000000,1018.98000000,,,,,,92.84,92.87,92.8,92.8,68.43979329
2022-03-04 11:12,92.77,92.88,92.77,92.84,62.348,92.79000000,92.84000000,92.75000000,92.81000000,1066.34000000,,,,,,92.84,92.84,92.84,92.84,15.07
2022-03-04 11:13,92.83,92.92,92.83,92.84,517.975,92.81000000,92.86000000,92.81000000,92.83000000,503.53000000,,,,,,92.82,92.88,92.82,92.84,66.01337917000001
2022-03-04 11:14,92.85,92.86,92.72,92.78,207.205,92.84000000,92.84000000,92.71000000,92.75000000,1134.76000000,92.759,92.759,92.759,92.759,0.25505464,92.81,92.81,92.73,92.74,58.03329271
2022-03-04 11:15,92.78,92.93,92.78,92.82,360.769,92.75000000,92.88000000,92.74000000,92.79000000,396.73000000,92.826,92.826,92.826,92.826,0.5,92.79,92.88,92.79,92.82,88.00454438
2022-03-04 11:16,92.82,92.91,92.81,92.86,104.709,92.80000000,92.88000000,92.79000000,92.84000000,344.73000000,92.919,92.919,92.919,92.919,0.1,92.77,92.85,92.77,92.85,1.82012553
2022-03-04 11:17,92.85,92.87,92.8,92.82,96.06,92.84000000,92.87000000,92.79000000,92.81000000,985.77000000,92.917,92.917,92.917,92.917,4.782189,92.87,92.87,92.8,92.8,62.07907301
2022-03-04 11:18,92.8,92.93,92.79,92.89,159.54,92.81000000,92.90000000,92.77000000,92.86000000,580.60000000,,,,,,92.82,92.9,92.79,92.9,72.97149399
2022-03-04 11:19,92.91,92.92,92.85,92.88,30.726,92.88000000,92.90000000,92.85000000,92.86000000,451.32000000,,,,,,92.86,92.95,92.86,92.87,347.633
2022-03-04 11:20,92.89,92.93,92.86,92.91,281.998,92.86000000,92.90000000,92.83000000,92.83000000,1738.84000000,92.973,92.973,92.973,92.973,0.02866495,92.89,92.92,92.84,92.84,36.591390000000004
2022-03-04 11:21,92.84,92.92,92.8,92.82,930.338,92.83000000,92.86000000,92.80000000,92.80000000,365.36000000,,,,,,92.81,92.84,92.81,92.83,29.65979838
2022-03-04 11:22,92.81,92.85,92.68,92.73,158.426,92.81000000,92.81000000,92.66000000,92.69000000,964.24000000,,,,,,92.82,92.82,92.69,92.74,86.22680912
2022-03-04 11:23,92.75,93.01,92.75,92.99,179.135,92.71000000,92.97000000,92.71000000,92.96000000,1225.57000000,92.935,92.935,92.935,92.935,0.2,92.79,92.97,92.79,92.96,351.23227897
2022-03-04 11:24,93.02,93.08,93.0,93.04,175.391,92.97000000,93.05000000,92.97000000,93.01000000,937.69000000,,,,,,93.03,93.03,92.97,93.02,511.15917086
2022-03-04 11:25,93.01,93.07,92.99,93.05,200.368,93.00000000,93.04000000,92.96000000,93.02000000,972.22000000,,,,,,92.99,93.04,92.98,93.01,45.31918118
2022-03-04 11:26,93.03,93.06,92.96,92.98,70.783,93.02000000,93.03000000,92.95000000,92.96000000,475.83000000,93.049,93.049,93.016,93.016,5.03925786,93.01,93.01,93.01,93.01,9.63783476
2022-03-04 11:27,92.98,93.04,92.97,92.97,184.966,92.98000000,93.01000000,92.96000000,92.97000000,252.38000000,92.993,92.993,92.993,92.993,0.03402594,92.95,92.95,92.95,92.95,2.92336
2022-03-04 11:28,93.0,93.0,92.92,92.95,168.852,92.96000000,92.97000000,92.92000000,92.94000000,694.45000000,,,,,,92.99,92.99,92.92,92.97,101.10162841
2022-03-04 11:29,92.98,93.13,92.98,93.1,33.22,92.96000000,93.10000000,92.95000000,93.10000000,487.66000000,,,,,,92.98,93.01,92.98,93.01,16.01048776
2022-03-04 11:30,93.11,93.22,93.09,93.13,330.098,93.09000000,93.19000000,93.08000000,93.11000000,903.34000000,93.108,93.108,93.108,93.108,0.19268343,93.13,93.18,93.08,93.08,149.27094908
2022-03-04 11:31,93.1,93.19,93.0,93.06,224.719,93.11000000,93.14000000,93.00000000,93.04000000,1173.78000000,,,,,,93.14,93.14,92.99,93.08,191.99112438
2022-03-04 11:32,93.06,93.11,92.95,93.1,211.706,93.03000000,93.08000000,92.95000000,93.08000000,904.23000000,,,,,,93.03,93.03,92.96,92.96,80.7399995
2022-03-04 11:33,93.11,93.22,93.09,93.21,196.589,93.09000000,93.20000000,93.06000000,93.19000000,766.72000000,93.243,93.243,93.243,93.243,0.02216179,93.06,93.19,93.06,93.19,82.45928525
2022-03-04 11:34,93.25,93.28,93.22,93.27,50.159,93.19000000,93.26000000,93.19000000,93.22000000,1192.22000000,,,,,,93.23,93.23,93.21,93.21,39.333789
2022-03-04 11:35,93.27,93.33,93.15,93.27,332.011,93.22000000,93.31000000,93.15000000,93.23000000,2189.56000000,,,,,,93.34,93.34,93.19,93.23,171.22194353
2022-03-04 11:36,93.25,93.27,93.2,93.27,26.058,93.23000000,93.24000000,93.21000000,93.23000000,463.09000000,,,,,,93.23,93.23,93.23,93.23,0.22951088
2022-03-04 11:37,93.19,93.25,93.15,93.22,374.217,93.23000000,93.23000000,93.15000000,93.19000000,736.07000000,,,,,,93.2,93.24,93.15,93.19,144.17642302000002
2022-03-04 11:38,93.18,93.2,93.12,93.18,182.722,93.20000000,93.20000000,93.11000000,93.14000000,476.59000000,93.201,93.201,93.201,93.201,4.75641548,93.12,93.2,93.12,93.18,218.80611083
2022-03-04 11:39,93.17,93.21,93.12,93.21,350.338,93.15000000,93.18000000,93.09000000,93.18000000,1129.26000000,,,,,,93.13,93.14,93.12,93.13,90.17273293
2022-03-04 11:40,93.19,93.24,93.15,93.24,332.246,93.16000000,93.21000000,93.12000000,93.21000000,279.08000000,,,,,,93.21,93.21,93.21,93.21,23.01538
2022-03-04 11:41,93.24,93.33,93.24,93.33,52.8,93.20000000,93.28000000,93.20000000,93.28000000,565.18000000,93.263,93.363,93.263,93.363,6.63384425,93.22,93.31,93.22,93.31,31.83176586
2022-03-04 11:42,93.34,93.39,93.31,93.39,140.296,93.29000000,93.35000000,93.28000000,93.35000000,676.32000000,93.379,93.379,93.379,93.379,1.0,93.29,93.35,93.29,93.35,66.25049073
2022-03-04 11:43,93.38,93.38,93.32,93.34,149.537,93.35000000,93.36000000,93.30000000,93.31000000,1333.78000000,93.402,93.402,93.402,93.402,1.0,93.34,93.36,93.31,93.31,114.85596085
2022-03-04 11:44,93.34,93.34,93.09,93.15,408.765,93.31000000,93.32000000,93.05000000,93.13000000,1854.35000000,93.272,93.272,93.246,93.259,49.32424094,93.33,93.33,93.07,93.15,385.03870546999997
2022-03-04 11:45,93.13,93.13,93.05,93.13,127.391,93.15000000,93.15000000,93.01000000,93.10000000,1295.59000000,93.125,93.125,93.125,93.125,0.29172344,93.07,93.12,93.04,93.12,566.95265236
2022-03-04 11:46,93.13,93.17,93.06,93.15,285.051,93.11000000,93.14000000,93.05000000,93.14000000,700.84000000,,,,,,93.1,93.14,93.03,93.14,319.4593176
2022-03-04 11:47,93.12,93.22,93.11,93.15,295.032,93.13000000,93.18000000,93.10000000,93.12000000,488.17000000,,,,,,93.16,93.17,93.07,93.11,82.73284755
2022-03-04 11:48,93.15,93.25,93.14,93.25,185.561,93.12000000,93.25000000,93.11000000,93.24000000,878.39000000,93.257,93.29,93.257,93.29,0.52907763,93.15,93.26,93.11,93.21,148.85633662
2022-03-04 11:49,93.26,93.39,93.26,93.32,108.039,93.24000000,93.35000000,93.24000000,93.27000000,772.99000000,,,,,,93.28,93.32,93.27,93.32,319.42632847
2022-03-04 11:50,93.31,93.46,93.3,93.43,327.142,93.28000000,93.42000000,93.27000000,93.42000000,1190.78000000,93.33,93.33,93.33,93.33,3.85542214,93.34,93.39,93.34,93.39,47.08677469
2022-03-04 11:51,93.45,93.46,93.34,93.41,98.859,93.41000000,93.43000000,93.32000000,93.37000000,686.64000000,93.493,93.493,93.427,93.428,43.69561944,93.41,93.41,93.31,93.32,39.63194153
2022-03-04 11:52,93.4,93.49,93.38,93.49,106.732,93.37000000,93.47000000,93.36000000,93.47000000,707.05000000,93.46,93.497,93.43,93.497,277.9409,93.37,93.48,93.37,93.48,23.92634469
2022-03-04 11:53,93.5,93.93,93.47,93.81,2501.377,93.47000000,93.90000000,93.45000000,93.78000000,8460.43000000,93.497,93.999,93.497,93.91,932.29689854,93.47,93.86,93.46,93.79,3027.74269398
2022-03-04 11:54,93.82,93.86,93.75,93.81,227.178,93.77000000,93.82000000,93.74000000,93.79000000,1215.06000000,93.805,93.805,93.805,93.805,2.0,93.79,93.8,93.76,93.79,268.66778293
2022-03-04 11:55,93.85,93.85,93.65,93.75,390.099,93.80000000,93.84000000,93.63000000,93.76000000,3686.01000000,,,,,,93.81,93.81,93.64,93.76,240.49531775
2022-03-04 11:56,93.77,93.77,93.61,93.69,852.229,93.75000000,93.76000000,93.59000000,93.65000000,1533.52000000,93.728,93.728,93.728,93.728,0.22,93.71,93.71,93.65,93.68,151.25206230999999
2022-03-04 11:57,93.66,93.66,93.53,93.57,341.342,93.66000000,93.67000000,93.51000000,93.54000000,1258.22000000,,,,,,93.63,93.63,93.55,93.55,132.71837913000002
2022-03-04 11:58,93.57,93.57,93.17,93.29,2378.34,93.54000000,93.54000000,93.15000000,93.27000000,3513.43000000,93.313,93.313,93.276,93.304,1.35872394,93.5,93.5,93.19,93.38,1011.7244832599999
2022-03-04 11:59,93.32,93.36,93.07,93.18,1215.738,93.27000000,93.34000000,93.02000000,93.16000000,2836.91000000,93.316,93.316,93.118,93.118,18.96462252,93.26,93.26,93.05,93.2,393.82069184
2022-03-04 12:00,93.2,93.5,93.2,93.34,410.886,93.16000000,93.43000000,93.15000000,93.32000000,1191.99000000,93.283,93.528,93.283,93.528,82.60304782,93.28,93.47,93.26,93.35,457.65996739
2022-03-04 12:01,93.37,93.38,93.29,93.35,232.506,93.32000000,93.34000000,93.24000000,93.30000000,1067.01000000,93.388,93.388,93.387,93.387,1.0,93.35,93.37,93.25,93.25,55.36758097
2022-03-04 12:02,93.31,93.33,93.22,93.33,109.43,93.29000000,93.29000000,93.19000000,93.27000000,1224.32000000,,,,,,93.25,93.26,93.24,93.26,48.95915842
2022-03-04 12:03,93.27,93.27,93.15,93.22,152.274,93.26000000,93.26000000,93.08000000,93.19000000,888.36000000,93.258,93.258,93.239,93.239,8.85,93.25,93.25,93.17,93.2,207.26299123
2022-03-04 12:04,93.19,93.26,93.18,93.26,206.172,93.18000000,93.22000000,93.17000000,93.22000000,1319.59000000,,,,,,93.25,93.25,93.22,93.24,169.11969264
2022-03-04 12:05,93.26,93.35,93.22,93.33,662.347,93.22000000,93.33000000,93.22000000,93.29000000,749.28000000,,,,,,93.22,93.22,93.22,93.22,0.2
2022-03-04 12:06,93.29,93.29,93.15,93.16,536.082,93.28000000,93.28000000,93.11000000,93.17000000,836.92000000,,,,,,93.21,93.21,93.17,93.21,228.42586594
2022-03-04 12:07,93.16,93.18,92.87,92.88,745.072,93.17000000,93.17000000,92.86000000,92.87000000,2877.19000000,93.18,93.18,93.008,93.008,4.53738041,93.14,93.14,92.89,92.89,142.96136236
2022-03-04 12:08,92.87,92.93,92.77,92.77,713.132,92.89000000,92.92000000,92.76000000,92.76000000,2147.16000000,92.95,92.95,92.85,92.85,6.0,92.89,92.95,92.76,92.84,213.22070971
2022-03-04 12:09,92.78,92.82,92.4,92.4,2164.974,92.77000000,92.79000000,92.41000000,92.41000000,4519.05000000,92.8,92.8,92.498,92.498,38.559998889999996,92.8,92.82,92.41,92.41,542.38480636
2022-03-04 12:10,92.42,92.6,92.41,92.58,841.064,92.41000000,92.59000000,92.38000000,92.56000000,2449.98000000,92.5,92.529,92.5,92.529,4.9979,92.46,92.59,92.4,92.56,367.36538536
2022-03-04 12:11,92.56,92.66,92.44,92.47,865.573,92.56000000,92.65000000,92.45000000,92.45000000,1581.37000000,92.65,92.65,92.5,92.5,1.5,92.58,92.65,92.46,92.46,383.68175418
2022-03-04 12:12,92.46,92.72,92.46,92.52,1299.732,92.46000000,92.70000000,92.46000000,92.53000000,2292.23000000,,,,,,92.49,92.73,92.49,92.57,745.55769639
2022-03-04 12:13,92.55,92.66,92.49,92.61,811.234,92.54000000,92.65000000,92.50000000,92.61000000,1164.55000000,,,,,,92.57,92.68,92.54,92.65,261.04096729
2022-03-04 12:14,92.61,92.7,92.58,92.65,837.372,92.63000000,92.69000000,92.60000000,92.65000000,923.07000000,92.7,92.7,92.7,92.7,1.0,92.69,92.69,92.65,92.65,131.65358185
2022-03-04 12:15,92.67,92.73,92.63,92.68,529.687,92.64000000,92.73000000,92.63000000,92.67000000,1018.58000000,,,,,,92.64,92.69,92.64,92.69,15.5
2022-03-04 12:16,92.68,92.7,92.54,92.54,1057.294,92.66000000,92.71000000,92.56000000,92.56000000,1034.59000000,,,,,,92.65,92.65,92.57,92.64,344.84674318
2022-03-04 12:17,92.56,92.7,92.54,92.64,911.363,92.56000000,92.69000000,92.55000000,92.65000000,824.79000000,,,,,,92.72,92.72,92.69,92.69,17.075679989999998
2022-03-04 12:18,92.63,92.7,92.59,92.61,433.103,92.65000000,92.71000000,92.60000000,92.62000000,533.59000000,92.71,92.71,92.71,92.71,8.0,92.67,92.69,92.62,92.62,85.71448389
2022-03-04 12:19,92.66,92.83,92.59,92.72,1482.074,92.63000000,92.81000000,92.62000000,92.70000000,4181.77000000,92.785,92.8,92.785,92.8,24.38,92.64,92.81,92.63,92.75,469.50046715
2022-03-04 12:20,92.69,92.75,92.57,92.68,1119.016,92.70000000,92.73000000,92.60000000,92.66000000,1525.62000000,92.8,92.8,92.8,92.8,1.0,92.68,92.74,92.64,92.71,256.22616324
2022-03-04 12:21,92.68,92.7,92.45,92.48,1015.946,92.67000000,92.71000000,92.47000000,92.47000000,1823.73000000,92.628,92.628,92.628,92.628,0.56479607,92.7,92.7,92.5,92.51,543.59766295
2022-03-04 12:22,92.48,92.49,92.26,92.33,1003.475,92.47000000,92.49000000,92.28000000,92.34000000,1962.42000000,92.554,92.554,92.325,92.4,15.96654089,92.42,92.42,92.29,92.31,131.06039032
2022-03-04 12:23,92.29,92.39,92.2,92.39,1032.007,92.34000000,92.40000000,92.22000000,92.39000000,1167.19000000,92.4,92.4,92.359,92.359,3.57136404,92.28,92.29,92.23,92.27,209.93887339
2022-03-04 12:24,92.37,92.44,92.35,92.42,776.816,92.38000000,92.44000000,92.36000000,92.42000000,463.98000000,92.515,92.515,92.515,92.515,0.03,92.39,92.44,92.39,92.42,68.28070925
2022-03-04 12:25,92.43,92.43,92.04,92.08,1473.097,92.43000000,92.43000000,92.06000000,92.09000000,3489.95000000,92.295,92.295,92.101,92.101,15.62556789,92.39,92.39,92.06,92.11,637.83586546
2022-03-04 12:26,92.08,92.23,92.08,92.16,965.003,92.09000000,92.23000000,92.09000000,92.17000000,1366.05000000,92.102,92.102,92.102,92.102,0.5,92.12,92.25,92.12,92.15,448.79914606
2022-03-04 12:27,92.16,92.16,91.96,92.06,2036.094,92.16000000,92.17000000,91.94000000,92.09000000,3818.19000000,92.099,92.099,92.02,92.02,1.54268425,92.05,92.12,91.95,92.09,414.31362273
2022-03-04 12:28,92.07,92.15,91.83,92.0,1234.211,92.08000000,92.15000000,91.82000000,92.01000000,3686.94000000,92.001,92.107,92.001,92.107,0.69223534,92.08,92.08,91.87,91.99,405.33021659
2022-03-04 12:29,92.01,92.09,91.86,91.88,1325.586,92.01000000,92.10000000,91.88000000,91.89000000,1540.50000000,92.05,92.114,91.904,91.904,528.9349540000001,92.05,92.1,91.91,91.91,407.7022854
2022-03-04 12:30,91.89,92.06,91.89,91.98,689.235,91.89000000,92.08000000,91.88000000,92.01000000,697.56000000,92.131,92.131,92.131,92.131,1.5,92.07,92.08,91.96,91.99,358.13553783
2022-03-04 12:31,92.01,92.12,91.9,91.94,1224.186,92.01000000,92.13000000,91.91000000,91.95000000,1801.43000000,92.131,92.199,91.952,91.952,5.6299,92.12,92.12,91.92,91.96,499.2876533
2022-03-04 12:32,91.92,91.93,91.69,91.72,2645.81,91.95000000,91.95000000,91.69000000,91.74000000,2738.45000000,91.998,91.998,91.798,91.798,1.78446368,91.89,91.95,91.69,91.76,567.04407513
2022-03-04 12:33,91.68,91.93,91.64,91.92,1178.484,91.73000000,91.93000000,91.66000000,91.93000000,3223.77000000,91.748,91.748,91.748,91.748,2.5,91.68,91.85,91.67,91.84,335.98431025
2022-03-04 12:34,91.93,92.07,91.93,92.07,946.438,91.92000000,92.08000000,91.92000000,92.08000000,1942.38000000,,,,,,91.96,92.12,91.96,92.07,896.74378559
2022-03-04 12:35,92.04,92.28,92.04,92.25,1252.945,92.06000000,92.31000000,92.06000000,92.28000000,3081.95000000,92.281,92.281,92.281,92.281,0.54446368,92.05,92.34,92.03,92.28,855.46025082
2022-03-04 12:36,92.26,92.31,92.09,92.14,1761.433,92.28000000,92.33000000,92.10000000,92.15000000,2894.30000000,92.272,92.3,92.261,92.271,375.10540218,92.3,92.3,92.16,92.16,389.90696476
2022-03-04 12:37,92.16,92.17,92.01,92.08,1236.629,92.14000000,92.19000000,92.03000000,92.09000000,2653.73000000,92.17,92.17,92.127,92.127,20.27,92.19,92.19,91.98,92.1,699.14930113
2022-03-04 12:38,92.11,92.24,92.11,92.19,596.945,92.09000000,92.24000000,92.08000000,92.21000000,935.21000000,92.193,92.193,92.193,92.193,0.04441659,92.19,92.19,92.13,92.19,145.01892522
2022-03-04 12:39,92.19,92.44,92.17,92.43,1028.343,92.21000000,92.47000000,92.21000000,92.44000000,2865.31000000,92.346,92.418,92.346,92.418,101.2409,92.22,92.46,92.22,92.46,590.82820921
2022-03-04 12:40,92.4,92.68,92.35,92.61,2705.064,92.43000000,92.67000000,92.39000000,92.60000000,2561.01000000,92.56,92.583,92.481,92.583,1.14268425,92.4,92.67,92.36,92.59,673.69136156
2022-03-04 12:41,92.6,92.63,92.41,92.48,429.853,92.60000000,92.62000000,92.40000000,92.51000000,1815.50000000,,,,,,92.58,92.62,92.4,92.47,263.92651995
2022-03-04 12:42,92.48,92.56,92.36,92.54,512.311,92.51000000,92.56000000,92.31000000,92.52000000,7871.22000000,92.48,92.48,92.443,92.47,332.43273127,92.52,92.55,92.4,92.46,312.02201969
2022-03-04 12:43,92.59,92.66,92.46,92.53,716.122,92.52000000,92.62000000,92.44000000,92.49000000,1690.72000000,,,,,,92.62,92.62,92.45,92.57,293.55747342
2022-03-04 12:44,92.53,92.69,92.51,92.69,146.826,92.49000000,92.66000000,92.47000000,92.66000000,454.70000000,,,,,,92.52,92.68,92.52,92.68,161.85648334
2022-03-04 12:45,92.7,92.78,92.64,92.74,558.121,92.65000000,92.74000000,92.61000000,92.74000000,752.00000000,92.699,92.699,92.699,92.699,0.1,92.69,92.73,92.61,92.7,226.09900988
2022-03-04 12:46,92.78,92.81,92.56,92.56,554.362,92.74000000,92.77000000,92.55000000,92.56000000,855.78000000,92.621,92.621,92.621,92.621,0.5,92.74,92.78,92.53,92.54,529.23511639
2022-03-04 12:47,92.58,92.59,92.39,92.39,416.856,92.56000000,92.57000000,92.36000000,92.36000000,432.54000000,92.521,92.521,92.521,92.521,0.28800433,92.59,92.59,92.35,92.35,441.81256421
2022-03-04 12:48,92.39,92.41,92.33,92.37,205.269,92.37000000,92.40000000,92.32000000,92.39000000,1353.58000000,,,,,,92.35,92.41,92.31,92.32,278.50909496
2022-03-04 12:49,92.4,92.53,92.38,92.42,270.239,92.39000000,92.48000000,92.37000000,92.41000000,1124.93000000,,,,,,92.48,92.48,92.41,92.41,141.38184181
2022-03-04 12:50,92.44,92.44,92.16,92.32,429.23,92.40000000,92.42000000,92.15000000,92.29000000,1928.87000000,92.32,92.32,92.32,92.32,0.03498533,92.4,92.4,92.3,92.3,145.77992584999998
2022-03-04 12:51,92.32,92.36,92.29,92.33,136.973,92.30000000,92.35000000,92.28000000,92.30000000,638.58000000,,,,,,92.34,92.34,92.3,92.31,196.22871504
2022-03-04 12:52,92.32,92.32,92.15,92.24,347.126,92.29000000,92.32000000,92.12000000,92.21000000,1559.93000000,,,,,,92.28,92.28,92.13,92.21,364.72258667
2022-03-04 12:53,92.27,92.28,92.17,92.17,176.192,92.23000000,92.25000000,92.16000000,92.16000000,476.52000000,,,,,,92.28,92.29,92.21,92.21,517.9576090099999
2022-03-04 12:54,92.17,92.3,92.16,92.3,106.144,92.17000000,92.27000000,92.15000000,92.26000000,622.77000000,92.205,92.349,92.205,92.349,0.0673697,92.18,92.3,92.17,92.3,267.18521791
2022-03-04 12:55,92.31,92.43,92.25,92.25,175.303,92.27000000,92.38000000,92.23000000,92.23000000,725.39000000,,,,,,92.34,92.36,92.23,92.23,205.17815878
2022-03-04 12:56,92.26,92.29,91.96,92.09,855.913,92.23000000,92.26000000,91.92000000,92.08000000,3046.99000000,92.099,92.099,92.055,92.055,47.9197911,92.28,92.28,91.95,92.06,411.0257294
2022-03-04 12:57,92.09,92.16,92.03,92.12,508.374,92.07000000,92.16000000,92.04000000,92.10000000,912.07000000,92.171,92.171,92.171,92.171,6.14,92.11,92.14,92.01,92.1,477.74985668
2022-03-04 12:58,92.12,92.17,92.03,92.03,173.584,92.10000000,92.14000000,92.03000000,92.04000000,392.14000000,92.188,92.2,92.122,92.122,10.64,92.08,92.12,92.05,92.05,165.64561285
2022-03-04 12:59,92.05,92.49,92.02,92.42,264.021,92.04000000,92.48000000,92.03000000,92.40000000,3225.78000000,92.519,92.519,92.519,92.519,12.27292512,92.03,92.46,92.0,92.43,666.37322588
2022-03-04 13:00,92.41,92.58,92.37,92.44,347.559,92.41000000,92.55000000,92.37000000,92.43000000,1133.58000000,92.519,92.618,92.519,92.618,289.34239698,92.44,92.55,92.43,92.55,19.0110964
2022-03-04 13:01,92.46,92.51,92.07,92.23,471.439,92.41000000,92.50000000,92.09000000,92.23000000,2653.46000000,92.202,92.23,92.202,92.23,166.91402066999999,92.49,92.49,92.13,92.24,235.27172514
2022-03-04 13:02,92.25,92.38,92.13,92.35,483.15,92.23000000,92.36000000,92.10000000,92.36000000,1296.01000000,,,,,,92.3,92.38,92.3,92.38,96.54572300000001
2022-03-04 13:03,92.35,92.45,92.27,92.35,413.298,92.36000000,92.44000000,92.26000000,92.32000000,1100.63000000,,,,,,92.48,92.5,92.3,92.31,178.90104945000002
2022-03-04 13:04,92.33,92.39,92.24,92.25,664.753,92.31000000,92.35000000,92.24000000,92.24000000,1032.72000000,92.376,92.376,92.376,92.376,0.02529063,92.36,92.36,92.22,92.23,916.36361402
2022-03-04 13:05,92.26,92.32,92.17,92.2,476.102,92.24000000,92.31000000,92.18000000,92.19000000,1458.05000000,92.281,92.281,92.281,92.281,5.415,92.19,92.28,92.18,92.18,269.92991991
2022-03-04 13:06,92.2,92.4,92.2,92.36,166.934,92.20000000,92.39000000,92.20000000,92.35000000,562.73000000,,,,,,92.32,92.41,92.32,92.36,194.2973232
2022-03-04 13:07,92.39,92.51,92.36,92.5,516.131,92.37000000,92.52000000,92.35000000,92.47000000,1278.15000000,,,,,,92.52,92.54,92.44,92.44,309.29519949
2022-03-04 13:08,92.42,92.58,92.38,92.47,112.501,92.44000000,92.57000000,92.40000000,92.47000000,867.01000000,92.494,92.675,92.494,92.675,16.0,92.57,92.57,92.44,92.44,379.14732843999997
2022-03-04 13:09,92.48,92.48,92.36,92.43,96.722,92.46000000,92.47000000,92.37000000,92.40000000,1201.83000000,,,,,,92.43,92.45,92.36,92.43,178.50539798
2022-03-04 13:10,92.39,92.4,92.28,92.34,157.246,92.41000000,92.41000000,92.30000000,92.32000000,427.88000000,,,,,,92.38,92.38,92.29,92.29,132.78184966
2022-03-04 13:11,92.33,92.47,92.25,92.41,370.189,92.31000000,92.45000000,92.25000000,92.41000000,734.63000000,92.35,92.411,92.35,92.411,7.41473246,92.37,92.44,92.26,92.39,234.57892417
2022-03-04 13:12,92.43,92.5,92.41,92.44,320.295,92.41000000,92.47000000,92.40000000,92.41000000,723.04000000,,,,,,92.48,92.49,92.48,92.48,83.59063422
2022-03-04 13:13,92.41,92.43,92.26,92.26,647.163,92.40000000,92.43000000,92.25000000,92.26000000,1008.70000000,,,,,,92.41,92.46,92.31,92.31,183.9088236
2022-03-04 13:14,92.28,92.29,92.04,92.14,216.262,92.26000000,92.28000000,92.02000000,92.11000000,1020.98000000,92.32,92.32,92.32,92.32,0.02608028,92.31,92.31,92.06,92.15,475.6774767
2022-03-04 13:15,92.15,92.49,92.14,92.41,367.972,92.12000000,92.42000000,92.12000000,92.37000000,1637.15000000,,,,,,92.12,92.47,92.12,92.36,597.81934127
2022-03-04 13:16,92.4,92.43,92.34,92.35,58.221,92.37000000,92.38000000,92.31000000,92.31000000,472.42000000,,,,,,92.34,92.39,92.34,92.35,213.09463466
2022-03-04 13:17,92.34,92.41,92.29,92.29,190.279,92.32000000,92.38000000,92.26000000,92.27000000,743.01000000,92.459,92.459,92.459,92.459,1.5,92.35,92.39,92.3,92.3,200.57738144
2022-03-04 13:18,92.34,92.34,92.24,92.29,114.216,92.29000000,92.31000000,92.22000000,92.31000000,1146.14000000,,,,,,92.29,92.32,92.22,92.32,182.95416042
2022-03-04 13:19,92.35,92.37,92.22,92.25,109.091,92.32000000,92.34000000,92.18000000,92.23000000,683.18000000,92.316,92.316,92.31,92.31,13.0,92.31,92.31,92.17,92.24,155.22346508
2022-03-04 13:20,92.25,92.26,92.2,92.25,97.853,92.23000000,92.24000000,92.17000000,92.19000000,464.92000000,,,,,,92.22,92.22,92.18,92.22,65.90374178
2022-03-04 13:21,92.25,92.34,92.17,92.34,249.348,92.20000000,92.30000000,92.17000000,92.30000000,692.09000000,92.25,92.353,92.25,92.353,40.5,92.23,92.31,92.2,92.3,386.97232704
2022-03-04 13:22,92.34,92.45,92.34,92.45,1629.534,92.31000000,92.40000000,92.31000000,92.37000000,534.98000000,,,,,,92.29,92.44,92.29,92.37,175.7953394
2022-03-04 13:23,92.4,92.51,92.38,92.41,431.839,92.39000000,92.48000000,92.36000000,92.42000000,1027.32000000,92.459,92.52,92.459,92.52,3.8329,92.39,92.48,92.35,92.44,129.62882879
2022-03-04 13:24,92.47,92.58,92.39,92.39,429.159,92.41000000,92.56000000,92.37000000,92.37000000,1067.92000000,,,,,,92.44,92.56,92.4,92.45,330.70308593
2022-03-04 13:25,92.4,92.55,92.38,92.5,223.343,92.38000000,92.52000000,92.35000000,92.48000000,287.41000000,92.48,92.48,92.48,92.48,1.0,92.37,92.47,92.37,92.47,186.38582947
2022-03-04 13:26,92.52,92.71,92.52,92.6,279.822,92.48000000,92.67000000,92.47000000,92.60000000,863.04000000,92.688,92.701,92.688,92.701,21.55696866,92.52,92.7,92.52,92.64,607.00251048
2022-03-04 13:27,92.6,92.69,92.52,92.69,1165.312,92.60000000,92.64000000,92.56000000,92.61000000,586.65000000,,,,,,92.63,92.66,92.58,92.63,150.99498965
2022-03-04 13:28,92.66,92.78,92.65,92.69,337.502,92.61000000,92.72000000,92.61000000,92.68000000,1337.95000000,92.681,92.681,92.681,92.681,5.0,92.67,92.75,92.67,92.69,538.8080255
2022-03-04 13:29,92.72,92.77,92.69,92.77,417.605,92.68000000,92.75000000,92.67000000,92.75000000,160.22000000,,,,,,92.69,92.76,92.69,92.7,286.93069999
2022-03-04 13:30,92.77,93.48,92.76,93.31,7209.966,92.75000000,93.39000000,92.74000000,93.28000000,9049.98000000,92.857,93.35,92.857,93.286,557.09117819,92.78,93.39,92.78,93.29,1452.63793485
2022-03-04 13:31,93.34,93.41,93.22,93.36,1156.831,93.29000000,93.36000000,93.17000000,93.32000000,3787.11000000,93.408,93.508,93.408,93.508,640.0,93.33,93.39,93.19,93.36,365.16514082
2022-03-04 13:32,93.41,93.87,93.41,93.66,2992.942,93.32000000,93.80000000,93.32000000,93.64000000,12614.53000000,93.58,93.81,93.548,93.66,344.63035123,93.38,93.78,93.38,93.67,1325.61782777
2022-03-04 13:33,93.68,93.76,93.4,93.51,965.73,93.63000000,93.70000000,93.38000000,93.49000000,4193.78000000,93.613,93.613,93.504,93.536,313.02677762,93.63,93.71,93.42,93.5,394.57247696
2022-03-04 13:34,93.53,93.53,93.07,93.07,1123.268,93.48000000,93.53000000,93.05000000,93.05000000,7738.45000000,93.47,93.47,93.098,93.098,627.86493104,93.45,93.45,93.08,93.08,551.37095272
2022-03-04 13:35,93.07,93.13,92.43,92.44,1171.738,93.05000000,93.09000000,92.44000000,92.45000000,5895.80000000,93.046,93.046,92.438,92.438,15.7573793,93.11,93.11,92.4,92.52,1170.68654708
2022-03-04 13:36,92.42,92.7,92.24,92.64,1804.768,92.45000000,92.68000000,92.26000000,92.61000000,5161.34000000,92.419,92.734,92.401,92.734,41.85091056,92.47,92.68,92.27,92.6,597.06091191
2022-03-04 13:37,92.64,92.86,92.63,92.75,927.764,92.62000000,92.86000000,92.62000000,92.76000000,1241.89000000,92.887,92.887,92.887,92.887,0.54,92.67,92.88,92.65,92.75,793.4594468600001
2022-03-04 13:38,92.75,92.81,92.65,92.7,720.123,92.75000000,92.80000000,92.64000000,92.68000000,948.31000000,92.866,92.866,92.68,92.68,1.3199999999999998,92.75,92.83,92.64,92.73,572.88984539
2022-03-04 13:39,92.7,92.86,92.6,92.85,240.282,92.70000000,92.83000000,92.58000000,92.83000000,861.12000000,,,,,,92.69,92.84,92.69,92.84,38.224652909999996
2022-03-04 13:40,92.86,93.05,92.81,92.81,527.561,92.83000000,93.03000000,92.80000000,92.80000000,2332.04000000,92.887,93.118,92.887,92.998,12.844659579999998,92.84,93.04,92.8,92.83,700.45990526
2022-03-04 13:41,92.82,92.94,92.77,92.87,408.597,92.80000000,92.93000000,92.78000000,92.85000000,1513.35000000,92.909,92.909,92.909,92.909,0.5,92.81,92.93,92.79,92.88,469.39091148
2022-03-04 13:42,92.9,92.9,92.67,92.71,388.146,92.86000000,92.86000000,92.64000000,92.66000000,2342.36000000,92.81,92.81,92.79,92.79,11.120000000000001,92.81,92.81,92.66,92.66,465.27517714
2022-03-04 13:43,92.72,92.73,92.5,92.6,197.54,92.66000000,92.71000000,92.51000000,92.58000000,1564.64000000,92.702,92.702,92.702,92.702,0.5314,92.68,92.7,92.5,92.56,272.19681708
2022-03-04 13:44,92.61,92.67,92.53,92.53,609.046,92.60000000,92.65000000,92.52000000,92.52000000,582.64000000,,,,,,92.61,92.67,92.53,92.53,98.85952735000001
2022-03-04 13:45,92.54,92.79,92.48,92.69,726.994,92.51000000,92.77000000,92.48000000,92.66000000,1321.81000000,92.669,92.798,92.669,92.798,5.89,92.53,92.78,92.46,92.64,179.61828795
2022-03-04 13:46,92.69,92.75,92.46,92.49,349.076,92.66000000,92.71000000,92.44000000,92.50000000,1234.40000000,92.671,92.671,92.671,92.671,1.506275,92.69,92.72,92.45,92.45,255.22584332
2022-03-04 13:47,92.46,92.53,92.38,92.43,461.083,92.49000000,92.51000000,92.35000000,92.39000000,1617.34000000,,,,,,92.39,92.52,92.38,92.42,307.31106895
2022-03-04 13:48,92.43,92.47,92.35,92.44,283.607,92.40000000,92.42000000,92.32000000,92.40000000,705.07000000,,,,,,92.4,92.44,92.2,92.39,2353.30782263
2022-03-04 13:49,92.45,92.54,92.35,92.35,292.659,92.40000000,92.50000000,92.32000000,92.32000000,740.33000000,92.54,92.54,92.487,92.487,0.52184468,92.46,92.5,92.3,92.3,380.25759773
2022-03-04 13:50,92.31,92.36,92.15,92.32,3826.349,92.31000000,92.34000000,92.16000000,92.32000000,1959.24000000,92.401,92.401,92.401,92.401,0.54091056,92.3,92.35,92.13,92.21,3115.6717663
2022-03-04 13:51,92.3,92.34,92.16,92.21,695.823,92.31000000,92.32000000,92.17000000,92.22000000,1063.86000000,,,,,,92.28,92.31,92.14,92.23,242.17696631
2022-03-04 13:52,92.21,92.26,92.15,92.2,1222.757,92.22000000,92.24000000,92.14000000,92.21000000,1195.92000000,92.269,92.27,92.269,92.27,32.53079587,92.23,92.23,92.12,92.2,199.07480742
2022-03-04 13:53,92.16,92.17,91.96,91.96,1138.038,92.20000000,92.20000000,91.98000000,91.99000000,3656.89000000,92.118,92.118,92.099,92.099,0.6426,92.17,92.17,91.95,91.97,923.02882765
2022-03-04 13:54,91.95,91.99,91.77,91.96,774.199,91.98000000,91.98000000,91.80000000,91.96000000,1992.02000000,92.099,92.099,91.826,91.915,119.50008425,91.97,91.97,91.72,91.93,3863.61604031
2022-03-04 13:55,91.97,92.01,91.76,91.77,405.359,91.95000000,91.99000000,91.77000000,91.77000000,1428.44000000,91.818,91.818,91.818,91.818,1.0,91.93,91.93,91.7,91.8,1649.61736135
2022-03-04 13:56,91.79,91.95,91.71,91.78,562.327,91.78000000,91.94000000,91.72000000,91.75000000,1718.75000000,91.804,91.885,91.801,91.885,3.43986222,91.79,91.9,91.77,91.8,858.02902196
2022-03-04 13:57,91.75,91.86,91.71,91.86,286.686,91.75000000,91.84000000,91.71000000,91.84000000,1165.91000000,91.798,91.85,91.798,91.85,102.0444,91.8,91.87,91.71,91.87,554.774815
2022-03-04 13:58,91.86,91.97,91.8,91.97,552.44,91.85000000,91.95000000,91.81000000,91.95000000,946.84000000,,,,,,91.88,91.99,91.85,91.99,497.97680442
2022-03-04 13:59,91.94,92.06,91.92,92.02,378.864,91.94000000,92.05000000,91.92000000,92.04000000,693.52000000,92.003,92.11,92.003,92.11,2.0,91.95,92.07,91.95,92.07,248.48212281
2022-03-04 14:00,92.04,92.08,91.96,92.07,247.177,92.04000000,92.07000000,91.98000000,92.05000000,1169.17000000,92.135,92.135,92.061,92.061,2.0,91.99,92.08,91.96,92.03,506.09240848
2022-03-04 14:01,92.02,92.13,92.01,92.05,209.581,92.05000000,92.11000000,92.00000000,92.05000000,1350.70000000,92.103,92.104,92.103,92.104,27.9355,92.03,92.1,92.01,92.09,572.42971241
2022-03-04 14:02,92.1,92.24,92.1,92.17,637.82,92.04000000,92.20000000,92.04000000,92.13000000,632.62000000,92.172,92.258,92.172,92.258,1.0,92.07,92.16,92.07,92.11,329.57250539
2022-03-04 14:03,92.16,92.2,92.01,92.06,705.72,92.14000000,92.17000000,92.01000000,92.05000000,1139.59000000,,,,,,92.15,92.18,91.98,92.02,261.37450139
2022-03-04 14:04,92.04,92.18,92.03,92.12,822.149,92.04000000,92.15000000,92.04000000,92.09000000,280.59000000,,,,,,92.06,92.11,92.06,92.08,60.01149443
2022-03-04 14:05,92.11,92.19,91.84,91.87,356.119,92.09000000,92.16000000,91.81000000,91.88000000,1383.93000000,92.075,92.075,91.957,92.035,11.53,92.08,92.17,91.88,91.88,771.45870346
2022-03-04 14:06,91.88,91.91,91.67,91.9,894.353,91.87000000,91.89000000,91.67000000,91.89000000,1679.32000000,91.798,91.798,91.793,91.793,0.5796274100000001,91.89,91.89,91.68,91.86,354.52248965999996
2022-03-04 14:07,91.91,91.91,91.34,91.43,2689.864,91.88000000,91.89000000,91.33000000,91.43000000,6361.86000000,91.74,91.74,91.377,91.379,41.65540868,91.83,91.83,91.34,91.34,2179.03741781
2022-03-04 14:08,91.44,91.44,91.0,91.22,5167.321,91.43000000,91.44000000,91.12000000,91.18000000,7721.28000000,91.247,91.247,91.23,91.23,10.82604686,91.33,91.36,91.11,91.22,713.54798958
2022-03-04 14:09,91.22,91.43,91.18,91.29,922.948,91.21000000,91.43000000,91.21000000,91.30000000,2515.37000000,91.312,91.312,91.312,91.312,0.5,91.24,91.45,91.23,91.3,831.42213172
2022-03-04 14:10,91.3,91.58,91.29,91.55,521.407,91.30000000,91.57000000,91.25000000,91.49000000,3213.61000000,91.395,91.598,91.39,91.598,65.5,91.31,91.58,91.3,91.58,722.9427911299999
2022-03-04 14:11,91.55,91.55,91.37,91.38,679.253,91.50000000,91.53000000,91.36000000,91.38000000,1420.60000000,,,,,,91.53,91.53,91.36,91.36,390.37334074
2022-03-04 14:12,91.38,91.48,91.37,91.43,434.767,91.39000000,91.47000000,91.35000000,91.40000000,1117.84000000,91.535,91.535,91.519,91.519,1.0,91.36,91.36,91.36,91.36,8.0
2022-03-04 14:13,91.42,91.51,91.32,91.4,443.56,91.39000000,91.50000000,91.30000000,91.41000000,1481.26000000,91.535,91.535,91.45,91.45,1.0699999999999998,91.41,91.49,91.33,91.4,359.44935244
2022-03-04 14:14,91.39,91.45,91.35,91.41,210.307,91.39000000,91.43000000,91.36000000,91.40000000,860.90000000,,,,,,91.4,91.41,91.34,91.41,291.00211608
2022-03-04 14:15,91.39,91.41,91.09,91.1,913.086,91.40000000,91.40000000,91.06000000,91.11000000,2465.73000000,91.219,91.219,91.15,91.15,2.54803975,91.38,91.38,91.09,91.15,504.1012594
2022-03-04 14:16,91.11,91.3,90.65,91.09,2864.431,91.11000000,91.28000000,90.76000000,91.08000000,10918.69000000,91.202,91.202,90.793,91.052,390.67548529,91.15,91.29,90.84,91.06,1241.66950465
2022-03-04 14:17,91.09,91.55,90.87,91.54,3716.044,91.08000000,91.55000000,90.89000000,91.55000000,7512.23000000,91.125,91.499,91.125,91.496,79.72302938,91.04,91.54,90.97,91.51,1520.18241295
2022-03-04 14:18,91.56,92.11,91.56,91.75,1467.199,91.56000000,92.10000000,91.56000000,91.78000000,6646.01000000,91.678,92.198,91.678,92.198,18.50710613,91.56,92.13,91.56,91.73,1768.44219174
2022-03-04 14:19,91.74,91.74,91.27,91.27,973.956,91.77000000,91.77000000,91.27000000,91.27000000,3347.67000000,91.719,91.763,91.498,91.498,24.53124885,91.63,91.63,91.27,91.27,825.53103456
2022-03-04 14:20,91.28,91.71,91.28,91.64,570.845,91.26000000,91.69000000,91.24000000,91.61000000,3027.72000000,91.44,91.696,91.44,91.696,95.7390997,91.27,91.7,91.26,91.6,1806.10801979
2022-03-04 14:21,91.6,92.0,91.55,91.98,752.901,91.60000000,91.98000000,91.54000000,91.94000000,2606.17000000,91.769,91.979,91.769,91.979,43.59964885,91.6,91.96,91.53,91.95,924.98218203
2022-03-04 14:22,91.93,92.06,91.77,92.02,1540.389,91.93000000,92.03000000,91.75000000,91.99000000,2501.05000000,91.839,91.839,91.839,91.839,0.5,91.94,92.03,91.73,91.99,291.01850817999997
2022-03-04 14:23,92.01,92.02,91.88,91.94,906.289,91.99000000,92.00000000,91.86000000,91.93000000,1663.72000000,92.028,92.028,92.028,92.028,0.5,91.99,92.01,91.88,91.97,758.9526260499999
2022-03-04 14:24,91.93,91.97,91.77,91.83,368.509,91.92000000,91.96000000,91.76000000,91.81000000,1182.69000000,91.901,91.921,91.901,91.921,1.0,91.9,91.95,91.75,91.86,869.54693793
2022-03-04 14:25,91.85,92.29,91.73,92.19,4651.364,91.81000000,92.14000000,91.73000000,92.14000000,4231.80000000,91.841,92.26,91.841,92.26,157.55383955,91.86,92.22,91.78,92.1,405.09460491
2022-03-04 14:26,92.17,92.17,91.78,91.78,892.114,92.14000000,92.14000000,91.74000000,91.78000000,2489.03000000,91.913,92.021,91.913,92.021,3.04904003,92.14,92.14,91.79,91.8,416.24137431
2022-03-04 14:27,91.85,92.0,91.81,91.93,477.272,91.79000000,91.96000000,91.78000000,91.93000000,2359.24000000,,,,,,91.82,91.94,91.82,91.94,50.25979993
2022-03-04 14:28,91.95,92.06,91.9,91.98,514.853,91.92000000,92.05000000,91.88000000,91.96000000,1228.12000000,,,,,,91.95,92.04,91.88,91.96,680.08302264
2022-03-04 14:29,91.97,92.06,91.89,91.99,531.643,91.94000000,92.03000000,91.86000000,91.96000000,964.98000000,,,,,,91.99,92.04,91.87,91.93,320.89036602
2022-03-04 14:30,91.98,92.49,91.98,92.08,1333.458,91.97000000,92.46000000,91.97000000,92.05000000,6401.60000000,92.082,92.424,92.082,92.424,23.86118793,92.01,92.49,92.01,92.22,1717.7579844
2022-03-04 14:31,92.06,92.44,91.96,91.97,5818.126,92.05000000,92.18000000,91.92000000,91.94000000,4807.63000000,92.12,92.269,92.011,92.109,290.23202582,92.0,92.23,91.95,91.95,555.80319907
2022-03-04 14:32,91.96,92.11,91.83,91.85,1081.18,91.93000000,92.08000000,91.80000000,91.84000000,1375.65000000,92.078,92.078,91.99,91.992,1.71931892,91.99,92.06,91.81,91.86,1037.95873611
2022-03-04 14:33,91.88,91.88,91.61,91.87,1585.886,91.84000000,91.87000000,91.60000000,91.83000000,2992.63000000,91.874,91.874,91.798,91.798,1.2999004699999999,91.82,91.88,91.6,91.87,1315.01272407
2022-03-04 14:34,91.86,92.03,91.81,91.85,544.741,91.82000000,91.99000000,91.78000000,91.84000000,1656.53000000,92.007,92.007,92.007,92.007,4.383,91.8,91.97,91.8,91.82,1096.64978181
2022-03-04 14:35,91.82,92.11,91.82,92.04,1378.722,91.81000000,92.10000000,91.80000000,92.02000000,2392.70000000,91.884,92.114,91.884,92.114,11.5488,91.84,92.09,91.82,92.01,1415.11559297
2022-03-04 14:36,92.05,92.15,91.85,91.89,564.66,92.05000000,92.13000000,91.84000000,91.89000000,1513.82000000,92.051,92.051,92.051,92.051,5.428,92.06,92.11,91.82,91.87,1174.68828027
2022-03-04 14:37,91.91,92.45,91.91,92.19,9174.947,91.90000000,92.26000000,91.90000000,92.16000000,7005.46000000,91.985,92.379,91.985,92.217,866.4904081,91.91,92.29,91.91,92.18,1268.5894009
2022-03-04 14:38,92.16,92.2,92.03,92.2,1356.612,92.16000000,92.17000000,92.01000000,92.13000000,2220.27000000,,,,,,92.12,92.17,92.04,92.17,667.35030117
2022-03-04 14:39,92.14,92.15,91.9,92.02,2402.688,92.13000000,92.13000000,91.89000000,91.97000000,1423.36000000,,,,,,92.12,92.12,91.92,91.98,652.94329735
2022-03-04 14:40,92.01,92.05,91.82,91.91,725.188,91.98000000,92.00000000,91.77000000,91.88000000,1987.69000000,92.049,92.049,92.002,92.002,0.05961549,92.01,92.03,91.81,91.92,1214.63599536
2022-03-04 14:41,91.95,91.95,91.74,91.86,453.16,91.91000000,91.92000000,91.73000000,91.81000000,712.26000000,,,,,,91.88,91.89,91.72,91.82,573.49046842
2022-03-04 14:42,91.83,91.84,91.52,91.77,1609.279,91.80000000,91.80000000,91.51000000,91.72000000,2614.59000000,91.798,91.798,91.535,91.658,293.54816368,91.82,91.82,91.52,91.77,774.04667469
2022-03-04 14:43,91.75,91.81,91.69,91.78,382.649,91.72000000,91.77000000,91.67000000,91.75000000,873.17000000,,,,,,91.77,91.78,91.68,91.78,422.37954437
2022-03-04 14:44,91.75,91.86,91.5,91.6,549.775,91.75000000,91.81000000,91.50000000,91.57000000,2497.96000000,,,,,,91.74,91.82,91.51,91.6,761.52676441
2022-03-04 14:45,91.61,91.68,91.37,91.42,848.399,91.59000000,91.67000000,91.34000000,91.38000000,1530.28000000,91.526,91.526,91.45,91.45,0.6918313,91.64,91.68,91.34,91.4,687.51077472
2022-03-04 14:46,91.42,91.43,90.96,90.99,8785.229,91.38000000,91.40000000,90.99000000,90.99000000,8195.38000000,91.271,91.271,91.199,91.217,5.57085275,91.44,91.44,90.99,90.99,1416.00982276
2022-03-04 14:47,90.96,91.15,90.92,90.97,4121.468,91.00000000,91.19000000,90.96000000,91.02000000,2860.34000000,91.116,91.116,91.116,91.116,0.540414,90.99,91.18,90.95,91.01,700.72712131
2022-03-04 14:48,90.96,91.08,90.63,90.89,6537.99,91.01000000,91.07000000,90.69000000,90.90000000,7914.37000000,91.018,91.1,90.81,91.08,250.11829124,90.94,91.08,90.67,90.88,2767.22607615
2022-03-04 14:49,90.89,91.04,90.81,90.85,802.594,90.91000000,91.07000000,90.83000000,90.84000000,4564.35000000,91.12,91.12,91.12,91.12,1.0,90.92,91.06,90.82,90.85,3949.9289429
2022-03-04 14:50,90.83,91.18,90.77,90.89,1430.597,90.84000000,91.17000000,90.78000000,90.94000000,4260.15000000,90.93,90.94,90.93,90.94,5.1,90.82,91.2,90.79,90.94,952.17441437
2022-03-04 14:51,90.87,91.07,90.8,91.05,1446.67,90.90000000,91.07000000,90.83000000,91.03000000,3484.34000000,90.942,91.0,90.941,91.0,107.5325,90.94,91.03,90.94,91.0,2844.77723099
2022-03-04 14:52,91.05,91.16,90.95,90.95,1110.68,91.03000000,91.15000000,90.96000000,90.96000000,4000.48000000,91.107,91.15,91.107,91.15,105.0,91.0,91.13,91.0,91.03,442.79693652
2022-03-04 14:53,90.98,91.08,90.86,91.04,1030.78,90.96000000,91.07000000,90.89000000,91.03000000,1938.56000000,91.026,91.151,91.026,91.151,69.518434,90.99,91.09,90.91,91.05,643.04403238
2022-03-04 14:54,91.03,91.08,90.85,90.85,1471.478,91.04000000,91.07000000,90.84000000,90.86000000,2428.31000000,91.13,91.13,91.13,91.13,1.43,91.02,91.02,90.91,90.91,416.78026082
2022-03-04 14:55,90.84,91.2,90.8,91.19,1014.479,90.86000000,91.15000000,90.83000000,91.15000000,2345.88000000,90.945,91.2,90.945,91.2,171.7276,90.82,91.16,90.82,91.16,430.88201879
2022-03-04 14:56,91.19,91.2,91.01,91.04,561.991,91.17000000,91.18000000,91.03000000,91.04000000,2224.16000000,91.2,91.2,91.2,91.2,28.7724,91.13,91.13,91.05,91.05,276.25776271
2022-03-04 14:57,91.04,91.23,91.02,91.13,782.349,91.04000000,91.20000000,91.01000000,91.13000000,1052.79000000,91.13,91.13,91.13,91.13,9.23,91.06,91.13,91.0,91.13,312.95456712000004
2022-03-04 14:58,91.14,91.66,91.14,91.52,2097.038,91.14000000,91.65000000,91.14000000,91.52000000,8990.34000000,91.297,91.58,91.297,91.58,147.38273637999998,91.15,91.65,91.15,91.52,1537.71532863
2022-03-04 14:59,91.54,91.95,91.53,91.84,1269.771,91.54000000,91.94000000,91.51000000,91.83000000,4321.45000000,91.678,91.979,91.678,91.979,1.1942886000000001,91.56,91.97,91.56,91.81,1532.87893382
2022-03-04 15:00,91.82,92.13,91.72,91.93,3517.349,91.81000000,92.09000000,91.74000000,91.94000000,12855.33000000,,,,,,91.84,92.08,91.76,91.92,376.87735737
2022-03-04 15:01,91.94,92.17,91.56,91.74,1465.457,91.96000000,92.13000000,91.53000000,91.70000000,6906.02000000,92.04,92.04,91.834,91.835,12.08802,91.95,92.13,91.61,91.64,834.73908485
2022-03-04 15:02,91.72,91.73,91.34,91.62,4281.332,91.71000000,91.71000000,91.45000000,91.60000000,4428.41000000,,,,,,91.73,91.73,91.45,91.66,1097.22465992
2022-03-04 15:03,91.63,91.7,91.53,91.57,751.603,91.61000000,91.67000000,91.52000000,91.57000000,2975.08000000,91.663,91.663,91.573,91.573,50.5,91.65,91.69,91.54,91.58,893.20157471
2022-03-04 15:04,91.61,91.91,91.55,91.61,398.771,91.61000000,91.86000000,91.50000000,91.55000000,1848.26000000,91.767,91.767,91.767,91.767,0.03,91.63,91.85,91.51,91.59,907.91884728
2022-03-04 15:05,91.63,91.68,91.51,91.58,299.828,91.59000000,91.66000000,91.49000000,91.53000000,1246.16000000,91.564,91.564,91.564,91.564,1.0,91.65,91.67,91.47,91.52,1015.6636093
2022-03-04 15:06,91.54,91.66,91.3,91.47,725.176,91.52000000,91.63000000,91.27000000,91.49000000,2261.53000000,91.62,91.62,91.446,91.446,2.67124885,91.55,91.64,91.3,91.4,1425.74188988
2022-03-04 15:07,91.51,91.61,91.43,91.51,330.067,91.50000000,91.56000000,91.41000000,91.46000000,921.88000000,91.501,91.501,91.496,91.496,6.2,91.46,91.49,91.41,91.42,142.91596323
2022-03-04 15:08,91.51,91.68,91.42,91.68,971.264,91.47000000,91.66000000,91.41000000,91.63000000,1154.40000000,91.59,91.59,91.59,91.59,0.08332125,91.51,91.66,91.41,91.63,575.34489563
2022-03-04 15:09,91.66,91.79,91.6,91.63,632.113,91.62000000,91.75000000,91.55000000,91.55000000,805.08000000,91.769,91.769,91.769,91.769,0.13666081,91.6,91.78,91.59,91.59,733.59240718
2022-03-04 15:10,91.59,91.65,91.28,91.31,575.606,91.55000000,91.62000000,91.28000000,91.28000000,1679.55000000,91.669,91.669,91.549,91.549,9.4264532,91.64,91.64,91.26,91.32,909.06361149
2022-03-04 15:11,91.27,91.27,91.08,91.14,834.492,91.29000000,91.29000000,91.08000000,91.15000000,2468.87000000,91.199,91.21,91.173,91.182,14.539856870000001,91.25,91.25,91.07,91.12,1025.9966795
2022-03-04 15:12,91.15,91.28,90.96,91.2,874.151,91.14000000,91.24000000,90.95000000,91.18000000,3070.11000000,91.153,91.301,91.153,91.269,27.695389770000002,91.11,91.17,90.95,91.12,1317.69278447
2022-03-04 15:13,91.21,91.32,91.13,91.27,645.0,91.18000000,91.31000000,91.12000000,91.24000000,1702.77000000,91.281,91.32,91.243,91.243,40.225639,91.19,91.33,91.12,91.22,869.40495352
2022-03-04 15:14,91.26,91.39,91.11,91.14,436.342,91.24000000,91.38000000,91.11000000,91.14000000,1208.01000000,91.442,91.442,91.194,91.194,1.4,91.28,91.39,91.09,91.12,765.4950486
2022-03-04 15:15,91.16,91.33,91.05,91.16,714.525,91.15000000,91.32000000,91.05000000,91.14000000,2238.84000000,91.125,91.225,91.125,91.225,33.217600000000004,91.13,91.27,91.06,91.17,517.07616907
2022-03-04 15:16,91.14,91.32,91.04,91.05,718.466,91.15000000,91.30000000,91.03000000,91.03000000,1077.61000000,91.29,91.29,91.111,91.111,84.09303354,91.18,91.29,91.05,91.05,565.9601522
2022-03-04 15:17,91.03,91.06,90.67,90.68,1992.724,91.03000000,91.04000000,90.66000000,90.68000000,7494.12000000,91.111,91.111,90.882,90.964,303.90766284,91.05,91.07,90.67,90.69,1881.83748496
2022-03-04 15:18,90.71,91.02,90.71,90.91,1626.668,90.71000000,91.00000000,90.71000000,90.92000000,2387.14000000,91.001,91.001,91.001,91.001,11.35028806,90.73,90.99,90.73,90.99,1288.82351605
2022-03-04 15:19,90.88,91.02,90.7,91.0,3190.804,90.92000000,91.02000000,90.78000000,91.00000000,3688.90000000,,,,,,90.9,91.03,90.82,90.9,1058.31742446
2022-03-04 15:20,90.99,91.06,90.72,90.8,1838.2,90.99000000,91.06000000,90.74000000,90.82000000,1866.04000000,91.1,91.1,91.1,91.1,0.5,90.99,90.99,90.73,90.84,399.05245019
2022-03-04 15:21,90.8,91.15,90.8,91.15,808.573,90.84000000,91.18000000,90.84000000,91.18000000,2216.28000000,91.246,91.246,91.045,91.162,7.6,90.9,91.13,90.9,91.13,740.36605873
2022-03-04 15:22,91.21,91.37,91.16,91.16,1062.93,91.19000000,91.36000000,91.17000000,91.19000000,2079.41000000,91.346,91.379,91.346,91.379,115.72905821,91.16,91.35,91.16,91.19,153.79595212
2022-03-04 15:23,91.2,91.33,91.14,91.26,455.1,91.19000000,91.32000000,91.17000000,91.27000000,1735.32000000,91.211,91.321,91.0,91.321,2000.5,91.21,91.32,91.18,91.26,610.1552341
2022-03-04 15:24,91.2,91.31,91.15,91.25,807.3,91.26000000,91.32000000,91.18000000,91.27000000,1145.68000000,91.365,91.365,91.365,91.365,1.0,91.21,91.31,91.19,91.26,168.73858421
2022-03-04 15:25,91.22,91.4,91.05,91.33,5084.603,91.27000000,91.49000000,90.92000000,91.30000000,32820.14000000,91.283,91.401,91.184,91.313,525.13007573,91.22,91.36,91.11,91.35,753.3772909099999
2022-03-04 15:26,91.33,91.72,91.24,91.62,5694.218,91.29000000,91.74000000,91.12000000,91.59000000,37304.90000000,91.442,91.678,91.314,91.678,220.03500155,91.36,91.67,91.26,91.67,746.7468733
2022-03-04 15:27,91.64,91.71,91.57,91.59,763.218,91.59000000,91.69000000,91.54000000,91.55000000,1260.38000000,,,,,,91.54,91.69,91.54,91.6,373.55549264
2022-03-04 15:28,91.61,91.66,91.42,91.61,1251.315,91.57000000,91.63000000,91.42000000,91.60000000,4869.78000000,91.557,91.558,91.557,91.558,224.66199999999998,91.48,91.64,91.42,91.58,606.5329351400001
2022-03-04 15:29,91.63,91.69,91.5,91.58,564.271,91.61000000,91.67000000,91.48000000,91.58000000,677.49000000,91.645,91.645,91.645,91.645,6.07,91.61,91.66,91.47,91.54,471.82473957
2022-03-04 15:30,91.57,91.57,91.27,91.27,427.066,91.57000000,91.57000000,91.26000000,91.26000000,1625.61000000,91.491,91.491,91.361,91.361,5.5794,91.54,91.59,91.31,91.31,445.11761584
2022-03-04 15:31,91.26,91.27,91.12,91.15,260.292,91.27000000,91.27000000,91.13000000,91.14000000,1546.62000000,,,,,,91.23,91.24,91.13,91.16,181.57363234
2022-03-04 15:32,91.16,91.21,91.11,91.18,523.067,91.14000000,91.19000000,91.11000000,91.17000000,933.16000000,91.2,91.2,91.199,91.199,0.6030397500000001,91.17,91.2,91.1,91.13,236.18115527999998
2022-03-04 15:33,91.19,91.39,91.07,91.39,889.533,91.17000000,91.37000000,91.04000000,91.36000000,1307.91000000,91.067,91.067,91.067,91.067,0.5,91.19,91.26,91.05,91.26,247.99584926
2022-03-04 15:34,91.4,91.43,91.29,91.39,420.442,91.35000000,91.40000000,91.28000000,91.38000000,1231.89000000,,,,,,91.37,91.4,91.27,91.38,159.38310081
2022-03-04 15:35,91.39,91.59,91.37,91.57,302.437,91.38000000,91.57000000,91.38000000,91.57000000,957.99000000,,,,,,91.36,91.57,91.35,91.57,428.23760582
2022-03-04 15:36,91.6,91.74,91.54,91.74,213.07,91.58000000,91.75000000,91.53000000,91.74000000,1648.46000000,91.6,91.678,91.6,91.678,0.57856167,91.57,91.74,91.55,91.74,254.34418068
2022-03-04 15:37,91.74,91.79,91.66,91.73,505.466,91.75000000,91.80000000,91.66000000,91.73000000,2328.38000000,,,,,,91.75,91.78,91.66,91.75,299.34923483
2022-03-04 15:38,91.75,91.77,91.55,91.59,343.955,91.73000000,91.73000000,91.54000000,91.55000000,703.21000000,,,,,,91.63,91.66,91.56,91.56,376.28938007
2022-03-04 15:39,91.57,91.74,91.54,91.54,452.123,91.57000000,91.72000000,91.55000000,91.55000000,610.53000000,91.75,91.75,91.75,91.75,0.02632762,91.58,91.77,91.58,91.61,256.05871444
2022-03-04 15:40,91.54,91.72,91.33,91.48,1606.829,91.54000000,91.69000000,91.34000000,91.45000000,3165.96000000,91.524,91.614,91.515,91.588,199.20287611,91.45,91.67,91.44,91.51,139.07061720000002
2022-03-04 15:41,91.46,91.54,91.43,91.43,257.837,91.46000000,91.52000000,91.44000000,91.44000000,636.94000000,,,,,,91.48,91.56,91.47,91.47,377.46869208
2022-03-04 15:42,91.43,91.48,91.26,91.28,761.697,91.43000000,91.46000000,91.27000000,91.27000000,807.50000000,91.363,91.363,91.363,91.363,0.03281459,91.49,91.49,91.27,91.29,246.95768463
2022-03-04 15:43,91.3,91.39,91.14,91.28,318.986,91.27000000,91.36000000,91.12000000,91.28000000,1628.39000000,91.406,91.407,91.406,91.407,4.6,91.3,91.37,91.14,91.33,418.88282567
2022-03-04 15:44,91.27,91.43,91.25,91.36,472.447,91.28000000,91.40000000,91.23000000,91.35000000,901.66000000,91.253,91.253,91.253,91.253,6.0,91.23,91.36,91.23,91.36,200.23590531000002
2022-03-04 15:45,91.36,91.4,91.1,91.2,398.078,91.35000000,91.39000000,91.10000000,91.22000000,1829.03000000,91.199,91.21,91.199,91.21,5.548,91.37,91.37,91.07,91.17,1140.67533606
2022-03-04 15:46,91.22,91.33,91.21,91.32,438.477,91.22000000,91.33000000,91.21000000,91.28000000,1527.84000000,,,,,,91.2,91.33,91.2,91.29,1113.05732721
2022-03-04 15:47,91.3,91.3,91.12,91.25,326.869,91.27000000,91.27000000,91.11000000,91.26000000,1340.01000000,,,,,,91.27,91.28,91.12,91.28,481.09857685
2022-03-04 15:48,91.27,91.5,91.23,91.36,453.087,91.26000000,91.49000000,91.21000000,91.32000000,1718.72000000,91.251,91.251,91.232,91.24,2.0,91.2,91.47,91.2,91.3,477.42946077
2022-03-04 15:49,91.37,91.37,91.24,91.24,73.456,91.31000000,91.35000000,91.22000000,91.22000000,1062.55000000,,,,,,91.34,91.37,91.26,91.28,216.36113235
2022-03-04 15:50,91.23,91.29,91.14,91.28,285.291,91.22000000,91.28000000,91.14000000,91.27000000,671.84000000,,,,,,91.22,91.29,91.14,91.29,133.93471069
2022-03-04 15:51,91.28,91.47,91.28,91.39,207.379,91.26000000,91.44000000,91.26000000,91.36000000,615.51000000,91.33,91.447,91.33,91.447,0.07389413,91.32,91.44,91.32,91.37,245.09176041
2022-03-04 15:52,91.42,91.57,91.42,91.46,416.897,91.37000000,91.56000000,91.37000000,91.41000000,1396.76000000,91.518,91.518,91.518,91.518,0.5,91.43,91.59,91.38,91.4,2120.78921421
2022-03-04 15:53,91.49,91.68,91.48,91.65,219.72,91.41000000,91.66000000,91.41000000,91.63000000,817.13000000,91.548,91.548,91.548,91.548,0.11407126,91.45,91.85,91.44,91.63,9065.00763369
2022-03-04 15:54,91.63,91.73,91.6,91.64,304.532,91.63000000,91.70000000,91.59000000,91.64000000,3792.89000000,,,,,,91.62,91.99,91.61,91.64,7380.3688327
2022-03-04 15:55,91.69,91.69,91.39,91.45,356.146,91.64000000,91.64000000,91.41000000,91.45000000,1343.05000000,91.487,91.487,91.45,91.45,6.40325431,91.61,91.61,91.39,91.45,1952.14269861
2022-03-04 15:56,91.47,91.53,91.4,91.47,163.264,91.45000000,91.52000000,91.40000000,91.47000000,1014.84000000,,,,,,91.45,91.5,91.4,91.46,275.00714981
2022-03-04 15:57,91.48,91.56,91.45,91.53,226.187,91.47000000,91.54000000,91.43000000,91.49000000,507.52000000,,,,,,91.46,91.53,91.45,91.48,193.37277319
2022-03-04 15:58,91.52,91.57,91.22,91.24,815.589,91.49000000,91.54000000,91.22000000,91.28000000,1521.57000000,91.362,91.362,91.29,91.29,5.50057764,91.55,91.55,91.22,91.29,301.35767033
2022-03-04 15:59,91.28,91.38,91.28,91.34,274.026,91.27000000,91.35000000,91.27000000,91.32000000,418.52000000,91.33,91.33,91.33,91.33,0.02699869,91.33,91.35,91.27,91.28,98.42217722000001
2022-03-04 16:00,91.33,91.52,91.13,91.46,620.32,91.32000000,91.50000000,91.13000000,91.46000000,3590.86000000,91.333,91.426,91.333,91.426,14.42695467,91.29,91.5,91.15,91.45,570.59048467
2022-03-04 16:01,91.45,91.51,91.31,91.51,444.796,91.46000000,91.52000000,91.31000000,91.52000000,2309.13000000,91.543,91.544,91.41,91.41,10.5,91.44,91.47,91.32,91.47,841.87345378
2022-03-04 16:02,91.49,91.53,91.08,91.15,1833.187,91.52000000,91.53000000,91.10000000,91.15000000,3409.14000000,91.455,91.455,91.182,91.182,5.963,91.48,91.51,91.09,91.16,898.86427622
2022-03-04 16:03,91.09,91.14,90.99,91.06,1740.412,91.14000000,91.14000000,90.97000000,91.05000000,5777.63000000,91.182,91.182,91.182,91.182,9.50003975,91.07,91.08,90.99,91.02,620.65798365
2022-03-04 16:04,91.04,91.1,90.86,90.89,316.558,91.04000000,91.09000000,90.88000000,90.90000000,1685.62000000,91.081,91.081,90.902,90.902,5.986,91.08,91.09,90.85,90.91,551.61614133
2022-03-04 16:05,90.94,91.82,90.9,91.64,5434.177,90.91000000,91.78000000,90.88000000,91.60000000,6956.11000000,90.981,91.678,90.981,91.678,9.43588576,90.92,91.73,90.88,91.68,881.78321509
2022-03-04 16:06,91.61,91.76,91.47,91.59,2698.93,91.61000000,91.71000000,91.45000000,91.55000000,3255.48000000,91.719,91.756,91.657,91.658,22.800312,91.62,91.75,91.5,91.58,804.56085368
2022-03-04 16:07,91.58,91.58,91.27,91.3,655.245,91.55000000,91.55000000,91.24000000,91.30000000,1506.35000000,91.629,91.629,91.285,91.285,42.73183836,91.54,91.54,91.28,91.31,639.63998022
2022-03-04 16:08,91.34,91.5,91.27,91.5,739.345,91.29000000,91.47000000,91.24000000,91.47000000,1033.46000000,91.377,91.377,91.377,91.377,0.5,91.33,91.5,91.26,91.46,386.12922097
2022-03-04 16:09,91.5,91.54,91.25,91.26,383.389,91.47000000,91.52000000,91.27000000,91.27000000,958.51000000,91.492,91.503,91.492,91.503,1.9085305799999999,91.46,91.51,91.28,91.28,325.75488733
2022-03-04 16:10,91.25,91.25,90.85,90.85,4100.86,91.27000000,91.27000000,90.86000000,90.86000000,7333.46000000,91.238,91.238,91.031,91.031,31.57903975,91.28,91.28,90.84,90.84,716.95358912
2022-03-04 16:11,90.82,90.94,90.69,90.91,2321.554,90.85000000,90.91000000,90.70000000,90.90000000,3353.61000000,90.901,90.901,90.81,90.86,1.05265391,90.83,90.9,90.71,90.9,509.06054138
2022-03-04 16:12,90.91,91.06,90.77,90.99,1550.183,90.91000000,91.06000000,90.79000000,90.99000000,2941.92000000,,,,,,90.93,91.05,90.82,90.9,521.11055704
2022-03-04 16:13,90.97,91.13,90.86,91.11,678.897,90.99000000,91.15000000,90.90000000,91.14000000,1993.74000000,90.93,91.086,90.93,91.086,5.993,91.03,91.11,90.87,91.1,1223.6130221600001
2022-03-04 16:14,91.16,91.26,91.0,91.22,584.474,91.15000000,91.23000000,91.00000000,91.23000000,1449.18000000,,,,,,91.21,91.21,91.02,91.19,548.90518266
2022-03-04 16:15,91.26,91.31,91.08,91.21,314.107,91.25000000,91.28000000,91.10000000,91.20000000,1653.40000000,91.143,91.143,91.143,91.143,0.03850719,91.22,91.3,91.1,91.11,339.29258897
2022-03-04 16:16,91.24,91.54,91.19,91.5,983.035,91.20000000,91.51000000,91.20000000,91.50000000,2789.82000000,91.379,91.487,91.341,91.487,2.5,91.21,91.48,91.21,91.47,425.15156870000004
2022-03-04 16:17,91.5,91.52,91.38,91.44,283.925,91.50000000,91.52000000,91.39000000,91.45000000,1569.63000000,,,,,,91.5,91.51,91.39,91.47,254.19887293
2022-03-04 16:18,91.41,91.55,91.27,91.53,483.695,91.44000000,91.52000000,91.30000000,91.52000000,1214.53000000,,,,,,91.3,91.55,91.27,91.52,774.42880517
2022-03-04 16:19,91.51,91.54,91.37,91.37,988.686,91.52000000,91.52000000,91.37000000,91.39000000,1220.57000000,91.488,91.488,91.488,91.488,0.5,91.48,91.52,91.37,91.44,504.12103807
2022-03-04 16:20,91.36,91.43,91.24,91.32,680.52,91.38000000,91.40000000,91.22000000,91.36000000,2116.25000000,91.311,91.311,91.311,91.311,6.77,91.36,91.43,91.21,91.31,1080.69090067
2022-03-04 16:21,91.34,91.45,91.2,91.23,306.084,91.34000000,91.42000000,91.22000000,91.22000000,1034.65000000,,,,,,91.42,91.42,91.26,91.3,489.26041187
2022-03-04 16:22,91.24,91.29,91.18,91.18,426.473,91.21000000,91.28000000,91.18000000,91.19000000,753.75000000,,,,,,91.23,91.31,91.16,91.22,766.1948008
2022-03-04 16:23,91.2,91.4,91.09,91.4,634.75,91.18000000,91.37000000,91.10000000,91.36000000,1377.55000000,91.242,91.242,91.242,91.242,4.0,91.18,91.38,91.1,91.36,735.04487364
2022-03-04 16:24,91.4,91.51,91.34,91.39,887.744,91.38000000,91.49000000,91.17000000,91.38000000,12352.68000000,91.512,91.512,91.46,91.48,516.87167825,91.34,91.5,91.33,91.4,1038.95167375
2022-03-04 16:25,91.4,91.4,91.13,91.15,399.311,91.36000000,91.36000000,91.12000000,91.15000000,1048.15000000,,,,,,91.36,91.36,91.14,91.19,323.33163402
2022-03-04 16:26,91.13,91.3,91.1,91.28,484.355,91.14000000,91.30000000,91.11000000,91.25000000,2611.47000000,91.166,91.166,91.166,91.166,0.5,91.13,91.29,91.11,91.29,71.09387981
2022-03-04 16:27,91.28,91.44,91.28,91.44,339.887,91.26000000,91.43000000,91.26000000,91.41000000,1692.89000000,91.525,91.528,91.525,91.528,2.5,91.38,91.48,91.36,91.41,387.18836171
2022-03-04 16:28,91.39,91.57,91.36,91.43,452.764,91.40000000,91.54000000,91.35000000,91.40000000,1652.14000000,,,,,,91.39,91.52,91.34,91.37,594.38851517
2022-03-04 16:29,91.4,91.4,91.25,91.27,293.08,91.40000000,91.41000000,91.26000000,91.28000000,2137.38000000,91.321,91.321,91.321,91.321,0.03683276,91.4,91.4,91.23,91.25,536.3875738
2022-03-04 16:30,91.29,91.38,91.09,91.11,862.016,91.26000000,91.37000000,91.03000000,91.04000000,2176.18000000,91.381,91.391,91.127,91.127,2.43319499,91.26,91.35,91.06,91.06,624.5491948600001
2022-03-04 16:31,91.0,91.06,90.85,90.93,1069.009,91.03000000,91.05000000,90.87000000,90.92000000,2108.14000000,90.981,90.981,90.981,90.981,0.15,90.98,91.06,90.87,90.89,866.93726715
2022-03-04 16:32,90.91,90.92,90.77,90.84,1154.625,90.90000000,90.92000000,90.77000000,90.81000000,2144.82000000,90.932,90.932,90.844,90.844,3.79887641,90.91,90.91,90.75,90.81,1889.28969176
2022-03-04 16:33,90.84,90.92,90.78,90.82,171.762,90.82000000,90.88000000,90.78000000,90.80000000,1109.79000000,,,,,,90.79,90.92,90.76,90.81,1444.8544841799999
2022-03-04 16:34,90.79,91.07,90.79,91.04,538.156,90.80000000,91.05000000,90.80000000,91.04000000,547.56000000,90.918,90.918,90.918,90.918,0.5,90.84,91.02,90.84,91.02,198.26984768
2022-03-04 16:35,91.09,91.09,90.93,91.0,167.952,91.04000000,91.08000000,90.93000000,91.01000000,494.90000000,91.165,91.165,91.095,91.096,20.15,91.04,91.07,90.93,91.02,532.0239825900001
2022-03-04 16:36,91.03,91.2,90.97,91.16,344.086,91.01000000,91.20000000,90.97000000,91.20000000,1614.67000000,91.096,91.096,91.096,91.096,33.67103136,91.03,91.2,90.94,91.18,781.69934821
2022-03-04 16:37,91.17,91.52,91.17,91.52,332.566,91.19000000,91.47000000,91.19000000,91.47000000,1650.40000000,91.298,91.379,91.298,91.379,1.04983638,91.23,91.48,91.23,91.48,337.48022761
2022-03-04 16:38,91.51,91.58,91.47,91.54,455.29,91.47000000,91.55000000,91.46000000,91.52000000,2328.66000000,,,,,,91.5,91.57,91.47,91.51,314.25655388
2022-03-04 16:39,91.53,91.72,91.51,91.62,520.604,91.51000000,91.69000000,91.48000000,91.61000000,1988.41000000,91.648,91.678,91.648,91.678,0.84803975,91.55,91.71,91.55,91.62,302.45279348
2022-03-04 16:40,91.62,91.65,91.52,91.57,449.991,91.61000000,91.64000000,91.51000000,91.54000000,1296.68000000,91.646,91.646,91.646,91.646,0.5,91.61,91.63,91.45,91.51,1319.57470186
2022-03-04 16:41,91.58,91.66,91.52,91.57,841.814,91.56000000,91.65000000,91.51000000,91.57000000,1918.60000000,91.733,91.733,91.733,91.733,0.5,91.54,91.62,91.54,91.56,461.60678834
2022-03-04 16:42,91.58,91.6,91.47,91.55,483.024,91.57000000,91.57000000,91.45000000,91.52000000,1778.57000000,,,,,,91.54,91.54,91.44,91.53,503.97624176
2022-03-04 16:43,91.53,91.59,91.49,91.59,454.499,91.51000000,91.60000000,91.48000000,91.57000000,537.11000000,91.521,91.521,91.521,91.521,0.02416542,91.57,91.57,91.47,91.55,395.46211798
2022-03-04 16:44,91.58,91.66,91.5,91.59,1335.975,91.56000000,91.66000000,91.51000000,91.59000000,1444.73000000,91.586,91.729,91.586,91.729,51.5,91.53,91.64,91.49,91.6,404.34239511
2022-03-04 16:45,91.6,91.77,91.59,91.68,302.616,91.59000000,91.78000000,91.59000000,91.68000000,1635.34000000,91.861,91.861,91.861,91.861,0.5,91.62,91.78,91.61,91.66,648.77521484
2022-03-04 16:46,91.7,91.92,91.67,91.85,229.529,91.69000000,91.94000000,91.67000000,91.86000000,3373.60000000,91.84,91.92,91.84,91.92,2.1661597,91.71,91.92,91.68,91.85,837.88046878
2022-03-04 16:47,91.83,92.12,91.8,92.05,1398.69,91.86000000,92.10000000,91.81000000,92.04000000,4437.90000000,91.979,92.239,91.979,92.239,101.54624885,91.87,92.13,91.87,92.08,1232.10960902
2022-03-04 16:48,92.04,92.26,92.01,92.19,846.077,92.05000000,92.26000000,92.01000000,92.19000000,1776.93000000,92.281,92.281,92.281,92.281,0.54446368,92.09,92.25,92.0,92.25,336.70637891
2022-03-04 16:49,92.23,92.23,92.12,92.16,237.381,92.20000000,92.20000000,92.11000000,92.17000000,786.47000000,92.26,92.26,92.26,92.26,0.5,92.13,92.15,92.11,92.14,211.38342719
2022-03-04 16:50,92.16,92.18,92.04,92.06,323.739,92.15000000,92.16000000,92.04000000,92.07000000,741.52000000,92.212,92.266,92.212,92.266,5.0,92.14,92.16,92.05,92.1,63.19416548
2022-03-04 16:51,92.08,92.08,91.86,91.92,745.078,92.05000000,92.05000000,91.88000000,91.90000000,773.47000000,,,,,,92.06,92.06,91.88,91.89,304.31359876
2022-03-04 16:52,91.91,91.94,91.83,91.9,323.933,91.90000000,91.92000000,91.85000000,91.89000000,1021.11000000,91.97,91.97,91.902,91.902,5.0,91.92,91.92,91.86,91.88,547.26769137
2022-03-04 16:53,91.93,92.08,91.91,91.97,205.687,91.89000000,92.09000000,91.89000000,91.97000000,773.54000000,92.158,92.158,92.158,92.158,0.5,91.91,92.06,91.91,91.97,216.59782282
2022-03-04 16:54,91.98,92.07,91.89,92.0,1805.2,91.95000000,92.07000000,91.89000000,92.00000000,923.64000000,92.05,92.05,92.042,92.042,7.2162,91.93,92.06,91.91,92.06,350.15469214
2022-03-04 16:55,91.98,92.08,91.96,91.96,334.702,91.99000000,92.07000000,91.95000000,91.96000000,1033.81000000,,,,,,92.01,92.06,91.95,91.95,521.77965551
2022-03-04 16:56,91.97,92.01,91.92,91.95,206.897,91.95000000,92.02000000,91.91000000,91.97000000,1717.30000000,,,,,,91.95,92.01,91.94,91.94,177.46327541
2022-03-04 16:57,91.98,92.03,91.84,91.86,370.57,91.97000000,92.00000000,91.84000000,91.86000000,1624.39000000,91.898,91.898,91.898,91.898,0.03293941,92.0,92.0,91.84,91.84,576.55083575
2022-03-04 16:58,91.88,91.96,91.82,91.88,595.558,91.84000000,91.94000000,91.81000000,91.85000000,456.24000000,91.857,91.857,91.857,91.857,0.5,91.83,91.91,91.8,91.87,371.2337776
2022-03-04 16:59,91.88,91.93,91.8,91.88,180.743,91.87000000,91.90000000,91.77000000,91.85000000,214.13000000,91.882,91.882,91.882,91.882,0.5,91.87,91.9,91.82,91.86,442.91642506
2022-03-04 17:00,91.85,91.91,91.6,91.63,1150.656,91.84000000,91.88000000,91.60000000,91.65000000,3539.32000000,91.913,91.913,91.697,91.697,98.35902870999999,91.84,91.93,91.66,91.66,880.53018712
2022-03-04 17:01,91.68,91.68,91.5,91.62,502.142,91.66000000,91.67000000,91.49000000,91.60000000,1898.86000000,91.652,91.652,91.652,91.652,0.5,91.6,91.6,91.48,91.59,996.48223227
2022-03-04 17:02,91.63,91.74,91.6,91.74,377.749,91.60000000,91.71000000,91.57000000,91.71000000,799.22000000,91.689,91.689,91.689,91.689,0.5,91.59,91.7,91.58,91.7,521.68032095
2022-03-04 17:03,91.74,91.83,91.69,91.76,524.083,91.71000000,91.83000000,91.69000000,91.76000000,1244.14000000,91.753,91.753,91.753,91.753,1.0,91.76,91.84,91.76,91.77,106.28447048
2022-03-04 17:04,91.78,92.02,91.78,92.02,409.756,91.78000000,92.00000000,91.77000000,92.00000000,1022.53000000,,,,,,91.81,92.01,91.81,92.01,407.07506882999996
2022-03-04 17:05,92.0,92.05,91.94,92.03,474.188,92.01000000,92.02000000,91.96000000,91.99000000,540.25000000,92.118,92.118,92.1,92.1,3.0,91.97,91.97,91.9,91.9,450.0
2022-03-04 17:06,92.01,92.11,91.96,92.1,154.843,91.99000000,92.09000000,91.96000000,92.09000000,655.48000000,92.183,92.183,92.183,92.183,1.0,91.97,92.06,91.94,92.06,649.74839293
2022-03-04 17:07,92.1,92.13,91.92,92.02,296.913,92.09000000,92.10000000,91.93000000,92.02000000,1525.60000000,,,,,,92.09,92.09,91.93,92.0,226.93960747
2022-03-04 17:08,92.04,92.09,91.9,92.06,379.074,92.02000000,92.05000000,91.92000000,92.04000000,1189.96000000,,,,,,91.99,92.02,91.92,91.99,713.3735399
2022-03-04 17:09,92.03,92.14,91.98,91.99,437.273,92.04000000,92.15000000,91.98000000,91.99000000,944.29000000,92.185,92.188,92.185,92.188,5.0,91.99,92.15,91.99,92.01,335.12809513
2022-03-04 17:10,91.98,92.25,91.98,92.2,264.827,91.98000000,92.22000000,91.96000000,92.17000000,828.27000000,,,,,,91.98,92.23,91.96,92.15,346.08504766
2022-03-04 17:11,92.21,92.39,92.18,92.38,1320.529,92.18000000,92.36000000,92.17000000,92.35000000,3494.34000000,92.226,92.468,92.226,92.468,35.42549468,92.15,92.36,92.15,92.35,1204.73697618
2022-03-04 17:12,92.38,92.68,92.38,92.57,2033.235,92.35000000,92.67000000,92.34000000,92.55000000,7849.87000000,92.506,92.702,92.506,92.661,299.71527687,92.37,92.68,92.37,92.67,664.94861779
2022-03-04 17:13,92.53,92.67,92.47,92.5,856.454,92.54000000,92.66000000,92.47000000,92.48000000,1568.39000000,92.607,92.607,92.607,92.607,3.6e-07,92.59,92.69,92.46,92.52,968.39791871
2022-03-04 17:14,92.53,92.65,92.5,92.63,362.579,92.50000000,92.65000000,92.49000000,92.62000000,2143.56000000,92.611,92.611,92.611,92.611,5.396,92.55,92.67,92.52,92.63,244.86802609999998
2022-03-04 17:15,92.64,92.64,92.53,92.62,289.081,92.62000000,92.62000000,92.50000000,92.59000000,847.84000000,,,,,,92.66,92.66,92.53,92.55,187.59708197999998
2022-03-04 17:16,92.61,92.88,92.61,92.8,1922.749,92.60000000,92.86000000,92.60000000,92.78000000,2922.38000000,92.86,92.956,92.811,92.811,4.1277,92.63,92.84,92.63,92.79,312.65006855
2022-03-04 17:17,92.84,92.9,92.75,92.77,380.495,92.80000000,92.87000000,92.71000000,92.75000000,1776.39000000,,,,,,92.84,92.88,92.7,92.7,186.27759706
2022-03-04 17:18,92.79,92.8,92.57,92.63,432.701,92.76000000,92.79000000,92.59000000,92.60000000,1478.01000000,92.781,92.829,92.64,92.64,80.55713,92.72,92.72,92.6,92.65,135.22902113
2022-03-04 17:19,92.62,92.63,92.43,92.48,400.243,92.61000000,92.61000000,92.42000000,92.47000000,1517.57000000,92.599,92.599,92.511,92.511,5.7,92.55,92.55,92.4,92.43,320.00299578
2022-03-04 17:20,92.49,92.57,92.41,92.45,345.129,92.48000000,92.57000000,92.40000000,92.43000000,2036.46000000,92.581,92.581,92.581,92.581,5.398,92.46,92.55,92.42,92.42,409.12749221
2022-03-04 17:21,92.42,92.46,92.29,92.44,1572.712,92.43000000,92.45000000,92.29000000,92.43000000,1118.87000000,92.417,92.506,92.401,92.506,10.680910560000001,92.42,92.44,92.29,92.44,754.34705732
2022-03-04 17:22,92.43,92.45,92.35,92.4,347.635,92.42000000,92.43000000,92.35000000,92.42000000,1393.40000000,92.42,92.52,92.42,92.432,6.105055,92.45,92.45,92.32,92.43,436.75551644
2022-03-04 17:23,92.42,92.45,92.29,92.29,549.27,92.42000000,92.45000000,92.25000000,92.29000000,3694.99000000,,,,,,92.44,92.46,92.27,92.27,606.14451397
2022-03-04 17:24,92.31,92.45,92.28,92.32,348.987,92.30000000,92.44000000,92.28000000,92.30000000,557.85000000,,,,,,92.35,92.42,92.27,92.27,490.11974895
2022-03-04 17:25,92.32,92.37,92.17,92.36,705.811,92.27000000,92.35000000,92.16000000,92.33000000,1970.38000000,92.311,92.311,92.311,92.311,23.5616,92.27,92.31,92.13,92.3,383.30138678
2022-03-04 17:26,92.35,92.59,92.27,92.57,298.985,92.33000000,92.55000000,92.27000000,92.55000000,1007.61000000,92.601,92.601,92.601,92.601,1.5,92.3,92.57,92.27,92.51,383.99700684
2022-03-04 17:27,92.54,92.54,92.3,92.3,339.879,92.54000000,92.54000000,92.29000000,92.29000000,2074.87000000,,,,,,92.48,92.53,92.27,92.27,509.97030159
2022-03-04 17:28,92.27,92.36,92.19,92.28,372.714,92.29000000,92.33000000,92.19000000,92.25000000,744.45000000,,,,,,92.27,92.31,92.17,92.24,320.57941908
2022-03-04 17:29,92.25,92.33,92.22,92.26,512.529,92.25000000,92.31000000,92.21000000,92.22000000,1830.78000000,92.277,92.277,92.277,92.277,0.02008063,92.23,92.31,92.06,92.24,3472.9604889
2022-03-04 17:30,92.2,92.26,91.99,92.19,1127.19,92.21000000,92.23000000,92.00000000,92.22000000,7410.90000000,92.201,92.201,92.035,92.035,313.41655953,92.18,92.18,91.93,92.09,814.70026759
2022-03-04 17:31,92.21,92.28,92.18,92.22,151.549,92.21000000,92.26000000,92.18000000,92.26000000,1409.62000000,92.261,92.261,92.259,92.259,5.92355117,92.23,92.25,92.16,92.25,151.51978442
2022-03-04 17:32,92.24,92.36,92.14,92.17,430.408,92.26000000,92.34000000,92.14000000,92.17000000,1177.20000000,,,,,,92.2,92.33,92.16,92.2,492.89159671
2022-03-04 17:33,92.17,92.2,92.02,92.09,464.441,92.17000000,92.18000000,92.03000000,92.09000000,1215.07000000,,,,,,92.18,92.18,92.02,92.1,455.39353700000004
2022-03-04 17:34,92.1,92.14,91.94,92.0,290.753,92.08000000,92.14000000,91.94000000,92.01000000,2607.41000000,92.142,92.142,92.142,92.142,0.03560432,92.04,92.12,91.92,92.0,1727.48693316
2022-03-04 17:35,91.99,92.09,91.99,92.05,242.176,92.00000000,92.07000000,92.00000000,92.03000000,686.09000000,,,,,,92.03,92.06,92.0,92.05,313.87313119
2022-03-04 17:36,92.05,92.13,92.05,92.11,206.799,92.03000000,92.16000000,92.03000000,92.08000000,606.40000000,92.166,92.2,92.166,92.2,45.02336955,92.05,92.14,92.04,92.05,426.96997805
2022-03-04 17:37,92.09,92.14,92.04,92.09,289.57,92.08000000,92.15000000,92.06000000,92.07000000,721.07000000,92.167,92.167,92.167,92.167,4.126945,92.1,92.16,92.04,92.06,1137.15384035
2022-03-04 17:38,92.06,92.11,92.0,92.06,312.43,92.07000000,92.10000000,91.99000000,92.05000000,607.42000000,,,,,,92.08,92.1,91.99,92.04,757.42121953
2022-03-04 17:39,92.06,92.25,92.04,92.22,349.02,92.05000000,92.24000000,92.04000000,92.24000000,1796.08000000,,,,,,92.07,92.24,92.07,92.24,1445.59949047
2022-03-04 17:40,92.26,92.29,92.08,92.09,649.314,92.25000000,92.27000000,92.10000000,92.10000000,1279.57000000,92.347,92.347,92.341,92.341,0.67641039,92.27,92.27,92.09,92.09,857.51853439
2022-03-04 17:41,92.06,92.19,91.99,92.08,957.565,92.09000000,92.14000000,92.01000000,92.04000000,467.78000000,92.187,92.187,92.187,92.187,0.5,92.08,92.14,92.05,92.07,144.36959417
2022-03-04 17:42,92.07,92.12,92.03,92.1,158.14,92.04000000,92.09000000,92.01000000,92.07000000,758.16000000,,,,,,92.07,92.11,92.07,92.07,247.23571481
2022-03-04 17:43,92.07,92.07,91.76,91.78,1034.597,92.08000000,92.08000000,91.76000000,91.76000000,1940.39000000,91.95,91.95,91.861,91.888,1.6,92.0,92.0,91.77,91.77,381.99543959
2022-03-04 17:44,91.78,91.85,91.68,91.73,479.887,91.76000000,91.82000000,91.65000000,91.71000000,1992.97000000,91.798,91.798,91.798,91.798,0.54446368,91.76,91.84,91.66,91.69,921.52186893
2022-03-04 17:45,91.7,91.88,91.7,91.85,244.721,91.70000000,91.85000000,91.70000000,91.84000000,510.95000000,91.84,91.944,91.84,91.944,1.5,91.73,91.84,91.73,91.84,765.18363894
2022-03-04 17:46,91.86,91.9,91.7,91.84,617.249,91.84000000,91.87000000,91.71000000,91.80000000,1253.13000000,91.949,91.949,91.949,91.949,0.5,91.86,91.87,91.71,91.83,153.1662919
2022-03-04 17:47,91.86,91.94,91.8,91.8,774.212,91.80000000,91.93000000,91.80000000,91.81000000,1008.27000000,91.841,91.996,91.841,91.996,1.0,91.91,91.91,91.81,91.81,589.51721816
2022-03-04 17:48,91.8,91.91,91.75,91.81,333.06,91.82000000,91.90000000,91.77000000,91.77000000,667.84000000,91.91,91.91,91.91,91.91,0.5,91.88,91.89,91.75,91.78,315.27438419
2022-03-04 17:49,91.81,91.92,91.77,91.83,349.186,91.78000000,91.91000000,91.78000000,91.81000000,506.69000000,,,,,,91.81,91.91,91.74,91.8,395.72448374
2022-03-04 17:50,91.8,91.84,91.73,91.79,280.408,91.82000000,91.83000000,91.73000000,91.79000000,676.78000000,,,,,,91.76,91.81,91.73,91.79,293.15609677
2022-03-04 17:51,91.78,91.81,91.71,91.8,310.281,91.79000000,91.83000000,91.71000000,91.81000000,614.02000000,91.776,91.776,91.776,91.776,0.03754405,91.73,91.83,91.7,91.83,253.40861852
2022-03-04 17:52,91.8,92.01,91.8,91.96,1015.332,91.81000000,92.00000000,91.80000000,91.94000000,1944.85000000,91.92,91.971,91.92,91.971,20.72018173,91.83,92.04,91.83,91.97,732.89557883
2022-03-04 17:53,91.96,92.21,91.94,92.19,496.197,91.94000000,92.18000000,91.94000000,92.18000000,2020.34000000,92.077,92.121,92.077,92.11,18.29964531,91.99,92.17,91.98,92.17,640.11709807
2022-03-04 17:54,92.19,92.31,92.11,92.17,246.34,92.18000000,92.31000000,92.11000000,92.17000000,1239.78000000,92.281,92.281,92.259,92.259,0.78697757,92.17,92.29,92.11,92.13,509.86333588
2022-03-04 17:55,92.17,92.26,92.12,92.26,110.006,92.16000000,92.24000000,92.12000000,92.22000000,419.47000000,92.288,92.294,92.288,92.294,0.48937565,92.14,92.21,92.11,92.21,181.52111069
2022-03-04 17:56,92.24,92.33,92.18,92.19,535.001,92.23000000,92.33000000,92.18000000,92.22000000,969.01000000,92.346,92.346,92.346,92.346,0.5,92.22,92.27,92.18,92.22,229.31626885
2022-03-04 17:57,92.27,92.38,92.21,92.26,314.592,92.24000000,92.35000000,92.21000000,92.26000000,1159.91000000,92.321,92.321,92.321,92.321,0.5,92.23,92.34,92.19,92.23,295.49318241
2022-03-04 17:58,92.26,92.27,92.12,92.22,605.642,92.25000000,92.26000000,92.16000000,92.24000000,315.35000000,,,,,,92.2,92.25,92.1,92.25,587.5433001600001
2022-03-04 17:59,92.22,92.22,92.14,92.15,239.845,92.25000000,92.25000000,92.14000000,92.17000000,281.65000000,,,,,,92.2,92.2,92.16,92.18,318.62207302
2022-03-04 18:00,92.2,92.4,92.19,92.23,557.333,92.20000000,92.35000000,92.19000000,92.22000000,1784.24000000,,,,,,92.24,92.37,92.21,92.24,404.95254383
2022-03-04 18:01,92.23,92.41,92.14,92.38,213.258,92.21000000,92.37000000,92.12000000,92.35000000,792.95000000,92.258,92.258,92.258,92.258,0.03478245,92.13,92.37,92.13,92.37,687.48658904
2022-03-04 18:02,92.4,92.43,92.27,92.34,352.619,92.36000000,92.40000000,92.27000000,92.28000000,902.45000000,92.476,92.476,92.476,92.476,0.5,92.33,92.42,92.26,92.31,447.30874389
2022-03-04 18:03,92.33,92.35,92.17,92.21,927.128,92.29000000,92.30000000,92.17000000,92.18000000,606.05000000,,,,,,92.26,92.3,92.18,92.18,563.04930317
2022-03-04 18:04,92.16,92.26,92.16,92.2,248.736,92.16000000,92.22000000,92.15000000,92.18000000,382.82000000,92.309,92.309,92.309,92.309,1.0,92.2,92.26,92.15,92.18,324.89904695
2022-03-04 18:05,92.21,92.28,92.17,92.25,1033.61,92.18000000,92.26000000,92.15000000,92.24000000,1241.84000000,92.304,92.304,92.304,92.304,0.5,92.2,92.25,92.19,92.22,168.84491274
2022-03-04 18:06,92.26,92.31,92.21,92.31,169.262,92.26000000,92.30000000,92.18000000,92.28000000,384.26000000,92.36,92.36,92.36,92.36,0.5,92.29,92.29,92.2,92.24,124.34184407
2022-03-04 18:07,92.25,92.31,92.24,92.29,134.46,92.27000000,92.29000000,92.24000000,92.26000000,323.37000000,92.37,92.37,92.37,92.37,5.0,92.23,92.29,92.23,92.29,210.13273905
2022-03-04 18:08,92.27,92.29,92.17,92.27,272.613,92.27000000,92.27000000,92.18000000,92.25000000,472.89000000,,,,,,92.26,92.28,92.16,92.26,700.63011531
2022-03-04 18:09,92.27,92.28,92.21,92.27,213.139,92.25000000,92.26000000,92.19000000,92.24000000,497.28000000,,,,,,92.28,92.28,92.21,92.26,168.61958617000002
2022-03-04 18:10,92.29,92.3,92.11,92.15,257.082,92.25000000,92.27000000,92.10000000,92.11000000,757.15000000,92.266,92.266,92.221,92.221,0.09159666999999999,92.28,92.28,92.13,92.13,744.77234823
2022-03-04 18:11,92.13,92.13,91.98,91.98,366.77,92.12000000,92.14000000,91.97000000,91.99000000,993.66000000,92.2,92.2,92.2,92.2,20.0,92.13,92.13,91.96,91.98,670.33446322
2022-03-04 18:12,92.01,92.05,91.93,91.93,345.189,92.00000000,92.03000000,91.91000000,91.91000000,238.06000000,92.025,92.025,92.025,92.025,2.04813581,92.02,92.03,91.89,91.93,206.61211305
2022-03-04 18:13,91.94,92.0,91.86,91.89,272.346,91.93000000,91.98000000,91.86000000,91.87000000,735.13000000,,,,,,91.94,91.98,91.87,91.89,197.17652202
2022-03-04 18:14,91.89,92.04,91.89,91.91,314.93,91.87000000,92.02000000,91.86000000,91.88000000,499.58000000,,,,,,91.89,92.03,91.89,91.9,883.30397039
2022-03-04 18:15,91.9,92.1,91.84,92.1,160.591,91.88000000,92.05000000,91.85000000,92.05000000,485.05000000,,,,,,91.91,92.0,91.83,92.0,202.80403163
2022-03-04 18:16,92.09,92.12,91.9,91.9,719.388,92.06000000,92.09000000,91.91000000,91.91000000,391.20000000,92.092,92.131,92.064,92.064,0.16917569,92.07,92.07,91.94,91.94,226.62412715000002
2022-03-04 18:17,91.89,91.89,91.7,91.78,1087.393,91.91000000,91.91000000,91.71000000,91.75000000,1152.61000000,91.876,91.876,91.798,91.798,1.0,91.81,91.88,91.7,91.77,757.56285041
2022-03-04 18:18,91.78,91.8,91.74,91.8,197.251,91.75000000,91.79000000,91.72000000,91.77000000,144.83000000,91.919,91.919,91.785,91.785,1.5,91.8,91.82,91.74,91.74,430.89580227
2022-03-04 18:19,91.78,91.84,91.72,91.73,391.865,91.77000000,91.81000000,91.74000000,91.74000000,1201.80000000,,,,,,91.79,91.8,91.74,91.74,614.01009082
2022-03-04 18:20,91.76,91.94,91.76,91.94,367.619,91.74000000,91.94000000,91.74000000,91.94000000,236.51000000,,,,,,91.77,91.88,91.77,91.88,188.93613356
2022-03-04 18:21,91.97,92.0,91.91,91.92,569.475,91.95000000,91.97000000,91.89000000,91.89000000,697.46000000,92.011,92.011,92.011,92.011,0.02943482,91.94,91.98,91.93,91.95,209.98875601
2022-03-04 18:22,91.9,92.02,91.84,91.9,401.306,91.90000000,91.99000000,91.85000000,91.87000000,366.47000000,,,,,,91.89,92.01,91.87,91.87,353.10806411
2022-03-04 18:23,91.9,91.91,91.77,91.86,253.3,91.87000000,91.91000000,91.77000000,91.84000000,756.73000000,91.909,91.909,91.909,91.909,0.02810702,91.87,91.87,91.79,91.87,178.31116683
2022-03-04 18:24,91.87,91.88,91.66,91.67,304.809,91.84000000,91.85000000,91.67000000,91.68000000,799.39000000,91.871,91.871,91.783,91.783,1.9814100399999999,91.82,91.84,91.67,91.69,319.75477278
2022-03-04 18:25,91.69,91.83,91.69,91.82,402.386,91.68000000,91.81000000,91.68000000,91.80000000,401.53000000,91.812,91.812,91.811,91.811,4.9399999999999995,91.7,91.8,91.69,91.79,664.39606264
2022-03-04 18:26,91.82,91.95,91.82,91.95,112.337,91.80000000,91.91000000,91.80000000,91.91000000,609.82000000,,,,,,91.81,91.9,91.78,91.9,284.57729044
2022-03-04 18:27,91.97,91.97,91.73,91.83,180.901,91.92000000,91.96000000,91.75000000,91.80000000,568.23000000,,,,,,91.95,91.95,91.73,91.73,321.86856552
2022-03-04 18:28,91.8,91.93,91.8,91.89,296.689,91.81000000,91.90000000,91.80000000,91.89000000,779.60000000,91.921,91.921,91.921,91.921,0.02010613,91.82,91.93,91.82,91.85,683.12104131
2022-03-04 18:29,91.85,91.9,91.77,91.83,323.308,91.88000000,91.88000000,91.76000000,91.80000000,213.38000000,91.831,91.831,91.831,91.831,0.5,91.85,91.87,91.75,91.75,466.38749603
2022-03-04 18:30,91.8,91.89,91.76,91.82,435.654,91.79000000,91.86000000,91.76000000,91.82000000,534.81000000,91.878,91.968,91.878,91.968,0.49523068000000003,91.77,91.86,91.77,91.81,346.889341
2022-03-04 18:31,91.82,91.94,91.71,91.92,368.727,91.81000000,91.91000000,91.70000000,91.89000000,1414.64000000,91.832,92.01,91.832,91.942,19.02155468,91.8,91.92,91.69,91.88,1315.09955454
2022-03-04 18:32,91.9,91.93,91.82,91.91,199.106,91.88000000,91.90000000,91.84000000,91.89000000,291.01000000,91.995,91.995,91.995,91.995,0.25282147,91.88,91.91,91.84,91.91,242.82898576
2022-03-04 18:33,91.92,91.99,91.85,91.99,401.366,91.87000000,91.95000000,91.85000000,91.95000000,136.57000000,91.96,92.01,91.96,92.01,0.51017459,91.87,91.94,91.87,91.94,177.03893074
2022-03-04 18:34,92.0,92.0,91.88,91.92,239.54,91.96000000,91.96000000,91.86000000,91.87000000,281.73000000,92.047,92.047,91.98,91.98,0.51627713,91.95,91.95,91.88,91.93,221.03140993
2022-03-04 18:35,91.88,91.97,91.87,91.93,104.576,91.86000000,91.94000000,91.86000000,91.90000000,242.89000000,91.931,92.049,91.931,92.009,1.41414171,91.89,91.93,91.89,91.89,227.60928602
2022-03-04 18:36,91.9,91.93,91.81,91.86,110.482,91.90000000,91.90000000,91.78000000,91.83000000,375.24000000,91.938,91.938,91.938,91.938,0.26356815,91.88,91.88,91.79,91.81,741.55254157
2022-03-04 18:37,91.88,91.88,91.76,91.77,168.197,91.83000000,91.85000000,91.76000000,91.76000000,73.53000000,91.949,91.949,91.899,91.899,0.5318593199999999,91.83,91.86,91.75,91.75,253.14103135
2022-03-04 18:38,91.74,91.96,91.71,91.88,438.927,91.76000000,91.92000000,91.71000000,91.87000000,495.32000000,91.869,92.03,91.869,92.03,1.53822551,91.74,91.89,91.7,91.85,284.79595833999997
2022-03-04 18:39,91.89,92.04,91.89,92.04,176.485,91.87000000,92.01000000,91.87000000,92.01000000,375.53000000,92.058,92.058,92.058,92.058,0.5,91.87,92.0,91.87,91.98,229.22331475
2022-03-04 18:40,91.99,91.99,91.86,91.88,270.126,92.00000000,92.00000000,91.85000000,91.89000000,659.04000000,92.076,92.076,92.076,92.076,0.27152306,91.98,91.98,91.85,91.88,2596.07266047
2022-03-04 18:41,91.89,91.9,91.58,91.58,301.296,91.89000000,91.89000000,91.59000000,91.59000000,956.18000000,91.74,91.74,91.644,91.644,1.58680793,91.89,91.89,91.55,91.55,404.57942533
2022-03-04 18:42,91.56,91.67,91.31,91.35,1150.716,91.58000000,91.66000000,91.32000000,91.35000000,3291.46000000,91.619,91.699,91.436,91.436,202.57351861,91.57,91.64,91.34,91.34,895.56038238
2022-03-04 18:43,91.36,91.52,91.35,91.38,765.25,91.36000000,91.50000000,91.34000000,91.35000000,996.56000000,91.469,91.53,91.469,91.53,5.74214276,91.33,91.46,91.32,91.35,529.20132078
2022-03-04 18:44,91.4,91.53,91.4,91.46,1403.171,91.36000000,91.49000000,91.36000000,91.43000000,632.97000000,91.446,91.523,91.446,91.523,1.7071399,91.39,91.52,91.38,91.41,661.95691041
2022-03-04 18:45,91.45,91.49,91.39,91.42,343.078,91.42000000,91.47000000,91.38000000,91.40000000,749.50000000,,,,,,91.42,91.49,91.38,91.45,597.0134763899999
2022-03-04 18:46,91.4,91.47,91.34,91.39,121.035,91.39000000,91.44000000,91.32000000,91.32000000,417.77000000,,,,,,91.39,91.42,91.31,91.34,340.5912655
2022-03-04 18:47,91.32,91.32,91.1,91.12,716.325,91.32000000,91.32000000,91.07000000,91.11000000,3237.78000000,91.393,91.393,91.099,91.099,8.77092414,91.3,91.33,91.07,91.09,1961.92502304
2022-03-04 18:48,91.12,91.19,91.05,91.17,2030.091,91.11000000,91.19000000,91.08000000,91.15000000,841.65000000,,,,,,91.11,91.19,91.11,91.16,35.1498488
2022-03-04 18:49,91.16,91.23,91.0,91.18,1539.942,91.16000000,91.25000000,91.01000000,91.20000000,1784.52000000,91.277,91.278,91.054,91.054,7.77,91.25,91.25,91.02,91.21,178.93041298
2022-03-04 18:50,91.19,91.29,91.17,91.21,298.965,91.20000000,91.27000000,91.17000000,91.21000000,574.30000000,91.317,91.329,91.241,91.241,13.57129711,91.22,91.25,91.14,91.23,465.38167298999997
2022-03-04 18:51,91.24,91.41,91.21,91.39,242.427,91.21000000,91.39000000,91.21000000,91.39000000,1095.55000000,91.25,91.479,91.25,91.479,23.48705395,91.2,91.39,91.17,91.35,446.80589738
2022-03-04 18:52,91.37,91.37,91.23,91.32,159.602,91.37000000,91.37000000,91.24000000,91.31000000,393.04000000,91.382,91.382,91.382,91.382,0.11090434,91.32,91.33,91.22,91.33,430.21091971
2022-03-04 18:53,91.33,91.43,91.31,91.41,161.259,91.32000000,91.42000000,91.31000000,91.42000000,247.03000000,,,,,,91.35,91.41,91.29,91.4,617.66872319
2022-03-04 18:54,91.39,91.49,91.34,91.38,521.474,91.42000000,91.49000000,91.36000000,91.36000000,711.33000000,91.488,91.488,91.488,91.488,1.46,91.38,91.45,91.33,91.33,164.79177729
2022-03-04 18:55,91.36,91.56,91.34,91.53,172.182,91.35000000,91.55000000,91.35000000,91.50000000,445.63000000,,,,,,91.39,91.54,91.38,91.52,694.3017446
2022-03-04 18:56,91.51,91.54,91.38,91.38,305.81,91.51000000,91.51000000,91.38000000,91.39000000,328.59000000,,,,,,91.42,91.47,91.36,91.37,913.37334005
2022-03-04 18:57,91.38,91.42,91.25,91.25,241.738,91.38000000,91.38000000,91.25000000,91.26000000,799.98000000,91.426,91.426,91.426,91.426,0.02797296,91.36,91.36,91.19,91.23,875.86217602
2022-03-04 18:58,91.28,91.39,91.26,91.29,225.561,91.26000000,91.37000000,91.25000000,91.28000000,362.21000000,,,,,,91.24,91.36,91.24,91.26,407.9577845
2022-03-04 18:59,91.27,91.27,91.07,91.19,479.18,91.26000000,91.27000000,91.09000000,91.18000000,832.21000000,91.209,91.29,91.209,91.29,1.0,91.23,91.23,91.11,91.19,525.37982681
2022-03-04 19:00,91.2,91.37,91.16,91.29,244.368,91.18000000,91.35000000,91.18000000,91.27000000,481.46000000,91.211,91.211,91.211,91.211,5.29183536,91.19,91.35,91.19,91.28,349.62156333
2022-03-04 19:01,91.25,91.27,91.12,91.18,487.815,91.28000000,91.28000000,91.11000000,91.16000000,764.35000000,91.184,91.184,91.184,91.184,1.21,91.3,91.3,91.12,91.17,365.50320303
2022-03-04 19:02,91.17,91.21,91.06,91.07,567.104,91.16000000,91.20000000,91.06000000,91.06000000,1039.40000000,,,,,,91.15,91.18,91.04,91.04,264.50155475
2022-03-04 19:03,91.07,91.09,90.86,90.88,1864.011,91.06000000,91.09000000,90.90000000,90.90000000,3612.84000000,91.092,91.092,90.8,90.987,2590.35070446,91.03,91.09,90.86,90.86,1554.32653111
2022-03-04 19:04,90.88,90.95,90.77,90.85,1392.345,90.90000000,90.94000000,90.78000000,90.87000000,2575.12000000,90.882,90.882,90.882,90.882,14.49136387,90.86,90.94,90.76,90.88,649.3303084
2022-03-04 19:05,90.87,91.08,90.85,90.95,592.111,90.86000000,91.10000000,90.86000000,90.99000000,4810.26000000,90.983,91.122,90.983,91.033,229.60474597,90.88,91.1,90.88,90.95,501.7958446
2022-03-04 19:06,90.98,91.05,90.96,91.04,367.43,90.99000000,91.05000000,90.97000000,91.05000000,660.28000000,91.085,91.085,91.085,91.085,112.9,90.96,91.07,90.95,91.04,947.52299553
2022-03-04 19:07,91.06,91.14,91.02,91.06,257.592,91.05000000,91.14000000,91.04000000,91.06000000,1601.94000000,91.108,91.165,91.09,91.09,131.99,91.02,91.15,91.02,91.09,773.99779212
2022-03-04 19:08,91.03,91.03,90.68,90.68,506.385,91.05000000,91.05000000,90.71000000,90.72000000,2520.30000000,90.946,90.946,90.946,90.946,5.0,90.96,90.96,90.69,90.69,342.92153536
2022-03-04 19:09,90.67,90.67,90.07,90.34,5676.112,90.71000000,90.71000000,90.10000000,90.32000000,20416.47000000,90.695,90.695,90.112,90.343,322.62883124,90.68,90.68,90.17,90.33,4365.13330181
2022-03-04 19:10,90.26,90.27,90.0,90.07,11251.609,90.32000000,90.33000000,89.85000000,90.02000000,24751.62000000,90.433,90.433,89.891,90.078,1530.7877666,90.24,90.27,89.84,89.93,3848.38769412
2022-03-04 19:11,90.1,90.16,89.51,89.51,7511.146,90.03000000,90.10000000,89.50000000,89.51000000,13397.50000000,89.94,90.184,89.4,89.678,2656.45352574,90.05,90.11,89.51,89.52,1267.10949716
2022-03-04 19:12,89.51,89.73,89.37,89.48,3773.48,89.51000000,89.70000000,89.35000000,89.45000000,8387.96000000,89.564,89.759,89.408,89.45,257.39547844000003,89.51,89.72,89.35,89.41,1249.39522497
2022-03-04 19:13,89.46,89.61,89.32,89.49,1985.573,89.45000000,89.60000000,89.30000000,89.50000000,4145.13000000,89.463,89.56,89.397,89.56,50.9555544,89.49,89.61,89.34,89.5,1060.00714917
2022-03-04 19:14,89.51,89.66,89.47,89.62,919.949,89.51000000,89.66000000,89.51000000,89.63000000,1560.88000000,89.55,89.68,89.55,89.63,249.63976339,89.51,89.68,89.51,89.65,806.55184951
2022-03-04 19:15,89.63,89.69,89.36,89.5,839.996,89.65000000,89.69000000,89.38000000,89.50000000,1929.48000000,89.701,89.701,89.606,89.606,47.6614448,89.63,89.68,89.4,89.44,628.61236164
2022-03-04 19:16,89.52,89.68,89.45,89.68,619.801,89.50000000,89.67000000,89.45000000,89.67000000,2294.55000000,89.588,89.704,89.588,89.66,71.264964,89.51,89.67,89.46,89.67,346.88043653
2022-03-04 19:17,89.63,89.69,89.31,89.37,586.743,89.67000000,89.67000000,89.30000000,89.36000000,2271.29000000,89.701,89.701,89.38,89.38,65.29379877,89.62,89.64,89.3,89.3,1682.11952956
2022-03-04 19:18,89.36,89.59,89.28,89.44,883.352,89.35000000,89.58000000,89.27000000,89.40000000,4780.64000000,89.481,89.616,89.481,89.571,234.81112469,89.36,89.52,89.26,89.26,999.88828636
2022-03-04 19:19,89.4,89.47,89.12,89.19,2166.329,89.40000000,89.47000000,89.12000000,89.16000000,5935.21000000,89.335,89.376,89.236,89.341,144.99690768,89.37,89.4,89.1,89.12,1216.21318423
2022-03-04 19:20,89.19,89.19,88.88,88.98,4957.714,89.18000000,89.18000000,88.91000000,89.02000000,10997.92000000,89.2,89.2,88.977,89.108,2072.55197429,89.12,89.12,88.87,88.94,1780.36058684
2022-03-04 19:21,88.99,89.26,88.96,89.23,1180.588,89.01000000,89.28000000,89.00000000,89.26000000,4262.96000000,89.107,89.282,89.099,89.269,131.8228,89.04,89.21,88.99,89.21,419.67193968
2022-03-04 19:22,89.22,89.5,89.1,89.1,1811.116,89.26000000,89.51000000,89.15000000,89.18000000,4175.39000000,89.439,89.62,89.271,89.28,5410.83605,89.29,89.45,89.13,89.17,1554.20385068
2022-03-04 19:23,89.06,89.27,88.98,89.23,1512.049,89.16000000,89.28000000,89.02000000,89.25000000,2424.54000000,89.147,89.334,89.131,89.334,326.397736,89.07,89.25,88.98,89.22,1038.83898263
2022-03-04 19:24,89.2,89.32,89.16,89.28,894.763,89.25000000,89.35000000,89.20000000,89.27000000,1312.69000000,89.357,89.391,89.254,89.367,130.53411769,89.19,89.31,89.18,89.27,790.93631075
2022-03-04 19:25,89.25,89.6,89.2,89.6,659.27,89.25000000,89.65000000,89.25000000,89.62000000,3215.61000000,89.301,89.603,89.3,89.603,5264.33791564,89.23,89.59,89.23,89.59,545.45891327
2022-03-04 19:26,89.61,89.71,89.46,89.61,1159.127,89.62000000,89.69000000,89.48000000,89.62000000,2149.53000000,89.62,89.747,89.57,89.747,109.40436423,89.6,89.7,89.53,89.59,1407.0807285600001
2022-03-04 19:27,89.58,89.72,89.49,89.5,1109.842,89.62000000,89.69000000,89.48000000,89.49000000,2786.87000000,89.729,89.769,89.51,89.597,52.82904003,89.62,89.69,89.48,89.53,639.94833827
2022-03-04 19:28,89.49,89.59,89.43,89.59,825.073,89.48000000,89.59000000,89.44000000,89.59000000,1107.07000000,89.51,89.646,89.471,89.471,10.5,89.56,89.61,89.43,89.54,357.27012505
2022-03-04 19:29,89.62,89.62,89.41,89.56,350.798,89.59000000,89.60000000,89.43000000,89.57000000,1155.74000000,89.62,89.646,89.59,89.59,14.64,89.54,89.57,89.48,89.57,206.48379117000002
2022-03-04 19:30,89.55,89.61,89.39,89.53,3308.462,89.56000000,89.58000000,89.37000000,89.52000000,1403.29000000,89.412,89.59,89.412,89.59,17.18429767,89.51,89.56,89.39,89.51,386.64223266
2022-03-04 19:31,89.53,89.83,89.48,89.83,852.497,89.51000000,89.82000000,89.48000000,89.76000000,1906.89000000,89.846,89.846,89.81,89.81,13.64,89.53,89.81,89.53,89.8,1002.00237124
2022-03-04 19:32,89.78,89.8,89.61,89.72,1026.097,89.80000000,89.80000000,89.60000000,89.70000000,746.13000000,89.84,89.841,89.787,89.788,15.190000000000001,89.78,89.8,89.62,89.68,610.50085798
2022-03-04 19:33,89.72,89.74,89.53,89.58,634.305,89.70000000,89.72000000,89.56000000,89.57000000,664.67000000,89.74,89.74,89.6,89.6,20.795792210000002,89.67,89.72,89.57,89.61,270.21201365
2022-03-04 19:34,89.61,89.69,89.45,89.69,823.83,89.57000000,89.68000000,89.44000000,89.64000000,922.83000000,89.592,89.743,89.592,89.743,7.07,89.53,89.65,89.48,89.64,575.368067
2022-03-04 19:35,89.64,89.65,89.33,89.39,706.192,89.63000000,89.68000000,89.35000000,89.37000000,3751.13000000,,,,,,89.65,89.65,89.37,89.37,144.15950051
2022-03-04 19:36,89.35,89.52,89.31,89.45,423.402,89.35000000,89.54000000,89.34000000,89.47000000,2791.24000000,89.39,89.39,89.39,89.39,0.5,89.33,89.45,89.32,89.45,202.11676511
2022-03-04 19:37,89.45,89.64,89.45,89.6,410.042,89.46000000,89.63000000,89.45000000,89.56000000,968.37000000,89.665,89.665,89.52,89.52,1.0,89.47,89.62,89.47,89.59,665.76106808
2022-03-04 19:38,89.58,89.66,89.5,89.56,567.997,89.59000000,89.64000000,89.52000000,89.56000000,529.24000000,,,,,,89.55,89.59,89.5,89.58,193.54494653
2022-03-04 19:39,89.56,89.59,89.25,89.28,518.189,89.56000000,89.60000000,89.27000000,89.30000000,1654.90000000,89.561,89.561,89.341,89.341,67.38004591,89.6,89.6,89.3,89.3,14.043302689999999
2022-03-04 19:40,89.31,89.37,89.22,89.26,602.304,89.30000000,89.34000000,89.21000000,89.25000000,1989.07000000,89.361,89.361,89.361,89.361,0.63,89.27,89.34,89.2,89.29,1652.77136407
2022-03-04 19:41,89.28,89.33,89.18,89.18,785.346,89.25000000,89.33000000,89.19000000,89.19000000,1559.76000000,89.332,89.332,89.332,89.332,0.71,89.3,89.33,89.17,89.17,1310.22970596
2022-03-04 19:42,89.17,89.27,89.0,89.04,1289.658,89.19000000,89.26000000,88.96000000,89.02000000,2489.36000000,89.16,89.16,89.04,89.04,37.68,89.2,89.2,88.98,89.03,767.40992319
2022-03-04 19:43,89.05,89.11,88.83,88.96,4981.229,89.04000000,89.07000000,88.81000000,88.96000000,3578.64000000,89.09,89.09,88.881,89.019,46.09,89.07,89.08,88.79,88.95,1593.64279373
2022-03-04 19:44,88.98,89.08,88.87,89.02,1465.651,88.95000000,89.07000000,88.87000000,89.02000000,1856.95000000,89.08,89.08,89.08,89.08,13.14,88.94,89.07,88.87,89.03,788.46785948
2022-03-04 19:45,89.07,89.09,88.85,88.9,750.451,89.03000000,89.09000000,88.86000000,88.92000000,1881.91000000,89.05,89.177,88.94,89.02,33.7148699,89.01,89.03,88.85,88.94,578.418754
2022-03-04 19:46,88.92,89.02,88.83,88.99,1008.896,88.92000000,89.01000000,88.83000000,88.96000000,1869.26000000,89.007,89.007,89.007,89.007,0.5,88.85,88.99,88.85,88.96,216.36406605
2022-03-04 19:47,88.98,89.16,88.95,89.03,626.152,88.97000000,89.15000000,88.95000000,89.03000000,1000.68000000,89.044,89.18,89.044,89.1,57.07,88.97,89.13,88.96,89.03,628.08468673
2022-03-04 19:48,89.0,89.13,89.0,89.04,860.056,89.01000000,89.13000000,89.00000000,89.03000000,1212.24000000,89.183,89.183,89.183,89.183,0.5,89.03,89.13,89.03,89.05,166.72365387
2022-03-04 19:49,89.09,89.09,88.56,88.58,2411.57,89.04000000,89.10000000,88.53000000,88.60000000,9350.71000000,89.1,89.1,88.671,88.671,120.26117304,89.05,89.1,88.55,88.55,1552.26643672
2022-03-04 19:50,88.58,88.88,88.5,88.78,2937.462,88.60000000,88.89000000,88.47000000,88.78000000,6309.49000000,88.703,88.913,88.635,88.913,30.52000001,88.78,88.85,88.46,88.74,1036.15843333
2022-03-04 19:51,88.77,89.06,88.77,89.01,1717.067,88.78000000,89.06000000,88.77000000,89.00000000,3939.49000000,88.914,89.095,88.914,89.057,22.61288743,88.79,89.05,88.79,89.02,1106.89224533
2022-03-04 19:52,89.01,89.01,88.66,88.69,608.595,89.02000000,89.02000000,88.69000000,88.71000000,1941.88000000,88.972,88.972,88.972,88.972,7.55,89.0,89.0,88.81,88.82,452.97996924
2022-03-04 19:53,88.68,88.97,88.43,88.86,2303.937,88.70000000,88.96000000,88.47000000,88.89000000,3725.15000000,88.553,88.994,88.553,88.994,1.25,88.6,88.91,88.38,88.83,1600.9996759
2022-03-04 19:54,88.86,89.04,88.83,88.94,741.491,88.89000000,89.02000000,88.85000000,88.94000000,2650.60000000,88.993,89.106,88.993,89.03,21.74842453,88.82,88.99,88.71,88.9,968.0605035
2022-03-04 19:55,88.88,89.01,88.71,88.77,3119.583,88.94000000,89.00000000,88.77000000,88.79000000,2779.61000000,89.088,89.088,88.84,88.84,3.9667,88.9,88.97,88.68,88.79,1818.89445586
2022-03-04 19:56,88.77,88.95,88.77,88.89,669.238,88.78000000,88.95000000,88.78000000,88.87000000,1625.39000000,89.005,89.005,89.005,89.005,1.5,88.77,88.94,88.7,88.89,929.41905201
2022-03-04 19:57,88.87,88.87,88.81,88.84,707.32,88.86000000,88.87000000,88.81000000,88.84000000,1772.31000000,88.934,88.934,88.934,88.934,0.5,88.83,88.88,88.79,88.82,329.58614116
2022-03-04 19:58,88.84,88.89,88.55,88.62,1837.348,88.83000000,88.87000000,88.56000000,88.62000000,3713.25000000,88.84,88.84,88.641,88.717,15.2025027,88.79,88.87,88.56,88.56,205.4922073
2022-03-04 19:59,88.64,88.67,88.34,88.64,1160.925,88.61000000,88.71000000,88.36000000,88.70000000,4982.53000000,88.553,88.553,88.444,88.444,64.9005877,88.6,88.71,88.33,88.71,2162.71255553
2022-03-04 20:00,88.68,88.7,88.35,88.35,1230.273,88.71000000,88.73000000,88.36000000,88.37000000,5039.15000000,88.819,88.819,88.481,88.481,11.789,88.68,88.68,88.33,88.33,839.08222967
2022-03-04 20:01,88.39,88.43,88.29,88.34,3140.798,88.38000000,88.43000000,88.25000000,88.35000000,7778.18000000,88.427,88.454,88.327,88.381,6.14745,88.35,88.55,88.27,88.38,3459.80030647
2022-03-04 20:02,88.37,88.85,88.37,88.82,1177.896,88.36000000,88.84000000,88.36000000,88.82000000,3540.27000000,88.739,88.789,88.739,88.789,23.3141,88.38,88.84,88.38,88.84,827.79196301
2022-03-04 20:03,88.84,88.99,88.8,88.99,1126.159,88.82000000,88.93000000,88.82000000,88.93000000,3340.88000000,88.977,89.002,88.957,88.982,2.1503978,88.92,88.93,88.83,88.92,303.81037025
2022-03-04 20:04,88.97,88.97,88.71,88.78,1203.567,88.93000000,88.96000000,88.71000000,88.77000000,2305.75000000,88.77,88.839,88.77,88.839,9.94,88.91,88.91,88.68,88.8,973.06228722
2022-03-04 20:05,88.79,88.89,88.68,88.89,945.394,88.77000000,88.87000000,88.66000000,88.87000000,1926.08000000,88.878,88.911,88.793,88.911,30.5,88.73,88.85,88.67,88.81,169.12644847
2022-03-04 20:06,88.89,89.06,88.86,88.98,1155.328,88.87000000,89.04000000,88.85000000,88.94000000,2012.76000000,88.966,89.019,88.93,88.93,2.5644154,88.84,89.03,88.84,88.96,564.96818479
2022-03-04 20:07,89.0,89.01,88.81,88.87,4382.879,88.96000000,88.98000000,88.78000000,88.84000000,1817.40000000,88.995,88.995,88.983,88.983,7.08,88.97,88.97,88.81,88.84,204.28354292
2022-03-04 20:08,88.87,88.99,88.81,88.93,1937.231,88.84000000,88.94000000,88.82000000,88.89000000,1525.31000000,88.926,88.998,88.926,88.998,1.5,88.87,88.96,88.84,88.84,605.8637575
2022-03-04 20:09,88.92,88.97,88.87,88.92,515.208,88.91000000,88.93000000,88.85000000,88.89000000,482.70000000,89.011,89.011,88.98,88.98,2.5,88.92,88.92,88.86,88.88,137.94129962
2022-03-04 20:10,88.92,89.0,88.82,88.96,623.364,88.89000000,88.97000000,88.81000000,88.97000000,813.06000000,88.941,89.034,88.941,89.03,2.55612924,88.92,88.96,88.83,88.96,957.87624094
2022-03-04 20:11,88.98,89.01,88.83,88.9,1094.941,88.96000000,89.00000000,88.82000000,88.88000000,715.07000000,89.053,89.053,88.948,88.948,1.5,88.98,89.0,88.89,88.89,175.67025275
2022-03-04 20:12,88.91,88.91,88.69,88.73,997.832,88.87000000,88.88000000,88.66000000,88.69000000,891.86000000,88.867,88.899,88.787,88.787,8.5,88.9,88.9,88.68,88.71,234.65643606
2022-03-04 20:13,88.71,88.72,88.47,88.52,2331.674,88.69000000,88.71000000,88.46000000,88.49000000,2596.12000000,88.748,88.748,88.476,88.476,78.6012124,88.66,88.66,88.43,88.45,866.59306064
2022-03-04 20:14,88.53,88.58,88.15,88.41,3975.521,88.50000000,88.57000000,88.18000000,88.39000000,5811.34000000,88.413,88.413,88.264,88.264,1.0662634500000001,88.52,88.52,88.18,88.49,814.10441882
2022-03-04 20:15,88.41,88.52,88.01,88.07,3559.557,88.41000000,88.50000000,88.06000000,88.08000000,9196.72000000,88.321,88.321,88.077,88.09,105.65835958999999,88.43,88.48,88.06,88.08,1307.00010864
2022-03-04 20:16,88.08,88.14,87.8,88.08,7627.1,88.08000000,88.16000000,87.79000000,88.07000000,19796.69000000,88.228,88.228,87.907,88.094,147.89625707,88.08,88.17,87.85,88.02,1209.44353539
2022-03-04 20:17,88.08,88.43,88.05,88.23,2535.737,88.08000000,88.45000000,88.08000000,88.22000000,4484.99000000,88.164,88.45,88.164,88.34,68.10234686,88.13,88.39,88.13,88.22,467.20626364
2022-03-04 20:18,88.25,88.34,88.15,88.18,1313.299,88.22000000,88.36000000,88.17000000,88.17000000,3349.81000000,88.402,88.402,88.335,88.335,1.0,88.26,88.32,88.19,88.2,535.62946863
2022-03-04 20:19,88.15,88.32,88.0,88.04,1298.39,88.18000000,88.32000000,88.02000000,88.03000000,4280.96000000,88.2,88.211,88.16,88.16,27.28,88.18,88.2,87.97,87.97,550.25153768
2022-03-04 20:20,88.01,88.35,87.86,88.2,2554.141,88.02000000,88.37000000,87.88000000,88.20000000,8840.53000000,88.0,88.333,87.923,88.181,254.27450545,88.04,88.29,87.87,88.14,356.12989546
2022-03-04 20:21,88.22,88.23,88.03,88.16,2418.505,88.21000000,88.25000000,88.04000000,88.25000000,2178.09000000,88.179,88.32,88.179,88.32,3.5,88.18,88.23,88.02,88.15,1208.74959721
2022-03-04 20:22,88.24,88.42,88.17,88.19,4347.536,88.25000000,88.46000000,88.18000000,88.18000000,4693.11000000,88.439,88.468,88.389,88.389,2.0681171799999998,88.31,88.4,88.2,88.2,661.08593592
2022-03-04 20:23,88.2,88.47,88.2,88.29,1000.226,88.19000000,88.45000000,88.19000000,88.28000000,1592.27000000,88.315,88.481,88.315,88.481,9.950000000000001,88.22,88.42,88.22,88.29,202.04735682
2022-03-04 20:24,88.31,88.36,88.09,88.22,905.463,88.30000000,88.32000000,88.09000000,88.22000000,2912.14000000,88.389,88.425,88.292,88.292,9.90244208,88.27,88.3,88.14,88.23,176.91890770999998
2022-03-04 20:25,88.2,88.28,88.11,88.14,974.561,88.21000000,88.26000000,88.10000000,88.15000000,1430.55000000,88.27,88.27,88.226,88.226,1.0,88.22,88.23,88.14,88.14,468.34384392
2022-03-04 20:26,88.17,88.24,87.9,87.95,856.072,88.15000000,88.25000000,87.90000000,87.94000000,4309.50000000,88.061,88.061,87.976,88.019,36.794217509999996,88.19,88.24,87.9,87.9,724.39617661
2022-03-04 20:27,87.93,88.54,87.81,88.46,4010.909,87.95000000,88.55000000,87.92000000,88.48000000,5580.73000000,88.117,88.541,88.117,88.541,33.814917,88.14,88.52,88.14,88.43,430.01290754
2022-03-04 20:28,88.46,88.94,88.46,88.84,3302.279,88.46000000,88.92000000,88.46000000,88.87000000,5791.51000000,88.55,88.949,88.55,88.871,331.93683816,88.43,88.87,88.43,88.81,491.11593609
2022-03-04 20:29,88.89,88.89,88.67,88.89,1759.278,88.87000000,88.89000000,88.70000000,88.88000000,3612.38000000,88.781,88.841,88.781,88.841,8.940000000000001,88.84,88.84,88.71,88.78,122.29356969
2022-03-04 20:30,88.88,88.96,88.52,88.6,2558.855,88.88000000,88.97000000,88.56000000,88.60000000,2794.11000000,88.948,88.948,88.656,88.656,26.69,88.86,88.9,88.58,88.69,583.60698743
2022-03-04 20:31,88.59,88.74,88.51,88.63,1104.801,88.60000000,88.72000000,88.49000000,88.70000000,2471.37000000,88.589,88.589,88.589,88.589,8.62,88.61,88.71,88.61,88.7,237.2962103
2022-03-04 20:32,88.69,88.93,88.64,88.93,556.163,88.69000000,88.92000000,88.64000000,88.92000000,1665.82000000,88.789,88.912,88.789,88.912,1.0,88.66,88.92,88.62,88.92,135.50244845
2022-03-04 20:33,88.9,88.99,88.75,88.89,703.951,88.92000000,88.98000000,88.75000000,88.83000000,2123.07000000,88.925,88.925,88.925,88.925,1.5,88.93,88.96,88.74,88.85,473.48045049
2022-03-04 20:34,88.87,88.9,88.75,88.85,388.575,88.82000000,88.88000000,88.75000000,88.84000000,1365.88000000,88.88,88.927,88.833,88.927,0.8,88.83,88.9,88.79,88.86,859.85680419
2022-03-04 20:35,88.86,89.08,88.86,89.02,673.774,88.85000000,89.07000000,88.84000000,89.00000000,4421.36000000,89.019,89.02,89.019,89.02,0.84748236,88.9,89.06,88.9,89.06,648.65252982
2022-03-04 20:36,89.01,89.07,88.77,88.87,867.743,89.00000000,89.05000000,88.80000000,88.87000000,2893.64000000,89.106,89.106,89.02,89.02,1.13480116,88.97,89.04,88.76,88.88,1019.48633167
2022-03-04 20:37,88.88,88.9,88.75,88.78,799.731,88.87000000,88.87000000,88.75000000,88.76000000,805.99000000,88.937,88.957,88.8,88.8,534.7181711,88.85,88.88,88.76,88.76,354.89204171
2022-03-04 20:38,88.8,88.81,88.63,88.78,730.782,88.75000000,88.78000000,88.61000000,88.75000000,1899.85000000,88.8,88.866,88.7,88.836,18.9189969,88.78,88.78,88.62,88.74,82.56945006000001
2022-03-04 20:39,88.75,88.8,88.71,88.76,996.489,88.74000000,88.78000000,88.69000000,88.72000000,701.55000000,88.8,88.8,88.8,88.8,145.0,88.75,88.76,88.65,88.71,893.82057735
2022-03-04 20:40,88.75,88.84,88.61,88.79,1005.566,88.72000000,88.83000000,88.60000000,88.81000000,1811.09000000,88.648,88.648,88.648,88.648,0.5,88.74,88.87,88.59,88.82,937.03917023
2022-03-04 20:41,88.82,89.19,88.79,89.12,2641.502,88.83000000,89.16000000,88.80000000,89.11000000,4366.12000000,89.125,89.15,89.124,89.15,46.40570027,88.87,89.18,88.82,89.11,904.77005569
2022-03-04 20:42,89.07,89.25,89.01,89.13,922.566,89.08000000,89.27000000,89.01000000,89.14000000,3196.55000000,89.23,89.23,89.23,89.23,6.01,89.07,89.25,89.03,89.11,269.68722226
2022-03-04 20:43,89.11,89.29,89.11,89.14,1821.096,89.14000000,89.30000000,89.12000000,89.16000000,6413.10000000,89.276,89.31,89.24,89.24,111.05814655,89.18,89.28,89.09,89.17,1064.8458944000001
2022-03-04 20:44,89.17,89.19,89.01,89.03,410.631,89.18000000,89.18000000,89.00000000,89.00000000,1345.26000000,89.2,89.2,89.2,89.2,200.0,89.17,89.2,89.0,89.0,728.9173587
2022-03-04 20:45,89.0,89.14,88.96,89.02,867.809,89.00000000,89.13000000,88.95000000,89.03000000,2276.75000000,89.179,89.179,89.179,89.179,2.5,88.98,89.13,88.96,89.06,948.58015428
2022-03-04 20:46,89.03,89.06,88.88,89.05,495.162,89.04000000,89.07000000,88.87000000,89.07000000,2211.63000000,89.06,89.11,89.06,89.11,1.5,89.01,89.04,88.91,88.99,405.78532852
2022-03-04 20:47,89.04,89.09,88.81,88.81,686.991,89.06000000,89.10000000,88.79000000,88.79000000,2330.72000000,89.1,89.101,89.1,89.101,1.0,89.08,89.08,88.79,88.79,380.0448125
2022-03-04 20:48,88.76,88.83,88.68,88.83,362.622,88.79000000,88.82000000,88.71000000,88.82000000,702.19000000,88.843,88.858,88.84,88.858,5.88944804,88.79,88.82,88.72,88.82,210.97046371
2022-03-04 20:49,88.83,88.93,88.77,88.91,715.218,88.83000000,88.95000000,88.79000000,88.90000000,1069.26000000,88.938,88.938,88.938,88.938,8.45,88.79,88.95,88.73,88.86,592.87210611
2022-03-04 20:50,88.92,89.08,88.85,89.08,844.72,88.90000000,89.07000000,88.86000000,89.07000000,2660.19000000,89.072,89.081,89.072,89.081,1.0,88.91,89.09,88.88,89.09,369.59150318
2022-03-04 20:51,89.04,89.1,88.97,89.1,442.51,89.06000000,89.08000000,88.98000000,89.08000000,741.93000000,89.114,89.115,89.114,89.115,2.9261109999999997,89.0,89.09,88.95,89.09,168.27557051
2022-03-04 20:52,89.07,89.33,89.02,89.18,3766.834,89.08000000,89.25000000,89.04000000,89.19000000,4166.37000000,89.115,89.232,89.115,89.232,0.70816,89.09,89.24,89.09,89.22,476.02670976
2022-03-04 20:53,89.23,89.27,89.16,89.24,481.605,89.21000000,89.31000000,89.16000000,89.23000000,2784.67000000,89.31,89.347,89.31,89.347,1.06257304,89.2,89.25,89.14,89.2,272.57525927
2022-03-04 20:54,89.23,89.33,89.21,89.33,707.84,89.23000000,89.32000000,89.22000000,89.32000000,1646.44000000,89.388,89.388,89.32,89.32,1.56698093,89.24,89.32,89.24,89.32,205.05603675
2022-03-04 20:55,89.33,89.42,89.22,89.3,762.175,89.32000000,89.40000000,89.22000000,89.24000000,2257.70000000,89.5,89.5,89.344,89.344,16.593,89.3,89.41,89.21,89.22,597.32321477
2022-03-04 20:56,89.26,89.26,89.13,89.26,410.077,89.24000000,89.25000000,89.13000000,89.25000000,1201.21000000,89.268,89.268,89.268,89.268,0.5,89.16,89.19,89.15,89.17,66.42551469
2022-03-04 20:57,89.26,89.26,89.16,89.21,568.181,89.25000000,89.25000000,89.16000000,89.19000000,780.70000000,89.26,89.26,89.26,89.26,0.5,89.19,89.23,89.13,89.13,328.1995504
2022-03-04 20:58,89.21,89.24,89.08,89.13,741.575,89.19000000,89.22000000,89.08000000,89.11000000,1643.73000000,89.287,89.287,89.222,89.222,1.0,89.19,89.19,89.02,89.11,284.5572486
2022-03-04 20:59,89.12,89.2,88.95,88.95,955.37,89.09000000,89.17000000,88.91000000,88.91000000,2343.22000000,89.201,89.201,89.201,89.201,1.0,89.09,89.15,88.92,88.92,634.12129704
2022-03-04 21:00,88.94,89.13,88.88,89.13,603.222,88.91000000,89.11000000,88.87000000,89.11000000,1952.19000000,89.017,89.167,89.017,89.158,18.3166,88.91,89.09,88.86,89.05,379.75568698
2022-03-04 21:01,89.13,89.17,89.06,89.13,850.985,89.11000000,89.16000000,89.07000000,89.11000000,1922.62000000,89.211,89.219,89.211,89.219,2.5,89.08,89.1,89.03,89.06,143.44059595
2022-03-04 21:02,89.09,89.09,88.8,88.85,744.168,89.10000000,89.10000000,88.78000000,88.82000000,1806.29000000,88.978,88.978,88.978,88.978,1.385,89.0,89.0,88.8,88.8,244.7916509
2022-03-04 21:03,88.83,88.9,88.69,88.69,1299.023,88.81000000,88.85000000,88.67000000,88.68000000,1500.28000000,88.843,88.843,88.781,88.781,1.06257304,88.8,88.8,88.65,88.75,1159.39935247
2022-03-04 21:04,88.69,88.85,88.64,88.8,456.423,88.67000000,88.82000000,88.60000000,88.80000000,3498.13000000,88.682,88.702,88.682,88.702,12.21757858,88.64,88.85,88.62,88.79,679.17279024
2022-03-04 21:05,88.82,89.02,88.81,88.94,447.794,88.80000000,89.01000000,88.80000000,88.91000000,1012.43000000,89.039,89.039,89.039,89.039,0.5,88.8,89.04,88.78,88.94,628.28636903
2022-03-04 21:06,88.95,89.0,88.77,88.94,842.11,88.91000000,88.95000000,88.75000000,88.92000000,1212.01000000,88.959,88.959,88.959,88.959,4.0,88.87,88.9,88.78,88.89,290.72640589
2022-03-04 21:07,88.95,89.04,88.82,89.04,335.654,88.92000000,89.01000000,88.82000000,89.00000000,981.97000000,,,,,,88.91,89.0,88.87,88.99,556.58803533
2022-03-04 21:08,89.03,89.03,88.9,88.95,439.725,89.00000000,89.01000000,88.88000000,88.91000000,730.11000000,89.07,89.07,89.034,89.034,2.5,88.99,88.99,88.88,88.89,612.78764261
2022-03-04 21:09,88.96,88.98,88.81,88.86,457.799,88.91000000,88.94000000,88.81000000,88.81000000,1057.60000000,,,,,,88.94,88.95,88.79,88.87,162.89191765
2022-03-04 21:10,88.83,88.98,88.78,88.98,507.776,88.82000000,88.94000000,88.78000000,88.92000000,641.04000000,88.885,88.885,88.885,88.885,1.113768,88.85,88.94,88.8,88.92,364.32732217
2022-03-04 21:11,88.95,89.13,88.83,88.85,1511.376,88.92000000,89.11000000,88.82000000,88.82000000,3045.18000000,89.096,89.096,88.958,88.958,8.779776,88.95,89.1,88.81,88.81,1042.53801651
2022-03-04 21:12,88.82,88.88,88.6,88.73,850.753,88.81000000,88.84000000,88.55000000,88.71000000,3251.69000000,88.947,88.947,88.635,88.635,11.77404003,88.82,88.82,88.58,88.73,1581.36950271
2022-03-04 21:13,88.71,88.82,88.71,88.81,360.219,88.72000000,88.80000000,88.70000000,88.77000000,839.08000000,88.773,88.813,88.773,88.813,0.58632385,88.73,88.79,88.73,88.79,1.94173517
2022-03-04 21:14,88.78,88.84,88.72,88.79,447.77,88.76000000,88.81000000,88.68000000,88.77000000,938.12000000,88.872,88.923,88.811,88.831,1.56373821,88.78,88.84,88.69,88.69,1715.2161086
2022-03-04 21:15,88.81,88.91,88.78,88.86,720.149,88.77000000,88.87000000,88.75000000,88.85000000,1604.91000000,,,,,,88.81,88.9,88.75,88.84,815.49452201
2022-03-04 21:16,88.91,88.91,88.71,88.71,948.844,88.85000000,88.89000000,88.68000000,88.68000000,931.47000000,,,,,,88.78,88.8,88.69,88.69,388.26101509
2022-03-04 21:17,88.72,88.96,88.72,88.94,288.244,88.69000000,88.93000000,88.69000000,88.92000000,802.57000000,88.81,88.998,88.81,88.998,1.0,88.74,88.92,88.72,88.91,268.95405098000003
2022-03-04 21:18,88.93,88.93,88.68,88.77,2277.731,88.90000000,88.90000000,88.65000000,88.75000000,2696.11000000,88.91,88.91,88.843,88.843,105.625,88.89,88.9,88.68,88.74,683.82617353
2022-03-04 21:19,88.76,88.94,88.75,88.82,824.813,88.74000000,88.89000000,88.73000000,88.81000000,1119.72000000,89.018,89.019,88.831,88.842,7.5,88.76,88.88,88.76,88.77,759.33394864
2022-03-04 21:20,88.82,88.9,88.75,88.9,679.122,88.79000000,88.86000000,88.73000000,88.86000000,758.33000000,88.877,88.969,88.877,88.969,10.5,88.78,88.85,88.71,88.83,324.36124786
2022-03-04 21:21,88.9,89.02,88.87,88.93,402.924,88.86000000,88.99000000,88.83000000,88.90000000,1446.50000000,89.077,89.077,88.961,88.961,1.5,88.86,88.95,88.86,88.95,193.5199095
2022-03-04 21:22,88.93,88.98,88.77,88.8,508.622,88.90000000,88.94000000,88.77000000,88.77000000,493.44000000,88.957,88.965,88.93,88.93,25.5,88.88,88.93,88.79,88.79,434.56996008
2022-03-04 21:23,88.8,88.85,88.77,88.81,290.656,88.77000000,88.82000000,88.75000000,88.79000000,483.58000000,,,,,,88.79,88.83,88.75,88.78,365.72934227
2022-03-04 21:24,88.8,89.02,88.8,88.89,808.685,88.79000000,89.00000000,88.77000000,88.93000000,2400.73000000,,,,,,88.77,88.98,88.77,88.84,596.76506246
2022-03-04 21:25,88.91,89.08,88.91,88.99,308.906,88.90000000,89.06000000,88.90000000,88.99000000,1175.72000000,89.064,89.067,89.064,89.067,3.0658953799999997,88.96,89.07,88.96,89.01,188.74857449
2022-03-04 21:26,89.01,89.06,88.93,89.05,370.97,88.99000000,89.02000000,88.92000000,89.02000000,788.62000000,,,,,,89.0,89.02,88.94,88.98,188.30439448
2022-03-04 21:27,89.05,89.05,88.91,88.96,467.373,89.02000000,89.02000000,88.92000000,88.93000000,312.49000000,89.021,89.024,89.021,89.024,5.0,88.99,88.99,88.86,88.95,548.19722895
2022-03-04 21:28,88.95,88.95,88.75,88.83,547.58,88.92000000,88.94000000,88.73000000,88.80000000,2213.12000000,,,,,,88.91,88.93,88.75,88.81,337.15685261
2022-03-04 21:29,88.83,88.86,88.73,88.78,386.758,88.80000000,88.84000000,88.74000000,88.82000000,682.67000000,88.89,88.947,88.89,88.947,1.5,88.8,88.82,88.73,88.81,231.19604812
2022-03-04 21:30,88.83,88.87,88.7,88.71,1012.197,88.81000000,88.85000000,88.69000000,88.69000000,1131.19000000,88.969,88.969,88.871,88.871,5.469686,88.83,88.83,88.7,88.74,1167.90313687
2022-03-04 21:31,88.74,88.78,88.7,88.72,517.018,88.71000000,88.75000000,88.67000000,88.70000000,799.75000000,,,,,,88.75,88.78,88.71,88.71,460.92270239
2022-03-04 21:32,88.72,88.85,88.72,88.82,826.209,88.71000000,88.84000000,88.71000000,88.82000000,1774.98000000,,,,,,88.74,88.85,88.74,88.79,862.36790075
2022-03-04 21:33,88.83,88.91,88.7,88.73,555.18,88.83000000,88.88000000,88.70000000,88.71000000,1756.05000000,88.863,88.863,88.863,88.863,5.624,88.79,88.89,88.71,88.71,339.3747901
2022-03-04 21:34,88.75,88.81,88.51,88.55,2009.625,88.71000000,88.76000000,88.53000000,88.54000000,1928.44000000,88.681,88.794,88.681,88.794,9.21,88.74,88.76,88.54,88.54,855.16272811
2022-03-04 21:35,88.57,88.74,88.54,88.7,538.01,88.54000000,88.74000000,88.53000000,88.71000000,1506.26000000,,,,,,88.55,88.76,88.55,88.67,932.75962048
2022-03-04 21:36,88.72,88.72,88.64,88.7,189.159,88.70000000,88.70000000,88.63000000,88.67000000,615.91000000,88.761,88.761,88.761,88.761,100.0,88.71,88.71,88.62,88.7,310.83788582
2022-03-04 21:37,88.7,88.75,88.67,88.68,233.43,88.67000000,88.72000000,88.65000000,88.68000000,769.32000000,88.76,88.76,88.76,88.76,8.5322,88.7,88.75,88.63,88.71,634.8921541
2022-03-04 21:38,88.7,88.81,88.62,88.81,380.544,88.67000000,88.77000000,88.62000000,88.77000000,1353.56000000,88.76,88.846,88.732,88.846,95.40537956,88.69,88.8,88.63,88.8,778.13994496
2022-03-04 21:39,88.81,89.05,88.78,88.98,1324.666,88.77000000,89.01000000,88.76000000,88.96000000,1067.38000000,88.858,89.066,88.858,89.066,153.0,88.8,89.01,88.8,88.93,672.1014737
2022-03-04 21:40,88.98,89.07,88.95,89.04,2687.062,88.98000000,89.02000000,88.94000000,88.99000000,1339.16000000,,,,,,89.01,89.01,88.93,89.01,571.62788861
2022-03-04 21:41,89.02,89.11,88.91,89.06,613.55,88.99000000,89.08000000,88.90000000,89.03000000,3402.56000000,,,,,,88.97,89.1,88.93,89.1,511.83622392999996
2022-03-04 21:42,89.07,89.13,88.97,89.13,528.271,89.01000000,89.09000000,88.95000000,89.08000000,925.40000000,89.132,89.132,89.132,89.132,0.5,89.04,89.07,88.97,89.07,54.47022358
2022-03-04 21:43,89.14,89.27,89.14,89.18,661.503,89.10000000,89.26000000,89.10000000,89.16000000,3398.78000000,89.182,89.293,89.182,89.277,147.52000776,89.14,89.21,89.12,89.14,836.15182129
2022-03-04 21:44,89.17,89.19,88.97,89.02,482.062,89.16000000,89.16000000,88.97000000,88.98000000,1183.18000000,89.2,89.2,89.2,89.2,5.58075543,89.12,89.12,88.95,88.95,248.42553906
2022-03-04 21:45,88.99,89.03,88.94,88.98,307.691,88.98000000,89.01000000,88.94000000,88.97000000,425.36000000,,,,,,88.97,89.02,88.9,88.99,729.8220870299999
2022-03-04 21:46,89.01,89.06,88.88,88.88,334.327,88.97000000,89.03000000,88.89000000,88.90000000,477.47000000,89.08,89.08,89.08,89.08,5.5,89.05,89.06,88.9,88.9,217.84312036
2022-03-04 21:47,88.89,88.98,88.89,88.9,290.191,88.90000000,88.94000000,88.88000000,88.90000000,477.51000000,89.059,89.059,89.059,89.059,0.5,88.88,88.96,88.88,88.89,200.44935865
2022-03-04 21:48,88.9,89.13,88.9,89.07,365.478,88.89000000,89.12000000,88.88000000,89.04000000,1070.80000000,,,,,,88.91,89.09,88.91,89.06,191.80098597
2022-03-04 21:49,89.08,89.09,88.9,88.9,454.756,89.04000000,89.08000000,88.89000000,88.89000000,1424.79000000,89.117,89.117,89.1,89.1,0.523122,89.06,89.06,88.92,88.92,516.58747897
2022-03-04 21:50,88.9,89.07,88.9,88.97,438.996,88.90000000,89.03000000,88.90000000,88.92000000,536.55000000,,,,,,88.93,89.07,88.89,88.95,1241.07538245
2022-03-04 21:51,88.97,89.01,88.82,88.84,404.498,88.93000000,88.99000000,88.81000000,88.82000000,1398.37000000,89.0,89.0,88.97,88.97,206.0,88.96,88.99,88.82,88.85,482.21330226
2022-03-04 21:52,88.84,88.9,88.75,88.8,252.325,88.80000000,88.87000000,88.73000000,88.76000000,1455.01000000,,,,,,88.81,88.87,88.77,88.77,400.12948183000003
2022-03-04 21:53,88.8,88.85,88.56,88.61,917.024,88.78000000,88.82000000,88.54000000,88.57000000,3172.25000000,88.93,88.93,88.621,88.708,400.60891,88.77,88.82,88.54,88.54,692.16915937
2022-03-04 21:54,88.61,88.66,88.51,88.55,749.006,88.56000000,88.62000000,88.51000000,88.51000000,1485.96000000,88.613,88.648,88.613,88.648,23.7405,88.61,88.64,88.51,88.51,477.1832644
2022-03-04 21:55,88.53,88.72,88.5,88.68,859.048,88.51000000,88.69000000,88.46000000,88.65000000,1392.34000000,,,,,,88.5,88.58,88.47,88.58,434.8202726
2022-03-04 21:56,88.7,88.85,88.66,88.78,463.551,88.66000000,88.85000000,88.64000000,88.77000000,1133.89000000,,,,,,88.68,88.8,88.61,88.8,903.26888202
2022-03-04 21:57,88.76,88.79,88.67,88.75,331.569,88.77000000,88.77000000,88.66000000,88.74000000,538.16000000,88.8,88.8,88.8,88.8,0.03297794,88.75,88.76,88.69,88.76,160.41188497000002
2022-03-04 21:58,88.77,88.87,88.67,88.84,324.419,88.75000000,88.85000000,88.68000000,88.84000000,919.50000000,88.809,88.809,88.809,88.809,0.02255437,88.72,88.76,88.7,88.7,82.40607279
2022-03-04 21:59,88.86,88.86,88.65,88.75,133.842,88.84000000,88.84000000,88.65000000,88.73000000,870.68000000,88.904,88.904,88.904,88.904,0.38986649,88.82,88.82,88.69,88.77,231.46148718
2022-03-04 22:00,88.78,88.91,88.65,88.91,226.606,88.75000000,88.90000000,88.63000000,88.90000000,948.76000000,88.904,88.904,88.904,88.904,5.11213351,88.78,88.84,88.66,88.84,861.05525444
2022-03-04 22:01,88.88,89.02,88.86,89.02,150.558,88.88000000,89.00000000,88.87000000,88.97000000,1034.69000000,89.042,89.042,89.042,89.042,1.0,88.86,89.0,88.86,88.97,272.87831093
2022-03-04 22:02,89.0,89.02,88.86,89.0,232.539,88.97000000,88.98000000,88.83000000,88.97000000,1626.46000000,88.95,89.048,88.95,89.048,6.0,89.0,89.0,88.83,88.98,889.0594140100001
2022-03-04 22:03,88.91,89.02,88.91,88.98,187.924,88.96000000,89.02000000,88.92000000,88.99000000,1528.54000000,89.083,89.083,89.083,89.083,1.5,88.98,89.02,88.98,89.02,62.89412532
2022-03-04 22:04,89.01,89.01,88.91,88.96,594.685,88.99000000,88.99000000,88.92000000,88.92000000,507.61000000,,,,,,88.98,89.0,88.94,88.97,565.0998402700001
2022-03-04 22:05,88.94,89.1,88.94,89.1,122.257,88.95000000,89.07000000,88.94000000,89.07000000,1750.79000000,,,,,,88.97,89.05,88.95,89.05,331.57641072
2022-03-04 22:06,89.09,89.19,89.0,89.04,719.006,89.07000000,89.14000000,89.01000000,89.02000000,991.23000000,,,,,,89.07,89.12,89.07,89.08,304.65088336
2022-03-04 22:07,89.04,89.1,88.86,88.86,240.317,89.02000000,89.06000000,88.86000000,88.90000000,2006.93000000,88.963,88.963,88.963,88.963,0.039159450000000005,89.03,89.03,88.86,88.91,324.47732755
2022-03-04 22:08,88.86,88.9,88.77,88.85,284.748,88.89000000,88.89000000,88.76000000,88.86000000,1115.06000000,88.979,88.979,88.93,88.97,8.03180961,88.86,88.87,88.79,88.86,149.24269461
2022-03-04 22:09,88.86,88.89,88.78,88.8,313.478,88.85000000,88.87000000,88.76000000,88.79000000,1355.50000000,,,,,,88.82,88.87,88.71,88.76,814.27518691
2022-03-04 22:10,88.8,88.8,88.7,88.7,479.608,88.79000000,88.79000000,88.71000000,88.72000000,766.50000000,,,,,,88.8,88.8,88.71,88.73,779.5303261399999
2022-03-04 22:11,88.74,88.83,88.71,88.82,275.978,88.72000000,88.82000000,88.72000000,88.80000000,1456.49000000,88.811,88.92,88.811,88.92,0.52357509,88.72,88.84,88.72,88.84,144.67224124
2022-03-04 22:12,88.82,88.82,88.63,88.7,1851.184,88.80000000,88.81000000,88.69000000,88.69000000,1280.66000000,,,,,,88.79,88.79,88.73,88.74,215.8060363
2022-03-04 22:13,88.72,88.77,88.69,88.72,180.234,88.72000000,88.76000000,88.72000000,88.72000000,563.58000000,,,,,,88.74,88.74,88.7,88.7,106.77587345
2022-03-04 22:14,88.72,88.72,88.63,88.65,548.13,88.71000000,88.72000000,88.66000000,88.66000000,819.88000000,88.741,88.741,88.741,88.741,0.03493734,88.68,88.68,88.65,88.65,323.78885574
2022-03-04 22:15,88.66,88.69,88.6,88.65,306.5,88.66000000,88.70000000,88.64000000,88.64000000,2832.40000000,88.76,88.76,88.76,88.76,0.03807754,88.64,88.67,88.58,88.67,1853.75673578
2022-03-04 22:16,88.64,88.65,88.44,88.55,590.099,88.63000000,88.65000000,88.46000000,88.54000000,2353.96000000,88.553,88.553,88.51,88.51,10.5,88.62,88.62,88.49,88.56,589.23944924
2022-03-04 22:17,88.55,88.65,88.52,88.65,406.689,88.56000000,88.67000000,88.56000000,88.67000000,462.50000000,,,,,,88.57,88.68,88.54,88.68,480.08321449
2022-03-04 22:18,88.68,88.75,88.35,88.35,594.974,88.68000000,88.75000000,88.34000000,88.35000000,1444.31000000,88.811,88.811,88.503,88.503,7.2475,88.75,88.75,88.35,88.35,204.26508886
2022-03-04 22:19,88.32,88.37,88.18,88.35,717.681,88.33000000,88.39000000,88.15000000,88.36000000,4431.13000000,88.433,88.433,88.233,88.236,3.17599146,88.37,88.39,88.18,88.35,401.02967943
2022-03-04 22:20,88.34,88.45,88.28,88.44,737.412,88.37000000,88.46000000,88.33000000,88.46000000,1008.12000000,,,,,,88.35,88.42,88.3,88.4,80.69873074
2022-03-04 22:21,88.44,88.53,88.38,88.38,280.04,88.46000000,88.51000000,88.39000000,88.39000000,591.17000000,88.56,88.56,88.56,88.56,0.5,88.49,88.52,88.4,88.44,677.18613893
2022-03-04 22:22,88.4,88.43,88.12,88.19,452.626,88.38000000,88.38000000,88.14000000,88.17000000,2660.96000000,88.306,88.369,88.18,88.181,5.51420773,88.34,88.34,88.13,88.13,259.0363679
2022-03-04 22:23,88.16,88.23,88.0,88.06,1863.701,88.16000000,88.20000000,87.95000000,88.03000000,3881.70000000,88.277,88.32,88.011,88.011,13.12712864,88.18,88.18,87.95,88.01,388.85338665
2022-03-04 22:24,88.07,88.2,88.0,88.08,964.433,88.04000000,88.18000000,87.97000000,88.04000000,1105.27000000,88.12,88.128,88.12,88.128,1.0,88.05,88.14,87.97,87.97,466.50872714
2022-03-04 22:25,88.08,88.08,87.87,87.92,907.085,88.05000000,88.06000000,87.89000000,87.96000000,1332.18000000,88.18,88.18,87.933,87.933,18.521939,88.08,88.08,87.9,87.95,279.15276690999997
2022-03-04 22:26,87.97,88.04,87.94,87.98,211.425,87.95000000,88.01000000,87.95000000,87.98000000,2465.91000000,88.071,88.09,88.071,88.09,1.99899836,87.97,88.02,87.91,87.91,387.91124258
2022-03-04 22:27,87.98,88.01,87.36,87.4,4348.478,87.98000000,87.98000000,87.30000000,87.34000000,6421.10000000,87.882,87.89,87.305,87.434,843.44780102,87.95,87.97,87.36,87.36,655.11615013
2022-03-04 22:28,87.37,87.47,87.35,87.43,686.815,87.34000000,87.44000000,87.29000000,87.43000000,2504.05000000,87.327,87.462,87.292,87.447,65.73906828,87.35,87.46,87.32,87.37,721.2038153
2022-03-04 22:29,87.43,87.43,87.36,87.38,218.214,87.43000000,87.44000000,87.36000000,87.36000000,1246.42000000,87.451,87.547,87.451,87.547,1.5,87.45,87.47,87.41,87.46,73.02173573
2022-03-04 22:30,87.36,87.39,87.22,87.22,2137.974,87.36000000,87.37000000,87.14000000,87.14000000,3219.09000000,87.271,87.271,87.261,87.261,3.5,87.38,87.38,87.2,87.2,199.82816105999999
2022-03-04 22:31,87.22,87.62,86.95,87.56,7933.976,87.15000000,87.72000000,87.00000000,87.56000000,11819.62000000,87.189,87.688,87.016,87.688,351.11308153,87.17,87.6,87.01,87.6,1664.2042101
2022-03-04 22:32,87.58,87.64,87.48,87.48,595.255,87.56000000,87.59000000,87.45000000,87.47000000,5161.58000000,87.708,87.739,87.5,87.5,5.5,87.6,87.61,87.44,87.44,357.38951279
2022-03-04 22:33,87.5,87.55,87.46,87.51,152.533,87.46000000,87.50000000,87.45000000,87.48000000,509.78000000,87.579,87.579,87.579,87.579,0.5,87.49,87.51,87.45,87.49,270.43811369
2022-03-04 22:34,87.51,87.61,87.48,87.57,321.152,87.48000000,87.58000000,87.46000000,87.58000000,1324.94000000,87.53,87.6,87.53,87.6,0.63652292,87.46,87.58,87.46,87.57,79.48584415
2022-03-04 22:35,87.6,87.71,87.57,87.71,310.181,87.57000000,87.72000000,87.57000000,87.71000000,1340.73000000,87.7,87.849,87.7,87.849,1.5,87.59,87.69,87.59,87.69,13.40939485
2022-03-04 22:36,87.74,87.8,87.71,87.77,221.684,87.72000000,87.77000000,87.70000000,87.72000000,597.95000000,87.829,87.86,87.829,87.86,1.0,87.72,87.75,87.67,87.75,466.2010628
2022-03-04 22:37,87.78,87.91,87.75,87.9,334.435,87.72000000,87.90000000,87.72000000,87.90000000,805.34000000,87.86,87.903,87.86,87.903,0.57185475,87.72,87.88,87.72,87.88,97.36035444
2022-03-04 22:38,87.91,87.95,87.85,87.87,458.539,87.90000000,87.95000000,87.83000000,87.83000000,1463.89000000,88.046,88.046,88.046,88.046,0.5,87.91,87.93,87.8,87.83,928.03183141
2022-03-04 22:39,87.87,87.88,87.81,87.86,128.003,87.82000000,87.85000000,87.80000000,87.84000000,989.62000000,,,,,,87.86,87.86,87.86,87.86,10.0
2022-03-04 22:40,87.86,87.86,87.82,87.86,402.022,87.85000000,87.86000000,87.82000000,87.85000000,497.13000000,87.949,87.949,87.863,87.863,5.5,87.85,87.85,87.8,87.8,132.82797247000002
2022-03-04 22:41,87.86,88.03,87.83,88.02,367.287,87.85000000,87.99000000,87.82000000,87.99000000,1106.92000000,88.055,88.055,88.055,88.055,0.5,87.81,88.0,87.81,88.0,237.14305582
2022-03-04 22:42,88.02,88.22,87.99,88.22,831.601,87.98000000,88.23000000,87.98000000,88.21000000,1184.61000000,88.095,88.24,88.095,88.24,11.18742061,87.97,88.19,87.97,88.19,170.80112654
2022-03-04 22:43,88.23,88.3,88.03,88.04,738.021,88.22000000,88.29000000,88.03000000,88.04000000,1668.78000000,88.042,88.042,88.042,88.042,0.5,88.21,88.28,88.08,88.08,94.49175577
2022-03-04 22:44,88.05,88.28,88.02,88.21,298.536,88.04000000,88.25000000,88.02000000,88.22000000,772.95000000,88.3,88.3,88.3,88.3,1.0,88.02,88.26,88.02,88.26,41.33461
2022-03-04 22:45,88.21,88.31,88.14,88.31,305.865,88.22000000,88.29000000,88.15000000,88.27000000,1117.93000000,,,,,,88.25,88.31,88.25,88.31,35.032323680000005
2022-03-04 22:46,88.31,88.33,88.25,88.28,256.257,88.28000000,88.30000000,88.21000000,88.24000000,778.42000000,,,,,,88.27,88.32,88.22,88.24,707.93100786
2022-03-04 22:47,88.29,88.31,88.27,88.3,148.548,88.25000000,88.25000000,88.23000000,88.25000000,177.20000000,88.301,88.301,88.301,88.301,5.0,88.24,88.29,88.24,88.29,201.23771429
2022-03-04 22:48,88.3,88.31,88.08,88.12,311.87,88.25000000,88.27000000,88.08000000,88.08000000,1247.13000000,88.336,88.336,88.142,88.142,1.5,88.24,88.24,88.09,88.09,183.11490154
2022-03-04 22:49,88.1,88.13,88.04,88.08,476.4,88.08000000,88.10000000,88.02000000,88.04000000,904.32000000,88.194,88.194,88.082,88.082,3.0,88.09,88.09,88.05,88.06,33.58032376
2022-03-04 22:50,88.06,88.24,88.06,88.2,350.465,88.04000000,88.19000000,88.04000000,88.18000000,452.25000000,88.136,88.288,88.136,88.288,16.049,88.06,88.18,88.06,88.17,85.02542989
2022-03-04 22:51,88.21,88.29,88.2,88.23,1087.118,88.19000000,88.22000000,88.19000000,88.21000000,333.37000000,88.299,88.299,88.299,88.299,0.5,88.22,88.24,88.18,88.24,45.00113984
2022-03-04 22:52,88.24,88.48,88.21,88.37,638.898,88.20000000,88.44000000,88.19000000,88.39000000,1278.19000000,88.426,88.439,88.426,88.433,2.25,88.19,88.42,88.19,88.35,208.982547
2022-03-04 22:53,88.36,88.42,88.29,88.41,412.71,88.35000000,88.41000000,88.26000000,88.38000000,757.00000000,88.439,88.481,88.439,88.481,1.0,88.37,88.42,88.25,88.25,246.5346027
2022-03-04 22:54,88.4,88.59,88.39,88.46,3006.599,88.39000000,88.55000000,88.37000000,88.47000000,1434.73000000,88.492,88.599,88.492,88.599,1.28,88.4,88.53,88.4,88.45,398.45137416
2022-03-04 22:55,88.48,88.5,88.41,88.49,258.751,88.48000000,88.48000000,88.39000000,88.44000000,1590.72000000,88.441,88.441,88.441,88.441,0.5,88.39,88.39,88.39,88.39,50.0
2022-03-04 22:56,88.47,88.47,88.25,88.28,308.688,88.45000000,88.46000000,88.24000000,88.28000000,1128.51000000,88.4,88.4,88.29,88.376,11.0,88.47,88.47,88.24,88.24,128.44527466
2022-03-04 22:57,88.27,88.31,88.22,88.3,533.497,88.28000000,88.28000000,88.19000000,88.28000000,2753.21000000,88.38,88.38,88.38,88.38,4.3675,88.29,88.31,88.21,88.31,49.60433519
2022-03-04 22:58,88.3,88.56,88.29,88.52,771.693,88.28000000,88.54000000,88.28000000,88.52000000,1383.31000000,88.399,88.489,88.399,88.489,48.83101241,88.31,88.55,88.28,88.55,285.03236092
2022-03-04 22:59,88.52,88.58,88.41,88.46,1210.065,88.52000000,88.55000000,88.42000000,88.45000000,995.71000000,,,,,,88.49,88.52,88.43,88.43,278.680016
2022-03-04 23:00,88.42,88.51,88.32,88.39,1942.651,88.44000000,88.47000000,88.32000000,88.35000000,3032.57000000,88.45,88.45,88.45,88.45,1.0,88.39,88.44,88.34,88.38,73.64254314
2022-03-04 23:01,88.35,88.38,88.18,88.38,1086.208,88.34000000,88.34000000,88.17000000,88.33000000,2922.44000000,88.38,88.38,88.283,88.37,1.3014690500000001,88.32,88.32,88.18,88.2,747.61608289
2022-03-04 23:02,88.36,88.38,88.23,88.29,533.617,88.35000000,88.35000000,88.21000000,88.24000000,1136.93000000,,,,,,88.2,88.29,88.2,88.29,140.36430189
2022-03-04 23:03,88.26,88.26,88.1,88.19,602.417,88.23000000,88.23000000,88.09000000,88.15000000,2838.03000000,,,,,,88.19,88.19,88.11,88.13,176.7485045
2022-03-04 23:04,88.18,88.31,88.17,88.3,187.536,88.18000000,88.28000000,88.17000000,88.28000000,542.60000000,88.21,88.21,88.21,88.21,0.03462573,88.2,88.27,88.2,88.23,100.74419974
2022-03-04 23:05,88.3,88.32,88.13,88.23,1165.345,88.29000000,88.30000000,88.11000000,88.19000000,1066.05000000,88.354,88.355,88.261,88.261,2.5,88.28,88.28,88.11,88.17,402.52266989
2022-03-04 23:06,88.23,88.23,88.07,88.13,1281.528,88.19000000,88.19000000,88.07000000,88.11000000,564.72000000,88.179,88.179,88.179,88.179,11.0,88.15,88.15,88.05,88.06,190.81170241
2022-03-04 23:07,88.12,88.17,88.06,88.14,386.261,88.10000000,88.14000000,88.03000000,88.13000000,847.17000000,,,,,,88.1,88.13,88.03,88.07,89.50997362
2022-03-04 23:08,88.17,88.18,88.06,88.14,397.58,88.14000000,88.14000000,88.05000000,88.12000000,548.76000000,,,,,,88.09,88.13,88.05,88.1,98.82741467
2022-03-04 23:09,88.16,88.17,88.01,88.13,1036.175,88.13000000,88.15000000,87.98000000,88.10000000,1430.36000000,88.067,88.067,88.067,88.067,0.02363016,88.14,88.14,88.0,88.08,147.9093068
2022-03-04 23:10,88.12,88.17,88.05,88.13,449.246,88.07000000,88.11000000,88.00000000,88.09000000,1794.07000000,88.151,88.21,88.151,88.21,1.5,88.08,88.12,88.02,88.08,327.27853802
2022-03-04 23:11,88.14,88.14,88.0,88.01,544.687,88.09000000,88.10000000,87.97000000,87.97000000,632.30000000,88.189,88.219,88.189,88.21,634.15145393,88.07,88.07,87.96,87.96,93.85767367
2022-03-04 23:12,88.01,88.04,87.93,87.99,241.615,87.96000000,88.00000000,87.94000000,87.95000000,716.92000000,,,,,,87.95,88.02,87.95,87.96,33.46048632
2022-03-04 23:13,87.99,88.09,87.94,88.03,540.421,87.95000000,88.03000000,87.93000000,88.03000000,483.57000000,88.015,88.015,88.015,88.015,0.1,87.98,88.0,87.93,88.0,150.91850556
2022-03-04 23:14,88.06,88.16,88.05,88.15,113.877,88.03000000,88.13000000,88.03000000,88.12000000,268.32000000,,,,,,88.06,88.12,88.06,88.1,640.94728157
2022-03-04 23:15,88.13,88.24,88.12,88.22,332.991,88.11000000,88.20000000,88.10000000,88.20000000,609.05000000,88.231,88.231,88.231,88.231,0.02856671,88.1,88.15,88.1,88.14,67.69368737
2022-03-04 23:16,88.23,88.42,88.22,88.42,411.873,88.19000000,88.37000000,88.19000000,88.37000000,855.67000000,88.276,88.404,88.276,88.404,1.0209739,88.18,88.35,88.18,88.35,45.52406688
2022-03-04 23:17,88.42,88.51,88.28,88.31,851.318,88.38000000,88.48000000,88.29000000,88.30000000,2127.76000000,,,,,,88.4,88.47,88.28,88.28,450.33740399000004
2022-03-04 23:18,88.3,88.33,88.18,88.2,341.763,88.28000000,88.30000000,88.17000000,88.18000000,2111.44000000,88.399,88.399,88.27,88.326,1.3395730000000001,88.27,88.29,88.19,88.19,196.61578476
2022-03-04 23:19,88.19,88.2,87.82,87.9,509.115,88.18000000,88.18000000,87.83000000,87.87000000,1896.05000000,88.211,88.213,87.976,87.976,63.24439617,88.15,88.15,87.84,87.91,470.73581639
2022-03-04 23:20,87.85,88.0,87.85,87.98,216.089,87.87000000,88.01000000,87.87000000,87.96000000,1929.99000000,87.93,87.93,87.93,87.93,0.5,87.87,88.0,87.85,87.94,337.37934031
2022-03-04 23:21,87.98,88.16,87.98,88.16,430.937,87.96000000,88.11000000,87.96000000,88.10000000,1918.10000000,88.107,88.214,88.107,88.214,1.0,87.97,88.1,87.97,88.1,497.31093015
2022-03-04 23:22,88.12,88.18,88.08,88.16,236.066,88.12000000,88.13000000,88.04000000,88.13000000,501.50000000,88.228,88.228,88.228,88.228,0.5,88.14,88.15,88.08,88.15,111.26478284
2022-03-04 23:23,88.18,88.18,87.98,88.08,349.832,88.12000000,88.12000000,87.95000000,88.04000000,737.47000000,,,,,,88.08,88.08,87.94,88.0,504.21324199000003
2022-03-04 23:24,88.11,88.19,88.07,88.18,343.751,88.07000000,88.17000000,88.06000000,88.15000000,838.67000000,,,,,,88.13,88.15,88.08,88.15,243.60711885
2022-03-04 23:25,88.19,88.35,88.17,88.32,592.926,88.15000000,88.31000000,88.15000000,88.29000000,686.95000000,88.38,88.38,88.38,88.38,0.5,88.19,88.3,88.19,88.3,126.63899749000001
2022-03-04 23:26,88.32,88.35,88.2,88.28,155.153,88.28000000,88.30000000,88.19000000,88.25000000,330.00000000,88.302,88.302,88.302,88.302,5.0,88.28,88.28,88.21,88.21,15.29
2022-03-04 23:27,88.28,88.28,88.13,88.15,193.106,88.24000000,88.24000000,88.09000000,88.11000000,341.65000000,,,,,,88.16,88.16,88.04,88.04,443.78974881
2022-03-04 23:28,88.13,88.22,88.1,88.22,200.871,88.11000000,88.19000000,88.10000000,88.19000000,326.01000000,88.181,88.181,88.181,88.181,0.5,88.16,88.17,88.16,88.17,88.71184728
2022-03-04 23:29,88.22,88.29,88.21,88.28,268.068,88.21000000,88.26000000,88.20000000,88.26000000,1119.73000000,,,,,,88.21,88.28,88.2,88.26,305.15047555
2022-03-04 23:30,88.26,88.29,88.18,88.24,340.036,88.25000000,88.26000000,88.19000000,88.22000000,1119.88000000,,,,,,88.24,88.24,88.24,88.24,47.506822299999996
2022-03-04 23:31,88.22,88.27,88.16,88.24,239.559,88.22000000,88.24000000,88.16000000,88.24000000,704.01000000,88.32,88.32,88.32,88.32,5.0,88.19,88.23,88.19,88.2,301.21288135
2022-03-04 23:32,88.24,88.36,88.24,88.36,220.197,88.24000000,88.32000000,88.24000000,88.32000000,193.70000000,,,,,,88.25,88.33,88.25,88.31,63.13576694
2022-03-04 23:33,88.36,88.49,88.3,88.42,354.111,88.32000000,88.46000000,88.31000000,88.41000000,1146.80000000,88.439,88.568,88.439,88.5,1.7208561800000002,88.33,88.45,88.3,88.35,359.49225597
2022-03-04 23:34,88.41,88.55,88.41,88.53,282.457,88.41000000,88.51000000,88.40000000,88.49000000,1484.32000000,88.576,88.589,88.576,88.589,1.0,88.44,88.52,88.44,88.49,298.01504835
2022-03-04 23:35,88.51,88.55,88.42,88.54,226.325,88.49000000,88.50000000,88.42000000,88.48000000,1203.00000000,,,,,,88.47,88.49,88.43,88.49,1117.40949615
2022-03-04 23:36,88.51,88.52,88.42,88.43,377.242,88.49000000,88.49000000,88.40000000,88.40000000,813.66000000,88.47,88.47,88.47,88.47,0.0253573,88.43,88.43,88.43,88.43,12.62599999
2022-03-04 23:37,88.43,88.49,88.38,88.44,162.623,88.42000000,88.44000000,88.36000000,88.39000000,470.63000000,,,,,,88.46,88.48,88.37,88.37,224.29540541
2022-03-04 23:38,88.41,88.44,88.38,88.42,126.272,88.39000000,88.40000000,88.36000000,88.37000000,105.17000000,88.504,88.504,88.504,88.504,0.22500859,88.38,88.42,88.37,88.41,99.75960069
2022-03-04 23:39,88.42,88.49,88.39,88.49,675.956,88.37000000,88.44000000,88.36000000,88.44000000,251.96000000,88.431,88.489,88.431,88.489,1.613008,88.41,88.44,88.36,88.42,117.04767859
2022-03-04 23:40,88.51,88.55,88.42,88.49,297.243,88.45000000,88.50000000,88.41000000,88.42000000,486.28000000,,,,,,88.46,88.47,88.42,88.45,222.63985516
2022-03-04 23:41,88.48,88.65,88.45,88.59,1161.283,88.43000000,88.59000000,88.42000000,88.57000000,1317.80000000,88.576,88.576,88.576,88.576,30.5,88.42,88.6,88.42,88.55,154.3088919
2022-03-04 23:42,88.6,88.61,88.52,88.59,311.426,88.56000000,88.57000000,88.51000000,88.56000000,843.22000000,88.621,88.648,88.621,88.648,0.88550688,88.54,88.56,88.49,88.53,237.75571127
2022-03-04 23:43,88.57,88.75,88.57,88.71,1043.965,88.56000000,88.71000000,88.54000000,88.68000000,2776.77000000,88.687,88.728,88.68,88.728,160.02127612,88.59,88.72,88.58,88.72,528.73333565
2022-03-04 23:44,88.73,88.81,88.73,88.79,120.971,88.69000000,88.78000000,88.68000000,88.75000000,839.62000000,88.728,88.829,88.728,88.829,1.0,88.73,88.77,88.72,88.76,173.42795576
2022-03-04 23:45,88.78,88.78,88.26,88.35,1492.898,88.75000000,88.75000000,88.24000000,88.33000000,4188.10000000,88.6,88.6,88.368,88.368,1.045,88.74,88.74,88.25,88.39,929.80048018
2022-03-04 23:46,88.33,88.39,88.28,88.39,484.632,88.33000000,88.34000000,88.26000000,88.34000000,737.71000000,88.379,88.43,88.379,88.43,1.0,88.32,88.35,88.29,88.35,408.07404322
2022-03-04 23:47,88.38,88.41,88.33,88.41,114.001,88.34000000,88.39000000,88.30000000,88.39000000,845.44000000,88.43,88.43,88.43,88.43,12.770073,88.34,88.37,88.33,88.37,117.64530039
2022-03-04 23:48,88.41,88.43,88.19,88.25,332.644,88.38000000,88.38000000,88.14000000,88.23000000,626.78000000,88.485,88.485,88.264,88.264,5.56626345,88.37,88.37,88.17,88.27,103.29175713
2022-03-04 23:49,88.28,88.28,88.16,88.18,211.077,88.23000000,88.24000000,88.14000000,88.14000000,1307.81000000,,,,,,88.25,88.25,88.16,88.16,124.18241807000001
2022-03-04 23:50,88.19,88.27,88.17,88.23,345.541,88.14000000,88.23000000,88.13000000,88.18000000,467.99000000,,,,,,88.18,88.24,88.15,88.19,549.57647949
2022-03-04 23:51,88.23,88.32,88.16,88.32,603.109,88.19000000,88.27000000,88.14000000,88.27000000,462.45000000,88.262,88.262,88.262,88.262,0.03109743,88.21,88.27,88.15,88.27,146.83545492000002
2022-03-04 23:52,88.28,88.31,88.18,88.27,620.009,88.27000000,88.27000000,88.16000000,88.19000000,862.19000000,,,,,,88.25,88.25,88.17,88.2,75.46130934
2022-03-04 23:53,88.24,88.37,88.21,88.33,361.688,88.20000000,88.32000000,88.19000000,88.29000000,513.74000000,,,,,,88.26,88.28,88.26,88.28,90.20015581
2022-03-04 23:54,88.31,88.31,88.23,88.27,242.874,88.29000000,88.29000000,88.20000000,88.24000000,805.79000000,88.356,88.356,88.356,88.356,0.5,88.27,88.27,88.22,88.25,78.70318551
2022-03-04 23:55,88.26,88.39,88.24,88.25,499.142,88.23000000,88.34000000,88.21000000,88.22000000,989.41000000,88.339,88.354,88.329,88.329,92.60821889,88.22,88.36,88.2,88.2,250.87394043
2022-03-04 23:56,88.25,88.34,88.2,88.23,429.953,88.23000000,88.28000000,88.21000000,88.22000000,287.59000000,,,,,,88.26,88.28,88.24,88.24,21.36796
2022-03-04 23:57,88.23,88.25,88.12,88.19,376.17,88.22000000,88.22000000,88.10000000,88.15000000,2265.56000000,88.223,88.223,88.142,88.142,2.5,88.2,88.24,88.09,88.09,559.30977555
2022-03-04 23:58,88.19,88.27,87.96,88.26,5659.213,88.15000000,88.28000000,88.09000000,88.25000000,2729.19000000,88.139,88.139,88.139,88.139,5.92283932,88.18,88.29,88.06,88.29,203.1916736
2022-03-04 23:59,88.26,88.34,88.26,88.32,213.005,88.26000000,88.34000000,88.25000000,88.32000000,628.34000000,,,,,,88.3,88.32,88.3,88.32,183.85969532
2022-03-05 00:00,88.34,88.41,88.26,88.41,997.983,88.33000000,88.41000000,88.23000000,88.40000000,3478.58000000,88.36,88.429,88.36,88.429,97.16119433,88.32,88.35,88.28,88.35,478.52608432
2022-03-05 00:01,88.42,88.42,88.16,88.16,647.534,88.40000000,88.40000000,88.17000000,88.17000000,1434.72000000,,,,,,88.39,88.43,88.16,88.16,838.4077720399999
2022-03-05 00:02,88.17,88.17,87.85,87.87,651.448,88.16000000,88.16000000,87.85000000,87.85000000,2604.74000000,88.08,88.08,87.943,87.943,23.303600000000003,88.2,88.2,87.85,87.85,378.23869726
2022-03-05 00:03,87.86,88.0,87.65,87.95,1617.107,87.85000000,87.99000000,87.67000000,87.99000000,3471.60000000,87.895,87.967,87.77,87.967,84.12259596,87.85,88.01,87.69,88.01,675.3613951
2022-03-05 00:04,88.04,88.16,87.93,88.06,287.156,88.00000000,88.16000000,87.90000000,88.03000000,1379.65000000,,,,,,88.03,88.09,87.92,88.06,587.64850802
2022-03-05 00:05,88.02,88.02,87.67,87.79,498.302,88.02000000,88.02000000,87.67000000,87.77000000,1854.80000000,87.949,87.949,87.81,87.899,142.87434267,87.98,87.98,87.67,87.87,629.07082636
2022-03-05 00:06,87.83,87.83,87.61,87.66,304.621,87.78000000,87.79000000,87.60000000,87.61000000,2647.79000000,87.759,87.779,87.642,87.738,6.06998309,87.72,87.79,87.58,87.6,642.35880176
2022-03-05 00:07,87.63,87.86,87.59,87.83,350.435,87.62000000,87.85000000,87.57000000,87.80000000,1685.36000000,87.779,87.859,87.779,87.859,5.0,87.6,87.84,87.58,87.84,292.29810074
2022-03-05 00:08,87.8,87.82,87.49,87.58,236.122,87.79000000,87.80000000,87.50000000,87.55000000,1932.51000000,,,,,,87.74,87.79,87.5,87.58,650.72351113
2022-03-05 00:09,87.59,87.68,87.55,87.68,481.709,87.56000000,87.68000000,87.54000000,87.67000000,1808.88000000,87.722,87.722,87.722,87.722,5.5,87.63,87.69,87.55,87.69,188.1760841
2022-03-05 00:10,87.69,88.04,87.69,87.85,586.828,87.67000000,88.04000000,87.66000000,87.84000000,1701.73000000,87.77,88.074,87.77,88.074,9.8209,87.76,88.02,87.76,87.83,916.8177038
2022-03-05 00:11,87.83,87.94,87.77,87.77,398.473,87.82000000,87.93000000,87.78000000,87.78000000,1151.64000000,88.03,88.03,87.942,87.942,2.5,87.87,87.98,87.77,87.77,384.57842393
2022-03-05 00:12,87.8,88.05,87.58,88.05,1126.757,87.78000000,88.03000000,87.60000000,88.03000000,3483.60000000,87.644,88.083,87.644,88.083,74.8457,87.74,88.04,87.59,88.04,1359.13278375
2022-03-05 00:13,88.05,88.1,88.01,88.03,349.229,88.03000000,88.09000000,88.00000000,88.01000000,1418.44000000,88.084,88.084,88.084,88.084,75.1300106,88.03,88.11,88.0,88.0,753.25155857
2022-03-05 00:14,87.99,88.27,87.94,88.13,636.002,88.00000000,88.26000000,87.95000000,88.13000000,3445.50000000,88.149,88.3,88.149,88.3,9.78602312,87.93,88.28,87.93,88.1,1164.17336607
2022-03-05 00:15,88.15,88.21,87.68,87.68,518.882,88.12000000,88.19000000,87.67000000,87.67000000,2840.02000000,88.25,88.313,87.96,87.96,18.74,88.15,88.24,87.64,87.77,3010.7650032
2022-03-05 00:16,87.71,87.85,87.54,87.55,430.698,87.66000000,87.83000000,87.51000000,87.51000000,2158.09000000,87.688,87.688,87.688,87.688,0.56998309,87.72,87.81,87.49,87.49,915.68919928
2022-03-05 00:17,87.56,87.82,87.45,87.81,1035.499,87.52000000,87.80000000,87.45000000,87.79000000,4233.64000000,87.579,87.579,87.579,87.579,7.381600000000001,87.53,87.77,87.44,87.76,800.7972684599999
2022-03-05 00:18,87.81,87.86,87.7,87.73,485.806,87.80000000,87.84000000,87.72000000,87.73000000,2621.56000000,87.893,87.893,87.805,87.839,5.1072564499999995,87.77,87.8,87.68,87.73,413.35744489
2022-03-05 00:19,87.74,87.77,87.59,87.63,433.427,87.72000000,87.76000000,87.59000000,87.62000000,679.99000000,87.829,87.829,87.829,87.829,1.0,87.72,87.72,87.57,87.59,428.85835391
2022-03-05 00:20,87.63,87.69,87.54,87.56,671.911,87.61000000,87.71000000,87.55000000,87.55000000,791.52000000,,,,,,87.71,87.71,87.55,87.55,159.62755957
2022-03-05 00:21,87.57,87.7,87.57,87.65,279.385,87.56000000,87.66000000,87.55000000,87.63000000,645.57000000,87.728,87.728,87.728,87.728,0.5,87.59,87.66,87.59,87.63,464.24821321
2022-03-05 00:22,87.62,87.68,87.58,87.68,218.762,87.64000000,87.66000000,87.54000000,87.66000000,1094.05000000,,,,,,87.64,87.64,87.59,87.61,114.74713693000001
2022-03-05 00:23,87.66,87.74,87.64,87.72,494.313,87.66000000,87.72000000,87.62000000,87.67000000,949.15000000,87.796,87.796,87.796,87.796,0.5,87.68,87.72,87.63,87.72,375.91707731
2022-03-05 00:24,87.71,87.71,87.55,87.55,504.792,87.69000000,87.69000000,87.54000000,87.54000000,618.84000000,,,,,,87.67,87.67,87.55,87.55,252.15388354
2022-03-05 00:25,87.52,87.72,87.46,87.66,599.223,87.53000000,87.71000000,87.48000000,87.65000000,921.09000000,87.728,87.728,87.728,87.728,5.7,87.54,87.69,87.49,87.66,1870.59100367
2022-03-05 00:26,87.68,87.87,87.66,87.82,430.739,87.67000000,87.83000000,87.66000000,87.78000000,1622.22000000,87.778,87.866,87.776,87.866,11.02702363,87.67,87.83,87.67,87.83,593.62114688
2022-03-05 00:27,87.84,87.9,87.8,87.84,233.631,87.81000000,87.86000000,87.80000000,87.81000000,368.67000000,87.83,87.91,87.83,87.91,3.5,87.83,87.86,87.79,87.82,126.72485686
2022-03-05 00:28,87.82,87.84,87.67,87.68,718.984,87.80000000,87.80000000,87.64000000,87.65000000,784.92000000,,,,,,87.79,87.79,87.66,87.7,2692.9250924000003
2022-03-05 00:29,87.7,87.72,87.58,87.66,346.955,87.66000000,87.68000000,87.54000000,87.61000000,1110.73000000,,,,,,87.72,87.72,87.58,87.63,372.73776136000004
2022-03-05 00:30,87.64,87.69,87.47,87.47,149.367,87.63000000,87.64000000,87.46000000,87.46000000,630.87000000,87.718,87.718,87.718,87.718,0.03103256,87.65,87.66,87.54,87.54,102.85408048000001
2022-03-05 00:31,87.5,87.55,87.4,87.44,303.436,87.46000000,87.52000000,87.37000000,87.39000000,1215.97000000,87.456,87.456,87.456,87.456,10.5,87.5,87.53,87.38,87.42,120.91258970000001
2022-03-05 00:32,87.44,87.44,87.19,87.2,368.062,87.40000000,87.40000000,87.15000000,87.16000000,1313.95000000,87.401,87.484,87.22,87.22,48.543079840000004,87.4,87.41,87.17,87.17,278.75507177
2022-03-05 00:33,87.18,87.26,86.93,87.0,2224.359,87.15000000,87.23000000,86.89000000,86.99000000,8211.63000000,87.233,87.334,86.915,87.024,45.63795542,87.16,87.27,86.91,86.98,1573.84986451
2022-03-05 00:34,87.04,87.2,87.04,87.1,1247.735,86.99000000,87.17000000,86.99000000,87.09000000,4554.01000000,87.012,87.012,87.012,87.012,11.17999999,87.05,87.17,87.03,87.06,1663.40304197
2022-03-05 00:35,87.11,87.39,87.06,87.28,499.928,87.09000000,87.37000000,87.05000000,87.25000000,4202.15000000,87.184,87.354,87.184,87.328,9.890210100000001,87.06,87.35,87.06,87.28,739.0030526
2022-03-05 00:36,87.29,87.44,87.21,87.38,557.878,87.25000000,87.38000000,87.18000000,87.34000000,1448.01000000,,,,,,87.26,87.43,87.2,87.33,381.32900233
2022-03-05 00:37,87.38,87.38,87.2,87.21,240.634,87.34000000,87.34000000,87.18000000,87.19000000,1322.29000000,87.285,87.285,87.285,87.285,9.15474261,87.32,87.32,87.2,87.2,165.5941053
2022-03-05 00:38,87.2,87.21,86.83,86.98,1558.727,87.20000000,87.20000000,86.77000000,86.97000000,5425.93000000,87.151,87.151,86.84,87.014,69.734,87.16,87.16,86.84,86.93,266.10836116999997
2022-03-05 00:39,87.0,87.08,86.93,86.93,569.808,86.97000000,87.03000000,86.92000000,86.92000000,923.41000000,87.014,87.088,87.014,87.088,428.023524,87.01,87.05,86.95,86.95,563.05844395
2022-03-05 00:40,86.92,86.98,86.78,86.91,1514.253,86.91000000,86.95000000,86.78000000,86.89000000,2210.01000000,86.898,86.899,86.898,86.899,9.0,86.85,86.94,86.72,86.88,994.41943534
2022-03-05 00:41,86.92,87.09,86.92,86.97,407.418,86.89000000,87.07000000,86.89000000,86.95000000,1060.93000000,87.008,87.159,87.008,87.065,14.625,86.98,87.1,86.96,87.02,286.81914604
2022-03-05 00:42,86.95,87.04,86.88,86.94,459.659,86.95000000,86.99000000,86.86000000,86.92000000,683.69000000,87.08,87.08,87.07,87.07,7.5,87.0,87.0,86.9,86.93,509.20914269
2022-03-05 00:43,86.94,87.01,86.82,86.82,549.788,86.91000000,86.97000000,86.77000000,86.77000000,1335.00000000,86.929,86.929,86.929,86.929,0.5,86.88,86.93,86.79,86.79,643.35949534
2022-03-05 00:44,86.8,86.84,86.22,86.45,5724.787,86.77000000,86.78000000,86.27000000,86.42000000,10550.39000000,86.83,86.83,86.37,86.452,845.99818019,86.76,86.76,86.29,86.41,1603.83582359
2022-03-05 00:45,86.45,86.54,86.39,86.54,1822.423,86.42000000,86.52000000,86.36000000,86.52000000,1622.41000000,86.574,86.574,86.51,86.547,7.2116529499999995,86.47,86.51,86.43,86.5,204.2963795
2022-03-05 00:46,86.58,86.78,86.58,86.74,940.344,86.52000000,86.77000000,86.52000000,86.73000000,4418.29000000,86.713,86.817,86.71,86.817,6.51923485,86.54,86.79,86.54,86.78,318.34509663
2022-03-05 00:47,86.73,86.85,86.67,86.82,526.561,86.72000000,86.81000000,86.64000000,86.79000000,2117.08000000,86.739,86.879,86.739,86.879,23.833620779999997,86.77,86.78,86.68,86.78,327.05742588
2022-03-05 00:48,86.8,86.87,86.7,86.79,476.723,86.79000000,86.86000000,86.70000000,86.76000000,1195.48000000,86.82,86.936,86.82,86.869,17.0,86.79,86.87,86.76,86.76,275.1655042
2022-03-05 00:49,86.8,86.8,86.71,86.74,760.336,86.77000000,86.77000000,86.67000000,86.72000000,1611.63000000,86.879,86.879,86.774,86.819,4.0,86.74,86.78,86.69,86.71,131.99005244
2022-03-05 00:50,86.73,86.9,86.58,86.83,3076.487,86.71000000,86.86000000,86.56000000,86.79000000,4150.18000000,86.758,86.835,86.7,86.835,19.8,86.7,86.87,86.57,86.81,753.14089992
2022-03-05 00:51,86.84,86.9,86.66,86.81,2503.147,86.80000000,86.86000000,86.69000000,86.80000000,2495.32000000,86.782,86.811,86.782,86.811,2.1939,86.85,86.89,86.54,86.78,4751.84103834
2022-03-05 00:52,86.78,86.82,86.65,86.73,347.788,86.78000000,86.80000000,86.66000000,86.71000000,886.98000000,86.801,86.801,86.724,86.724,8.07592019,86.76,86.8,86.65,86.75,595.04084769
2022-03-05 00:53,86.74,86.77,86.6,86.62,748.438,86.73000000,86.73000000,86.60000000,86.61000000,1513.69000000,86.695,86.695,86.695,86.695,0.5,86.71,86.76,86.65,86.66,515.29206597
2022-03-05 00:54,86.6,86.66,86.55,86.57,129.406,86.61000000,86.64000000,86.55000000,86.56000000,903.33000000,,,,,,86.57,86.63,86.57,86.63,147.19425087
2022-03-05 00:55,86.58,86.66,86.52,86.58,860.38,86.57000000,86.66000000,86.53000000,86.59000000,893.21000000,86.641,86.679,86.641,86.679,1.0,86.59,86.64,86.54,86.54,88.78170994
2022-03-05 00:56,86.61,86.7,86.46,86.53,1011.526,86.58000000,86.67000000,86.46000000,86.50000000,1641.12000000,86.698,86.72,86.608,86.608,9.5714,86.61,86.69,86.46,86.55,315.41820876
2022-03-05 00:57,86.49,86.55,86.33,86.38,504.008,86.50000000,86.55000000,86.34000000,86.35000000,1338.84000000,,,,,,86.53,86.55,86.34,86.35,447.26349503
2022-03-05 00:58,86.34,86.38,86.2,86.3,914.302,86.35000000,86.36000000,86.19000000,86.29000000,1320.28000000,86.397,86.397,86.306,86.38,8.00497148,86.34,86.37,86.19,86.27,655.76471966
2022-03-05 00:59,86.33,86.41,86.15,86.18,1292.45,86.29000000,86.39000000,86.12000000,86.15000000,3300.31000000,86.487,86.487,86.147,86.147,35.92334878,86.34,86.34,86.12,86.12,539.52434973
2022-03-05 01:00,86.18,86.51,86.13,86.49,1456.952,86.15000000,86.49000000,86.14000000,86.49000000,1671.68000000,86.194,86.561,86.19,86.561,5.0,,,,,
2022-03-05 01:01,86.53,86.6,86.4,86.46,710.86,86.49000000,86.57000000,86.40000000,86.41000000,1558.20000000,86.564,86.579,86.564,86.579,9.13,,,,,
2022-03-05 01:02,86.41,86.43,86.11,86.14,1356.555,86.40000000,86.40000000,86.10000000,86.10000000,7501.26000000,86.42,86.42,86.101,86.208,164.96067071,,,,,
2022-03-05 01:03,86.1,86.85,86.0,86.79,5658.151,86.10000000,86.85000000,86.00000000,86.74000000,15919.00000000,86.073,86.848,85.996,86.848,32.01938833,,,,,
2022-03-05 01:04,86.8,87.06,86.8,87.03,2243.739,86.78000000,87.05000000,86.78000000,87.01000000,5595.52000000,87.001,87.023,86.959,87.023,11.675549539999999,,,,,
2022-03-05 01:05,87.07,87.12,86.99,86.99,347.203,87.02000000,87.12000000,86.97000000,86.98000000,1741.74000000,87.05,87.05,87.048,87.049,23.017913290000003,,,,,
2022-03-05 01:06,87.0,87.03,86.79,86.97,990.99,86.98000000,87.02000000,86.77000000,87.00000000,2423.79000000,86.991,87.061,86.951,87.061,6.744,,,,,
2022-03-05 01:07,86.97,87.01,86.82,86.92,577.476,86.97000000,86.98000000,86.78000000,86.92000000,2057.88000000,87.04,87.04,87.04,87.04,0.5,,,,,
2022-03-05 01:08,86.95,87.06,86.94,87.0,471.952,86.92000000,87.02000000,86.92000000,86.98000000,744.75000000,87.121,87.121,87.121,87.121,0.5,,,,,
2022-03-05 01:09,86.96,87.01,86.88,86.99,459.93,86.98000000,86.99000000,86.87000000,86.97000000,903.83000000,87.064,87.064,87.064,87.064,5.5,,,,,
2022-03-05 01:10,86.98,87.03,86.9,87.0,1027.425,86.97000000,87.02000000,86.91000000,86.99000000,969.78000000,,,,,,,,,,
2022-03-05 01:11,87.0,87.03,86.91,86.91,279.801,86.99000000,87.00000000,86.90000000,86.90000000,639.94000000,87.031,87.031,87.004,87.012,12.6512,,,,,
2022-03-05 01:12,86.91,87.03,86.9,87.03,195.283,86.90000000,87.01000000,86.90000000,87.00000000,665.50000000,87.012,87.014,87.012,87.014,0.50006319,,,,,
2022-03-05 01:13,87.03,87.13,87.0,87.12,545.193,87.00000000,87.12000000,86.98000000,87.12000000,771.44000000,87.113,87.113,87.113,87.113,1.5,,,,,
2022-03-05 01:14,87.1,87.34,87.08,87.31,938.746,87.11000000,87.33000000,87.09000000,87.32000000,5854.18000000,87.286,87.353,87.242,87.353,11.17936984,,,,,
2022-03-05 01:15,87.31,87.38,87.1,87.13,243.844,87.32000000,87.37000000,87.09000000,87.13000000,1991.07000000,87.439,87.439,87.199,87.199,7.0,,,,,
2022-03-05 01:16,87.16,87.16,86.87,86.9,577.84,87.13000000,87.13000000,86.85000000,86.86000000,3754.10000000,86.984,86.997,86.886,86.886,7.99675501,,,,,
2022-03-05 01:17,86.9,86.98,86.81,86.93,602.339,86.86000000,86.94000000,86.76000000,86.89000000,1914.40000000,86.947,86.947,86.947,86.947,0.57939878,,,,,
2022-03-05 01:18,86.91,86.92,86.79,86.86,475.47,86.88000000,86.90000000,86.80000000,86.84000000,362.86000000,,,,,,,,,,
2022-03-05 01:19,86.85,86.87,86.77,86.84,1001.955,86.84000000,86.86000000,86.76000000,86.84000000,611.50000000,,,,,,,,,,
2022-03-05 01:20,86.83,87.02,86.81,86.99,2325.058,86.84000000,86.99000000,86.75000000,86.98000000,4181.11000000,86.978,86.978,86.978,86.978,2.5,,,,,
2022-03-05 01:21,87.0,87.09,86.99,87.07,580.146,86.97000000,87.07000000,86.97000000,87.07000000,1755.42000000,87.072,87.108,87.072,87.108,10.1694528,,,,,
2022-03-05 01:22,87.08,87.1,87.04,87.09,516.263,87.07000000,87.07000000,87.02000000,87.04000000,413.43000000,,,,,,,,,,
2022-03-05 01:23,87.09,87.11,86.89,86.91,561.596,87.05000000,87.05000000,86.88000000,86.91000000,1602.61000000,87.021,87.021,87.021,87.021,11.15,,,,,
2022-03-05 01:24,86.93,87.05,86.93,87.02,465.82,86.90000000,87.03000000,86.90000000,87.00000000,557.80000000,,,,,,,,,,
2022-03-05 01:25,87.03,87.09,87.0,87.04,415.676,87.00000000,87.06000000,86.99000000,87.03000000,654.95000000,,,,,,,,,,
2022-03-05 01:26,87.04,87.08,86.63,86.65,566.493,87.03000000,87.06000000,86.58000000,86.65000000,3540.86000000,86.997,86.997,86.715,86.715,6.8356153,,,,,
2022-03-05 01:27,86.63,86.79,86.57,86.76,457.034,86.65000000,86.78000000,86.53000000,86.78000000,1037.14000000,86.645,86.87,86.645,86.87,1.5,,,,,
2022-03-05 01:28,86.8,86.86,86.77,86.82,342.095,86.78000000,86.83000000,86.74000000,86.81000000,3606.24000000,,,,,,,,,,
2022-03-05 01:29,86.83,86.98,86.83,86.98,526.697,86.81000000,86.92000000,86.81000000,86.91000000,213.30000000,87.003,87.011,87.003,87.01,5.5,,,,,
2022-03-05 01:30,86.97,87.01,86.84,86.89,774.58,86.92000000,86.97000000,86.81000000,86.86000000,1647.86000000,,,,,,,,,,
2022-03-05 01:31,86.92,86.93,86.75,86.75,540.615,86.87000000,86.89000000,86.71000000,86.74000000,1151.46000000,,,,,,,,,,
2022-03-05 01:32,86.77,86.84,86.61,86.65,1082.361,86.73000000,86.79000000,86.60000000,86.60000000,3314.32000000,86.802,86.802,86.746,86.746,201.59689275,,,,,
2022-03-05 01:33,86.65,86.76,86.62,86.72,696.76,86.60000000,86.73000000,86.59000000,86.68000000,1250.82000000,86.727,86.727,86.727,86.727,0.0202374,,,,,
2022-03-05 01:34,86.71,86.79,86.64,86.79,1645.499,86.69000000,86.77000000,86.62000000,86.77000000,1038.31000000,86.844,86.844,86.844,86.844,0.5,,,,,
2022-03-05 01:35,86.78,86.8,86.6,86.64,458.512,86.77000000,86.79000000,86.60000000,86.60000000,606.42000000,,,,,,,,,,
2022-03-05 01:36,86.61,86.61,86.27,86.27,968.96,86.60000000,86.60000000,86.26000000,86.26000000,2446.51000000,86.494,86.494,86.494,86.494,0.5,,,,,
2022-03-05 01:37,86.27,86.54,86.25,86.32,732.316,86.25000000,86.50000000,86.23000000,86.29000000,2108.35000000,,,,,,,,,,
2022-03-05 01:38,86.3,86.44,86.27,86.34,1012.434,86.30000000,86.41000000,86.26000000,86.33000000,1107.22000000,86.392,86.392,86.392,86.392,0.5,,,,,
2022-03-05 01:39,86.34,86.61,86.32,86.61,1102.303,86.33000000,86.60000000,86.31000000,86.60000000,1601.86000000,86.425,86.602,86.425,86.602,17.3591118,,,,,
2022-03-05 01:40,86.63,86.72,86.58,86.72,374.288,86.62000000,86.69000000,86.60000000,86.68000000,441.82000000,86.762,86.762,86.762,86.762,0.5,,,,,
2022-03-05 01:41,86.75,86.8,86.69,86.73,338.046,86.69000000,86.79000000,86.69000000,86.73000000,1119.31000000,86.825,86.825,86.798,86.798,0.55756614,,,,,
2022-03-05 01:42,86.74,86.8,86.67,86.76,566.013,86.73000000,86.78000000,86.66000000,86.73000000,1083.76000000,86.699,86.72,86.699,86.72,3.0,,,,,
2022-03-05 01:43,86.72,86.87,86.7,86.78,449.062,86.73000000,86.85000000,86.70000000,86.78000000,1069.62000000,86.86,86.86,86.86,86.86,1.5,,,,,
2022-03-05 01:44,86.78,86.97,86.77,86.87,487.847,86.78000000,86.96000000,86.78000000,86.87000000,1643.64000000,,,,,,,,,,
2022-03-05 01:45,86.83,86.96,86.82,86.89,593.747,86.86000000,86.94000000,86.81000000,86.91000000,393.11000000,,,,,,,,,,
2022-03-05 01:46,86.92,87.0,86.83,87.0,437.36,86.91000000,86.95000000,86.83000000,86.95000000,1415.38000000,86.942,86.942,86.942,86.942,2.0,,,,,
2022-03-05 01:47,86.95,87.02,86.87,86.95,1057.249,86.94000000,86.96000000,86.87000000,86.91000000,451.42000000,,,,,,,,,,
2022-03-05 01:48,86.94,86.94,86.79,86.84,579.552,86.90000000,86.90000000,86.76000000,86.83000000,555.53000000,,,,,,,,,,
2022-03-05 01:49,86.85,86.85,86.71,86.79,410.146,86.81000000,86.83000000,86.67000000,86.79000000,1456.64000000,86.82,86.82,86.82,86.82,17.281100000000002,,,,,
2022-03-05 01:50,86.8,86.8,86.69,86.74,379.487,86.78000000,86.78000000,86.68000000,86.73000000,625.13000000,,,,,,,,,,
2022-03-05 01:51,86.76,86.85,86.74,86.82,243.681,86.72000000,86.83000000,86.72000000,86.81000000,407.81000000,,,,,,,,,,
2022-03-05 01:52,86.81,86.92,86.81,86.92,226.061,86.80000000,86.87000000,86.78000000,86.86000000,310.49000000,86.873,86.873,86.873,86.873,0.02792924,,,,,
2022-03-05 01:53,86.9,86.93,86.82,86.84,315.984,86.87000000,86.90000000,86.81000000,86.82000000,374.74000000,,,,,,,,,,
2022-03-05 01:54,86.82,86.87,86.79,86.8,307.688,86.83000000,86.84000000,86.77000000,86.77000000,131.45000000,,,,,,,,,,
2022-03-05 01:55,86.81,86.81,86.71,86.77,919.827,86.77000000,86.78000000,86.68000000,86.72000000,730.41000000,86.869,86.869,86.8,86.8,1.1689587,,,,,
2022-03-05 01:56,86.74,86.87,86.7,86.85,375.365,86.72000000,86.83000000,86.68000000,86.80000000,2417.25000000,,,,,,,,,,
2022-03-05 01:57,86.83,86.87,86.81,86.81,296.564,86.80000000,86.83000000,86.80000000,86.80000000,593.96000000,86.899,86.899,86.899,86.899,0.5,,,,,
2022-03-05 01:58,86.79,86.86,86.78,86.83,651.552,86.79000000,86.81000000,86.75000000,86.78000000,194.00000000,86.86,86.86,86.86,86.86,0.91542366,,,,,
2022-03-05 01:59,86.82,86.87,86.73,86.86,329.882,86.78000000,86.85000000,86.70000000,86.83000000,420.18000000,,,,,,,,,,
2022-03-05 02:00,86.85,86.87,86.7,86.83,652.986,86.83000000,86.85000000,86.69000000,86.79000000,3433.26000000,86.871,86.871,86.802,86.802,85.5841,,,,,
2022-03-05 02:01,86.83,86.87,86.81,86.86,111.796,86.80000000,86.84000000,86.79000000,86.84000000,340.69000000,,,,,,,,,,
2022-03-05 02:02,86.84,86.89,86.83,86.88,217.506,86.84000000,86.85000000,86.83000000,86.85000000,135.94000000,,,,,,,,,,
2022-03-05 02:03,86.87,86.91,86.67,86.69,796.759,86.85000000,86.89000000,86.66000000,86.67000000,797.88000000,86.88,86.88,86.88,86.88,0.03160951,,,,,
2022-03-05 02:04,86.69,86.72,86.66,86.68,201.655,86.67000000,86.70000000,86.66000000,86.69000000,435.86000000,86.713,86.713,86.712,86.712,5.5,,,,,
2022-03-05 02:05,86.69,86.89,86.66,86.89,1439.657,86.70000000,86.91000000,86.67000000,86.91000000,1855.48000000,,,,,,,,,,
2022-03-05 02:06,86.9,87.09,86.9,87.09,320.37,86.92000000,87.08000000,86.92000000,87.08000000,321.70000000,87.021,87.021,87.021,87.021,112.9,,,,,
2022-03-05 02:07,87.06,87.11,87.0,87.03,403.473,87.07000000,87.11000000,87.01000000,87.05000000,800.55000000,,,,,,,,,,
2022-03-05 02:08,87.03,87.15,87.0,87.06,473.367,87.04000000,87.15000000,87.00000000,87.05000000,2770.28000000,87.128,87.129,87.127,87.127,50.58438415,,,,,
2022-03-05 02:09,87.07,87.07,87.03,87.06,164.429,87.05000000,87.07000000,87.03000000,87.06000000,168.15000000,87.169,87.169,87.169,87.169,1.0,,,,,
2022-03-05 02:10,87.04,87.2,87.04,87.11,615.241,87.06000000,87.17000000,87.03000000,87.14000000,317.00000000,87.169,87.237,87.169,87.237,3.8919,,,,,
2022-03-05 02:11,87.12,87.18,87.1,87.18,1189.088,87.13000000,87.17000000,87.08000000,87.15000000,794.88000000,87.248,87.269,87.248,87.269,1.5,,,,,
2022-03-05 02:12,87.21,87.25,87.11,87.24,356.59,87.17000000,87.24000000,87.12000000,87.23000000,670.73000000,,,,,,,,,,
2022-03-05 02:13,87.24,87.25,87.14,87.24,347.386,87.24000000,87.24000000,87.15000000,87.21000000,520.23000000,87.212,87.212,87.212,87.212,7.5,,,,,
2022-03-05 02:14,87.24,87.29,87.2,87.27,395.485,87.22000000,87.28000000,87.20000000,87.28000000,648.48000000,87.286,87.346,87.286,87.346,5.5756153,,,,,
2022-03-05 02:15,87.26,87.3,87.23,87.3,280.684,87.27000000,87.30000000,87.25000000,87.28000000,1077.05000000,,,,,,,,,,
2022-03-05 02:16,87.31,87.34,87.21,87.24,969.797,87.29000000,87.33000000,87.23000000,87.24000000,679.46000000,87.337,87.337,87.337,87.337,0.5,,,,,
2022-03-05 02:17,87.24,87.29,87.09,87.25,1801.457,87.24000000,87.25000000,87.08000000,87.25000000,1830.44000000,87.308,87.308,87.308,87.308,0.03,,,,,
2022-03-05 02:18,87.27,87.29,87.22,87.26,369.365,87.25000000,87.28000000,87.22000000,87.25000000,342.01000000,87.334,87.335,87.334,87.335,2.5,,,,,
2022-03-05 02:19,87.25,87.26,87.05,87.09,977.839,87.25000000,87.26000000,87.04000000,87.09000000,2369.11000000,87.21,87.21,87.169,87.169,79.5504,,,,,
2022-03-05 02:20,87.09,87.1,86.71,86.73,1195.017,87.09000000,87.09000000,86.70000000,86.74000000,1449.50000000,86.833,86.833,86.833,86.833,2.0,,,,,
2022-03-05 02:21,86.74,86.74,86.49,86.58,847.089,86.74000000,86.74000000,86.50000000,86.59000000,2008.84000000,86.721,86.738,86.721,86.738,3.5,,,,,
2022-03-05 02:22,86.59,86.71,86.59,86.7,697.024,86.59000000,86.69000000,86.58000000,86.69000000,400.11000000,,,,,,,,,,
2022-03-05 02:23,86.7,86.82,86.67,86.82,501.533,86.69000000,86.80000000,86.68000000,86.80000000,806.15000000,86.788,86.788,86.788,86.788,0.5,,,,,
2022-03-05 02:24,86.79,86.91,86.75,86.81,363.983,86.79000000,86.91000000,86.79000000,86.79000000,697.44000000,86.963,86.963,86.963,86.963,0.5,,,,,
2022-03-05 02:25,86.81,86.84,86.56,86.57,877.512,86.80000000,86.83000000,86.56000000,86.56000000,1326.64000000,,,,,,,,,,
2022-03-05 02:26,86.57,86.73,86.57,86.67,278.237,86.56000000,86.71000000,86.56000000,86.65000000,917.97000000,,,,,,,,,,
2022-03-05 02:27,86.67,86.83,86.63,86.79,476.54,86.65000000,86.82000000,86.62000000,86.79000000,829.71000000,86.751,86.838,86.751,86.838,1.59841194,,,,,
2022-03-05 02:28,86.8,86.85,86.75,86.77,448.395,86.79000000,86.83000000,86.75000000,86.78000000,353.43000000,,,,,,,,,,
2022-03-05 02:29,86.78,86.86,86.74,86.84,492.923,86.75000000,86.84000000,86.75000000,86.84000000,478.39000000,,,,,,,,,,
2022-03-05 02:30,86.84,86.91,86.72,86.87,443.066,86.84000000,86.90000000,86.72000000,86.86000000,1882.99000000,86.868,86.868,86.868,86.868,4.9999,,,,,
2022-03-05 02:31,86.88,86.88,86.72,86.72,426.062,86.86000000,86.86000000,86.69000000,86.73000000,2058.40000000,,,,,,,,,,
2022-03-05 02:32,86.73,86.85,86.66,86.66,669.41,86.72000000,86.84000000,86.65000000,86.65000000,497.48000000,,,,,,,,,,
2022-03-05 02:33,86.65,86.75,86.62,86.67,985.9,86.66000000,86.71000000,86.63000000,86.66000000,431.78000000,86.741,86.741,86.741,86.741,0.02509995,,,,,
2022-03-05 02:34,86.66,86.67,86.54,86.56,743.635,86.66000000,86.66000000,86.54000000,86.54000000,844.50000000,86.659,86.659,86.659,86.659,2.4610519,,,,,
2022-03-05 02:35,86.55,86.79,86.52,86.79,544.081,86.56000000,86.75000000,86.51000000,86.74000000,1247.74000000,86.814,86.814,86.814,86.814,0.5,,,,,
2022-03-05 02:36,86.79,86.94,86.79,86.94,269.891,86.76000000,86.90000000,86.76000000,86.90000000,395.76000000,,,,,,,,,,
2022-03-05 02:37,86.91,86.96,86.78,86.84,211.203,86.90000000,86.94000000,86.77000000,86.80000000,589.65000000,86.818,86.818,86.818,86.818,0.5,,,,,
2022-03-05 02:38,86.81,86.85,86.72,86.83,312.382,86.80000000,86.82000000,86.72000000,86.79000000,1172.86000000,86.904,86.93,86.904,86.93,15.5,,,,,
2022-03-05 02:39,86.83,86.86,86.78,86.78,213.472,86.81000000,86.84000000,86.77000000,86.78000000,99.61000000,86.939,86.939,86.939,86.939,2.0,,,,,
2022-03-05 02:40,86.76,86.8,86.68,86.69,218.136,86.76000000,86.79000000,86.67000000,86.67000000,678.29000000,86.814,86.814,86.814,86.814,0.5,,,,,
2022-03-05 02:41,86.68,86.74,86.61,86.72,227.175,86.66000000,86.70000000,86.55000000,86.67000000,559.08000000,86.583,86.583,86.583,86.583,3.0,,,,,
2022-03-05 02:42,86.67,86.73,86.66,86.72,168.096,86.68000000,86.73000000,86.63000000,86.68000000,478.26000000,,,,,,,,,,
2022-03-05 02:43,86.71,86.77,86.63,86.69,362.204,86.68000000,86.72000000,86.62000000,86.66000000,421.89000000,,,,,,,,,,
2022-03-05 02:44,86.69,86.69,86.5,86.56,610.118,86.66000000,86.66000000,86.50000000,86.54000000,2876.57000000,86.694,86.694,86.52,86.52,7.2972505,,,,,
2022-03-05 02:45,86.57,86.73,86.56,86.69,1029.9,86.54000000,86.72000000,86.54000000,86.66000000,762.37000000,,,,,,,,,,
2022-03-05 02:46,86.67,86.8,86.67,86.8,110.93,86.67000000,86.77000000,86.67000000,86.75000000,462.97000000,86.76,86.76,86.751,86.751,2.56874425,,,,,
2022-03-05 02:47,86.79,86.81,86.66,86.71,98.329,86.76000000,86.77000000,86.65000000,86.70000000,834.30000000,,,,,,,,,,
2022-03-05 02:48,86.72,86.84,86.65,86.82,1053.215,86.71000000,86.78000000,86.65000000,86.78000000,4268.44000000,86.77,86.77,86.752,86.752,22.2913,,,,,
2022-03-05 02:49,86.79,86.86,86.77,86.81,300.912,86.78000000,86.85000000,86.77000000,86.77000000,1069.21000000,86.796,86.796,86.796,86.796,0.5,,,,,
2022-03-05 02:50,86.8,86.9,86.78,86.9,315.842,86.78000000,86.87000000,86.77000000,86.86000000,667.85000000,,,,,,,,,,
2022-03-05 02:51,86.9,86.9,86.82,86.86,145.35,86.86000000,86.86000000,86.81000000,86.83000000,367.05000000,,,,,,,,,,
2022-03-05 02:52,86.87,86.96,86.86,86.89,89.106,86.84000000,86.91000000,86.84000000,86.88000000,368.04000000,86.912,86.931,86.912,86.931,0.06643199,,,,,
2022-03-05 02:53,86.9,86.98,86.89,86.97,157.484,86.87000000,86.94000000,86.86000000,86.94000000,387.37000000,,,,,,,,,,
2022-03-05 02:54,86.96,86.99,86.9,86.98,139.213,86.94000000,86.95000000,86.87000000,86.94000000,915.72000000,,,,,,,,,,
2022-03-05 02:55,86.97,87.12,86.95,87.12,288.521,86.94000000,87.10000000,86.94000000,87.09000000,851.01000000,87.061,87.153,87.061,87.153,2.5,,,,,
2022-03-05 02:56,87.14,87.16,87.08,87.15,252.168,87.10000000,87.13000000,87.07000000,87.11000000,748.37000000,87.153,87.153,87.153,87.153,1.5,,,,,
2022-03-05 02:57,87.13,87.18,87.04,87.04,517.639,87.12000000,87.12000000,87.01000000,87.02000000,720.06000000,,,,,,,,,,
2022-03-05 02:58,87.04,87.1,87.02,87.09,137.764,87.01000000,87.05000000,87.00000000,87.04000000,92.39000000,,,,,,,,,,
2022-03-05 02:59,87.07,87.07,86.85,86.87,457.901,87.04000000,87.04000000,86.81000000,86.82000000,766.44000000,87.022,87.022,87.022,87.022,0.02292495,,,,,
2022-03-05 03:00,86.84,86.85,86.68,86.74,451.89,86.82000000,86.82000000,86.66000000,86.68000000,2691.27000000,86.782,86.866,86.782,86.783,1.5,,,,,
2022-03-05 03:01,86.74,87.0,86.74,86.9,663.915,86.68000000,86.96000000,86.68000000,86.88000000,1921.82000000,86.755,86.986,86.755,86.986,4.111,,,,,
2022-03-05 03:02,86.92,87.04,86.92,87.04,83.35,86.90000000,86.99000000,86.90000000,86.99000000,123.55000000,,,,,,,,,,
2022-03-05 03:03,87.03,87.17,87.03,87.16,327.105,86.99000000,87.15000000,86.99000000,87.10000000,911.74000000,,,,,,,,,,
2022-03-05 03:04,87.14,87.15,87.05,87.09,171.311,87.09000000,87.10000000,87.01000000,87.07000000,498.02000000,87.07,87.07,87.07,87.07,0.03051921,,,,,
2022-03-05 03:05,87.07,87.26,87.07,87.2,366.522,87.05000000,87.23000000,87.05000000,87.19000000,902.04000000,87.153,87.297,87.153,87.26,18.90797533,,,,,
2022-03-05 03:06,87.23,87.24,87.15,87.17,127.61,87.19000000,87.20000000,87.09000000,87.16000000,342.56000000,,,,,,,,,,
2022-03-05 03:07,87.17,87.2,87.03,87.05,105.225,87.15000000,87.15000000,87.03000000,87.04000000,1672.39000000,87.125,87.125,87.125,87.125,0.03725785,,,,,
2022-03-05 03:08,87.07,87.09,87.0,87.04,825.71,87.04000000,87.04000000,86.97000000,87.03000000,394.08000000,,,,,,,,,,
2022-03-05 03:09,87.04,87.11,87.0,87.02,637.314,87.03000000,87.05000000,86.99000000,86.99000000,560.93000000,,,,,,,,,,
2022-03-05 03:10,87.02,87.11,87.02,87.03,424.998,87.01000000,87.06000000,87.01000000,87.03000000,334.59000000,87.16,87.16,87.16,87.16,0.5,,,,,
2022-03-05 03:11,87.06,87.12,86.97,86.97,1294.845,87.02000000,87.09000000,86.96000000,86.96000000,528.61000000,,,,,,,,,,
2022-03-05 03:12,86.97,86.99,86.83,86.88,2399.143,86.95000000,86.96000000,86.82000000,86.85000000,1093.41000000,,,,,,,,,,
2022-03-05 03:13,86.85,86.94,86.8,86.94,533.772,86.85000000,86.91000000,86.80000000,86.90000000,673.34000000,86.913,86.913,86.913,86.913,0.03832407,,,,,
2022-03-05 03:14,86.93,87.07,86.93,87.06,213.718,86.91000000,87.04000000,86.91000000,87.04000000,708.53000000,,,,,,,,,,
2022-03-05 03:15,87.06,87.21,87.06,87.2,243.15,87.03000000,87.16000000,87.03000000,87.15000000,764.58000000,87.195,87.195,87.195,87.195,0.5,,,,,
2022-03-05 03:16,87.19,87.34,87.17,87.22,830.315,87.15000000,87.33000000,87.15000000,87.19000000,3656.08000000,87.219,87.308,87.219,87.287,198.78613523,,,,,
2022-03-05 03:17,87.2,87.4,87.2,87.29,1061.33,87.18000000,87.33000000,87.17000000,87.28000000,1233.03000000,87.263,87.422,87.262,87.422,8.5,,,,,
2022-03-05 03:18,87.31,87.46,87.31,87.34,1391.956,87.28000000,87.39000000,87.28000000,87.31000000,1094.50000000,87.436,87.436,87.436,87.436,1.0,,,,,
2022-03-05 03:19,87.36,87.4,87.29,87.39,158.812,87.33000000,87.36000000,87.27000000,87.34000000,476.88000000,,,,,,,,,,
2022-03-05 03:20,87.38,87.45,87.23,87.29,343.978,87.34000000,87.40000000,87.21000000,87.26000000,1221.21000000,87.405,87.405,87.401,87.401,21.0917115,,,,,
2022-03-05 03:21,87.29,87.4,87.27,87.33,209.69,87.26000000,87.37000000,87.26000000,87.32000000,728.16000000,87.348,87.418,87.348,87.418,3.0,,,,,
2022-03-05 03:22,87.36,87.4,87.34,87.38,92.587,87.33000000,87.36000000,87.32000000,87.36000000,310.21000000,,,,,,,,,,
2022-03-05 03:23,87.38,87.41,87.31,87.38,178.627,87.36000000,87.36000000,87.30000000,87.35000000,1105.66000000,87.38,87.38,87.373,87.373,21.10114275,,,,,
2022-03-05 03:24,87.35,87.37,87.27,87.31,85.693,87.35000000,87.35000000,87.25000000,87.28000000,428.64000000,87.29,87.29,87.29,87.29,4.0,,,,,
2022-03-05 03:25,87.31,87.54,87.29,87.42,1202.309,87.28000000,87.53000000,87.27000000,87.41000000,1513.04000000,87.375,87.553,87.34,87.553,26.975,,,,,
2022-03-05 03:26,87.44,87.63,87.44,87.63,383.587,87.42000000,87.61000000,87.41000000,87.58000000,1424.97000000,87.553,87.676,87.553,87.676,7.787732159999999,,,,,
2022-03-05 03:27,87.6,87.67,87.53,87.56,727.882,87.58000000,87.63000000,87.52000000,87.56000000,1487.92000000,87.698,87.698,87.698,87.698,2.0,,,,,
2022-03-05 03:28,87.55,87.6,87.43,87.51,300.977,87.55000000,87.59000000,87.43000000,87.49000000,750.02000000,87.563,87.68,87.563,87.59,1.5,,,,,
2022-03-05 03:29,87.52,87.53,87.45,87.53,142.865,87.49000000,87.52000000,87.43000000,87.52000000,597.03000000,87.548,87.548,87.548,87.548,0.5,,,,,
2022-03-05 03:30,87.54,87.6,87.47,87.52,325.812,87.53000000,87.57000000,87.45000000,87.50000000,812.61000000,87.548,87.548,87.548,87.548,0.514,,,,,
2022-03-05 03:31,87.52,87.63,87.5,87.61,620.981,87.50000000,87.58000000,87.49000000,87.58000000,159.05000000,,,,,,,,,,
2022-03-05 03:32,87.6,87.76,87.56,87.72,145.82,87.57000000,87.71000000,87.57000000,87.70000000,405.21000000,87.729,87.77,87.729,87.77,12.5,,,,,
2022-03-05 03:33,87.72,87.77,87.66,87.76,205.7,87.70000000,87.73000000,87.64000000,87.73000000,1218.56000000,87.72,87.72,87.72,87.72,5.0,,,,,
2022-03-05 03:34,87.75,87.86,87.7,87.72,641.776,87.72000000,87.83000000,87.66000000,87.70000000,749.89000000,87.797,87.918,87.797,87.892,3.75167282,,,,,
2022-03-05 03:35,87.72,87.88,87.71,87.83,509.901,87.70000000,87.84000000,87.70000000,87.81000000,4440.16000000,87.85,87.954,87.85,87.954,8.94,,,,,
2022-03-05 03:36,87.82,87.87,87.67,87.74,604.524,87.81000000,87.82000000,87.65000000,87.69000000,1069.04000000,,,,,,,,,,
2022-03-05 03:37,87.72,87.84,87.72,87.81,484.746,87.70000000,87.80000000,87.69000000,87.79000000,814.27000000,,,,,,,,,,
2022-03-05 03:38,87.79,87.81,87.67,87.78,374.785,87.78000000,87.78000000,87.63000000,87.77000000,2144.99000000,87.869,87.869,87.869,87.869,2.5,,,,,
2022-03-05 03:39,87.78,87.81,87.62,87.64,202.73,87.77000000,87.78000000,87.60000000,87.61000000,687.43000000,,,,,,,,,,
2022-03-05 03:40,87.61,87.72,87.61,87.72,133.531,87.61000000,87.69000000,87.59000000,87.69000000,583.45000000,87.718,87.718,87.718,87.718,0.5,,,,,
2022-03-05 03:41,87.72,87.83,87.66,87.83,517.008,87.69000000,87.80000000,87.63000000,87.80000000,1020.88000000,87.898,87.898,87.898,87.898,0.5,,,,,
2022-03-05 03:42,87.81,87.83,87.67,87.75,490.092,87.80000000,87.80000000,87.67000000,87.73000000,714.96000000,87.853,87.853,87.853,87.853,0.5,,,,,
2022-03-05 03:43,87.73,87.87,87.72,87.76,293.552,87.73000000,87.84000000,87.70000000,87.75000000,4123.72000000,87.828,87.857,87.828,87.857,56.56,,,,,
2022-03-05 03:44,87.77,87.83,87.75,87.78,135.076,87.75000000,87.80000000,87.74000000,87.76000000,364.86000000,87.857,87.857,87.79,87.79,2.0,,,,,
2022-03-05 03:45,87.78,87.86,87.78,87.84,84.35,87.75000000,87.83000000,87.75000000,87.82000000,507.02000000,,,,,,,,,,
2022-03-05 03:46,87.86,87.93,87.83,87.86,96.568,87.82000000,87.89000000,87.81000000,87.84000000,357.04000000,,,,,,,,,,
2022-03-05 03:47,87.85,87.88,87.82,87.82,276.43,87.84000000,87.85000000,87.81000000,87.83000000,750.87000000,87.863,87.863,87.863,87.863,0.03770684,,,,,
2022-03-05 03:48,87.82,87.82,87.62,87.64,324.904,87.83000000,87.83000000,87.59000000,87.59000000,1337.40000000,87.875,87.875,87.875,87.875,1.51595543,,,,,
2022-03-05 03:49,87.64,87.77,87.64,87.75,269.929,87.60000000,87.73000000,87.59000000,87.72000000,696.86000000,87.645,87.706,87.644,87.706,2.0,,,,,
2022-03-05 03:50,87.73,87.8,87.65,87.74,63.992,87.73000000,87.75000000,87.64000000,87.73000000,729.30000000,,,,,,,,,,
2022-03-05 03:51,87.74,87.79,87.74,87.77,174.947,87.73000000,87.76000000,87.72000000,87.75000000,209.39000000,,,,,,,,,,
2022-03-05 03:52,87.75,87.83,87.71,87.77,897.122,87.74000000,87.79000000,87.70000000,87.74000000,1314.76000000,87.761,87.761,87.761,87.761,0.02668328,,,,,
2022-03-05 03:53,87.77,87.78,87.73,87.73,107.235,87.74000000,87.75000000,87.70000000,87.71000000,509.83000000,,,,,,,,,,
2022-03-05 03:54,87.74,87.74,87.67,87.72,138.278,87.71000000,87.72000000,87.64000000,87.68000000,441.98000000,,,,,,,,,,
2022-03-05 03:55,87.72,87.8,87.72,87.74,246.599,87.68000000,87.75000000,87.68000000,87.72000000,286.32000000,,,,,,,,,,
2022-03-05 03:56,87.73,87.82,87.72,87.79,450.944,87.72000000,87.77000000,87.70000000,87.77000000,855.20000000,87.863,87.864,87.802,87.802,89.92231856,,,,,
2022-03-05 03:57,87.82,87.88,87.77,87.82,469.49,87.78000000,87.86000000,87.77000000,87.77000000,648.61000000,87.903,87.903,87.814,87.814,3.0,,,,,
2022-03-05 03:58,87.81,87.84,87.72,87.76,604.647,87.77000000,87.79000000,87.69000000,87.71000000,532.56000000,87.879,87.879,87.82,87.82,12.0,,,,,
2022-03-05 03:59,87.76,87.81,87.74,87.75,149.273,87.72000000,87.76000000,87.70000000,87.71000000,620.85000000,,,,,,,,,,
2022-03-05 04:00,87.75,87.85,87.75,87.84,257.114,87.71000000,87.80000000,87.71000000,87.80000000,1214.12000000,,,,,,,,,,
2022-03-05 04:01,87.85,87.94,87.82,87.91,767.628,87.80000000,87.87000000,87.79000000,87.87000000,374.45000000,,,,,,,,,,
2022-03-05 04:02,87.88,87.92,87.7,87.72,186.077,87.87000000,87.88000000,87.69000000,87.69000000,1541.31000000,87.9,87.9,87.799,87.799,0.53956274,,,,,
2022-03-05 04:03,87.71,87.72,87.38,87.58,232.75,87.69000000,87.69000000,87.40000000,87.54000000,1673.15000000,87.681,87.681,87.411,87.571,7.0,,,,,
2022-03-05 04:04,87.6,87.72,87.58,87.63,478.575,87.55000000,87.69000000,87.53000000,87.60000000,927.00000000,87.667,87.667,87.621,87.621,1.0,,,,,
2022-03-05 04:05,87.64,87.76,87.56,87.63,596.175,87.60000000,87.72000000,87.54000000,87.58000000,629.29000000,,,,,,,,,,
2022-03-05 04:06,87.6,87.6,87.45,87.48,126.823,87.58000000,87.58000000,87.42000000,87.43000000,1197.28000000,,,,,,,,,,
2022-03-05 04:07,87.46,87.49,87.32,87.43,654.117,87.43000000,87.44000000,87.31000000,87.38000000,928.22000000,87.547,87.547,87.444,87.49,22.86325072,,,,,
2022-03-05 04:08,87.4,87.46,87.36,87.38,450.154,87.39000000,87.43000000,87.33000000,87.33000000,644.97000000,87.401,87.401,87.387,87.387,0.5756152999999999,,,,,
2022-03-05 04:09,87.38,87.44,87.33,87.33,321.183,87.34000000,87.40000000,87.31000000,87.33000000,573.30000000,87.4,87.4,87.359,87.359,3.5,,,,,
2022-03-05 04:10,87.33,87.41,87.31,87.41,298.511,87.32000000,87.35000000,87.31000000,87.34000000,472.70000000,87.37,87.37,87.37,87.37,0.5,,,,,
2022-03-05 04:11,87.37,87.44,87.32,87.42,424.119,87.34000000,87.40000000,87.28000000,87.38000000,562.94000000,87.38,87.38,87.38,87.38,0.5,,,,,
2022-03-05 04:12,87.41,87.46,87.38,87.38,310.129,87.38000000,87.42000000,87.35000000,87.37000000,418.79000000,87.475,87.475,87.475,87.475,0.5,,,,,
2022-03-05 04:13,87.4,87.54,87.39,87.47,361.899,87.37000000,87.48000000,87.36000000,87.40000000,551.01000000,87.479,87.566,87.479,87.566,1.5,,,,,
2022-03-05 04:14,87.45,87.59,87.42,87.57,592.399,87.42000000,87.54000000,87.40000000,87.54000000,541.44000000,87.609,87.609,87.609,87.609,1.0,,,,,
2022-03-05 04:15,87.58,87.58,87.43,87.49,207.751,87.54000000,87.55000000,87.39000000,87.45000000,625.82000000,87.449,87.449,87.449,87.449,0.5,,,,,
2022-03-05 04:16,87.49,87.63,87.49,87.5,700.85,87.44000000,87.56000000,87.44000000,87.47000000,363.79000000,87.629,87.629,87.629,87.629,1.0,,,,,
2022-03-05 04:17,87.49,87.58,87.48,87.54,400.606,87.47000000,87.53000000,87.46000000,87.50000000,369.55000000,87.589,87.613,87.58,87.613,9.698,,,,,
2022-03-05 04:18,87.54,87.68,87.48,87.48,487.632,87.50000000,87.63000000,87.49000000,87.49000000,1308.99000000,87.545,87.656,87.545,87.562,54.46554391,,,,,
2022-03-05 04:19,87.51,87.54,87.45,87.45,100.946,87.49000000,87.51000000,87.43000000,87.43000000,321.74000000,87.59,87.601,87.523,87.582,1.65209264,,,,,
2022-03-05 04:20,87.46,87.56,87.43,87.5,283.229,87.42000000,87.52000000,87.42000000,87.48000000,500.62000000,87.549,87.549,87.549,87.549,0.15209264,,,,,
2022-03-05 04:21,87.51,87.55,87.51,87.53,70.069,87.48000000,87.52000000,87.48000000,87.50000000,213.64000000,,,,,,,,,,
2022-03-05 04:22,87.53,87.56,87.48,87.51,216.625,87.49000000,87.50000000,87.45000000,87.49000000,399.78000000,87.597,87.607,87.597,87.607,1.0,,,,,
2022-03-05 04:23,87.52,87.6,87.46,87.47,416.161,87.50000000,87.57000000,87.44000000,87.45000000,777.47000000,87.607,87.607,87.46,87.46,1.13619654,,,,,
2022-03-05 04:24,87.47,87.52,87.43,87.48,212.322,87.45000000,87.49000000,87.43000000,87.45000000,468.13000000,,,,,,,,,,
2022-03-05 04:25,87.48,87.51,87.36,87.38,179.033,87.45000000,87.46000000,87.33000000,87.33000000,417.31000000,87.482,87.482,87.482,87.482,0.5,,,,,
2022-03-05 04:26,87.36,87.45,87.36,87.38,488.578,87.34000000,87.40000000,87.34000000,87.36000000,522.38000000,87.412,87.412,87.412,87.412,0.5,,,,,
2022-03-05 04:27,87.38,87.38,87.26,87.3,498.454,87.36000000,87.36000000,87.22000000,87.24000000,502.68000000,,,,,,,,,,
2022-03-05 04:28,87.29,87.29,87.2,87.22,139.888,87.27000000,87.27000000,87.18000000,87.18000000,459.05000000,87.285,87.285,87.265,87.265,2.8924934799999997,,,,,
2022-03-05 04:29,87.21,87.28,87.09,87.16,690.075,87.18000000,87.24000000,87.12000000,87.15000000,673.63000000,87.23,87.23,87.223,87.223,53.710777730000004,,,,,
2022-03-05 04:30,87.17,87.28,87.16,87.28,173.163,87.18000000,87.26000000,87.13000000,87.25000000,571.92000000,,,,,,,,,,
2022-03-05 04:31,87.28,87.6,87.28,87.51,5363.567,87.25000000,87.53000000,87.25000000,87.46000000,4069.62000000,87.413,87.613,87.413,87.596,391.82202301,,,,,
2022-03-05 04:32,87.51,87.64,87.51,87.56,931.034,87.46000000,87.56000000,87.46000000,87.50000000,614.14000000,,,,,,,,,,
2022-03-05 04:33,87.54,87.59,87.43,87.5,362.128,87.50000000,87.52000000,87.41000000,87.41000000,663.97000000,87.628,87.628,87.628,87.628,5.0,,,,,
2022-03-05 04:34,87.46,87.46,87.05,87.1,882.801,87.40000000,87.41000000,87.02000000,87.08000000,9432.49000000,87.44,87.44,87.025,87.17,118.49981911,,,,,
2022-03-05 04:35,87.13,87.14,86.9,86.97,1846.619,87.09000000,87.10000000,86.88000000,86.92000000,5455.84000000,86.991,86.991,86.991,86.991,0.5,,,,,
2022-03-05 04:36,86.96,87.08,86.85,87.07,647.916,86.92000000,87.07000000,86.83000000,87.04000000,2195.68000000,86.985,87.133,86.904,87.133,6.0,,,,,
2022-03-05 04:37,87.08,87.24,87.08,87.24,219.121,87.08000000,87.22000000,87.08000000,87.20000000,701.40000000,87.133,87.133,87.133,87.133,222.79999999999998,,,,,
2022-03-05 04:38,87.27,87.54,87.27,87.53,689.215,87.22000000,87.48000000,87.22000000,87.48000000,970.15000000,87.313,87.474,87.313,87.474,1.5,,,,,
2022-03-05 04:39,87.55,87.56,87.4,87.41,1156.765,87.49000000,87.49000000,87.37000000,87.37000000,638.05000000,87.536,87.537,87.536,87.537,5.0,,,,,
2022-03-05 04:40,87.4,87.5,87.39,87.46,130.444,87.37000000,87.45000000,87.37000000,87.42000000,862.81000000,,,,,,,,,,
2022-03-05 04:41,87.48,87.58,87.4,87.58,280.092,87.42000000,87.50000000,87.38000000,87.50000000,537.20000000,,,,,,,,,,
2022-03-05 04:42,87.55,87.58,87.38,87.47,331.355,87.51000000,87.54000000,87.36000000,87.44000000,1230.72000000,87.573,87.573,87.573,87.573,0.57373216,,,,,
2022-03-05 04:43,87.48,87.51,87.31,87.34,854.388,87.44000000,87.49000000,87.29000000,87.30000000,672.66000000,,,,,,,,,,
2022-03-05 04:44,87.31,87.4,87.13,87.3,636.741,87.30000000,87.35000000,87.12000000,87.26000000,1384.97000000,87.29,87.29,87.29,87.29,0.03099778,,,,,
2022-03-05 04:45,87.28,87.3,87.06,87.06,684.278,87.26000000,87.26000000,87.03000000,87.03000000,561.94000000,,,,,,,,,,
2022-03-05 04:46,87.05,87.17,87.04,87.1,177.092,87.03000000,87.12000000,87.02000000,87.07000000,1656.28000000,87.115,87.115,87.115,87.115,0.57373216,,,,,
2022-03-05 04:47,87.1,87.11,86.96,87.01,1084.807,87.07000000,87.08000000,86.95000000,86.96000000,929.79000000,87.163,87.163,86.98,87.078,12.0384,,,,,
2022-03-05 04:48,87.01,87.2,87.0,87.13,444.212,86.97000000,87.16000000,86.96000000,87.08000000,587.06000000,87.11,87.11,87.11,87.11,0.5,,,,,
2022-03-05 04:49,87.09,87.15,87.05,87.06,211.125,87.08000000,87.12000000,87.03000000,87.03000000,507.45000000,,,,,,,,,,
2022-03-05 04:50,87.06,87.1,86.98,87.01,183.852,87.04000000,87.06000000,86.94000000,86.95000000,476.86000000,87.073,87.073,87.073,87.073,0.28682115,,,,,
2022-03-05 04:51,87.01,87.25,87.01,87.14,831.968,86.96000000,87.21000000,86.96000000,87.04000000,5153.35000000,87.134,87.224,87.134,87.17,292.01999717,,,,,
2022-03-05 04:52,87.14,87.49,87.04,87.49,908.466,87.13000000,87.49000000,86.97000000,87.49000000,3812.93000000,87.113,87.498,87.111,87.498,35.39567437,,,,,
2022-03-05 04:53,87.54,87.54,87.37,87.37,352.87,87.49000000,87.50000000,87.35000000,87.35000000,664.77000000,87.512,87.512,87.512,87.512,4.47143,,,,,
2022-03-05 04:54,87.36,87.41,87.17,87.2,271.743,87.34000000,87.36000000,87.15000000,87.19000000,1021.36000000,87.377,87.377,87.321,87.321,85.45,,,,,
2022-03-05 04:55,87.21,87.31,87.21,87.29,474.905,87.18000000,87.27000000,87.17000000,87.25000000,505.93000000,87.308,87.308,87.308,87.308,7.5499,,,,,
2022-03-05 04:56,87.29,87.34,87.18,87.33,813.077,87.25000000,87.28000000,87.15000000,87.28000000,983.25000000,,,,,,,,,,
2022-03-05 04:57,87.33,87.39,87.29,87.37,226.517,87.30000000,87.35000000,87.27000000,87.33000000,241.43000000,,,,,,,,,,
2022-03-05 04:58,87.35,87.42,87.35,87.37,206.976,87.34000000,87.38000000,87.34000000,87.34000000,547.51000000,87.4,87.4,87.4,87.4,0.03705582,,,,,
2022-03-05 04:59,87.37,87.4,87.22,87.33,458.968,87.35000000,87.36000000,87.23000000,87.26000000,1072.14000000,,,,,,,,,,
2022-03-05 05:00,87.35,87.35,87.22,87.29,340.094,87.30000000,87.30000000,87.22000000,87.25000000,425.50000000,87.291,87.291,87.291,87.291,0.02175586,,,,,
2022-03-05 05:01,87.27,87.37,87.13,87.18,1079.49,87.24000000,87.32000000,87.11000000,87.13000000,923.21000000,,,,,,,,,,
2022-03-05 05:02,87.19,87.19,87.1,87.13,220.26,87.13000000,87.14000000,87.09000000,87.13000000,744.35000000,87.193,87.193,87.193,87.193,5.0,,,,,
2022-03-05 05:03,87.16,87.19,87.11,87.11,200.562,87.13000000,87.13000000,87.08000000,87.08000000,637.70000000,87.227,87.227,87.227,87.227,0.5,,,,,
2022-03-05 05:04,87.12,87.21,87.12,87.21,125.701,87.08000000,87.16000000,87.08000000,87.14000000,203.60000000,87.243,87.243,87.243,87.243,1.52693669,,,,,
2022-03-05 05:05,87.21,87.21,87.06,87.06,214.436,87.14000000,87.14000000,87.02000000,87.02000000,496.72000000,87.195,87.195,87.137,87.137,4.9356903,,,,,
2022-03-05 05:06,87.04,87.21,87.04,87.21,132.189,87.02000000,87.17000000,87.02000000,87.17000000,338.77000000,,,,,,,,,,
2022-03-05 05:07,87.2,87.55,87.2,87.37,520.252,87.16000000,87.54000000,87.16000000,87.34000000,2078.73000000,87.531,87.533,87.442,87.458,55.08460649,,,,,
2022-03-05 05:08,87.38,87.44,87.33,87.33,136.437,87.35000000,87.40000000,87.33000000,87.34000000,502.79000000,,,,,,,,,,
2022-03-05 05:09,87.36,87.4,87.28,87.33,319.052,87.32000000,87.39000000,87.26000000,87.29000000,833.97000000,,,,,,,,,,
2022-03-05 05:10,87.27,87.34,87.16,87.29,503.862,87.28000000,87.29000000,87.15000000,87.25000000,2350.39000000,87.282,87.282,87.282,87.282,0.02528404,,,,,
2022-03-05 05:11,87.28,87.37,87.27,87.34,156.342,87.26000000,87.32000000,87.25000000,87.32000000,175.39000000,,,,,,,,,,
2022-03-05 05:12,87.38,87.38,87.29,87.32,120.822,87.33000000,87.33000000,87.27000000,87.30000000,220.63000000,,,,,,,,,,
2022-03-05 05:13,87.34,87.47,87.27,87.29,261.856,87.29000000,87.42000000,87.27000000,87.27000000,652.08000000,87.389,87.473,87.389,87.473,8.27303516,,,,,
2022-03-05 05:14,87.29,87.39,87.29,87.38,243.978,87.26000000,87.35000000,87.26000000,87.33000000,379.38000000,,,,,,,,,,
2022-03-05 05:15,87.37,87.42,87.27,87.34,764.299,87.32000000,87.38000000,87.26000000,87.28000000,409.51000000,87.419,87.419,87.419,87.419,0.7392599999999999,,,,,
2022-03-05 05:16,87.3,87.43,87.29,87.4,76.861,87.28000000,87.40000000,87.27000000,87.38000000,638.84000000,87.392,87.392,87.392,87.392,1.0,,,,,
2022-03-05 05:17,87.41,87.51,87.38,87.49,436.001,87.38000000,87.49000000,87.37000000,87.46000000,726.56000000,,,,,,,,,,
2022-03-05 05:18,87.51,87.63,87.48,87.56,190.529,87.47000000,87.61000000,87.47000000,87.55000000,992.82000000,87.573,87.616,87.573,87.616,2.13124378,,,,,
2022-03-05 05:19,87.59,87.65,87.58,87.59,291.264,87.56000000,87.63000000,87.56000000,87.58000000,588.19000000,87.664,87.712,87.651,87.712,3.0,,,,,
2022-03-05 05:20,87.6,87.66,87.48,87.51,131.74,87.58000000,87.61000000,87.47000000,87.47000000,204.80000000,87.71,87.711,87.71,87.711,2.5,,,,,
2022-03-05 05:21,87.51,87.61,87.51,87.56,518.768,87.47000000,87.56000000,87.47000000,87.55000000,1271.21000000,,,,,,,,,,
2022-03-05 05:22,87.57,87.64,87.56,87.62,231.009,87.55000000,87.61000000,87.54000000,87.61000000,481.01000000,,,,,,,,,,
2022-03-05 05:23,87.62,87.63,87.57,87.61,258.624,87.60000000,87.60000000,87.56000000,87.57000000,645.49000000,87.6,87.6,87.6,87.6,0.02609469,,,,,
2022-03-05 05:24,87.6,87.67,87.56,87.61,1087.411,87.57000000,87.64000000,87.55000000,87.58000000,729.76000000,,,,,,,,,,
2022-03-05 05:25,87.64,87.66,87.55,87.65,134.955,87.59000000,87.63000000,87.54000000,87.63000000,775.80000000,,,,,,,,,,
2022-03-05 05:26,87.67,87.74,87.66,87.74,370.753,87.63000000,87.71000000,87.62000000,87.70000000,3619.24000000,87.681,87.73,87.681,87.73,1.56940889,,,,,
2022-03-05 05:27,87.72,87.83,87.71,87.8,381.596,87.71000000,87.81000000,87.70000000,87.77000000,1159.20000000,87.814,87.814,87.814,87.814,1.0561,,,,,
2022-03-05 05:28,87.78,87.8,87.71,87.74,239.725,87.77000000,87.77000000,87.68000000,87.71000000,386.89000000,87.804,87.81,87.804,87.81,11.312203,,,,,
2022-03-05 05:29,87.77,87.77,87.7,87.73,164.247,87.71000000,87.73000000,87.68000000,87.71000000,202.33000000,87.807,87.808,87.79,87.808,30.836400339999997,,,,,
2022-03-05 05:30,87.72,87.73,87.62,87.65,1009.093,87.71000000,87.71000000,87.62000000,87.64000000,639.69000000,87.775,87.776,87.775,87.776,5.0,,,,,
2022-03-05 05:31,87.66,87.71,87.63,87.65,787.52,87.64000000,87.70000000,87.62000000,87.65000000,1187.57000000,,,,,,,,,,
2022-03-05 05:32,87.68,87.7,87.61,87.65,339.157,87.65000000,87.69000000,87.59000000,87.62000000,818.84000000,,,,,,,,,,
2022-03-05 05:33,87.65,87.71,87.59,87.68,273.194,87.62000000,87.70000000,87.59000000,87.66000000,639.53000000,,,,,,,,,,
2022-03-05 05:34,87.69,87.79,87.67,87.76,199.461,87.66000000,87.76000000,87.66000000,87.74000000,573.94000000,,,,,,,,,,
2022-03-05 05:35,87.76,87.82,87.76,87.77,79.213,87.74000000,87.79000000,87.73000000,87.76000000,339.07000000,,,,,,,,,,
2022-03-05 05:36,87.81,87.93,87.79,87.89,472.345,87.76000000,87.90000000,87.76000000,87.86000000,2288.94000000,87.86,88.008,87.86,87.89,7.62887795,,,,,
2022-03-05 05:37,87.9,87.94,87.83,87.91,274.562,87.87000000,87.90000000,87.79000000,87.87000000,1334.95000000,,,,,,,,,,
2022-03-05 05:38,87.89,87.89,87.8,87.82,302.208,87.86000000,87.88000000,87.77000000,87.79000000,837.77000000,,,,,,,,,,
2022-03-05 05:39,87.82,87.91,87.81,87.91,119.308,87.79000000,87.86000000,87.78000000,87.86000000,320.61000000,87.926,87.93,87.926,87.93,45.0,,,,,
2022-03-05 05:40,87.93,87.99,87.87,87.9,186.402,87.88000000,87.93000000,87.84000000,87.86000000,1676.61000000,88.038,88.038,88.038,88.038,2.5,,,,,
2022-03-05 05:41,87.91,87.99,87.91,87.97,152.199,87.86000000,87.93000000,87.86000000,87.92000000,317.53000000,,,,,,,,,,
2022-03-05 05:42,87.97,87.99,87.92,87.92,82.015,87.92000000,87.93000000,87.89000000,87.90000000,541.32000000,87.963,88.029,87.954,87.954,3.0,,,,,
2022-03-05 05:43,87.91,87.91,87.78,87.83,337.182,87.89000000,87.90000000,87.76000000,87.79000000,1852.81000000,87.951,87.951,87.802,87.802,3.23962848,,,,,
2022-03-05 05:44,87.81,87.83,87.7,87.72,263.647,87.79000000,87.79000000,87.67000000,87.68000000,496.18000000,,,,,,,,,,
2022-03-05 05:45,87.71,87.82,87.69,87.72,406.679,87.67000000,87.77000000,87.66000000,87.71000000,1145.52000000,87.889,87.889,87.78,87.78,2.0,,,,,
2022-03-05 05:46,87.73,87.91,87.72,87.86,120.297,87.70000000,87.87000000,87.70000000,87.85000000,757.86000000,,,,,,,,,,
2022-03-05 05:47,87.88,88.04,87.88,88.0,528.861,87.85000000,88.00000000,87.85000000,87.97000000,1652.87000000,87.969,88.127,87.969,88.127,3.04803779,,,,,
2022-03-05 05:48,88.04,88.07,87.98,88.0,153.541,87.97000000,88.03000000,87.96000000,87.98000000,665.37000000,,,,,,,,,,
2022-03-05 05:49,88.03,88.23,88.03,88.18,836.031,88.02000000,88.23000000,88.00000000,88.16000000,7183.70000000,88.13,88.321,88.13,88.289,193.71792591,,,,,
2022-03-05 05:50,88.19,88.23,88.05,88.06,148.692,88.16000000,88.20000000,88.02000000,88.04000000,1349.00000000,88.121,88.121,88.121,88.121,1.0,,,,,
2022-03-05 05:51,88.05,88.06,87.93,87.98,159.039,88.02000000,88.02000000,87.90000000,87.94000000,1386.27000000,88.05,88.05,88.037,88.037,0.90154966,,,,,
2022-03-05 05:52,87.97,88.05,87.97,87.98,382.508,87.93000000,88.00000000,87.93000000,87.94000000,325.93000000,,,,,,,,,,
2022-03-05 05:53,87.98,88.01,87.89,87.95,217.352,87.95000000,87.96000000,87.85000000,87.92000000,1108.57000000,,,,,,,,,,
2022-03-05 05:54,87.92,87.92,87.79,87.79,273.292,87.92000000,87.92000000,87.75000000,87.78000000,927.44000000,87.895,87.895,87.811,87.811,0.52311962,,,,,
2022-03-05 05:55,87.84,87.87,87.83,87.87,121.967,87.79000000,87.83000000,87.78000000,87.83000000,788.22000000,,,,,,,,,,
2022-03-05 05:56,87.87,88.06,87.87,88.05,598.643,87.83000000,88.03000000,87.82000000,88.03000000,2615.31000000,88.04,88.045,88.04,88.045,18.6076,,,,,
2022-03-05 05:57,88.03,88.05,87.98,88.0,271.985,88.02000000,88.02000000,87.96000000,87.97000000,1385.50000000,,,,,,,,,,
2022-03-05 05:58,87.99,88.08,87.98,88.04,100.067,87.97000000,88.05000000,87.96000000,88.01000000,428.98000000,,,,,,,,,,
2022-03-05 05:59,88.06,88.21,88.05,88.19,289.76,88.00000000,88.18000000,88.00000000,88.15000000,994.64000000,88.206,88.206,88.112,88.112,1.0,,,,,
2022-03-05 06:00,88.2,88.29,88.2,88.26,1189.905,88.15000000,88.26000000,88.15000000,88.21000000,1200.59000000,88.263,88.263,88.263,88.263,1.5,,,,,
2022-03-05 06:01,88.26,88.31,88.25,88.31,149.586,88.20000000,88.27000000,88.20000000,88.26000000,592.08000000,88.356,88.37,88.293,88.37,15.638,,,,,
2022-03-05 06:02,88.31,88.33,88.2,88.28,275.784,88.28000000,88.28000000,88.17000000,88.20000000,1219.83000000,88.304,88.304,88.261,88.261,6.6455869100000005,,,,,
2022-03-05 06:03,88.24,88.26,88.14,88.18,110.923,88.20000000,88.21000000,88.07000000,88.13000000,508.73000000,88.173,88.173,88.173,88.173,0.4,,,,,
2022-03-05 06:04,88.18,88.18,88.11,88.14,45.022,88.14000000,88.19000000,88.08000000,88.11000000,536.66000000,88.15,88.15,88.15,88.15,0.5,,,,,
2022-03-05 06:05,88.14,88.14,87.97,88.13,279.004,88.10000000,88.10000000,87.93000000,88.10000000,1110.77000000,88.15,88.15,87.989,87.989,4.067,,,,,
2022-03-05 06:06,88.12,88.21,88.12,88.16,90.811,88.10000000,88.15000000,88.10000000,88.14000000,645.25000000,88.13,88.13,88.13,88.13,0.1,,,,,
2022-03-05 06:07,88.19,88.36,88.19,88.36,242.517,88.13000000,88.34000000,88.13000000,88.31000000,1415.35000000,,,,,,,,,,
2022-03-05 06:08,88.36,88.38,88.26,88.36,171.473,88.33000000,88.33000000,88.24000000,88.33000000,849.04000000,88.372,88.43,88.291,88.331,4.45264,,,,,
2022-03-05 06:09,88.35,88.38,88.21,88.23,152.599,88.32000000,88.33000000,88.18000000,88.18000000,787.20000000,88.303,88.303,88.303,88.303,0.5,,,,,
2022-03-05 06:10,88.18,88.31,88.17,88.31,135.803,88.17000000,88.27000000,88.13000000,88.26000000,1093.27000000,,,,,,,,,,
2022-03-05 06:11,88.31,88.4,88.3,88.4,160.225,88.27000000,88.37000000,88.27000000,88.36000000,366.34000000,88.39,88.39,88.39,88.39,1.0,,,,,
2022-03-05 06:12,88.39,88.46,88.38,88.46,261.315,88.37000000,88.46000000,88.36000000,88.41000000,1181.85000000,88.439,88.439,88.394,88.394,1.56811718,,,,,
2022-03-05 06:13,88.44,88.54,88.39,88.52,1283.877,88.42000000,88.50000000,88.37000000,88.49000000,1553.26000000,88.492,88.554,88.492,88.554,3.78475639,,,,,
2022-03-05 06:14,88.53,88.62,88.41,88.56,304.174,88.49000000,88.59000000,88.37000000,88.55000000,990.65000000,88.602,88.66,88.602,88.66,1.2,,,,,
2022-03-05 06:15,88.57,88.74,88.53,88.68,918.5,88.54000000,88.68000000,88.51000000,88.66000000,2746.60000000,88.629,88.629,88.582,88.582,2.0,,,,,
2022-03-05 06:16,88.67,88.68,88.53,88.54,249.429,88.66000000,88.67000000,88.50000000,88.50000000,1663.24000000,88.62,88.62,88.62,88.62,1.0,,,,,
2022-03-05 06:17,88.58,88.58,88.44,88.47,505.733,88.51000000,88.51000000,88.41000000,88.44000000,857.26000000,88.492,88.492,88.457,88.457,100.2,,,,,
2022-03-05 06:18,88.47,88.58,88.47,88.53,91.009,88.44000000,88.55000000,88.44000000,88.50000000,712.66000000,88.47,88.47,88.47,88.47,0.1,,,,,
2022-03-05 06:19,88.53,88.62,88.5,88.57,642.646,88.54000000,88.59000000,88.46000000,88.54000000,651.53000000,,,,,,,,,,
2022-03-05 06:20,88.59,88.63,88.44,88.48,895.358,88.54000000,88.59000000,88.41000000,88.43000000,2188.59000000,88.551,88.551,88.477,88.477,0.5354365,,,,,
2022-03-05 06:21,88.49,88.55,88.45,88.48,283.849,88.46000000,88.53000000,88.42000000,88.43000000,744.37000000,88.461,88.528,88.461,88.528,1.3782264,,,,,
2022-03-05 06:22,88.48,88.56,88.44,88.46,318.716,88.44000000,88.54000000,88.43000000,88.44000000,885.55000000,88.468,88.47,88.468,88.47,1.6,,,,,
2022-03-05 06:23,88.45,88.51,88.45,88.5,124.416,88.43000000,88.47000000,88.43000000,88.46000000,605.95000000,88.548,88.548,88.49,88.49,1.0,,,,,
2022-03-05 06:24,88.49,88.56,88.46,88.55,29.331,88.46000000,88.53000000,88.44000000,88.51000000,1240.04000000,88.624,88.624,88.624,88.624,3.00737408,,,,,
2022-03-05 06:25,88.55,88.63,88.55,88.6,49.295,88.51000000,88.59000000,88.51000000,88.57000000,309.39000000,88.666,88.666,88.666,88.666,0.5,,,,,
2022-03-05 06:26,88.61,88.66,88.59,88.61,261.352,88.58000000,88.63000000,88.57000000,88.57000000,743.59000000,,,,,,,,,,
2022-03-05 06:27,88.58,88.58,88.4,88.44,1580.298,88.57000000,88.57000000,88.42000000,88.43000000,1034.02000000,88.551,88.551,88.551,88.551,5.643,,,,,
2022-03-05 06:28,88.48,88.55,88.48,88.54,140.751,88.43000000,88.51000000,88.43000000,88.51000000,522.50000000,,,,,,,,,,
2022-03-05 06:29,88.53,88.64,88.51,88.64,229.4,88.51000000,88.65000000,88.49000000,88.65000000,693.20000000,,,,,,,,,,
2022-03-05 06:30,88.66,88.73,88.64,88.67,226.567,88.64000000,88.70000000,88.62000000,88.65000000,2597.79000000,88.723,88.723,88.723,88.723,0.25455456,,,,,
2022-03-05 06:31,88.66,88.66,88.55,88.59,836.284,88.64000000,88.64000000,88.52000000,88.56000000,1251.10000000,88.72,88.72,88.639,88.639,0.5564,,,,,
2022-03-05 06:32,88.6,88.62,88.55,88.62,136.236,88.56000000,88.60000000,88.52000000,88.59000000,561.59000000,88.582,88.648,88.582,88.583,2.5,,,,,
2022-03-05 06:33,88.65,88.65,88.57,88.62,186.448,88.60000000,88.60000000,88.56000000,88.57000000,493.61000000,,,,,,,,,,
2022-03-05 06:34,88.62,88.71,88.57,88.58,288.665,88.57000000,88.68000000,88.53000000,88.54000000,560.81000000,,,,,,,,,,
2022-03-05 06:35,88.57,88.59,88.55,88.57,61.399,88.54000000,88.55000000,88.52000000,88.52000000,332.51000000,,,,,,,,,,
2022-03-05 06:36,88.56,88.61,88.54,88.58,200.226,88.53000000,88.57000000,88.53000000,88.53000000,901.25000000,,,,,,,,,,
2022-03-05 06:37,88.59,88.82,88.59,88.75,307.368,88.54000000,88.79000000,88.54000000,88.73000000,944.59000000,88.67,88.728,88.67,88.728,0.59237899,,,,,
2022-03-05 06:38,88.74,88.82,88.68,88.81,356.956,88.72000000,88.76000000,88.66000000,88.76000000,1301.31000000,88.825,88.825,88.825,88.825,0.5,,,,,
2022-03-05 06:39,88.8,88.81,88.67,88.67,365.751,88.78000000,88.80000000,88.62000000,88.62000000,675.39000000,88.867,88.901,88.867,88.901,1.0,,,,,
2022-03-05 06:40,88.66,88.66,88.55,88.58,409.839,88.62000000,88.63000000,88.51000000,88.54000000,776.44000000,88.625,88.625,88.625,88.625,0.5,,,,,
2022-03-05 06:41,88.58,88.74,88.58,88.74,316.945,88.54000000,88.71000000,88.54000000,88.71000000,2415.60000000,88.693,88.693,88.693,88.693,0.5,,,,,
2022-03-05 06:42,88.72,88.8,88.68,88.76,72.283,88.70000000,88.77000000,88.65000000,88.75000000,723.24000000,,,,,,,,,,
2022-03-05 06:43,88.76,88.77,88.6,88.65,124.758,88.75000000,88.75000000,88.57000000,88.61000000,588.68000000,88.835,88.835,88.835,88.835,0.5,,,,,
2022-03-05 06:44,88.66,88.67,88.6,88.62,140.331,88.62000000,88.62000000,88.54000000,88.55000000,759.49000000,88.642,88.642,88.642,88.642,0.5,,,,,
2022-03-05 06:45,88.59,88.62,88.49,88.5,409.372,88.56000000,88.58000000,88.44000000,88.44000000,3032.89000000,88.64,88.64,88.586,88.586,27.95,,,,,
2022-03-05 06:46,88.5,88.51,88.32,88.36,1078.418,88.45000000,88.46000000,88.27000000,88.32000000,2395.64000000,88.586,88.586,88.328,88.437,3.003508,,,,,
2022-03-05 06:47,88.36,88.53,88.32,88.46,469.963,88.32000000,88.47000000,88.29000000,88.43000000,1435.59000000,88.482,88.482,88.482,88.482,0.5,,,,,
2022-03-05 06:48,88.44,88.44,88.22,88.24,385.208,88.43000000,88.44000000,88.20000000,88.20000000,1431.27000000,88.376,88.376,88.376,88.376,0.2,,,,,
2022-03-05 06:49,88.2,88.28,88.19,88.23,200.65,88.20000000,88.25000000,88.14000000,88.21000000,3061.70000000,88.264,88.264,88.264,88.264,0.5662,,,,,
2022-03-05 06:50,88.24,88.27,88.12,88.12,155.402,88.21000000,88.21000000,88.09000000,88.11000000,871.47000000,88.264,88.264,88.204,88.204,0.59996345,,,,,
2022-03-05 06:51,88.1,88.17,88.1,88.11,155.853,88.10000000,88.15000000,88.08000000,88.09000000,703.53000000,,,,,,,,,,
2022-03-05 06:52,88.11,88.17,88.09,88.14,46.892,88.09000000,88.12000000,88.07000000,88.09000000,516.27000000,88.212,88.213,88.212,88.213,2.26446924,,,,,
2022-03-05 06:53,88.13,88.16,88.04,88.1,202.076,88.09000000,88.12000000,88.00000000,88.05000000,746.57000000,88.204,88.204,88.071,88.071,1.5001,,,,,
2022-03-05 06:54,88.1,88.11,88.06,88.06,107.759,88.06000000,88.06000000,88.02000000,88.03000000,412.47000000,,,,,,,,,,
2022-03-05 06:55,88.1,88.14,88.08,88.14,284.955,88.03000000,88.09000000,88.03000000,88.06000000,406.39000000,88.081,88.09,88.081,88.09,1.5,,,,,
2022-03-05 06:56,88.1,88.23,88.08,88.17,157.231,88.05000000,88.16000000,88.05000000,88.13000000,608.31000000,,,,,,,,,,
2022-03-05 06:57,88.15,88.25,88.15,88.23,159.488,88.12000000,88.20000000,88.12000000,88.20000000,272.05000000,88.225,88.225,88.225,88.225,1.5,,,,,
2022-03-05 06:58,88.22,88.22,88.14,88.2,135.226,88.20000000,88.20000000,88.13000000,88.15000000,371.85000000,,,,,,,,,,
2022-03-05 06:59,88.18,88.29,88.18,88.28,185.366,88.14000000,88.26000000,88.13000000,88.24000000,445.38000000,,,,,,,,,,
2022-03-05 07:00,88.27,88.32,88.15,88.18,124.566,88.23000000,88.28000000,88.12000000,88.15000000,529.87000000,88.311,88.311,88.276,88.277,5.7219798100000006,,,,,
2022-03-05 07:01,88.18,88.2,88.09,88.09,86.886,88.15000000,88.15000000,88.08000000,88.08000000,318.90000000,,,,,,,,,,
2022-03-05 07:02,88.11,88.21,88.09,88.19,235.239,88.07000000,88.18000000,88.04000000,88.14000000,706.57000000,88.234,88.264,88.234,88.264,1.0,,,,,
2022-03-05 07:03,88.2,88.27,88.17,88.26,150.914,88.16000000,88.24000000,88.14000000,88.23000000,646.46000000,88.27,88.309,88.27,88.309,1.0,,,,,
2022-03-05 07:04,88.26,88.29,88.17,88.23,90.512,88.24000000,88.26000000,88.16000000,88.19000000,623.14000000,88.198,88.198,88.198,88.198,0.5,,,,,
2022-03-05 07:05,88.23,88.33,88.21,88.26,104.928,88.19000000,88.30000000,88.18000000,88.26000000,462.65000000,,,,,,,,,,
2022-03-05 07:06,88.26,88.26,88.18,88.23,85.963,88.25000000,88.25000000,88.15000000,88.21000000,533.46000000,,,,,,,,,,
2022-03-05 07:07,88.26,88.27,88.17,88.21,171.081,88.21000000,88.21000000,88.14000000,88.17000000,285.94000000,,,,,,,,,,
2022-03-05 07:08,88.22,88.27,88.19,88.19,75.722,88.18000000,88.22000000,88.16000000,88.16000000,356.84000000,,,,,,,,,,
2022-03-05 07:09,88.21,88.39,88.21,88.39,109.296,88.17000000,88.32000000,88.17000000,88.32000000,673.65000000,88.28,88.28,88.28,88.28,0.02024244,,,,,
2022-03-05 07:10,88.36,88.51,88.33,88.51,118.557,88.31000000,88.47000000,88.31000000,88.45000000,508.77000000,88.406,88.564,88.406,88.564,2.77378028,,,,,
2022-03-05 07:11,88.5,88.61,88.48,88.61,268.871,88.44000000,88.55000000,88.44000000,88.54000000,1176.97000000,88.563,88.566,88.563,88.566,2.45598727,,,,,
2022-03-05 07:12,88.61,88.67,88.57,88.67,580.429,88.56000000,88.67000000,88.54000000,88.67000000,746.99000000,,,,,,,,,,
2022-03-05 07:13,88.7,88.79,88.69,88.79,152.803,88.67000000,88.74000000,88.66000000,88.74000000,535.62000000,88.728,88.768,88.72,88.72,2.5,,,,,
2022-03-05 07:14,88.77,88.78,88.67,88.69,261.409,88.74000000,88.75000000,88.65000000,88.65000000,575.19000000,88.828,88.828,88.779,88.779,1.3998173299999999,,,,,
2022-03-05 07:15,88.7,88.73,88.47,88.57,307.541,88.66000000,88.66000000,88.45000000,88.51000000,824.40000000,,,,,,,,,,
2022-03-05 07:16,88.57,88.64,88.57,88.63,900.126,88.51000000,88.57000000,88.51000000,88.57000000,1051.50000000,,,,,,,,,,
2022-03-05 07:17,88.63,88.74,88.63,88.72,1027.845,88.58000000,88.68000000,88.58000000,88.68000000,372.58000000,88.661,88.661,88.661,88.661,0.02198673,,,,,
2022-03-05 07:18,88.73,88.94,88.73,88.92,1681.375,88.67000000,88.87000000,88.67000000,88.86000000,974.98000000,88.918,88.933,88.918,88.933,34.762699999999995,,,,,
2022-03-05 07:19,88.93,89.11,88.86,88.92,3665.028,88.86000000,88.98000000,88.80000000,88.88000000,2249.01000000,88.997,89.056,88.996,89.056,7.42956388,,,,,
2022-03-05 07:20,88.95,89.05,88.84,88.99,1575.071,88.88000000,88.98000000,88.79000000,88.97000000,1032.94000000,,,,,,,,,,
2022-03-05 07:21,88.99,89.08,88.99,89.0,918.497,88.96000000,89.03000000,88.95000000,88.96000000,2814.42000000,89.071,89.097,89.024,89.097,3.53826624,,,,,
2022-03-05 07:22,89.0,89.0,88.94,88.97,192.128,88.96000000,88.98000000,88.89000000,88.93000000,1316.43000000,89.003,89.003,89.003,89.003,0.5,,,,,
2022-03-05 07:23,89.0,89.0,88.86,88.92,329.645,88.94000000,88.95000000,88.83000000,88.86000000,767.57000000,89.0,89.0,89.0,89.0,100.0,,,,,
2022-03-05 07:24,88.93,89.07,88.93,89.05,154.312,88.86000000,88.93000000,88.86000000,88.93000000,387.54000000,,,,,,,,,,
2022-03-05 07:25,89.07,89.11,88.98,89.08,1707.61,88.94000000,89.05000000,88.93000000,89.03000000,1324.09000000,89.118,89.149,89.088,89.149,203.1,,,,,
2022-03-05 07:26,89.04,89.06,88.95,88.96,718.613,89.04000000,89.04000000,88.92000000,88.93000000,768.03000000,,,,,,,,,,
2022-03-05 07:27,88.95,88.97,88.9,88.93,48.33,88.93000000,88.95000000,88.86000000,88.92000000,808.99000000,,,,,,,,,,
2022-03-05 07:28,88.96,89.03,88.95,89.0,85.071,88.92000000,89.00000000,88.91000000,88.95000000,430.89000000,88.997,88.997,88.997,88.997,0.5,,,,,
2022-03-05 07:29,89.0,89.04,88.94,88.94,100.519,88.96000000,89.01000000,88.90000000,88.91000000,797.65000000,,,,,,,,,,
2022-03-05 07:30,88.97,88.97,88.77,88.82,685.013,88.91000000,88.91000000,88.72000000,88.79000000,2187.11000000,88.8,88.93,88.8,88.93,0.052987389999999995,,,,,
2022-03-05 07:31,88.81,88.9,88.77,88.78,252.906,88.79000000,88.86000000,88.73000000,88.76000000,949.67000000,88.801,88.801,88.801,88.801,0.5,,,,,
2022-03-05 07:32,88.79,88.79,88.73,88.74,119.13,88.75000000,88.76000000,88.69000000,88.69000000,559.55000000,,,,,,,,,,
2022-03-05 07:33,88.74,88.75,88.67,88.73,92.316,88.69000000,88.70000000,88.62000000,88.70000000,751.90000000,88.8,88.8,88.709,88.709,101.80704897,,,,,
2022-03-05 07:34,88.75,88.76,88.7,88.71,51.546,88.70000000,88.72000000,88.67000000,88.67000000,835.10000000,,,,,,,,,,
2022-03-05 07:35,88.71,88.74,88.66,88.74,90.084,88.66000000,88.67000000,88.64000000,88.66000000,756.96000000,88.779,88.779,88.779,88.779,0.591392,,,,,
2022-03-05 07:36,88.79,88.79,88.71,88.73,18.692,88.67000000,88.76000000,88.67000000,88.71000000,246.09000000,88.842,88.842,88.842,88.842,0.5,,,,,
2022-03-05 07:37,88.76,88.79,88.72,88.78,26.393,88.71000000,88.72000000,88.67000000,88.71000000,718.07000000,88.825,88.825,88.825,88.825,0.29993911,,,,,
2022-03-05 07:38,88.79,88.8,88.76,88.76,9.292,88.73000000,88.75000000,88.71000000,88.75000000,549.97000000,,,,,,,,,,
2022-03-05 07:39,88.77,88.83,88.75,88.82,29.517,88.74000000,88.80000000,88.72000000,88.79000000,310.68000000,,,,,,,,,,
2022-03-05 07:40,88.82,88.87,88.78,88.87,181.079,88.80000000,88.82000000,88.78000000,88.82000000,495.85000000,,,,,,,,,,
2022-03-05 07:41,88.86,88.93,88.83,88.88,74.125,88.82000000,88.88000000,88.81000000,88.85000000,675.49000000,88.969,88.969,88.969,88.969,0.5,,,,,
2022-03-05 07:42,88.88,88.97,88.88,88.92,55.259,88.86000000,88.92000000,88.85000000,88.89000000,383.20000000,89.017,89.017,89.017,89.017,0.5,,,,,
2022-03-05 07:43,88.93,89.01,88.93,88.96,30.522,88.89000000,88.98000000,88.89000000,88.94000000,563.78000000,,,,,,,,,,
2022-03-05 07:44,89.02,89.03,88.97,89.01,256.547,88.94000000,89.00000000,88.93000000,88.96000000,513.75000000,89.032,89.032,89.032,89.032,5.0,,,,,
2022-03-05 07:45,89.0,89.17,89.0,89.09,498.111,88.95000000,89.13000000,88.94000000,89.06000000,2357.36000000,89.15,89.18,89.15,89.18,98.61953389,,,,,
2022-03-05 07:46,89.08,89.13,88.97,89.13,299.806,89.06000000,89.10000000,88.94000000,89.10000000,2526.54000000,89.17,89.17,89.17,89.17,0.5,,,,,
2022-03-05 07:47,89.12,89.12,89.06,89.1,56.122,89.11000000,89.13000000,89.03000000,89.06000000,1224.54000000,,,,,,,,,,
2022-03-05 07:48,89.07,89.1,89.04,89.08,350.376,89.06000000,89.07000000,89.02000000,89.06000000,914.85000000,89.113,89.113,89.111,89.111,11.129999999999999,,,,,
2022-03-05 07:49,89.08,89.25,89.08,89.24,315.535,89.06000000,89.21000000,89.05000000,89.20000000,2469.61000000,89.172,89.298,89.172,89.298,1.0,,,,,
2022-03-05 07:50,89.23,89.23,89.17,89.18,53.255,89.20000000,89.22000000,89.13000000,89.16000000,1424.70000000,,,,,,,,,,
2022-03-05 07:51,89.19,89.19,89.04,89.06,111.105,89.16000000,89.16000000,89.00000000,89.00000000,701.59000000,89.251,89.251,89.091,89.091,1.06,,,,,
2022-03-05 07:52,89.03,89.16,89.01,89.05,395.742,89.01000000,89.10000000,89.00000000,89.00000000,1515.16000000,89.084,89.084,89.084,89.084,1.0,,,,,
2022-03-05 07:53,89.05,89.06,88.88,88.91,1686.842,89.01000000,89.01000000,88.85000000,88.86000000,2081.51000000,89.017,89.017,89.0,89.0,1000.6,,,,,
2022-03-05 07:54,88.9,88.94,88.8,88.94,360.54,88.86000000,88.92000000,88.78000000,88.90000000,1518.13000000,88.906,88.906,88.906,88.906,0.1,,,,,
2022-03-05 07:55,88.95,88.96,88.78,88.82,482.609,88.90000000,88.93000000,88.77000000,88.78000000,1355.47000000,88.917,88.917,88.841,88.9,7.5,,,,,
2022-03-05 07:56,88.86,88.87,88.81,88.84,78.952,88.78000000,88.82000000,88.78000000,88.82000000,220.29000000,,,,,,,,,,
2022-03-05 07:57,88.85,88.88,88.75,88.82,169.825,88.82000000,88.86000000,88.72000000,88.78000000,1532.87000000,88.793,88.793,88.793,88.793,1.0,,,,,
2022-03-05 07:58,88.84,88.89,88.84,88.88,135.686,88.78000000,88.85000000,88.78000000,88.83000000,429.74000000,,,,,,,,,,
2022-03-05 07:59,88.88,88.92,88.85,88.86,127.652,88.83000000,88.87000000,88.83000000,88.85000000,211.59000000,,,,,,,,,,
2022-03-05 08:00,88.88,88.95,88.88,88.93,224.693,88.85000000,88.92000000,88.84000000,88.91000000,441.05000000,88.902,88.902,88.902,88.902,0.02777358,,,,,
2022-03-05 08:01,88.91,88.91,88.69,88.75,257.043,88.92000000,88.92000000,88.68000000,88.71000000,1775.27000000,,,,,,,,,,
2022-03-05 08:02,88.74,88.74,88.64,88.65,764.42,88.71000000,88.71000000,88.60000000,88.60000000,839.55000000,88.713,88.713,88.713,88.713,0.5,,,,,
2022-03-05 08:03,88.69,88.71,88.58,88.6,40.299,88.61000000,88.67000000,88.55000000,88.56000000,616.36000000,88.779,88.779,88.606,88.69,11.45196408,,,,,
2022-03-05 08:04,88.61,88.71,88.61,88.71,122.301,88.56000000,88.67000000,88.56000000,88.65000000,939.06000000,,,,,,,,,,
2022-03-05 08:05,88.69,88.7,88.52,88.55,199.401,88.65000000,88.65000000,88.48000000,88.51000000,1293.71000000,88.553,88.553,88.553,88.553,0.5,,,,,
2022-03-05 08:06,88.57,88.69,88.55,88.69,217.458,88.51000000,88.65000000,88.51000000,88.65000000,509.52000000,,,,,,,,,,
2022-03-05 08:07,88.7,88.7,88.63,88.64,59.175,88.64000000,88.65000000,88.59000000,88.63000000,315.97000000,,,,,,,,,,
2022-03-05 08:08,88.68,88.72,88.62,88.69,164.332,88.63000000,88.67000000,88.61000000,88.66000000,459.46000000,88.652,88.652,88.652,88.652,0.03829863,,,,,
2022-03-05 08:09,88.67,88.72,88.65,88.67,181.798,88.66000000,88.68000000,88.59000000,88.62000000,725.18000000,88.719,88.72,88.719,88.72,1.9315056899999998,,,,,
2022-03-05 08:10,88.67,88.67,88.57,88.6,119.836,88.62000000,88.65000000,88.55000000,88.56000000,277.31000000,,,,,,,,,,
2022-03-05 08:11,88.59,88.66,88.55,88.58,1688.43,88.56000000,88.56000000,88.52000000,88.52000000,389.42000000,88.632,88.632,88.632,88.632,0.03254903,,,,,
2022-03-05 08:12,88.58,88.63,88.57,88.59,59.741,88.52000000,88.58000000,88.51000000,88.56000000,516.85000000,,,,,,,,,,
2022-03-05 08:13,88.61,88.62,88.58,88.58,23.654,88.56000000,88.56000000,88.52000000,88.53000000,272.93000000,88.632,88.632,88.632,88.632,12.8522,,,,,
2022-03-05 08:14,88.57,88.58,88.43,88.49,275.048,88.53000000,88.53000000,88.40000000,88.45000000,1062.54000000,88.632,88.632,88.453,88.453,80.44716478,,,,,
2022-03-05 08:15,88.49,88.57,88.48,88.56,325.889,88.44000000,88.50000000,88.43000000,88.50000000,437.42000000,88.492,88.492,88.492,88.492,0.5,,,,,
2022-03-05 08:16,88.55,88.58,88.41,88.41,340.723,88.51000000,88.54000000,88.38000000,88.38000000,605.10000000,,,,,,,,,,
2022-03-05 08:17,88.43,88.58,88.43,88.54,203.64,88.38000000,88.53000000,88.38000000,88.50000000,883.52000000,,,,,,,,,,
2022-03-05 08:18,88.55,88.6,88.55,88.59,144.066,88.50000000,88.54000000,88.50000000,88.53000000,167.12000000,,,,,,,,,,
2022-03-05 08:19,88.59,88.59,88.56,88.58,79.574,88.53000000,88.54000000,88.52000000,88.54000000,266.14000000,,,,,,,,,,
2022-03-05 08:20,88.61,88.67,88.6,88.67,215.481,88.54000000,88.64000000,88.54000000,88.64000000,711.14000000,88.573,88.573,88.573,88.573,0.03191929,,,,,
2022-03-05 08:21,88.69,88.73,88.65,88.69,166.291,88.65000000,88.69000000,88.64000000,88.67000000,501.90000000,88.793,88.793,88.793,88.793,0.5,,,,,
2022-03-05 08:22,88.69,88.7,88.59,88.6,112.485,88.67000000,88.67000000,88.57000000,88.57000000,471.92000000,,,,,,,,,,
2022-03-05 08:23,88.62,88.62,88.55,88.59,93.038,88.57000000,88.57000000,88.51000000,88.52000000,777.61000000,88.588,88.588,88.588,88.588,0.02325094,,,,,
2022-03-05 08:24,88.58,88.58,88.54,88.55,49.004,88.52000000,88.57000000,88.51000000,88.52000000,609.92000000,88.648,88.657,88.648,88.657,2.52937819,,,,,
2022-03-05 08:25,88.53,88.56,88.5,88.5,50.049,88.52000000,88.52000000,88.47000000,88.49000000,479.29000000,,,,,,,,,,
2022-03-05 08:26,88.49,88.49,88.26,88.26,314.859,88.49000000,88.49000000,88.23000000,88.24000000,1876.99000000,88.45,88.45,88.323,88.323,101.0,,,,,
2022-03-05 08:27,88.26,88.43,88.24,88.34,222.069,88.23000000,88.42000000,88.23000000,88.30000000,917.51000000,,,,,,,,,,
2022-03-05 08:28,88.34,88.36,88.28,88.32,228.994,88.30000000,88.33000000,88.27000000,88.33000000,475.39000000,,,,,,,,,,
2022-03-05 08:29,88.32,88.42,88.32,88.36,508.762,88.31000000,88.39000000,88.29000000,88.32000000,439.84000000,88.404,88.404,88.404,88.404,0.03875215,,,,,
2022-03-05 08:30,88.36,88.4,88.33,88.37,93.576,88.33000000,88.37000000,88.31000000,88.34000000,774.28000000,,,,,,,,,,
2022-03-05 08:31,88.35,88.44,88.32,88.44,122.447,88.34000000,88.40000000,88.28000000,88.40000000,641.18000000,,,,,,,,,,
2022-03-05 08:32,88.43,88.58,88.43,88.55,127.678,88.40000000,88.53000000,88.40000000,88.51000000,395.35000000,88.491,88.491,88.491,88.491,0.03086051,,,,,
2022-03-05 08:33,88.57,88.57,88.47,88.56,252.28,88.51000000,88.53000000,88.43000000,88.53000000,834.01000000,,,,,,,,,,
2022-03-05 08:34,88.56,88.65,88.55,88.65,69.832,88.53000000,88.64000000,88.53000000,88.64000000,615.47000000,88.682,88.682,88.682,88.682,5.0,,,,,
2022-03-05 08:35,88.63,88.68,88.58,88.67,29.106,88.63000000,88.64000000,88.56000000,88.64000000,414.40000000,,,,,,,,,,
2022-03-05 08:36,88.65,88.66,88.61,88.64,89.004,88.64000000,88.64000000,88.58000000,88.58000000,445.31000000,,,,,,,,,,
2022-03-05 08:37,88.63,88.72,88.63,88.69,36.995,88.59000000,88.68000000,88.59000000,88.67000000,1272.24000000,,,,,,,,,,
2022-03-05 08:38,88.71,88.76,88.68,88.75,301.25,88.67000000,88.76000000,88.66000000,88.74000000,3644.11000000,88.773,88.79,88.773,88.79,3.54688524,,,,,
2022-03-05 08:39,88.79,88.8,88.71,88.76,178.265,88.73000000,88.75000000,88.69000000,88.73000000,1853.11000000,,,,,,,,,,
2022-03-05 08:40,88.77,88.79,88.66,88.7,282.053,88.72000000,88.75000000,88.64000000,88.65000000,1086.47000000,88.84,88.84,88.84,88.84,1.00009599,,,,,
2022-03-05 08:41,88.7,88.72,88.64,88.71,205.757,88.65000000,88.70000000,88.60000000,88.70000000,578.70000000,88.653,88.653,88.653,88.653,0.5,,,,,
2022-03-05 08:42,88.75,88.88,88.74,88.87,845.666,88.70000000,88.85000000,88.70000000,88.85000000,4306.10000000,88.934,88.934,88.857,88.857,6.3323787000000005,,,,,
2022-03-05 08:43,88.87,88.92,88.77,88.85,491.136,88.85000000,88.91000000,88.76000000,88.85000000,2491.60000000,88.959,88.959,88.959,88.959,0.5,,,,,
2022-03-05 08:44,88.84,89.02,88.84,88.96,310.108,88.85000000,88.99000000,88.80000000,88.95000000,1839.35000000,88.97,89.019,88.97,89.019,2.7278056,,,,,
2022-03-05 08:45,88.97,89.0,88.75,88.94,344.228,88.96000000,88.96000000,88.74000000,88.90000000,2178.23000000,,,,,,,,,,
2022-03-05 08:46,88.92,89.02,88.92,88.93,438.608,88.90000000,88.98000000,88.90000000,88.93000000,2341.87000000,89.079,89.08,89.079,89.08,12.39620073,,,,,
2022-03-05 08:47,88.95,89.0,88.92,89.0,180.103,88.93000000,88.98000000,88.90000000,88.94000000,674.53000000,,,,,,,,,,
2022-03-05 08:48,88.94,89.0,88.93,88.99,108.929,88.94000000,88.99000000,88.91000000,88.96000000,738.18000000,89.05,89.05,88.997,88.997,0.7,,,,,
2022-03-05 08:49,88.99,89.13,88.97,89.03,399.643,88.97000000,89.10000000,88.97000000,89.01000000,2758.20000000,89.095,89.127,89.095,89.127,26.4261659,,,,,
2022-03-05 08:50,89.04,89.06,88.99,89.01,155.261,89.01000000,89.04000000,88.99000000,89.01000000,910.06000000,89.047,89.047,89.047,89.047,0.079389,,,,,
2022-03-05 08:51,89.02,89.11,89.01,89.09,166.969,89.01000000,89.11000000,89.00000000,89.10000000,2430.99000000,89.055,89.126,89.055,89.126,0.575223,,,,,
2022-03-05 08:52,89.08,89.09,88.95,89.06,322.379,89.09000000,89.09000000,88.95000000,88.98000000,1508.94000000,89.11,89.11,89.11,89.11,20.0,,,,,
2022-03-05 08:53,89.06,89.1,88.97,89.04,193.795,88.99000000,89.07000000,88.97000000,89.00000000,450.14000000,89.12,89.12,89.052,89.053,585.475095,,,,,
2022-03-05 08:54,89.04,89.11,89.01,89.04,60.78,89.01000000,89.09000000,89.00000000,89.00000000,693.75000000,89.194,89.2,89.194,89.2,2.5,,,,,
2022-03-05 08:55,89.03,89.08,89.02,89.04,216.467,89.00000000,89.04000000,88.99000000,89.02000000,354.56000000,,,,,,,,,,
2022-03-05 08:56,89.03,89.08,89.03,89.08,67.835,89.02000000,89.03000000,88.99000000,89.03000000,320.91000000,,,,,,,,,,
2022-03-05 08:57,89.05,89.07,89.0,89.0,53.659,89.02000000,89.02000000,88.97000000,88.98000000,671.81000000,89.063,89.063,89.063,89.063,0.03590063,,,,,
2022-03-05 08:58,89.0,89.03,89.0,89.01,39.193,88.97000000,88.99000000,88.95000000,88.99000000,647.49000000,89.023,89.108,89.023,89.108,80.65439592999999,,,,,
2022-03-05 08:59,89.02,89.03,88.89,88.9,290.266,88.99000000,89.00000000,88.83000000,88.87000000,3113.16000000,89.025,89.039,89.025,89.039,9.22594931,,,,,
2022-03-05 09:00,88.92,89.04,88.92,89.02,382.811,88.87000000,88.98000000,88.87000000,88.98000000,685.83000000,88.959,88.959,88.959,88.959,0.5,,,,,
2022-03-05 09:01,89.03,89.08,88.87,88.88,219.628,88.98000000,89.05000000,88.84000000,88.85000000,1128.86000000,89.086,89.086,89.086,89.086,1.3339,,,,,
2022-03-05 09:02,88.84,88.86,88.74,88.74,172.932,88.84000000,88.84000000,88.72000000,88.73000000,603.19000000,,,,,,,,,,
2022-03-05 09:03,88.81,88.84,88.59,88.59,77.904,88.74000000,88.80000000,88.56000000,88.57000000,1078.80000000,88.909,88.909,88.909,88.909,1.5,,,,,
2022-03-05 09:04,88.6,88.7,88.59,88.59,84.085,88.57000000,88.70000000,88.57000000,88.61000000,938.25000000,88.692,88.692,88.68,88.68,0.2,,,,,
2022-03-05 09:05,88.63,88.78,88.63,88.78,75.293,88.61000000,88.75000000,88.61000000,88.75000000,505.23000000,88.755,88.787,88.755,88.787,5.706766,,,,,
2022-03-05 09:06,88.78,88.78,88.6,88.76,362.774,88.74000000,88.75000000,88.60000000,88.71000000,954.05000000,,,,,,,,,,
2022-03-05 09:07,88.75,88.82,88.73,88.78,32.863,88.72000000,88.78000000,88.72000000,88.74000000,208.57000000,88.883,88.883,88.883,88.883,0.5,,,,,
2022-03-05 09:08,88.77,88.79,88.7,88.73,24.881,88.74000000,88.75000000,88.66000000,88.69000000,231.20000000,88.857,88.857,88.857,88.857,0.29984378,,,,,
2022-03-05 09:09,88.73,88.87,88.73,88.87,164.684,88.69000000,88.82000000,88.69000000,88.81000000,471.81000000,88.857,88.857,88.857,88.857,5.32815622,,,,,
2022-03-05 09:10,88.86,88.87,88.74,88.74,25.561,88.81000000,88.82000000,88.70000000,88.70000000,2303.24000000,,,,,,,,,,
2022-03-05 09:11,88.74,88.77,88.65,88.66,138.088,88.70000000,88.72000000,88.61000000,88.62000000,196.10000000,88.752,88.752,88.751,88.751,5.0,,,,,
2022-03-05 09:12,88.65,88.7,88.63,88.65,88.283,88.62000000,88.68000000,88.60000000,88.62000000,480.14000000,,,,,,,,,,
2022-03-05 09:13,88.67,88.71,88.62,88.67,69.243,88.63000000,88.67000000,88.59000000,88.62000000,360.02000000,,,,,,,,,,
2022-03-05 09:14,88.65,88.74,88.63,88.74,13.934,88.62000000,88.70000000,88.61000000,88.70000000,311.87000000,88.73,88.73,88.592,88.592,994.8995895,,,,,
2022-03-05 09:15,88.75,88.82,88.71,88.82,84.71,88.69000000,88.79000000,88.69000000,88.78000000,338.18000000,,,,,,,,,,
2022-03-05 09:16,88.83,88.9,88.82,88.9,40.057,88.79000000,88.88000000,88.78000000,88.87000000,398.35000000,88.904,88.904,88.904,88.904,0.02385725,,,,,
2022-03-05 09:17,88.88,88.88,88.8,88.87,24.818,88.87000000,88.87000000,88.80000000,88.82000000,1136.35000000,,,,,,,,,,
2022-03-05 09:18,88.85,88.87,88.82,88.83,49.749,88.83000000,88.83000000,88.77000000,88.79000000,252.83000000,,,,,,,,,,
2022-03-05 09:19,88.84,88.86,88.74,88.8,155.862,88.78000000,88.78000000,88.71000000,88.75000000,367.62000000,88.777,88.777,88.777,88.777,0.03367272,,,,,
2022-03-05 09:20,88.8,88.81,88.71,88.71,76.876,88.74000000,88.75000000,88.70000000,88.70000000,311.19000000,88.849,88.849,88.747,88.747,0.53254906,,,,,
2022-03-05 09:21,88.7,88.73,88.67,88.68,20.911,88.70000000,88.70000000,88.65000000,88.66000000,336.99000000,88.723,88.723,88.723,88.723,0.5,,,,,
2022-03-05 09:22,88.71,88.86,88.71,88.86,43.511,88.66000000,88.87000000,88.65000000,88.87000000,800.49000000,,,,,,,,,,
2022-03-05 09:23,88.92,89.03,88.91,88.97,136.805,88.88000000,89.00000000,88.87000000,88.93000000,448.97000000,88.974,88.974,88.974,88.974,0.069919,,,,,
2022-03-05 09:24,88.95,88.97,88.9,88.96,70.525,88.93000000,88.93000000,88.87000000,88.91000000,357.16000000,88.952,88.952,88.952,88.952,0.998,,,,,
2022-03-05 09:25,88.95,89.13,88.95,89.0,294.178,88.92000000,89.07000000,88.92000000,88.99000000,2310.22000000,89.138,89.138,89.138,89.138,5.0,,,,,
2022-03-05 09:26,89.02,89.07,88.96,88.97,121.555,88.99000000,89.05000000,88.94000000,88.96000000,705.69000000,89.154,89.154,89.043,89.043,2.0271,,,,,
2022-03-05 09:27,89.0,89.05,88.96,88.96,46.057,88.99000000,89.01000000,88.94000000,88.94000000,306.47000000,,,,,,,,,,
2022-03-05 09:28,88.98,89.0,88.94,88.96,17.665,88.95000000,88.96000000,88.91000000,88.93000000,378.47000000,,,,,,,,,,
2022-03-05 09:29,88.98,88.98,88.83,88.88,118.316,88.93000000,88.93000000,88.79000000,88.88000000,584.46000000,88.963,88.964,88.958,88.958,0.18794074,,,,,
2022-03-05 09:30,88.9,88.93,88.85,88.85,45.615,88.87000000,88.92000000,88.83000000,88.84000000,429.10000000,88.974,88.974,88.974,88.974,1.53,,,,,
2022-03-05 09:31,88.86,88.9,88.8,88.9,86.487,88.84000000,88.84000000,88.77000000,88.81000000,393.89000000,,,,,,,,,,
2022-03-05 09:32,88.9,88.93,88.86,88.9,46.93,88.83000000,88.89000000,88.83000000,88.87000000,431.03000000,88.922,88.922,88.922,88.922,0.5,,,,,
2022-03-05 09:33,88.91,88.91,88.82,88.86,98.741,88.86000000,88.89000000,88.78000000,88.83000000,456.35000000,88.926,88.926,88.926,88.926,0.5,,,,,
2022-03-05 09:34,88.84,88.9,88.84,88.9,66.809,88.84000000,88.89000000,88.83000000,88.88000000,239.54000000,88.94,88.983,88.94,88.983,5.0,,,,,
2022-03-05 09:35,88.89,88.93,88.86,88.89,26.567,88.88000000,88.90000000,88.85000000,88.86000000,179.30000000,,,,,,,,,,
2022-03-05 09:36,88.89,88.91,88.84,88.85,108.206,88.86000000,88.88000000,88.79000000,88.80000000,497.41000000,,,,,,,,,,
2022-03-05 09:37,88.85,88.87,88.78,88.86,126.309,88.80000000,88.84000000,88.75000000,88.82000000,434.68000000,88.919,88.919,88.919,88.919,0.5,,,,,
2022-03-05 09:38,88.83,88.9,88.83,88.84,81.957,88.82000000,88.86000000,88.81000000,88.81000000,358.24000000,88.936,88.936,88.925,88.925,0.69954738,,,,,
2022-03-05 09:39,88.84,88.84,88.78,88.83,13.16,88.81000000,88.81000000,88.79000000,88.80000000,326.48000000,,,,,,,,,,
2022-03-05 09:40,88.88,89.02,88.88,89.02,51.338,88.81000000,88.97000000,88.80000000,88.97000000,1025.87000000,88.967,89.022,88.967,89.022,7.668224759999999,,,,,
2022-03-05 09:41,89.02,89.07,88.98,89.07,592.992,88.97000000,89.05000000,88.94000000,89.05000000,1814.24000000,89.044,89.07,89.044,89.07,16.87915904,,,,,
2022-03-05 09:42,89.09,89.12,89.07,89.11,33.323,89.06000000,89.10000000,89.05000000,89.08000000,758.58000000,89.134,89.134,89.134,89.134,1.51192888,,,,,
2022-03-05 09:43,89.11,89.13,89.1,89.1,24.995,89.08000000,89.09000000,89.06000000,89.08000000,347.62000000,,,,,,,,,,
2022-03-05 09:44,89.12,89.13,89.09,89.12,15.006,89.08000000,89.08000000,89.07000000,89.08000000,130.99000000,89.178,89.178,89.15,89.15,4.52163231,,,,,
2022-03-05 09:45,89.15,89.15,88.91,88.96,909.927,89.08000000,89.13000000,88.86000000,88.93000000,3867.18000000,89.18,89.18,89.18,89.18,13.53,,,,,
2022-03-05 09:46,88.95,88.99,88.92,88.95,54.653,88.94000000,88.94000000,88.89000000,88.90000000,390.73000000,,,,,,,,,,
2022-03-05 09:47,88.93,88.98,88.93,88.95,3.06,88.90000000,88.94000000,88.89000000,88.91000000,394.34000000,88.977,88.977,88.977,88.977,0.03157738,,,,,
2022-03-05 09:48,88.91,88.95,88.83,88.87,101.574,88.91000000,88.91000000,88.80000000,88.86000000,705.90000000,,,,,,,,,,
2022-03-05 09:49,88.9,88.9,88.86,88.89,2.813,88.85000000,88.87000000,88.84000000,88.84000000,167.46000000,88.891,88.891,88.891,88.891,5.0,,,,,
2022-03-05 09:50,88.88,88.95,88.86,88.95,133.967,88.84000000,88.92000000,88.82000000,88.91000000,633.57000000,,,,,,,,,,
2022-03-05 09:51,88.96,88.97,88.91,88.92,97.289,88.91000000,88.94000000,88.87000000,88.87000000,329.08000000,,,,,,,,,,
2022-03-05 09:52,88.89,88.97,88.89,88.94,62.153,88.86000000,88.93000000,88.86000000,88.92000000,182.24000000,88.98,88.98,88.98,88.98,0.893,,,,,
2022-03-05 09:53,88.95,89.06,88.95,89.06,26.998,88.91000000,89.04000000,88.91000000,89.03000000,330.98000000,89.097,89.112,89.097,89.112,1.62381448,,,,,
2022-03-05 09:54,89.09,89.1,88.9,88.9,224.533,89.03000000,89.06000000,88.86000000,88.88000000,639.79000000,,,,,,,,,,
2022-03-05 09:55,88.92,89.01,88.91,88.98,69.343,88.90000000,88.97000000,88.89000000,88.96000000,270.80000000,89.006,89.006,89.006,89.006,0.5,,,,,
2022-03-05 09:56,88.99,89.0,88.9,88.93,122.34,88.96000000,88.97000000,88.87000000,88.90000000,432.67000000,89.03,89.03,88.948,88.948,5.05615739,,,,,
2022-03-05 09:57,88.94,88.98,88.9,88.98,49.31,88.89000000,88.95000000,88.87000000,88.95000000,238.40000000,89.0,89.0,89.0,89.0,1.53,,,,,
2022-03-05 09:58,88.99,88.99,88.94,88.98,73.113,88.95000000,88.96000000,88.92000000,88.93000000,428.39000000,,,,,,,,,,
2022-03-05 09:59,88.95,88.98,88.91,88.94,134.458,88.93000000,88.94000000,88.90000000,88.93000000,405.60000000,,,,,,,,,,
2022-03-05 10:00,88.94,88.99,88.93,88.98,33.962,88.93000000,88.99000000,88.92000000,88.97000000,412.08000000,89.017,89.017,89.017,89.017,1.53,,,,,
