time,COINBASE:open,COINBASE:high,COINBASE:low,COINBASE:close,COINBASE:volume,BINANCE:open,BINANCE:high,BINANCE:low,BINANCE:close,BINANCE:volume,BITFINEX:open,BITFINEX:high,BITFINEX:low,BITFINEX:close,BITFINEX:volume,KRAKEN:open,KRAKEN:high,KRAKEN:low,KRAKEN:close,KRAKEN:volume
2022-03-04 10:00,14.38,14.4,14.38,14.39,33.36,14.37000000,14.39000000,14.37000000,14.39000000,1952.63000000,14.409,14.409,14.409,14.409,0.39097914,,,,,
2022-03-04 10:01,14.39,14.39,14.37,14.37,274.05,14.39000000,14.39000000,14.37000000,14.39000000,1487.98000000,14.401,14.401,14.386,14.396,0.88403894,,,,,
2022-03-04 10:02,14.38,14.4,14.38,14.4,613.31,14.39000000,14.40000000,14.36000000,14.40000000,1893.66000000,14.388,14.393,14.388,14.393,0.5538616199999999,,,,,
2022-03-04 10:03,14.41,14.41,14.41,14.41,45.5,14.40000000,14.42000000,14.39000000,14.42000000,630.76000000,14.403,14.42,14.403,14.42,0.60214634,,,,,
2022-03-04 10:04,14.41,14.42,14.4,14.41,467.17,14.42000000,14.42000000,14.41000000,14.42000000,1673.76000000,,,,,,,,,,
2022-03-04 10:05,14.41,14.43,14.41,14.43,283.94,14.42000000,14.42000000,14.40000000,14.42000000,553.25000000,,,,,,,,,,
2022-03-04 10:06,14.43,14.43,14.43,14.43,0.1,14.42000000,14.43000000,14.41000000,14.43000000,448.70000000,,,,,,,,,,
2022-03-04 10:07,14.43,14.43,14.43,14.43,28.88,14.42000000,14.44000000,14.42000000,14.42000000,2154.36000000,,,,,,,,,,
2022-03-04 10:08,14.42,14.43,14.41,14.41,36.73,14.42000000,14.43000000,14.42000000,14.42000000,1319.25000000,,,,,,,,,,
2022-03-04 10:09,,,,,,14.42000000,14.42000000,14.41000000,14.42000000,731.81000000,,,,,,14.4181,14.4181,14.4181,14.4181,4.1739052
2022-03-04 10:10,14.42,14.43,14.41,14.43,383.86,14.42000000,14.43000000,14.41000000,14.43000000,1974.09000000,14.422,14.448,14.422,14.448,38.09058615,,,,,0.0
2022-03-04 10:11,14.44,14.46,14.44,14.45,1082.26,14.44000000,14.46000000,14.44000000,14.45000000,1732.58000000,14.436,14.47,14.436,14.47,0.87554978,14.4368,14.4368,14.4368,14.4368,2.44287376
2022-03-04 10:12,14.45,14.47,14.45,14.47,2159.45,14.45000000,14.46000000,14.45000000,14.46000000,1581.36000000,14.45,14.468,14.45,14.451,0.95851901,14.44922,14.44922,14.44922,14.44922,6.9551341
2022-03-04 10:13,14.46,14.47,14.46,14.46,1009.69,14.45000000,14.47000000,14.45000000,14.46000000,294.41000000,14.467,14.467,14.467,14.467,0.21983136,14.44982,14.44982,14.44982,14.44982,42.04124905
2022-03-04 10:14,14.47,14.47,14.47,14.47,64.35,14.47000000,14.47000000,14.46000000,14.46000000,1436.14000000,,,,,,,,,,0.0
2022-03-04 10:15,14.46,14.47,14.46,14.46,1126.86,14.46000000,14.47000000,14.45000000,14.46000000,2382.84000000,14.467,14.467,14.467,14.467,37.81798055,14.46133,14.46133,14.46133,14.46133,2.848503
2022-03-04 10:16,14.46,14.47,14.46,14.47,275.0,14.46000000,14.47000000,14.46000000,14.47000000,11276.88000000,14.486,14.486,14.486,14.486,0.28177834,14.46323,14.4681,14.46323,14.4681,5.50761887
2022-03-04 10:17,14.47,14.47,14.46,14.46,26.14,14.47000000,14.48000000,14.46000000,14.47000000,6565.29000000,,,,,,,,,,0.0
2022-03-04 10:18,14.47,14.47,14.46,14.46,330.87,14.47000000,14.48000000,14.46000000,14.47000000,3313.48000000,,,,,,,,,,0.0
2022-03-04 10:19,14.47,14.47,14.46,14.46,11.99,14.46000000,14.46000000,14.46000000,14.46000000,1138.46000000,14.466,14.466,14.466,14.466,0.34699617,,,,,0.0
2022-03-04 10:20,14.46,14.47,14.46,14.47,345.29,14.45000000,14.47000000,14.45000000,14.47000000,2024.31000000,,,,,,,,,,0.0
2022-03-04 10:21,14.46,14.47,14.46,14.46,490.7,14.47000000,14.47000000,14.46000000,14.46000000,5740.24000000,14.482,14.482,14.482,14.482,0.36616322,,,,,0.0
2022-03-04 10:22,14.46,14.47,14.43,14.43,1065.21,14.47000000,14.47000000,14.43000000,14.43000000,17619.13000000,14.467,14.467,14.447,14.447,123.16717577,,,,,0.0
2022-03-04 10:23,14.42,14.43,14.42,14.42,1049.22,14.43000000,14.44000000,14.41000000,14.43000000,5842.01000000,,,,,,,,,,0.0
2022-03-04 10:24,14.42,14.44,14.42,14.43,448.55,14.43000000,14.44000000,14.43000000,14.44000000,417.99000000,,,,,,,,,,0.0
2022-03-04 10:25,14.44,14.45,14.44,14.44,665.33,14.43000000,14.45000000,14.43000000,14.45000000,1387.66000000,,,,,,,,,,0.0
2022-03-04 10:26,14.44,14.45,14.44,14.44,53.44,14.44000000,14.46000000,14.44000000,14.45000000,3870.91000000,,,,,,,,,,0.0
2022-03-04 10:27,14.45,14.45,14.45,14.45,519.8,14.44000000,14.45000000,14.44000000,14.45000000,965.08000000,,,,,,14.44711,14.44711,14.44711,14.44711,3.80698977
2022-03-04 10:28,14.46,14.48,14.46,14.48,300.08,14.46000000,14.48000000,14.46000000,14.47000000,1723.57000000,14.469,14.471,14.469,14.471,0.60712113,,,,,0.0
2022-03-04 10:29,14.49,14.49,14.49,14.49,2433.46,14.48000000,14.50000000,14.47000000,14.49000000,4058.94000000,14.491,14.491,14.491,14.491,0.27450211,14.46941,14.47626,14.46941,14.47626,10.47070969
2022-03-04 10:30,14.48,14.48,14.47,14.47,37.78,14.48000000,14.49000000,14.47000000,14.47000000,538.70000000,,,,,,,,,,0.0
2022-03-04 10:31,14.47,14.48,14.47,14.48,62.96,14.47000000,14.48000000,14.47000000,14.47000000,76.91000000,,,,,,,,,,0.0
2022-03-04 10:32,14.48,14.48,14.47,14.47,268.76,14.48000000,14.48000000,14.46000000,14.46000000,4535.41000000,14.481,14.481,14.481,14.481,0.24836961,,,,,0.0
2022-03-04 10:33,14.47,14.51,14.46,14.51,2569.88,14.47000000,14.52000000,14.46000000,14.51000000,20303.71000000,14.496,14.514,14.496,14.514,188.18798061,14.48851,14.49543,14.48851,14.49543,13.1567093
2022-03-04 10:34,14.5,14.5,14.48,14.49,95.57,14.51000000,14.51000000,14.48000000,14.49000000,3576.56000000,14.515,14.515,14.481,14.481,15.79032868,14.49089,14.49089,14.49089,14.49089,4.0
2022-03-04 10:35,14.48,14.5,14.48,14.49,450.67,14.49000000,14.50000000,14.48000000,14.50000000,1795.78000000,14.501,14.501,14.501,14.501,0.30862262,,,,,0.0
2022-03-04 10:36,14.5,14.51,14.5,14.51,75.66,14.50000000,14.52000000,14.49000000,14.51000000,9050.64000000,14.509,14.509,14.509,14.509,0.30033607,14.49896,14.49896,14.49896,14.49896,1.69439863
2022-03-04 10:37,14.51,14.52,14.51,14.51,317.54,14.51000000,14.53000000,14.51000000,14.52000000,1746.74000000,14.52,14.52,14.52,14.52,0.24658175,14.50277,14.50839,14.50277,14.50839,14.653770860000002
2022-03-04 10:38,14.51,14.51,14.5,14.5,314.89,14.52000000,14.52000000,14.51000000,14.51000000,671.74000000,,,,,,,,,,0.0
2022-03-04 10:39,14.51,14.51,14.49,14.49,238.06,14.51000000,14.51000000,14.50000000,14.50000000,1481.43000000,,,,,,,,,,0.0
2022-03-04 10:40,14.5,14.5,14.5,14.5,229.49,14.50000000,14.52000000,14.50000000,14.51000000,567.39000000,14.514,14.514,14.514,14.514,0.32027009,14.50753,14.50753,14.50753,14.50753,34.5
2022-03-04 10:41,14.5,14.51,14.5,14.51,183.69,14.51000000,14.51000000,14.50000000,14.51000000,687.59000000,14.516,14.516,14.516,14.516,0.26328196,14.50616,14.50616,14.50616,14.50616,3.39587
2022-03-04 10:42,14.51,14.52,14.51,14.51,177.24,14.51000000,14.54000000,14.51000000,14.52000000,6375.95000000,14.515,14.529,14.515,14.529,47.84233154,14.50894,14.50894,14.50894,14.50894,125.92389563
2022-03-04 10:43,14.51,14.51,14.51,14.51,223.67,14.51000000,14.52000000,14.51000000,14.52000000,2690.20000000,,,,,,,,,,0.0
2022-03-04 10:44,14.52,14.52,14.5,14.51,491.93,14.52000000,14.53000000,14.50000000,14.51000000,2205.56000000,14.528,14.528,14.528,14.528,79.0,14.51836,14.51836,14.51836,14.51836,3.99999999
2022-03-04 10:45,14.51,14.52,14.49,14.49,883.42,14.51000000,14.52000000,14.50000000,14.51000000,1747.02000000,14.505,14.505,14.505,14.505,0.23886234,,,,,0.0
2022-03-04 10:46,,,,,,14.51000000,14.51000000,14.49000000,14.49000000,1685.38000000,,,,,,,,,,0.0
2022-03-04 10:47,14.5,14.5,14.5,14.5,545.15,14.49000000,14.51000000,14.49000000,14.50000000,1041.25000000,14.505,14.505,14.505,14.505,37.280902170000005,,,,,0.0
2022-03-04 10:48,14.49,14.5,14.49,14.49,507.53,14.50000000,14.50000000,14.49000000,14.49000000,602.26000000,,,,,,,,,,0.0
2022-03-04 10:49,14.49,14.5,14.48,14.5,143.12,14.49000000,14.50000000,14.48000000,14.49000000,1044.72000000,,,,,,14.48918,14.48918,14.48918,14.48918,10.0
2022-03-04 10:50,14.49,14.49,14.48,14.49,286.33,14.49000000,14.50000000,14.47000000,14.48000000,1414.40000000,14.499,14.499,14.499,14.499,11.222,,,,,0.0
2022-03-04 10:51,14.48,14.51,14.48,14.51,768.04,14.49000000,14.51000000,14.47000000,14.51000000,5875.68000000,14.52,14.52,14.52,14.52,0.24404746,,,,,0.0
2022-03-04 10:52,14.51,14.51,14.51,14.51,242.1,14.51000000,14.51000000,14.51000000,14.51000000,1127.40000000,,,,,,,,,,0.0
2022-03-04 10:53,14.51,14.51,14.51,14.51,223.08,14.51000000,14.52000000,14.50000000,14.51000000,768.67000000,,,,,,14.50928,14.50928,14.50928,14.50928,36.59183636
2022-03-04 10:54,14.5,14.5,14.5,14.5,203.0,14.51000000,14.51000000,14.49000000,14.50000000,782.76000000,14.509,14.509,14.509,14.509,37.1493,,,,,0.0
2022-03-04 10:55,14.49,14.49,14.47,14.47,2144.26,14.49000000,14.49000000,14.46000000,14.47000000,2376.63000000,14.5,14.5,14.479,14.479,42.97159285,,,,,0.0
2022-03-04 10:56,14.47,14.48,14.47,14.48,829.91,14.48000000,14.48000000,14.47000000,14.48000000,286.72000000,,,,,,,,,,0.0
2022-03-04 10:57,14.47,14.48,14.47,14.47,383.21,14.47000000,14.48000000,14.46000000,14.46000000,444.20000000,,,,,,,,,,0.0
2022-03-04 10:58,14.47,14.48,14.46,14.48,170.99,14.46000000,14.48000000,14.46000000,14.47000000,191.87000000,,,,,,,,,,0.0
2022-03-04 10:59,,,,,,14.48000000,14.48000000,14.47000000,14.47000000,45.42000000,,,,,,,,,,0.0
2022-03-04 11:00,14.48,14.49,14.48,14.49,24.44,14.47000000,14.49000000,14.47000000,14.49000000,883.82000000,14.488,14.488,14.488,14.488,0.35907144,,,,,0.0
2022-03-04 11:01,14.49,14.49,14.46,14.47,310.58,14.49000000,14.49000000,14.46000000,14.48000000,2545.34000000,14.487,14.487,14.487,14.487,37.78074975,14.48026,14.48026,14.48026,14.48026,1.31123
2022-03-04 11:02,14.48,14.48,14.45,14.45,604.45,14.48000000,14.48000000,14.44000000,14.44000000,2310.88000000,14.469,14.469,14.469,14.469,37.6209,,,,,0.0
2022-03-04 11:03,14.44,14.46,14.44,14.46,216.15,14.44000000,14.45000000,14.44000000,14.45000000,2004.15000000,14.454,14.454,14.454,14.454,0.24132928,,,,,0.0
2022-03-04 11:04,14.46,14.48,14.46,14.48,1064.5,14.45000000,14.48000000,14.45000000,14.48000000,2272.30000000,14.47,14.48,14.47,14.48,10.30577625,,,,,0.0
2022-03-04 11:05,14.48,14.49,14.48,14.49,238.24,14.48000000,14.49000000,14.48000000,14.49000000,733.86000000,,,,,,,,,,0.0
2022-03-04 11:06,14.49,14.49,14.48,14.49,202.19,14.48000000,14.49000000,14.48000000,14.49000000,696.30000000,,,,,,,,,,0.0
2022-03-04 11:07,14.49,14.49,14.47,14.47,543.65,14.49000000,14.49000000,14.46000000,14.48000000,2698.87000000,14.487,14.487,14.487,14.487,86.55646067,,,,,0.0
2022-03-04 11:08,14.47,14.47,14.46,14.46,202.82,14.48000000,14.48000000,14.46000000,14.46000000,1005.24000000,14.471,14.471,14.471,14.471,37.3992,,,,,0.0
2022-03-04 11:09,14.47,14.47,14.46,14.46,66.72,14.46000000,14.47000000,14.46000000,14.46000000,552.12000000,,,,,,,,,,0.0
2022-03-04 11:10,14.46,14.47,14.46,14.47,267.14,14.46000000,14.47000000,14.45000000,14.47000000,1218.32000000,14.47,14.47,14.47,14.47,8.8489,,,,,0.0
2022-03-04 11:11,14.47,14.48,14.47,14.48,36.3,14.48000000,14.48000000,14.47000000,14.48000000,200.76000000,14.487,14.487,14.487,14.487,0.30746567,,,,,0.0
2022-03-04 11:12,14.47,14.49,14.47,14.48,281.77,14.48000000,14.49000000,14.47000000,14.47000000,1035.23000000,,,,,,,,,,0.0
2022-03-04 11:13,14.48,14.48,14.47,14.47,21.66,14.48000000,14.48000000,14.47000000,14.48000000,361.60000000,,,,,,,,,,0.0
2022-03-04 11:14,,,,,,14.48000000,14.48000000,14.47000000,14.48000000,344.03000000,,,,,,,,,,0.0
2022-03-04 11:15,14.48,14.49,14.47,14.48,251.69,14.48000000,14.49000000,14.47000000,14.48000000,1353.99000000,,,,,,,,,,0.0
2022-03-04 11:16,14.49,14.49,14.48,14.48,11.45,14.48000000,14.49000000,14.48000000,14.49000000,2389.35000000,,,,,,,,,,0.0
2022-03-04 11:17,14.49,14.49,14.49,14.49,38.27,14.49000000,14.49000000,14.49000000,14.49000000,77.02000000,,,,,,,,,,0.0
2022-03-04 11:18,14.49,14.5,14.49,14.5,345.23,14.48000000,14.51000000,14.48000000,14.50000000,1531.16000000,14.509,14.52,14.509,14.52,0.52645009,,,,,0.0
2022-03-04 11:19,14.49,14.51,14.49,14.51,23.25,14.50000000,14.51000000,14.49000000,14.49000000,793.51000000,14.509,14.509,14.509,14.509,0.09195412,,,,,0.0
2022-03-04 11:20,14.5,14.5,14.5,14.5,15.39,14.50000000,14.51000000,14.49000000,14.51000000,1574.34000000,14.509,14.509,14.509,14.509,0.25876896,,,,,0.0
2022-03-04 11:21,,,,,,14.51000000,14.51000000,14.49000000,14.49000000,634.76000000,,,,,,,,,,0.0
2022-03-04 11:22,14.49,14.5,14.48,14.5,1612.29,14.50000000,14.50000000,14.48000000,14.48000000,690.83000000,14.488,14.488,14.488,14.488,0.36882354,,,,,0.0
2022-03-04 11:23,14.5,14.52,14.5,14.52,530.56,14.49000000,14.53000000,14.49000000,14.52000000,2661.30000000,14.489,14.518,14.489,14.518,0.64974059,,,,,0.0
2022-03-04 11:24,14.52,14.53,14.52,14.53,5031.64,14.52000000,14.53000000,14.51000000,14.53000000,2323.01000000,,,,,,,,,,0.0
2022-03-04 11:25,14.52,14.52,14.52,14.52,675.7,14.53000000,14.53000000,14.51000000,14.53000000,2586.47000000,14.538,14.538,14.538,14.538,0.26809748,,,,,0.0
2022-03-04 11:26,14.52,14.53,14.52,14.53,70.73,14.52000000,14.53000000,14.51000000,14.53000000,1027.97000000,,,,,,,,,,0.0
2022-03-04 11:27,14.53,14.53,14.52,14.52,439.76,14.53000000,14.53000000,14.51000000,14.51000000,2730.78000000,,,,,,,,,,0.0
2022-03-04 11:28,,,,,,14.52000000,14.52000000,14.51000000,14.52000000,379.05000000,14.519,14.519,14.519,14.519,0.99,,,,,0.0
2022-03-04 11:29,14.52,14.53,14.52,14.52,253.14,14.52000000,14.53000000,14.52000000,14.52000000,954.86000000,14.539,14.539,14.539,14.539,0.278355,,,,,0.0
2022-03-04 11:30,14.53,14.53,14.52,14.52,322.27,14.53000000,14.53000000,14.52000000,14.53000000,76.08000000,,,,,,,,,,0.0
2022-03-04 11:31,14.52,14.52,14.5,14.5,379.55,14.52000000,14.53000000,14.50000000,14.51000000,2568.02000000,14.518,14.518,14.518,14.518,0.31225713,14.51891,14.51891,14.51891,14.51891,4.0
2022-03-04 11:32,14.5,14.52,14.5,14.52,105.22,14.50000000,14.52000000,14.50000000,14.52000000,531.58000000,14.52,14.52,14.52,14.52,0.27892924,,,,,0.0
2022-03-04 11:33,14.52,14.53,14.52,14.53,74.78,14.52000000,14.53000000,14.51000000,14.53000000,478.06000000,14.54,14.54,14.54,14.54,0.36973165,,,,,0.0
2022-03-04 11:34,14.53,14.53,14.52,14.53,140.75,14.53000000,14.53000000,14.52000000,14.52000000,897.03000000,,,,,,,,,,0.0
2022-03-04 11:35,14.51,14.52,14.51,14.52,88.74,14.53000000,14.54000000,14.50000000,14.52000000,2214.05000000,14.525,14.525,14.525,14.525,0.3317826,14.52149,14.52149,14.51701,14.51701,131.64401849
2022-03-04 11:36,14.52,14.53,14.52,14.53,266.27,14.52000000,14.53000000,14.52000000,14.53000000,1083.19000000,14.541,14.541,14.541,14.541,0.22787284,,,,,0.0
2022-03-04 11:37,14.53,14.53,14.52,14.52,768.14,14.52000000,14.53000000,14.51000000,14.53000000,2391.71000000,14.531,14.531,14.531,14.531,5.4115,,,,,0.0
2022-03-04 11:38,14.52,14.52,14.52,14.52,30.83,14.53000000,14.53000000,14.51000000,14.51000000,1297.87000000,,,,,,,,,,0.0
2022-03-04 11:39,14.52,14.52,14.52,14.52,55.42,14.52000000,14.53000000,14.51000000,14.53000000,319.83000000,,,,,,,,,,0.0
2022-03-04 11:40,14.53,14.53,14.53,14.53,95.08,14.52000000,14.53000000,14.52000000,14.52000000,300.29000000,,,,,,,,,,0.0
2022-03-04 11:41,14.54,14.54,14.54,14.54,1.79,14.53000000,14.54000000,14.53000000,14.53000000,583.24000000,,,,,,14.52274,14.52274,14.52274,14.52274,6.9199219
2022-03-04 11:42,14.54,14.55,14.54,14.54,1031.43,14.54000000,14.55000000,14.53000000,14.55000000,884.21000000,14.548,14.548,14.548,14.548,0.29167368,14.53533,14.53533,14.53533,14.53533,2.16851834
2022-03-04 11:43,14.55,14.56,14.55,14.55,399.3,14.54000000,14.56000000,14.54000000,14.56000000,2029.73000000,14.571,14.571,14.571,14.571,0.34084193,14.53988,14.53988,14.53988,14.53988,2.16799204
2022-03-04 11:44,14.54,14.54,14.51,14.51,1327.58,14.55000000,14.55000000,14.51000000,14.52000000,5308.37000000,14.548,14.548,14.542,14.542,47.8384,,,,,0.0
2022-03-04 11:45,14.5,14.51,14.5,14.5,257.17,14.52000000,14.52000000,14.49000000,14.51000000,2032.10000000,14.524,14.524,14.524,14.524,37.22409607,14.50215,14.50563,14.50215,14.50563,300.0
2022-03-04 11:46,14.51,14.51,14.5,14.5,49.78,14.51000000,14.51000000,14.50000000,14.51000000,589.87000000,,,,,,,,,,0.0
2022-03-04 11:47,14.5,14.52,14.5,14.52,811.71,14.51000000,14.52000000,14.50000000,14.52000000,1460.41000000,,,,,,,,,,0.0
2022-03-04 11:48,14.52,14.55,14.52,14.55,787.36,14.52000000,14.54000000,14.52000000,14.54000000,2590.49000000,14.545,14.545,14.545,14.545,0.35127556,14.53634,14.53634,14.53634,14.53634,1.5
2022-03-04 11:49,14.55,14.55,14.53,14.53,940.95,14.54000000,14.56000000,14.54000000,14.54000000,1008.50000000,14.554,14.557,14.554,14.557,43.72084773,14.54102,14.54102,14.54102,14.54102,6.9448309
2022-03-04 11:50,14.53,14.54,14.53,14.54,760.07,14.55000000,14.55000000,14.53000000,14.54000000,1587.55000000,,,,,,,,,,0.0
2022-03-04 11:51,14.55,14.55,14.53,14.53,145.36,14.55000000,14.55000000,14.54000000,14.55000000,1317.15000000,,,,,,,,,,0.0
2022-03-04 11:52,14.54,14.55,14.54,14.54,158.74,14.55000000,14.56000000,14.54000000,14.56000000,236.28000000,,,,,,14.54244,14.55559,14.54244,14.5549,75.49957173
2022-03-04 11:53,14.55,14.6,14.55,14.6,15210.86,14.56000000,14.60000000,14.56000000,14.59000000,8625.89000000,14.576,14.577,14.576,14.577,1.85793519,14.56091,14.58379,14.56091,14.58379,322.7925941
2022-03-04 11:54,14.6,14.6,14.59,14.59,22.97,14.59000000,14.60000000,14.59000000,14.59000000,4564.76000000,,,,,,,,,,0.0
2022-03-04 11:55,14.59,14.6,14.56,14.6,2034.98,14.60000000,14.60000000,14.56000000,14.60000000,2870.98000000,14.591,14.591,14.591,14.591,0.35067692,,,,,0.0
2022-03-04 11:56,14.57,14.57,14.57,14.57,287.48,14.60000000,14.60000000,14.56000000,14.56000000,787.98000000,,,,,,14.57753,14.57753,14.57753,14.57753,4.0
2022-03-04 11:57,14.57,14.58,14.57,14.57,654.29,14.57000000,14.58000000,14.56000000,14.58000000,1868.44000000,14.587,14.587,14.587,14.587,3.5,,,,,0.0
2022-03-04 11:58,14.57,14.58,14.5,14.52,7168.94,14.57000000,14.57000000,14.50000000,14.53000000,11298.00000000,14.576,14.576,14.52,14.52,119.996594,,,,,0.0
2022-03-04 11:59,14.52,14.53,14.51,14.52,986.99,14.53000000,14.53000000,14.51000000,14.53000000,2376.20000000,14.514,14.542,14.514,14.542,8.85096505,,,,,0.0
2022-03-04 12:00,14.52,14.55,14.52,14.53,1114.79,14.53000000,14.56000000,14.53000000,14.53000000,2770.10000000,14.535,14.559,14.535,14.543,0.86638177,14.54837,14.54837,14.54837,14.54837,0.43677
2022-03-04 12:01,14.53,14.54,14.53,14.53,603.53,14.54000000,14.54000000,14.53000000,14.54000000,937.10000000,14.534,14.534,14.534,14.534,0.21098528,,,,,0.0
2022-03-04 12:02,14.54,14.54,14.52,14.52,192.44,14.54000000,14.54000000,14.53000000,14.54000000,1471.46000000,14.554,14.554,14.554,14.554,0.20947469,,,,,0.0
2022-03-04 12:03,14.52,14.54,14.52,14.54,797.08,14.54000000,14.54000000,14.52000000,14.53000000,1757.72000000,14.539,14.539,14.539,14.539,0.20316607,14.53127,14.5368,14.53072,14.5368,178.85650492000002
2022-03-04 12:04,14.54,14.56,14.54,14.56,340.01,14.54000000,14.56000000,14.54000000,14.56000000,1107.43000000,14.557,14.557,14.557,14.557,0.28695754,,,,,0.0
2022-03-04 12:05,14.56,14.57,14.55,14.55,192.23,14.56000000,14.57000000,14.55000000,14.56000000,1060.54000000,14.578,14.578,14.578,14.578,0.30032038,,,,,0.0
2022-03-04 12:06,14.55,14.56,14.53,14.56,576.25,14.56000000,14.56000000,14.53000000,14.55000000,1756.39000000,14.555,14.555,14.555,14.555,0.56975194,14.55477,14.55477,14.55477,14.55477,219.73461372
2022-03-04 12:07,14.55,14.55,14.52,14.52,5364.86,14.55000000,14.55000000,14.52000000,14.52000000,1793.30000000,14.548,14.548,14.548,14.548,0.32304918,,,,,0.0
2022-03-04 12:08,14.51,14.51,14.48,14.48,103.31,14.51000000,14.52000000,14.49000000,14.49000000,10282.29000000,14.533,14.533,14.518,14.518,0.6318669,14.51601,14.51601,14.51601,14.51601,2.837699
2022-03-04 12:09,14.48,14.49,14.45,14.45,831.25,14.49000000,14.49000000,14.44000000,14.45000000,5646.02000000,14.502,14.502,14.466,14.466,115.24793106999999,14.46175,14.46175,14.45944,14.45944,11.0488
2022-03-04 12:10,14.45,14.46,14.45,14.46,16.26,14.45000000,14.46000000,14.45000000,14.45000000,897.96000000,,,,,,,,,,0.0
2022-03-04 12:11,14.45,14.47,14.43,14.43,942.18,14.45000000,14.47000000,14.43000000,14.43000000,1388.57000000,14.44,14.44,14.44,14.44,0.21092531,14.45944,14.45944,14.44842,14.44842,14.9665
2022-03-04 12:12,14.44,14.46,14.42,14.44,4003.74,14.44000000,14.47000000,14.44000000,14.45000000,4061.79000000,14.464,14.464,14.464,14.464,0.24942181,14.4599,14.4599,14.4599,14.4599,214.30594024
2022-03-04 12:13,14.45,14.47,14.45,14.47,119.29,14.44000000,14.47000000,14.44000000,14.47000000,776.32000000,,,,,,,,,,0.0
2022-03-04 12:14,14.47,14.48,14.47,14.47,209.1,14.47000000,14.48000000,14.46000000,14.46000000,1499.14000000,14.478,14.478,14.478,14.478,0.34672729,,,,,0.0
2022-03-04 12:15,14.47,14.48,14.47,14.47,9.99,14.46000000,14.47000000,14.46000000,14.47000000,1140.96000000,,,,,,,,,,0.0
2022-03-04 12:16,14.47,14.47,14.45,14.45,1010.54,14.47000000,14.48000000,14.46000000,14.46000000,1621.28000000,,,,,,14.46464,14.4679,14.46464,14.4679,730.0
2022-03-04 12:17,14.46,14.47,14.46,14.46,776.86,14.46000000,14.48000000,14.46000000,14.47000000,935.63000000,,,,,,14.47013,14.47013,14.4701,14.4701,199.0
2022-03-04 12:18,14.47,14.47,14.45,14.45,236.95,14.47000000,14.47000000,14.46000000,14.46000000,183.68000000,14.473,14.473,14.473,14.473,0.3,14.45822,14.45822,14.45822,14.45822,0.4
2022-03-04 12:19,14.47,14.48,14.47,14.48,618.63,14.46000000,14.49000000,14.45000000,14.48000000,2999.05000000,14.497,14.497,14.497,14.497,0.33340716,14.46712,14.46712,14.46712,14.46712,206.7818323
2022-03-04 12:20,14.47,14.48,14.47,14.48,3.05,14.48000000,14.48000000,14.46000000,14.48000000,875.62000000,14.47,14.488,14.47,14.488,0.45149995,,,,,0.0
2022-03-04 12:21,14.48,14.48,14.44,14.44,549.94,14.48000000,14.48000000,14.45000000,14.45000000,1972.83000000,14.466,14.466,14.466,14.466,0.26558628,14.4558,14.4558,14.4558,14.4558,25.92319976
2022-03-04 12:22,14.44,14.44,14.43,14.43,86.17,14.46000000,14.46000000,14.43000000,14.43000000,713.23000000,14.443,14.443,14.443,14.443,0.27593591,14.44842,14.44842,14.44249,14.44249,3.8121
2022-03-04 12:23,14.42,14.43,14.42,14.43,575.85,14.44000000,14.44000000,14.42000000,14.43000000,3489.32000000,14.439,14.439,14.426,14.426,306.10245177,14.44249,14.44249,14.44249,14.44249,0.00034407
2022-03-04 12:24,14.44,14.44,14.44,14.44,54.0,14.43000000,14.44000000,14.43000000,14.44000000,2203.72000000,14.451,14.451,14.451,14.451,0.36365473,,,,,0.0
2022-03-04 12:25,14.43,14.43,14.38,14.38,1240.58,14.43000000,14.43000000,14.38000000,14.38000000,6326.90000000,14.433,14.433,14.41,14.413,117.24031169000001,14.43032,14.43032,14.39313,14.39313,88.54737712
2022-03-04 12:26,14.4,14.4,14.39,14.39,2952.89,14.38000000,14.41000000,14.38000000,14.39000000,3854.80000000,,,,,,,,,,0.0
2022-03-04 12:27,14.38,14.39,14.38,14.39,2407.17,14.40000000,14.40000000,14.36000000,14.40000000,9728.89000000,14.397,14.407,14.387,14.407,20.30023533,14.39039,14.39039,14.36249,14.36556,82.33836819
2022-03-04 12:28,14.39,14.4,14.38,14.38,2246.8,14.40000000,14.40000000,14.37000000,14.38000000,3703.62000000,14.393,14.393,14.393,14.393,0.38602063,,,,,0.0
2022-03-04 12:29,14.39,14.4,14.38,14.38,647.45,14.39000000,14.41000000,14.38000000,14.38000000,10337.95000000,14.415,14.415,14.397,14.397,0.54470138,14.38486,14.38486,14.38486,14.38486,152.99807191
2022-03-04 12:30,14.38,14.41,14.38,14.4,5234.43,14.38000000,14.41000000,14.37000000,14.39000000,3875.34000000,14.385,14.407,14.385,14.407,0.6173239500000001,,,,,0.0
2022-03-04 12:31,14.39,14.4,14.38,14.38,2158.38,14.39000000,14.40000000,14.39000000,14.39000000,994.66000000,,,,,,14.39954,14.39954,14.39952,14.39952,54.56435142
2022-03-04 12:32,14.39,14.39,14.36,14.36,824.73,14.39000000,14.40000000,14.36000000,14.36000000,2646.79000000,14.391,14.391,14.391,14.391,0.35343371,14.3786,14.3786,14.3786,14.3786,7.8
2022-03-04 12:33,14.37,14.4,14.35,14.4,2029.6,14.37000000,14.38000000,14.34000000,14.38000000,4460.08000000,14.375,14.392,14.375,14.392,0.41736839000000003,,,,,0.0
2022-03-04 12:34,14.4,14.41,14.4,14.41,1350.5,14.38000000,14.42000000,14.38000000,14.41000000,4122.17000000,14.413,14.413,14.405,14.405,0.65335855,,,,,0.0
2022-03-04 12:35,14.42,14.44,14.41,14.43,570.76,14.41000000,14.44000000,14.41000000,14.44000000,1365.37000000,14.422,14.439,14.422,14.439,0.60607824,14.42798,14.42798,14.42798,14.42798,1.73446337
2022-03-04 12:36,14.44,14.46,14.44,14.45,667.13,14.44000000,14.46000000,14.44000000,14.44000000,1948.50000000,14.457,14.457,14.457,14.457,0.37277016,,,,,0.0
2022-03-04 12:37,14.44,14.46,14.44,14.46,919.87,14.44000000,14.46000000,14.44000000,14.46000000,701.67000000,,,,,,,,,,0.0
2022-03-04 12:38,14.46,14.46,14.46,14.46,475.47,14.45000000,14.46000000,14.45000000,14.46000000,1088.86000000,14.478,14.478,14.478,14.478,0.23666246,,,,,0.0
2022-03-04 12:39,14.45,14.49,14.45,14.49,545.67,14.46000000,14.50000000,14.46000000,14.50000000,5465.16000000,14.483,14.509,14.483,14.509,11.92163215,,,,,0.0
2022-03-04 12:40,14.49,14.54,14.49,14.53,3746.43,14.49000000,14.53000000,14.49000000,14.53000000,7124.41000000,14.532,14.546,14.528,14.528,10.55099718,14.4909,14.52148,14.4909,14.52148,25.01075746
2022-03-04 12:41,14.51,14.52,14.49,14.51,1763.91,14.53000000,14.53000000,14.49000000,14.51000000,6411.02000000,14.528,14.528,14.511,14.511,0.42318834,,,,,0.0
2022-03-04 12:42,14.51,14.51,14.49,14.5,1428.8,14.50000000,14.50000000,14.49000000,14.50000000,1359.45000000,14.511,14.511,14.511,14.511,0.42405183,,,,,0.0
2022-03-04 12:43,14.5,14.5,14.49,14.49,1552.53,14.50000000,14.51000000,14.49000000,14.49000000,1827.41000000,,,,,,14.49907,14.49907,14.49907,14.49907,2.08633605
2022-03-04 12:44,14.48,14.51,14.48,14.51,411.82,14.48000000,14.51000000,14.48000000,14.50000000,3945.62000000,,,,,,,,,,0.0
2022-03-04 12:45,14.51,14.51,14.5,14.51,369.15,14.50000000,14.52000000,14.50000000,14.52000000,701.41000000,14.53,14.53,14.53,14.53,0.22859041,14.50838,14.50838,14.50838,14.50838,15.537
2022-03-04 12:46,14.51,14.51,14.5,14.5,194.73,14.52000000,14.52000000,14.49000000,14.51000000,1237.23000000,14.507,14.507,14.507,14.507,0.29060593,14.50839,14.50839,14.50839,14.50839,2.43082099
2022-03-04 12:47,14.5,14.51,14.48,14.48,811.48,14.51000000,14.51000000,14.48000000,14.48000000,832.80000000,,,,,,,,,,0.0
2022-03-04 12:48,14.48,14.48,14.47,14.48,110.37,14.47000000,14.48000000,14.46000000,14.46000000,1407.60000000,14.49,14.49,14.49,14.49,0.33385471,,,,,0.0
2022-03-04 12:49,14.47,14.47,14.43,14.43,1557.54,14.46000000,14.48000000,14.46000000,14.46000000,1821.84000000,,,,,,14.46636,14.46636,14.46636,14.46636,3.25202946
2022-03-04 12:50,14.43,14.45,14.43,14.45,336.89,14.46000000,14.46000000,14.42000000,14.44000000,5354.06000000,14.47,14.47,14.456,14.456,246.57840000000002,,,,,0.0
2022-03-04 12:51,14.44,14.46,14.44,14.44,1186.94,14.44000000,14.45000000,14.44000000,14.45000000,2773.94000000,,,,,,,,,,0.0
2022-03-04 12:52,14.44,14.45,14.43,14.45,679.39,14.45000000,14.45000000,14.43000000,14.44000000,3815.64000000,,,,,,,,,,0.0
2022-03-04 12:53,14.46,14.46,14.44,14.44,139.08,14.45000000,14.46000000,14.44000000,14.44000000,2286.78000000,,,,,,,,,,0.0
2022-03-04 12:54,14.45,14.46,14.44,14.46,94.49,14.44000000,14.45000000,14.43000000,14.44000000,1070.03000000,,,,,,,,,,0.0
2022-03-04 12:55,14.46,14.47,14.44,14.44,762.52,14.45000000,14.47000000,14.44000000,14.44000000,2351.85000000,14.479,14.479,14.469,14.469,0.6019406,14.44915,14.44915,14.44915,14.44915,4.0
2022-03-04 12:56,14.43,14.43,14.38,14.4,1319.52,14.43000000,14.44000000,14.38000000,14.40000000,3060.15000000,14.447,14.447,14.413,14.413,39.268630689999995,,,,,0.0
2022-03-04 12:57,14.41,14.41,14.4,14.4,469.73,14.40000000,14.41000000,14.39000000,14.40000000,1416.43000000,14.423,14.423,14.423,14.423,0.38573176,,,,,0.0
2022-03-04 12:58,14.41,14.41,14.39,14.4,594.97,14.39000000,14.41000000,14.39000000,14.39000000,4906.49000000,14.411,14.411,14.411,14.411,37.600300000000004,,,,,0.0
2022-03-04 12:59,14.41,14.45,14.41,14.44,181.09,14.39000000,14.45000000,14.39000000,14.45000000,1323.76000000,14.433,14.448,14.433,14.448,0.68003959,,,,,0.0
2022-03-04 13:00,14.45,14.46,14.43,14.43,1812.29,14.44000000,14.46000000,14.42000000,14.42000000,1805.10000000,14.471,14.471,14.452,14.452,0.51003691,14.43105,14.43105,14.43105,14.43105,10.0
2022-03-04 13:01,14.44,14.44,14.38,14.39,2093.85,14.43000000,14.44000000,14.38000000,14.39000000,1355.66000000,14.44,14.44,14.385,14.385,1.0113922,,,,,0.0
2022-03-04 13:02,14.38,14.41,14.38,14.41,1648.64,14.38000000,14.41000000,14.37000000,14.40000000,2081.27000000,14.405,14.405,14.405,14.405,0.38783906,14.39039,14.39039,14.39039,14.39039,2.43082099
2022-03-04 13:03,14.42,14.43,14.39,14.4,472.1,14.41000000,14.41000000,14.39000000,14.39000000,1948.52000000,14.411,14.411,14.411,14.411,100.0,,,,,0.0
2022-03-04 13:04,14.4,14.4,14.38,14.38,773.66,14.39000000,14.40000000,14.38000000,14.39000000,1183.65000000,,,,,,,,,,0.0
2022-03-04 13:05,14.4,14.41,14.39,14.39,678.01,14.38000000,14.40000000,14.38000000,14.39000000,1777.52000000,14.392,14.418,14.392,14.401,0.81076148,,,,,0.0
2022-03-04 13:06,14.39,14.43,14.39,14.41,1105.46,14.39000000,14.42000000,14.39000000,14.41000000,2779.74000000,14.42,14.42,14.416,14.416,0.61910086,,,,,0.0
2022-03-04 13:07,14.42,14.44,14.42,14.43,1462.66,14.42000000,14.43000000,14.41000000,14.42000000,1050.70000000,14.435,14.435,14.435,14.435,0.21880124,,,,,0.0
2022-03-04 13:08,14.42,14.44,14.42,14.44,505.27,14.43000000,14.43000000,14.41000000,14.42000000,1519.89000000,,,,,,14.43074,14.43074,14.43074,14.43074,4.0
2022-03-04 13:09,14.42,14.42,14.41,14.41,217.59,14.41000000,14.42000000,14.41000000,14.41000000,342.73000000,,,,,,,,,,0.0
2022-03-04 13:10,14.41,14.42,14.41,14.42,180.97,14.42000000,14.42000000,14.40000000,14.40000000,955.17000000,,,,,,,,,,0.0
2022-03-04 13:11,14.41,14.44,14.41,14.44,859.88,14.41000000,14.44000000,14.40000000,14.43000000,1111.49000000,14.412,14.433,14.412,14.433,0.52458763,,,,,0.0
2022-03-04 13:12,14.43,14.44,14.43,14.43,852.45,14.43000000,14.44000000,14.43000000,14.43000000,256.11000000,,,,,,,,,,0.0
2022-03-04 13:13,14.42,14.43,14.41,14.41,644.0,14.42000000,14.43000000,14.40000000,14.41000000,2118.89000000,14.421,14.421,14.421,14.421,0.23470678,,,,,0.0
2022-03-04 13:14,14.4,14.4,14.37,14.37,1210.67,14.40000000,14.40000000,14.36000000,14.37000000,2023.87000000,14.407,14.407,14.389,14.389,2.04792137,14.39537,14.39537,14.38104,14.38104,15.65401799
2022-03-04 13:15,14.39,14.42,14.39,14.41,603.16,14.37000000,14.43000000,14.37000000,14.41000000,3792.04000000,14.416,14.42,14.416,14.42,0.61186117,,,,,0.0
2022-03-04 13:16,14.41,14.43,14.41,14.43,465.92,14.41000000,14.42000000,14.41000000,14.41000000,2000.05000000,,,,,,,,,,0.0
2022-03-04 13:17,14.43,14.43,14.4,14.41,881.1,14.41000000,14.41000000,14.40000000,14.40000000,1831.19000000,,,,,,,,,,0.0
2022-03-04 13:18,14.4,14.41,14.39,14.4,366.42,14.39000000,14.40000000,14.38000000,14.39000000,1481.17000000,14.404,14.415,14.404,14.415,0.56503039,14.39307,14.39307,14.38545,14.38552,3972.35029546
2022-03-04 13:19,14.39,14.39,14.38,14.39,613.14,14.39000000,14.40000000,14.38000000,14.38000000,1927.62000000,14.391,14.391,14.391,14.391,0.3913502,,,,,0.0
2022-03-04 13:20,14.4,14.4,14.39,14.39,4.11,14.38000000,14.39000000,14.38000000,14.38000000,585.67000000,,,,,,,,,,0.0
2022-03-04 13:21,14.39,14.4,14.38,14.39,2557.58,14.38000000,14.39000000,14.38000000,14.39000000,2395.84000000,,,,,,14.38618,14.38618,14.38618,14.38618,1.3705
2022-03-04 13:22,14.39,14.41,14.39,14.4,305.92,14.39000000,14.41000000,14.39000000,14.40000000,3177.71000000,14.411,14.411,14.411,14.411,37.33040854,14.38722,14.38723,14.38722,14.38723,15.62560077
2022-03-04 13:23,14.4,14.42,14.4,14.41,1190.69,14.40000000,14.41000000,14.40000000,14.41000000,337.03000000,,,,,,14.39263,14.39263,14.39263,14.39263,80.00442464
2022-03-04 13:24,14.42,14.42,14.41,14.41,386.4,14.41000000,14.43000000,14.40000000,14.40000000,1580.37000000,14.431,14.431,14.413,14.413,0.72041233,,,,,0.0
2022-03-04 13:25,14.42,14.42,14.42,14.42,294.23,14.40000000,14.42000000,14.40000000,14.42000000,4924.60000000,,,,,,,,,,0.0
2022-03-04 13:26,14.43,14.45,14.43,14.43,1544.0,14.41000000,14.45000000,14.41000000,14.44000000,5618.64000000,14.434,14.459,14.434,14.447,34.78294333,,,,,0.0
2022-03-04 13:27,14.44,14.45,14.44,14.45,31.64,14.44000000,14.44000000,14.43000000,14.44000000,68.17000000,,,,,,,,,,0.0
2022-03-04 13:28,14.45,14.46,14.45,14.46,181.99,14.45000000,14.47000000,14.45000000,14.46000000,1787.92000000,14.469,14.469,14.469,14.469,0.36920516,,,,,0.0
2022-03-04 13:29,14.45,14.51,14.45,14.51,1270.2,14.45000000,14.47000000,14.45000000,14.46000000,1911.65000000,14.455,14.474,14.455,14.474,0.40121325,,,,,0.0
2022-03-04 13:30,14.52,14.54,14.5,14.53,3094.55,14.45000000,14.54000000,14.45000000,14.52000000,18822.48000000,14.475,14.538,14.475,14.536,236.5461622,14.49896,14.52274,14.49896,14.52274,125.10183982000001
2022-03-04 13:31,14.54,14.55,14.52,14.54,1691.51,14.53000000,14.55000000,14.52000000,14.55000000,6297.08000000,14.551,14.551,14.522,14.536,33.42672323,,,,,0.0
2022-03-04 13:32,14.55,14.6,14.55,14.58,2481.48,14.54000000,14.60000000,14.54000000,14.57000000,8668.49000000,14.559,14.577,14.556,14.556,11.93607383,14.53533,14.58716,14.53533,14.58716,79.61146889
2022-03-04 13:33,14.57,14.57,14.54,14.54,938.72,14.57000000,14.58000000,14.55000000,14.56000000,11473.02000000,14.576,14.576,14.551,14.569,0.68232515,,,,,0.0
2022-03-04 13:34,14.54,14.54,14.48,14.48,2978.26,14.55000000,14.55000000,14.49000000,14.49000000,5988.65000000,14.547,14.547,14.531,14.531,10.514684039999999,14.53808,14.53808,14.53808,14.53808,3.32086166
2022-03-04 13:35,14.49,14.49,14.37,14.37,3219.89,14.48000000,14.50000000,14.37000000,14.39000000,15974.50000000,14.511,14.511,14.397,14.406,261.41673887,14.46632,14.46632,14.38178,14.38178,197.16487313
2022-03-04 13:36,14.38,14.43,14.35,14.43,2880.63,14.38000000,14.44000000,14.35000000,14.43000000,15437.87000000,14.375,14.436,14.375,14.436,10.26774722,14.38178,14.38178,14.36208,14.36208,191.59693264
2022-03-04 13:37,14.43,14.47,14.43,14.47,941.87,14.43000000,14.47000000,14.43000000,14.46000000,9454.97000000,14.464,14.464,14.464,14.464,10.0,14.45803,14.45803,14.45803,14.45803,1.72873158
2022-03-04 13:38,14.47,14.47,14.44,14.44,910.78,14.46000000,14.46000000,14.44000000,14.45000000,2654.57000000,14.461,14.461,14.461,14.461,0.2,,,,,0.0
2022-03-04 13:39,14.45,14.46,14.44,14.45,752.92,14.44000000,14.46000000,14.43000000,14.46000000,2344.23000000,14.461,14.467,14.449,14.467,37.92185229,,,,,0.0
2022-03-04 13:40,14.47,14.49,14.45,14.45,1224.28,14.46000000,14.49000000,14.46000000,14.46000000,3135.25000000,14.492,14.492,14.483,14.483,0.8125081,14.44513,14.44513,14.44513,14.44513,1.73666949
2022-03-04 13:41,14.45,14.46,14.45,14.46,427.52,14.46000000,14.47000000,14.45000000,14.46000000,2398.95000000,,,,,,,,,,0.0
2022-03-04 13:42,14.46,14.46,14.44,14.44,773.64,14.45000000,14.45000000,14.42000000,14.44000000,2894.95000000,14.451,14.451,14.451,14.451,0.35237174,,,,,0.0
2022-03-04 13:43,14.44,14.44,14.41,14.42,1141.28,14.44000000,14.45000000,14.41000000,14.42000000,2649.89000000,14.446,14.446,14.446,14.446,36.8968,,,,,0.0
2022-03-04 13:44,14.43,14.44,14.42,14.42,890.05,14.43000000,14.45000000,14.42000000,14.42000000,980.84000000,,,,,,,,,,0.0
2022-03-04 13:45,14.42,14.45,14.42,14.45,1001.94,14.42000000,14.45000000,14.41000000,14.44000000,1706.68000000,14.463,14.463,14.463,14.463,0.29140832,14.43719,14.43719,14.43719,14.43719,100.0
2022-03-04 13:46,14.44,14.45,14.42,14.42,1017.97,14.45000000,14.45000000,14.42000000,14.42000000,1478.68000000,14.439,14.439,14.439,14.439,0.22049346,,,,,0.0
2022-03-04 13:47,14.41,14.42,14.4,14.41,432.26,14.41000000,14.43000000,14.39000000,14.41000000,6245.25000000,14.427,14.427,14.427,14.427,0.21254758,14.39467,14.39794,14.39467,14.39794,7.13380188
2022-03-04 13:48,14.42,14.42,14.39,14.41,1064.43,14.41000000,14.42000000,14.39000000,14.41000000,5273.61000000,14.418,14.418,14.418,14.418,36.93855378,,,,,0.0
2022-03-04 13:49,14.42,14.43,14.41,14.41,675.8,14.41000000,14.44000000,14.41000000,14.42000000,1347.03000000,14.428,14.428,14.428,14.428,0.34080975,14.42064,14.42085,14.42064,14.42085,93.589
2022-03-04 13:50,14.42,14.44,14.42,14.44,244.71,14.41000000,14.44000000,14.41000000,14.44000000,899.77000000,14.429,14.429,14.429,14.429,0.21259415,,,,,0.0
2022-03-04 13:51,14.45,14.45,14.43,14.43,469.04,14.45000000,14.45000000,14.42000000,14.42000000,1510.03000000,14.453,14.453,14.443,14.443,0.65980647,,,,,0.0
2022-03-04 13:52,14.42,14.43,14.41,14.43,1482.17,14.43000000,14.44000000,14.41000000,14.42000000,11368.31000000,14.421,14.444,14.421,14.444,0.65459589,,,,,0.0
2022-03-04 13:53,14.42,14.42,14.39,14.39,1273.85,14.43000000,14.43000000,14.38000000,14.40000000,2308.10000000,14.431,14.431,14.398,14.398,0.99059412,,,,,0.0
2022-03-04 13:54,14.4,14.4,14.38,14.39,607.89,14.40000000,14.40000000,14.38000000,14.39000000,1124.45000000,14.414,14.414,14.397,14.397,1.0075162,,,,,0.0
2022-03-04 13:55,14.38,14.38,14.38,14.38,73.14,14.39000000,14.40000000,14.38000000,14.38000000,2016.89000000,14.39,14.39,14.39,14.39,0.23701627,,,,,0.0
2022-03-04 13:56,14.36,14.4,14.36,14.37,1717.23,14.37000000,14.39000000,14.35000000,14.37000000,3150.58000000,14.366,14.385,14.366,14.385,0.62658457,,,,,0.0
2022-03-04 13:57,14.37,14.37,14.36,14.37,562.98,14.36000000,14.38000000,14.36000000,14.37000000,3544.40000000,14.383,14.383,14.383,14.383,0.27485821,,,,,0.0
2022-03-04 13:58,14.37,14.38,14.37,14.38,246.14,14.37000000,14.37000000,14.36000000,14.37000000,2496.78000000,,,,,,,,,,0.0
2022-03-04 13:59,14.38,14.39,14.37,14.39,812.3,14.37000000,14.40000000,14.37000000,14.40000000,903.40000000,14.384,14.384,14.383,14.383,37.299562040000005,,,,,0.0
2022-03-04 14:00,14.39,14.41,14.38,14.41,2215.74,14.40000000,14.41000000,14.38000000,14.41000000,1167.42000000,14.388,14.407,14.388,14.407,0.56755435,,,,,0.0
2022-03-04 14:01,14.41,14.43,14.41,14.43,952.24,14.41000000,14.43000000,14.41000000,14.42000000,2481.81000000,14.411,14.439,14.411,14.426,131.61779932,,,,,0.0
2022-03-04 14:02,14.42,14.45,14.42,14.44,667.22,14.43000000,14.44000000,14.42000000,14.44000000,735.16000000,14.43,14.43,14.43,14.43,103.9569,,,,,0.0
2022-03-04 14:03,14.44,14.44,14.43,14.44,367.84,14.44000000,14.44000000,14.42000000,14.43000000,511.49000000,,,,,,,,,,0.0
2022-03-04 14:04,14.45,14.45,14.44,14.45,11.05,14.44000000,14.45000000,14.44000000,14.45000000,450.40000000,14.448,14.448,14.448,14.448,0.36507216,,,,,0.0
2022-03-04 14:05,14.45,14.45,14.42,14.42,1023.15,14.45000000,14.46000000,14.42000000,14.42000000,1942.91000000,14.453,14.453,14.43,14.43,37.619993980000004,,,,,0.0
2022-03-04 14:06,14.41,14.41,14.39,14.39,1129.43,14.42000000,14.42000000,14.38000000,14.39000000,2834.97000000,14.424,14.424,14.402,14.402,0.54980486,14.40039,14.40039,14.40039,14.40039,1.0
2022-03-04 14:07,14.38,14.38,14.33,14.34,1944.45,14.39000000,14.39000000,14.34000000,14.35000000,4572.56000000,14.397,14.397,14.38,14.38,92.85861579,14.35707,14.35707,14.35173,14.35173,10.470600000000001
2022-03-04 14:08,14.32,14.34,14.31,14.31,1558.36,14.35000000,14.35000000,14.30000000,14.31000000,5696.78000000,14.345,14.345,14.334,14.334,38.15196563000001,14.35173,14.35173,14.3139,14.3139,77.65743608000001
2022-03-04 14:09,14.31,14.33,14.31,14.32,1583.69,14.31000000,14.33000000,14.30000000,14.31000000,6157.46000000,14.332,14.332,14.332,14.332,10.0,,,,,0.0
2022-03-04 14:10,14.31,14.35,14.31,14.34,5586.41,14.31000000,14.35000000,14.30000000,14.34000000,2950.22000000,14.348,14.348,14.348,14.348,10.0,,,,,0.0
2022-03-04 14:11,14.34,14.34,14.32,14.34,206.02,14.34000000,14.34000000,14.32000000,14.34000000,2872.88000000,14.321,14.334,14.321,14.334,0.55765946,,,,,0.0
2022-03-04 14:12,14.34,14.35,14.33,14.35,201.39,14.34000000,14.36000000,14.34000000,14.35000000,605.76000000,14.345,14.371,14.345,14.347,0.91638827,,,,,0.0
2022-03-04 14:13,14.34,14.36,14.33,14.36,1874.58,14.34000000,14.37000000,14.34000000,14.35000000,4310.53000000,14.37,14.37,14.345,14.345,0.59354277,,,,,0.0
2022-03-04 14:14,14.35,14.35,14.33,14.33,198.99,14.34000000,14.35000000,14.33000000,14.34000000,1115.51000000,,,,,,,,,,0.0
2022-03-04 14:15,14.35,14.35,14.28,14.28,2242.95,14.34000000,14.34000000,14.28000000,14.28000000,4638.14000000,14.324,14.324,14.324,14.324,0.31056436,14.31001,14.31001,14.29103,14.29103,147.95179507
2022-03-04 14:16,14.29,14.3,14.19,14.23,8227.05,14.29000000,14.31000000,14.17000000,14.24000000,61278.24000000,14.306,14.306,14.208,14.243,98.99743919,14.28516,14.28516,14.20262,14.22975,1790.6114985299998
2022-03-04 14:17,14.25,14.3,14.21,14.28,5511.71,14.24000000,14.30000000,14.19000000,14.29000000,25315.86000000,14.275,14.311,14.225,14.311,50.18,14.23338,14.29179,14.22818,14.29179,603.0394856
2022-03-04 14:18,14.3,14.41,14.3,14.34,4108.64,14.30000000,14.41000000,14.30000000,14.35000000,20089.73000000,14.325,14.385,14.325,14.358,249.65882006,14.32965,14.37851,14.32965,14.37851,131.51327668
2022-03-04 14:19,14.33,14.34,14.26,14.26,2085.93,14.35000000,14.35000000,14.25000000,14.25000000,11679.21000000,14.331,14.331,14.278,14.278,17.70878672,14.26157,14.26157,14.26157,14.26157,42.2497
2022-03-04 14:20,14.25,14.27,14.25,14.27,1392.13,14.25000000,14.28000000,14.24000000,14.27000000,8545.86000000,14.303,14.303,14.276,14.276,0.72082775,14.26157,14.28025,14.26157,14.28025,4.58508398
2022-03-04 14:21,14.28,14.33,14.28,14.33,1901.46,14.27000000,14.34000000,14.27000000,14.34000000,4156.79000000,14.299,14.317,14.299,14.317,36.011807190000006,,,,,0.0
2022-03-04 14:22,14.32,14.36,14.31,14.36,1221.44,14.33000000,14.37000000,14.31000000,14.37000000,3151.56000000,14.329,14.373,14.329,14.373,0.79233926,,,,,0.0
2022-03-04 14:23,14.37,14.37,14.34,14.35,2452.26,14.36000000,14.36000000,14.34000000,14.35000000,4452.27000000,14.346,14.346,14.346,14.346,0.39006651,,,,,0.0
2022-03-04 14:24,14.36,14.37,14.35,14.35,546.54,14.34000000,14.37000000,14.34000000,14.35000000,3264.04000000,14.359,14.359,14.359,14.359,0.34484071,,,,,0.0
2022-03-04 14:25,14.34,14.37,14.33,14.37,980.91,14.34000000,14.38000000,14.33000000,14.38000000,1895.19000000,14.373,14.373,14.373,14.373,1.38640581,,,,,0.0
2022-03-04 14:26,14.38,14.38,14.34,14.34,714.86,14.38000000,14.38000000,14.33000000,14.33000000,5226.72000000,14.377,14.377,14.357,14.359,35.693540999999996,14.35431,14.35431,14.35431,14.35431,1.0
2022-03-04 14:27,14.34,14.37,14.34,14.36,1600.31,14.34000000,14.37000000,14.34000000,14.35000000,4004.70000000,14.373,14.373,14.373,14.373,10.0,,,,,0.0
2022-03-04 14:28,14.37,14.37,14.35,14.35,234.07,14.35000000,14.37000000,14.35000000,14.35000000,1616.09000000,,,,,,14.36568,14.36568,14.36568,14.36568,2.05703
2022-03-04 14:29,14.36,14.37,14.34,14.35,923.9,14.36000000,14.37000000,14.34000000,14.35000000,3185.93000000,14.36,14.36,14.36,14.36,0.21206149,,,,,0.0
2022-03-04 14:30,14.37,14.44,14.37,14.39,3227.32,14.36000000,14.44000000,14.36000000,14.38000000,14124.62000000,14.396,14.441,14.396,14.404,87.50225721,14.39273,14.42305,14.39273,14.3942,30.85503328
2022-03-04 14:31,14.37,14.39,14.33,14.33,2777.02,14.37000000,14.39000000,14.33000000,14.33000000,9397.46000000,14.394,14.394,14.37,14.37,37.9651376,14.35453,14.35453,14.35453,14.35453,2.1109676
2022-03-04 14:32,14.34,14.36,14.31,14.32,3267.03,14.34000000,14.35000000,14.32000000,14.32000000,6802.71000000,14.345,14.345,14.345,14.345,1.63946563,14.33858,14.34091,14.33858,14.34091,9.22461653
2022-03-04 14:33,14.33,14.33,14.29,14.31,1169.22,14.31000000,14.33000000,14.29000000,14.31000000,4700.08000000,14.34,14.34,14.322,14.322,113.64948002,14.30575,14.30575,14.29923,14.30552,14.5274
2022-03-04 14:34,14.31,14.34,14.31,14.31,1973.44,14.32000000,14.34000000,14.31000000,14.33000000,7297.67000000,14.335,14.335,14.319,14.319,0.47807538000000005,,,,,0.0
2022-03-04 14:35,14.33,14.37,14.33,14.37,2182.41,14.32000000,14.37000000,14.32000000,14.36000000,9922.48000000,14.344,14.382,14.344,14.371,10.49743407,14.36011,14.36011,14.36011,14.36011,3.58155426
2022-03-04 14:36,14.36,14.38,14.36,14.37,203.2,14.36000000,14.38000000,14.36000000,14.36000000,4255.20000000,14.382,14.382,14.382,14.382,0.5571965400000001,,,,,0.0
2022-03-04 14:37,14.37,14.4,14.37,14.39,300.71,14.37000000,14.39000000,14.37000000,14.39000000,1542.14000000,,,,,,14.37606,14.37606,14.37606,14.37606,6.99052508
2022-03-04 14:38,14.39,14.4,14.37,14.38,1136.87,14.39000000,14.39000000,14.36000000,14.38000000,4638.28000000,14.404,14.404,14.377,14.377,0.8034133,14.37851,14.38334,14.36611,14.36611,52.335928190000004
2022-03-04 14:39,14.38,14.38,14.34,14.35,1679.63,14.38000000,14.38000000,14.32000000,14.35000000,3933.86000000,14.354,14.355,14.354,14.355,0.62920829,,,,,0.0
2022-03-04 14:40,14.35,14.35,14.32,14.33,2049.46,14.35000000,14.35000000,14.32000000,14.32000000,6509.88000000,14.325,14.348,14.325,14.335,0.85019776,,,,,0.0
2022-03-04 14:41,14.31,14.31,14.29,14.31,887.84,14.31000000,14.32000000,14.29000000,14.30000000,2681.47000000,14.327,14.327,14.327,14.327,0.3778762,14.30641,14.30751,14.30426,14.30715,165.1989138
2022-03-04 14:42,14.3,14.31,14.27,14.3,1199.1,14.31000000,14.31000000,14.27000000,14.30000000,4106.35000000,14.314,14.314,14.303,14.303,37.17501484,14.3045,14.3045,14.27219,14.29092,261.0631471
2022-03-04 14:43,14.3,14.3,14.28,14.29,876.64,14.30000000,14.30000000,14.28000000,14.29000000,2616.02000000,,,,,,,,,,0.0
2022-03-04 14:44,14.3,14.3,14.27,14.27,650.29,14.29000000,14.30000000,14.27000000,14.27000000,3138.92000000,14.306,14.31,14.278,14.278,93.18152327,14.30054,14.30054,14.30054,14.30054,8.0
2022-03-04 14:45,14.29,14.29,14.23,14.23,406.25,14.28000000,14.29000000,14.22000000,14.23000000,5625.38000000,14.297,14.297,14.278,14.278,2.03017088,14.26804,14.26804,14.24332,14.24332,56.613737500000006
2022-03-04 14:46,14.23,14.23,14.19,14.19,5974.39,14.23000000,14.23000000,14.18000000,14.19000000,13831.88000000,14.25,14.25,14.211,14.218,42.02106246,14.23446,14.23446,14.1971,14.1971,143.80749634
2022-03-04 14:47,14.18,14.2,14.17,14.17,7626.8,14.18000000,14.20000000,14.16000000,14.17000000,24955.56000000,14.213,14.219,14.193,14.219,356.94345539,14.19118,14.19118,14.17843,14.17843,153.46267306000001
2022-03-04 14:48,14.17,14.17,14.12,14.13,12031.97,14.16000000,14.16000000,14.10000000,14.12000000,34632.90000000,14.182,14.182,14.142,14.158,198.32597031999998,14.17309,14.17309,14.13317,14.13317,317.65855332999996
2022-03-04 14:49,14.13,14.16,14.13,14.13,4599.26,14.12000000,14.16000000,14.12000000,14.13000000,10089.25000000,14.169,14.175,14.15,14.151,40.0,14.15963,14.15963,14.15963,14.15963,3.53328923
2022-03-04 14:50,14.12,14.17,14.1,14.12,14564.25,14.13000000,14.17000000,14.11000000,14.12000000,10826.32000000,14.138,14.187,14.134,14.134,208.82,14.12114,14.12114,14.12087,14.12087,170.1112
2022-03-04 14:51,14.1,14.14,14.1,14.13,3267.79,14.12000000,14.14000000,14.10000000,14.14000000,6142.29000000,14.143,14.155,14.143,14.155,57.092769000000004,,,,,0.0
2022-03-04 14:52,14.14,14.15,14.13,14.14,1859.32,14.14000000,14.15000000,14.12000000,14.13000000,5301.14000000,14.155,14.161,14.147,14.161,40.0,,,,,0.0
2022-03-04 14:53,14.14,14.15,14.12,14.15,3708.23,14.14000000,14.16000000,14.13000000,14.15000000,5548.28000000,14.166,14.169,14.151,14.169,40.0,,,,,0.0
2022-03-04 14:54,14.14,14.15,14.13,14.13,2074.24,14.15000000,14.16000000,14.13000000,14.13000000,4396.98000000,14.158,14.165,14.156,14.156,30.0,,,,,0.0
2022-03-04 14:55,14.13,14.17,14.13,14.17,1677.27,14.13000000,14.18000000,14.13000000,14.17000000,8608.97000000,14.15,14.18,14.15,14.18,30.0,14.12627,14.12627,14.12627,14.12627,8.5
2022-03-04 14:56,14.16,14.16,14.14,14.14,1642.46,14.17000000,14.17000000,14.14000000,14.14000000,4699.65000000,14.158,14.158,14.158,14.158,0.26173722,14.15678,14.15678,14.15678,14.15678,15.1968
2022-03-04 14:57,14.13,14.16,14.13,14.15,2150.01,14.14000000,14.16000000,14.13000000,14.15000000,2944.77000000,14.162,14.162,14.162,14.162,10.0,,,,,0.0
2022-03-04 14:58,14.16,14.22,14.15,14.2,8478.16,14.15000000,14.22000000,14.15000000,14.21000000,20444.55000000,14.171,14.22,14.171,14.22,545.2572942300001,14.16248,14.20613,14.16248,14.20613,113.94723859000001
2022-03-04 14:59,14.21,14.3,14.21,14.29,5280.69,14.21000000,14.30000000,14.21000000,14.28000000,14701.20000000,14.236,14.324,14.236,14.283,483.3516415,14.23693,14.27772,14.23693,14.27772,64.67194142
2022-03-04 15:00,14.27,14.33,14.26,14.28,2889.0,14.27000000,14.34000000,14.26000000,14.29000000,13199.44000000,14.305,14.328,14.291,14.291,182.6383243,14.27966,14.32009,14.27966,14.32009,62.960371849999994
2022-03-04 15:01,14.29,14.32,14.23,14.25,6797.68,14.29000000,14.32000000,14.23000000,14.24000000,13345.16000000,14.324,14.324,14.267,14.267,10.33470067,,,,,0.0
2022-03-04 15:02,14.25,14.25,14.2,14.23,2350.4,14.25000000,14.25000000,14.21000000,14.23000000,7625.95000000,14.25,14.255,14.237,14.254,83.79802153,,,,,0.0
2022-03-04 15:03,14.25,14.28,14.23,14.27,3050.82,14.24000000,14.28000000,14.24000000,14.25000000,11028.80000000,14.258,14.263,14.255,14.263,194.66789413,14.24266,14.24266,14.24266,14.24266,36.47545811
2022-03-04 15:04,14.29,14.3,14.25,14.25,1448.46,14.25000000,14.30000000,14.24000000,14.25000000,8909.23000000,14.282,14.29,14.26,14.26,143.14951154,14.25765,14.27929,14.25765,14.26139,479.23829767
2022-03-04 15:05,14.26,14.27,14.23,14.25,666.72,14.25000000,14.27000000,14.23000000,14.23000000,4002.22000000,14.284,14.284,14.254,14.254,0.7374717500000001,,,,,0.0
2022-03-04 15:06,14.24,14.24,14.18,14.21,806.4,14.24000000,14.25000000,14.19000000,14.21000000,6484.27000000,14.254,14.254,14.211,14.211,263.1822313,14.23753,14.23753,14.20293,14.20293,49.27813542
2022-03-04 15:07,14.22,14.23,14.21,14.21,2769.08,14.21000000,14.23000000,14.21000000,14.22000000,3523.13000000,14.231,14.231,14.231,14.231,0.20278408,,,,,0.0
2022-03-04 15:08,14.21,14.24,14.2,14.24,1367.47,14.22000000,14.25000000,14.21000000,14.24000000,3580.87000000,14.243,14.243,14.243,14.243,0.38326329,14.21504,14.23016,14.21504,14.23016,214.61596753999999
2022-03-04 15:09,14.25,14.26,14.23,14.23,2040.0,14.25000000,14.26000000,14.23000000,14.23000000,7781.86000000,14.258,14.258,14.258,14.258,0.34236505,14.23107,14.23107,14.23107,14.23107,31.61815387
2022-03-04 15:10,14.23,14.24,14.2,14.2,1887.11,14.23000000,14.24000000,14.20000000,14.20000000,11176.28000000,14.235,14.235,14.235,14.235,0.60059932,14.23058,14.23058,14.23033,14.23033,177.60941904999999
2022-03-04 15:11,14.2,14.2,14.18,14.18,3510.9,14.19000000,14.20000000,14.17000000,14.18000000,8922.52000000,14.211,14.211,14.195,14.195,47.98607088,14.19118,14.19118,14.18555,14.18844,69.48531583
2022-03-04 15:12,14.17,14.18,14.14,14.17,14283.03,14.18000000,14.18000000,14.13000000,14.17000000,11281.36000000,14.187,14.187,14.175,14.175,61.93,14.18555,14.18555,14.15741,14.15741,21.66863997
2022-03-04 15:13,14.17,14.19,14.16,14.19,2957.22,14.16000000,14.19000000,14.15000000,14.19000000,6379.13000000,,,,,,14.17693,14.17693,14.17454,14.17454,283.5066091
2022-03-04 15:14,14.2,14.21,14.19,14.19,687.08,14.19000000,14.21000000,14.18000000,14.19000000,3089.52000000,14.189,14.212,14.189,14.197,77.69639289,14.17694,14.19417,14.17694,14.19417,147.34231407
2022-03-04 15:15,14.19,14.21,14.17,14.2,5498.59,14.18000000,14.22000000,14.17000000,14.20000000,7353.59000000,14.18,14.209,14.18,14.209,16.21247207,,,,,0.0
2022-03-04 15:16,14.2,14.22,14.17,14.17,6459.12,14.20000000,14.22000000,14.17000000,14.17000000,5541.78000000,14.201,14.201,14.201,14.201,0.23313424,,,,,0.0
2022-03-04 15:17,14.16,14.16,14.11,14.12,2942.89,14.17000000,14.17000000,14.11000000,14.12000000,11123.82000000,14.183,14.183,14.145,14.148,133.30343103,14.1513,14.1513,14.12087,14.12877,243.66370822000002
2022-03-04 15:18,14.12,14.17,14.12,14.16,2230.02,14.12000000,14.16000000,14.11000000,14.15000000,10493.86000000,14.136,14.176,14.136,14.176,30.0,14.14049,14.14049,14.14049,14.14049,32.16007354
2022-03-04 15:19,14.14,14.17,14.13,14.16,2122.72,14.15000000,14.17000000,14.13000000,14.17000000,9677.00000000,14.171,14.173,14.15,14.173,40.0,,,,,0.0
2022-03-04 15:20,14.17,14.17,14.13,14.14,1925.6,14.16000000,14.17000000,14.13000000,14.14000000,3938.83000000,14.145,14.162,14.139,14.139,0.87312404,14.14798,14.14798,14.14798,14.14798,10.0
2022-03-04 15:21,14.15,14.19,14.15,14.19,4143.0,14.14000000,14.19000000,14.14000000,14.19000000,5206.98000000,14.17,14.192,14.17,14.192,10.30291089,,,,,0.0
2022-03-04 15:22,14.2,14.21,14.19,14.19,2381.05,14.19000000,14.22000000,14.18000000,14.20000000,4389.61000000,14.212,14.219,14.2,14.2,290.50152284,,,,,0.0
2022-03-04 15:23,14.19,14.22,14.19,14.21,1159.71,14.19000000,14.22000000,14.19000000,14.21000000,2644.74000000,14.206,14.211,14.206,14.211,37.03099519,,,,,0.0
2022-03-04 15:24,14.21,14.22,14.2,14.22,948.83,14.21000000,14.22000000,14.19000000,14.21000000,1352.00000000,,,,,,,,,,0.0
2022-03-04 15:25,14.23,14.23,14.17,14.2,14103.47,14.21000000,14.24000000,14.15000000,14.20000000,174050.05000000,14.228,14.233,14.195,14.216,263.84562714000003,14.23285,14.23285,14.1851,14.19305,953.37703403
2022-03-04 15:26,14.2,14.29,14.19,14.25,35795.87,14.21000000,14.30000000,14.17000000,14.26000000,438751.36000000,14.239,14.293,14.209,14.293,64.62818496,14.20837,14.25945,14.20837,14.25945,810.1061037000001
2022-03-04 15:27,14.24,14.27,14.24,14.24,5198.9,14.25000000,14.27000000,14.23000000,14.24000000,8985.44000000,14.251,14.251,14.251,14.251,0.20991753,,,,,0.0
2022-03-04 15:28,14.25,14.26,14.22,14.26,8991.51,14.25000000,14.27000000,14.22000000,14.27000000,8952.50000000,14.234,14.26,14.234,14.26,20.491072720000002,,,,,0.0
2022-03-04 15:29,14.26,14.27,14.25,14.25,1308.17,14.26000000,14.27000000,14.24000000,14.25000000,2480.07000000,14.256,14.256,14.256,14.256,38.0,,,,,0.0
2022-03-04 15:30,14.26,14.26,14.21,14.22,1413.29,14.26000000,14.26000000,14.21000000,14.21000000,5114.62000000,14.229,14.229,14.229,14.229,0.33651399,,,,,0.0
2022-03-04 15:31,14.21,14.21,14.18,14.18,1510.45,14.21000000,14.22000000,14.17000000,14.17000000,4007.76000000,14.209,14.209,14.203,14.203,0.6595038,,,,,0.0
2022-03-04 15:32,14.18,14.18,14.17,14.18,359.54,14.17000000,14.18000000,14.17000000,14.18000000,1133.09000000,,,,,,,,,,0.0
2022-03-04 15:33,14.17,14.2,14.15,14.19,1289.28,14.18000000,14.20000000,14.15000000,14.20000000,5378.90000000,14.183,14.193,14.17,14.193,1.13179845,,,,,0.0
2022-03-04 15:34,14.2,14.22,14.18,14.22,2515.75,14.21000000,14.21000000,14.19000000,14.21000000,867.94000000,14.198,14.198,14.198,14.198,0.26922654,,,,,0.0
2022-03-04 15:35,14.22,14.24,14.22,14.24,951.81,14.21000000,14.24000000,14.21000000,14.23000000,4343.85000000,14.213,14.243,14.213,14.243,37.937178599999996,,,,,0.0
2022-03-04 15:36,14.25,14.27,14.23,14.26,1841.98,14.24000000,14.26000000,14.23000000,14.25000000,7449.60000000,14.253,14.264,14.253,14.264,0.62216973,14.24105,14.24936,14.22786,14.24816,1500.0
2022-03-04 15:37,14.26,14.28,14.24,14.25,481.54,14.26000000,14.27000000,14.23000000,14.25000000,2639.67000000,14.273,14.273,14.263,14.263,0.66295295,14.24866,14.24866,14.24511,14.24511,300.0
2022-03-04 15:38,14.26,14.26,14.21,14.22,1097.52,14.26000000,14.26000000,14.21000000,14.22000000,2276.91000000,14.24,14.24,14.24,14.24,0.24376385,,,,,0.0
2022-03-04 15:39,14.22,14.26,14.21,14.21,1379.12,14.22000000,14.25000000,14.20000000,14.20000000,2920.61000000,14.257,14.257,14.241,14.241,0.44387082,,,,,0.0
2022-03-04 15:40,14.2,14.24,14.19,14.19,4546.32,14.20000000,14.24000000,14.18000000,14.20000000,13071.55000000,14.245,14.245,14.22,14.22,10.3029296,14.20787,14.20787,14.20787,14.20787,37.52684922
2022-03-04 15:41,14.2,14.21,14.19,14.19,1062.74,14.20000000,14.21000000,14.19000000,14.19000000,4901.92000000,14.204,14.204,14.204,14.204,10.0,14.18568,14.18568,14.18234,14.18234,700.0
2022-03-04 15:42,14.19,14.19,14.17,14.17,8617.78,14.19000000,14.20000000,14.17000000,14.17000000,975.06000000,14.187,14.192,14.187,14.192,0.51443867,,,,,0.0
2022-03-04 15:43,14.17,14.17,14.15,14.17,4535.81,14.17000000,14.18000000,14.14000000,14.17000000,4038.27000000,14.187,14.187,14.176,14.176,40.64865394,,,,,0.0
2022-03-04 15:44,14.16,14.18,14.15,14.17,734.31,14.17000000,14.18000000,14.15000000,14.16000000,2557.25000000,,,,,,14.15951,14.16816,14.15577,14.16682,1050.77038228
2022-03-04 15:45,14.16,14.17,14.13,14.14,1437.24,14.17000000,14.17000000,14.14000000,14.16000000,4897.20000000,14.164,14.164,14.164,14.164,0.33423547,14.14729,14.14729,14.14356,14.14356,1000.0
2022-03-04 15:46,14.16,14.17,14.16,14.17,946.31,14.16000000,14.17000000,14.15000000,14.16000000,3488.94000000,14.18,14.18,14.16,14.16,10.39550921,,,,,0.0
2022-03-04 15:47,14.17,14.17,14.14,14.15,1315.65,14.17000000,14.17000000,14.13000000,14.15000000,4407.09000000,,,,,,,,,,0.0
2022-03-04 15:48,14.15,14.2,14.14,14.16,2355.08,14.15000000,14.20000000,14.15000000,14.16000000,5326.82000000,14.179,14.179,14.179,14.179,2.6260806,,,,,0.0
2022-03-04 15:49,14.16,14.16,14.15,14.15,1043.24,14.16000000,14.17000000,14.15000000,14.15000000,2268.81000000,14.155,14.155,14.155,14.155,0.20636634,,,,,0.0
2022-03-04 15:50,14.14,14.15,14.13,14.15,663.81,14.14000000,14.15000000,14.12000000,14.15000000,2965.94000000,14.155,14.168,14.145,14.168,2.65781722,14.14348,14.14348,14.11414,14.11414,226.24062451
2022-03-04 15:51,14.15,14.17,14.14,14.17,1221.52,14.16000000,14.17000000,14.15000000,14.17000000,1470.77000000,,,,,,14.15913,14.15913,14.15913,14.15913,1.39122
2022-03-04 15:52,14.17,14.19,14.16,14.16,1212.83,14.17000000,14.20000000,14.17000000,14.17000000,5151.84000000,14.193,14.193,14.171,14.171,0.8487477999999999,,,,,0.0
2022-03-04 15:53,14.17,14.18,14.17,14.18,452.32,14.17000000,14.19000000,14.17000000,14.19000000,1545.48000000,14.171,14.188,14.171,14.188,0.28180203000000004,,,,,0.0
2022-03-04 15:54,14.17,14.19,14.17,14.17,294.43,14.18000000,14.19000000,14.17000000,14.18000000,1573.15000000,,,,,,,,,,0.0
2022-03-04 15:55,14.17,14.17,14.15,14.16,1044.46,14.18000000,14.18000000,14.15000000,14.16000000,1862.33000000,14.167,14.167,14.167,14.167,0.30513607,14.17229,14.17229,14.17229,14.17229,37.45949691
2022-03-04 15:56,14.15,14.16,14.15,14.15,200.03,14.16000000,14.17000000,14.15000000,14.17000000,1769.82000000,,,,,,14.1556,14.1556,14.1556,14.1556,6.92711
2022-03-04 15:57,14.16,14.17,14.16,14.17,511.96,14.16000000,14.17000000,14.16000000,14.16000000,729.40000000,,,,,,,,,,0.0
2022-03-04 15:58,14.17,14.18,14.12,14.12,2163.93,14.17000000,14.17000000,14.12000000,14.12000000,4245.29000000,14.179,14.179,14.133,14.133,14.301579010000001,,,,,0.0
2022-03-04 15:59,14.13,14.13,14.13,14.13,178.16,14.13000000,14.14000000,14.12000000,14.13000000,2331.01000000,14.154,14.154,14.136,14.136,24.707584689999997,,,,,0.0
2022-03-04 16:00,14.12,14.14,14.09,14.13,9056.19,14.13000000,14.15000000,14.09000000,14.13000000,12288.47000000,14.12,14.14,14.111,14.14,39.301365180000005,14.11373,14.11816,14.1032,14.11816,432.17767712
2022-03-04 16:01,14.13,14.15,14.11,14.14,4355.53,14.13000000,14.15000000,14.11000000,14.15000000,7664.71000000,14.159,14.159,14.125,14.142,38.78045122,14.13039,14.13039,14.13039,14.13039,7.08041797
2022-03-04 16:02,14.14,14.14,14.06,14.07,2904.27,14.14000000,14.15000000,14.06000000,14.06000000,17091.86000000,14.115,14.115,14.079,14.079,13.49552069,14.1032,14.1032,14.0703,14.0703,55.55370575
2022-03-04 16:03,14.07,14.09,14.04,14.07,8587.19,14.06000000,14.07000000,14.03000000,14.07000000,7935.89000000,14.067,14.086,14.067,14.086,0.44400268,14.06775,14.06776,14.04228,14.04228,249.84794189000002
2022-03-04 16:04,14.06,14.07,14.04,14.05,690.07,14.07000000,14.07000000,14.04000000,14.05000000,3271.72000000,14.065,14.065,14.059,14.059,37.57333306,14.03886,14.03886,14.03886,14.03886,0.41211
2022-03-04 16:05,14.06,14.14,14.03,14.12,6361.85,14.05000000,14.16000000,14.02000000,14.13000000,25554.06000000,14.046,14.16,14.046,14.16,22.60196909,14.04924,14.13672,14.03886,14.13672,203.75533778
2022-03-04 16:06,14.12,14.14,14.09,14.1,3613.55,14.13000000,14.14000000,14.09000000,14.11000000,10638.72000000,14.134,14.139,14.107,14.107,46.31042732,,,,,0.0
2022-03-04 16:07,14.1,14.1,14.07,14.09,2766.94,14.10000000,14.11000000,14.07000000,14.08000000,5430.98000000,14.084,14.105,14.084,14.105,0.57364377,14.07645,14.07645,14.07645,14.07645,0.36928
2022-03-04 16:08,14.08,14.1,14.08,14.1,1873.08,14.08000000,14.11000000,14.07000000,14.10000000,2343.36000000,14.094,14.112,14.094,14.112,78.00152283999999,,,,,0.0
2022-03-04 16:09,14.1,14.1,14.08,14.08,710.16,14.10000000,14.11000000,14.08000000,14.08000000,3843.14000000,14.093,14.093,14.093,14.093,0.34764182,,,,,0.0
2022-03-04 16:10,14.07,14.08,14.04,14.05,3973.16,14.08000000,14.08000000,14.04000000,14.05000000,7145.09000000,14.063,14.078,14.063,14.078,10.28374621,,,,,0.0
2022-03-04 16:11,14.05,14.06,14.04,14.05,5327.05,14.05000000,14.06000000,14.03000000,14.06000000,5792.89000000,14.056,14.058,14.056,14.058,10.20237321,,,,,0.0
2022-03-04 16:12,14.05,14.08,14.03,14.07,14269.17,14.05000000,14.09000000,14.04000000,14.09000000,11061.24000000,14.063,14.097,14.046,14.097,17.5159641,,,,,0.0
2022-03-04 16:13,14.09,14.1,14.07,14.09,1551.9,14.08000000,14.10000000,14.07000000,14.10000000,6569.01000000,14.081,14.095,14.081,14.095,0.542947,,,,,0.0
2022-03-04 16:14,14.1,14.13,14.08,14.13,2416.12,14.10000000,14.13000000,14.09000000,14.13000000,3256.62000000,14.107,14.128,14.107,14.128,2.39311043,14.0921,14.0921,14.0921,14.0921,0.50378
2022-03-04 16:15,14.13,14.13,14.11,14.13,1029.03,14.13000000,14.14000000,14.11000000,14.13000000,4197.93000000,,,,,,,,,,0.0
2022-03-04 16:16,14.13,14.16,14.12,14.16,2146.91,14.13000000,14.17000000,14.12000000,14.17000000,7166.16000000,14.135,14.163,14.135,14.163,37.936146230000006,,,,,0.0
2022-03-04 16:17,14.16,14.16,14.14,14.15,1441.77,14.17000000,14.17000000,14.14000000,14.15000000,3303.86000000,14.17,14.17,14.17,14.17,0.2558848,,,,,0.0
2022-03-04 16:18,14.14,14.15,14.13,14.15,553.9,14.15000000,14.16000000,14.13000000,14.14000000,4481.46000000,14.146,14.165,14.14,14.165,12.63463696,,,,,0.0
2022-03-04 16:19,14.14,14.15,14.12,14.13,619.11,14.14000000,14.15000000,14.12000000,14.12000000,4025.05000000,14.154,14.154,14.154,14.154,0.21482371,,,,,0.0
2022-03-04 16:20,14.12,14.12,14.1,14.11,2100.88,14.12000000,14.12000000,14.10000000,14.11000000,8434.77000000,14.135,14.135,14.12,14.12,140.68655488,,,,,0.0
2022-03-04 16:21,14.11,14.12,14.09,14.09,1089.17,14.11000000,14.12000000,14.09000000,14.09000000,2772.49000000,,,,,,,,,,0.0
2022-03-04 16:22,14.09,14.1,14.07,14.07,845.27,14.08000000,14.09000000,14.07000000,14.08000000,1518.42000000,14.096,14.096,14.096,14.096,0.33904905,14.07783,14.07783,14.07673,14.07673,119.62047657
2022-03-04 16:23,14.08,14.1,14.07,14.1,1128.68,14.07000000,14.11000000,14.07000000,14.10000000,2810.48000000,14.117,14.117,14.117,14.117,0.25019182,,,,,0.0
2022-03-04 16:24,14.1,14.13,14.1,14.12,1333.53,14.11000000,14.13000000,14.10000000,14.12000000,2471.12000000,14.125,14.125,14.125,14.125,0.31443749,,,,,0.0
2022-03-04 16:25,14.12,14.12,14.09,14.09,832.7,14.11000000,14.11000000,14.09000000,14.09000000,1792.45000000,14.114,14.114,14.114,14.114,0.29344721,,,,,0.0
2022-03-04 16:26,14.09,14.11,14.08,14.11,722.88,14.09000000,14.12000000,14.08000000,14.11000000,2742.65000000,14.134,14.134,14.134,14.134,0.29879426,,,,,0.0
2022-03-04 16:27,14.12,14.14,14.12,14.13,2677.4,14.12000000,14.14000000,14.12000000,14.13000000,1836.20000000,,,,,,,,,,0.0
2022-03-04 16:28,14.12,14.15,14.12,14.14,919.39,14.13000000,14.15000000,14.12000000,14.14000000,1410.69000000,14.128,14.16,14.128,14.16,7.06311513,,,,,0.0
2022-03-04 16:29,14.13,14.14,14.12,14.13,498.09,14.14000000,14.14000000,14.11000000,14.13000000,2970.41000000,14.135,14.135,14.135,14.135,0.20910242,,,,,0.0
2022-03-04 16:30,14.13,14.16,14.11,14.12,1446.41,14.14000000,14.16000000,14.11000000,14.11000000,3053.24000000,14.144,14.144,14.117,14.117,0.52604771,14.13597,14.13597,14.13597,14.13597,15.0
2022-03-04 16:31,14.11,14.11,14.08,14.09,1262.94,14.11000000,14.11000000,14.08000000,14.08000000,5328.37000000,14.103,14.103,14.098,14.098,0.50033585,,,,,0.0
2022-03-04 16:32,14.07,14.07,14.05,14.06,1101.0,14.08000000,14.08000000,14.05000000,14.05000000,2292.74000000,14.087,14.087,14.071,14.077,38.98507436,,,,,0.0
2022-03-04 16:33,14.05,14.06,14.04,14.04,1121.87,14.05000000,14.06000000,14.04000000,14.04000000,4616.92000000,14.059,14.059,14.059,14.059,38.519406839999995,,,,,0.0
2022-03-04 16:34,14.04,14.07,14.04,14.07,1425.56,14.04000000,14.08000000,14.04000000,14.08000000,1944.83000000,14.067,14.08,14.067,14.08,0.59117871,,,,,0.0
2022-03-04 16:35,14.08,14.09,14.06,14.08,852.6,14.08000000,14.09000000,14.07000000,14.08000000,1562.55000000,,,,,,14.07946,14.07946,14.07946,14.07946,35.50606799
2022-03-04 16:36,14.08,14.11,14.08,14.11,67.44,14.08000000,14.11000000,14.07000000,14.10000000,2124.66000000,14.097,14.111,14.097,14.111,0.5528782,,,,,0.0
2022-03-04 16:37,14.11,14.14,14.11,14.14,790.17,14.11000000,14.14000000,14.11000000,14.14000000,2317.68000000,14.135,14.154,14.121,14.154,38.44866814,,,,,0.0
2022-03-04 16:38,14.15,14.15,14.14,14.15,1102.43,14.15000000,14.15000000,14.14000000,14.15000000,2237.46000000,14.148,14.148,14.148,14.148,0.22361774,14.14614,14.14614,14.14614,14.14614,10.0
2022-03-04 16:39,14.15,14.17,14.15,14.16,521.68,14.15000000,14.17000000,14.14000000,14.16000000,2199.35000000,14.159,14.173,14.159,14.173,0.57114898,14.15883,14.16629,14.15883,14.16629,100.0
2022-03-04 16:40,14.16,14.17,14.15,14.17,820.85,14.16000000,14.18000000,14.16000000,14.18000000,6931.98000000,14.173,14.186,14.173,14.186,41.32396555,,,,,0.0
2022-03-04 16:41,14.18,14.18,14.15,14.17,1380.84,14.17000000,14.18000000,14.16000000,14.17000000,2714.72000000,14.169,14.169,14.169,14.169,0.2,14.16665,14.16666,14.16665,14.16666,73.0
2022-03-04 16:42,14.16,14.17,14.16,14.17,822.64,14.17000000,14.17000000,14.15000000,14.16000000,2915.24000000,,,,,,14.15085,14.15085,14.15085,14.15085,0.20169438
2022-03-04 16:43,14.17,14.19,14.16,14.18,808.57,14.16000000,14.19000000,14.16000000,14.18000000,3478.83000000,14.189,14.189,14.189,14.189,0.35435028,14.16666,14.16666,14.16666,14.16666,39.88156899
2022-03-04 16:44,14.18,14.19,14.17,14.18,41.06,14.18000000,14.18000000,14.16000000,14.18000000,1166.00000000,,,,,,,,,,0.0
2022-03-04 16:45,14.19,14.19,14.19,14.19,191.23,14.19000000,14.19000000,14.18000000,14.19000000,583.78000000,,,,,,,,,,0.0
2022-03-04 16:46,14.19,14.21,14.18,14.2,1439.72,14.19000000,14.21000000,14.18000000,14.20000000,680.62000000,14.198,14.198,14.198,14.198,0.2676469,14.17837,14.18856,14.17837,14.18856,15.03262969
2022-03-04 16:47,14.19,14.22,14.19,14.21,1474.63,14.20000000,14.23000000,14.19000000,14.21000000,3012.75000000,14.22,14.236,14.22,14.232,0.81408211,14.19633,14.21884,14.19633,14.21884,45.46940976
2022-03-04 16:48,14.21,14.24,14.21,14.22,2905.91,14.22000000,14.23000000,14.21000000,14.22000000,2510.90000000,,,,,,,,,,0.0
2022-03-04 16:49,14.22,14.23,14.22,14.23,466.6,14.22000000,14.23000000,14.21000000,14.22000000,1510.27000000,,,,,,,,,,0.0
2022-03-04 16:50,14.22,14.22,14.2,14.2,1693.64,14.22000000,14.23000000,14.20000000,14.21000000,1780.95000000,,,,,,,,,,0.0
2022-03-04 16:51,14.21,14.21,14.18,14.19,58.91,14.21000000,14.21000000,14.18000000,14.20000000,1350.53000000,14.212,14.212,14.194,14.212,7.48774577,,,,,0.0
2022-03-04 16:52,14.19,14.19,14.17,14.19,2827.24,14.19000000,14.20000000,14.18000000,14.20000000,770.14000000,14.196,14.196,14.19,14.19,40.2825419,,,,,0.0
2022-03-04 16:53,14.19,14.21,14.19,14.19,1833.8,14.19000000,14.22000000,14.19000000,14.20000000,1727.09000000,14.196,14.23,14.196,14.23,0.85500102,14.19274,14.19287,14.19274,14.19287,188.59434255
2022-03-04 16:54,14.18,14.2,14.18,14.19,527.93,14.19000000,14.20000000,14.18000000,14.19000000,1285.35000000,14.196,14.213,14.196,14.213,0.58469948,14.17921,14.17921,14.17921,14.17921,3.0
2022-03-04 16:55,14.19,14.21,14.19,14.19,1078.63,14.19000000,14.21000000,14.19000000,14.19000000,2580.77000000,,,,,,,,,,0.0
2022-03-04 16:56,14.19,14.19,14.18,14.19,489.66,14.19000000,14.19000000,14.18000000,14.19000000,2414.99000000,14.202,14.202,14.202,14.202,0.33169677,,,,,0.0
2022-03-04 16:57,14.19,14.2,14.18,14.18,435.35,14.19000000,14.19000000,14.18000000,14.18000000,1499.44000000,,,,,,,,,,0.0
2022-03-04 16:58,14.17,14.18,14.16,14.16,1964.33,14.18000000,14.18000000,14.16000000,14.17000000,928.83000000,14.195,14.195,14.195,14.195,0.35320391,,,,,0.0
2022-03-04 16:59,14.17,14.17,14.15,14.15,998.88,14.17000000,14.17000000,14.16000000,14.16000000,3537.67000000,14.174,14.174,14.174,14.174,0.30238819,,,,,0.0
2022-03-04 17:00,14.15,14.16,14.12,14.13,2840.93,14.16000000,14.17000000,14.12000000,14.14000000,2580.27000000,14.143,14.143,14.143,14.143,0.20647625,,,,,0.0
2022-03-04 17:01,14.13,14.13,14.1,14.12,520.58,14.13000000,14.13000000,14.11000000,14.12000000,2742.55000000,14.148,14.148,14.138,14.138,0.5044212,14.10947,14.10947,14.09963,14.09963,103.86730458
2022-03-04 17:02,14.12,14.13,14.11,14.13,1118.44,14.12000000,14.14000000,14.12000000,14.14000000,1784.04000000,,,,,,,,,,0.0
2022-03-04 17:03,14.13,14.14,14.13,14.14,683.72,14.13000000,14.15000000,14.13000000,14.14000000,1714.69000000,14.159,14.159,14.159,14.159,0.31939055,14.14086,14.14086,14.14086,14.14086,1.38727
2022-03-04 17:04,14.15,14.17,14.14,14.17,1158.99,14.15000000,14.17000000,14.15000000,14.17000000,1823.66000000,14.179,14.179,14.179,14.179,0.2517438,14.16906,14.16906,14.16906,14.16906,100.0
2022-03-04 17:05,14.17,14.18,14.17,14.18,204.27,14.18000000,14.18000000,14.16000000,14.18000000,2197.44000000,,,,,,,,,,0.0
2022-03-04 17:06,14.17,14.19,14.17,14.19,475.93,14.18000000,14.18000000,14.18000000,14.18000000,377.73000000,14.189,14.205,14.189,14.205,0.77910176,,,,,0.0
2022-03-04 17:07,14.19,14.19,14.17,14.17,470.3,14.19000000,14.20000000,14.17000000,14.19000000,1777.03000000,14.197,14.197,14.197,14.197,0.29127978,14.17705,14.17705,14.17705,14.17705,49.16211
2022-03-04 17:08,14.18,14.19,14.17,14.18,1032.34,14.19000000,14.19000000,14.18000000,14.18000000,419.92000000,14.188,14.188,14.188,14.188,0.27429142,14.18165,14.18165,14.18165,14.18165,30.0
2022-03-04 17:09,14.18,14.19,14.16,14.18,1141.39,14.18000000,14.19000000,14.17000000,14.18000000,1192.83000000,,,,,,,,,,0.0
2022-03-04 17:10,14.17,14.2,14.17,14.2,1877.86,14.18000000,14.21000000,14.18000000,14.21000000,9647.27000000,14.211,14.211,14.211,14.211,0.26885101,,,,,0.0
2022-03-04 17:11,14.2,14.22,14.2,14.21,1549.81,14.21000000,14.23000000,14.21000000,14.23000000,5226.40000000,14.221,14.234,14.221,14.234,2.38423728,,,,,0.0
2022-03-04 17:12,14.22,14.25,14.22,14.25,5269.01,14.23000000,14.26000000,14.23000000,14.24000000,3514.25000000,14.233,14.25,14.233,14.25,14.79476676,14.21884,14.23693,14.21884,14.23693,101.18134226
2022-03-04 17:13,14.26,14.27,14.23,14.23,1252.63,14.25000000,14.27000000,14.23000000,14.23000000,3228.17000000,14.267,14.267,14.252,14.252,0.90071141,14.24906,14.26944,14.24906,14.26944,76.54965213999999
2022-03-04 17:14,14.24,14.25,14.24,14.25,1509.33,14.24000000,14.26000000,14.24000000,14.25000000,2306.51000000,,,,,,14.24849,14.24935,14.24849,14.24935,105.94717766000001
2022-03-04 17:15,14.25,14.25,14.24,14.25,497.19,14.26000000,14.26000000,14.24000000,14.25000000,2020.64000000,14.269,14.269,14.257,14.257,0.71358929,,,,,0.0
2022-03-04 17:16,14.25,14.27,14.24,14.26,1021.18,14.26000000,14.28000000,14.25000000,14.26000000,3300.54000000,14.277,14.277,14.256,14.256,0.6238029,14.26626,14.26626,14.26626,14.26626,3.32086166
2022-03-04 17:17,14.26,14.26,14.24,14.25,2346.14,14.25000000,14.27000000,14.24000000,14.25000000,4442.41000000,14.279,14.279,14.256,14.256,0.59299575,,,,,0.0
2022-03-04 17:18,14.26,14.26,14.23,14.23,4942.25,14.25000000,14.26000000,14.24000000,14.25000000,777.44000000,,,,,,,,,,0.0
2022-03-04 17:19,14.24,14.24,14.22,14.23,248.74,14.25000000,14.25000000,14.22000000,14.22000000,3088.88000000,14.237,14.237,14.237,14.237,37.06361132,,,,,0.0
2022-03-04 17:20,14.23,14.23,14.21,14.22,1289.41,14.23000000,14.24000000,14.21000000,14.21000000,4440.66000000,,,,,,,,,,0.0
2022-03-04 17:21,14.21,14.22,14.2,14.21,1396.4,14.21000000,14.22000000,14.20000000,14.21000000,4679.66000000,14.221,14.221,14.221,14.221,0.60536316,14.2026,14.2026,14.20178,14.20178,100.0
2022-03-04 17:22,14.21,14.22,14.2,14.22,1101.14,14.21000000,14.22000000,14.20000000,14.22000000,5450.70000000,,,,,,,,,,0.0
2022-03-04 17:23,14.22,14.22,14.2,14.21,2613.65,14.22000000,14.22000000,14.20000000,14.22000000,702.86000000,,,,,,14.20031,14.20031,14.19931,14.19931,149.60530997
2022-03-04 17:24,14.21,14.22,14.19,14.19,581.7,14.22000000,14.22000000,14.20000000,14.21000000,2806.22000000,14.221,14.221,14.221,14.221,5.99,14.21189,14.21189,14.21189,14.21189,0.51560261
2022-03-04 17:25,14.19,14.21,14.19,14.21,465.08,14.21000000,14.21000000,14.19000000,14.21000000,2986.06000000,,,,,,14.20645,14.20645,14.19999,14.19999,696.68661
2022-03-04 17:26,14.21,14.23,14.21,14.23,1223.27,14.21000000,14.24000000,14.21000000,14.23000000,2810.69000000,14.242,14.242,14.242,14.242,0.37285174,14.2,14.2,14.2,14.2,25000.0
2022-03-04 17:27,14.24,14.24,14.21,14.21,1913.78,14.23000000,14.23000000,14.21000000,14.21000000,3287.36000000,14.219,14.23,14.219,14.23,0.58824971,14.20518,14.20518,14.20518,14.20518,30.0
2022-03-04 17:28,14.21,14.23,14.21,14.22,906.11,14.21000000,14.23000000,14.20000000,14.22000000,529.33000000,,,,,,,,,,0.0
2022-03-04 17:29,14.22,14.23,14.21,14.22,544.84,14.22000000,14.23000000,14.21000000,14.21000000,563.95000000,,,,,,,,,,0.0
2022-03-04 17:30,14.22,14.22,14.2,14.22,1051.89,14.21000000,14.22000000,14.19000000,14.22000000,4007.43000000,14.206,14.214,14.206,14.214,0.43166572000000003,,,,,0.0
2022-03-04 17:31,14.22,14.23,14.21,14.22,438.03,14.21000000,14.23000000,14.21000000,14.21000000,1812.56000000,14.231,14.231,14.228,14.228,0.55794659,,,,,0.0
2022-03-04 17:32,14.22,14.22,14.2,14.2,882.98,14.22000000,14.23000000,14.20000000,14.21000000,1361.13000000,14.207,14.207,14.207,14.207,0.32440563,,,,,0.0
2022-03-04 17:33,14.2,14.2,14.19,14.19,118.99,14.20000000,14.21000000,14.19000000,14.20000000,505.65000000,14.21,14.21,14.21,14.21,0.2080272,,,,,0.0
2022-03-04 17:34,14.19,14.2,14.19,14.19,2029.2,14.19000000,14.21000000,14.19000000,14.19000000,2533.16000000,,,,,,,,,,0.0
2022-03-04 17:35,14.19,14.2,14.19,14.2,297.69,14.20000000,14.21000000,14.19000000,14.20000000,1307.61000000,,,,,,14.1986,14.1986,14.1986,14.1986,0.41980405
2022-03-04 17:36,14.2,14.21,14.16,14.19,14723.54,14.21000000,14.21000000,14.18000000,14.20000000,7246.23000000,14.213,14.213,14.213,14.213,38.22832667,,,,,0.0
2022-03-04 17:37,14.18,14.19,14.18,14.19,439.83,14.20000000,14.20000000,14.19000000,14.19000000,662.94000000,14.196,14.196,14.196,14.196,0.35151098,,,,,0.0
2022-03-04 17:38,14.18,14.19,14.18,14.18,1308.07,14.19000000,14.19000000,14.18000000,14.19000000,1644.28000000,14.199,14.199,14.199,14.199,0.39716761,14.19629,14.19629,14.18225,14.18225,153.34507042
2022-03-04 17:39,14.18,14.2,14.18,14.2,2099.54,14.19000000,14.21000000,14.19000000,14.21000000,716.13000000,,,,,,,,,,0.0
2022-03-04 17:40,14.2,14.2,14.15,14.15,3858.4,14.20000000,14.20000000,14.17000000,14.17000000,11123.46000000,14.179,14.179,14.179,14.179,8.0745,14.1957,14.1957,14.16247,14.16247,19.92184457
2022-03-04 17:41,14.15,14.16,14.14,14.14,949.24,14.16000000,14.17000000,14.14000000,14.15000000,3081.23000000,14.157,14.157,14.157,14.157,0.20700524,,,,,0.0
2022-03-04 17:42,14.14,14.14,14.13,14.14,570.46,14.14000000,14.15000000,14.14000000,14.15000000,64.29000000,,,,,,,,,,0.0
2022-03-04 17:43,14.13,14.13,14.1,14.1,3845.8,14.15000000,14.15000000,14.10000000,14.10000000,4997.05000000,14.155,14.155,14.119,14.119,372.53614703,14.14805,14.14805,14.10386,14.10386,25212.86482481
2022-03-04 17:44,14.09,14.11,14.09,14.1,3117.36,14.10000000,14.11000000,14.09000000,14.09000000,3874.22000000,,,,,,14.1032,14.1032,14.1032,14.1032,3.6171382
2022-03-04 17:45,14.1,14.11,14.1,14.11,62.48,14.10000000,14.11000000,14.09000000,14.11000000,452.62000000,,,,,,14.1091,14.1091,14.1091,14.1091,100.0
2022-03-04 17:46,14.11,14.11,14.09,14.11,1380.27,14.10000000,14.11000000,14.08000000,14.11000000,1746.98000000,14.113,14.113,14.113,14.113,37.6625,14.10278,14.10278,14.08411,14.08485,77.54131265000001
2022-03-04 17:47,14.11,14.12,14.11,14.11,2324.73,14.11000000,14.13000000,14.11000000,14.11000000,1200.08000000,14.125,14.129,14.125,14.129,0.59139807,,,,,0.0
2022-03-04 17:48,14.12,14.12,14.12,14.12,1493.51,14.12000000,14.12000000,14.11000000,14.11000000,2163.42000000,,,,,,,,,,0.0
2022-03-04 17:49,14.12,14.13,14.11,14.12,764.82,14.12000000,14.13000000,14.11000000,14.12000000,580.72000000,,,,,,,,,,0.0
2022-03-04 17:50,14.11,14.13,14.11,14.12,1367.62,14.11000000,14.13000000,14.11000000,14.11000000,762.48000000,,,,,,,,,,0.0
2022-03-04 17:51,14.12,14.12,14.11,14.12,15.08,14.11000000,14.12000000,14.11000000,14.11000000,286.37000000,,,,,,,,,,0.0
2022-03-04 17:52,14.11,14.12,14.11,14.12,517.04,14.11000000,14.13000000,14.11000000,14.12000000,1893.13000000,,,,,,,,,,0.0
2022-03-04 17:53,14.12,14.15,14.12,14.15,1473.02,14.13000000,14.14000000,14.12000000,14.14000000,371.05000000,14.125,14.144,14.125,14.144,15.34545339,,,,,0.0
2022-03-04 17:54,14.15,14.16,14.14,14.14,2444.62,14.14000000,14.16000000,14.13000000,14.14000000,3751.20000000,14.157,14.16,14.139,14.139,19.38257759,14.15551,14.15656,14.14672,14.14672,72.55587698
2022-03-04 17:55,14.15,14.15,14.14,14.14,68.34,14.14000000,14.14000000,14.14000000,14.14000000,39.07000000,14.16,14.16,14.148,14.148,0.6241643,,,,,0.0
2022-03-04 17:56,14.15,14.16,14.14,14.14,837.89,14.14000000,14.16000000,14.13000000,14.13000000,2636.65000000,14.169,14.169,14.157,14.157,0.5923067,,,,,0.0
2022-03-04 17:57,14.14,14.15,14.14,14.14,896.63,14.14000000,14.15000000,14.14000000,14.14000000,1789.02000000,,,,,,,,,,0.0
2022-03-04 17:58,14.14,14.15,14.14,14.15,462.69,14.14000000,14.15000000,14.14000000,14.15000000,949.65000000,,,,,,,,,,0.0
2022-03-04 17:59,14.15,14.15,14.15,14.15,513.93,14.15000000,14.15000000,14.15000000,14.15000000,626.10000000,,,,,,14.14893,14.14893,14.14893,14.14893,2.08277096
2022-03-04 18:00,14.16,14.16,14.15,14.15,555.75,14.15000000,14.17000000,14.14000000,14.15000000,3629.30000000,14.168,14.168,14.168,14.168,0.39222588,,,,,0.0
2022-03-04 18:01,14.14,14.17,14.14,14.17,2662.49,14.14000000,14.18000000,14.14000000,14.18000000,1129.27000000,,,,,,14.14887,14.14887,14.14887,14.14887,13.82062954
2022-03-04 18:02,14.17,14.18,14.17,14.17,836.77,14.18000000,14.18000000,14.17000000,14.17000000,530.43000000,14.176,14.176,14.176,14.176,0.31906763,14.1635,14.1635,14.1635,14.1635,45.901696
2022-03-04 18:03,14.17,14.18,14.16,14.17,3744.49,14.17000000,14.18000000,14.17000000,14.17000000,1309.40000000,,,,,,,,,,0.0
2022-03-04 18:04,14.17,14.19,14.17,14.18,936.35,14.16000000,14.18000000,14.16000000,14.18000000,795.99000000,14.194,14.194,14.194,14.194,0.35827758,,,,,0.0
2022-03-04 18:05,14.18,14.19,14.17,14.17,1708.41,14.18000000,14.19000000,14.17000000,14.17000000,2525.47000000,14.193,14.193,14.193,14.193,100.0,14.18855,14.18855,14.18855,14.18855,45.883334319999996
2022-03-04 18:06,14.18,14.19,14.18,14.19,5038.49,14.18000000,14.18000000,14.18000000,14.18000000,615.35000000,,,,,,,,,,0.0
2022-03-04 18:07,14.19,14.19,14.18,14.19,677.4,14.18000000,14.19000000,14.18000000,14.18000000,1160.95000000,,,,,,,,,,0.0
2022-03-04 18:08,14.19,14.19,14.19,14.19,21.46,14.18000000,14.19000000,14.18000000,14.19000000,123.46000000,,,,,,14.18855,14.18855,14.17946,14.17946,141.0
2022-03-04 18:09,14.18,14.19,14.18,14.18,182.41,14.19000000,14.19000000,14.17000000,14.18000000,1622.78000000,,,,,,,,,,0.0
2022-03-04 18:10,14.18,14.18,14.16,14.17,2557.94,14.18000000,14.19000000,14.16000000,14.16000000,1148.13000000,,,,,,14.17474,14.17474,14.165,14.165,7.47765999
2022-03-04 18:11,14.17,14.17,14.16,14.16,43.83,14.16000000,14.17000000,14.16000000,14.16000000,540.53000000,14.18,14.18,14.18,14.18,0.25243334,,,,,0.0
2022-03-04 18:12,14.15,14.16,14.14,14.15,176.99,14.16000000,14.16000000,14.14000000,14.14000000,821.20000000,14.162,14.162,14.162,14.162,0.37387324,,,,,0.0
2022-03-04 18:13,14.15,14.15,14.15,14.15,1108.98,14.15000000,14.16000000,14.14000000,14.15000000,1765.38000000,14.166,14.166,14.166,14.166,0.28067473,,,,,0.0
2022-03-04 18:14,14.15,14.15,14.14,14.15,1118.38,14.14000000,14.15000000,14.14000000,14.15000000,793.09000000,,,,,,,,,,0.0
2022-03-04 18:15,14.15,14.16,14.15,14.15,610.56,14.14000000,14.15000000,14.14000000,14.15000000,518.57000000,,,,,,,,,,0.0
2022-03-04 18:16,14.16,14.16,14.14,14.15,1773.33,14.16000000,14.16000000,14.14000000,14.14000000,1891.72000000,14.165,14.165,14.165,14.165,10.024,,,,,0.0
2022-03-04 18:17,14.13,14.13,14.11,14.11,1253.31,14.14000000,14.14000000,14.10000000,14.11000000,12655.57000000,14.145,14.145,14.13,14.13,128.59843921,14.14525,14.14525,14.10498,14.10498,99.08065178
2022-03-04 18:18,14.11,14.11,14.1,14.1,13.04,14.11000000,14.11000000,14.10000000,14.11000000,1948.97000000,,,,,,,,,,0.0
2022-03-04 18:19,14.11,14.12,14.1,14.1,1030.14,14.10000000,14.12000000,14.10000000,14.11000000,3976.47000000,,,,,,,,,,0.0
2022-03-04 18:20,14.1,14.14,14.1,14.14,875.96,14.11000000,14.14000000,14.11000000,14.14000000,4188.05000000,14.132,14.156,14.132,14.156,61.13916706,14.11559,14.11559,14.11559,14.11559,154.25891689
2022-03-04 18:21,14.14,14.14,14.13,14.14,257.17,14.14000000,14.15000000,14.13000000,14.14000000,2143.63000000,,,,,,,,,,0.0
2022-03-04 18:22,14.13,14.14,14.1,14.11,1562.12,14.14000000,14.14000000,14.11000000,14.11000000,11808.77000000,14.136,14.136,14.133,14.133,0.76031778,,,,,0.0
2022-03-04 18:23,14.12,14.12,14.1,14.11,3145.99,14.11000000,14.11000000,14.10000000,14.10000000,681.34000000,,,,,,,,,,0.0
2022-03-04 18:24,14.11,14.12,14.08,14.08,1538.74,14.11000000,14.12000000,14.08000000,14.08000000,2887.89000000,14.119,14.119,14.119,14.119,0.32417492,14.10882,14.10882,14.10882,14.10882,4.24673786
2022-03-04 18:25,14.09,14.11,14.09,14.11,834.91,14.09000000,14.11000000,14.09000000,14.11000000,1339.77000000,,,,,,,,,,0.0
2022-03-04 18:26,14.1,14.11,14.09,14.11,330.18,14.10000000,14.12000000,14.10000000,14.10000000,1580.41000000,,,,,,14.10585,14.10585,14.10034,14.10034,1593.8913454199999
2022-03-04 18:27,14.09,14.1,14.08,14.1,1051.92,14.11000000,14.12000000,14.09000000,14.09000000,1436.50000000,14.108,14.108,14.108,14.108,0.32081655,,,,,0.0
2022-03-04 18:28,14.1,14.11,14.1,14.11,530.7,14.10000000,14.11000000,14.10000000,14.11000000,723.24000000,14.127,14.127,14.123,14.123,4.10213165,14.1,14.1,14.1,14.1,173.60796614999998
2022-03-04 18:29,14.11,14.11,14.1,14.11,112.86,14.11000000,14.11000000,14.10000000,14.10000000,431.28000000,,,,,,,,,,0.0
2022-03-04 18:30,14.11,14.11,14.1,14.11,26.3,14.11000000,14.12000000,14.10000000,14.11000000,2940.01000000,,,,,,,,,,0.0
2022-03-04 18:31,14.1,14.12,14.1,14.11,746.06,14.10000000,14.12000000,14.09000000,14.12000000,1677.66000000,,,,,,14.09908,14.1,14.09908,14.1,4961.54033395
2022-03-04 18:32,14.11,14.12,14.1,14.11,1676.35,14.11000000,14.12000000,14.10000000,14.10000000,1785.40000000,,,,,,,,,,0.0
2022-03-04 18:33,14.11,14.11,14.11,14.11,209.71,14.10000000,14.12000000,14.10000000,14.11000000,990.08000000,,,,,,14.1,14.1,14.1,14.1,371.01445545
2022-03-04 18:34,14.11,14.11,14.1,14.11,862.44,14.12000000,14.12000000,14.11000000,14.11000000,210.16000000,,,,,,14.1,14.1,14.1,14.1,254.79020624
2022-03-04 18:35,14.1,14.11,14.1,14.1,240.13,14.10000000,14.11000000,14.10000000,14.10000000,1773.10000000,,,,,,,,,,0.0
2022-03-04 18:36,14.1,14.1,14.08,14.09,562.03,14.10000000,14.10000000,14.08000000,14.10000000,1710.42000000,14.106,14.106,14.106,14.106,10.344528,14.08935,14.08935,14.08935,14.08935,0.37509091
2022-03-04 18:37,14.09,14.1,14.08,14.08,836.0,14.09000000,14.11000000,14.09000000,14.10000000,2938.08000000,14.11,14.112,14.11,14.112,144.34300000000002,14.09633,14.09633,14.09126,14.09256,1586.22816267
2022-03-04 18:38,14.09,14.11,14.09,14.11,1191.0,14.10000000,14.12000000,14.09000000,14.11000000,3291.18000000,14.129,14.129,14.129,14.129,0.29929712,14.1,14.1,14.1,14.1,6245.68950359
2022-03-04 18:39,14.11,14.12,14.1,14.1,1250.42,14.11000000,14.13000000,14.11000000,14.13000000,1445.74000000,14.118,14.14,14.118,14.14,0.44679915000000003,14.1,14.1,14.1,14.1,17911.131741099998
2022-03-04 18:40,14.11,14.11,14.1,14.1,261.66,14.12000000,14.12000000,14.10000000,14.11000000,946.72000000,14.13,14.13,14.113,14.113,0.56621252,14.1,14.1,14.1,14.1,20.054318350000003
2022-03-04 18:41,14.1,14.1,14.06,14.06,1570.07,14.11000000,14.11000000,14.06000000,14.06000000,2269.04000000,14.101,14.101,14.079,14.079,1.92615295,14.09496,14.09496,14.05291,14.05291,762.93168753
2022-03-04 18:42,14.05,14.06,14.01,14.01,2597.71,14.05000000,14.07000000,14.02000000,14.02000000,8525.56000000,14.066,14.066,14.044,14.044,28.04521994,14.05262,14.05262,14.03366,14.03366,55.58140311
2022-03-04 18:43,14.02,14.04,13.98,13.98,9861.2,14.02000000,14.04000000,13.98000000,13.99000000,21450.98000000,14.034,14.052,14.001,14.001,202.55633518,14.02937,14.02937,14.0,14.0,11381.98623606
2022-03-04 18:44,13.99,14.02,13.99,14.01,1153.33,13.99000000,14.02000000,13.99000000,14.02000000,6609.05000000,14.025,14.03,14.016,14.016,7.48822073,,,,,0.0
2022-03-04 18:45,14.02,14.02,14.01,14.02,787.71,14.02000000,14.03000000,14.01000000,14.02000000,1836.50000000,14.025,14.025,14.025,14.025,0.2768739,14.01613,14.01613,14.01613,14.01613,0.32827433
2022-03-04 18:46,14.02,14.02,13.99,13.99,1096.99,14.02000000,14.02000000,14.01000000,14.01000000,2296.68000000,14.021,14.021,14.02,14.02,56.894800000000004,,,,,0.0
2022-03-04 18:47,14.0,14.0,13.98,13.98,593.35,14.01000000,14.01000000,13.97000000,13.98000000,8656.93000000,14.012,14.013,13.997,13.997,35.24959754,14.00493,14.00493,13.98143,13.98143,83.29851094
2022-03-04 18:48,13.97,14.0,13.96,14.0,3694.52,13.98000000,14.00000000,13.97000000,13.99000000,3956.30000000,13.986,14.001,13.986,14.001,2.58611132,,,,,0.0
2022-03-04 18:49,13.99,14.02,13.99,14.01,3787.25,14.00000000,14.02000000,13.99000000,14.01000000,2473.68000000,14.015,14.015,14.015,14.015,0.25614411,13.99139,14.0,13.99139,14.0,2346.09981359
2022-03-04 18:50,14.01,14.02,14.01,14.01,474.74,14.01000000,14.02000000,14.00000000,14.01000000,2958.25000000,,,,,,14.0,14.0,13.9981,13.9981,7060.14277671
2022-03-04 18:51,14.01,14.03,14.01,14.03,486.73,14.01000000,14.02000000,14.01000000,14.02000000,1097.06000000,14.031,14.031,14.031,14.031,0.3381444,14.0,14.0,14.0,14.0,31669.664797010002
2022-03-04 18:52,14.03,14.03,14.01,14.02,824.61,14.02000000,14.03000000,14.01000000,14.01000000,3523.83000000,,,,,,14.0,14.0,14.0,14.0,1010.27253005
2022-03-04 18:53,14.02,14.02,14.01,14.01,522.04,14.02000000,14.03000000,14.01000000,14.01000000,698.98000000,,,,,,14.0,14.0,14.0,14.0,4352.97993102
2022-03-04 18:54,14.01,14.02,14.01,14.01,129.65,14.01000000,14.02000000,14.00000000,14.00000000,712.49000000,,,,,,,,,,0.0
2022-03-04 18:55,14.0,14.03,14.0,14.03,611.84,14.01000000,14.02000000,14.01000000,14.02000000,1562.49000000,14.035,14.035,14.035,14.035,0.3860211,14.0,14.0,14.0,14.0,9924.65922889
2022-03-04 18:56,14.01,14.01,13.98,13.98,416.28,14.01000000,14.01000000,14.00000000,14.00000000,1674.18000000,14.011,14.011,14.01,14.01,6.8060674,,,,,0.0
2022-03-04 18:57,13.99,13.99,13.98,13.99,1226.87,13.99000000,13.99000000,13.98000000,13.99000000,4177.90000000,13.996,13.997,13.996,13.997,15.8167042,,,,,0.0
2022-03-04 18:58,13.99,14.0,13.99,13.99,669.77,13.99000000,14.00000000,13.98000000,14.00000000,1401.39000000,,,,,,,,,,0.0
2022-03-04 18:59,13.99,13.99,13.97,13.99,1720.23,13.99000000,13.99000000,13.97000000,13.97000000,3256.91000000,,,,,,,,,,0.0
2022-03-04 19:00,13.99,14.0,13.99,13.99,354.65,13.98000000,14.00000000,13.97000000,13.99000000,2033.13000000,,,,,,13.98233,13.9864,13.98233,13.9864,10.21506053
2022-03-04 19:01,13.98,13.98,13.96,13.97,1498.45,13.99000000,13.99000000,13.97000000,13.97000000,2082.92000000,,,,,,,,,,0.0
2022-03-04 19:02,13.97,13.97,13.94,13.94,2543.94,13.98000000,13.98000000,13.94000000,13.95000000,2631.85000000,13.985,13.985,13.973,13.973,39.53900962,13.97119,13.97119,13.93349,13.93349,195.67631225
2022-03-04 19:03,13.95,13.95,13.91,13.91,996.52,13.94000000,13.95000000,13.92000000,13.93000000,5115.90000000,13.956,13.956,13.942,13.942,64.52761326999999,13.93288,13.93288,13.92451,13.92451,32.9114924
2022-03-04 19:04,13.92,13.93,13.9,13.9,7295.09,13.92000000,13.93000000,13.90000000,13.92000000,11358.38000000,13.933,13.934,13.918,13.918,84.49932588,13.92389,13.92389,13.91308,13.91308,46.6784902
2022-03-04 19:05,13.93,13.94,13.92,13.92,895.08,13.92000000,13.94000000,13.92000000,13.94000000,7314.79000000,13.934,13.953,13.934,13.945,13.87804141,13.92389,13.92389,13.92389,13.92389,2.22214686
2022-03-04 19:06,13.93,13.93,13.93,13.93,26.41,13.94000000,13.94000000,13.93000000,13.94000000,655.39000000,13.935,13.945,13.935,13.945,3.8900686700000002,13.93097,13.93097,13.93097,13.93097,1.24428
2022-03-04 19:07,13.93,13.93,13.92,13.92,738.85,13.94000000,13.94000000,13.93000000,13.93000000,2032.28000000,,,,,,13.92769,13.92769,13.92769,13.92769,11.9923741
2022-03-04 19:08,13.91,13.92,13.89,13.89,2192.39,13.92000000,13.92000000,13.89000000,13.89000000,5070.71000000,13.923,13.923,13.914,13.914,2.3926195399999997,13.92623,13.92623,13.90508,13.90508,523.7785900900001
2022-03-04 19:09,13.89,13.89,13.83,13.85,31543.7,13.89000000,13.89000000,13.84000000,13.85000000,17261.73000000,13.911,13.911,13.864,13.873,120.2514963,13.90508,13.90508,13.84441,13.85652,801.66017721
2022-03-04 19:10,13.84,13.85,13.81,13.82,12730.66,13.85000000,13.86000000,13.81000000,13.83000000,14633.57000000,13.86,13.86,13.828,13.828,230.55803351,13.85402,13.85402,13.8271,13.8271,73.76439118
2022-03-04 19:11,13.82,13.85,13.81,13.81,3429.99,13.83000000,13.85000000,13.81000000,13.81000000,6160.95000000,13.827,13.85,13.827,13.829,166.03598846,13.82251,13.8271,13.81367,13.81367,257.49616466
2022-03-04 19:12,13.81,13.82,13.8,13.8,3266.83,13.81000000,13.83000000,13.79000000,13.81000000,19957.55000000,13.83,13.841,13.81,13.817,114.85315871,13.81786,13.81786,13.81,13.81,27.74130112
2022-03-04 19:13,13.81,13.82,13.79,13.81,1833.2,13.81000000,13.83000000,13.79000000,13.81000000,3364.31000000,13.812,13.836,13.812,13.836,30.0,13.8,13.81,13.8,13.81,147.57612
2022-03-04 19:14,13.81,13.83,13.81,13.82,2914.2,13.82000000,13.84000000,13.81000000,13.82000000,2670.58000000,13.837,13.842,13.837,13.842,91.9255688,13.82,13.82,13.81249,13.81529,3143.4139903699997
2022-03-04 19:15,13.83,13.83,13.81,13.82,332.9,13.83000000,13.84000000,13.80000000,13.81000000,1533.51000000,13.827,13.827,13.827,13.827,0.30243976,,,,,0.0
2022-03-04 19:16,13.81,13.83,13.81,13.83,1548.76,13.82000000,13.85000000,13.81000000,13.85000000,5655.92000000,13.848,13.848,13.848,13.848,0.36069511,13.8152,13.82,13.81305,13.82,3269.40592529
2022-03-04 19:17,13.84,13.85,13.79,13.79,4352.29,13.85000000,13.85000000,13.79000000,13.80000000,3741.24000000,13.827,13.827,13.827,13.827,0.27520168,13.82,13.82,13.82,13.82,708.00283371
2022-03-04 19:18,13.8,13.83,13.8,13.82,966.96,13.79000000,13.83000000,13.79000000,13.83000000,4792.55000000,13.854,13.854,13.839,13.839,0.6987689699999999,,,,,0.0
2022-03-04 19:19,13.83,13.84,13.82,13.83,3820.73,13.83000000,13.84000000,13.81000000,13.84000000,1396.95000000,,,,,,,,,,0.0
2022-03-04 19:20,13.82,13.84,13.81,13.84,1740.91,13.83000000,13.85000000,13.81000000,13.83000000,7920.98000000,13.827,13.838,13.827,13.838,10.22473965,13.82,13.82,13.80001,13.82,7750.27716993
2022-03-04 19:21,13.83,13.87,13.83,13.87,1469.3,13.84000000,13.88000000,13.83000000,13.88000000,12756.65000000,13.86,13.874,13.86,13.874,9.28476824,13.82,13.86366,13.82,13.86366,3716.2892789400003
2022-03-04 19:22,13.88,13.88,13.85,13.85,1838.7,13.88000000,13.89000000,13.85000000,13.85000000,2914.74000000,13.887,13.887,13.875,13.875,0.6350033399999999,,,,,0.0
2022-03-04 19:23,13.84,13.88,13.84,13.88,3008.82,13.85000000,13.88000000,13.84000000,13.87000000,3898.75000000,13.865,13.885,13.865,13.885,10.24505708,,,,,0.0
2022-03-04 19:24,13.86,13.87,13.85,13.86,721.12,13.87000000,13.87000000,13.85000000,13.85000000,2359.68000000,13.874,13.874,13.861,13.861,100.23523664999999,13.85395,13.85395,13.85395,13.85395,31.5639845
2022-03-04 19:25,13.87,13.92,13.86,13.92,614.46,13.85000000,13.94000000,13.85000000,13.93000000,13201.22000000,13.881,13.932,13.881,13.932,11.63452815,13.85395,13.85395,13.85395,13.85395,0.52386336
2022-03-04 19:26,13.93,13.93,13.91,13.91,856.86,13.93000000,13.94000000,13.91000000,13.92000000,3627.69000000,13.93,13.937,13.912,13.937,14.45375831,13.91657,13.91657,13.91657,13.91657,4.0
2022-03-04 19:27,13.91,13.92,13.9,13.91,477.27,13.92000000,13.92000000,13.90000000,13.90000000,2142.91000000,13.917,13.926,13.906,13.906,0.84675055,,,,,0.0
2022-03-04 19:28,13.9,13.91,13.88,13.91,3665.42,13.90000000,13.91000000,13.88000000,13.90000000,3975.86000000,13.914,13.914,13.908,13.908,2.9585344100000004,13.88696,13.88696,13.88694,13.88694,183.617996
2022-03-04 19:29,13.89,13.91,13.88,13.9,959.49,13.91000000,13.91000000,13.87000000,13.90000000,3865.13000000,,,,,,13.88704,13.88704,13.88704,13.88704,145.038437
2022-03-04 19:30,13.89,13.9,13.87,13.89,2263.45,13.90000000,13.90000000,13.87000000,13.89000000,3371.63000000,,,,,,13.86571,13.86571,13.86571,13.86571,1.0
2022-03-04 19:31,13.89,13.92,13.89,13.92,1009.84,13.89000000,13.93000000,13.88000000,13.93000000,3589.09000000,13.905,13.942,13.905,13.942,11.69046134,,,,,0.0
2022-03-04 19:32,13.93,13.93,13.9,13.91,1177.1,13.93000000,13.93000000,13.90000000,13.91000000,2299.28000000,13.919,13.919,13.919,13.919,0.28876155,,,,,0.0
2022-03-04 19:33,13.91,13.92,13.9,13.91,111.97,13.91000000,13.91000000,13.90000000,13.90000000,306.07000000,,,,,,,,,,0.0
2022-03-04 19:34,13.91,13.91,13.89,13.91,777.64,13.90000000,13.91000000,13.89000000,13.91000000,1067.93000000,13.91,13.91,13.91,13.91,38.6977,,,,,0.0
2022-03-04 19:35,13.9,13.9,13.85,13.85,705.35,13.91000000,13.91000000,13.86000000,13.86000000,2165.27000000,13.897,13.897,13.881,13.881,0.66506661,,,,,0.0
2022-03-04 19:36,13.86,13.88,13.85,13.87,936.85,13.86000000,13.87000000,13.85000000,13.86000000,2147.16000000,13.877,13.879,13.86,13.879,35.8459927,,,,,0.0
2022-03-04 19:37,13.87,13.88,13.86,13.87,950.58,13.86000000,13.89000000,13.85000000,13.87000000,3059.86000000,13.881,13.9,13.881,13.881,61.734313,,,,,0.0
2022-03-04 19:38,13.87,13.89,13.86,13.87,527.84,13.88000000,13.89000000,13.86000000,13.89000000,2612.38000000,13.881,13.881,13.881,13.881,0.02394076,,,,,0.0
2022-03-04 19:39,13.89,13.89,13.84,13.85,356.64,13.88000000,13.88000000,13.85000000,13.86000000,1151.89000000,13.899,13.899,13.881,13.881,1.12182216,,,,,0.0
2022-03-04 19:40,13.85,13.86,13.84,13.85,470.74,13.85000000,13.86000000,13.84000000,13.85000000,2423.51000000,13.866,13.866,13.866,13.866,0.32969259,,,,,0.0
2022-03-04 19:41,13.85,13.86,13.84,13.85,500.65,13.85000000,13.86000000,13.84000000,13.85000000,1139.82000000,,,,,,,,,,0.0
2022-03-04 19:42,13.85,13.85,13.82,13.83,1680.95,13.85000000,13.86000000,13.82000000,13.82000000,4208.37000000,13.858,13.858,13.858,13.858,0.25082542,13.82956,13.82956,13.82933,13.82933,61.40427
2022-03-04 19:43,13.83,13.83,13.81,13.82,438.52,13.83000000,13.83000000,13.81000000,13.82000000,1337.59000000,13.842,13.842,13.813,13.839,0.7960087,13.81327,13.81327,13.81327,13.81327,0.46859
2022-03-04 19:44,13.82,13.83,13.8,13.83,717.31,13.82000000,13.83000000,13.81000000,13.83000000,3009.27000000,13.832,13.84,13.832,13.84,12.861479,13.81401,13.81401,13.81332,13.81332,500.0
2022-03-04 19:45,13.83,13.83,13.81,13.83,822.97,13.82000000,13.83000000,13.81000000,13.83000000,2991.51000000,,,,,,,,,,0.0
2022-03-04 19:46,13.82,13.84,13.82,13.84,658.91,13.82000000,13.84000000,13.81000000,13.84000000,1478.71000000,,,,,,,,,,0.0
2022-03-04 19:47,13.83,13.85,13.82,13.84,1071.58,13.84000000,13.85000000,13.83000000,13.84000000,1910.65000000,13.858,13.858,13.858,13.858,0.33677088,,,,,0.0
2022-03-04 19:48,13.83,13.84,13.83,13.83,1544.82,13.84000000,13.84000000,13.83000000,13.83000000,1157.15000000,,,,,,13.82772,13.82772,13.82772,13.82772,3.00752
2022-03-04 19:49,13.83,13.84,13.77,13.77,3977.57,13.83000000,13.84000000,13.78000000,13.78000000,14093.88000000,13.85,13.85,13.8,13.808,30.4429731,13.8,13.8,13.78427,13.78427,145.39559925
2022-03-04 19:50,13.78,13.85,13.78,13.83,3974.77,13.78000000,13.85000000,13.78000000,13.83000000,7816.31000000,13.818,13.838,13.818,13.838,12.053062689999999,13.7946,13.83498,13.78706,13.83054,65.47235129
2022-03-04 19:51,13.83,13.87,13.83,13.85,1577.54,13.83000000,13.87000000,13.83000000,13.84000000,6853.22000000,13.852,13.852,13.852,13.852,10.0,13.82366,13.85298,13.82363,13.84766,190.26483405
2022-03-04 19:52,13.83,13.84,13.78,13.78,6136.64,13.85000000,13.85000000,13.78000000,13.78000000,3013.56000000,13.841,13.841,13.818,13.818,0.45374122,13.84266,13.84266,13.79536,13.79536,45.6350918
2022-03-04 19:53,13.79,13.81,13.75,13.81,7740.56,13.79000000,13.82000000,13.74000000,13.81000000,11646.92000000,13.788,13.828,13.756,13.828,78.9536912,13.7849,13.80449,13.75627,13.80449,271.21475465
2022-03-04 19:54,13.81,13.84,13.81,13.84,1047.78,13.81000000,13.83000000,13.81000000,13.82000000,5673.29000000,13.827,13.827,13.827,13.827,38.64634322,13.81179,13.82734,13.81069,13.82733,54.98827085
2022-03-04 19:55,13.83,13.83,13.78,13.78,1549.9,13.82000000,13.83000000,13.78000000,13.78000000,2614.34000000,13.803,13.803,13.803,13.803,0.30138194,13.82357,13.82357,13.78474,13.78474,36.65783544
2022-03-04 19:56,13.79,13.81,13.78,13.8,4218.39,13.78000000,13.81000000,13.78000000,13.80000000,1742.99000000,13.824,13.824,13.815,13.815,0.5368869700000001,13.77693,13.80678,13.77693,13.79394,47.203723679999996
2022-03-04 19:57,13.8,13.81,13.79,13.8,2089.77,13.79000000,13.81000000,13.79000000,13.80000000,2441.36000000,,,,,,13.79441,13.79441,13.79243,13.7931,92.27848991
2022-03-04 19:58,13.79,13.8,13.76,13.77,1731.6,13.80000000,13.80000000,13.76000000,13.77000000,4024.55000000,13.801,13.801,13.781,13.781,10.32977271,13.79001,13.79001,13.76298,13.76298,429.29979000000003
2022-03-04 19:59,13.76,13.78,13.72,13.74,14016.05,13.76000000,13.77000000,13.69000000,13.75000000,62714.27000000,13.764,13.778,13.726,13.741,859.23623084,13.76001,13.76001,13.72,13.72,1004.7173675600001
2022-03-04 20:00,13.76,13.77,13.73,13.73,2702.89,13.75000000,13.76000000,13.71000000,13.72000000,12557.62000000,13.75,13.763,13.743,13.743,78.99019199,13.74074,13.753,13.74074,13.753,217.52628703
2022-03-04 20:01,13.74,13.75,13.72,13.75,4581.33,13.73000000,13.75000000,13.70000000,13.74000000,6090.86000000,13.739,13.758,13.739,13.758,20.0,13.7194,13.73687,13.7194,13.73687,37.875229780000005
2022-03-04 20:02,13.74,13.81,13.74,13.81,2937.38,13.75000000,13.81000000,13.75000000,13.81000000,7193.96000000,13.763,13.814,13.763,13.814,30.26968573,13.76233,13.76233,13.76233,13.76233,107.39718
2022-03-04 20:03,13.82,13.83,13.8,13.81,3828.04,13.81000000,13.83000000,13.80000000,13.81000000,7175.80000000,,,,,,,,,,0.0
2022-03-04 20:04,13.81,13.82,13.78,13.79,3064.06,13.81000000,13.82000000,13.78000000,13.79000000,4435.63000000,13.803,13.803,13.803,13.803,0.30973542,,,,,0.0
2022-03-04 20:05,13.8,13.8,13.78,13.8,289.93,13.79000000,13.80000000,13.78000000,13.79000000,1086.48000000,,,,,,13.78252,13.78252,13.78252,13.78252,0.7
2022-03-04 20:06,13.8,13.82,13.79,13.81,1924.79,13.80000000,13.83000000,13.79000000,13.81000000,3049.21000000,13.812,13.825,13.812,13.825,3.6415768,13.80782,13.80782,13.80782,13.80782,50.0
2022-03-04 20:07,13.81,13.82,13.79,13.79,1395.89,13.80000000,13.81000000,13.78000000,13.78000000,3315.04000000,13.818,13.818,13.789,13.789,0.55297242,13.80483,13.80505,13.79,13.79,1269.61582192
2022-03-04 20:08,13.79,13.8,13.78,13.8,2428.65,13.78000000,13.80000000,13.77000000,13.79000000,3813.81000000,13.793,13.817,13.793,13.817,15.608440530000001,,,,,0.0
2022-03-04 20:09,13.79,13.8,13.79,13.79,1609.76,13.79000000,13.79000000,13.78000000,13.79000000,2892.79000000,13.81,13.81,13.795,13.795,0.58079547,13.79263,13.79263,13.79263,13.79263,15.0
2022-03-04 20:10,13.8,13.81,13.79,13.8,455.07,13.79000000,13.80000000,13.78000000,13.79000000,3251.31000000,13.799,13.801,13.799,13.801,100.72358584,,,,,0.0
2022-03-04 20:11,13.8,13.8,13.78,13.79,1950.14,13.80000000,13.80000000,13.77000000,13.78000000,6793.21000000,,,,,,13.78964,13.78964,13.7896,13.78964,92.73803513
2022-03-04 20:12,13.78,13.78,13.74,13.74,2132.38,13.78000000,13.78000000,13.74000000,13.75000000,3390.11000000,13.788,13.788,13.769,13.769,0.59309217,13.77286,13.77286,13.76234,13.76234,130.39066872
2022-03-04 20:13,13.74,13.75,13.72,13.74,1710.31,13.75000000,13.75000000,13.72000000,13.72000000,4245.07000000,13.756,13.756,13.756,13.756,0.2492997,13.75,13.75,13.75,13.75,120.0
2022-03-04 20:14,13.73,13.74,13.69,13.71,11340.89,13.72000000,13.74000000,13.68000000,13.70000000,11550.41000000,13.74,13.74,13.71,13.724,25.465424080000002,13.71939,13.71939,13.69592,13.69592,67.17884380999999
2022-03-04 20:15,13.72,13.72,13.68,13.69,3866.93,13.71000000,13.72000000,13.68000000,13.69000000,9635.40000000,13.715,13.716,13.701,13.704,129.1405,13.69592,13.69592,13.69041,13.69041,11.006305
2022-03-04 20:16,13.68,13.71,13.65,13.68,6198.39,13.69000000,13.70000000,13.65000000,13.68000000,17265.88000000,13.692,13.701,13.68,13.696,108.0277,13.68631,13.68631,13.65774,13.65774,436.63290231999997
2022-03-04 20:17,13.68,13.71,13.62,13.64,52788.16,13.67000000,13.71000000,13.63000000,13.63000000,34569.05000000,13.694,13.712,13.655,13.656,1135.81338275,13.69015,13.69222,13.64368,13.64368,2201.90134519
2022-03-04 20:18,13.64,13.66,13.63,13.64,8362.29,13.64000000,13.66000000,13.62000000,13.64000000,12458.71000000,13.664,13.666,13.648,13.648,55.862671,13.64198,13.64198,13.63151,13.63151,148.48457354
2022-03-04 20:19,13.64,13.65,13.6,13.6,7202.52,13.64000000,13.65000000,13.61000000,13.61000000,5412.09000000,13.652,13.652,13.64,13.64,33.2277,13.63,13.63,13.61282,13.61282,259.10415001
2022-03-04 20:20,13.6,13.66,13.58,13.64,18619.59,13.61000000,13.66000000,13.58000000,13.65000000,26540.18000000,13.622,13.657,13.613,13.657,42.990237,13.61282,13.62757,13.6,13.62757,71.36219245000001
2022-03-04 20:21,13.65,13.65,13.63,13.65,5745.74,13.65000000,13.66000000,13.63000000,13.66000000,5037.71000000,13.661,13.67,13.655,13.67,40.0,,,,,0.0
2022-03-04 20:22,13.66,13.72,13.66,13.71,7708.31,13.66000000,13.73000000,13.66000000,13.71000000,32795.06000000,13.683,13.738,13.681,13.738,189.61795368,13.672,13.70239,13.64969,13.70239,5018.0
2022-03-04 20:23,13.7,13.74,13.67,13.69,6438.31,13.71000000,13.74000000,13.67000000,13.68000000,35952.82000000,13.713,13.752,13.702,13.702,1229.37385694,13.71955,13.72526,13.69055,13.69055,468.86937189
2022-03-04 20:24,13.69,13.69,13.65,13.66,4612.54,13.68000000,13.70000000,13.65000000,13.66000000,14026.42000000,13.704,13.704,13.679,13.679,101.3322,,,,,0.0
2022-03-04 20:25,13.65,13.67,13.64,13.65,3378.47,13.66000000,13.67000000,13.65000000,13.66000000,2389.88000000,13.673,13.678,13.673,13.678,20.0,13.65328,13.65328,13.65328,13.65328,0.9255302
2022-03-04 20:26,13.64,13.67,13.63,13.64,2720.03,13.66000000,13.68000000,13.64000000,13.64000000,10196.64000000,13.67,13.689,13.67,13.67,40.0,13.64969,13.64969,13.64838,13.64838,10.94699538
2022-03-04 20:27,13.65,13.72,13.64,13.7,2919.41,13.65000000,13.72000000,13.65000000,13.70000000,12445.16000000,13.684,13.715,13.684,13.715,84.72866544,13.70999,13.70999,13.70999,13.70999,4.37744042
2022-03-04 20:28,13.72,13.74,13.72,13.73,4536.13,13.71000000,13.75000000,13.71000000,13.73000000,5352.92000000,13.717,13.745,13.717,13.745,235.31724878,13.71775,13.73528,13.71775,13.73107,70.2333
2022-03-04 20:29,13.72,13.72,13.7,13.72,1104.54,13.72000000,13.73000000,13.69000000,13.72000000,6863.21000000,13.702,13.733,13.702,13.733,10.597089,13.73106,13.73106,13.70999,13.71,1.23563078
2022-03-04 20:30,13.73,13.74,13.69,13.72,9733.77,13.73000000,13.74000000,13.70000000,13.70000000,13355.01000000,13.705,13.723,13.705,13.723,0.6211148,13.73476,13.73476,13.71995,13.71995,67.87426341999999
2022-03-04 20:31,13.71,13.72,13.7,13.71,931.49,13.70000000,13.72000000,13.69000000,13.71000000,4640.92000000,13.737,13.737,13.724,13.724,0.67859274,13.70999,13.70999,13.70788,13.70788,0.29631
2022-03-04 20:32,13.71,13.73,13.7,13.73,453.37,13.71000000,13.73000000,13.70000000,13.72000000,2323.23000000,,,,,,13.70366,13.70366,13.70366,13.70366,1.06212497
2022-03-04 20:33,13.72,13.72,13.69,13.71,1359.64,13.73000000,13.73000000,13.69000000,13.70000000,2622.73000000,13.704,13.704,13.704,13.704,0.34995746,,,,,0.0
2022-03-04 20:34,13.69,13.71,13.69,13.71,1108.49,13.70000000,13.71000000,13.69000000,13.71000000,1017.61000000,13.72,13.72,13.72,13.72,0.33202319,13.70425,13.70925,13.70425,13.70925,6.1083647
2022-03-04 20:35,13.71,13.79,13.71,13.79,21549.56,13.72000000,13.80000000,13.72000000,13.79000000,28471.47000000,13.742,13.818,13.742,13.818,219.59707178,13.73528,13.7839,13.73528,13.7839,134.69306362
2022-03-04 20:36,13.79,13.8,13.75,13.76,1319.03,13.78000000,13.79000000,13.75000000,13.76000000,2920.72000000,13.787,13.787,13.772,13.772,0.6278976199999999,13.78833,13.8,13.78833,13.8,2696.59420289
2022-03-04 20:37,13.75,13.75,13.73,13.73,2937.31,13.76000000,13.76000000,13.72000000,13.72000000,2807.76000000,13.758,13.758,13.748,13.748,79.73857242,13.72578,13.72578,13.71314,13.71314,1111.0
2022-03-04 20:38,13.72,13.72,13.7,13.72,2294.96,13.72000000,13.73000000,13.69000000,13.73000000,6246.05000000,13.735,13.736,13.72,13.736,198.89403286,13.70975,13.70975,13.70975,13.70975,10.6953006
2022-03-04 20:39,13.71,13.72,13.71,13.72,517.49,13.72000000,13.73000000,13.71000000,13.71000000,4116.44000000,13.722,13.722,13.722,13.722,58.1816882,13.70975,13.71179,13.70975,13.71055,11.69867
2022-03-04 20:40,13.71,13.74,13.71,13.72,2232.14,13.71000000,13.74000000,13.70000000,13.73000000,2877.31000000,13.745,13.745,13.745,13.745,0.38143656,13.70976,13.70976,13.70976,13.70976,20.0
2022-03-04 20:41,13.73,13.81,13.73,13.81,20522.36,13.73000000,13.81000000,13.73000000,13.80000000,8896.05000000,13.726,13.818,13.726,13.818,20.61579314,13.73354,13.79767,13.73354,13.79767,16.75974533
2022-03-04 20:42,13.8,13.82,13.78,13.81,6910.11,13.80000000,13.82000000,13.79000000,13.81000000,6738.02000000,13.812,13.829,13.805,13.805,10.53544016,13.80334,13.80969,13.80334,13.80969,391.1993106
2022-03-04 20:43,13.81,13.87,13.81,13.86,27424.25,13.80000000,13.88000000,13.80000000,13.86000000,37782.53000000,13.818,13.858,13.818,13.858,729.87185653,13.81504,13.86763,13.81504,13.86763,1034.01502699
2022-03-04 20:44,13.87,13.87,13.81,13.81,2681.67,13.86000000,13.86000000,13.80000000,13.81000000,7589.15000000,13.844,13.844,13.829,13.829,133.1067,,,,,0.0
2022-03-04 20:45,13.81,13.83,13.8,13.82,4657.2,13.80000000,13.82000000,13.80000000,13.81000000,3607.04000000,13.823,13.829,13.813,13.829,79.8433323,13.81001,13.81688,13.81001,13.81688,325.0
2022-03-04 20:46,13.82,13.83,13.81,13.83,4763.57,13.81000000,13.83000000,13.80000000,13.83000000,3816.51000000,,,,,,13.81024,13.82793,13.81024,13.82793,16.69215371
2022-03-04 20:47,13.83,13.84,13.78,13.78,4476.83,13.83000000,13.83000000,13.78000000,13.78000000,8098.92000000,13.805,13.805,13.805,13.805,38.8958,13.81,13.81,13.8,13.8,1168.82861278
2022-03-04 20:48,13.78,13.78,13.76,13.77,1857.47,13.77000000,13.78000000,13.75000000,13.76000000,1891.85000000,13.787,13.787,13.773,13.775,106.28595029,,,,,0.0
2022-03-04 20:49,13.77,13.79,13.76,13.78,4280.13,13.77000000,13.79000000,13.77000000,13.78000000,2389.48000000,13.777,13.805,13.777,13.805,0.69905865,,,,,0.0
2022-03-04 20:50,13.79,13.8,13.77,13.8,2674.25,13.78000000,13.79000000,13.77000000,13.79000000,5276.18000000,13.79,13.79,13.79,13.79,0.33754464,,,,,0.0
2022-03-04 20:51,13.79,13.8,13.76,13.77,1739.88,13.79000000,13.79000000,13.76000000,13.77000000,1478.89000000,13.783,13.783,13.783,13.783,0.27304731,,,,,0.0
2022-03-04 20:52,13.77,13.8,13.77,13.78,1609.48,13.77000000,13.79000000,13.77000000,13.78000000,2383.68000000,13.785,13.797,13.785,13.797,89.31109676,13.79032,13.79116,13.79032,13.79116,100.0
2022-03-04 20:53,13.78,13.8,13.78,13.8,3269.56,13.78000000,13.80000000,13.78000000,13.80000000,1967.83000000,,,,,,,,,,0.0
2022-03-04 20:54,13.8,13.83,13.8,13.82,1517.97,13.80000000,13.83000000,13.80000000,13.83000000,2741.83000000,13.814,13.84,13.814,13.84,0.7247735799999999,,,,,0.0
2022-03-04 20:55,13.83,13.84,13.81,13.82,12659.86,13.83000000,13.84000000,13.80000000,13.81000000,3346.76000000,13.827,13.827,13.827,13.827,39.11701123,,,,,0.0
2022-03-04 20:56,13.81,13.83,13.81,13.82,1258.38,13.81000000,13.83000000,13.81000000,13.83000000,2983.09000000,,,,,,,,,,0.0
2022-03-04 20:57,13.82,13.84,13.82,13.83,1677.26,13.82000000,13.83000000,13.81000000,13.82000000,2770.79000000,13.83,13.844,13.83,13.844,33.69119430000001,13.81734,13.81734,13.81723,13.81723,620.34686318
2022-03-04 20:58,13.83,13.83,13.82,13.83,4777.79,13.82000000,13.83000000,13.81000000,13.81000000,961.10000000,13.832,13.832,13.832,13.832,0.33872133,13.81885,13.81885,13.81885,13.81885,1.63511
2022-03-04 20:59,13.83,13.83,13.79,13.79,2936.89,13.81000000,13.83000000,13.79000000,13.79000000,3088.48000000,13.811,13.811,13.811,13.811,0.2694182,13.80419,13.80419,13.80419,13.80419,17.99999999
2022-03-04 21:00,13.8,13.82,13.77,13.82,4744.89,13.78000000,13.81000000,13.77000000,13.81000000,1406.02000000,13.798,13.819,13.798,13.819,0.71948859,13.79449,13.81652,13.79435,13.81652,279.17450541
2022-03-04 21:01,13.82,13.83,13.8,13.81,670.69,13.82000000,13.83000000,13.81000000,13.81000000,1516.23000000,,,,,,,,,,0.0
2022-03-04 21:02,13.79,13.79,13.78,13.78,1671.12,13.81000000,13.81000000,13.77000000,13.78000000,3748.03000000,13.807,13.807,13.79,13.79,0.54235287,,,,,0.0
2022-03-04 21:03,13.78,13.78,13.74,13.74,2468.6,13.78000000,13.78000000,13.75000000,13.76000000,4684.03000000,13.779,13.779,13.779,13.779,0.23588228,13.78585,13.78585,13.78585,13.78585,15.0
2022-03-04 21:04,13.74,13.78,13.74,13.78,1814.44,13.76000000,13.77000000,13.73000000,13.76000000,3632.57000000,13.765,13.789,13.755,13.789,109.75556456999999,13.75424,13.76196,13.75424,13.76196,14.896494749999999
2022-03-04 21:05,13.78,13.79,13.77,13.77,972.57,13.77000000,13.79000000,13.76000000,13.76000000,3119.20000000,13.781,13.781,13.781,13.781,10.5819,13.7616,13.78752,13.7616,13.78752,50.5656231
2022-03-04 21:06,13.77,13.77,13.74,13.76,1105.76,13.76000000,13.76000000,13.73000000,13.74000000,3644.47000000,13.758,13.769,13.758,13.769,29.07320138,13.74799,13.74799,13.74799,13.74799,1.8241
2022-03-04 21:07,13.76,13.77,13.74,13.77,278.17,13.74000000,13.77000000,13.73000000,13.76000000,2323.13000000,13.766,13.775,13.766,13.775,53.282706000000005,,,,,0.0
2022-03-04 21:08,13.76,13.76,13.74,13.74,555.48,13.76000000,13.76000000,13.74000000,13.75000000,1077.39000000,,,,,,,,,,0.0
2022-03-04 21:09,13.75,13.76,13.74,13.74,10080.96,13.75000000,13.75000000,13.74000000,13.75000000,1079.95000000,13.766,13.766,13.766,13.766,19.566441,13.74799,13.74799,13.74525,13.74525,3.59376196
2022-03-04 21:10,13.74,13.76,13.74,13.76,1217.08,13.74000000,13.76000000,13.73000000,13.76000000,1558.53000000,,,,,,,,,,0.0
2022-03-04 21:11,13.76,13.78,13.76,13.76,2910.74,13.75000000,13.79000000,13.74000000,13.74000000,2241.05000000,13.784,13.788,13.776,13.776,622.40588219,13.75676,13.7676,13.75676,13.7676,377.44699444
2022-03-04 21:12,13.74,13.76,13.71,13.73,3223.33,13.75000000,13.76000000,13.71000000,13.73000000,11835.49000000,13.753,13.753,13.721,13.721,233.06556527,13.74525,13.74525,13.72806,13.72806,130.07656351
2022-03-04 21:13,13.74,13.75,13.74,13.74,1188.02,13.74000000,13.74000000,13.73000000,13.73000000,1244.38000000,13.755,13.755,13.746,13.746,0.73770033,,,,,0.0
2022-03-04 21:14,13.74,13.74,13.71,13.74,1505.23,13.73000000,13.74000000,13.71000000,13.72000000,1671.66000000,,,,,,,,,,0.0
2022-03-04 21:15,13.73,13.74,13.73,13.74,1166.57,13.72000000,13.74000000,13.71000000,13.73000000,1928.75000000,,,,,,,,,,0.0
2022-03-04 21:16,13.73,13.73,13.7,13.7,1112.4,13.73000000,13.73000000,13.69000000,13.69000000,7861.29000000,13.733,13.733,13.733,13.733,0.22727575,13.72682,13.72682,13.708,13.708,197.26506397
2022-03-04 21:17,13.7,13.74,13.7,13.74,1623.87,13.69000000,13.74000000,13.69000000,13.73000000,1781.74000000,13.729,13.747,13.729,13.747,0.7292526699999999,13.73612,13.73612,13.73129,13.73129,188.93349648
2022-03-04 21:18,13.74,13.74,13.69,13.71,3413.88,13.73000000,13.73000000,13.69000000,13.72000000,5254.86000000,13.737,13.737,13.718,13.718,157.18517835,,,,,0.0
2022-03-04 21:19,13.72,13.75,13.72,13.74,2940.66,13.72000000,13.75000000,13.71000000,13.72000000,5686.70000000,13.722,13.758,13.722,13.737,0.9854805799999999,13.72115,13.72115,13.72115,13.72115,9.42618872
2022-03-04 21:20,13.73,13.76,13.72,13.76,797.59,13.72000000,13.74000000,13.72000000,13.74000000,1974.67000000,13.734,13.753,13.734,13.753,0.72617832,,,,,0.0
2022-03-04 21:21,13.77,13.77,13.76,13.76,231.16,13.74000000,13.77000000,13.73000000,13.75000000,11218.71000000,13.77,13.77,13.77,13.77,39.02891537,13.75821,13.75821,13.75717,13.7572,277.00248077000003
2022-03-04 21:22,13.76,13.76,13.75,13.75,233.6,13.75000000,13.76000000,13.74000000,13.75000000,514.66000000,,,,,,13.75256,13.75256,13.75256,13.75256,0.29873
2022-03-04 21:23,13.75,13.76,13.74,13.76,1744.38,13.74000000,13.75000000,13.74000000,13.74000000,596.00000000,,,,,,,,,,0.0
2022-03-04 21:24,13.76,13.78,13.76,13.78,655.19,13.74000000,13.78000000,13.74000000,13.77000000,2140.69000000,13.773,13.774,13.773,13.774,277.24985047999996,13.76551,13.76551,13.76521,13.76521,231.19687832
2022-03-04 21:25,13.77,13.78,13.77,13.78,347.73,13.77000000,13.78000000,13.76000000,13.76000000,608.38000000,13.777,13.777,13.777,13.777,14.274811,,,,,0.0
2022-03-04 21:26,13.78,13.78,13.77,13.78,1442.7,13.76000000,13.78000000,13.76000000,13.77000000,618.03000000,,,,,,,,,,0.0
2022-03-04 21:27,13.78,13.78,13.76,13.76,125.02,13.77000000,13.77000000,13.75000000,13.76000000,2199.62000000,,,,,,13.7675,13.7675,13.7675,13.7675,363.1082
2022-03-04 21:28,13.76,13.76,13.73,13.74,1429.84,13.76000000,13.76000000,13.73000000,13.74000000,2868.78000000,13.764,13.764,13.764,13.764,0.30246294,13.7675,13.7675,13.75125,13.75125,25.04171135
2022-03-04 21:29,13.74,13.75,13.74,13.75,280.13,13.74000000,13.75000000,13.73000000,13.75000000,1869.25000000,13.744,13.744,13.744,13.744,0.21743403,,,,,0.0
2022-03-04 21:30,13.75,13.75,13.73,13.73,527.46,13.74000000,13.74000000,13.72000000,13.72000000,2687.13000000,13.747,13.747,13.747,13.747,12.6099,13.73331,13.73331,13.73314,13.73314,270.32289764
2022-03-04 21:31,13.73,13.74,13.73,13.74,840.58,13.73000000,13.74000000,13.73000000,13.74000000,1248.70000000,,,,,,13.73116,13.73116,13.73116,13.73116,0.200052
2022-03-04 21:32,13.74,13.75,13.74,13.75,1294.74,13.74000000,13.75000000,13.74000000,13.74000000,1630.47000000,13.759,13.759,13.759,13.759,0.21819485,,,,,0.0
2022-03-04 21:33,13.75,13.75,13.73,13.73,1384.45,13.74000000,13.76000000,13.72000000,13.72000000,2478.92000000,,,,,,13.75516,13.75516,13.75516,13.75516,6.87962
2022-03-04 21:34,13.73,13.75,13.72,13.72,1472.55,13.73000000,13.74000000,13.71000000,13.71000000,3402.74000000,13.736,13.752,13.736,13.736,0.50203411,13.73251,13.73251,13.73251,13.73251,72.81989963
2022-03-04 21:35,13.73,13.74,13.73,13.73,810.25,13.70000000,13.74000000,13.70000000,13.73000000,1464.56000000,,,,,,,,,,0.0
2022-03-04 21:36,13.73,13.73,13.72,13.73,1490.65,13.73000000,13.73000000,13.71000000,13.72000000,2236.90000000,,,,,,,,,,0.0
2022-03-04 21:37,13.72,13.73,13.71,13.73,27.54,13.72000000,13.73000000,13.71000000,13.71000000,1765.21000000,13.716,13.716,13.716,13.716,0.38074904,13.72135,13.72135,13.72135,13.72135,2.00002
2022-03-04 21:38,13.71,13.75,13.71,13.75,1221.45,13.72000000,13.74000000,13.71000000,13.74000000,6671.24000000,13.732,13.746,13.729,13.746,0.91603168,13.735,13.735,13.73486,13.73486,69.94254882
2022-03-04 21:39,13.76,13.79,13.76,13.79,1536.15,13.75000000,13.79000000,13.74000000,13.78000000,1734.49000000,13.769,13.797,13.769,13.791,79.94232074,,,,,0.0
2022-03-04 21:40,13.79,13.82,13.78,13.8,15699.11,13.78000000,13.79000000,13.78000000,13.79000000,2387.56000000,13.789,13.798,13.789,13.798,38.603111209999994,,,,,0.0
2022-03-04 21:41,13.8,13.82,13.79,13.82,1671.23,13.79000000,13.81000000,13.78000000,13.81000000,4083.06000000,13.803,13.825,13.795,13.825,10.96884017,13.79424,13.79424,13.79424,13.79424,0.22261891
2022-03-04 21:42,13.82,13.82,13.79,13.82,2582.33,13.80000000,13.81000000,13.79000000,13.80000000,2561.48000000,13.799,13.814,13.799,13.814,0.610921,,,,,0.0
2022-03-04 21:43,13.82,13.83,13.82,13.83,1423.57,13.81000000,13.83000000,13.81000000,13.82000000,4002.31000000,13.833,13.838,13.833,13.838,20.0,,,,,0.0
2022-03-04 21:44,13.82,13.82,13.79,13.79,4191.38,13.82000000,13.82000000,13.78000000,13.78000000,9549.53000000,13.814,13.814,13.814,13.814,0.35816584,,,,,0.0
2022-03-04 21:45,13.79,13.79,13.78,13.79,1981.49,13.79000000,13.79000000,13.77000000,13.78000000,1635.75000000,13.796,13.796,13.778,13.796,0.9842790699999999,,,,,0.0
2022-03-04 21:46,13.79,13.8,13.78,13.78,987.78,13.78000000,13.79000000,13.76000000,13.76000000,1040.80000000,,,,,,,,,,0.0
2022-03-04 21:47,13.77,13.79,13.77,13.78,548.03,13.76000000,13.78000000,13.76000000,13.77000000,705.80000000,,,,,,13.77687,13.77687,13.77687,13.77687,50.0
2022-03-04 21:48,13.78,13.79,13.77,13.79,1158.88,13.77000000,13.79000000,13.77000000,13.78000000,1877.47000000,,,,,,,,,,0.0
2022-03-04 21:49,13.79,13.79,13.78,13.79,1363.73,13.78000000,13.78000000,13.77000000,13.78000000,2554.37000000,,,,,,,,,,0.0
2022-03-04 21:50,13.79,13.81,13.79,13.8,2883.34,13.78000000,13.81000000,13.78000000,13.79000000,4161.74000000,13.807,13.807,13.807,13.807,39.21905607,13.78509,13.78509,13.78509,13.78509,33.0
2022-03-04 21:51,13.8,13.82,13.8,13.8,1462.8,13.79000000,13.82000000,13.79000000,13.80000000,7798.04000000,13.816,13.816,13.816,13.816,0.28843379,13.7958,13.81743,13.7958,13.81743,3.7199999999999998
2022-03-04 21:52,13.79,13.84,13.79,13.83,9846.13,13.79000000,13.84000000,13.78000000,13.83000000,30486.19000000,13.806,13.841,13.806,13.838,1106.12651727,13.79838,13.82815,13.79838,13.82815,148.38910147
2022-03-04 21:53,13.84,13.85,13.84,13.85,1353.14,13.84000000,13.85000000,13.83000000,13.84000000,2490.99000000,13.837,13.869,13.836,13.849,22.85917015,13.83018,13.83899,13.83018,13.83899,135.66458143
2022-03-04 21:54,13.85,13.88,13.85,13.86,2544.59,13.85000000,13.87000000,13.84000000,13.85000000,6737.37000000,13.872,13.872,13.872,13.872,0.68059444,13.83899,13.84063,13.83899,13.84063,9.82932979
2022-03-04 21:55,13.85,13.87,13.83,13.86,4741.8,13.85000000,13.86000000,13.83000000,13.84000000,3937.24000000,13.856,13.856,13.854,13.854,0.59611645,13.85273,13.85273,13.85273,13.85273,10.098533999999999
2022-03-04 21:56,13.85,13.86,13.82,13.82,3264.31,13.85000000,13.86000000,13.83000000,13.83000000,10202.78000000,,,,,,,,,,0.0
2022-03-04 21:57,13.81,13.81,13.78,13.79,3128.37,13.83000000,13.83000000,13.78000000,13.79000000,5400.67000000,13.843,13.843,13.806,13.817,39.235485110000006,,,,,0.0
2022-03-04 21:58,13.8,13.8,13.78,13.79,2077.57,13.79000000,13.79000000,13.78000000,13.79000000,4211.35000000,13.799,13.799,13.799,13.799,0.3865821,,,,,0.0
2022-03-04 21:59,13.78,13.79,13.75,13.78,949.75,13.79000000,13.79000000,13.76000000,13.77000000,2745.29000000,13.78,13.78,13.78,13.78,0.34026617000000003,,,,,0.0
2022-03-04 22:00,13.77,13.79,13.75,13.79,1838.26,13.77000000,13.79000000,13.75000000,13.79000000,3414.00000000,13.77,13.796,13.754,13.796,0.9407427,13.75826,13.75826,13.75826,13.75826,20.0
2022-03-04 22:01,13.79,13.79,13.77,13.78,1409.95,13.78000000,13.79000000,13.78000000,13.78000000,1362.71000000,,,,,,13.77579,13.77579,13.77579,13.77579,0.28666099
2022-03-04 22:02,13.77,13.77,13.75,13.76,1581.56,13.79000000,13.79000000,13.75000000,13.78000000,2389.95000000,13.779,13.779,13.779,13.779,0.38671364,,,,,0.0
2022-03-04 22:03,13.77,13.78,13.76,13.76,1163.25,13.77000000,13.77000000,13.76000000,13.76000000,2247.80000000,,,,,,13.76739,13.76739,13.76739,13.76739,149.75290096
2022-03-04 22:04,13.76,13.79,13.76,13.78,1118.88,13.77000000,13.79000000,13.76000000,13.78000000,2049.09000000,,,,,,,,,,0.0
2022-03-04 22:05,13.78,13.82,13.77,13.82,1933.58,13.78000000,13.81000000,13.78000000,13.81000000,2163.01000000,13.792,13.813,13.792,13.813,0.5261424100000001,13.7758,13.7758,13.7758,13.7758,0.20627136
2022-03-04 22:06,13.82,13.83,13.81,13.81,3033.23,13.81000000,13.82000000,13.81000000,13.81000000,3106.94000000,13.819,13.819,13.819,13.819,0.37493151,,,,,0.0
2022-03-04 22:07,13.8,13.81,13.78,13.78,1653.12,13.81000000,13.81000000,13.77000000,13.79000000,1861.37000000,13.813,13.813,13.799,13.799,0.42891545999999997,,,,,0.0
2022-03-04 22:08,13.79,13.79,13.75,13.77,798.33,13.78000000,13.79000000,13.76000000,13.77000000,1576.83000000,13.789,13.789,13.777,13.777,112.1605,,,,,0.0
2022-03-04 22:09,13.78,13.79,13.78,13.78,106.75,13.78000000,13.80000000,13.78000000,13.79000000,1614.26000000,13.793,13.813,13.784,13.803,1.21094596,13.7758,13.7758,13.7758,13.7758,7.23746
2022-03-04 22:10,13.78,13.78,13.76,13.77,1073.3,13.80000000,13.80000000,13.77000000,13.77000000,950.34000000,13.78,13.78,13.78,13.78,0.3916784,,,,,0.0
2022-03-04 22:11,13.77,13.79,13.76,13.79,154.38,13.77000000,13.79000000,13.76000000,13.79000000,3068.23000000,13.798,13.798,13.798,13.798,0.22045349,13.77694,13.77694,13.77694,13.77694,0.29749513
2022-03-04 22:12,13.78,13.78,13.77,13.78,1013.51,13.78000000,13.78000000,13.77000000,13.78000000,1908.20000000,,,,,,,,,,0.0
2022-03-04 22:13,13.78,13.79,13.78,13.78,129.64,13.78000000,13.78000000,13.77000000,13.78000000,1618.91000000,,,,,,,,,,0.0
2022-03-04 22:14,13.79,13.79,13.79,13.79,18.38,13.78000000,13.79000000,13.78000000,13.79000000,443.16000000,,,,,,,,,,0.0
2022-03-04 22:15,13.79,13.8,13.79,13.8,192.83,13.79000000,13.80000000,13.78000000,13.80000000,2475.68000000,13.792,13.809,13.792,13.809,4.84039571,,,,,0.0
2022-03-04 22:16,13.79,13.79,13.76,13.77,1783.08,13.80000000,13.80000000,13.76000000,13.76000000,2987.38000000,13.792,13.792,13.782,13.782,20.32297916,,,,,0.0
2022-03-04 22:17,13.76,13.78,13.76,13.78,23.66,13.76000000,13.77000000,13.76000000,13.77000000,2545.21000000,,,,,,,,,,0.0
2022-03-04 22:18,13.77,13.78,13.75,13.75,383.0,13.78000000,13.78000000,13.74000000,13.75000000,1387.26000000,13.772,13.772,13.772,13.772,0.38420319,,,,,0.0
2022-03-04 22:19,13.74,13.74,13.7,13.73,1823.01,13.74000000,13.74000000,13.69000000,13.72000000,12393.26000000,13.749,13.749,13.73,13.73,20.28487704,13.72806,13.72806,13.70376,13.70376,111.11069751
2022-03-04 22:20,13.72,13.75,13.71,13.75,944.02,13.71000000,13.75000000,13.71000000,13.74000000,4192.38000000,13.73,13.757,13.73,13.757,20.38648928,,,,,0.0
2022-03-04 22:21,13.75,13.76,13.75,13.75,602.07,13.74000000,13.75000000,13.74000000,13.74000000,1305.75000000,13.755,13.755,13.755,13.755,0.36608675,13.74702,13.74702,13.74702,13.74702,14.07691629
2022-03-04 22:22,13.72,13.72,13.7,13.71,1678.97,13.73000000,13.73000000,13.70000000,13.71000000,4276.38000000,13.748,13.748,13.712,13.712,20.97920491,,,,,0.0
2022-03-04 22:23,13.71,13.71,13.67,13.68,2637.96,13.70000000,13.70000000,13.67000000,13.68000000,5053.90000000,13.724,13.724,13.698,13.698,40.0,13.70135,13.70135,13.67688,13.68086,91.03758242
2022-03-04 22:24,13.69,13.71,13.68,13.71,216.01,13.69000000,13.70000000,13.68000000,13.70000000,2211.89000000,13.715,13.715,13.715,13.715,0.33820837,13.68175,13.68175,13.68175,13.68175,1.71411366
2022-03-04 22:25,13.7,13.71,13.68,13.68,2481.39,13.70000000,13.72000000,13.68000000,13.68000000,3680.56000000,13.702,13.702,13.702,13.702,10.28813043,13.70471,13.70471,13.70471,13.70471,17.96084944
2022-03-04 22:26,13.68,13.71,13.68,13.71,879.93,13.69000000,13.71000000,13.68000000,13.71000000,3168.41000000,13.71,13.71,13.71,13.71,0.25330921,,,,,0.0
2022-03-04 22:27,13.71,13.71,13.63,13.63,2489.24,13.70000000,13.70000000,13.63000000,13.63000000,5670.07000000,13.714,13.722,13.67,13.67,69.57294633000001,13.67675,13.67675,13.6384,13.6384,286.1960983
2022-03-04 22:28,13.64,13.64,13.62,13.63,1130.19,13.63000000,13.64000000,13.61000000,13.61000000,4325.00000000,13.654,13.654,13.64,13.64,53.0,13.63133,13.63133,13.62939,13.62939,5.28605491
2022-03-04 22:29,13.63,13.63,13.62,13.63,1786.78,13.61000000,13.63000000,13.61000000,13.62000000,2092.35000000,13.643,13.647,13.642,13.647,40.0,,,,,0.0
2022-03-04 22:30,13.62,13.63,13.58,13.58,3295.9,13.62000000,13.63000000,13.57000000,13.58000000,6579.35000000,13.64,13.642,13.6,13.6,185.6821,13.62834,13.62834,13.58166,13.58166,207.54018439
2022-03-04 22:31,13.59,13.59,13.56,13.59,2433.55,13.58000000,13.59000000,13.54000000,13.59000000,12390.33000000,13.598,13.599,13.576,13.599,42.2277,13.58,13.58,13.56109,13.57554,130.94204868
2022-03-04 22:32,13.6,13.61,13.59,13.6,2111.66,13.59000000,13.61000000,13.58000000,13.58000000,3485.06000000,13.597,13.623,13.597,13.618,92.0,,,,,0.0
2022-03-04 22:33,13.6,13.6,13.59,13.6,1015.52,13.59000000,13.60000000,13.58000000,13.58000000,1282.37000000,13.609,13.609,13.596,13.596,51.337978,,,,,0.0
2022-03-04 22:34,13.59,13.6,13.59,13.6,256.62,13.58000000,13.59000000,13.58000000,13.59000000,234.04000000,,,,,,13.59388,13.59388,13.59388,13.59388,1.81473838
2022-03-04 22:35,13.6,13.62,13.6,13.62,1010.04,13.59000000,13.61000000,13.58000000,13.61000000,1820.65000000,13.613,13.613,13.613,13.613,0.20659971,13.61613,13.61613,13.61613,13.61613,18.90086
2022-03-04 22:36,13.63,13.64,13.63,13.64,1491.37,13.62000000,13.63000000,13.61000000,13.63000000,2320.77000000,13.626,13.626,13.626,13.626,0.22662871,13.63164,13.63164,13.63164,13.63164,19.9998604
2022-03-04 22:37,13.65,13.65,13.65,13.65,37.98,13.63000000,13.66000000,13.63000000,13.66000000,734.29000000,13.642,13.65,13.642,13.65,14.581229890000001,13.63164,13.6461,13.63164,13.64436,1088.7174896000001
2022-03-04 22:38,13.65,13.65,13.64,13.64,1294.82,13.66000000,13.66000000,13.63000000,13.64000000,2764.61000000,,,,,,,,,,0.0
2022-03-04 22:39,13.64,13.64,13.63,13.63,154.63,13.63000000,13.64000000,13.63000000,13.63000000,467.45000000,,,,,,13.63691,13.64081,13.63691,13.64081,12.0783168
2022-03-04 22:40,13.64,13.66,13.64,13.66,128.56,13.64000000,13.66000000,13.63000000,13.65000000,4312.83000000,13.647,13.671,13.647,13.671,3.4162527000000003,13.64081,13.66253,13.64081,13.66253,1860.23896631
2022-03-04 22:41,13.66,13.68,13.66,13.68,3191.16,13.66000000,13.68000000,13.66000000,13.68000000,2446.20000000,13.665,13.686,13.665,13.686,39.500959310000006,,,,,0.0
2022-03-04 22:42,13.67,13.68,13.67,13.68,3301.47,13.68000000,13.68000000,13.67000000,13.68000000,261.08000000,13.691,13.691,13.691,13.691,0.29246673,13.67235,13.67235,13.67235,13.67235,4.98699
2022-03-04 22:43,13.68,13.71,13.68,13.68,1077.03,13.67000000,13.71000000,13.67000000,13.69000000,3797.10000000,13.719,13.719,13.711,13.711,0.7143809299999999,13.68439,13.68812,13.68439,13.68812,47.308166400000005
2022-03-04 22:44,13.69,13.72,13.69,13.71,912.15,13.68000000,13.72000000,13.68000000,13.71000000,1326.31000000,13.691,13.726,13.691,13.726,31.85913291,13.70212,13.71563,13.70212,13.71218,15.939612200000001
2022-03-04 22:45,13.7,13.7,13.69,13.7,1318.02,13.70000000,13.71000000,13.68000000,13.70000000,1223.32000000,13.724,13.728,13.706,13.706,228.2017,13.70211,13.70211,13.70211,13.70211,0.72981461
2022-03-04 22:46,13.7,13.7,13.69,13.69,110.23,13.70000000,13.70000000,13.68000000,13.69000000,1039.47000000,13.702,13.702,13.702,13.702,39.8,13.69948,13.69948,13.6773,13.6773,662.28880533
2022-03-04 22:47,13.68,13.69,13.68,13.69,46.99,13.69000000,13.69000000,13.68000000,13.69000000,943.45000000,,,,,,,,,,0.0
2022-03-04 22:48,13.69,13.69,13.66,13.67,2848.93,13.69000000,13.69000000,13.66000000,13.66000000,1265.62000000,13.693,13.693,13.672,13.672,40.1,,,,,0.0
2022-03-04 22:49,13.67,13.68,13.67,13.68,273.02,13.66000000,13.66000000,13.65000000,13.66000000,761.56000000,13.672,13.672,13.672,13.672,0.09688203,,,,,0.0
2022-03-04 22:50,13.68,13.69,13.68,13.69,865.54,13.66000000,13.69000000,13.66000000,13.69000000,1257.55000000,13.683,13.706,13.683,13.706,39.490326370000005,13.68959,13.68959,13.68959,13.68959,0.08636
2022-03-04 22:51,13.69,13.69,13.68,13.69,18.08,13.69000000,13.69000000,13.68000000,13.69000000,175.45000000,13.695,13.695,13.695,13.695,0.37834797,,,,,0.0
2022-03-04 22:52,13.69,13.74,13.69,13.74,2233.5,13.69000000,13.75000000,13.69000000,13.74000000,2188.37000000,13.7,13.729,13.7,13.729,39.351011469999996,13.68994,13.73829,13.68994,13.73828,165.22143585
2022-03-04 22:53,13.73,13.74,13.72,13.73,1494.2,13.73000000,13.74000000,13.71000000,13.73000000,1096.62000000,,,,,,13.70987,13.70987,13.70987,13.70987,50.31806
2022-03-04 22:54,13.73,13.78,13.73,13.78,6383.45,13.73000000,13.76000000,13.73000000,13.76000000,2788.20000000,13.751,13.751,13.751,13.751,0.31643524,13.74009,13.74495,13.74009,13.74495,11.72344588
2022-03-04 22:55,13.77,13.78,13.76,13.77,1042.78,13.76000000,13.77000000,13.75000000,13.77000000,1236.64000000,13.758,13.783,13.758,13.771,1.95324241,13.75228,13.75228,13.75228,13.75228,44.173665629999995
2022-03-04 22:56,13.77,13.77,13.74,13.74,2845.95,13.76000000,13.77000000,13.73000000,13.74000000,1961.95000000,13.783,13.783,13.762,13.762,0.59947739,,,,,0.0
2022-03-04 22:57,13.75,13.75,13.75,13.75,10.77,13.74000000,13.75000000,13.74000000,13.74000000,171.11000000,13.751,13.751,13.751,13.751,0.39599316,13.74627,13.74627,13.74627,13.74627,45.0
2022-03-04 22:58,13.75,13.78,13.74,13.78,1912.24,13.75000000,13.77000000,13.74000000,13.77000000,6175.20000000,13.762,13.774,13.762,13.774,99.43530661999999,13.74724,13.76262,13.74724,13.76262,61.422008680000005
2022-03-04 22:59,13.78,13.79,13.76,13.76,3375.47,13.78000000,13.78000000,13.76000000,13.76000000,2452.44000000,13.784,13.784,13.784,13.784,39.6,13.77058,13.77058,13.77058,13.77058,2.26468614
2022-03-04 23:00,13.76,13.78,13.75,13.76,4299.96,13.76000000,13.77000000,13.74000000,13.76000000,3945.69000000,13.77,13.782,13.77,13.782,10.2056659,,,,,0.0
2022-03-04 23:01,13.75,13.76,13.74,13.75,1529.56,13.76000000,13.76000000,13.73000000,13.75000000,1611.82000000,13.774,13.774,13.755,13.755,0.69148093,,,,,0.0
2022-03-04 23:02,13.75,13.76,13.73,13.73,2141.87,13.75000000,13.75000000,13.73000000,13.74000000,1266.19000000,,,,,,,,,,0.0
2022-03-04 23:03,13.72,13.74,13.72,13.74,1122.17,13.74000000,13.75000000,13.72000000,13.73000000,1413.90000000,13.745,13.745,13.736,13.74,0.8856733299999999,,,,,0.0
2022-03-04 23:04,13.74,13.75,13.73,13.75,419.35,13.73000000,13.75000000,13.73000000,13.74000000,317.93000000,13.755,13.755,13.755,13.755,0.34380414,,,,,0.0
2022-03-04 23:05,13.75,13.76,13.71,13.73,2526.85,13.74000000,13.74000000,13.70000000,13.72000000,3974.58000000,13.747,13.747,13.73,13.73,0.7601968800000001,13.71438,13.71438,13.71438,13.71438,79.49907966
2022-03-04 23:06,13.72,13.72,13.71,13.72,469.69,13.71000000,13.72000000,13.71000000,13.71000000,128.46000000,13.721,13.721,13.721,13.721,0.29525525,,,,,0.0
2022-03-04 23:07,13.72,13.72,13.71,13.71,1314.08,13.72000000,13.72000000,13.70000000,13.72000000,2078.46000000,,,,,,,,,,0.0
2022-03-04 23:08,13.72,13.72,13.71,13.72,148.32,13.71000000,13.72000000,13.70000000,13.72000000,6589.66000000,,,,,,,,,,0.0
2022-03-04 23:09,13.72,13.72,13.7,13.71,4160.73,13.71000000,13.71000000,13.69000000,13.70000000,3766.41000000,13.718,13.718,13.718,13.718,31.8515,,,,,0.0
2022-03-04 23:10,13.7,13.72,13.69,13.72,2592.65,13.70000000,13.72000000,13.68000000,13.72000000,2427.66000000,,,,,,,,,,0.0
2022-03-04 23:11,13.72,13.72,13.7,13.7,469.24,13.72000000,13.72000000,13.70000000,13.70000000,1778.03000000,,,,,,,,,,0.0
2022-03-04 23:12,13.7,13.71,13.7,13.7,160.08,13.70000000,13.70000000,13.69000000,13.70000000,309.61000000,,,,,,,,,,0.0
2022-03-04 23:13,13.71,13.71,13.7,13.71,1040.66,13.69000000,13.70000000,13.69000000,13.70000000,285.36000000,,,,,,,,,,0.0
2022-03-04 23:14,13.71,13.72,13.71,13.72,598.1,13.70000000,13.71000000,13.70000000,13.70000000,84.07000000,,,,,,,,,,0.0
2022-03-04 23:15,13.71,13.72,13.7,13.71,1910.45,13.70000000,13.71000000,13.69000000,13.71000000,820.07000000,,,,,,,,,,0.0
2022-03-04 23:16,13.71,13.73,13.71,13.73,638.64,13.70000000,13.74000000,13.70000000,13.74000000,4147.82000000,13.738,13.738,13.738,13.738,0.3,,,,,0.0
2022-03-04 23:17,13.75,13.75,13.71,13.71,5348.17,13.74000000,13.75000000,13.70000000,13.70000000,1896.19000000,13.741,13.741,13.738,13.738,0.57932405,13.73732,13.73732,13.73732,13.73732,35.93
2022-03-04 23:18,13.71,13.71,13.7,13.7,1279.23,13.70000000,13.70000000,13.69000000,13.69000000,929.87000000,13.718,13.718,13.718,13.718,0.21178998,,,,,0.0
2022-03-04 23:19,13.69,13.7,13.65,13.66,5107.73,13.68000000,13.69000000,13.64000000,13.64000000,3316.25000000,13.699,13.699,13.671,13.671,39.72938916,13.69494,13.69494,13.69494,13.69494,2.0
2022-03-04 23:20,13.66,13.68,13.65,13.68,1629.52,13.65000000,13.67000000,13.65000000,13.66000000,2534.32000000,13.686,13.686,13.686,13.686,0.38582388,,,,,0.0
2022-03-04 23:21,13.67,13.71,13.67,13.71,1220.5,13.66000000,13.70000000,13.66000000,13.70000000,1403.91000000,13.706,13.706,13.706,13.706,0.33515878,13.66877,13.66877,13.66877,13.66877,50.0
2022-03-04 23:22,13.71,13.72,13.71,13.72,2234.54,13.70000000,13.71000000,13.70000000,13.70000000,1246.99000000,13.699,13.715,13.699,13.715,0.50091444,,,,,0.0
2022-03-04 23:23,13.72,13.72,13.69,13.71,1449.82,13.70000000,13.70000000,13.68000000,13.70000000,2287.83000000,13.72,13.72,13.715,13.715,0.33580022,,,,,0.0
2022-03-04 23:24,13.71,13.72,13.7,13.72,2609.0,13.71000000,13.71000000,13.69000000,13.71000000,12088.98000000,13.713,13.713,13.713,13.713,109.3511,,,,,0.0
2022-03-04 23:25,13.73,13.75,13.72,13.72,860.05,13.71000000,13.74000000,13.71000000,13.73000000,2513.29000000,13.737,13.737,13.731,13.731,0.64271069,,,,,0.0
2022-03-04 23:26,13.72,13.73,13.7,13.72,1628.74,13.73000000,13.73000000,13.70000000,13.72000000,1933.74000000,,,,,,,,,,0.0
2022-03-04 23:27,13.71,13.72,13.69,13.7,496.47,13.72000000,13.72000000,13.69000000,13.69000000,1485.55000000,13.709,13.709,13.709,13.709,0.32141182,,,,,0.0
2022-03-04 23:28,13.71,13.72,13.7,13.72,350.85,13.70000000,13.70000000,13.69000000,13.70000000,229.06000000,,,,,,,,,,0.0
2022-03-04 23:29,13.72,13.72,13.71,13.71,168.23,13.71000000,13.71000000,13.70000000,13.70000000,1091.39000000,13.718,13.727,13.718,13.727,0.61297764,,,,,0.0
2022-03-04 23:30,13.71,13.71,13.7,13.71,413.63,13.70000000,13.71000000,13.70000000,13.70000000,1361.41000000,13.718,13.718,13.718,13.718,0.30990062,,,,,0.0
2022-03-04 23:31,13.72,13.72,13.71,13.72,1143.45,13.70000000,13.71000000,13.70000000,13.71000000,1029.50000000,13.71,13.71,13.71,13.71,0.20876175,13.69611,13.69611,13.69611,13.69611,9.9689
2022-03-04 23:32,13.72,13.73,13.71,13.72,824.69,13.71000000,13.72000000,13.71000000,13.71000000,608.63000000,13.726,13.726,13.726,13.726,7.2582,,,,,0.0
2022-03-04 23:33,13.72,13.74,13.72,13.73,2142.3,13.71000000,13.74000000,13.71000000,13.72000000,1981.60000000,13.725,13.744,13.725,13.744,0.58154675,,,,,0.0
2022-03-04 23:34,13.74,13.75,13.73,13.74,1857.93,13.72000000,13.74000000,13.72000000,13.73000000,2486.37000000,,,,,,,,,,0.0
2022-03-04 23:35,13.73,13.73,13.72,13.73,2162.91,13.73000000,13.73000000,13.72000000,13.72000000,1078.76000000,13.737,13.737,13.737,13.737,1.6,,,,,0.0
2022-03-04 23:36,13.74,13.74,13.71,13.72,148.68,13.72000000,13.73000000,13.70000000,13.71000000,1048.24000000,,,,,,13.7141,13.7141,13.7141,13.7141,25.0
2022-03-04 23:37,13.72,13.73,13.7,13.72,459.79,13.71000000,13.71000000,13.70000000,13.71000000,1337.45000000,13.719,13.719,13.719,13.719,0.354242,13.71467,13.71467,13.71467,13.71467,2.0
2022-03-04 23:38,13.72,13.72,13.71,13.71,410.08,13.71000000,13.72000000,13.70000000,13.70000000,2806.71000000,,,,,,,,,,0.0
2022-03-04 23:39,13.72,13.73,13.72,13.73,710.1,13.71000000,13.72000000,13.70000000,13.72000000,1276.20000000,,,,,,13.71214,13.71214,13.71214,13.71214,56.0
2022-03-04 23:40,13.73,13.73,13.72,13.72,553.6,13.72000000,13.74000000,13.72000000,13.72000000,862.88000000,13.739,13.739,13.739,13.739,0.25155447000000003,13.73297,13.73297,13.7129,13.71788,128.02654375999998
2022-03-04 23:41,13.72,13.74,13.71,13.74,217.22,13.72000000,13.74000000,13.71000000,13.74000000,2583.84000000,13.739,13.739,13.739,13.739,0.35252846,13.71781,13.7191,13.71781,13.7191,1.55053029
2022-03-04 23:42,13.73,13.75,13.73,13.75,1165.68,13.73000000,13.74000000,13.72000000,13.74000000,1283.23000000,,,,,,13.7377,13.7377,13.7377,13.7377,25.0
2022-03-04 23:43,13.75,13.77,13.74,13.77,3621.79,13.74000000,13.77000000,13.74000000,13.76000000,9211.92000000,13.768,13.775,13.768,13.775,11.58512251,,,,,0.0
2022-03-04 23:44,13.77,13.77,13.77,13.77,6.7,13.76000000,13.77000000,13.76000000,13.77000000,511.74000000,,,,,,13.76138,13.76798,13.76138,13.76798,38.5019659
2022-03-04 23:45,13.76,13.76,13.7,13.7,1685.08,13.76000000,13.76000000,13.70000000,13.71000000,4414.93000000,13.759,13.759,13.715,13.715,0.86758375,13.71905,13.71905,13.71905,13.71905,7.37144
2022-03-04 23:46,13.7,13.7,13.69,13.7,763.16,13.70000000,13.71000000,13.68000000,13.69000000,5373.91000000,,,,,,,,,,0.0
2022-03-04 23:47,13.71,13.71,13.7,13.7,778.83,13.69000000,13.70000000,13.68000000,13.69000000,1982.26000000,,,,,,13.68627,13.68627,13.68627,13.68627,17.46633364
2022-03-04 23:48,13.7,13.7,13.69,13.7,244.2,13.69000000,13.70000000,13.69000000,13.69000000,619.44000000,13.698,13.706,13.698,13.706,0.68132046,,,,,0.0
2022-03-04 23:49,13.7,13.7,13.67,13.67,729.65,13.69000000,13.69000000,13.67000000,13.67000000,1356.67000000,13.68,13.694,13.68,13.694,0.61144653,,,,,0.0
2022-03-04 23:50,13.68,13.69,13.67,13.68,831.37,13.67000000,13.68000000,13.67000000,13.68000000,1444.84000000,13.676,13.676,13.676,13.676,0.37671242,,,,,0.0
2022-03-04 23:51,13.68,13.7,13.68,13.7,210.51,13.68000000,13.68000000,13.68000000,13.68000000,139.31000000,13.692,13.692,13.692,13.692,0.32070339,,,,,0.0
2022-03-04 23:52,13.69,13.69,13.68,13.69,232.78,13.68000000,13.69000000,13.67000000,13.69000000,248.11000000,13.69,13.69,13.69,13.69,0.31349012,13.6869,13.6869,13.6869,13.6869,50.0
2022-03-04 23:53,13.7,13.72,13.7,13.71,564.97,13.68000000,13.71000000,13.67000000,13.71000000,2408.13000000,13.713,13.713,13.713,13.713,0.29277858,13.69691,13.69691,13.69691,13.69691,20.0
2022-03-04 23:54,13.71,13.71,13.71,13.71,39.1,13.70000000,13.71000000,13.70000000,13.70000000,1025.75000000,13.711,13.711,13.711,13.711,0.34280438,,,,,0.0
2022-03-04 23:55,13.72,13.72,13.71,13.71,119.89,13.70000000,13.71000000,13.70000000,13.71000000,1264.95000000,13.721,13.721,13.721,13.721,0.62633552,,,,,0.0
2022-03-04 23:56,13.71,13.73,13.71,13.72,187.57,13.71000000,13.71000000,13.71000000,13.71000000,671.91000000,,,,,,,,,,0.0
2022-03-04 23:57,13.71,13.72,13.7,13.71,813.49,13.70000000,13.70000000,13.70000000,13.70000000,1566.38000000,,,,,,,,,,0.0
2022-03-04 23:58,13.71,13.74,13.71,13.74,827.4,13.70000000,13.72000000,13.69000000,13.72000000,3829.48000000,,,,,,,,,,0.0
2022-03-04 23:59,13.74,13.74,13.74,13.74,84.11,13.72000000,13.74000000,13.72000000,13.73000000,1902.31000000,13.737,13.742,13.737,13.742,0.7119934800000001,,,,,0.0
2022-03-05 00:00,13.75,13.75,13.72,13.74,932.39,13.74000000,13.74000000,13.72000000,13.74000000,3519.16000000,13.725,13.725,13.725,13.725,1928.97362172,,,,,0.0
2022-03-05 00:01,13.73,13.73,13.68,13.68,1136.81,13.73000000,13.73000000,13.67000000,13.68000000,3753.34000000,13.751,13.751,13.713,13.713,0.7586551800000001,,,,,0.0
2022-03-05 00:02,13.68,13.68,13.59,13.59,4918.7,13.67000000,13.68000000,13.58000000,13.59000000,18256.60000000,13.667,13.667,13.603,13.603,393.04508285000003,13.65858,13.65858,13.60382,13.60382,386.2333287
2022-03-05 00:03,13.59,13.65,13.57,13.65,6391.77,13.59000000,13.64000000,13.56000000,13.64000000,16963.77000000,13.627,13.648,13.627,13.648,110.57851899,13.6,13.61935,13.59068,13.61935,1429.11715517
2022-03-05 00:04,13.65,13.69,13.64,13.67,2277.45,13.65000000,13.67000000,13.63000000,13.67000000,7550.50000000,13.672,13.672,13.672,13.672,0.27696853,13.66278,13.66278,13.66278,13.66278,207.16892995
2022-03-05 00:05,13.67,13.68,13.62,13.64,2184.24,13.67000000,13.67000000,13.62000000,13.63000000,5017.13000000,13.667,13.667,13.635,13.635,0.56953232,13.63366,13.63366,13.63366,13.63366,259.81245584
2022-03-05 00:06,13.63,13.63,13.59,13.6,1996.9,13.62000000,13.62000000,13.58000000,13.59000000,5600.60000000,13.637,13.64,13.624,13.624,40.02372266,13.62395,13.62395,13.62395,13.62395,17.97227031
2022-03-05 00:07,13.59,13.62,13.59,13.62,1531.31,13.58000000,13.62000000,13.57000000,13.61000000,5873.72000000,13.597,13.633,13.597,13.633,59.76612768,13.58664,13.58664,13.58517,13.58517,50.0
2022-03-05 00:08,13.61,13.62,13.57,13.6,3945.39,13.61000000,13.61000000,13.56000000,13.59000000,5740.90000000,13.617,13.617,13.598,13.598,60.63681698,,,,,0.0
2022-03-05 00:09,13.6,13.61,13.59,13.61,1372.11,13.59000000,13.60000000,13.58000000,13.60000000,4644.95000000,13.616,13.616,13.616,13.616,0.36267383,,,,,0.0
2022-03-05 00:10,13.61,13.65,13.61,13.62,3877.45,13.60000000,13.65000000,13.60000000,13.62000000,7172.50000000,13.621,13.637,13.621,13.637,0.62944266,13.60254,13.60254,13.60254,13.60254,193.65631132
2022-03-05 00:11,13.62,13.63,13.61,13.61,824.37,13.61000000,13.63000000,13.59000000,13.59000000,5802.07000000,13.617,13.617,13.617,13.617,0.39425007,13.60383,13.60383,13.60383,13.60383,350.0
2022-03-05 00:12,13.6,13.63,13.57,13.63,1920.16,13.59000000,13.62000000,13.57000000,13.62000000,8979.74000000,13.606,13.635,13.606,13.635,0.66105576,13.60371,13.61287,13.60283,13.61287,420.38415052
2022-03-05 00:13,13.63,13.64,13.61,13.61,825.98,13.62000000,13.64000000,13.61000000,13.61000000,3502.79000000,,,,,,,,,,0.0
2022-03-05 00:14,13.6,13.65,13.6,13.63,3609.82,13.60000000,13.65000000,13.60000000,13.62000000,9146.52000000,13.613,13.652,13.613,13.652,1.11962505,13.60505,13.63326,13.60505,13.63326,20.8473724
2022-03-05 00:15,13.63,13.64,13.58,13.58,2110.05,13.62000000,13.63000000,13.56000000,13.57000000,8473.62000000,13.631,13.631,13.609,13.609,40.37097781,13.63313,13.63313,13.60286,13.60286,55.99720299
2022-03-05 00:16,13.58,13.6,13.55,13.55,3859.64,13.56000000,13.59000000,13.55000000,13.55000000,4490.61000000,13.59,13.59,13.582,13.582,99.2546174,13.57542,13.57542,13.56839,13.56839,47.308166400000005
2022-03-05 00:17,13.56,13.61,13.55,13.61,3162.5,13.55000000,13.59000000,13.54000000,13.59000000,7891.31000000,13.567,13.596,13.567,13.596,3.30744792,13.5611,13.57222,13.55,13.57222,327.41855588
2022-03-05 00:18,13.61,13.61,13.6,13.6,696.11,13.60000000,13.60000000,13.59000000,13.60000000,269.29000000,,,,,,,,,,0.0
2022-03-05 00:19,13.61,13.61,13.58,13.58,553.36,13.59000000,13.60000000,13.58000000,13.58000000,1244.89000000,,,,,,,,,,0.0
2022-03-05 00:20,13.59,13.59,13.58,13.58,3433.65,13.58000000,13.60000000,13.56000000,13.56000000,3234.90000000,,,,,,13.59366,13.59366,13.57962,13.57962,206.61820872
2022-03-05 00:21,13.57,13.59,13.57,13.59,302.25,13.56000000,13.58000000,13.56000000,13.58000000,348.59000000,,,,,,,,,,0.0
2022-03-05 00:22,13.59,13.59,13.58,13.59,741.28,13.58000000,13.58000000,13.57000000,13.58000000,2044.81000000,,,,,,,,,,0.0
2022-03-05 00:23,13.6,13.61,13.6,13.61,734.42,13.59000000,13.60000000,13.59000000,13.60000000,1453.45000000,13.615,13.615,13.615,13.615,0.21348919,13.5865,13.59307,13.5865,13.59307,140.0
2022-03-05 00:24,13.61,13.61,13.6,13.61,1428.81,13.60000000,13.60000000,13.59000000,13.60000000,114.64000000,,,,,,,,,,0.0
2022-03-05 00:25,13.62,13.63,13.62,13.62,673.59,13.60000000,13.62000000,13.59000000,13.61000000,6350.28000000,13.628,13.628,13.628,13.628,1.40190827,,,,,0.0
2022-03-05 00:26,13.63,13.66,13.63,13.66,1327.94,13.62000000,13.65000000,13.61000000,13.64000000,2534.93000000,13.627,13.652,13.627,13.652,229.78475600000002,13.62219,13.62219,13.62219,13.62219,234.41360891
2022-03-05 00:27,13.66,13.67,13.65,13.66,2018.4,13.65000000,13.66000000,13.64000000,13.64000000,3642.56000000,13.652,13.672,13.652,13.672,122.46854608,,,,,0.0
2022-03-05 00:28,13.65,13.65,13.62,13.62,2391.92,13.65000000,13.65000000,13.61000000,13.61000000,2504.22000000,13.666,13.666,13.633,13.633,0.72332792,,,,,0.0
2022-03-05 00:29,13.63,13.63,13.61,13.62,615.29,13.61000000,13.61000000,13.60000000,13.61000000,2373.43000000,13.623,13.623,13.623,13.623,24.4,,,,,0.0
2022-03-05 00:30,13.62,13.62,13.6,13.6,460.54,13.61000000,13.61000000,13.58000000,13.58000000,751.77000000,13.615,13.615,13.615,13.615,38.3,13.60929,13.60929,13.60929,13.60929,28.6568954
2022-03-05 00:31,13.6,13.6,13.59,13.59,535.31,13.59000000,13.60000000,13.57000000,13.58000000,2300.41000000,13.605,13.605,13.605,13.605,0.31418663,,,,,0.0
2022-03-05 00:32,13.59,13.59,13.54,13.54,1079.97,13.59000000,13.59000000,13.53000000,13.53000000,6363.91000000,13.591,13.591,13.559,13.559,0.99727223,13.55,13.55,13.52553,13.52553,4742.527599999999
2022-03-05 00:33,13.55,13.55,13.5,13.51,8407.48,13.54000000,13.54000000,13.49000000,13.50000000,19252.13000000,13.556,13.556,13.511,13.511,27.2505,13.52312,13.52312,13.50414,13.50414,1104.66026856
2022-03-05 00:34,13.52,13.55,13.52,13.55,4692.23,13.51000000,13.55000000,13.50000000,13.54000000,10776.37000000,13.535,13.555,13.535,13.555,25.38940988,13.51504,13.52993,13.51504,13.52954,527.81187577
2022-03-05 00:35,13.54,13.58,13.54,13.57,1945.95,13.53000000,13.58000000,13.53000000,13.56000000,2592.13000000,13.566,13.566,13.566,13.566,0.3351238,13.54361,13.57356,13.54361,13.57356,186.01819561999997
2022-03-05 00:36,13.57,13.6,13.55,13.59,688.22,13.55000000,13.59000000,13.55000000,13.57000000,4618.50000000,13.576,13.592,13.576,13.582,40.16420402,13.58331,13.58331,13.58331,13.58331,0.2561844
2022-03-05 00:37,13.58,13.58,13.56,13.57,479.6,13.58000000,13.59000000,13.55000000,13.56000000,3229.03000000,13.581,13.581,13.581,13.581,0.38122819,13.58648,13.58648,13.58648,13.58648,56.0
2022-03-05 00:38,13.56,13.56,13.5,13.52,2467.5,13.56000000,13.56000000,13.50000000,13.52000000,14391.32000000,13.566,13.566,13.54,13.54,40.00600334,13.55573,13.55573,13.51413,13.51413,3.79706397
2022-03-05 00:39,13.53,13.53,13.52,13.52,1333.38,13.52000000,13.53000000,13.51000000,13.51000000,1369.41000000,,,,,,13.52285,13.52533,13.51213,13.51213,33.1671455
2022-03-05 00:40,13.51,13.53,13.51,13.52,2133.95,13.50000000,13.51000000,13.49000000,13.51000000,2895.94000000,13.529,13.529,13.529,13.529,0.32162983,,,,,0.0
2022-03-05 00:41,13.52,13.54,13.52,13.53,6318.54,13.51000000,13.54000000,13.51000000,13.52000000,4475.37000000,13.519,13.549,13.519,13.537,250.46855338,,,,,0.0
2022-03-05 00:42,13.52,13.53,13.51,13.51,1867.48,13.52000000,13.52000000,13.50000000,13.50000000,8785.32000000,13.513,13.513,13.513,13.513,0.2867712,13.50963,13.50963,13.50963,13.50963,146.5128
2022-03-05 00:43,13.51,13.53,13.5,13.51,1343.41,13.50000000,13.52000000,13.49000000,13.49000000,2188.47000000,13.519,13.519,13.519,13.519,0.27296943,13.51073,13.5114,13.50217,13.50217,162.91579009
2022-03-05 00:44,13.5,13.5,13.45,13.45,20598.25,13.49000000,13.50000000,13.43000000,13.44000000,17356.71000000,13.511,13.511,13.467,13.467,5.67027273,13.5,13.50001,13.45001,13.45001,475.43187456
2022-03-05 00:45,13.45,13.49,13.45,13.47,2241.57,13.45000000,13.47000000,13.45000000,13.46000000,4585.56000000,13.487,13.487,13.475,13.475,0.44534527,13.46527,13.46527,13.45589,13.45589,1850.23896
2022-03-05 00:46,13.47,13.49,13.47,13.48,1527.44,13.46000000,13.48000000,13.46000000,13.47000000,2865.44000000,13.493,13.493,13.493,13.493,0.33575218,13.47307,13.47307,13.47307,13.47307,20.0
2022-03-05 00:47,13.48,13.5,13.48,13.5,1711.79,13.48000000,13.50000000,13.46000000,13.50000000,4136.71000000,13.497,13.497,13.497,13.497,0.29956178,13.49404,13.49404,13.49403,13.49403,26.75404
2022-03-05 00:48,13.5,13.53,13.5,13.51,1465.9,13.49000000,13.51000000,13.48000000,13.50000000,3694.56000000,13.511,13.511,13.511,13.511,0.36658074,13.4997,13.5085,13.4997,13.5085,1100.23485775
2022-03-05 00:49,13.52,13.52,13.5,13.51,2159.22,13.50000000,13.51000000,13.49000000,13.50000000,1816.82000000,,,,,,,,,,0.0
2022-03-05 00:50,13.5,13.53,13.5,13.53,1571.97,13.50000000,13.52000000,13.49000000,13.52000000,2364.76000000,13.527,13.527,13.527,13.527,0.51715132,,,,,0.0
2022-03-05 00:51,13.53,13.55,13.53,13.55,872.61,13.52000000,13.54000000,13.51000000,13.53000000,3326.10000000,13.544,13.544,13.544,13.544,0.38228622,,,,,0.0
2022-03-05 00:52,13.54,13.55,13.54,13.54,1169.12,13.54000000,13.54000000,13.52000000,13.53000000,1365.37000000,,,,,,,,,,0.0
2022-03-05 00:53,13.54,13.55,13.51,13.51,1908.04,13.53000000,13.54000000,13.50000000,13.51000000,5229.69000000,13.537,13.537,13.537,13.537,50.199999999999996,13.53001,13.53001,13.53,13.53,12272.52603001
2022-03-05 00:54,13.51,13.53,13.51,13.52,1720.56,13.50000000,13.52000000,13.50000000,13.51000000,3468.91000000,,,,,,13.53,13.53001,13.53,13.53,26611.89932825
2022-03-05 00:55,13.52,13.53,13.51,13.51,2135.7,13.51000000,13.53000000,13.51000000,13.52000000,4435.54000000,,,,,,13.53,13.53,13.53,13.53,3222.48456304
2022-03-05 00:56,13.53,13.53,13.51,13.52,313.24,13.52000000,13.53000000,13.50000000,13.50000000,7404.31000000,,,,,,13.53,13.53,13.53,13.53,8010.95620803
2022-03-05 00:57,13.52,13.52,13.5,13.5,2555.45,13.51000000,13.52000000,13.48000000,13.49000000,4210.40000000,13.52,13.52,13.504,13.504,171.11171836,13.53,13.53,13.51194,13.51194,8799.35474527
2022-03-05 00:58,13.49,13.49,13.48,13.48,2021.14,13.48000000,13.49000000,13.46000000,13.46000000,4434.31000000,13.485,13.488,13.473,13.488,20.67089178,,,,,0.0
2022-03-05 00:59,13.48,13.5,13.47,13.47,3083.7,13.47000000,13.49000000,13.45000000,13.46000000,3463.61000000,13.507,13.507,13.494,13.494,0.70406798,13.48605,13.48605,13.48605,13.48605,0.7085052
2022-03-05 01:00,13.47,13.53,13.47,13.53,3770.04,13.46000000,13.52000000,13.46000000,13.52000000,7942.33000000,13.514,13.521,13.495,13.521,0.9349278799999999,13.47232,13.47232,13.47232,13.47232,0.2
2022-03-05 01:01,13.53,13.54,13.52,13.52,1538.23,13.52000000,13.54000000,13.51000000,13.51000000,5182.33000000,13.528,13.528,13.528,13.528,0.20971771,,,,,0.0
2022-03-05 01:02,13.51,13.51,13.45,13.45,8511.07,13.50000000,13.50000000,13.44000000,13.44000000,21886.39000000,13.512,13.512,13.459,13.459,187.94448948,13.49661,13.49661,13.46686,13.46686,199.53399217
2022-03-05 01:03,13.44,13.53,13.42,13.53,6758.8,13.44000000,13.53000000,13.41000000,13.52000000,18370.58000000,13.45,13.521,13.436,13.521,64.36625923,13.45,13.4598,13.42827,13.4598,190.18571153
2022-03-05 01:04,13.53,13.57,13.53,13.57,7404.69,13.53000000,13.57000000,13.53000000,13.56000000,5998.29000000,13.556,13.567,13.555,13.567,403.72206984,13.5495,13.54965,13.5495,13.54965,46.17117983
2022-03-05 01:05,13.58,13.61,13.58,13.6,1529.41,13.57000000,13.61000000,13.57000000,13.58000000,5645.02000000,13.574,13.609,13.574,13.609,437.43508385,13.56622,13.59599,13.56622,13.59599,69.32472109
2022-03-05 01:06,13.58,13.59,13.56,13.58,1474.52,13.59000000,13.59000000,13.55000000,13.58000000,4669.21000000,13.59,13.596,13.556,13.596,49.56456311,,,,,0.0
2022-03-05 01:07,13.57,13.58,13.56,13.58,514.78,13.57000000,13.57000000,13.55000000,13.56000000,6141.66000000,13.578,13.578,13.569,13.575,40.3072196,13.57764,13.57764,13.57764,13.57764,3.62686
2022-03-05 01:08,13.59,13.59,13.58,13.59,1536.93,13.56000000,13.59000000,13.56000000,13.58000000,6543.90000000,13.596,13.596,13.596,13.596,0.35013491,13.58377,13.58377,13.58377,13.58377,3.62646
2022-03-05 01:09,13.59,13.6,13.59,13.6,854.29,13.59000000,13.59000000,13.58000000,13.59000000,2214.80000000,13.598,13.598,13.598,13.598,39.6742,13.58377,13.58377,13.58377,13.58377,0.01002359
2022-03-05 01:10,13.6,13.6,13.58,13.58,1011.68,13.60000000,13.60000000,13.57000000,13.58000000,2152.02000000,,,,,,,,,,0.0
2022-03-05 01:11,13.6,13.6,13.58,13.59,1397.04,13.59000000,13.59000000,13.58000000,13.58000000,3756.05000000,,,,,,13.58707,13.58707,13.58707,13.58707,9.04411765
2022-03-05 01:12,13.58,13.6,13.58,13.6,517.83,13.57000000,13.58000000,13.57000000,13.58000000,2060.27000000,,,,,,13.58,13.58,13.58,13.58,1.81707153
2022-03-05 01:13,13.6,13.6,13.58,13.6,947.64,13.58000000,13.59000000,13.58000000,13.59000000,391.55000000,,,,,,,,,,0.0
2022-03-05 01:14,13.6,13.64,13.6,13.62,1849.86,13.58000000,13.63000000,13.58000000,13.63000000,7596.01000000,13.607,13.635,13.607,13.635,60.97065225,13.58,13.61114,13.58,13.61114,20681.32392671
2022-03-05 01:15,13.63,13.64,13.59,13.59,1845.12,13.63000000,13.64000000,13.57000000,13.58000000,5628.93000000,13.622,13.622,13.616,13.616,28.28439938,13.61652,13.61863,13.61652,13.61863,47.45377225
2022-03-05 01:16,13.57,13.57,13.55,13.56,1713.34,13.57000000,13.58000000,13.54000000,13.55000000,4860.79000000,13.603,13.603,13.573,13.591,40.18692662,,,,,0.0
2022-03-05 01:17,13.55,13.57,13.55,13.56,1622.69,13.55000000,13.56000000,13.53000000,13.56000000,2240.33000000,13.564,13.564,13.564,13.564,0.29375647,13.54918,13.54918,13.54918,13.54918,22.0
2022-03-05 01:18,13.56,13.56,13.55,13.55,322.5,13.56000000,13.56000000,13.54000000,13.55000000,356.07000000,,,,,,,,,,0.0
2022-03-05 01:19,13.56,13.56,13.55,13.56,999.88,13.55000000,13.55000000,13.55000000,13.55000000,1828.32000000,,,,,,,,,,0.0
2022-03-05 01:20,13.56,13.58,13.56,13.58,516.76,13.56000000,13.58000000,13.56000000,13.57000000,2474.21000000,13.584,13.584,13.568,13.568,0.62514431,13.56,13.56,13.56,13.56,8334.02326573
2022-03-05 01:21,13.58,13.6,13.58,13.6,980.83,13.57000000,13.59000000,13.57000000,13.58000000,2953.91000000,13.593,13.593,13.593,13.593,0.33377365,13.56,13.56,13.56,13.56,11665.97673427
2022-03-05 01:22,13.6,13.6,13.59,13.6,15.43,13.58000000,13.59000000,13.58000000,13.59000000,100.75000000,13.588,13.588,13.588,13.588,0.32595194,,,,,0.0
2022-03-05 01:23,13.6,13.6,13.56,13.58,6863.28,13.59000000,13.59000000,13.55000000,13.56000000,2164.59000000,13.578,13.578,13.578,13.578,39.972764909999995,,,,,0.0
2022-03-05 01:24,13.57,13.59,13.56,13.57,639.5,13.56000000,13.59000000,13.56000000,13.58000000,1321.17000000,13.598,13.598,13.598,13.598,0.26925328,,,,,0.0
2022-03-05 01:25,,,,,,13.58000000,13.58000000,13.57000000,13.57000000,2078.55000000,13.587,13.587,13.587,13.587,0.33540809,,,,,0.0
2022-03-05 01:26,13.59,13.59,13.51,13.51,774.47,13.56000000,13.58000000,13.52000000,13.52000000,4075.71000000,13.565,13.565,13.548,13.548,0.7081682899999999,13.56,13.56,13.56,13.56,36.873156339999994
2022-03-05 01:27,13.52,13.56,13.52,13.55,1344.28,13.51000000,13.55000000,13.49000000,13.54000000,4181.52000000,13.538,13.538,13.538,13.538,0.31301313,13.51909,13.53931,13.51909,13.53931,10.24520075
2022-03-05 01:28,13.55,13.56,13.55,13.56,826.8,13.55000000,13.55000000,13.55000000,13.55000000,1121.41000000,13.563,13.566,13.547,13.566,0.81946915,13.54151,13.54543,13.54151,13.54543,240.24801681
2022-03-05 01:29,13.57,13.58,13.57,13.57,1222.51,13.56000000,13.57000000,13.56000000,13.57000000,444.86000000,13.565,13.565,13.565,13.565,0.21271481,13.55,13.55,13.55,13.55,11379.73460537
2022-03-05 01:30,13.58,13.58,13.55,13.55,579.91,13.57000000,13.57000000,13.54000000,13.54000000,2270.94000000,13.561,13.561,13.561,13.561,39.5,13.55,13.55,13.54222,13.54222,202.678797
2022-03-05 01:31,13.55,13.55,13.53,13.54,227.56,13.54000000,13.55000000,13.52000000,13.53000000,3666.32000000,13.55,13.55,13.55,13.55,0.38492752,13.54,13.54,13.51937,13.53165,76.378444
2022-03-05 01:32,13.54,13.54,13.52,13.52,32.25,13.52000000,13.52000000,13.52000000,13.52000000,990.14000000,13.536,13.536,13.531,13.531,113.71475548000001,13.52458,13.52458,13.52458,13.52458,4.6573
2022-03-05 01:33,13.52,13.54,13.52,13.54,44.97,13.52000000,13.53000000,13.52000000,13.53000000,201.89000000,13.549,13.549,13.549,13.549,0.32852666,13.52,13.52,13.52,13.52,5.0
2022-03-05 01:34,13.54,13.54,13.53,13.54,1181.62,13.52000000,13.54000000,13.52000000,13.54000000,260.96000000,,,,,,13.52,13.52,13.52,13.52,7791.41354208
2022-03-05 01:35,13.52,13.52,13.51,13.51,19.32,13.53000000,13.53000000,13.51000000,13.51000000,1481.14000000,13.529,13.529,13.529,13.529,0.34129928,13.53153,13.53153,13.52174,13.52174,627.00845255
2022-03-05 01:36,13.51,13.51,13.47,13.47,1611.59,13.50000000,13.50000000,13.46000000,13.46000000,4175.01000000,13.517,13.517,13.497,13.497,0.54196825,13.51,13.51,13.48177,13.48177,115.67482147
2022-03-05 01:37,13.48,13.5,13.46,13.47,659.07,13.46000000,13.49000000,13.46000000,13.47000000,8908.77000000,13.486,13.486,13.486,13.486,0.33794824,13.47898,13.47898,13.46038,13.46111,83.04341634000001
2022-03-05 01:38,13.48,13.5,13.48,13.5,2239.99,13.47000000,13.50000000,13.47000000,13.49000000,3086.49000000,13.468,13.491,13.468,13.491,0.5843473299999999,,,,,0.0
2022-03-05 01:39,13.48,13.54,13.48,13.54,3295.57,13.48000000,13.54000000,13.48000000,13.54000000,3489.59000000,13.511,13.542,13.511,13.542,81.48358908,,,,,0.0
2022-03-05 01:40,13.56,13.56,13.55,13.56,193.57,13.54000000,13.56000000,13.54000000,13.55000000,1848.28000000,13.555,13.562,13.555,13.557,180.86470416,,,,,0.0
2022-03-05 01:41,13.57,13.58,13.56,13.56,1634.02,13.56000000,13.58000000,13.56000000,13.58000000,5348.20000000,13.564,13.569,13.564,13.569,179.23469029,,,,,0.0
2022-03-05 01:42,13.56,13.58,13.56,13.56,246.87,13.58000000,13.58000000,13.56000000,13.57000000,1643.76000000,,,,,,,,,,0.0
2022-03-05 01:43,13.58,13.58,13.56,13.58,384.23,13.57000000,13.57000000,13.56000000,13.56000000,2352.33000000,13.589,13.589,13.585,13.585,100.27628202,,,,,0.0
2022-03-05 01:44,13.58,13.59,13.57,13.57,3124.47,13.56000000,13.58000000,13.56000000,13.57000000,3775.39000000,13.593,13.593,13.591,13.591,0.7180413,13.58301,13.58377,13.58301,13.58377,3.68106921
2022-03-05 01:45,13.57,13.59,13.57,13.58,1485.05,13.57000000,13.58000000,13.57000000,13.58000000,902.23000000,,,,,,,,,,0.0
2022-03-05 01:46,13.58,13.59,13.57,13.59,881.3,13.58000000,13.58000000,13.57000000,13.58000000,1981.78000000,13.572,13.589,13.572,13.589,0.50918107,,,,,0.0
2022-03-05 01:47,13.58,13.58,13.57,13.58,1901.63,13.59000000,13.59000000,13.58000000,13.58000000,912.60000000,13.596,13.596,13.596,13.596,0.36425026,,,,,0.0
2022-03-05 01:48,13.58,13.58,13.56,13.57,1607.13,13.58000000,13.58000000,13.56000000,13.57000000,1686.87000000,13.573,13.589,13.573,13.589,0.6119364700000001,,,,,0.0
2022-03-05 01:49,13.56,13.57,13.56,13.57,1321.09,13.56000000,13.57000000,13.55000000,13.56000000,480.51000000,13.572,13.584,13.572,13.584,0.56986191,,,,,0.0
2022-03-05 01:50,13.56,13.56,13.54,13.55,1461.26,13.56000000,13.56000000,13.54000000,13.55000000,1676.61000000,13.567,13.567,13.567,13.567,0.38740895,,,,,0.0
2022-03-05 01:51,13.55,13.57,13.55,13.57,363.18,13.54000000,13.56000000,13.54000000,13.56000000,839.45000000,,,,,,,,,,0.0
2022-03-05 01:52,13.57,13.57,13.57,13.57,107.77,13.56000000,13.57000000,13.56000000,13.57000000,909.30000000,,,,,,,,,,0.0
2022-03-05 01:53,13.57,13.57,13.56,13.57,364.28,13.56000000,13.57000000,13.56000000,13.56000000,1972.86000000,,,,,,,,,,0.0
2022-03-05 01:54,13.57,13.57,13.56,13.56,557.27,13.57000000,13.57000000,13.55000000,13.55000000,402.25000000,,,,,,,,,,0.0
2022-03-05 01:55,13.56,13.56,13.54,13.54,1273.92,13.55000000,13.56000000,13.55000000,13.55000000,683.73000000,,,,,,,,,,0.0
2022-03-05 01:56,13.55,13.57,13.55,13.57,621.32,13.54000000,13.57000000,13.54000000,13.56000000,922.61000000,,,,,,,,,,0.0
2022-03-05 01:57,13.57,13.57,13.56,13.56,244.43,13.57000000,13.57000000,13.56000000,13.56000000,278.95000000,,,,,,,,,,0.0
2022-03-05 01:58,13.55,13.57,13.55,13.57,222.23,13.55000000,13.57000000,13.55000000,13.57000000,436.02000000,,,,,,,,,,0.0
2022-03-05 01:59,13.57,13.58,13.56,13.58,3687.98,13.57000000,13.57000000,13.56000000,13.57000000,1243.03000000,13.584,13.584,13.584,13.584,0.38461642,,,,,0.0
2022-03-05 02:00,13.58,13.58,13.57,13.58,78.09,13.57000000,13.58000000,13.57000000,13.57000000,1366.78000000,,,,,,13.564,13.564,13.564,13.564,0.28764719
2022-03-05 02:01,13.58,13.58,13.58,13.58,115.3,13.58000000,13.58000000,13.57000000,13.57000000,16.04000000,,,,,,,,,,0.0
2022-03-05 02:02,13.58,13.58,13.57,13.58,15.54,13.57000000,13.58000000,13.57000000,13.57000000,61.05000000,,,,,,,,,,0.0
2022-03-05 02:03,13.58,13.58,13.56,13.56,357.44,13.57000000,13.58000000,13.55000000,13.56000000,1158.89000000,13.569,13.569,13.569,13.569,0.37044987,,,,,0.0
2022-03-05 02:04,13.55,13.56,13.55,13.56,137.37,13.55000000,13.56000000,13.55000000,13.55000000,23.33000000,,,,,,,,,,0.0
2022-03-05 02:05,13.56,13.59,13.56,13.59,1155.14,13.55000000,13.59000000,13.55000000,13.59000000,4720.19000000,13.571,13.593,13.571,13.593,40.614427340000006,13.57201,13.57408,13.57201,13.57408,161.74748784000002
2022-03-05 02:06,13.6,13.62,13.59,13.62,954.17,13.59000000,13.61000000,13.59000000,13.61000000,1108.85000000,13.6,13.612,13.6,13.612,139.94380533,13.58377,13.60016,13.58377,13.60016,26.31268221
2022-03-05 02:07,13.61,13.62,13.61,13.61,199.82,13.61000000,13.62000000,13.60000000,13.60000000,1550.15000000,,,,,,,,,,0.0
2022-03-05 02:08,13.61,13.62,13.61,13.61,652.43,13.60000000,13.61000000,13.60000000,13.61000000,1329.20000000,,,,,,13.60483,13.60483,13.60483,13.60483,2.54041763
2022-03-05 02:09,13.6,13.62,13.6,13.62,127.51,13.61000000,13.61000000,13.60000000,13.61000000,716.96000000,,,,,,13.60384,13.60384,13.60384,13.60384,14.62822262
2022-03-05 02:10,13.62,13.63,13.62,13.62,594.2,13.62000000,13.63000000,13.61000000,13.62000000,1304.19000000,13.635,13.635,13.635,13.635,0.3,13.60483,13.61114,13.60483,13.61114,1.6390599
2022-03-05 02:11,13.62,13.63,13.62,13.63,511.14,13.62000000,13.62000000,13.61000000,13.62000000,1388.57000000,13.635,13.635,13.635,13.635,0.04550824,13.61686,13.61686,13.61686,13.61686,0.28993737
2022-03-05 02:12,13.63,13.64,13.62,13.64,2060.67,13.62000000,13.63000000,13.61000000,13.63000000,925.97000000,13.64,13.64,13.64,13.64,13.0,13.61686,13.61863,13.61686,13.61863,45.659961
2022-03-05 02:13,13.64,13.64,13.62,13.63,1065.27,13.63000000,13.64000000,13.61000000,13.63000000,3803.12000000,,,,,,,,,,0.0
2022-03-05 02:14,13.63,13.65,13.62,13.65,1299.81,13.63000000,13.65000000,13.62000000,13.65000000,738.46000000,,,,,,13.6278,13.634,13.6278,13.634,3.78618265
2022-03-05 02:15,13.64,13.65,13.64,13.64,705.2,13.64000000,13.65000000,13.63000000,13.64000000,1281.79000000,,,,,,13.63186,13.63186,13.63186,13.63186,30.0
2022-03-05 02:16,13.64,13.64,13.63,13.64,157.63,13.64000000,13.64000000,13.64000000,13.64000000,590.53000000,,,,,,,,,,0.0
2022-03-05 02:17,13.64,13.64,13.62,13.63,1167.22,13.63000000,13.64000000,13.61000000,13.64000000,2096.46000000,,,,,,13.63482,13.63482,13.63482,13.63482,5.0
2022-03-05 02:18,13.63,13.64,13.62,13.64,486.91,13.63000000,13.64000000,13.63000000,13.63000000,581.00000000,,,,,,,,,,0.0
2022-03-05 02:19,13.64,13.64,13.63,13.63,1013.47,13.63000000,13.63000000,13.62000000,13.63000000,861.74000000,,,,,,,,,,0.0
2022-03-05 02:20,13.61,13.61,13.58,13.58,1383.59,13.63000000,13.63000000,13.56000000,13.57000000,12484.24000000,13.634,13.634,13.612,13.612,0.49896403,13.62743,13.62743,13.61651,13.61651,7.5
2022-03-05 02:21,13.57,13.57,13.54,13.56,337.21,13.57000000,13.57000000,13.54000000,13.57000000,5932.35000000,13.58,13.586,13.565,13.586,81.23508253,,,,,0.0
2022-03-05 02:22,13.57,13.58,13.57,13.57,388.67,13.56000000,13.57000000,13.56000000,13.57000000,1616.25000000,,,,,,,,,,0.0
2022-03-05 02:23,13.56,13.58,13.56,13.58,46.81,13.57000000,13.58000000,13.57000000,13.58000000,787.25000000,,,,,,13.57014,13.57014,13.57013,13.57013,669.42708465
2022-03-05 02:24,13.58,13.62,13.58,13.61,691.06,13.59000000,13.60000000,13.59000000,13.59000000,2714.58000000,13.607,13.607,13.607,13.607,0.27695323,,,,,0.0
2022-03-05 02:25,13.59,13.59,13.55,13.57,648.08,13.59000000,13.59000000,13.54000000,13.55000000,6778.27000000,13.598,13.598,13.566,13.577,1.09859417,,,,,0.0
2022-03-05 02:26,,,,,,13.55000000,13.57000000,13.55000000,13.56000000,2036.09000000,,,,,,,,,,0.0
2022-03-05 02:27,13.56,13.58,13.56,13.57,388.04,13.56000000,13.57000000,13.55000000,13.57000000,375.12000000,,,,,,,,,,0.0
2022-03-05 02:28,13.58,13.59,13.57,13.57,54.78,13.57000000,13.58000000,13.57000000,13.57000000,2074.50000000,,,,,,,,,,0.0
2022-03-05 02:29,13.58,13.59,13.58,13.59,1136.82,13.56000000,13.58000000,13.56000000,13.58000000,1431.93000000,,,,,,,,,,0.0
2022-03-05 02:30,13.59,13.59,13.57,13.59,163.71,13.57000000,13.57000000,13.57000000,13.57000000,452.35000000,,,,,,,,,,0.0
2022-03-05 02:31,13.58,13.58,13.57,13.57,173.76,13.58000000,13.58000000,13.56000000,13.57000000,824.28000000,,,,,,,,,,0.0
2022-03-05 02:32,13.57,13.6,13.57,13.58,784.56,13.57000000,13.59000000,13.57000000,13.58000000,2626.03000000,13.582,13.582,13.582,13.582,39.7,13.58443,13.58443,13.58443,13.58443,5.0
2022-03-05 02:33,13.58,13.58,13.57,13.57,386.79,13.58000000,13.58000000,13.57000000,13.58000000,184.27000000,,,,,,,,,,0.0
2022-03-05 02:34,13.58,13.58,13.56,13.56,290.0,13.58000000,13.58000000,13.57000000,13.58000000,174.81000000,,,,,,,,,,0.0
2022-03-05 02:35,13.57,13.6,13.57,13.6,162.19,13.57000000,13.60000000,13.56000000,13.60000000,2412.61000000,13.589,13.6,13.589,13.6,0.42888063,,,,,0.0
2022-03-05 02:36,13.61,13.61,13.6,13.61,139.72,13.60000000,13.61000000,13.60000000,13.61000000,1227.82000000,,,,,,,,,,0.0
2022-03-05 02:37,13.62,13.62,13.58,13.58,489.81,13.60000000,13.61000000,13.58000000,13.59000000,1110.04000000,13.61,13.61,13.598,13.598,0.5594853099999999,,,,,0.0
2022-03-05 02:38,13.58,13.6,13.58,13.59,28.92,13.59000000,13.59000000,13.57000000,13.59000000,573.58000000,13.598,13.598,13.598,13.598,0.0574078,,,,,0.0
2022-03-05 02:39,13.59,13.59,13.57,13.57,144.34,13.58000000,13.59000000,13.58000000,13.58000000,522.62000000,,,,,,,,,,0.0
2022-03-05 02:40,13.59,13.59,13.57,13.58,469.35,13.57000000,13.58000000,13.57000000,13.57000000,1860.85000000,13.587,13.587,13.587,13.587,0.3,,,,,0.0
2022-03-05 02:41,13.57,13.58,13.55,13.58,882.26,13.56000000,13.57000000,13.54000000,13.57000000,2058.88000000,13.587,13.587,13.587,13.587,0.05546993,,,,,0.0
2022-03-05 02:42,13.57,13.59,13.57,13.57,645.28,13.57000000,13.58000000,13.57000000,13.58000000,1813.24000000,,,,,,,,,,0.0
2022-03-05 02:43,13.58,13.59,13.58,13.59,50.38,13.57000000,13.57000000,13.57000000,13.57000000,0.74000000,,,,,,,,,,0.0
2022-03-05 02:44,13.59,13.59,13.57,13.58,1187.38,13.58000000,13.58000000,13.57000000,13.57000000,258.09000000,,,,,,,,,,0.0
2022-03-05 02:45,13.58,13.59,13.58,13.59,401.52,13.56000000,13.59000000,13.56000000,13.58000000,1708.10000000,,,,,,13.56695,13.5748,13.56695,13.5748,50.0359202
2022-03-05 02:46,13.6,13.6,13.59,13.6,45.72,13.58000000,13.59000000,13.58000000,13.59000000,885.09000000,,,,,,,,,,0.0
2022-03-05 02:47,13.59,13.59,13.58,13.59,189.1,13.58000000,13.59000000,13.58000000,13.58000000,963.40000000,,,,,,13.57701,13.57701,13.57701,13.57701,7.2162
2022-03-05 02:48,13.59,13.6,13.59,13.6,62.99,13.58000000,13.59000000,13.58000000,13.58000000,224.79000000,,,,,,,,,,0.0
2022-03-05 02:49,13.6,13.6,13.59,13.6,503.64,13.59000000,13.59000000,13.59000000,13.59000000,633.63000000,13.598,13.598,13.598,13.598,0.32226526,13.58599,13.59115,13.58599,13.59115,21.74953
2022-03-05 02:50,,,,,,13.58000000,13.59000000,13.58000000,13.59000000,1029.92000000,,,,,,,,,,0.0
2022-03-05 02:51,13.6,13.61,13.6,13.6,254.11,13.59000000,13.60000000,13.59000000,13.59000000,789.16000000,,,,,,,,,,0.0
2022-03-05 02:52,13.6,13.62,13.6,13.61,503.5,13.59000000,13.61000000,13.59000000,13.61000000,1682.83000000,13.609,13.609,13.609,13.609,11.870550000000001,,,,,0.0
2022-03-05 02:53,13.61,13.63,13.61,13.62,733.76,13.61000000,13.61000000,13.61000000,13.61000000,195.00000000,13.623,13.623,13.621,13.621,0.5961471700000001,,,,,0.0
2022-03-05 02:54,13.62,13.63,13.62,13.63,31.89,13.61000000,13.62000000,13.61000000,13.61000000,1131.89000000,,,,,,,,,,0.0
2022-03-05 02:55,13.63,13.64,13.63,13.64,130.05,13.61000000,13.63000000,13.61000000,13.63000000,1138.53000000,13.63,13.63,13.63,13.63,0.34444161,,,,,0.0
2022-03-05 02:56,13.63,13.63,13.63,13.63,275.83,13.63000000,13.64000000,13.63000000,13.63000000,485.72000000,,,,,,13.62501,13.62638,13.62501,13.62638,1100.91662318
2022-03-05 02:57,13.63,13.63,13.63,13.63,161.86,13.63000000,13.63000000,13.62000000,13.62000000,1766.50000000,,,,,,13.62448,13.62448,13.62448,13.62448,73.39729663
2022-03-05 02:58,13.62,13.63,13.62,13.62,292.3,13.62000000,13.63000000,13.62000000,13.63000000,454.97000000,,,,,,,,,,0.0
2022-03-05 02:59,13.61,13.61,13.59,13.59,402.95,13.62000000,13.62000000,13.58000000,13.58000000,1607.19000000,13.62,13.62,13.603,13.603,0.6456035200000001,,,,,0.0
2022-03-05 03:00,13.57,13.61,13.56,13.61,903.39,13.58000000,13.58000000,13.54000000,13.57000000,8393.22000000,13.585,13.585,13.568,13.568,0.7066318899999999,13.56357,13.56357,13.55195,13.55195,4.22701151
2022-03-05 03:01,13.61,13.62,13.61,13.62,240.3,13.57000000,13.62000000,13.57000000,13.61000000,3278.83000000,13.579,13.621,13.579,13.621,0.8580434800000001,13.56955,13.56955,13.56955,13.56955,582.034039
2022-03-05 03:02,13.61,13.63,13.61,13.63,914.13,13.60000000,13.61000000,13.60000000,13.61000000,2733.18000000,,,,,,,,,,0.0
2022-03-05 03:03,13.63,13.63,13.62,13.63,47.15,13.61000000,13.62000000,13.61000000,13.62000000,143.74000000,,,,,,,,,,0.0
2022-03-05 03:04,13.62,13.62,13.62,13.62,234.28,13.61000000,13.61000000,13.60000000,13.60000000,1053.32000000,,,,,,13.60718,13.60718,13.60718,13.60718,0.40857474
2022-03-05 03:05,13.62,13.64,13.62,13.64,742.79,13.61000000,13.63000000,13.61000000,13.63000000,2716.91000000,13.634,13.634,13.634,13.634,0.25925646,,,,,0.0
2022-03-05 03:06,13.63,13.64,13.63,13.63,781.76,13.62000000,13.63000000,13.62000000,13.62000000,1415.88000000,13.644,13.644,13.623,13.623,0.45606985,,,,,0.0
2022-03-05 03:07,13.63,13.63,13.62,13.62,15.11,13.62000000,13.62000000,13.61000000,13.61000000,1706.45000000,13.626,13.626,13.626,13.626,39.4,,,,,0.0
2022-03-05 03:08,13.61,13.62,13.6,13.61,1334.82,13.61000000,13.61000000,13.59000000,13.60000000,1803.06000000,13.615,13.615,13.609,13.609,0.59946679,13.60373,13.60373,13.60136,13.60136,270.88705715
2022-03-05 03:09,13.61,13.61,13.6,13.6,324.35,13.60000000,13.60000000,13.58000000,13.58000000,869.66000000,,,,,,13.60004,13.60014,13.60004,13.60014,73.52865485
2022-03-05 03:10,13.6,13.61,13.59,13.6,1197.93,13.58000000,13.60000000,13.58000000,13.58000000,1037.16000000,,,,,,,,,,0.0
2022-03-05 03:11,13.61,13.61,13.59,13.59,258.1,13.59000000,13.59000000,13.58000000,13.58000000,1116.06000000,,,,,,13.59874,13.59874,13.59874,13.59874,5.48937622
2022-03-05 03:12,13.6,13.6,13.58,13.58,116.43,13.58000000,13.58000000,13.57000000,13.57000000,1441.01000000,13.601,13.601,13.601,13.601,0.29148851,,,,,0.0
2022-03-05 03:13,13.59,13.59,13.57,13.59,1521.55,13.58000000,13.58000000,13.56000000,13.58000000,1020.86000000,13.584,13.584,13.584,13.584,0.31132179,,,,,0.0
2022-03-05 03:14,13.59,13.6,13.58,13.59,444.59,13.58000000,13.59000000,13.58000000,13.59000000,941.13000000,13.605,13.605,13.605,13.605,0.39562702,13.57745,13.57745,13.57745,13.57745,223.02072863
2022-03-05 03:15,13.59,13.62,13.59,13.62,725.0,13.58000000,13.61000000,13.58000000,13.61000000,1734.90000000,,,,,,,,,,0.0
2022-03-05 03:16,13.63,13.65,13.62,13.63,743.44,13.61000000,13.64000000,13.61000000,13.63000000,2190.19000000,13.619,13.63,13.619,13.63,291.48726042,13.61577,13.61577,13.61577,13.61577,257.14407563000003
2022-03-05 03:17,13.63,13.64,13.63,13.64,738.93,13.63000000,13.64000000,13.62000000,13.63000000,907.90000000,,,,,,,,,,0.0
2022-03-05 03:18,13.64,13.66,13.64,13.66,1257.83,13.63000000,13.66000000,13.63000000,13.65000000,2575.05000000,13.65,13.65,13.65,13.65,0.2184343,13.63716,13.64722,13.63716,13.64722,229.59926336
2022-03-05 03:19,13.66,13.67,13.66,13.67,11.23,13.65000000,13.66000000,13.64000000,13.65000000,3355.28000000,13.665,13.665,13.658,13.658,0.58220574,13.64723,13.66109,13.64723,13.66109,366.0393765
2022-03-05 03:20,13.67,13.67,13.64,13.64,990.67,13.66000000,13.67000000,13.63000000,13.63000000,6235.04000000,13.677,13.677,13.654,13.654,0.45478755000000004,,,,,0.0
2022-03-05 03:21,13.66,13.67,13.66,13.66,85.47,13.63000000,13.66000000,13.63000000,13.66000000,2719.38000000,13.638,13.66,13.638,13.66,0.6042974,,,,,0.0
2022-03-05 03:22,13.65,13.66,13.65,13.66,38.61,13.65000000,13.66000000,13.65000000,13.65000000,1121.60000000,,,,,,13.65066,13.65066,13.65066,13.65066,0.57333031
2022-03-05 03:23,13.66,13.66,13.65,13.66,450.9,13.65000000,13.65000000,13.65000000,13.65000000,825.31000000,,,,,,13.64158,13.64158,13.64084,13.64084,493.729
2022-03-05 03:24,13.65,13.65,13.64,13.64,20.37,13.65000000,13.65000000,13.64000000,13.64000000,223.36000000,,,,,,13.64798,13.64798,13.64798,13.64798,10.0
2022-03-05 03:25,13.66,13.68,13.65,13.68,593.09,13.63000000,13.68000000,13.63000000,13.68000000,6377.34000000,13.666,13.666,13.666,13.666,0.28044611,13.66256,13.66755,13.66256,13.66755,146.61159613
2022-03-05 03:26,13.69,13.71,13.69,13.71,568.52,13.68000000,13.71000000,13.68000000,13.71000000,5101.26000000,13.682,13.708,13.682,13.708,3.5146877499999998,13.67113,13.69451,13.67113,13.69451,64.68003848000001
2022-03-05 03:27,13.71,13.72,13.7,13.71,263.2,13.70000000,13.71000000,13.69000000,13.70000000,3541.75000000,13.712,13.712,13.712,13.712,0.546108,,,,,0.0
2022-03-05 03:28,13.71,13.71,13.68,13.68,753.08,13.70000000,13.71000000,13.67000000,13.68000000,2539.11000000,13.691,13.691,13.691,13.691,0.34134025,,,,,0.0
2022-03-05 03:29,13.69,13.69,13.69,13.69,158.06,13.69000000,13.69000000,13.68000000,13.69000000,1431.18000000,,,,,,,,,,0.0
2022-03-05 03:30,13.69,13.69,13.67,13.68,1224.45,13.68000000,13.69000000,13.66000000,13.67000000,2177.49000000,,,,,,,,,,0.0
2022-03-05 03:31,13.68,13.71,13.68,13.71,132.39,13.68000000,13.70000000,13.67000000,13.69000000,3999.50000000,13.713,13.713,13.713,13.713,0.28354508,,,,,0.0
2022-03-05 03:32,13.71,13.73,13.71,13.73,193.01,13.70000000,13.72000000,13.70000000,13.72000000,3618.85000000,13.724,13.724,13.724,13.724,0.22541128,13.70212,13.73524,13.70212,13.71572,10112.0
2022-03-05 03:33,13.73,13.73,13.72,13.73,870.37,13.72000000,13.73000000,13.72000000,13.73000000,1349.17000000,,,,,,,,,,0.0
2022-03-05 03:34,13.72,13.75,13.72,13.74,475.96,13.72000000,13.75000000,13.71000000,13.72000000,3505.58000000,13.734,13.753,13.734,13.753,39.45466872,13.73528,13.73528,13.73528,13.73528,3.72601895
2022-03-05 03:35,13.72,13.74,13.72,13.74,578.24,13.72000000,13.74000000,13.72000000,13.74000000,1375.41000000,,,,,,,,,,0.0
2022-03-05 03:36,13.73,13.73,13.72,13.72,66.26,13.73000000,13.74000000,13.71000000,13.71000000,2263.92000000,13.735,13.735,13.735,13.735,0.2011142,,,,,0.0
2022-03-05 03:37,13.72,13.74,13.72,13.73,1750.05,13.72000000,13.73000000,13.71000000,13.71000000,1453.21000000,,,,,,,,,,0.0
2022-03-05 03:38,13.72,13.72,13.7,13.72,944.12,13.71000000,13.72000000,13.69000000,13.72000000,1451.42000000,13.717,13.717,13.717,13.717,0.36533755,,,,,0.0
2022-03-05 03:39,13.72,13.74,13.71,13.72,2058.38,13.71000000,13.73000000,13.71000000,13.71000000,868.27000000,13.739,13.739,13.727,13.727,0.79308467,,,,,0.0
2022-03-05 03:40,13.72,13.72,13.71,13.72,1049.19,13.70000000,13.71000000,13.70000000,13.71000000,3755.03000000,13.719,13.719,13.719,13.719,0.39797797,,,,,0.0
2022-03-05 03:41,13.72,13.74,13.71,13.74,1930.16,13.71000000,13.73000000,13.71000000,13.73000000,896.18000000,,,,,,,,,,0.0
2022-03-05 03:42,13.74,13.74,13.73,13.74,1676.81,13.72000000,13.73000000,13.72000000,13.73000000,846.71000000,13.736,13.736,13.731,13.731,0.54885581,,,,,0.0
2022-03-05 03:43,13.74,13.75,13.73,13.74,505.45,13.73000000,13.73000000,13.72000000,13.73000000,1738.73000000,13.748,13.748,13.748,13.748,0.38264032,,,,,0.0
2022-03-05 03:44,13.74,13.75,13.74,13.75,423.75,13.72000000,13.74000000,13.72000000,13.73000000,829.31000000,13.733,13.752,13.733,13.752,0.65338388,,,,,0.0
2022-03-05 03:45,13.74,13.75,13.74,13.75,34.41,13.73000000,13.74000000,13.73000000,13.74000000,502.91000000,,,,,,,,,,0.0
2022-03-05 03:46,13.75,13.75,13.74,13.74,518.03,13.74000000,13.74000000,13.73000000,13.73000000,2244.95000000,,,,,,,,,,0.0
2022-03-05 03:47,13.74,13.74,13.74,13.74,1130.74,13.74000000,13.74000000,13.72000000,13.72000000,1185.96000000,,,,,,,,,,0.0
2022-03-05 03:48,13.74,13.74,13.7,13.71,56.91,13.72000000,13.72000000,13.69000000,13.69000000,3027.76000000,13.732,13.732,13.721,13.721,96.27289999999999,,,,,0.0
2022-03-05 03:49,13.71,13.72,13.71,13.72,280.6,13.69000000,13.71000000,13.69000000,13.70000000,1194.19000000,,,,,,,,,,0.0
2022-03-05 03:50,13.72,13.72,13.72,13.72,41.78,13.70000000,13.71000000,13.70000000,13.71000000,535.42000000,,,,,,,,,,0.0
2022-03-05 03:51,13.72,13.72,13.72,13.72,529.37,13.70000000,13.71000000,13.70000000,13.71000000,446.96000000,,,,,,13.70895,13.70897,13.70895,13.70897,250.0
2022-03-05 03:52,13.72,13.72,13.71,13.71,272.31,13.70000000,13.71000000,13.70000000,13.70000000,814.78000000,,,,,,,,,,0.0
2022-03-05 03:53,13.71,13.71,13.7,13.71,1774.66,13.70000000,13.71000000,13.70000000,13.70000000,1229.77000000,,,,,,,,,,0.0
2022-03-05 03:54,13.72,13.72,13.71,13.71,55.4,13.71000000,13.71000000,13.70000000,13.70000000,182.19000000,,,,,,,,,,0.0
2022-03-05 03:55,13.72,13.72,13.71,13.71,141.52,13.71000000,13.71000000,13.70000000,13.71000000,2000.29000000,,,,,,,,,,0.0
2022-03-05 03:56,13.72,13.73,13.72,13.73,389.44,13.71000000,13.72000000,13.71000000,13.72000000,998.88000000,,,,,,13.71397,13.71397,13.71397,13.71397,2.0
2022-03-05 03:57,13.73,13.73,13.72,13.72,476.89,13.72000000,13.72000000,13.72000000,13.72000000,797.62000000,13.74,13.74,13.74,13.74,0.38224567,,,,,0.0
2022-03-05 03:58,13.72,13.72,13.72,13.72,561.08,13.72000000,13.72000000,13.70000000,13.71000000,3995.97000000,,,,,,13.72128,13.72128,13.72128,13.72128,3.0
2022-03-05 03:59,13.72,13.73,13.72,13.72,941.22,13.71000000,13.72000000,13.71000000,13.72000000,22.63000000,,,,,,,,,,0.0
2022-03-05 04:00,13.72,13.73,13.72,13.73,400.43,13.71000000,13.72000000,13.71000000,13.71000000,125.87000000,,,,,,,,,,0.0
2022-03-05 04:01,13.72,13.73,13.72,13.72,358.23,13.72000000,13.72000000,13.71000000,13.72000000,122.01000000,,,,,,,,,,0.0
2022-03-05 04:02,13.71,13.71,13.7,13.7,688.9,13.71000000,13.72000000,13.68000000,13.68000000,2384.76000000,13.728,13.728,13.722,13.722,0.55222348,13.7,13.7,13.7,13.7,13.5029
2022-03-05 04:03,13.69,13.69,13.66,13.68,1340.33,13.68000000,13.69000000,13.65000000,13.67000000,1639.40000000,13.706,13.706,13.688,13.688,0.48111185,13.7,13.7,13.68769,13.68769,87.68855268
2022-03-05 04:04,13.68,13.7,13.68,13.7,545.67,13.66000000,13.70000000,13.66000000,13.69000000,2852.78000000,13.705,13.705,13.705,13.705,0.29551261,,,,,0.0
2022-03-05 04:05,13.7,13.71,13.69,13.69,262.49,13.69000000,13.71000000,13.69000000,13.70000000,834.25000000,13.699,13.699,13.699,13.699,0.33944476,,,,,0.0
2022-03-05 04:06,13.7,13.7,13.69,13.7,544.63,13.70000000,13.70000000,13.68000000,13.68000000,1048.18000000,,,,,,,,,,0.0
2022-03-05 04:07,13.7,13.7,13.67,13.68,297.42,13.69000000,13.69000000,13.67000000,13.68000000,1990.71000000,,,,,,,,,,0.0
2022-03-05 04:08,13.68,13.68,13.67,13.68,276.9,13.67000000,13.67000000,13.66000000,13.67000000,738.99000000,13.69,13.69,13.673,13.673,0.5909983400000001,13.67725,13.67725,13.66779,13.66788,125.18703039
2022-03-05 04:09,13.69,13.69,13.67,13.67,366.94,13.67000000,13.67000000,13.67000000,13.67000000,668.50000000,13.691,13.691,13.691,13.691,0.31107273,,,,,0.0
2022-03-05 04:10,13.67,13.67,13.66,13.67,2023.12,13.66000000,13.67000000,13.65000000,13.66000000,4388.52000000,13.671,13.671,13.671,13.671,0.38470556,13.663,13.663,13.65594,13.65594,4.812279
2022-03-05 04:11,13.68,13.68,13.66,13.68,567.5,13.67000000,13.67000000,13.66000000,13.67000000,1533.90000000,,,,,,13.6676,13.6676,13.66091,13.66746,14.950220999999999
2022-03-05 04:12,13.68,13.69,13.68,13.68,646.23,13.67000000,13.68000000,13.67000000,13.67000000,2059.68000000,13.685,13.685,13.685,13.685,0.34093891,13.66652,13.66652,13.66652,13.66652,4.969242
2022-03-05 04:13,13.69,13.69,13.69,13.69,343.57,13.67000000,13.69000000,13.67000000,13.68000000,1261.46000000,,,,,,,,,,0.0
2022-03-05 04:14,13.69,13.7,13.69,13.7,1008.83,13.68000000,13.69000000,13.67000000,13.69000000,506.10000000,13.691,13.704,13.691,13.704,0.62699989,,,,,0.0
2022-03-05 04:15,13.7,13.7,13.68,13.69,2384.6,13.69000000,13.70000000,13.67000000,13.67000000,2707.40000000,,,,,,,,,,0.0
2022-03-05 04:16,13.7,13.7,13.69,13.69,33.68,13.67000000,13.70000000,13.67000000,13.67000000,3588.12000000,,,,,,13.67761,13.67761,13.67761,13.67761,0.21725647
2022-03-05 04:17,13.69,13.69,13.69,13.69,349.19,13.68000000,13.68000000,13.67000000,13.68000000,880.94000000,,,,,,,,,,0.0
2022-03-05 04:18,13.69,13.69,13.67,13.67,1088.02,13.68000000,13.68000000,13.67000000,13.67000000,1569.09000000,13.687,13.687,13.687,13.687,39.3341,13.67672,13.67672,13.67672,13.67672,25.0
2022-03-05 04:19,13.68,13.68,13.67,13.67,324.69,13.67000000,13.68000000,13.67000000,13.67000000,1228.83000000,,,,,,,,,,0.0
2022-03-05 04:20,13.67,13.68,13.67,13.68,342.59,13.66000000,13.67000000,13.65000000,13.67000000,1435.21000000,,,,,,,,,,0.0
2022-03-05 04:21,13.68,13.69,13.68,13.69,162.13,13.67000000,13.68000000,13.67000000,13.68000000,487.16000000,,,,,,,,,,0.0
2022-03-05 04:22,13.68,13.69,13.68,13.69,2053.29,13.67000000,13.68000000,13.67000000,13.67000000,1444.41000000,,,,,,13.67625,13.67625,13.67625,13.67625,10.44601
2022-03-05 04:23,13.69,13.7,13.69,13.69,626.41,13.67000000,13.69000000,13.67000000,13.68000000,2259.64000000,13.704,13.704,13.704,13.704,0.21890744,,,,,0.0
2022-03-05 04:24,13.7,13.7,13.68,13.7,945.12,13.68000000,13.69000000,13.68000000,13.68000000,1966.29000000,,,,,,,,,,0.0
2022-03-05 04:25,13.69,13.7,13.69,13.69,1607.04,13.69000000,13.69000000,13.68000000,13.68000000,717.46000000,,,,,,,,,,0.0
2022-03-05 04:26,13.69,13.69,13.68,13.69,1105.93,13.68000000,13.69000000,13.68000000,13.69000000,373.09000000,,,,,,,,,,0.0
2022-03-05 04:27,13.68,13.7,13.68,13.69,1245.44,13.68000000,13.69000000,13.67000000,13.69000000,1519.17000000,,,,,,,,,,0.0
2022-03-05 04:28,13.7,13.7,13.68,13.69,127.25,13.69000000,13.69000000,13.68000000,13.68000000,257.05000000,,,,,,,,,,0.0
2022-03-05 04:29,13.69,13.69,13.68,13.68,935.29,13.68000000,13.68000000,13.66000000,13.67000000,2070.78000000,13.689,13.689,13.689,13.689,10.799999999999999,,,,,0.0
2022-03-05 04:30,13.67,13.69,13.67,13.69,83.46,13.67000000,13.68000000,13.66000000,13.68000000,683.54000000,,,,,,13.67083,13.67083,13.67083,13.67083,0.24056386
2022-03-05 04:31,13.7,13.7,13.69,13.69,10.84,13.68000000,13.69000000,13.68000000,13.68000000,1738.11000000,,,,,,13.67084,13.67084,13.67084,13.67084,0.20138828
2022-03-05 04:32,13.7,13.72,13.7,13.72,808.12,13.68000000,13.72000000,13.68000000,13.71000000,2858.15000000,13.707,13.727,13.707,13.727,5.25516715,,,,,0.0
2022-03-05 04:33,13.72,13.72,13.7,13.71,424.71,13.71000000,13.71000000,13.70000000,13.70000000,533.43000000,13.717,13.717,13.717,13.717,0.30428249,,,,,0.0
2022-03-05 04:34,13.7,13.7,13.65,13.65,3334.92,13.69000000,13.69000000,13.64000000,13.65000000,3398.45000000,13.709,13.709,13.664,13.664,0.94768306,13.68724,13.68724,13.66821,13.66821,8.0
2022-03-05 04:35,13.66,13.67,13.63,13.65,1193.78,13.65000000,13.66000000,13.63000000,13.63000000,3759.04000000,13.657,13.657,13.657,13.657,39.18912861,13.65396,13.65396,13.644,13.644,60.0
2022-03-05 04:36,13.63,13.65,13.63,13.65,1339.68,13.63000000,13.65000000,13.61000000,13.65000000,3272.58000000,,,,,,,,,,0.0
2022-03-05 04:37,13.68,13.7,13.68,13.7,379.94,13.66000000,13.68000000,13.66000000,13.68000000,1974.70000000,13.68,13.68,13.68,13.68,0.23499827,,,,,0.0
2022-03-05 04:38,13.7,13.74,13.7,13.74,1513.9,13.68000000,13.73000000,13.67000000,13.73000000,3619.95000000,13.7,13.724,13.7,13.724,80.05044756000001,13.7166,13.7166,13.7166,13.7166,18.9549
2022-03-05 04:39,13.74,13.74,13.73,13.73,1659.96,13.73000000,13.73000000,13.72000000,13.72000000,1791.59000000,13.737,13.737,13.737,13.737,0.34766222,,,,,0.0
2022-03-05 04:40,13.73,13.74,13.72,13.72,880.9,13.72000000,13.73000000,13.71000000,13.73000000,174.64000000,13.737,13.737,13.737,13.737,0.22365109,13.71418,13.71418,13.71418,13.71418,0.2247323
2022-03-05 04:41,13.72,13.75,13.72,13.75,635.33,13.72000000,13.74000000,13.72000000,13.74000000,2060.65000000,,,,,,,,,,0.0
2022-03-05 04:42,13.75,13.75,13.72,13.73,383.11,13.74000000,13.75000000,13.72000000,13.74000000,4538.07000000,13.752,13.757,13.737,13.757,0.90558504,13.73187,13.73234,13.71458,13.71458,0.8860800600000001
2022-03-05 04:43,13.73,13.73,13.72,13.73,160.71,13.73000000,13.74000000,13.71000000,13.72000000,1444.19000000,13.757,13.757,13.748,13.748,0.40550597,,,,,0.0
2022-03-05 04:44,13.73,13.73,13.71,13.72,1336.2,13.72000000,13.72000000,13.70000000,13.70000000,1044.94000000,13.736,13.736,13.729,13.729,39.43014284,13.71737,13.71737,13.69977,13.69977,10.240446
2022-03-05 04:45,13.72,13.72,13.7,13.7,772.2,13.71000000,13.71000000,13.68000000,13.68000000,2295.72000000,13.715,13.715,13.715,13.715,0.32768955,,,,,0.0
2022-03-05 04:46,13.68,13.7,13.67,13.67,476.83,13.68000000,13.68000000,13.66000000,13.66000000,2019.08000000,13.704,13.704,13.693,13.693,0.57692521,,,,,0.0
2022-03-05 04:47,13.68,13.68,13.67,13.67,832.5,13.66000000,13.67000000,13.66000000,13.66000000,1525.14000000,13.681,13.681,13.681,13.681,0.20330542,,,,,0.0
2022-03-05 04:48,13.67,13.68,13.67,13.68,1169.51,13.66000000,13.68000000,13.66000000,13.67000000,807.06000000,13.673,13.673,13.673,13.673,0.3563809,,,,,0.0
2022-03-05 04:49,13.68,13.68,13.68,13.68,446.78,13.66000000,13.67000000,13.66000000,13.66000000,519.42000000,13.691,13.691,13.691,13.691,0.31105707,,,,,0.0
2022-03-05 04:50,13.68,13.68,13.66,13.66,1258.38,13.67000000,13.67000000,13.65000000,13.65000000,1412.56000000,13.679,13.679,13.679,13.679,39.684787230000005,,,,,0.0
2022-03-05 04:51,13.66,13.69,13.66,13.67,1634.68,13.65000000,13.68000000,13.65000000,13.66000000,9737.89000000,13.692,13.699,13.692,13.699,10.2730185,13.68042,13.68042,13.68042,13.68042,3.39633663
2022-03-05 04:52,13.67,13.72,13.66,13.72,2868.34,13.65000000,13.71000000,13.64000000,13.71000000,10972.93000000,13.68,13.7,13.668,13.7,246.74541975,13.68085,13.68085,13.66344,13.67282,720.51211086
2022-03-05 04:53,13.72,13.72,13.7,13.7,1472.05,13.72000000,13.72000000,13.69000000,13.69000000,1201.25000000,13.715,13.715,13.715,13.715,39.681954850000004,,,,,0.0
2022-03-05 04:54,13.7,13.7,13.67,13.68,1821.68,13.69000000,13.69000000,13.66000000,13.67000000,4905.73000000,13.689,13.707,13.689,13.689,0.9927663099999999,,,,,0.0
2022-03-05 04:55,13.68,13.69,13.68,13.69,633.88,13.67000000,13.68000000,13.67000000,13.68000000,1166.38000000,,,,,,,,,,0.0
2022-03-05 04:56,13.69,13.7,13.69,13.7,485.58,13.68000000,13.68000000,13.67000000,13.68000000,804.50000000,,,,,,13.66847,13.66847,13.66847,13.66847,0.27489376000000004
2022-03-05 04:57,13.7,13.71,13.7,13.71,28.18,13.69000000,13.70000000,13.69000000,13.69000000,462.98000000,13.709,13.709,13.704,13.704,0.61931308,,,,,0.0
2022-03-05 04:58,13.71,13.71,13.69,13.69,230.76,13.70000000,13.70000000,13.69000000,13.70000000,61.23000000,,,,,,,,,,0.0
2022-03-05 04:59,13.69,13.71,13.68,13.7,2070.09,13.69000000,13.69000000,13.67000000,13.69000000,2251.50000000,13.692,13.692,13.692,13.692,0.32715992,,,,,0.0
2022-03-05 05:00,13.69,13.71,13.69,13.7,297.78,13.68000000,13.70000000,13.68000000,13.69000000,1393.72000000,13.699,13.699,13.699,13.699,5.18722512,,,,,0.0
2022-03-05 05:01,13.71,13.71,13.67,13.68,2477.94,13.70000000,13.70000000,13.67000000,13.67000000,1563.80000000,,,,,,,,,,0.0
2022-03-05 05:02,13.69,13.69,13.68,13.68,62.44,13.67000000,13.68000000,13.67000000,13.68000000,130.55000000,,,,,,13.67819,13.67819,13.67819,13.67819,3.60143
2022-03-05 05:03,13.69,13.69,13.69,13.69,46.88,13.67000000,13.68000000,13.67000000,13.67000000,332.95000000,13.681,13.681,13.681,13.681,0.21790703,13.67505,13.67505,13.67505,13.67505,1.49555
2022-03-05 05:04,13.68,13.69,13.68,13.68,1138.6,13.67000000,13.68000000,13.67000000,13.67000000,623.34000000,,,,,,,,,,0.0
2022-03-05 05:05,13.67,13.68,13.66,13.66,451.25,13.66000000,13.66000000,13.65000000,13.65000000,285.24000000,,,,,,,,,,0.0
2022-03-05 05:06,13.66,13.69,13.66,13.69,367.6,13.65000000,13.67000000,13.65000000,13.67000000,1104.77000000,,,,,,,,,,0.0
2022-03-05 05:07,13.7,13.75,13.7,13.73,1442.75,13.67000000,13.74000000,13.67000000,13.73000000,4157.81000000,13.702,13.745,13.702,13.745,10.3514683,13.72483,13.72483,13.72483,13.72483,8.67320094
2022-03-05 05:08,13.73,13.74,13.72,13.72,578.61,13.72000000,13.73000000,13.72000000,13.72000000,826.25000000,13.727,13.727,13.727,13.727,0.38923867,13.72271,13.72271,13.72187,13.72187,629.639
2022-03-05 05:09,13.72,13.74,13.72,13.73,635.36,13.72000000,13.74000000,13.72000000,13.73000000,1155.35000000,13.747,13.747,13.747,13.747,0.29718266,,,,,0.0
2022-03-05 05:10,13.73,13.74,13.72,13.73,1271.39,13.73000000,13.74000000,13.71000000,13.72000000,687.64000000,13.74,13.74,13.74,13.74,0.34995899,13.71711,13.71711,13.71711,13.71711,0.22639578
2022-03-05 05:11,13.73,13.74,13.72,13.72,867.55,13.72000000,13.73000000,13.72000000,13.72000000,35.44000000,,,,,,,,,,0.0
2022-03-05 05:12,13.72,13.73,13.72,13.73,22.89,13.72000000,13.72000000,13.71000000,13.72000000,146.75000000,,,,,,13.71409,13.71409,13.71409,13.71409,0.40857
2022-03-05 05:13,13.73,13.74,13.72,13.72,921.08,13.72000000,13.73000000,13.70000000,13.71000000,2797.98000000,,,,,,,,,,0.0
2022-03-05 05:14,13.71,13.72,13.71,13.72,667.94,13.71000000,13.72000000,13.70000000,13.71000000,1562.04000000,13.727,13.727,13.727,13.727,0.20290358,,,,,0.0
2022-03-05 05:15,13.71,13.71,13.7,13.71,413.34,13.71000000,13.71000000,13.69000000,13.69000000,796.56000000,13.717,13.717,13.717,13.717,0.27376954,,,,,0.0
2022-03-05 05:16,13.72,13.72,13.72,13.72,1100.03,13.69000000,13.71000000,13.69000000,13.71000000,815.85000000,,,,,,,,,,0.0
2022-03-05 05:17,13.72,13.74,13.72,13.74,1275.66,13.72000000,13.73000000,13.72000000,13.73000000,261.46000000,13.736,13.736,13.736,13.736,0.33139837,,,,,0.0
2022-03-05 05:18,13.74,13.77,13.74,13.76,515.62,13.73000000,13.76000000,13.73000000,13.76000000,3005.20000000,13.743,13.771,13.743,13.757,39.7331201,13.74009,13.75228,13.74009,13.75228,57.39344588
2022-03-05 05:19,13.77,13.77,13.76,13.76,1212.67,13.76000000,13.77000000,13.76000000,13.77000000,786.83000000,,,,,,,,,,0.0
2022-03-05 05:20,13.75,13.75,13.75,13.75,94.47,13.76000000,13.77000000,13.74000000,13.75000000,460.73000000,,,,,,13.75228,13.75228,13.75228,13.75228,0.23368281999999999
2022-03-05 05:21,13.75,13.76,13.75,13.76,270.63,13.75000000,13.76000000,13.74000000,13.75000000,1868.82000000,,,,,,13.75043,13.75043,13.75043,13.75043,0.4080479
2022-03-05 05:22,13.75,13.76,13.75,13.76,1298.22,13.74000000,13.75000000,13.74000000,13.75000000,661.33000000,,,,,,13.75472,13.75472,13.75472,13.75472,100.0
2022-03-05 05:23,13.76,13.77,13.75,13.75,1190.38,13.76000000,13.76000000,13.74000000,13.76000000,905.59000000,,,,,,13.7509,13.7509,13.75037,13.75037,689.694
2022-03-05 05:24,13.76,13.77,13.75,13.75,945.89,13.76000000,13.76000000,13.74000000,13.74000000,573.70000000,,,,,,,,,,0.0
2022-03-05 05:25,13.76,13.76,13.75,13.76,1155.7,13.74000000,13.75000000,13.73000000,13.75000000,714.38000000,13.759,13.759,13.759,13.759,39.1755,,,,,0.0
2022-03-05 05:26,13.76,13.77,13.76,13.77,362.77,13.75000000,13.76000000,13.75000000,13.76000000,7270.03000000,,,,,,,,,,0.0
2022-03-05 05:27,13.77,13.77,13.77,13.77,9.69,13.76000000,13.76000000,13.76000000,13.76000000,0.00000000,13.775,13.775,13.775,13.775,0.28330889,,,,,0.0
2022-03-05 05:28,13.77,13.77,13.75,13.76,607.82,13.75000000,13.75000000,13.74000000,13.74000000,977.42000000,,,,,,,,,,0.0
2022-03-05 05:29,13.76,13.76,13.75,13.75,39.71,13.74000000,13.75000000,13.74000000,13.74000000,1552.87000000,,,,,,,,,,0.0
2022-03-05 05:30,13.76,13.76,13.74,13.75,1258.82,13.74000000,13.75000000,13.73000000,13.74000000,3820.60000000,13.761,13.761,13.755,13.755,137.17026008,,,,,0.0
2022-03-05 05:31,13.75,13.75,13.75,13.75,28.55,13.74000000,13.75000000,13.73000000,13.74000000,1347.86000000,,,,,,,,,,0.0
2022-03-05 05:32,13.74,13.75,13.74,13.75,106.47,13.74000000,13.74000000,13.73000000,13.73000000,426.85000000,,,,,,13.73885,13.73885,13.73609,13.73609,7.3487133799999995
2022-03-05 05:33,13.75,13.76,13.75,13.76,165.18,13.74000000,13.76000000,13.74000000,13.75000000,1594.42000000,13.77,13.77,13.77,13.77,0.3,,,,,0.0
2022-03-05 05:34,13.76,13.77,13.76,13.77,261.4,13.75000000,13.76000000,13.75000000,13.75000000,742.43000000,13.77,13.77,13.763,13.763,0.25499565,,,,,0.0
2022-03-05 05:35,13.76,13.78,13.76,13.78,1130.07,13.76000000,13.77000000,13.75000000,13.77000000,4600.58000000,13.781,13.781,13.781,13.781,0.31902101,13.75795,13.76273,13.75795,13.76273,6.69
2022-03-05 05:36,13.78,13.79,13.78,13.78,180.34,13.77000000,13.78000000,13.76000000,13.78000000,3618.10000000,,,,,,13.76273,13.77247,13.76273,13.77247,7.04022138
2022-03-05 05:37,13.78,13.79,13.77,13.78,113.81,13.78000000,13.78000000,13.77000000,13.77000000,658.25000000,,,,,,,,,,0.0
2022-03-05 05:38,13.77,13.77,13.77,13.77,796.61,13.77000000,13.77000000,13.75000000,13.76000000,2476.07000000,,,,,,13.77057,13.77057,13.75476,13.75476,690.4211
2022-03-05 05:39,13.77,13.78,13.77,13.78,383.09,13.76000000,13.77000000,13.76000000,13.77000000,688.65000000,,,,,,,,,,0.0
2022-03-05 05:40,13.77,13.77,13.77,13.77,389.6,13.76000000,13.77000000,13.76000000,13.76000000,1596.71000000,,,,,,13.77023,13.77023,13.77023,13.77023,36.32
2022-03-05 05:41,13.77,13.78,13.77,13.77,58.28,13.75000000,13.77000000,13.75000000,13.76000000,193.13000000,,,,,,,,,,0.0
2022-03-05 05:42,13.76,13.76,13.76,13.76,2135.21,13.76000000,13.77000000,13.76000000,13.76000000,896.72000000,,,,,,13.76433,13.76433,13.76433,13.76433,16.5
2022-03-05 05:43,13.76,13.76,13.74,13.75,798.2,13.75000000,13.75000000,13.73000000,13.75000000,1298.44000000,13.762,13.762,13.748,13.748,0.7496300499999999,,,,,0.0
2022-03-05 05:44,13.75,13.76,13.74,13.75,434.38,13.75000000,13.75000000,13.74000000,13.75000000,9.26000000,13.762,13.762,13.762,13.762,0.00882087,,,,,0.0
2022-03-05 05:45,13.76,13.76,13.74,13.74,1905.82,13.75000000,13.76000000,13.75000000,13.75000000,992.12000000,13.762,13.762,13.762,13.762,0.3,,,,,0.0
2022-03-05 05:46,13.75,13.77,13.75,13.76,1019.95,13.74000000,13.77000000,13.74000000,13.75000000,2066.21000000,,,,,,,,,,0.0
2022-03-05 05:47,13.77,13.78,13.76,13.78,73.68,13.76000000,13.77000000,13.76000000,13.76000000,456.58000000,13.782,13.782,13.782,13.782,0.37336738,13.77051,13.77105,13.77051,13.77105,3.0
2022-03-05 05:48,13.78,13.79,13.78,13.79,161.92,13.77000000,13.79000000,13.77000000,13.79000000,3515.23000000,13.791,13.791,13.791,13.791,3.6305,13.77247,13.77247,13.77247,13.77247,4.74498993
2022-03-05 05:49,13.79,13.79,13.79,13.79,1074.26,13.79000000,13.80000000,13.78000000,13.79000000,1878.26000000,,,,,,13.7863,13.78664,13.7863,13.78664,2.0
2022-03-05 05:50,13.79,13.8,13.78,13.79,197.41,13.79000000,13.80000000,13.77000000,13.79000000,1962.71000000,,,,,,,,,,0.0
2022-03-05 05:51,13.79,13.79,13.78,13.78,91.01,13.79000000,13.79000000,13.78000000,13.78000000,1040.43000000,,,,,,13.78765,13.78765,13.78765,13.78765,1.0
2022-03-05 05:52,13.79,13.79,13.78,13.78,771.83,13.77000000,13.78000000,13.77000000,13.77000000,1424.93000000,,,,,,,,,,0.0
2022-03-05 05:53,13.78,13.78,13.76,13.77,247.29,13.76000000,13.77000000,13.75000000,13.76000000,1300.75000000,13.782,13.782,13.778,13.778,0.99,13.75631,13.75631,13.75474,13.75474,689.694
2022-03-05 05:54,13.75,13.76,13.75,13.75,705.14,13.75000000,13.76000000,13.74000000,13.75000000,2023.59000000,,,,,,,,,,0.0
2022-03-05 05:55,13.76,13.77,13.76,13.77,52.61,13.75000000,13.76000000,13.75000000,13.76000000,1532.59000000,,,,,,,,,,0.0
2022-03-05 05:56,13.76,13.79,13.76,13.79,441.87,13.76000000,13.79000000,13.76000000,13.79000000,4332.43000000,13.784,13.797,13.784,13.797,0.61182039,,,,,0.0
2022-03-05 05:57,13.79,13.8,13.79,13.8,67.72,13.79000000,13.80000000,13.78000000,13.80000000,1014.79000000,,,,,,,,,,0.0
2022-03-05 05:58,13.8,13.8,13.79,13.79,185.72,13.80000000,13.80000000,13.78000000,13.79000000,1858.81000000,,,,,,13.78833,13.78833,13.78833,13.78833,2.0
2022-03-05 05:59,13.78,13.81,13.78,13.81,997.03,13.79000000,13.81000000,13.79000000,13.81000000,3269.09000000,13.807,13.823,13.807,13.823,0.6,13.78833,13.80404,13.78833,13.80404,16.15431512
2022-03-05 06:00,13.82,13.82,13.81,13.82,512.7,13.81000000,13.82000000,13.80000000,13.81000000,3671.36000000,,,,,,13.80404,13.82049,13.80404,13.81202,80.21215704
2022-03-05 06:01,13.82,13.83,13.82,13.82,167.09,13.81000000,13.83000000,13.81000000,13.83000000,1790.41000000,13.825,13.825,13.825,13.825,23.54989,,,,,0.0
2022-03-05 06:02,13.82,13.82,13.82,13.82,78.15,13.82000000,13.82000000,13.81000000,13.82000000,671.48000000,,,,,,,,,,0.0
2022-03-05 06:03,13.82,13.82,13.8,13.81,729.56,13.82000000,13.82000000,13.80000000,13.80000000,420.58000000,13.821,13.821,13.821,13.821,79.1931731,,,,,0.0
2022-03-05 06:04,13.81,13.81,13.8,13.8,1412.01,13.81000000,13.81000000,13.80000000,13.80000000,1563.03000000,,,,,,,,,,0.0
2022-03-05 06:05,13.77,13.79,13.77,13.79,364.72,13.80000000,13.80000000,13.76000000,13.79000000,4756.51000000,13.808,13.808,13.781,13.781,72.04563906,13.81,13.81,13.76766,13.76766,185.43822624
2022-03-05 06:06,13.79,13.8,13.79,13.8,419.94,13.79000000,13.80000000,13.79000000,13.80000000,1048.44000000,13.804,13.804,13.804,13.804,0.20665744,,,,,0.0
2022-03-05 06:07,13.81,13.82,13.81,13.82,793.98,13.80000000,13.81000000,13.80000000,13.80000000,526.94000000,13.804,13.804,13.804,13.804,0.15594252,,,,,0.0
2022-03-05 06:08,13.81,13.83,13.81,13.83,149.33,13.81000000,13.82000000,13.80000000,13.82000000,1518.08000000,13.821,13.821,13.821,13.821,0.37292296,13.80298,13.82049,13.79974,13.82049,864.06267944
2022-03-05 06:09,13.82,13.82,13.82,13.82,76.92,13.83000000,13.83000000,13.81000000,13.81000000,1488.31000000,,,,,,13.82737,13.82737,13.82737,13.82737,3.58701979
2022-03-05 06:10,13.81,13.82,13.8,13.82,301.08,13.80000000,13.81000000,13.79000000,13.81000000,2277.32000000,13.8,13.818,13.8,13.818,0.60921172,,,,,0.0
2022-03-05 06:11,13.82,13.82,13.82,13.82,39.71,13.82000000,13.83000000,13.81000000,13.83000000,589.63000000,,,,,,,,,,0.0
2022-03-05 06:12,13.82,13.83,13.82,13.83,282.04,13.82000000,13.83000000,13.82000000,13.83000000,1153.06000000,13.828,13.843,13.828,13.843,0.48519123,13.82573,13.82573,13.82567,13.82567,214.14770735
2022-03-05 06:13,13.84,13.84,13.83,13.84,3230.75,13.83000000,13.84000000,13.83000000,13.84000000,2078.30000000,13.843,13.843,13.843,13.843,12.1652,13.82815,13.82815,13.82815,13.82815,1.33691996
2022-03-05 06:14,13.83,13.87,13.82,13.87,184.96,13.84000000,13.84000000,13.81000000,13.84000000,1807.25000000,13.841,13.843,13.841,13.843,86.61616232,13.83018,13.83609,13.83018,13.83609,165.98313143000001
2022-03-05 06:15,13.86,13.86,13.85,13.85,396.13,13.85000000,13.86000000,13.84000000,13.86000000,2712.84000000,13.859,13.866,13.859,13.866,8.22373004,13.83899,13.85796,13.83899,13.85796,90.69466167
2022-03-05 06:16,13.85,13.85,13.84,13.84,1611.35,13.85000000,13.85000000,13.83000000,13.84000000,2017.05000000,13.859,13.859,13.859,13.859,0.04360754,,,,,0.0
2022-03-05 06:17,13.84,13.85,13.83,13.84,3775.02,13.84000000,13.84000000,13.82000000,13.83000000,469.08000000,13.843,13.843,13.843,13.843,0.30181603,,,,,0.0
2022-03-05 06:18,13.84,13.85,13.84,13.85,545.83,13.83000000,13.84000000,13.83000000,13.83000000,651.02000000,,,,,,,,,,0.0
2022-03-05 06:19,13.85,13.86,13.84,13.85,209.94,13.83000000,13.85000000,13.83000000,13.84000000,2899.71000000,13.859,13.859,13.843,13.843,0.63388909,13.83396,13.83396,13.83396,13.83396,193.07872225
2022-03-05 06:20,13.86,13.86,13.81,13.81,1534.7,13.84000000,13.85000000,13.80000000,13.81000000,2835.47000000,13.861,13.861,13.827,13.827,0.86965432,,,,,0.0
2022-03-05 06:21,13.82,13.84,13.82,13.83,954.55,13.81000000,13.84000000,13.81000000,13.82000000,1784.37000000,13.827,13.844,13.827,13.844,0.70461393,13.82133,13.82133,13.82133,13.82133,238.17785065
2022-03-05 06:22,13.83,13.84,13.83,13.83,524.54,13.82000000,13.83000000,13.82000000,13.82000000,1461.20000000,13.828,13.848,13.828,13.848,0.6581218,,,,,0.0
2022-03-05 06:23,13.83,13.84,13.83,13.84,340.89,13.82000000,13.83000000,13.82000000,13.83000000,4875.42000000,13.825,13.843,13.825,13.843,1.40583792,13.82388,13.82388,13.82259,13.82259,689.694
2022-03-05 06:24,13.85,13.86,13.84,13.86,245.58,13.83000000,13.86000000,13.83000000,13.86000000,1504.20000000,13.856,13.856,13.856,13.856,0.24653185,13.83678,13.84894,13.83678,13.84894,440.21688527
2022-03-05 06:25,13.87,13.87,13.87,13.87,792.87,13.85000000,13.86000000,13.85000000,13.86000000,24.19000000,13.87,13.87,13.87,13.87,0.25491529,13.85795,13.85795,13.85795,13.85795,0.52932161
2022-03-05 06:26,,,,,,13.86000000,13.86000000,13.85000000,13.85000000,1103.91000000,,,,,,,,,,0.0
2022-03-05 06:27,13.86,13.87,13.84,13.85,1888.84,13.85000000,13.86000000,13.83000000,13.84000000,1425.35000000,13.859,13.859,13.851,13.851,73.61336173999999,,,,,0.0
2022-03-05 06:28,13.85,13.86,13.85,13.86,219.02,13.84000000,13.85000000,13.84000000,13.84000000,523.04000000,,,,,,,,,,0.0
2022-03-05 06:29,13.86,13.87,13.86,13.87,423.34,13.84000000,13.86000000,13.84000000,13.86000000,1191.76000000,13.864,13.864,13.864,13.864,0.37699712,,,,,0.0
2022-03-05 06:30,13.87,13.87,13.85,13.85,1643.56,13.85000000,13.86000000,13.85000000,13.85000000,3434.35000000,,,,,,,,,,0.0
2022-03-05 06:31,13.85,13.85,13.85,13.85,16.62,13.86000000,13.86000000,13.83000000,13.83000000,3351.27000000,,,,,,13.84627,13.84627,13.84627,13.84627,3.61841461
2022-03-05 06:32,13.84,13.85,13.84,13.85,326.27,13.83000000,13.84000000,13.83000000,13.84000000,2177.43000000,,,,,,,,,,0.0
2022-03-05 06:33,13.86,13.87,13.86,13.86,38.79,13.85000000,13.86000000,13.84000000,13.84000000,2017.91000000,,,,,,,,,,0.0
2022-03-05 06:34,13.86,13.86,13.85,13.85,269.47,13.85000000,13.86000000,13.84000000,13.84000000,1263.86000000,,,,,,13.85077,13.85077,13.85077,13.85077,6.38158539
2022-03-05 06:35,13.85,13.85,13.84,13.85,132.45,13.83000000,13.84000000,13.83000000,13.83000000,917.19000000,,,,,,13.8382,13.8382,13.8382,13.8382,40.0
2022-03-05 06:36,13.85,13.86,13.85,13.86,109.36,13.83000000,13.85000000,13.83000000,13.85000000,1417.37000000,,,,,,13.84519,13.84519,13.84513,13.84513,200.0
2022-03-05 06:37,13.86,13.88,13.86,13.88,617.34,13.85000000,13.88000000,13.85000000,13.88000000,1750.06000000,13.879,13.879,13.879,13.879,0.20863534,13.85796,13.8822,13.85796,13.8822,303.45407003
2022-03-05 06:38,13.88,13.88,13.87,13.87,1103.21,13.88000000,13.88000000,13.86000000,13.87000000,5452.99000000,13.879,13.882,13.879,13.882,0.49582866999999997,13.86417,13.86417,13.8612,13.8612,689.695
2022-03-05 06:39,13.88,13.89,13.87,13.87,315.36,13.87000000,13.88000000,13.86000000,13.86000000,2587.36000000,,,,,,,,,,0.0
2022-03-05 06:40,13.86,13.87,13.85,13.86,916.91,13.86000000,13.86000000,13.84000000,13.85000000,2444.95000000,13.866,13.866,13.866,13.866,0.28802864,,,,,0.0
2022-03-05 06:41,13.87,13.87,13.87,13.87,309.67,13.85000000,13.87000000,13.85000000,13.87000000,1059.00000000,13.883,13.883,13.883,13.883,0.35029746,,,,,0.0
2022-03-05 06:42,13.87,13.88,13.87,13.88,1774.46,13.87000000,13.87000000,13.86000000,13.86000000,2101.34000000,,,,,,,,,,0.0
2022-03-05 06:43,13.87,13.87,13.86,13.86,525.6,13.86000000,13.86000000,13.84000000,13.84000000,1968.04000000,13.869,13.869,13.869,13.869,0.22744722,,,,,0.0
2022-03-05 06:44,13.86,13.86,13.86,13.86,1224.87,13.85000000,13.85000000,13.84000000,13.85000000,669.29000000,13.866,13.866,13.866,13.866,0.33766506,,,,,0.0
2022-03-05 06:45,13.86,13.87,13.85,13.86,265.14,13.86000000,13.86000000,13.84000000,13.85000000,3221.68000000,,,,,,,,,,0.0
2022-03-05 06:46,13.83,13.84,13.83,13.84,4.1,13.85000000,13.85000000,13.82000000,13.82000000,1700.08000000,13.855,13.855,13.842,13.842,0.69495385,,,,,0.0
2022-03-05 06:47,13.83,13.85,13.83,13.84,550.98,13.82000000,13.84000000,13.81000000,13.84000000,1684.55000000,,,,,,,,,,0.0
2022-03-05 06:48,13.83,13.84,13.82,13.84,360.98,13.83000000,13.83000000,13.82000000,13.83000000,614.88000000,13.847,13.847,13.847,13.847,39.26993636,,,,,0.0
2022-03-05 06:49,13.83,13.84,13.83,13.84,178.37,13.82000000,13.83000000,13.82000000,13.83000000,729.83000000,,,,,,,,,,0.0
2022-03-05 06:50,13.83,13.84,13.82,13.82,403.45,13.82000000,13.83000000,13.81000000,13.81000000,892.38000000,13.833,13.833,13.833,13.833,39.1952,,,,,0.0
2022-03-05 06:51,13.82,13.83,13.82,13.82,718.07,13.81000000,13.82000000,13.80000000,13.81000000,2066.10000000,,,,,,,,,,0.0
2022-03-05 06:52,13.82,13.82,13.82,13.82,213.0,13.81000000,13.81000000,13.80000000,13.81000000,1133.19000000,,,,,,,,,,0.0
2022-03-05 06:53,13.82,13.82,13.82,13.82,0.76,13.81000000,13.81000000,13.81000000,13.81000000,931.36000000,,,,,,13.8111,13.8112,13.8099,13.8099,880.1036999999999
2022-03-05 06:54,13.81,13.82,13.81,13.82,9.95,13.80000000,13.81000000,13.80000000,13.81000000,554.24000000,,,,,,,,,,0.0
2022-03-05 06:55,13.82,13.83,13.82,13.83,1230.65,13.81000000,13.81000000,13.80000000,13.81000000,707.92000000,,,,,,,,,,0.0
2022-03-05 06:56,13.83,13.83,13.83,13.83,40.48,13.82000000,13.82000000,13.81000000,13.81000000,49.51000000,,,,,,,,,,0.0
2022-03-05 06:57,13.83,13.83,13.83,13.83,39.0,13.82000000,13.82000000,13.81000000,13.82000000,7.75000000,,,,,,,,,,0.0
2022-03-05 06:58,13.83,13.83,13.83,13.83,36.5,13.82000000,13.82000000,13.81000000,13.82000000,267.29000000,,,,,,,,,,0.0
2022-03-05 06:59,13.83,13.84,13.83,13.84,156.31,13.81000000,13.83000000,13.81000000,13.83000000,617.04000000,,,,,,,,,,0.0
2022-03-05 07:00,13.84,13.84,13.82,13.83,919.33,13.83000000,13.84000000,13.81000000,13.82000000,2717.08000000,13.849,13.849,13.826,13.826,100.31566683,,,,,0.0
2022-03-05 07:01,13.83,13.83,13.83,13.83,3.3,13.82000000,13.82000000,13.81000000,13.82000000,1292.20000000,13.84,13.84,13.84,13.84,0.5473867600000001,,,,,0.0
2022-03-05 07:02,13.83,13.84,13.83,13.84,558.92,13.82000000,13.84000000,13.82000000,13.83000000,2431.52000000,,,,,,,,,,0.0
2022-03-05 07:03,13.84,13.85,13.84,13.84,25.5,13.83000000,13.84000000,13.83000000,13.83000000,286.87000000,13.855,13.855,13.855,13.855,15.0,13.83591,13.83591,13.83591,13.83591,7.0
2022-03-05 07:04,13.85,13.85,13.85,13.85,132.89,13.84000000,13.84000000,13.83000000,13.84000000,602.56000000,,,,,,,,,,0.0
2022-03-05 07:05,13.84,13.85,13.84,13.84,505.03,13.85000000,13.85000000,13.84000000,13.85000000,4306.07000000,,,,,,,,,,0.0
2022-03-05 07:06,13.84,13.84,13.83,13.83,203.93,13.85000000,13.85000000,13.82000000,13.82000000,657.51000000,13.847,13.847,13.847,13.847,0.21024486,,,,,0.0
2022-03-05 07:07,13.84,13.84,13.83,13.83,41.4,13.83000000,13.83000000,13.82000000,13.83000000,1130.89000000,,,,,,,,,,0.0
2022-03-05 07:08,13.85,13.85,13.84,13.84,8.24,13.83000000,13.83000000,13.83000000,13.83000000,524.00000000,,,,,,13.82627,13.82627,13.82514,13.82514,689.6949999999999
2022-03-05 07:09,13.84,13.85,13.84,13.85,255.29,13.83000000,13.84000000,13.82000000,13.84000000,646.92000000,,,,,,,,,,0.0
2022-03-05 07:10,13.85,13.87,13.85,13.87,639.35,13.84000000,13.87000000,13.84000000,13.86000000,1555.17000000,13.852,13.867,13.852,13.867,6.342496479999999,,,,,0.0
2022-03-05 07:11,13.88,13.89,13.87,13.89,289.9,13.87000000,13.88000000,13.86000000,13.88000000,3038.95000000,13.878,13.897,13.878,13.897,0.49996931,,,,,0.0
2022-03-05 07:12,13.89,13.9,13.89,13.9,621.81,13.89000000,13.89000000,13.88000000,13.88000000,359.86000000,13.884,13.906,13.884,13.906,0.67931535,,,,,0.0
2022-03-05 07:13,,,,,,13.89000000,13.90000000,13.88000000,13.90000000,1429.29000000,13.893,13.893,13.893,13.893,0.23342893,13.88615,13.88615,13.88615,13.88615,1.50387388
2022-03-05 07:14,13.9,13.9,13.88,13.88,761.68,13.89000000,13.89000000,13.88000000,13.89000000,1638.88000000,13.914,13.914,13.914,13.914,0.28994255,,,,,0.0
2022-03-05 07:15,13.88,13.88,13.88,13.88,173.27,13.89000000,13.89000000,13.86000000,13.86000000,8240.84000000,13.902,13.902,13.872,13.872,97.67563358999999,13.87168,13.87186,13.87168,13.87186,77.0
2022-03-05 07:16,,,,,,13.87000000,13.88000000,13.87000000,13.88000000,254.49000000,13.891,13.899,13.877,13.899,0.80178655,,,,,0.0
2022-03-05 07:17,13.89,13.91,13.89,13.91,578.87,13.88000000,13.90000000,13.88000000,13.90000000,1235.50000000,13.895,13.895,13.895,13.895,0.32133834,13.88904,13.88904,13.88904,13.88904,43.73869735
2022-03-05 07:18,13.92,13.92,13.91,13.92,5632.21,13.90000000,13.92000000,13.90000000,13.90000000,2959.10000000,13.92,13.92,13.92,13.92,0.2871973,13.89379,13.90912,13.89379,13.90912,420.34552915
2022-03-05 07:19,13.93,13.93,13.92,13.92,829.45,13.91000000,13.93000000,13.91000000,13.91000000,1584.20000000,13.934,13.934,13.934,13.934,0.2,13.91206,13.91578,13.91206,13.91578,31.61118468
2022-03-05 07:20,13.92,13.93,13.9,13.93,4207.38,13.91000000,13.93000000,13.89000000,13.92000000,3246.81000000,13.923,13.931,13.923,13.931,0.60625956,,,,,0.0
2022-03-05 07:21,,,,,,13.93000000,13.93000000,13.92000000,13.92000000,825.78000000,,,,,,,,,,0.0
2022-03-05 07:22,13.93,13.93,13.92,13.93,1647.41,13.92000000,13.92000000,13.91000000,13.92000000,202.89000000,,,,,,,,,,0.0
2022-03-05 07:23,13.92,13.93,13.92,13.93,360.05,13.91000000,13.92000000,13.90000000,13.90000000,2155.30000000,,,,,,13.92179,13.92179,13.90474,13.90474,689.9450999999999
2022-03-05 07:24,13.93,13.93,13.93,13.93,67.83,13.91000000,13.92000000,13.91000000,13.92000000,107.69000000,,,,,,,,,,0.0
2022-03-05 07:25,13.93,13.93,13.93,13.93,426.88,13.92000000,13.93000000,13.92000000,13.92000000,1479.45000000,,,,,,,,,,0.0
2022-03-05 07:26,,,,,,13.92000000,13.93000000,13.92000000,13.93000000,436.72000000,,,,,,,,,,0.0
2022-03-05 07:27,13.93,13.93,13.92,13.93,52.49,13.93000000,13.93000000,13.92000000,13.92000000,476.21000000,,,,,,,,,,0.0
2022-03-05 07:28,13.92,13.94,13.92,13.94,347.78,13.92000000,13.93000000,13.92000000,13.93000000,905.35000000,,,,,,13.92435,13.92435,13.92435,13.92435,1.75968
2022-03-05 07:29,13.93,13.93,13.9,13.9,462.22,13.93000000,13.93000000,13.91000000,13.91000000,302.23000000,,,,,,,,,,0.0
2022-03-05 07:30,13.89,13.89,13.88,13.88,4374.1,13.91000000,13.91000000,13.88000000,13.89000000,2667.12000000,13.916,13.916,13.916,13.916,0.22755419,13.91311,13.91311,13.91311,13.91311,4.0
2022-03-05 07:31,13.9,13.91,13.89,13.89,35.91,13.89000000,13.90000000,13.88000000,13.88000000,2033.00000000,13.897,13.897,13.897,13.897,0.35179786,,,,,0.0
2022-03-05 07:32,13.89,13.9,13.89,13.9,138.35,13.88000000,13.89000000,13.88000000,13.89000000,2321.66000000,,,,,,,,,,0.0
2022-03-05 07:33,13.9,13.9,13.89,13.89,99.8,13.89000000,13.90000000,13.88000000,13.88000000,2040.62000000,,,,,,,,,,0.0
2022-03-05 07:34,13.89,13.89,13.89,13.89,52.52,13.89000000,13.89000000,13.88000000,13.89000000,591.04000000,,,,,,,,,,0.0
2022-03-05 07:35,13.88,13.9,13.88,13.9,110.77,13.89000000,13.89000000,13.88000000,13.89000000,1175.31000000,,,,,,,,,,0.0
2022-03-05 07:36,13.9,13.91,13.9,13.91,25.12,13.89000000,13.90000000,13.88000000,13.88000000,1506.78000000,,,,,,,,,,0.0
2022-03-05 07:37,13.9,13.9,13.9,13.9,105.19,13.89000000,13.89000000,13.88000000,13.89000000,2409.00000000,,,,,,,,,,0.0
2022-03-05 07:38,,,,,,13.90000000,13.90000000,13.89000000,13.89000000,1388.07000000,,,,,,13.89172,13.89172,13.89027,13.89027,689.694
2022-03-05 07:39,13.91,13.92,13.91,13.92,23.87,13.90000000,13.92000000,13.90000000,13.91000000,865.68000000,13.914,13.914,13.914,13.914,0.26441686,,,,,0.0
2022-03-05 07:40,,,,,,13.91000000,13.91000000,13.91000000,13.91000000,585.74000000,,,,,,13.91874,13.91954,13.91874,13.91954,650.0
2022-03-05 07:41,13.92,13.93,13.92,13.93,416.72,13.92000000,13.92000000,13.91000000,13.92000000,862.06000000,13.934,13.934,13.934,13.934,0.36527168,13.92075,13.92075,13.92075,13.92075,4.99271237
2022-03-05 07:42,13.93,13.95,13.93,13.95,690.47,13.92000000,13.93000000,13.92000000,13.92000000,565.04000000,,,,,,13.92084,13.92084,13.92084,13.92084,5.01291294
2022-03-05 07:43,13.94,13.96,13.94,13.95,89.66,13.93000000,13.95000000,13.93000000,13.95000000,1538.40000000,13.94,13.957,13.94,13.957,38.97220477,13.92694,13.93585,13.92694,13.93585,9.2939303
2022-03-05 07:44,13.95,13.95,13.95,13.95,520.28,13.95000000,13.95000000,13.94000000,13.94000000,1134.39000000,,,,,,13.93585,13.93585,13.93585,13.93585,0.03525729
2022-03-05 07:45,13.96,13.97,13.94,13.94,2202.46,13.95000000,13.97000000,13.95000000,13.96000000,3420.72000000,13.957,13.972,13.957,13.972,74.23447004,13.94048,13.9527,13.94048,13.9527,20.42623895
2022-03-05 07:46,13.95,13.95,13.95,13.95,29.12,13.95000000,13.96000000,13.94000000,13.94000000,3415.22000000,13.965,13.965,13.962,13.962,54.5478,13.9535,13.9535,13.9535,13.9535,4.0
2022-03-05 07:47,13.95,13.95,13.94,13.94,332.07,13.94000000,13.94000000,13.93000000,13.93000000,942.94000000,,,,,,,,,,0.0
2022-03-05 07:48,13.94,13.95,13.94,13.95,183.9,13.93000000,13.94000000,13.93000000,13.94000000,1640.37000000,13.955,13.955,13.955,13.955,74.2,,,,,0.0
2022-03-05 07:49,13.96,13.98,13.96,13.97,394.26,13.95000000,13.98000000,13.94000000,13.97000000,4794.74000000,13.976,13.977,13.976,13.977,0.70132655,13.95793,13.95793,13.95793,13.95793,43.52282212
2022-03-05 07:50,13.97,13.97,13.95,13.95,898.89,13.97000000,13.98000000,13.95000000,13.95000000,5636.00000000,13.973,13.973,13.973,13.973,0.33404825,13.96035,13.9611,13.96035,13.9611,404.52495167
2022-03-05 07:51,13.95,13.95,13.93,13.93,955.78,13.95000000,13.95000000,13.92000000,13.92000000,2563.66000000,13.954,13.958,13.938,13.938,0.97152921,,,,,0.0
2022-03-05 07:52,13.94,13.94,13.92,13.92,513.04,13.93000000,13.93000000,13.92000000,13.93000000,1034.30000000,,,,,,,,,,0.0
2022-03-05 07:53,13.92,13.92,13.89,13.89,173.01,13.92000000,13.93000000,13.89000000,13.89000000,4627.79000000,13.925,13.925,13.925,13.925,0.37816156,13.9062,13.9062,13.90201,13.90201,689.6949999999999
2022-03-05 07:54,13.9,13.91,13.9,13.91,178.93,13.89000000,13.92000000,13.89000000,13.92000000,1101.46000000,13.905,13.927,13.905,13.927,0.6532855399999999,,,,,0.0
2022-03-05 07:55,13.91,13.92,13.91,13.92,1264.78,13.91000000,13.92000000,13.90000000,13.90000000,1191.05000000,,,,,,,,,,0.0
2022-03-05 07:56,13.93,13.93,13.92,13.92,12.8,13.90000000,13.91000000,13.90000000,13.91000000,1423.74000000,,,,,,,,,,0.0
2022-03-05 07:57,13.91,13.91,13.9,13.91,441.49,13.91000000,13.91000000,13.90000000,13.90000000,351.94000000,,,,,,,,,,0.0
2022-03-05 07:58,13.92,13.94,13.92,13.92,25.43,13.91000000,13.93000000,13.91000000,13.92000000,1391.20000000,,,,,,,,,,0.0
2022-03-05 07:59,13.92,13.92,13.91,13.91,96.82,13.93000000,13.93000000,13.90000000,13.90000000,2426.20000000,,,,,,,,,,0.0
2022-03-05 08:00,13.91,13.92,13.91,13.92,556.62,13.91000000,13.91000000,13.90000000,13.91000000,1835.09000000,,,,,,,,,,0.0
2022-03-05 08:01,13.91,13.91,13.9,13.91,179.73,13.91000000,13.91000000,13.89000000,13.90000000,2342.13000000,13.92,13.92,13.92,13.92,0.28705095,,,,,0.0
2022-03-05 08:02,13.9,13.9,13.89,13.9,751.03,13.90000000,13.91000000,13.88000000,13.88000000,2700.89000000,13.91,13.91,13.897,13.897,0.75457351,13.8887,13.8887,13.8887,13.8887,25.03332925
2022-03-05 08:03,13.89,13.9,13.89,13.9,53.87,13.89000000,13.89000000,13.88000000,13.88000000,105.87000000,,,,,,13.88726,13.88726,13.88726,13.88726,35.81832556
2022-03-05 08:04,13.91,13.91,13.91,13.91,1000.0,13.89000000,13.90000000,13.89000000,13.90000000,1582.89000000,13.916,13.916,13.916,13.916,0.33685021,13.90251,13.90251,13.90251,13.90251,223.4988069
2022-03-05 08:05,13.9,13.9,13.89,13.89,695.65,13.90000000,13.90000000,13.88000000,13.89000000,1649.59000000,13.916,13.916,13.902,13.91,71.66240342,,,,,0.0
2022-03-05 08:06,13.91,13.91,13.91,13.91,381.59,13.89000000,13.91000000,13.89000000,13.90000000,3025.93000000,,,,,,,,,,0.0
2022-03-05 08:07,13.91,13.93,13.91,13.93,249.35,13.91000000,13.91000000,13.90000000,13.91000000,46.10000000,,,,,,13.9081,13.9081,13.9081,13.9081,5.0
2022-03-05 08:08,13.93,13.93,13.91,13.92,1867.82,13.91000000,13.93000000,13.91000000,13.92000000,3197.59000000,13.931,13.931,13.931,13.931,39.103619880000004,13.91105,13.91105,13.9107,13.9107,689.694
2022-03-05 08:09,13.93,13.94,13.92,13.93,212.54,13.92000000,13.93000000,13.92000000,13.92000000,359.30000000,,,,,,,,,,0.0
2022-03-05 08:10,13.92,13.93,13.92,13.93,336.2,13.92000000,13.92000000,13.91000000,13.92000000,776.50000000,,,,,,,,,,0.0
2022-03-05 08:11,13.93,13.93,13.93,13.93,185.09,13.91000000,13.93000000,13.91000000,13.91000000,2478.19000000,,,,,,,,,,0.0
2022-03-05 08:12,13.93,13.93,13.93,13.93,117.4,13.91000000,13.93000000,13.91000000,13.92000000,1353.91000000,,,,,,,,,,0.0
2022-03-05 08:13,13.94,13.94,13.92,13.92,335.77,13.92000000,13.93000000,13.92000000,13.92000000,418.05000000,,,,,,,,,,0.0
2022-03-05 08:14,13.93,13.93,13.93,13.93,20.21,13.92000000,13.92000000,13.91000000,13.92000000,1659.90000000,,,,,,13.92468,13.92468,13.92468,13.92468,150.0
2022-03-05 08:15,13.92,13.93,13.92,13.93,209.95,13.92000000,13.92000000,13.91000000,13.91000000,1052.46000000,,,,,,,,,,0.0
2022-03-05 08:16,13.93,13.93,13.91,13.91,1214.61,13.92000000,13.92000000,13.89000000,13.90000000,1331.11000000,13.928,13.928,13.919,13.919,38.96135778,13.92467,13.92467,13.90529,13.90735,79.08436937
2022-03-05 08:17,13.92,13.93,13.92,13.93,410.19,13.91000000,13.92000000,13.90000000,13.91000000,3112.57000000,13.922,13.922,13.922,13.922,83.0854,,,,,0.0
2022-03-05 08:18,13.93,13.93,13.93,13.93,94.3,13.91000000,13.92000000,13.91000000,13.91000000,425.19000000,,,,,,13.91707,13.91707,13.91707,13.91707,75.0
2022-03-05 08:19,,,,,,13.91000000,13.92000000,13.91000000,13.92000000,216.27000000,,,,,,,,,,0.0
2022-03-05 08:20,13.94,13.95,13.93,13.95,812.45,13.92000000,13.94000000,13.92000000,13.94000000,1970.51000000,13.941,13.941,13.941,13.941,0.29181476,13.93,13.93,13.93,13.93,1850.62532658
2022-03-05 08:21,13.95,13.96,13.95,13.96,440.27,13.95000000,13.96000000,13.94000000,13.96000000,786.91000000,13.963,13.963,13.963,13.963,0.24952334,13.93,13.94338,13.93,13.94255,688.1738026400001
2022-03-05 08:22,13.95,13.95,13.94,13.95,610.45,13.95000000,13.95000000,13.93000000,13.94000000,2286.26000000,,,,,,,,,,0.0
2022-03-05 08:23,13.95,13.95,13.94,13.94,345.15,13.94000000,13.94000000,13.93000000,13.93000000,314.67000000,,,,,,13.9331,13.9331,13.93147,13.93147,689.695
2022-03-05 08:24,,,,,,13.93000000,13.94000000,13.93000000,13.93000000,864.27000000,13.946,13.946,13.946,13.946,0.2212377,13.9249,13.9249,13.9249,13.9249,0.99445089
2022-03-05 08:25,13.94,13.94,13.94,13.94,176.04,13.93000000,13.94000000,13.92000000,13.92000000,840.67000000,,,,,,,,,,0.0
2022-03-05 08:26,13.93,13.93,13.9,13.9,1955.72,13.93000000,13.93000000,13.89000000,13.89000000,2497.24000000,13.927,13.927,13.912,13.912,0.88980187,13.89056,13.89056,13.89056,13.89056,1.93149
2022-03-05 08:27,13.9,13.91,13.9,13.91,264.06,13.90000000,13.92000000,13.90000000,13.91000000,2095.68000000,13.915,13.915,13.915,13.915,0.25316665,,,,,0.0
2022-03-05 08:28,13.91,13.91,13.9,13.9,40.83,13.90000000,13.91000000,13.90000000,13.91000000,198.83000000,,,,,,13.90516,13.90516,13.90516,13.90516,35.87218701
2022-03-05 08:29,13.91,13.93,13.91,13.93,363.59,13.91000000,13.91000000,13.91000000,13.91000000,202.96000000,,,,,,,,,,0.0
2022-03-05 08:30,13.93,13.94,13.93,13.94,504.47,13.92000000,13.93000000,13.92000000,13.93000000,1181.13000000,13.933,13.933,13.933,13.933,0.25850803,,,,,0.0
2022-03-05 08:31,13.94,13.95,13.94,13.95,16.06,13.94000000,13.94000000,13.93000000,13.94000000,1114.76000000,13.95,13.95,13.95,13.95,0.24400781,,,,,0.0
2022-03-05 08:32,13.95,13.97,13.95,13.96,31.5,13.95000000,13.96000000,13.95000000,13.95000000,1039.67000000,13.975,13.975,13.975,13.975,0.2309949,,,,,0.0
2022-03-05 08:33,13.95,13.96,13.94,13.95,435.68,13.95000000,13.95000000,13.93000000,13.95000000,1471.40000000,13.954,13.954,13.95,13.95,0.46086753,,,,,0.0
2022-03-05 08:34,13.95,13.96,13.95,13.96,166.99,13.95000000,13.96000000,13.95000000,13.96000000,1709.40000000,13.971,13.971,13.971,13.971,0.24309255,13.95456,13.95677,13.95456,13.95677,20.0
2022-03-05 08:35,13.96,13.98,13.95,13.98,402.74,13.96000000,13.98000000,13.96000000,13.97000000,2470.93000000,13.959,13.991,13.959,13.991,0.9837259500000001,13.95402,13.95402,13.95402,13.95402,0.4194917
2022-03-05 08:36,13.97,13.98,13.97,13.98,484.52,13.97000000,13.98000000,13.97000000,13.97000000,5091.52000000,13.981,13.981,13.978,13.978,78.3252,,,,,0.0
2022-03-05 08:37,13.98,13.98,13.98,13.98,31.89,13.97000000,13.98000000,13.97000000,13.97000000,356.23000000,,,,,,13.96842,13.96882,13.96842,13.96882,11.2664
2022-03-05 08:38,13.98,13.99,13.98,13.99,539.18,13.98000000,13.99000000,13.97000000,13.98000000,1501.61000000,13.998,13.998,13.998,13.998,0.35537641999999997,13.96882,13.97794,13.96882,13.97579,691.03099989
2022-03-05 08:39,13.99,14.01,13.99,14.01,1335.73,13.99000000,14.00000000,13.99000000,14.00000000,3704.96000000,14.0,14.0,14.0,14.0,2.88873216,13.97795,13.99683,13.97795,13.99683,203.94467946999998
2022-03-05 08:40,14.0,14.0,13.98,13.98,993.06,14.00000000,14.01000000,13.98000000,13.98000000,2779.49000000,14.01,14.01,14.006,14.006,43.02217503,13.99683,13.99683,13.99683,13.99683,32.0750587
2022-03-05 08:41,13.98,14.0,13.98,14.0,99.24,13.98000000,13.99000000,13.97000000,13.99000000,1055.25000000,13.994,13.994,13.994,13.994,0.30338461,13.97704,13.97704,13.97704,13.97704,84.1895556
2022-03-05 08:42,14.01,14.05,14.01,14.05,3692.74,13.99000000,14.05000000,13.99000000,14.05000000,33477.38000000,14.015,14.047,14.015,14.047,957.22215131,13.99415,14.04089,13.99415,14.04089,1138.2175611100001
2022-03-05 08:43,14.06,14.08,14.03,14.04,5678.59,14.05000000,14.08000000,14.02000000,14.04000000,11059.41000000,14.075,14.075,14.033,14.033,0.8455903499999999,14.04426,14.04823,14.03159,14.03159,23.08527616
2022-03-05 08:44,14.04,14.04,14.02,14.04,1949.13,14.04000000,14.05000000,14.02000000,14.05000000,3177.84000000,14.036,14.054,14.036,14.054,14.05720513,14.02553,14.02553,14.02553,14.02553,10.0
2022-03-05 08:45,14.05,14.05,14.01,14.03,1060.97,14.05000000,14.05000000,14.01000000,14.02000000,3099.74000000,14.037,14.037,14.037,14.037,0.161898,14.03243,14.03243,14.0242,14.0242,46.1506
2022-03-05 08:46,14.03,14.06,14.03,14.05,2299.83,14.03000000,14.05000000,14.03000000,14.05000000,4604.97000000,14.052,14.052,14.052,14.052,0.34537285,14.03019,14.03019,14.03019,14.03019,7.12962
2022-03-05 08:47,14.04,14.05,14.04,14.05,583.33,14.05000000,14.06000000,14.05000000,14.05000000,2235.04000000,,,,,,14.04212,14.04212,14.04212,14.04212,50.0
2022-03-05 08:48,14.04,14.06,14.04,14.06,342.88,14.05000000,14.06000000,14.04000000,14.06000000,3768.71000000,14.071,14.071,14.071,14.071,0.32786916,14.04929,14.05244,14.04929,14.05244,101.46343286
2022-03-05 08:49,14.06,14.06,14.05,14.06,313.59,14.06000000,14.06000000,14.05000000,14.05000000,2065.76000000,,,,,,,,,,0.0
2022-03-05 08:50,14.06,14.07,14.06,14.06,829.51,14.06000000,14.07000000,14.06000000,14.06000000,1258.75000000,,,,,,,,,,0.0
2022-03-05 08:51,14.06,14.06,14.06,14.06,474.62,14.06000000,14.07000000,14.06000000,14.06000000,1542.37000000,,,,,,,,,,0.0
2022-03-05 08:52,14.05,14.05,14.03,14.03,723.25,14.06000000,14.06000000,14.02000000,14.02000000,2709.05000000,14.066,14.066,14.06,14.06,0.60867502,,,,,0.0
2022-03-05 08:53,14.04,14.04,14.03,14.03,702.81,14.03000000,14.04000000,14.02000000,14.02000000,2376.87000000,14.036,14.036,14.036,14.036,0.3,14.02226,14.02226,14.02,14.02,689.6949999999999
2022-03-05 08:54,14.03,14.04,14.03,14.03,555.64,14.03000000,14.04000000,14.02000000,14.02000000,659.68000000,,,,,,,,,,0.0
2022-03-05 08:55,14.02,14.03,14.02,14.03,0.61,14.03000000,14.03000000,14.02000000,14.03000000,1469.03000000,,,,,,,,,,0.0
2022-03-05 08:56,14.03,14.03,14.03,14.03,377.87,14.03000000,14.03000000,14.02000000,14.02000000,335.82000000,,,,,,,,,,0.0
2022-03-05 08:57,,,,,,14.03000000,14.03000000,14.03000000,14.03000000,98.66000000,,,,,,14.02242,14.02242,14.02125,14.02186,518.21932323
2022-03-05 08:58,14.03,14.03,14.02,14.03,132.84,14.02000000,14.03000000,14.02000000,14.02000000,112.38000000,,,,,,14.02572,14.0319,14.02572,14.0319,73.34578918
2022-03-05 08:59,14.04,14.04,14.04,14.04,75.98,14.03000000,14.05000000,14.03000000,14.04000000,5197.66000000,14.053,14.053,14.053,14.053,0.20746203,,,,,0.0
2022-03-05 09:00,14.04,14.05,14.03,14.05,113.07,14.04000000,14.05000000,14.03000000,14.05000000,1743.65000000,,,,,,,,,,0.0
2022-03-05 09:01,14.05,14.05,14.03,14.03,799.28,14.04000000,14.06000000,14.02000000,14.02000000,2332.64000000,14.058,14.058,14.042,14.042,14.97018872,,,,,0.0
2022-03-05 09:02,14.02,14.02,14.01,14.02,26.26,14.02000000,14.03000000,14.00000000,14.01000000,5483.00000000,14.031,14.031,14.031,14.031,0.39284851,,,,,0.0
2022-03-05 09:03,14.01,14.01,13.98,13.99,422.85,14.02000000,14.02000000,13.97000000,13.97000000,4346.90000000,14.026,14.026,14.005,14.005,41.97164023,,,,,0.0
2022-03-05 09:04,14.0,14.0,13.99,13.99,216.52,13.98000000,14.00000000,13.98000000,13.98000000,4716.66000000,14.0,14.0,14.0,14.0,0.26228617,,,,,0.0
2022-03-05 09:05,13.99,14.0,13.99,13.99,637.22,13.98000000,14.00000000,13.98000000,14.00000000,1116.06000000,,,,,,,,,,0.0
2022-03-05 09:06,13.98,13.99,13.98,13.99,679.61,13.99000000,13.99000000,13.97000000,13.98000000,1532.41000000,14.003,14.003,14.003,14.003,37.9534,,,,,0.0
2022-03-05 09:07,13.99,13.99,13.99,13.99,1403.64,13.98000000,14.00000000,13.98000000,13.99000000,1679.40000000,,,,,,,,,,0.0
2022-03-05 09:08,13.99,13.99,13.99,13.99,308.57,13.99000000,13.99000000,13.98000000,13.98000000,507.71000000,,,,,,13.98724,13.98724,13.98176,13.98176,689.694
2022-03-05 09:09,13.99,14.0,13.99,14.0,31.32,13.98000000,14.00000000,13.98000000,13.99000000,658.18000000,,,,,,,,,,0.0
2022-03-05 09:10,14.0,14.0,14.0,14.0,0.14,14.00000000,14.00000000,13.99000000,13.99000000,2669.77000000,14.004,14.004,14.004,14.004,38.81160578,13.98425,13.98425,13.98425,13.98425,36.32
2022-03-05 09:11,14.0,14.0,13.98,13.98,525.56,13.98000000,13.99000000,13.98000000,13.98000000,547.51000000,,,,,,13.98314,13.98337,13.98314,13.98337,5.731976889999999
2022-03-05 09:12,13.98,13.99,13.98,13.99,156.19,13.98000000,13.99000000,13.97000000,13.99000000,903.86000000,,,,,,13.98089,13.98089,13.98087,13.98087,168.23146891
2022-03-05 09:13,13.99,13.99,13.99,13.99,86.58,13.99000000,13.99000000,13.98000000,13.98000000,53.60000000,,,,,,,,,,0.0
2022-03-05 09:14,13.98,13.99,13.98,13.99,145.5,13.98000000,14.00000000,13.98000000,13.99000000,2395.36000000,14.0,14.0,14.0,14.0,39.016133,,,,,0.0
2022-03-05 09:15,13.99,14.01,13.99,14.01,395.47,13.99000000,14.00000000,13.98000000,14.00000000,605.53000000,,,,,,,,,,0.0
2022-03-05 09:16,14.01,14.02,14.01,14.02,381.1,14.00000000,14.02000000,14.00000000,14.01000000,3717.88000000,14.01,14.029,14.01,14.029,40.49017184,14.01037,14.01037,14.00578,14.00578,200.92676729
2022-03-05 09:17,14.02,14.02,14.02,14.02,5.24,14.01000000,14.02000000,14.01000000,14.01000000,1847.37000000,,,,,,,,,,0.0
2022-03-05 09:18,14.01,14.02,14.01,14.01,419.6,14.01000000,14.02000000,14.00000000,14.00000000,1794.95000000,,,,,,,,,,0.0
2022-03-05 09:19,14.01,14.01,14.0,14.01,19.07,14.00000000,14.01000000,14.00000000,14.00000000,2692.45000000,,,,,,,,,,0.0
2022-03-05 09:20,14.02,14.02,14.0,14.0,1134.63,14.00000000,14.01000000,14.00000000,14.00000000,482.73000000,,,,,,,,,,0.0
2022-03-05 09:21,14.0,14.0,14.0,14.0,12.74,14.01000000,14.01000000,13.99000000,14.00000000,1583.87000000,14.014,14.014,14.014,14.014,0.508174,14.00328,14.00328,14.00328,14.00328,4.0
2022-03-05 09:22,14.01,14.02,14.01,14.02,51.92,13.99000000,14.01000000,13.99000000,14.01000000,2253.61000000,14.031,14.031,14.031,14.031,0.30010351,13.99943,14.00763,13.99943,14.00763,176.73057916
2022-03-05 09:23,14.03,14.04,14.03,14.04,237.05,14.01000000,14.04000000,14.01000000,14.04000000,1935.39000000,14.055,14.055,14.055,14.055,0.3,14.03328,14.03328,14.03096,14.03096,689.695
2022-03-05 09:24,14.03,14.04,14.02,14.04,75.33,14.04000000,14.04000000,14.02000000,14.03000000,2153.58000000,,,,,,,,,,0.0
2022-03-05 09:25,14.04,14.06,14.04,14.06,1124.3,14.04000000,14.06000000,14.03000000,14.05000000,1546.85000000,14.058,14.058,14.058,14.058,0.2846286,14.04326,14.04402,14.04153,14.04153,278.12496832
2022-03-05 09:26,14.06,14.06,14.04,14.05,427.56,14.05000000,14.06000000,14.04000000,14.04000000,2568.88000000,,,,,,,,,,0.0
2022-03-05 09:27,14.05,14.06,14.04,14.06,371.94,14.04000000,14.05000000,14.04000000,14.05000000,126.89000000,,,,,,,,,,0.0
2022-03-05 09:28,14.06,14.06,14.04,14.04,535.87,14.05000000,14.05000000,14.05000000,14.05000000,40.07000000,14.063,14.063,14.063,14.063,0.75,,,,,0.0
2022-03-05 09:29,14.03,14.03,14.03,14.03,435.21,14.04000000,14.05000000,14.02000000,14.04000000,1132.36000000,14.053,14.053,14.053,14.053,73.1186,14.0255,14.0255,14.02261,14.02261,200.0
2022-03-05 09:30,14.05,14.05,14.03,14.03,238.7,14.03000000,14.04000000,14.03000000,14.03000000,2061.31000000,,,,,,14.03159,14.03159,14.03159,14.03159,137.67131253
2022-03-05 09:31,14.02,14.04,14.02,14.04,209.44,14.03000000,14.03000000,14.02000000,14.03000000,798.34000000,,,,,,,,,,0.0
2022-03-05 09:32,14.03,14.03,14.03,14.03,246.21,14.03000000,14.04000000,14.02000000,14.02000000,2427.09000000,,,,,,,,,,0.0
2022-03-05 09:33,14.01,14.02,14.01,14.01,209.12,14.03000000,14.03000000,14.00000000,14.01000000,3343.35000000,14.035,14.035,14.016,14.016,39.239603009999996,,,,,0.0
2022-03-05 09:34,14.02,14.02,14.02,14.02,18.6,14.01000000,14.01000000,14.00000000,14.01000000,321.35000000,,,,,,,,,,0.0
2022-03-05 09:35,14.01,14.02,14.01,14.02,9.72,14.00000000,14.01000000,14.00000000,14.01000000,76.83000000,,,,,,,,,,0.0
2022-03-05 09:36,14.01,14.01,14.0,14.0,430.45,14.01000000,14.02000000,13.99000000,14.00000000,3489.29000000,14.02,14.02,14.01,14.01,177.56035408,,,,,0.0
2022-03-05 09:37,14.0,14.01,14.0,14.01,434.23,13.99000000,14.01000000,13.99000000,14.01000000,1158.09000000,,,,,,,,,,0.0
2022-03-05 09:38,14.01,14.01,14.01,14.01,19.17,14.00000000,14.01000000,14.00000000,14.00000000,1378.78000000,14.019,14.019,14.019,14.019,0.30546826,14.00406,14.00406,13.99921,13.99921,692.754
2022-03-05 09:39,14.01,14.01,14.01,14.01,96.26,14.00000000,14.00000000,13.99000000,14.00000000,293.17000000,,,,,,,,,,0.0
2022-03-05 09:40,14.03,14.03,14.03,14.03,274.66,14.00000000,14.02000000,14.00000000,14.02000000,1576.01000000,14.008,14.019,14.004,14.018,117.05345811,,,,,0.0
2022-03-05 09:41,14.03,14.04,14.03,14.04,3012.99,14.02000000,14.03000000,14.02000000,14.03000000,3354.98000000,14.034,14.037,14.031,14.037,349.14138108,14.02185,14.02185,14.02185,14.02185,56.0
2022-03-05 09:42,14.04,14.05,14.01,14.01,5416.41,14.04000000,14.04000000,14.03000000,14.04000000,744.55000000,14.042,14.045,14.042,14.045,155.51317348,,,,,0.0
2022-03-05 09:43,14.03,14.03,14.02,14.03,3.29,14.03000000,14.03000000,14.00000000,14.02000000,13492.47000000,14.047,14.047,14.028,14.028,990.1918799499999,14.03514,14.03514,14.02311,14.02311,1463.87585656
2022-03-05 09:44,14.02,14.02,14.02,14.02,431.7,14.02000000,14.02000000,14.01000000,14.02000000,655.16000000,,,,,,,,,,0.0
2022-03-05 09:45,14.02,14.02,13.98,13.98,2317.21,14.02000000,14.02000000,13.98000000,13.99000000,6456.62000000,14.014,14.014,14.014,14.014,0.39773025,,,,,0.0
2022-03-05 09:46,13.99,13.99,13.99,13.99,267.62,13.99000000,13.99000000,13.98000000,13.98000000,152.56000000,,,,,,,,,,0.0
2022-03-05 09:47,13.99,14.0,13.99,13.99,458.2,13.99000000,14.00000000,13.98000000,13.98000000,1310.72000000,13.997,14.0,13.983,14.0,1.51009083,,,,,0.0
2022-03-05 09:48,13.99,13.99,13.98,13.99,178.49,13.99000000,13.99000000,13.98000000,13.99000000,2229.01000000,,,,,,,,,,0.0
2022-03-05 09:49,13.99,13.99,13.99,13.99,10.14,13.98000000,13.99000000,13.98000000,13.99000000,82.37000000,,,,,,,,,,0.0
2022-03-05 09:50,13.99,14.01,13.99,14.01,292.51,13.99000000,14.00000000,13.99000000,14.00000000,835.53000000,13.992,13.992,13.992,13.992,38.629214260000005,,,,,0.0
2022-03-05 09:51,14.0,14.0,14.0,14.0,53.36,14.00000000,14.00000000,13.99000000,14.00000000,412.46000000,14.0,14.0,14.0,14.0,0.30769199,,,,,0.0
2022-03-05 09:52,,,,,,14.00000000,14.00000000,13.99000000,14.00000000,79.21000000,14.008,14.008,14.008,14.008,0.23506646,,,,,0.0
2022-03-05 09:53,14.0,14.02,14.0,14.01,366.97,14.00000000,14.01000000,14.00000000,14.00000000,919.43000000,14.008,14.022,14.008,14.013,18.712672,14.00231,14.00231,13.99615,13.99615,689.694
2022-03-05 09:54,14.01,14.01,14.0,14.0,488.06,14.01000000,14.02000000,13.98000000,13.99000000,1725.81000000,,,,,,,,,,
2022-03-05 09:55,14.0,14.01,14.0,14.01,201.38,13.99000000,14.00000000,13.99000000,14.00000000,1283.96000000,14.004,14.004,14.004,14.004,30.0179,,,,,
2022-03-05 09:56,14.0,14.01,14.0,14.0,1209.21,13.99000000,14.00000000,13.99000000,14.00000000,634.73000000,,,,,,,,,,
2022-03-05 09:57,14.01,14.01,14.0,14.0,2.38,14.00000000,14.00000000,13.99000000,14.00000000,393.61000000,,,,,,,,,,
2022-03-05 09:58,14.01,14.02,14.01,14.02,531.54,14.00000000,14.00000000,13.99000000,13.99000000,381.13000000,14.01,14.01,14.007,14.007,57.07544755,,,,,
2022-03-05 09:59,14.01,14.01,14.01,14.01,533.86,14.00000000,14.00000000,13.99000000,14.00000000,1344.37000000,14.011,14.011,14.011,14.011,77.99127806999999,,,,,
2022-03-05 10:00,,,,,,14.00000000,14.01000000,13.99000000,14.01000000,1214.60000000,,,,,,,,,,
