time,COINBASE:open,COINBASE:high,COINBASE:low,COINBASE:close,COINBASE:volume,BINANCE:open,BINANCE:high,BINANCE:low,BINANCE:close,BINANCE:volume,BITFINEX:open,BITFINEX:high,BITFINEX:low,BITFINEX:close,BITFINEX:volume,MEXC:open,MEXC:high,MEXC:low,MEXC:close,MEXC:volume,KRAKEN:open,KRAKEN:high,KRAKEN:low,KRAKEN:close,KRAKEN:volume
2025-12-07 10:00,13.778,13.782,13.776,13.782,274.45,13.78000000,13.78000000,13.77000000,13.78000000,360.32000000,,,,,,13.77,13.78,13.77,13.77,230.57,13.77644,13.77644,13.77644,13.77644,3.47347
2025-12-07 10:01,13.781,13.785,13.781,13.785,38.46,13.78000000,13.78000000,13.78000000,13.78000000,430.33000000,,,,,,13.77,13.79,13.77,13.78,240.15,,,,,0.0
2025-12-07 10:02,13.786,13.793,13.786,13.788,294.61,13.79000000,13.80000000,13.78000000,13.78000000,213.35000000,,,,,,13.78,13.8,13.78,13.79,144.33,13.77739,13.78,13.77739,13.78,62.44105716
2025-12-07 10:03,13.787,13.787,13.775,13.776,619.24,13.78000000,13.78000000,13.77000000,13.78000000,1116.30000000,,,,,,13.79,13.79,13.77,13.77,671.37,13.77312,13.77312,13.77291,13.77291,97.61956
2025-12-07 10:04,13.774,13.776,13.773,13.776,59.57,13.78000000,13.78000000,13.78000000,13.78000000,28.50000000,,,,,,13.77,13.78,13.77,13.77,24.36,,,,,0.0
2025-12-07 10:05,13.776,13.776,13.772,13.773,435.18,13.78000000,13.78000000,13.77000000,13.78000000,42.69000000,,,,,,13.77,13.78,13.77,13.78,83.1,,,,,0.0
2025-12-07 10:06,13.772,13.773,13.763,13.763,178.15,13.78000000,13.78000000,13.77000000,13.77000000,328.43000000,,,,,,13.78,13.78,13.76,13.77,197.13,,,,,0.0
2025-12-07 10:07,13.766,13.773,13.766,13.773,1010.4,13.77000000,13.78000000,13.76000000,13.78000000,359.62000000,,,,,,13.77,13.77,13.76,13.77,259.57,13.76516,13.76516,13.76516,13.76516,0.37411
2025-12-07 10:08,13.774,13.775,13.772,13.775,37.95,13.77000000,13.78000000,13.77000000,13.78000000,683.80000000,,,,,,13.77,13.78,13.77,13.77,410.42,,,,,0.0
2025-12-07 10:09,13.776,13.789,13.776,13.789,4381.36,13.78000000,13.79000000,13.77000000,13.79000000,1607.98000000,,,,,,13.77,13.79,13.77,13.79,964.51,13.76816,13.79017,13.76816,13.79017,1419.2737293500002
2025-12-07 10:10,13.789,13.814,13.789,13.805,2842.02,13.79000000,13.81000000,13.79000000,13.81000000,637.72000000,,,,,,13.79,13.82,13.78,13.8,381.12,13.79027,13.80496,13.79027,13.80496,155.21022
2025-12-07 10:11,13.809,13.811,13.802,13.802,532.31,13.81000000,13.82000000,13.81000000,13.81000000,162.43000000,,,,,,13.8,13.82,13.8,13.8,97.45,,,,,0.0
2025-12-07 10:12,13.801,13.807,13.801,13.807,139.31,13.80000000,13.81000000,13.80000000,13.81000000,18.42000000,,,,,,13.8,13.81,13.8,13.8,11.05,13.80402,13.80516,13.80402,13.80516,21.73075307
2025-12-07 10:13,13.806,13.813,13.803,13.813,502.69,13.81000000,13.82000000,13.81000000,13.82000000,85.03000000,,,,,,13.8,13.82,13.8,13.81,70.45,13.80533,13.80533,13.80533,13.80533,6.39156082
2025-12-07 10:14,13.812,13.815,13.809,13.814,266.34,13.81000000,13.82000000,13.81000000,13.81000000,690.25000000,,,,,,13.81,13.82,13.8,13.82,414.3,,,,,0.0
2025-12-07 10:15,13.816,13.817,13.8,13.812,2735.07,13.81000000,13.81000000,13.81000000,13.81000000,48.44000000,,,,,,13.82,13.82,13.8,13.81,28.43,,,,,0.0
2025-12-07 10:16,13.811,13.811,13.797,13.799,908.79,13.81000000,13.81000000,13.80000000,13.80000000,171.71000000,,,,,,13.81,13.81,13.79,13.79,103.04,,,,,0.0
2025-12-07 10:17,13.801,13.806,13.798,13.8,2387.22,13.80000000,13.80000000,13.79000000,13.79000000,2285.91000000,,,,,,13.79,13.81,13.79,13.79,1593.84,,,,,0.0
2025-12-07 10:18,13.806,13.815,13.806,13.811,205.34,13.80000000,13.82000000,13.80000000,13.81000000,1027.46000000,,,,,,13.79,13.82,13.79,13.81,576.77,13.80533,13.80533,13.80533,13.80533,14.32262044
2025-12-07 10:19,13.81,13.814,13.807,13.809,176.29,13.81000000,13.82000000,13.81000000,13.81000000,114.87000000,,,,,,13.81,13.82,13.8,13.81,108.44,,,,,0.0
2025-12-07 10:20,13.809,13.809,13.802,13.806,742.77,13.81000000,13.81000000,13.80000000,13.80000000,841.40000000,,,,,,13.81,13.81,13.8,13.8,495.67,13.80532,13.80532,13.80532,13.80532,19.68674
2025-12-07 10:21,13.807,13.819,13.807,13.815,1086.36,13.81000000,13.82000000,13.80000000,13.82000000,894.89000000,,,,,,13.8,13.82,13.8,13.82,536.77,13.80533,13.81,13.80533,13.81,33.61994358
2025-12-07 10:22,13.815,13.817,13.808,13.808,811.36,13.82000000,13.82000000,13.81000000,13.81000000,1057.23000000,,,,,,13.82,13.82,13.8,13.81,634.41,,,,,0.0
2025-12-07 10:23,13.807,13.807,13.803,13.803,107.43,13.80000000,13.81000000,13.80000000,13.81000000,5.42000000,,,,,,13.81,13.81,13.8,13.8,3.24,,,,,0.0
2025-12-07 10:24,13.804,13.808,13.804,13.808,132.97,13.81000000,13.81000000,13.81000000,13.81000000,1.01000000,,,,,,13.8,13.81,13.8,13.81,6.14,13.80534,13.80534,13.80534,13.80534,1.43287855
2025-12-07 10:25,13.805,13.805,13.8,13.804,444.26,13.80000000,13.80000000,13.80000000,13.80000000,2936.99000000,,,,,,13.81,13.81,13.79,13.81,1103.3,,,,,0.0
2025-12-07 10:26,13.805,13.813,13.805,13.813,882.02,13.81000000,13.82000000,13.80000000,13.82000000,946.42000000,,,,,,13.81,13.82,13.8,13.82,580.52,13.80401,13.80401,13.80401,13.80401,0.50968222
2025-12-07 10:27,13.812,13.812,13.812,13.812,55.26,13.82000000,13.82000000,13.81000000,13.81000000,30.90000000,,,,,,13.82,13.82,13.81,13.81,21.16,,,,,0.0
2025-12-07 10:28,13.811,13.811,13.8,13.8,652.64,13.81000000,13.81000000,13.81000000,13.81000000,2555.20000000,,,,,,13.81,13.82,13.8,13.8,1533.67,,,,,0.0
2025-12-07 10:29,13.803,13.805,13.803,13.805,1.89,13.81000000,13.81000000,13.79000000,13.81000000,1702.33000000,,,,,,13.8,13.81,13.79,13.8,1200.05,,,,,0.0
2025-12-07 10:30,13.805,13.808,13.802,13.802,11.09,13.80000000,13.81000000,13.80000000,13.80000000,532.54000000,,,,,,13.8,13.81,13.79,13.8,319.07,,,,,0.0
2025-12-07 10:31,13.801,13.801,13.785,13.785,1123.48,13.80000000,13.80000000,13.79000000,13.80000000,119.10000000,,,,,,13.8,13.8,13.79,13.79,71.43,,,,,0.0
2025-12-07 10:32,13.783,13.784,13.768,13.768,96.2,13.79000000,13.79000000,13.76000000,13.76000000,372.64000000,,,,,,13.79,13.79,13.76,13.76,223.66,13.8,13.8,13.8,13.8,2.0
2025-12-07 10:33,13.771,13.777,13.771,13.775,80.76,13.77000000,13.78000000,13.77000000,13.78000000,493.16000000,,,,,,13.76,13.78,13.76,13.78,295.82,13.77487,13.77487,13.77487,13.77487,0.51146762
2025-12-07 10:34,13.773,13.776,13.771,13.773,39.45,13.78000000,13.78000000,13.77000000,13.78000000,793.42000000,,,,,,13.78,13.78,13.77,13.77,481.72,,,,,0.0
2025-12-07 10:35,13.772,13.779,13.772,13.775,18.21,13.77000000,13.78000000,13.77000000,13.78000000,106.47000000,13.775,13.775,13.775,13.775,5.88,13.77,13.78,13.77,13.77,60.71,,,,,0.0
2025-12-07 10:36,13.78,13.781,13.778,13.78,115.31,13.77000000,13.78000000,13.77000000,13.78000000,1524.36000000,,,,,,13.77,13.78,13.77,13.78,914.31,13.77271,13.77271,13.77271,13.77271,0.1521124
2025-12-07 10:37,13.781,13.783,13.779,13.779,0.52,13.77000000,13.78000000,13.77000000,13.78000000,346.50000000,,,,,,13.78,13.78,13.77,13.77,207.94,,,,,0.0
2025-12-07 10:38,13.781,13.788,13.779,13.788,31.71,13.78000000,13.79000000,13.78000000,13.79000000,31.70000000,,,,,,13.77,13.79,13.77,13.79,14.67,13.77271,13.77271,13.77271,13.77271,113.99850767
2025-12-07 10:39,13.789,13.797,13.789,13.797,115.01,13.79000000,13.80000000,13.79000000,13.79000000,321.03000000,,,,,,13.79,13.8,13.78,13.8,196.97,,,,,0.0
2025-12-07 10:40,13.796,13.825,13.792,13.824,1696.97,13.80000000,13.82000000,13.80000000,13.82000000,2131.96000000,,,,,,13.8,13.83,13.8,13.83,640.96,13.79366,13.81552,13.79366,13.81552,49.638216920000005
2025-12-07 10:41,13.826,13.834,13.826,13.832,181.22,13.82000000,13.84000000,13.82000000,13.84000000,1752.57000000,,,,,,13.83,13.84,13.82,13.84,1052.16,13.81552,13.83028,13.81552,13.83028,0.7165199999999999
2025-12-07 10:42,13.832,13.846,13.832,13.841,368.51,13.83000000,13.85000000,13.83000000,13.84000000,1091.08000000,,,,,,13.84,13.85,13.83,13.84,652.15,13.83039,13.83039,13.83039,13.83039,24.93457663
2025-12-07 10:43,13.84,13.848,13.84,13.848,300.55,13.84000000,13.84000000,13.84000000,13.84000000,50.64000000,,,,,,13.84,13.85,13.84,13.85,35.15,13.83327,13.83327,13.83327,13.83327,3.42488478
2025-12-07 10:44,13.846,13.846,13.835,13.836,506.0,13.85000000,13.85000000,13.84000000,13.84000000,1007.93000000,,,,,,13.85,13.85,13.84,13.85,3782.3,,,,,0.0
2025-12-07 10:45,13.835,13.84,13.835,13.84,10.57,13.84000000,13.85000000,13.83000000,13.84000000,2198.00000000,,,,,,13.85,13.85,13.83,13.84,1222.62,,,,,0.0
2025-12-07 10:46,13.841,13.855,13.841,13.855,102.95,13.85000000,13.86000000,13.84000000,13.86000000,767.39000000,,,,,,13.84,13.86,13.84,13.86,506.5,,,,,0.0
2025-12-07 10:47,13.856,13.861,13.854,13.856,588.69,13.86000000,13.86000000,13.85000000,13.85000000,78.38000000,,,,,,13.86,13.86,13.85,13.85,43.63,,,,,0.0
2025-12-07 10:48,13.856,13.864,13.856,13.864,69.31,13.86000000,13.87000000,13.85000000,13.87000000,114.24000000,,,,,,13.85,13.87,13.85,13.86,71.85,13.85953,13.85953,13.85953,13.85953,1.0
2025-12-07 10:49,13.865,13.883,13.865,13.87,539.34,13.87000000,13.88000000,13.86000000,13.86000000,3805.68000000,,,,,,13.86,13.89,13.86,13.86,2283.43,,,,,0.0
2025-12-07 10:50,13.87,13.884,13.87,13.883,60.77,13.87000000,13.89000000,13.87000000,13.89000000,118.43000000,,,,,,13.86,13.89,13.86,13.89,63.55,,,,,0.0
2025-12-07 10:51,13.883,13.895,13.878,13.878,762.52,13.89000000,13.90000000,13.87000000,13.88000000,1171.53000000,13.888,13.89,13.888,13.89,0.4,13.89,13.89,13.87,13.88,703.14,13.87162,13.89722,13.87162,13.88871,770.89364936
2025-12-07 10:52,13.877,13.877,13.874,13.877,62.76,13.87000000,13.88000000,13.87000000,13.87000000,4.96000000,,,,,,13.88,13.88,13.87,13.87,2.97,,,,,0.0
2025-12-07 10:53,13.875,13.875,13.861,13.861,330.74,13.87000000,13.87000000,13.86000000,13.86000000,776.04000000,,,,,,13.87,13.88,13.85,13.86,579.37,13.87329,13.87329,13.87329,13.87329,18.47074486
2025-12-07 10:54,13.859,13.867,13.859,13.861,242.02,13.86000000,13.87000000,13.86000000,13.87000000,109.78000000,,,,,,13.86,13.87,13.86,13.87,61.87,,,,,0.0
2025-12-07 10:55,13.862,13.862,13.846,13.858,1210.51,13.86000000,13.86000000,13.85000000,13.85000000,1822.36000000,,,,,,13.87,13.87,13.84,13.85,989.79,,,,,0.0
2025-12-07 10:56,13.857,13.86,13.851,13.86,171.8,13.86000000,13.86000000,13.85000000,13.86000000,220.44000000,,,,,,13.85,13.87,13.85,13.86,187.12,13.85517,13.85517,13.85515,13.85515,0.54584687
2025-12-07 10:57,13.858,13.858,13.849,13.854,481.61,13.86000000,13.86000000,13.84000000,13.84000000,449.44000000,,,,,,13.86,13.86,13.84,13.84,269.73,,,,,0.0
2025-12-07 10:58,13.851,13.852,13.84,13.84,90.77,13.84000000,13.85000000,13.84000000,13.85000000,2155.77000000,,,,,,13.84,13.85,13.84,13.84,1293.93,,,,,0.0
2025-12-07 10:59,13.84,13.844,13.84,13.844,76.72,13.84000000,13.84000000,13.83000000,13.84000000,49.54000000,,,,,,13.84,13.85,13.83,13.84,29.71,13.84262,13.84262,13.84262,13.84262,0.41119091
2025-12-07 11:00,13.844,13.847,13.838,13.843,250.69,13.85000000,13.85000000,13.83000000,13.84000000,37.24000000,,,,,,13.84,13.85,13.83,13.83,7.26,13.8476,13.8476,13.84301,13.84301,10.71881
2025-12-07 11:01,13.845,13.847,13.843,13.843,40.08,13.83000000,13.85000000,13.83000000,13.84000000,137.79000000,,,,,,13.83,13.85,13.83,13.85,81.24,,,,,0.0
2025-12-07 11:02,13.842,13.842,13.819,13.831,761.41,13.84000000,13.84000000,13.82000000,13.82000000,951.62000000,,,,,,13.85,13.85,13.82,13.83,572.31,,,,,0.0
2025-12-07 11:03,13.823,13.824,13.815,13.816,539.9,13.82000000,13.82000000,13.81000000,13.81000000,381.17000000,,,,,,13.83,13.83,13.81,13.82,228.73,,,,,0.0
2025-12-07 11:04,13.816,13.816,13.816,13.816,32.91,13.81000000,13.81000000,13.81000000,13.81000000,1.61000000,,,,,,13.82,13.82,13.81,13.81,0.96,,,,,0.0
2025-12-07 11:05,13.817,13.823,13.816,13.823,311.28,13.82000000,13.82000000,13.81000000,13.81000000,1436.43000000,,,,,,13.81,13.83,13.81,13.82,861.69,13.81947,13.81947,13.81947,13.81947,5.59320058
2025-12-07 11:06,13.825,13.831,13.824,13.831,46.85,13.82000000,13.83000000,13.82000000,13.83000000,243.81000000,,,,,,13.82,13.84,13.81,13.84,146.24,13.8195,13.8195,13.8195,13.8195,45.49988099
2025-12-07 11:07,13.828,13.829,13.828,13.829,32.97,13.83000000,13.83000000,13.82000000,13.82000000,27.06000000,,,,,,13.84,13.84,13.82,13.82,15.64,13.83029,13.83029,13.83029,13.83029,0.89746
2025-12-07 11:08,13.83,13.839,13.83,13.839,2.36,13.83000000,13.83000000,13.83000000,13.83000000,2.70000000,,,,,,13.82,13.83,13.82,13.83,7.86,,,,,0.0
2025-12-07 11:09,13.838,13.838,13.838,13.838,18.06,13.84000000,13.84000000,13.83000000,13.83000000,253.80000000,,,,,,13.83,13.85,13.83,13.83,152.24,13.83268,13.84255,13.83268,13.84255,3.5259099999999997
2025-12-07 11:10,13.836,13.836,13.828,13.831,127.06,13.83000000,13.84000000,13.82000000,13.83000000,924.87000000,,,,,,13.83,13.84,13.82,13.83,552.81,,,,,0.0
2025-12-07 11:11,13.833,13.833,13.833,13.833,0.5,13.83000000,13.83000000,13.83000000,13.83000000,9.56000000,,,,,,13.83,13.84,13.83,13.84,20.89,13.83242,13.8355,13.83242,13.8355,9.72213
2025-12-07 11:12,13.832,13.832,13.829,13.829,29.88,13.83000000,13.83000000,13.82000000,13.82000000,743.85000000,,,,,,13.84,13.84,13.82,13.83,448.17,,,,,0.0
2025-12-07 11:13,13.831,13.842,13.831,13.842,43.08,13.82000000,13.83000000,13.82000000,13.83000000,59.56000000,,,,,,13.83,13.83,13.82,13.83,43.31,,,,,0.0
2025-12-07 11:14,,,,,,13.84000000,13.84000000,13.84000000,13.84000000,113.09000000,,,,,,13.83,13.85,13.83,13.85,70.5,,,,,0.0
2025-12-07 11:15,13.844,13.849,13.844,13.848,56.13,13.85000000,13.85000000,13.84000000,13.84000000,443.32000000,,,,,,13.85,13.86,13.84,13.85,250.53,13.84665,13.84665,13.84665,13.84665,1.01314
2025-12-07 11:16,13.85,13.852,13.832,13.835,100.14,13.85000000,13.86000000,13.83000000,13.84000000,1332.20000000,,,,,,13.85,13.86,13.83,13.83,819.57,,,,,0.0
2025-12-07 11:17,13.835,13.843,13.835,13.838,106.95,13.84000000,13.84000000,13.83000000,13.83000000,64.86000000,,,,,,13.83,13.84,13.83,13.84,38.89,,,,,0.0
2025-12-07 11:18,13.838,13.85,13.838,13.849,31.23,13.84000000,13.85000000,13.84000000,13.85000000,63.33000000,,,,,,13.84,13.85,13.84,13.84,46.87,,,,,0.0
2025-12-07 11:19,13.849,13.855,13.845,13.849,363.83,13.85000000,13.85000000,13.84000000,13.85000000,228.64000000,,,,,,13.84,13.86,13.84,13.84,142.51,,,,,0.0
2025-12-07 11:20,13.85,13.85,13.835,13.837,69.06,13.85000000,13.85000000,13.83000000,13.83000000,26.37000000,,,,,,13.84,13.85,13.84,13.84,15.03,,,,,0.0
2025-12-07 11:21,13.837,13.842,13.837,13.842,44.04,13.84000000,13.84000000,13.84000000,13.84000000,159.89000000,,,,,,13.84,13.85,13.83,13.84,110.76,,,,,0.0
2025-12-07 11:22,13.843,13.853,13.843,13.851,142.53,13.84000000,13.85000000,13.84000000,13.84000000,722.25000000,,,,,,13.84,13.86,13.84,13.84,428.99,,,,,0.0
2025-12-07 11:23,13.852,13.854,13.852,13.854,28.74,13.85000000,13.85000000,13.85000000,13.85000000,144.45000000,,,,,,13.84,13.86,13.84,13.85,92.57,13.8563,13.8563,13.8563,13.8563,8.4375
2025-12-07 11:24,13.854,13.854,13.839,13.841,320.82,13.86000000,13.86000000,13.83000000,13.83000000,255.25000000,,,,,,13.85,13.85,13.83,13.83,175.99,13.85031,13.85031,13.85031,13.85031,0.86837
2025-12-07 11:25,13.84,13.844,13.839,13.844,46.91,13.83000000,13.85000000,13.83000000,13.85000000,356.24000000,,,,,,13.83,13.85,13.83,13.84,197.71,,,,,0.0
2025-12-07 11:26,13.844,13.844,13.84,13.84,263.61,13.84000000,13.84000000,13.83000000,13.83000000,537.82000000,,,,,,13.84,13.85,13.83,13.84,334.69,13.84048,13.84048,13.84048,13.84048,0.48301919
2025-12-07 11:27,13.84,13.843,13.84,13.84,221.11,13.84000000,13.84000000,13.84000000,13.84000000,239.62000000,,,,,,13.84,13.85,13.83,13.85,151.65,13.84189,13.84189,13.84189,13.84189,6.79949
2025-12-07 11:28,13.839,13.839,13.829,13.831,1121.79,13.84000000,13.84000000,13.82000000,13.82000000,1420.96000000,,,,,,13.85,13.85,13.82,13.83,852.72,,,,,0.0
2025-12-07 11:29,13.83,13.83,13.826,13.828,178.44,13.82000000,13.83000000,13.82000000,13.83000000,11.82000000,,,,,,13.83,13.83,13.82,13.83,7.08,13.83626,13.83626,13.83234,13.83234,3.7192309800000003
2025-12-07 11:30,13.829,13.837,13.829,13.837,78.8,13.83000000,13.84000000,13.83000000,13.84000000,75.84000000,,,,,,13.83,13.84,13.83,13.83,26.04,,,,,0.0
2025-12-07 11:31,13.838,13.845,13.837,13.84,400.82,13.83000000,13.84000000,13.83000000,13.83000000,118.64000000,,,,,,13.83,13.85,13.83,13.83,70.93,13.83235,13.83235,13.83235,13.83235,24.14076951
2025-12-07 11:32,13.839,13.84,13.837,13.839,71.77,13.83000000,13.84000000,13.83000000,13.83000000,250.01000000,,,,,,13.83,13.84,13.83,13.84,150.24,,,,,0.0
2025-12-07 11:33,13.839,13.849,13.839,13.849,249.2,13.84000000,13.84000000,13.84000000,13.84000000,42.75000000,,,,,,13.84,13.85,13.83,13.85,25.65,,,,,0.0
2025-12-07 11:34,13.848,13.848,13.843,13.846,54.65,13.85000000,13.85000000,13.84000000,13.84000000,79.83000000,,,,,,13.85,13.85,13.84,13.85,50.28,,,,,0.0
2025-12-07 11:35,13.846,13.852,13.846,13.85,57.44,13.85000000,13.85000000,13.84000000,13.84000000,66.16000000,,,,,,13.85,13.85,13.84,13.85,39.48,13.85198,13.85198,13.85198,13.85198,0.07078
2025-12-07 11:36,13.849,13.849,13.847,13.847,2.24,13.85000000,13.85000000,13.84000000,13.85000000,213.71000000,,,,,,13.85,13.85,13.84,13.85,120.31,,,,,0.0
2025-12-07 11:37,13.847,13.849,13.846,13.846,0.43,13.84000000,13.85000000,13.84000000,13.84000000,3.88000000,,,,,,13.85,13.85,13.84,13.85,10.28,13.84832,13.84832,13.84832,13.84832,17.11771489
2025-12-07 11:38,13.845,13.845,13.839,13.839,207.09,13.84000000,13.84000000,13.83000000,13.84000000,3825.56000000,,,,,,13.85,13.85,13.83,13.84,2296.12,13.84033,13.84033,13.84033,13.84033,0.07118
2025-12-07 11:39,13.838,13.838,13.833,13.833,45.4,13.84000000,13.84000000,13.83000000,13.83000000,2.02000000,,,,,,13.84,13.84,13.83,13.84,1.21,,,,,0.0
2025-12-07 11:40,13.835,13.835,13.83,13.83,122.62,13.83000000,13.83000000,13.82000000,13.83000000,26.07000000,,,,,,13.84,13.84,13.82,13.84,14.43,,,,,0.0
2025-12-07 11:41,13.833,13.835,13.831,13.835,90.9,13.83000000,13.84000000,13.82000000,13.84000000,1292.45000000,,,,,,13.84,13.84,13.82,13.83,775.7,,,,,0.0
2025-12-07 11:42,13.836,13.836,13.83,13.83,47.33,13.83000000,13.84000000,13.83000000,13.83000000,334.73000000,,,,,,13.83,13.84,13.83,13.83,200.77,,,,,0.0
2025-12-07 11:43,13.829,13.829,13.821,13.821,232.56,13.83000000,13.83000000,13.82000000,13.82000000,386.48000000,,,,,,13.83,13.83,13.82,13.82,234.87,13.83234,13.83234,13.82539,13.82699,147.010519
2025-12-07 11:44,,,,,,13.83000000,13.83000000,13.82000000,13.83000000,52.02000000,,,,,,13.82,13.83,13.82,13.83,31.22,,,,,0.0
2025-12-07 11:45,13.82,13.82,13.815,13.815,176.12,13.82000000,13.82000000,13.81000000,13.81000000,320.86000000,,,,,,13.83,13.83,13.81,13.81,16.39,,,,,0.0
2025-12-07 11:46,13.815,13.816,13.804,13.804,655.25,13.82000000,13.82000000,13.80000000,13.80000000,128.58000000,,,,,,13.81,13.82,13.8,13.8,77.14,,,,,0.0
2025-12-07 11:47,13.803,13.806,13.798,13.798,479.74,13.80000000,13.81000000,13.79000000,13.80000000,175.97000000,,,,,,13.8,13.81,13.79,13.79,103.29,,,,,0.0
2025-12-07 11:48,13.797,13.797,13.78,13.781,599.09,13.80000000,13.80000000,13.78000000,13.79000000,3100.84000000,,,,,,13.79,13.8,13.78,13.78,1862,13.803,13.803,13.803,13.803,27.56
2025-12-07 11:49,13.781,13.788,13.777,13.786,956.43,13.79000000,13.79000000,13.78000000,13.79000000,770.53000000,,,,,,13.78,13.79,13.78,13.78,462.39,,,,,0.0
2025-12-07 11:50,13.788,13.796,13.787,13.788,283.01,13.79000000,13.80000000,13.78000000,13.79000000,1282.53000000,,,,,,13.78,13.79,13.78,13.78,578.74,,,,,0.0
2025-12-07 11:51,13.79,13.793,13.785,13.785,305.19,13.79000000,13.79000000,13.78000000,13.78000000,232.74000000,,,,,,13.78,13.8,13.78,13.78,138.28,13.79164,13.80287,13.79164,13.79164,3963.59990067
2025-12-07 11:52,13.785,13.793,13.785,13.793,377.54,13.78000000,13.79000000,13.78000000,13.79000000,392.02000000,,,,,,13.78,13.79,13.78,13.79,251.22,,,,,0.0
2025-12-07 11:53,13.794,13.798,13.79,13.79,299.2,13.79000000,13.80000000,13.79000000,13.79000000,47.97000000,,,,,,13.79,13.8,13.79,13.79,174.39,13.7986,13.80036,13.7986,13.80036,22.44828
2025-12-07 11:54,13.789,13.79,13.786,13.786,737.82,13.79000000,13.79000000,13.78000000,13.78000000,281.27000000,,,,,,13.79,13.79,13.78,13.79,168.82,13.79164,13.79164,13.79164,13.79164,0.49432
2025-12-07 11:55,13.787,13.787,13.778,13.778,1176.39,13.78000000,13.79000000,13.78000000,13.78000000,17.67000000,,,,,,13.79,13.79,13.78,13.78,6.78,,,,,0.0
2025-12-07 11:56,13.785,13.787,13.785,13.787,625.27,13.78000000,13.78000000,13.78000000,13.78000000,0.94000000,,,,,,13.78,13.79,13.78,13.79,0.56,,,,,0.0
2025-12-07 11:57,13.788,13.792,13.787,13.792,155.41,13.78000000,13.78000000,13.78000000,13.78000000,35.66000000,,,,,,13.79,13.79,13.78,13.79,21.39,,,,,0.0
2025-12-07 11:58,13.792,13.792,13.788,13.788,38.96,13.79000000,13.79000000,13.78000000,13.78000000,324.39000000,,,,,,13.79,13.8,13.78,13.78,194.62,,,,,0.0
2025-12-07 11:59,13.786,13.786,13.782,13.784,181.79,13.78000000,13.79000000,13.78000000,13.78000000,370.35000000,13.798,13.798,13.798,13.798,1.91131379,13.78,13.79,13.78,13.78,222.12,,,,,0.0
2025-12-07 12:00,13.786,13.796,13.783,13.783,646.1,13.79000000,13.79000000,13.78000000,13.78000000,449.12000000,,,,,,13.78,13.79,13.78,13.78,274.64,,,,,0.0
2025-12-07 12:01,13.782,13.788,13.779,13.78,249.02,13.79000000,13.79000000,13.77000000,13.77000000,2099.49000000,,,,,,13.78,13.79,13.77,13.78,1233.54,13.79164,13.79164,13.79163,13.79163,43.50478158
2025-12-07 12:02,13.781,13.788,13.775,13.784,356.71,13.78000000,13.78000000,13.78000000,13.78000000,239.04000000,13.793,13.793,13.793,13.793,40.0,13.78,13.79,13.77,13.79,143.38,13.79163,13.79163,13.78453,13.78453,15.50254846
2025-12-07 12:03,13.784,13.788,13.781,13.786,212.5,13.78000000,13.79000000,13.77000000,13.78000000,359.16000000,,,,,,13.79,13.79,13.77,13.79,215.46,,,,,0.0
2025-12-07 12:04,13.787,13.789,13.781,13.781,226.09,13.79000000,13.79000000,13.78000000,13.78000000,25.79000000,,,,,,13.79,13.79,13.78,13.78,15.46,13.79366,13.79378,13.79366,13.79378,217.53664405
2025-12-07 12:05,13.78,13.783,13.779,13.781,32.82,13.78000000,13.78000000,13.77000000,13.78000000,299.39000000,,,,,,13.78,13.79,13.77,13.78,20.09,13.7889,13.7889,13.7889,13.7889,1.01572
2025-12-07 12:06,13.783,13.798,13.783,13.791,293.4,13.79000000,13.80000000,13.79000000,13.79000000,223.05000000,13.797,13.797,13.797,13.797,40.0,13.78,13.8,13.78,13.8,133.78,,,,,0.0
2025-12-07 12:07,13.793,13.806,13.793,13.801,217.54,13.79000000,13.80000000,13.78000000,13.80000000,1481.94000000,,,,,,13.8,13.81,13.78,13.79,824.67,13.79708,13.804,13.79708,13.804,3.16868348
2025-12-07 12:08,13.802,13.807,13.8,13.8,274.45,13.80000000,13.81000000,13.79000000,13.80000000,1543.34000000,,,,,,13.79,13.81,13.79,13.79,988.04,13.80618,13.80618,13.80618,13.80618,1.86765
2025-12-07 12:09,13.801,13.802,13.795,13.795,157.13,13.80000000,13.80000000,13.79000000,13.79000000,82.63000000,,,,,,13.79,13.81,13.79,13.8,58.32,13.80618,13.80618,13.80618,13.80618,34.0
2025-12-07 12:10,13.796,13.803,13.796,13.803,607.57,13.79000000,13.80000000,13.79000000,13.80000000,56.33000000,,,,,,13.8,13.81,13.79,13.81,16.68,13.80195,13.80195,13.80195,13.80195,1.02252
2025-12-07 12:11,13.803,13.808,13.799,13.808,298.69,13.80000000,13.81000000,13.79000000,13.80000000,1039.58000000,,,,,,13.81,13.81,13.79,13.8,631.14,,,,,0.0
2025-12-07 12:12,13.809,13.822,13.809,13.822,356.75,13.80000000,13.82000000,13.80000000,13.82000000,1113.80000000,,,,,,13.8,13.83,13.8,13.83,674.96,13.81324,13.81324,13.81324,13.81324,0.32428124
2025-12-07 12:13,13.823,13.83,13.823,13.823,311.3,13.82000000,13.83000000,13.82000000,13.82000000,316.36000000,,,,,,13.83,13.83,13.82,13.83,306.42,13.81413,13.81652,13.81413,13.81652,4.46683235
2025-12-07 12:14,13.822,13.822,13.818,13.82,85.07,13.82000000,13.82000000,13.81000000,13.81000000,661.56000000,,,,,,13.83,13.83,13.81,13.82,397.04,13.82668,13.82668,13.82668,13.82668,75.0
2025-12-07 12:15,13.819,13.833,13.819,13.826,362.38,13.81000000,13.83000000,13.81000000,13.83000000,843.66000000,,,,,,13.82,13.83,13.82,13.82,492.13,13.826,13.826,13.826,13.826,2.12542
2025-12-07 12:16,13.825,13.832,13.822,13.832,303.95,13.82000000,13.83000000,13.82000000,13.83000000,2468.75000000,,,,,,13.82,13.83,13.82,13.83,1348.57,,,,,0.0
2025-12-07 12:17,13.833,13.834,13.809,13.811,464.99,13.84000000,13.84000000,13.81000000,13.82000000,2964.47000000,,,,,,13.83,13.84,13.81,13.81,1912.28,13.83064,13.83064,13.83064,13.83064,99.66540466000001
2025-12-07 12:18,13.813,13.813,13.794,13.801,234.57,13.81000000,13.81000000,13.79000000,13.80000000,604.03000000,,,,,,13.81,13.82,13.79,13.81,362.48,,,,,0.0
2025-12-07 12:19,13.799,13.799,13.79,13.793,979.01,13.80000000,13.80000000,13.79000000,13.79000000,135.45000000,,,,,,13.81,13.81,13.79,13.8,81.28,,,,,0.0
2025-12-07 12:20,13.795,13.807,13.795,13.807,531.39,13.79000000,13.80000000,13.79000000,13.80000000,112.31000000,,,,,,13.8,13.81,13.79,13.8,53.56,13.79503,13.80913,13.79503,13.80913,238.35572957
2025-12-07 12:21,13.805,13.807,13.802,13.807,137.75,13.80000000,13.81000000,13.80000000,13.81000000,1251.25000000,,,,,,13.8,13.81,13.8,13.81,1109.63,,,,,0.0
2025-12-07 12:22,13.806,13.811,13.805,13.808,675.92,13.81000000,13.81000000,13.80000000,13.80000000,30.78000000,,,,,,13.81,13.81,13.8,13.81,18.46,,,,,0.0
2025-12-07 12:23,13.809,13.809,13.805,13.805,122.56,13.81000000,13.81000000,13.80000000,13.81000000,33.59000000,,,,,,13.81,13.81,13.8,13.8,31.31,,,,,0.0
2025-12-07 12:24,13.805,13.805,13.803,13.803,201.45,13.80000000,13.80000000,13.80000000,13.80000000,26.94000000,,,,,,13.8,13.81,13.8,13.81,16.16,13.80959,13.80959,13.80959,13.80959,1.94631893
2025-12-07 12:25,13.803,13.803,13.799,13.799,35.69,13.80000000,13.80000000,13.79000000,13.79000000,880.63000000,,,,,,13.81,13.81,13.8,13.8,9,,,,,0.0
2025-12-07 12:26,13.801,13.808,13.801,13.807,227.7,13.80000000,13.80000000,13.80000000,13.80000000,272.64000000,,,,,,13.8,13.81,13.8,13.8,162.88,13.80821,13.80821,13.80821,13.80821,0.39013512
2025-12-07 12:27,13.808,13.808,13.799,13.799,345.53,13.80000000,13.80000000,13.79000000,13.79000000,95.05000000,,,,,,13.8,13.81,13.79,13.8,57.03,,,,,0.0
2025-12-07 12:28,13.798,13.798,13.791,13.791,119.35,13.80000000,13.80000000,13.78000000,13.78000000,95.13000000,,,,,,13.8,13.8,13.79,13.79,73.56,13.80818,13.80818,13.79559,13.79559,153.23895672
2025-12-07 12:29,13.792,13.805,13.792,13.805,181.3,13.79000000,13.80000000,13.79000000,13.80000000,459.13000000,,,,,,13.79,13.81,13.78,13.81,274.39,13.80718,13.80718,13.80718,13.80718,0.26480726
2025-12-07 12:30,13.805,13.808,13.803,13.803,66.94,13.80000000,13.81000000,13.80000000,13.81000000,185.75000000,,,,,,13.81,13.81,13.8,13.81,72.67,,,,,0.0
2025-12-07 12:31,13.802,13.815,13.802,13.815,135.64,13.80000000,13.81000000,13.80000000,13.81000000,130.65000000,,,,,,13.81,13.82,13.8,13.81,154.72,13.8072,13.82029,13.80719,13.82029,223.28556336
2025-12-07 12:32,13.815,13.815,13.801,13.801,360.27,13.81000000,13.81000000,13.80000000,13.80000000,517.19000000,,,,,,13.81,13.81,13.8,13.8,310.43,13.80649,13.80649,13.80649,13.80649,0.05158
2025-12-07 12:33,13.803,13.816,13.803,13.813,264.55,13.80000000,13.82000000,13.79000000,13.82000000,183.30000000,,,,,,13.8,13.82,13.79,13.82,110,,,,,0.0
2025-12-07 12:34,13.812,13.812,13.81,13.811,100.26,13.81000000,13.81000000,13.80000000,13.81000000,66.46000000,,,,,,13.82,13.82,13.8,13.81,39.89,,,,,0.0
2025-12-07 12:35,13.811,13.815,13.811,13.815,55.39,13.81000000,13.81000000,13.80000000,13.81000000,428.41000000,,,,,,13.81,13.82,13.8,13.82,254.22,,,,,0.0
2025-12-07 12:36,13.813,13.813,13.807,13.811,578.68,13.81000000,13.82000000,13.80000000,13.82000000,83.71000000,,,,,,13.82,13.82,13.8,13.82,28.53,,,,,0.0
2025-12-07 12:37,13.813,13.828,13.813,13.828,184.32,13.82000000,13.83000000,13.82000000,13.82000000,911.07000000,,,,,,13.82,13.83,13.81,13.83,568.16,13.82511,13.82511,13.82511,13.82511,0.15592642
2025-12-07 12:38,13.824,13.826,13.823,13.824,467.52,13.83000000,13.83000000,13.82000000,13.82000000,93.81000000,,,,,,13.83,13.83,13.82,13.82,56.27,,,,,0.0
2025-12-07 12:39,13.823,13.823,13.817,13.822,367.51,13.82000000,13.82000000,13.81000000,13.82000000,161.48000000,,,,,,13.82,13.83,13.81,13.83,96.86,,,,,0.0
2025-12-07 12:40,13.823,13.827,13.821,13.822,217.09,13.82000000,13.83000000,13.81000000,13.83000000,63.16000000,,,,,,13.83,13.83,13.81,13.83,35.67,,,,,0.0
2025-12-07 12:41,13.822,13.825,13.822,13.822,147.61,13.82000000,13.83000000,13.82000000,13.83000000,48.03000000,,,,,,13.83,13.83,13.82,13.83,29.29,13.82774,13.82774,13.82774,13.82774,0.72318398
2025-12-07 12:42,13.825,13.83,13.825,13.83,30.65,13.82000000,13.83000000,13.82000000,13.83000000,215.75000000,,,,,,13.83,13.83,13.82,13.83,174.95,13.83044,13.83044,13.83044,13.83044,1.08456
2025-12-07 12:43,13.831,13.831,13.818,13.818,375.79,13.83000000,13.83000000,13.81000000,13.81000000,1637.87000000,,,,,,13.83,13.83,13.81,13.81,936.86,13.83357,13.83357,13.83357,13.83357,136.01880325
2025-12-07 12:44,13.818,13.823,13.815,13.821,154.61,13.82000000,13.82000000,13.81000000,13.82000000,19.42000000,,,,,,13.81,13.83,13.81,13.81,16.67,,,,,0.0
2025-12-07 12:45,13.817,13.841,13.817,13.841,1214.04,13.81000000,13.84000000,13.81000000,13.84000000,718.63000000,,,,,,13.81,13.84,13.81,13.84,430.69,,,,,0.0
2025-12-07 12:46,13.841,13.868,13.841,13.863,702.39,13.84000000,13.87000000,13.84000000,13.86000000,2992.61000000,,,,,,13.84,13.87,13.84,13.86,1795.65,13.83503,13.86362,13.83503,13.86001,204.56350365999998
2025-12-07 12:47,13.864,13.877,13.861,13.875,455.25,13.86000000,13.88000000,13.85000000,13.88000000,588.71000000,,,,,,13.86,13.88,13.85,13.87,407.91,13.86957,13.86957,13.86957,13.86957,0.8581
2025-12-07 12:48,13.873,13.909,13.872,13.909,1077.34,13.87000000,13.91000000,13.87000000,13.91000000,2464.20000000,13.887,13.904,13.887,13.904,1.4000000000000001,13.87,13.91,13.87,13.9,721.02,13.87162,13.88465,13.87162,13.88465,31.34090817
2025-12-07 12:49,13.91,13.938,13.91,13.936,1284.29,13.91000000,13.94000000,13.91000000,13.94000000,6929.12000000,13.928,13.928,13.928,13.928,0.2,13.9,13.94,13.9,13.94,4916.15,13.91296,13.91722,13.91296,13.91722,31.55446869
2025-12-07 12:50,13.937,13.95,13.925,13.942,717.72,13.94000000,13.95000000,13.92000000,13.94000000,4782.39000000,13.943,13.943,13.943,13.943,0.2,13.94,13.95,13.92,13.94,2870.05,13.94084,13.94084,13.92766,13.92766,111.64170243999999
2025-12-07 12:51,13.944,13.95,13.911,13.912,899.21,13.95000000,13.95000000,13.91000000,13.92000000,914.92000000,,,,,,13.94,13.95,13.91,13.92,548.79,13.93553,13.93553,13.93495,13.93495,123.70505902
2025-12-07 12:52,13.91,13.927,13.908,13.927,800.25,13.91000000,13.93000000,13.90000000,13.92000000,4969.43000000,,,,,,13.92,13.92,13.9,13.92,14107.84,13.92027,13.92027,13.92027,13.92027,28.53707651
2025-12-07 12:53,13.928,13.937,13.917,13.924,366.94,13.93000000,13.94000000,13.92000000,13.93000000,783.64000000,,,,,,13.92,13.94,13.92,13.93,2867.88,13.92927,13.93234,13.9283,13.9283,16.890143180000003
2025-12-07 12:54,13.925,13.933,13.922,13.93,427.63,13.93000000,13.93000000,13.92000000,13.93000000,695.88000000,,,,,,13.93,13.93,13.92,13.93,328,,,,,0.0
2025-12-07 12:55,13.932,13.938,13.928,13.931,1063.6,13.94000000,13.94000000,13.92000000,13.92000000,138.63000000,,,,,,13.93,13.94,13.92,13.92,501.05,,,,,0.0
2025-12-07 12:56,13.93,13.93,13.921,13.926,259.52,13.93000000,13.93000000,13.92000000,13.93000000,89.81000000,,,,,,13.92,13.93,13.92,13.92,52.08,13.93566,13.93566,13.93566,13.93566,113.03125482
2025-12-07 12:57,13.925,13.926,13.912,13.916,242.43,13.93000000,13.93000000,13.91000000,13.91000000,56.10000000,,,,,,13.92,13.93,13.91,13.92,35.44,13.92324,13.92324,13.92324,13.92324,0.66963
2025-12-07 12:58,13.916,13.917,13.91,13.915,264.73,13.91000000,13.91000000,13.90000000,13.91000000,123.82000000,,,,,,13.92,13.92,13.9,13.91,74.29,13.92323,13.92323,13.92323,13.92323,103.54639374
2025-12-07 12:59,13.916,13.924,13.916,13.922,174.18,13.91000000,13.93000000,13.91000000,13.93000000,1134.31000000,,,,,,13.91,13.93,13.91,13.93,2328.51,,,,,0.0
2025-12-07 13:00,13.923,13.935,13.923,13.93,511.87,13.93000000,13.94000000,13.92000000,13.93000000,1779.61000000,,,,,,13.93,13.94,13.92,13.94,1050.21,13.92905,13.92905,13.92905,13.92905,1.55008
2025-12-07 13:01,13.932,13.94,13.923,13.923,1287.97,13.94000000,13.94000000,13.92000000,13.92000000,10464.47000000,,,,,,13.94,13.95,13.92,13.92,6283.12,13.92904,13.93,13.92904,13.93,4.93697913
2025-12-07 13:02,13.923,13.944,13.923,13.944,529.08,13.93000000,13.95000000,13.92000000,13.94000000,1648.39000000,,,,,,13.92,13.95,13.92,13.95,988.92,13.92905,13.93,13.92905,13.93,107.47566038000001
2025-12-07 13:03,13.941,13.947,13.94,13.94,473.75,13.94000000,13.95000000,13.94000000,13.94000000,2017.05000000,,,,,,13.95,13.95,13.94,13.94,1209.82,13.94294,13.94294,13.94294,13.94294,1.37907787
2025-12-07 13:04,13.939,13.939,13.914,13.914,560.5,13.94000000,13.95000000,13.91000000,13.92000000,1868.76000000,,,,,,13.94,13.95,13.91,13.91,1121.31,13.94293,13.94293,13.9253,13.9253,207.88379912
2025-12-07 13:05,13.916,13.916,13.907,13.915,567.42,13.91000000,13.92000000,13.90000000,13.91000000,573.43000000,,,,,,13.91,13.92,13.9,13.92,344.02,13.91847,13.91847,13.91847,13.91847,2.71192528
2025-12-07 13:06,13.916,13.931,13.916,13.928,1235.02,13.91000000,13.93000000,13.91000000,13.93000000,540.78000000,,,,,,13.92,13.94,13.91,13.94,322.22,,,,,0.0
2025-12-07 13:07,13.929,13.938,13.923,13.929,11418.57,13.93000000,13.93000000,13.92000000,13.93000000,200.43000000,,,,,,13.94,13.94,13.92,13.93,122.57,13.92991,13.9369,13.92991,13.93173,5.71009419
2025-12-07 13:08,13.929,13.931,13.923,13.928,227.61,13.93000000,13.93000000,13.92000000,13.92000000,49.52000000,,,,,,13.93,13.93,13.92,13.93,29.7,13.92945,13.92945,13.92945,13.92945,2.27503598
2025-12-07 13:09,13.928,13.942,13.928,13.932,357.29,13.93000000,13.94000000,13.92000000,13.93000000,1139.10000000,,,,,,13.93,13.95,13.92,13.93,677.44,13.94294,13.94294,13.94294,13.94294,5.26207
2025-12-07 13:10,13.929,13.936,13.901,13.901,716.97,13.93000000,13.93000000,13.90000000,13.90000000,708.88000000,,,,,,13.93,13.93,13.9,13.91,428.77,13.93433,13.93433,13.92014,13.92014,385.06523133
2025-12-07 13:11,13.903,13.911,13.879,13.889,12788.8,13.90000000,13.90000000,13.88000000,13.89000000,3128.55000000,,,,,,13.91,13.91,13.88,13.89,1879.94,13.88605,13.88605,13.88327,13.88327,37.675
2025-12-07 13:12,13.887,13.887,13.872,13.875,453.8,13.88000000,13.88000000,13.87000000,13.87000000,874.40000000,,,,,,13.89,13.89,13.87,13.87,532.23,13.88535,13.88535,13.88535,13.88535,0.50533
2025-12-07 13:13,13.871,13.891,13.869,13.889,354.25,13.87000000,13.89000000,13.86000000,13.88000000,1300.22000000,,,,,,13.87,13.89,13.86,13.88,780.02,13.87745,13.887,13.87745,13.88288,17.51424711
2025-12-07 13:14,13.887,13.894,13.887,13.887,378.43,13.89000000,13.89000000,13.88000000,13.88000000,887.23000000,,,,,,13.88,13.9,13.88,13.89,532.33,,,,,0.0
2025-12-07 13:15,13.888,13.897,13.888,13.89,717.75,13.89000000,13.90000000,13.89000000,13.89000000,87.24000000,,,,,,13.89,13.9,13.89,13.9,36.78,13.89188,13.89188,13.89188,13.89188,12.15393287
2025-12-07 13:16,13.892,13.894,13.872,13.875,368.47,13.90000000,13.90000000,13.87000000,13.87000000,229.50000000,,,,,,13.9,13.9,13.87,13.88,137.65,13.89272,13.89272,13.88288,13.88288,122.11297279
2025-12-07 13:17,13.873,13.883,13.868,13.874,1508.97,13.87000000,13.88000000,13.86000000,13.87000000,721.78000000,,,,,,13.88,13.89,13.86,13.87,432.95,13.88615,13.88615,13.88615,13.88615,3.38107
2025-12-07 13:18,13.873,13.885,13.873,13.885,733.29,13.88000000,13.88000000,13.87000000,13.88000000,60.49000000,,,,,,13.87,13.89,13.87,13.89,36.29,13.87982,13.87982,13.87982,13.87982,1.79204
2025-12-07 13:19,13.881,13.882,13.881,13.882,18.2,13.88000000,13.88000000,13.88000000,13.88000000,43.74000000,,,,,,13.89,13.89,13.88,13.89,496.78,,,,,0.0
2025-12-07 13:20,13.882,13.893,13.867,13.867,976.23,13.89000000,13.89000000,13.86000000,13.86000000,603.43000000,,,,,,13.89,13.9,13.86,13.87,368.56,13.88761,13.88761,13.88147,13.88147,133.2406342
2025-12-07 13:21,13.868,13.871,13.836,13.836,4473.01,13.87000000,13.87000000,13.83000000,13.83000000,1514.91000000,,,,,,13.87,13.88,13.84,13.84,859.01,13.863,13.863,13.863,13.863,50.0
2025-12-07 13:22,13.835,13.835,13.75,13.758,4095.38,13.83000000,13.83000000,13.75000000,13.76000000,7221.01000000,13.823,13.823,13.785,13.785,1.8,13.84,13.84,13.75,13.75,4098.83,13.83274,13.83274,13.76448,13.76448,102.66284379
2025-12-07 13:23,13.756,13.831,13.756,13.831,3933.8,13.77000000,13.83000000,13.76000000,13.83000000,10569.04000000,,,,,,13.75,13.83,13.75,13.83,3845.95,13.80159,13.82079,13.80159,13.82079,90.09315623
2025-12-07 13:24,13.832,13.833,13.803,13.811,783.85,13.83000000,13.83000000,13.81000000,13.81000000,1481.90000000,13.827,13.827,13.826,13.826,0.4,13.83,13.84,13.8,13.81,3891.92,13.82618,13.82618,13.81602,13.81602,37.52519413
2025-12-07 13:25,13.811,13.842,13.811,13.821,1198.76,13.81000000,13.85000000,13.81000000,13.83000000,889.58000000,,,,,,13.81,13.84,13.81,13.83,531.57,13.82619,13.82923,13.82619,13.82923,86.369
2025-12-07 13:26,13.82,13.85,13.82,13.85,549.17,13.82000000,13.85000000,13.82000000,13.85000000,1672.24000000,,,,,,13.83,13.85,13.81,13.84,1003.12,,,,,0.0
2025-12-07 13:27,13.846,13.848,13.82,13.824,568.72,13.85000000,13.85000000,13.82000000,13.82000000,1627.39000000,,,,,,13.84,13.85,13.82,13.82,976.71,,,,,0.0
2025-12-07 13:28,13.823,13.823,13.819,13.819,245.42,13.83000000,13.83000000,13.81000000,13.82000000,491.73000000,,,,,,13.82,13.83,13.81,13.81,227.83,,,,,0.0
2025-12-07 13:29,13.818,13.821,13.809,13.82,1478.91,13.82000000,13.82000000,13.81000000,13.82000000,423.64000000,,,,,,13.81,13.83,13.81,13.82,321.39,13.82923,13.82923,13.80903,13.80903,1.00009671
2025-12-07 13:30,13.821,13.827,13.801,13.807,1255.67,13.82000000,13.83000000,13.80000000,13.80000000,3438.60000000,,,,,,13.82,13.82,13.8,13.8,1968.77,13.82446,13.82446,13.82446,13.82446,30.92753675
2025-12-07 13:31,13.799,13.828,13.799,13.827,278.33,13.80000000,13.83000000,13.80000000,13.83000000,131.42000000,13.82,13.82,13.82,13.82,0.4,13.8,13.83,13.79,13.82,81.08,13.81658,13.81658,13.81658,13.81658,2.44911
2025-12-07 13:32,13.825,13.842,13.825,13.834,603.49,13.83000000,13.85000000,13.82000000,13.83000000,676.31000000,,,,,,13.82,13.85,13.82,13.83,405.83,13.83086,13.83104,13.83086,13.83104,34.7936404
2025-12-07 13:33,13.833,13.836,13.827,13.833,748.63,13.83000000,13.84000000,13.82000000,13.83000000,1094.53000000,,,,,,13.83,13.84,13.82,13.84,656.66,13.83244,13.83244,13.83244,13.83244,7.83492
2025-12-07 13:34,13.835,13.84,13.826,13.828,1624.26,13.84000000,13.84000000,13.82000000,13.83000000,1922.67000000,,,,,,13.84,13.84,13.82,13.82,1115.76,,,,,0.0
2025-12-07 13:35,13.828,13.831,13.813,13.813,560.09,13.82000000,13.83000000,13.81000000,13.82000000,311.07000000,,,,,,13.82,13.83,13.81,13.83,222.2,13.82917,13.82917,13.81541,13.81541,219.51475
2025-12-07 13:36,13.814,13.834,13.814,13.834,327.64,13.82000000,13.83000000,13.81000000,13.83000000,634.07000000,,,,,,13.83,13.83,13.81,13.83,921.64,,,,,0.0
2025-12-07 13:37,13.829,13.833,13.817,13.833,286.01,13.83000000,13.83000000,13.81000000,13.83000000,437.52000000,,,,,,13.83,13.84,13.81,13.84,262.43,13.82924,13.82924,13.82924,13.82924,0.27035467
2025-12-07 13:38,13.834,13.84,13.806,13.806,729.74,13.84000000,13.84000000,13.80000000,13.80000000,1448.66000000,,,,,,13.84,13.84,13.8,13.8,815.23,,,,,0.0
2025-12-07 13:39,13.804,13.806,13.79,13.804,1939.79,13.80000000,13.80000000,13.79000000,13.80000000,1604.89000000,,,,,,13.8,13.81,13.79,13.79,1155.01,13.803,13.803,13.803,13.803,49.99
2025-12-07 13:40,13.796,13.819,13.796,13.819,2116.7,13.80000000,13.82000000,13.79000000,13.82000000,661.24000000,,,,,,13.79,13.82,13.79,13.81,256.31,13.80002,13.80002,13.80002,13.80002,0.42491925
2025-12-07 13:41,13.818,13.827,13.818,13.819,240.55,13.82000000,13.83000000,13.81000000,13.81000000,485.80000000,,,,,,13.81,13.83,13.81,13.81,293.78,,,,,0.0
2025-12-07 13:42,13.82,13.829,13.81,13.81,882.46,13.82000000,13.83000000,13.80000000,13.80000000,671.74000000,,,,,,13.81,13.83,13.8,13.81,403.19,13.82164,13.82164,13.82164,13.82164,17.6876001
2025-12-07 13:43,13.804,13.811,13.787,13.787,380.87,13.80000000,13.81000000,13.78000000,13.79000000,534.25000000,,,,,,13.81,13.81,13.78,13.78,320.54,13.82,13.82,13.80036,13.80036,43.542930000000005
2025-12-07 13:44,13.787,13.794,13.778,13.778,2755.93,13.79000000,13.80000000,13.78000000,13.78000000,3920.12000000,,,,,,13.78,13.8,13.77,13.77,2352.82,13.8,13.8,13.78738,13.78738,73.74813577
2025-12-07 13:45,13.776,13.791,13.763,13.773,8126.51,13.78000000,13.79000000,13.76000000,13.77000000,29995.21000000,,,,,,13.77,13.79,13.75,13.78,17988.83,,,,,0.0
2025-12-07 13:46,13.769,13.794,13.766,13.789,3870.52,13.77000000,13.79000000,13.76000000,13.79000000,28211.62000000,,,,,,13.78,13.79,13.76,13.79,16919.7,13.77287,13.77287,13.77287,13.77287,0.97492
2025-12-07 13:47,13.79,13.799,13.755,13.76,891.0,13.79000000,13.80000000,13.75000000,13.76000000,4666.98000000,13.781,13.781,13.771,13.771,1.0,13.79,13.79,13.75,13.76,2810.02,13.7874,13.7874,13.7874,13.7874,2.0616661
2025-12-07 13:48,13.75,13.757,13.747,13.751,1391.75,13.76000000,13.76000000,13.74000000,13.75000000,4218.05000000,13.77,13.77,13.77,13.77,0.2,13.76,13.76,13.74,13.74,2523.68,13.76448,13.76448,13.75064,13.76021,80.55203803
2025-12-07 13:49,13.746,13.787,13.746,13.787,4046.32,13.75000000,13.78000000,13.74000000,13.78000000,2265.96000000,,,,,,13.74,13.79,13.74,13.79,1359.14,13.75064,13.76481,13.7479,13.76481,45.20377476
2025-12-07 13:50,13.787,13.787,13.774,13.781,966.2,13.79000000,13.79000000,13.77000000,13.78000000,727.73000000,,,,,,13.79,13.79,13.77,13.79,434.39,13.78767,13.78767,13.78766,13.78766,30.42009312
2025-12-07 13:51,13.782,13.796,13.78,13.788,3433.81,13.79000000,13.79000000,13.78000000,13.78000000,1573.72000000,,,,,,13.79,13.8,13.78,13.79,944.33,13.78766,13.79039,13.77497,13.77497,6703.94250969
2025-12-07 13:52,13.786,13.789,13.775,13.775,582.01,13.79000000,13.79000000,13.77000000,13.78000000,758.72000000,,,,,,13.79,13.79,13.77,13.78,455.15,13.78579,13.78579,13.76499,13.77922,6688.40895931
2025-12-07 13:53,13.774,13.774,13.76,13.76,685.09,13.77000000,13.78000000,13.76000000,13.77000000,649.57000000,,,,,,13.78,13.78,13.76,13.76,389.82,13.76646,13.76646,13.76645,13.76645,115.28659999999999
2025-12-07 13:54,13.76,13.768,13.749,13.763,4550.16,13.76000000,13.77000000,13.75000000,13.76000000,648.89000000,,,,,,13.76,13.77,13.75,13.76,1076.81,13.76951,13.76999,13.76892,13.76892,10.68134368
2025-12-07 13:55,13.761,13.766,13.761,13.766,45.93,13.76000000,13.77000000,13.76000000,13.77000000,133.70000000,,,,,,13.76,13.77,13.76,13.76,18.52,13.76167,13.76167,13.76167,13.76167,0.15521
2025-12-07 13:56,13.767,13.77,13.765,13.769,554.53,13.77000000,13.77000000,13.76000000,13.76000000,8.75000000,,,,,,13.76,13.77,13.76,13.77,5.24,13.76628,13.77113,13.76628,13.77113,726.65599451
2025-12-07 13:57,13.766,13.766,13.759,13.764,706.43,13.77000000,13.77000000,13.76000000,13.77000000,1581.77000000,,,,,,13.77,13.78,13.76,13.77,948.88,,,,,0.0
2025-12-07 13:58,13.765,13.768,13.759,13.768,215.46,13.76000000,13.77000000,13.75000000,13.77000000,1716.70000000,,,,,,13.77,13.77,13.75,13.76,1030.23,13.76508,13.76508,13.76508,13.76508,7.03405
2025-12-07 13:59,13.768,13.771,13.759,13.767,314.67,13.77000000,13.77000000,13.76000000,13.76000000,1035.71000000,,,,,,13.76,13.78,13.75,13.77,621.6,,,,,0.0
2025-12-07 14:00,13.767,13.767,13.747,13.749,349.73,13.76000000,13.76000000,13.74000000,13.74000000,1028.46000000,,,,,,13.77,13.77,13.74,13.74,563.29,13.76279,13.76336,13.76155,13.76155,16.92234928
2025-12-07 14:01,13.749,13.775,13.745,13.774,3730.41,13.75000000,13.77000000,13.74000000,13.77000000,2073.69000000,,,,,,13.74,13.78,13.74,13.77,1244.72,13.76,13.76,13.74295,13.74869,337.20084183
2025-12-07 14:02,13.773,13.773,13.719,13.719,5623.56,13.77000000,13.77000000,13.71000000,13.73000000,17387.56000000,,,,,,13.77,13.77,13.72,13.73,10396.47,13.743,13.74507,13.72902,13.74507,466.13031122
2025-12-07 14:03,13.723,13.732,13.648,13.667,10619.04,13.73000000,13.74000000,13.64000000,13.67000000,24134.11000000,13.699,13.699,13.699,13.699,0.2,13.73,13.74,13.65,13.66,14514.6,13.72377,13.72377,13.6674,13.68017,752.4929408200001
2025-12-07 14:04,13.668,13.702,13.633,13.634,10175.12,13.67000000,13.70000000,13.64000000,13.64000000,11887.92000000,13.683,13.683,13.666,13.666,0.4,13.66,13.7,13.63,13.63,7127.83,13.68397,13.68397,13.65,13.65,32.7435274
2025-12-07 14:05,13.636,13.7,13.636,13.699,3164.27,13.64000000,13.70000000,13.64000000,13.70000000,16855.26000000,13.689,13.689,13.689,13.689,36.53874269,13.63,13.7,13.63,13.69,4169.4,13.65,13.68387,13.64386,13.68387,142.53999644
2025-12-07 14:06,13.697,13.697,13.652,13.653,2534.68,13.69000000,13.69000000,13.65000000,13.65000000,4231.83000000,13.675,13.675,13.675,13.675,0.2,13.69,13.7,13.65,13.65,2478.21,13.68986,13.69267,13.67439,13.67439,3497.86459664
2025-12-07 14:07,13.653,13.683,13.653,13.668,1851.04,13.66000000,13.68000000,13.66000000,13.67000000,3203.51000000,,,,,,13.65,13.68,13.65,13.67,1922.44,13.66853,13.67279,13.66853,13.67279,7.38529009
2025-12-07 14:08,13.669,13.673,13.656,13.658,2999.01,13.66000000,13.68000000,13.66000000,13.66000000,1891.58000000,,,,,,13.67,13.68,13.65,13.67,860.88,13.6742,13.6742,13.6742,13.6742,0.51265
2025-12-07 14:09,13.657,13.657,13.613,13.617,3136.47,13.66000000,13.66000000,13.61000000,13.61000000,9055.29000000,13.656,13.656,13.642,13.642,1.8,13.67,13.67,13.61,13.62,5235.78,13.67105,13.67106,13.61318,13.63144,936.7667273200001
2025-12-07 14:10,13.617,13.641,13.615,13.639,2273.29,13.61000000,13.64000000,13.61000000,13.63000000,4626.40000000,,,,,,13.62,13.64,13.61,13.63,3248.34,13.62029,13.64028,13.62029,13.63744,238.80539212
2025-12-07 14:11,13.639,13.67,13.639,13.664,2469.43,13.64000000,13.67000000,13.64000000,13.66000000,4493.63000000,,,,,,13.63,13.67,13.63,13.67,2413.52,13.63745,13.66384,13.63745,13.66384,72.28286747
2025-12-07 14:12,13.66,13.66,13.628,13.631,2387.28,13.66000000,13.66000000,13.63000000,13.63000000,6306.70000000,,,,,,13.67,13.67,13.63,13.64,4067.61,,,,,0.0
2025-12-07 14:13,13.633,13.638,13.623,13.625,1223.7,13.63000000,13.64000000,13.62000000,13.62000000,4491.35000000,,,,,,13.64,13.64,13.62,13.62,3482.37,13.63151,13.63717,13.63149,13.63594,1023.0949855
2025-12-07 14:14,13.623,13.623,13.603,13.614,3371.28,13.62000000,13.62000000,13.60000000,13.61000000,6112.10000000,13.635,13.635,13.627,13.627,0.6000000000000001,13.62,13.63,13.6,13.62,2902.08,13.61793,13.61793,13.61335,13.6162,20.00820233
2025-12-07 14:15,13.613,13.646,13.612,13.631,1959.26,13.61000000,13.64000000,13.61000000,13.63000000,6167.44000000,,,,,,13.62,13.65,13.61,13.63,3681.79,13.6162,13.6466,13.6162,13.63141,86.81365407999999
2025-12-07 14:16,13.633,13.645,13.627,13.631,840.4,13.63000000,13.65000000,13.63000000,13.63000000,1465.47000000,,,,,,13.63,13.65,13.63,13.63,900.05,13.64033,13.64942,13.64033,13.6494,2.0227777
2025-12-07 14:17,13.628,13.628,13.575,13.581,5131.89,13.63000000,13.63000000,13.57000000,13.59000000,6252.69000000,13.623,13.623,13.617,13.617,0.4,13.63,13.64,13.57,13.58,5040.6,13.6162,13.6162,13.58975,13.58975,392.27748798000005
2025-12-07 14:18,13.583,13.615,13.522,13.534,13991.81,13.59000000,13.61000000,13.52000000,13.52000000,26983.44000000,13.577,13.577,13.577,13.577,0.2,13.58,13.62,13.52,13.54,14860.03,13.58974,13.58974,13.5341,13.54927,745.30962842
2025-12-07 14:19,13.532,13.575,13.498,13.56,18797.27,13.52000000,13.58000000,13.50000000,13.55000000,54551.54000000,13.543,13.571,13.543,13.571,0.4,13.54,13.58,13.51,13.55,41052.81,13.53001,13.5763,13.52166,13.57629,483.66803003
2025-12-07 14:20,13.559,13.596,13.512,13.534,60143.52,13.56000000,13.59000000,13.52000000,13.53000000,40955.24000000,13.571,13.571,13.556,13.556,0.4,13.55,13.6,13.53,13.54,24573.39,13.55709,13.58382,13.543,13.55,6879.74952971
2025-12-07 14:21,13.535,13.541,13.519,13.534,3433.02,13.53000000,13.55000000,13.52000000,13.54000000,6943.63000000,,,,,,13.54,13.55,13.52,13.54,4167.37,13.53002,13.53002,13.53002,13.53002,8.7057
2025-12-07 14:22,13.535,13.536,13.518,13.519,3721.01,13.54000000,13.54000000,13.52000000,13.52000000,4907.28000000,,,,,,13.54,13.54,13.52,13.52,4760.94,13.53568,13.53568,13.53463,13.53463,254.63679943
2025-12-07 14:23,13.526,13.53,13.504,13.522,2019.58,13.53000000,13.53000000,13.50000000,13.52000000,4096.68000000,,,,,,13.52,13.53,13.5,13.53,2267.06,13.51934,13.51988,13.51444,13.51444,2631.49235725
2025-12-07 14:24,13.521,13.521,13.382,13.416,14592.65,13.52000000,13.52000000,13.38000000,13.42000000,40407.74000000,13.516,13.516,13.443,13.443,3022.13953811,13.53,13.53,13.38,13.4,23232.01,13.51325,13.51325,13.39017,13.40022,675.67629097
2025-12-07 14:25,13.412,13.43,13.26,13.348,25588.76,13.42000000,13.43000000,13.27000000,13.34000000,157014.10000000,13.382,13.382,13.303,13.363,40.72,13.4,13.42,13.27,13.35,70353.05,13.40859,13.42011,13.2796,13.30321,5345.7167919700005
2025-12-07 14:26,13.337,13.381,13.279,13.37,9015.09,13.34000000,13.38000000,13.29000000,13.37000000,42019.46000000,13.343,13.343,13.343,13.343,0.2,13.35,13.38,13.29,13.37,31086.93,13.28664,13.37353,13.28664,13.35746,1514.36080623
2025-12-07 14:27,13.375,13.417,13.358,13.408,4497.02,13.38000000,13.43000000,13.36000000,13.41000000,21832.04000000,,,,,,13.37,13.42,13.36,13.42,13097.11,13.35985,13.40876,13.35882,13.40841,454.29683362000003
2025-12-07 14:28,13.409,13.43,13.393,13.396,2027.83,13.41000000,13.44000000,13.39000000,13.39000000,7576.95000000,13.429,13.429,13.429,13.429,0.2,13.42,13.44,13.4,13.41,4445.96,13.40242,13.42814,13.40242,13.42814,351.87663043000003
2025-12-07 14:29,13.394,13.416,13.369,13.369,1472.8,13.40000000,13.43000000,13.37000000,13.37000000,5701.29000000,13.402,13.402,13.399,13.399,0.6000000000000001,13.41,13.42,13.37,13.37,3521.55,13.40327,13.40327,13.38265,13.38265,10.31894
2025-12-07 14:30,13.369,13.386,13.348,13.348,3477.31,13.37000000,13.39000000,13.35000000,13.35000000,14150.54000000,13.379,13.379,13.379,13.379,0.2,13.37,13.4,13.35,13.35,8390.31,13.37912,13.37912,13.37419,13.37419,11.46986394
2025-12-07 14:31,13.345,13.365,13.325,13.326,1812.26,13.35000000,13.37000000,13.33000000,13.33000000,6045.88000000,13.366,13.366,13.356,13.356,0.6000000000000001,13.35,13.37,13.33,13.33,3774.09,13.35757,13.35757,13.35745,13.35745,3.3578078799999997
2025-12-07 14:32,13.325,13.337,13.313,13.318,4253.38,13.32000000,13.34000000,13.31000000,13.32000000,4018.05000000,,,,,,13.33,13.34,13.32,13.32,2444.84,13.32604,13.32604,13.31596,13.31596,160.88357635
2025-12-07 14:33,13.315,13.337,13.279,13.323,3804.04,13.32000000,13.33000000,13.28000000,13.33000000,9740.30000000,13.331,13.331,13.311,13.311,0.8,13.32,13.34,13.28,13.33,5871.65,13.31726,13.32832,13.28844,13.32832,203.62305704
2025-12-07 14:34,13.321,13.346,13.301,13.337,4096.72,13.32000000,13.35000000,13.31000000,13.34000000,18697.01000000,,,,,,13.33,13.35,13.3,13.33,11221.92,13.31707,13.3372,13.31707,13.3372,169.09211062
2025-12-07 14:35,13.336,13.392,13.323,13.392,4994.13,13.33000000,13.40000000,13.33000000,13.39000000,9480.36000000,,,,,,13.33,13.4,13.32,13.4,5896.06,13.3372,13.37661,13.3372,13.37661,79.47716613
2025-12-07 14:36,13.392,13.437,13.387,13.425,2435.15,13.39000000,13.44000000,13.39000000,13.43000000,10153.78000000,,,,,,13.4,13.44,13.39,13.43,6101.19,13.39735,13.41036,13.39735,13.41036,155.05708606
2025-12-07 14:37,13.418,13.418,13.368,13.378,4108.9,13.42000000,13.42000000,13.37000000,13.38000000,11597.30000000,,,,,,13.43,13.43,13.37,13.38,6580.01,13.41087,13.41087,13.38255,13.38634,580.9644612
2025-12-07 14:38,13.376,13.376,13.345,13.349,3459.52,13.38000000,13.38000000,13.34000000,13.35000000,2927.66000000,,,,,,13.38,13.38,13.34,13.34,2127.31,13.37836,13.37836,13.35947,13.36153,2049.67963637
2025-12-07 14:39,13.344,13.356,13.334,13.334,1209.09,13.35000000,13.37000000,13.33000000,13.34000000,1030.49000000,,,,,,13.34,13.37,13.33,13.33,602.17,13.36153,13.36606,13.35071,13.3527,102.51905647
2025-12-07 14:40,13.333,13.333,13.301,13.315,1849.64,13.33000000,13.33000000,13.30000000,13.31000000,3592.45000000,13.342,13.342,13.342,13.342,1061.74984948,13.33,13.34,13.3,13.31,1915.22,13.32042,13.32042,13.31515,13.31515,1478.02152479
2025-12-07 14:41,13.314,13.347,13.311,13.335,10762.43,13.32000000,13.35000000,13.32000000,13.34000000,19699.52000000,,,,,,13.31,13.35,13.31,13.34,11993.73,13.34021,13.35021,13.33721,13.33721,227.12148056
2025-12-07 14:42,13.332,13.339,13.3,13.309,8692.33,13.33000000,13.33000000,13.30000000,13.31000000,2866.03000000,,,,,,13.34,13.34,13.3,13.31,1721.8,13.33152,13.33152,13.33152,13.33152,7.50102014
2025-12-07 14:43,13.307,13.313,13.291,13.308,1298.98,13.31000000,13.32000000,13.29000000,13.32000000,5480.40000000,,,,,,13.31,13.32,13.29,13.31,3505.79,13.30264,13.30264,13.3,13.3,796.3185042599999
2025-12-07 14:44,13.31,13.322,13.303,13.303,3161.15,13.31000000,13.32000000,13.30000000,13.31000000,6056.37000000,,,,,,13.31,13.32,13.3,13.31,3417.11,13.31775,13.31775,13.31291,13.31291,15.934979470000002
2025-12-07 14:45,13.303,13.345,13.3,13.345,1548.88,13.30000000,13.34000000,13.30000000,13.34000000,2861.57000000,,,,,,13.31,13.35,13.3,13.35,2604.99,13.30805,13.33302,13.30805,13.33302,365.01255592
2025-12-07 14:46,13.346,13.346,13.3,13.302,2847.49,13.35000000,13.35000000,13.30000000,13.30000000,5295.29000000,,,,,,13.35,13.35,13.3,13.3,3677.16,13.33302,13.33302,13.33302,13.33302,9.082e-05
2025-12-07 14:47,13.3,13.31,13.283,13.298,2042.94,13.30000000,13.31000000,13.28000000,13.30000000,12289.45000000,13.309,13.309,13.309,13.309,0.4,13.3,13.31,13.28,13.3,6875.07,13.3,13.3,13.3,13.3,500.15984888
2025-12-07 14:48,13.297,13.311,13.295,13.308,379.14,13.30000000,13.31000000,13.30000000,13.31000000,821.95000000,,,,,,13.3,13.31,13.29,13.3,493.05,,,,,0.0
2025-12-07 14:49,13.306,13.358,13.306,13.345,1459.32,13.31000000,13.36000000,13.31000000,13.35000000,4662.12000000,,,,,,13.3,13.36,13.3,13.34,2784.76,13.3201,13.32743,13.3201,13.32743,5.63609376
2025-12-07 14:50,13.344,13.344,13.329,13.334,1471.65,13.35000000,13.35000000,13.32000000,13.33000000,2141.65000000,,,,,,13.34,13.35,13.32,13.34,1296.11,13.33154,13.33154,13.33154,13.33154,2.46406
2025-12-07 14:51,13.332,13.332,13.305,13.309,921.88,13.34000000,13.34000000,13.30000000,13.31000000,581.21000000,,,,,,13.34,13.34,13.3,13.31,347.16,13.33509,13.33509,13.32706,13.32706,21043.90583473
2025-12-07 14:52,13.306,13.315,13.304,13.307,598.27,13.31000000,13.32000000,13.30000000,13.31000000,1691.15000000,,,,,,13.31,13.32,13.3,13.3,1016.26,13.313,13.313,13.313,13.313,112.0
2025-12-07 14:53,13.306,13.309,13.287,13.298,4089.46,13.31000000,13.31000000,13.29000000,13.29000000,6036.17000000,,,,,,13.3,13.31,13.28,13.29,3622.41,13.31301,13.31301,13.313,13.313,5340.90393739
2025-12-07 14:54,13.3,13.31,13.246,13.262,8001.66,13.30000000,13.31000000,13.25000000,13.26000000,9085.91000000,13.302,13.302,13.291,13.291,0.6000000000000001,13.29,13.31,13.25,13.26,5453.18,13.29,13.29,13.24989,13.24989,465.35535377
2025-12-07 14:55,13.261,13.267,13.245,13.253,7477.21,13.26000000,13.27000000,13.24000000,13.25000000,8440.13000000,,,,,,13.26,13.27,13.24,13.25,5061.63,,,,,0.0
2025-12-07 14:56,13.249,13.254,13.224,13.23,7986.84,13.25000000,13.25000000,13.22000000,13.22000000,9198.60000000,13.249,13.249,13.241,13.243,0.6000000000000001,13.25,13.25,13.22,13.23,5549.61,13.24971,13.24971,13.23111,13.24971,8049.41358766
2025-12-07 14:57,13.232,13.244,13.225,13.241,3050.86,13.23000000,13.24000000,13.22000000,13.23000000,7313.60000000,,,,,,13.23,13.24,13.22,13.24,4428.69,13.24097,13.24097,13.24097,13.24097,7.40423
2025-12-07 14:58,13.239,13.254,13.233,13.249,5993.58,13.23000000,13.25000000,13.22000000,13.25000000,7867.89000000,,,,,,13.24,13.25,13.22,13.25,4703.66,13.23335,13.23335,13.23335,13.23335,0.13707495
2025-12-07 14:59,13.25,13.253,13.24,13.247,3450.34,13.24000000,13.25000000,13.23000000,13.24000000,3456.10000000,,,,,,13.25,13.25,13.23,13.25,2034.79,13.24633,13.25173,13.24524,13.25173,20.8075091
2025-12-07 15:00,13.244,13.248,13.23,13.245,4191.97,13.23000000,13.24000000,13.22000000,13.23000000,4919.17000000,,,,,,13.25,13.25,13.22,13.23,2858.8,13.2483,13.2483,13.22162,13.23736,771.71206715
2025-12-07 15:01,13.246,13.26,13.229,13.229,5997.68,13.23000000,13.26000000,13.23000000,13.24000000,6838.38000000,,,,,,13.23,13.26,13.23,13.24,5931.06,13.23673,13.24933,13.23669,13.24933,17.441805770000002
2025-12-07 15:02,13.231,13.256,13.231,13.249,3642.12,13.23000000,13.25000000,13.22000000,13.24000000,1512.62000000,,,,,,13.24,13.25,13.22,13.24,1643.46,13.24411,13.24411,13.24268,13.24268,41.90506191
2025-12-07 15:03,13.248,13.248,13.222,13.227,2606.03,13.24000000,13.24000000,13.21000000,13.23000000,1439.02000000,13.241,13.241,13.239,13.239,0.6000000000000001,13.24,13.24,13.21,13.23,863.17,13.23625,13.23625,13.22,13.22,23.79383326
2025-12-07 15:04,13.226,13.228,13.184,13.201,11456.79,13.22000000,13.22000000,13.17000000,13.19000000,12717.37000000,13.235,13.235,13.235,13.235,0.2,13.23,13.23,13.17,13.21,7423.5,13.231,13.231,13.18296,13.19101,639.69985293
2025-12-07 15:05,13.203,13.251,13.201,13.251,1942.43,13.20000000,13.25000000,13.20000000,13.25000000,6525.23000000,,,,,,13.21,13.25,13.2,13.25,4039.65,13.20622,13.23,13.2061,13.23,856.99378694
2025-12-07 15:06,13.253,13.286,13.253,13.28,3314.66,13.25000000,13.29000000,13.25000000,13.28000000,6336.70000000,,,,,,13.25,13.29,13.24,13.27,3798.87,13.24457,13.28107,13.24457,13.2802,28.97722103
2025-12-07 15:07,13.281,13.404,13.281,13.348,21138.32,13.28000000,13.40000000,13.28000000,13.35000000,25479.25000000,13.389,13.389,13.389,13.389,23.4,13.27,13.41,13.27,13.34,14807.16,13.29252,13.37954,13.29252,13.35928,31.08553629
2025-12-07 15:08,13.346,13.37,13.332,13.332,2990.68,13.34000000,13.36000000,13.33000000,13.34000000,12738.65000000,,,,,,13.34,13.37,13.33,13.34,9011.9,13.36207,13.36207,13.35202,13.35202,11.55252293
2025-12-07 15:09,13.33,13.403,13.325,13.376,2165.52,13.33000000,13.41000000,13.33000000,13.37000000,4898.96000000,13.346,13.405,13.346,13.405,1.0,13.34,13.41,13.32,13.37,2939.03,13.34071,13.39739,13.34071,13.39738,36.81026876
2025-12-07 15:10,13.382,13.399,13.349,13.374,5450.46,13.38000000,13.40000000,13.35000000,13.38000000,6778.16000000,,,,,,13.37,13.4,13.35,13.37,4528.98,13.38778,13.38778,13.35879,13.37172,4149.91622088
2025-12-07 15:11,13.373,13.398,13.358,13.386,2814.63,13.38000000,13.39000000,13.36000000,13.38000000,3392.09000000,13.379,13.379,13.379,13.379,0.2,13.37,13.4,13.36,13.4,2032.04,13.37559,13.4037,13.37559,13.4037,105.69072596000001
2025-12-07 15:12,13.387,13.456,13.385,13.431,4176.51,13.39000000,13.45000000,13.39000000,13.43000000,4864.13000000,13.394,13.421,13.394,13.421,0.4,13.4,13.46,13.38,13.44,2920.05,13.4066,13.46519,13.4066,13.46519,2185.1962634
2025-12-07 15:13,13.428,13.451,13.392,13.399,16151.65,13.43000000,13.43000000,13.39000000,13.40000000,9176.09000000,,,,,,13.44,13.44,13.38,13.4,5482.03,13.44066,13.44066,13.39561,13.39561,1558.46118896
2025-12-07 15:14,13.399,13.416,13.39,13.391,1009.29,13.40000000,13.41000000,13.38000000,13.38000000,1671.80000000,,,,,,13.4,13.41,13.38,13.39,1025.75,13.40685,13.40693,13.38328,13.40115,1386.17940038
2025-12-07 15:15,13.39,13.425,13.386,13.413,4535.72,13.39000000,13.42000000,13.38000000,13.42000000,5858.24000000,13.417,13.417,13.417,13.417,0.2,13.39,13.43,13.38,13.41,3374.12,13.39758,13.41569,13.39758,13.4122,17.45098734
2025-12-07 15:16,13.415,13.421,13.336,13.344,3504.71,13.42000000,13.42000000,13.33000000,13.34000000,3395.62000000,,,,,,13.41,13.42,13.33,13.35,2584.46,13.383,13.383,13.34139,13.34139,91.05145987
2025-12-07 15:17,13.347,13.352,13.328,13.333,1710.22,13.35000000,13.35000000,13.32000000,13.33000000,3531.60000000,,,,,,13.35,13.35,13.32,13.33,2118.44,13.34846,13.34846,13.333,13.33634,27.91851235
2025-12-07 15:18,13.335,13.349,13.327,13.34,1925.76,13.34000000,13.35000000,13.33000000,13.33000000,2516.42000000,,,,,,13.33,13.35,13.32,13.34,1508.41,13.33563,13.34841,13.33563,13.34841,9.32317035
2025-12-07 15:19,13.34,13.346,13.327,13.329,1525.03,13.34000000,13.34000000,13.32000000,13.33000000,7174.37000000,,,,,,13.34,13.35,13.32,13.32,4300.2,13.34781,13.34781,13.34781,13.34781,21.92787
2025-12-07 15:20,13.328,13.351,13.322,13.345,2125.46,13.32000000,13.35000000,13.32000000,13.34000000,3851.82000000,,,,,,13.32,13.35,13.31,13.32,2283.58,13.34505,13.34505,13.33,13.33,40.45470453
2025-12-07 15:21,13.342,13.366,13.342,13.347,901.4,13.34000000,13.36000000,13.34000000,13.35000000,1479.85000000,,,,,,13.32,13.37,13.32,13.35,887.12,13.35217,13.35748,13.35217,13.35748,10.33617683
2025-12-07 15:22,13.348,13.367,13.348,13.359,1037.08,13.35000000,13.37000000,13.34000000,13.36000000,2131.85000000,,,,,,13.35,13.37,13.34,13.36,1277.75,,,,,0.0
2025-12-07 15:23,13.36,13.37,13.354,13.354,1756.7,13.36000000,13.36000000,13.35000000,13.36000000,325.67000000,,,,,,13.36,13.37,13.35,13.35,197.57,13.36205,13.37085,13.3615,13.3615,12.85764
2025-12-07 15:24,13.353,13.353,13.326,13.34,2101.08,13.35000000,13.36000000,13.33000000,13.33000000,1769.09000000,,,,,,13.35,13.36,13.32,13.33,1061.69,13.33056,13.33056,13.33056,13.33056,5.29639
2025-12-07 15:25,13.341,13.365,13.337,13.344,954.82,13.34000000,13.36000000,13.33000000,13.33000000,1047.80000000,,,,,,13.33,13.36,13.33,13.33,244,13.34217,13.34217,13.34217,13.34217,0.0726
2025-12-07 15:26,13.342,13.346,13.332,13.346,658.6,13.34000000,13.34000000,13.33000000,13.34000000,269.16000000,,,,,,13.33,13.35,13.33,13.35,161.44,13.34055,13.35001,13.33452,13.35001,164.43210772999998
2025-12-07 15:27,13.347,13.352,13.34,13.345,382.18,13.34000000,13.34000000,13.33000000,13.34000000,229.53000000,,,,,,13.35,13.35,13.33,13.35,135.43,13.35404,13.35404,13.34149,13.34588,241.56602124
2025-12-07 15:28,13.344,13.347,13.323,13.33,1344.95,13.35000000,13.35000000,13.32000000,13.33000000,546.91000000,,,,,,13.35,13.35,13.32,13.32,330.45,,,,,0.0
2025-12-07 15:29,13.328,13.333,13.322,13.326,1038.97,13.33000000,13.33000000,13.32000000,13.33000000,3118.56000000,,,,,,13.32,13.33,13.31,13.32,1871.66,13.33,13.33,13.33,13.33,93.0
2025-12-07 15:30,13.328,13.347,13.322,13.342,2865.31,13.33000000,13.35000000,13.31000000,13.34000000,1668.70000000,,,,,,13.32,13.35,13.32,13.34,955.42,13.33001,13.33001,13.33,13.33,37.70376032
2025-12-07 15:31,13.341,13.365,13.341,13.364,855.66,13.34000000,13.36000000,13.34000000,13.36000000,1042.57000000,,,,,,13.34,13.36,13.33,13.36,667.53,13.34207,13.34831,13.34207,13.34831,2.97227068
2025-12-07 15:32,13.366,13.374,13.338,13.347,4049.23,13.37000000,13.37000000,13.33000000,13.35000000,3880.26000000,,,,,,13.36,13.37,13.33,13.34,2331.93,13.35816,13.35816,13.34427,13.34427,5.30138422
2025-12-07 15:33,13.35,13.368,13.342,13.368,526.03,13.35000000,13.37000000,13.34000000,13.37000000,1040.97000000,,,,,,13.34,13.36,13.33,13.36,848.03,13.36568,13.36568,13.36568,13.36568,357.36736577
2025-12-07 15:34,13.367,13.417,13.366,13.412,1544.82,13.37000000,13.41000000,13.37000000,13.41000000,4877.16000000,,,,,,13.36,13.42,13.36,13.41,2897.7,13.365,13.4032,13.365,13.4032,13.79142551
2025-12-07 15:35,13.409,13.442,13.402,13.432,2372.47,13.41000000,13.44000000,13.39000000,13.43000000,3634.98000000,13.424,13.424,13.424,13.424,0.2,13.41,13.45,13.39,13.42,2092.42,13.41454,13.42968,13.41454,13.42968,593.9498354
2025-12-07 15:36,13.433,13.441,13.415,13.434,3796.49,13.44000000,13.44000000,13.42000000,13.43000000,3242.40000000,13.439,13.439,13.439,13.439,37.24664679,13.42,13.44,13.41,13.44,3567.48,13.43223,13.43223,13.41298,13.41298,52.24664679
2025-12-07 15:37,13.43,13.45,13.422,13.438,1241.99,13.43000000,13.44000000,13.42000000,13.44000000,4326.15000000,,,,,,13.44,13.45,13.41,13.43,2595.78,13.42875,13.43224,13.42875,13.43224,8000.08330378
2025-12-07 15:38,13.437,13.45,13.431,13.45,2419.43,13.43000000,13.45000000,13.42000000,13.44000000,3238.68000000,13.444,13.444,13.444,13.444,0.2,13.43,13.45,13.42,13.44,1371.27,13.43794,13.43934,13.43401,13.43909,237.02848778999999
2025-12-07 15:39,13.444,13.446,13.373,13.377,2064.03,13.45000000,13.45000000,13.37000000,13.38000000,7953.49000000,,,,,,13.44,13.45,13.37,13.37,5345.35,13.403,13.403,13.388,13.388,2000.0
2025-12-07 15:40,13.377,13.393,13.368,13.378,1531.3,13.37000000,13.39000000,13.37000000,13.38000000,7548.61000000,,,,,,13.37,13.39,13.36,13.37,4471.03,13.38139,13.38466,13.37607,13.38466,127.01379
2025-12-07 15:41,13.374,13.4,13.373,13.391,1597.81,13.37000000,13.40000000,13.36000000,13.39000000,2718.60000000,,,,,,13.37,13.4,13.36,13.4,1631.22,,,,,0.0
2025-12-07 15:42,13.392,13.398,13.379,13.379,2269.13,13.40000000,13.40000000,13.37000000,13.37000000,5581.74000000,,,,,,13.4,13.4,13.37,13.37,3349.34,13.39269,13.39753,13.38102,13.38102,2172.57675922
2025-12-07 15:43,13.379,13.383,13.369,13.369,2598.39,13.38000000,13.38000000,13.36000000,13.36000000,18509.21000000,,,,,,13.37,13.39,13.36,13.37,10600.06,13.37976,13.37976,13.37976,13.37976,1.04333
2025-12-07 15:44,13.367,13.378,13.367,13.376,527.07,13.37000000,13.38000000,13.36000000,13.38000000,518.89000000,,,,,,13.37,13.38,13.36,13.38,817.36,13.38267,13.38267,13.38267,13.38267,1.46517
2025-12-07 15:45,13.378,13.379,13.367,13.369,651.87,13.37000000,13.38000000,13.36000000,13.37000000,2389.04000000,,,,,,13.38,13.38,13.37,13.37,399.34,13.3765,13.37778,13.3765,13.37778,32.796350000000004
2025-12-07 15:46,13.374,13.395,13.374,13.395,639.83,13.38000000,13.39000000,13.37000000,13.39000000,1446.76000000,,,,,,13.37,13.4,13.37,13.4,1875.36,,,,,0.0
2025-12-07 15:47,13.395,13.405,13.384,13.394,531.72,13.40000000,13.40000000,13.38000000,13.39000000,772.51000000,,,,,,13.4,13.41,13.38,13.4,463.39,13.38981,13.39337,13.38981,13.39337,4.0932
2025-12-07 15:48,13.398,13.407,13.365,13.367,1218.11,13.40000000,13.40000000,13.36000000,13.36000000,3348.37000000,,,,,,13.4,13.41,13.36,13.36,1316.91,13.39337,13.39337,13.39337,13.39337,5.491e-05
2025-12-07 15:49,13.37,13.392,13.37,13.392,1130.29,13.37000000,13.39000000,13.37000000,13.39000000,2145.49000000,,,,,,13.36,13.4,13.36,13.4,1976.02,,,,,0.0
2025-12-07 15:50,13.394,13.406,13.392,13.398,542.85,13.39000000,13.41000000,13.39000000,13.39000000,2080.97000000,,,,,,13.4,13.41,13.39,13.4,1231.86,,,,,0.0
2025-12-07 15:51,13.398,13.407,13.398,13.407,250.06,13.40000000,13.41000000,13.39000000,13.40000000,152.09000000,,,,,,13.4,13.41,13.39,13.41,92.6,,,,,0.0
2025-12-07 15:52,13.408,13.434,13.408,13.433,1904.57,13.41000000,13.43000000,13.40000000,13.43000000,5661.47000000,,,,,,13.41,13.44,13.41,13.43,2942.67,13.41501,13.42,13.41501,13.42,3014.42304107
2025-12-07 15:53,13.431,13.454,13.419,13.454,1327.76,13.43000000,13.45000000,13.41000000,13.45000000,3262.54000000,,,,,,13.43,13.46,13.41,13.46,2569.04,13.42,13.44127,13.42,13.44127,7996.748836489999
2025-12-07 15:54,13.455,13.501,13.455,13.485,2103.72,13.46000000,13.50000000,13.46000000,13.49000000,8346.77000000,13.458,13.476,13.458,13.476,0.4,13.46,13.5,13.46,13.49,5007.42,13.44549,13.49133,13.44549,13.49133,1818.79289362
2025-12-07 15:55,13.487,13.616,13.485,13.608,6447.51,13.49000000,13.61000000,13.48000000,13.61000000,34638.99000000,13.497,13.598,13.497,13.598,0.6000000000000001,13.49,13.61,13.48,13.6,24746.54,13.49078,13.60204,13.47878,13.60204,6604.00540939
2025-12-07 15:56,13.614,13.62,13.563,13.571,4089.02,13.61000000,13.62000000,13.56000000,13.57000000,8545.84000000,,,,,,13.6,13.61,13.56,13.57,4156.4,13.60336,13.62868,13.56,13.57019,7110.66029434
2025-12-07 15:57,13.57,13.671,13.566,13.606,8240.42,13.57000000,13.67000000,13.57000000,13.61000000,26228.35000000,13.6,13.613,13.6,13.613,0.6000000000000001,13.57,13.67,13.56,13.61,16651.86,13.58026,13.66079,13.58026,13.6125,4852.46246532
2025-12-07 15:58,13.603,13.625,13.576,13.59,6556.06,13.61000000,13.63000000,13.57000000,13.58000000,14729.46000000,,,,,,13.61,13.63,13.57,13.59,8894.66,13.60907,13.60907,13.58301,13.58548,88.84450402
2025-12-07 15:59,13.587,13.626,13.585,13.609,6313.44,13.59000000,13.63000000,13.58000000,13.61000000,30834.66000000,13.598,13.618,13.598,13.618,0.4,13.59,13.63,13.58,13.61,18394.43,13.58301,13.61336,13.58301,13.61336,18.29749003
2025-12-07 16:00,13.608,13.608,13.579,13.601,7117.79,13.60000000,13.61000000,13.57000000,13.59000000,17954.88000000,,,,,,13.61,13.61,13.58,13.59,10887.15,13.62121,13.62121,13.59703,13.59709,410.30902123
2025-12-07 16:01,13.6,13.616,13.591,13.601,3158.89,13.60000000,13.61000000,13.59000000,13.59000000,3701.99000000,,,,,,13.59,13.61,13.58,13.59,2221.85,13.61487,13.61763,13.61487,13.61763,981.68301182
2025-12-07 16:02,13.603,13.61,13.552,13.558,2476.86,13.60000000,13.60000000,13.55000000,13.55000000,4518.44000000,,,,,,13.59,13.61,13.55,13.55,2741.73,,,,,0.0
2025-12-07 16:03,13.558,13.561,13.539,13.554,2040.39,13.55000000,13.55000000,13.53000000,13.55000000,3048.81000000,,,,,,13.55,13.56,13.53,13.55,2430,13.54752,13.55957,13.54752,13.55957,99.13279979
2025-12-07 16:04,13.554,13.573,13.552,13.558,1834.38,13.55000000,13.58000000,13.55000000,13.55000000,2465.86000000,,,,,,13.55,13.58,13.55,13.57,1049.49,,,,,0.0
2025-12-07 16:05,13.556,13.566,13.547,13.559,1658.13,13.55000000,13.56000000,13.54000000,13.55000000,1510.72000000,,,,,,13.57,13.57,13.54,13.55,916.56,13.555,13.56279,13.555,13.56279,61.690322890000004
2025-12-07 16:06,13.558,13.558,13.513,13.53,2033.64,13.55000000,13.55000000,13.51000000,13.53000000,1190.87000000,,,,,,13.55,13.55,13.51,13.52,714.65,13.5301,13.54486,13.52198,13.52198,8025.81398523
2025-12-07 16:07,13.531,13.537,13.514,13.516,701.52,13.53000000,13.54000000,13.51000000,13.51000000,3695.79000000,,,,,,13.52,13.54,13.51,13.51,2218.22,,,,,0.0
2025-12-07 16:08,13.513,13.523,13.513,13.513,711.68,13.52000000,13.52000000,13.51000000,13.51000000,597.40000000,,,,,,13.51,13.53,13.51,13.51,358.38,13.52166,13.52246,13.51527,13.51527,7.7777376
2025-12-07 16:09,13.514,13.519,13.472,13.477,1914.1,13.52000000,13.52000000,13.47000000,13.48000000,5145.60000000,,,,,,13.51,13.51,13.46,13.47,3166.41,13.5156,13.5156,13.483,13.483,126.58915683999999
2025-12-07 16:10,13.479,13.502,13.479,13.491,2145.63,13.48000000,13.50000000,13.48000000,13.49000000,4636.55000000,,,,,,13.47,13.5,13.47,13.49,2718.53,13.49373,13.49373,13.49373,13.49373,0.2395
2025-12-07 16:11,13.493,13.501,13.486,13.489,1002.65,13.48000000,13.50000000,13.48000000,13.49000000,1002.22000000,,,,,,13.49,13.5,13.48,13.49,595.48,,,,,0.0
2025-12-07 16:12,13.489,13.513,13.482,13.511,721.55,13.48000000,13.50000000,13.47000000,13.50000000,1048.95000000,,,,,,13.49,13.51,13.47,13.5,629.4,13.5065,13.5065,13.5065,13.5065,0.87057
2025-12-07 16:13,13.511,13.532,13.5,13.5,2212.09,13.51000000,13.53000000,13.49000000,13.49000000,1534.98000000,,,,,,13.5,13.53,13.49,13.49,921.28,13.5065,13.52648,13.5065,13.52648,2.23023057
2025-12-07 16:14,13.498,13.503,13.494,13.501,885.68,13.49000000,13.50000000,13.49000000,13.50000000,366.26000000,,,,,,13.49,13.5,13.49,13.5,219.67,13.5065,13.5065,13.5065,13.5065,0.2
2025-12-07 16:15,13.501,13.507,13.47,13.491,1723.36,13.50000000,13.50000000,13.47000000,13.49000000,2787.62000000,,,,,,13.5,13.51,13.46,13.48,1672.5,13.51347,13.5135,13.48158,13.48158,370.47687297000004
2025-12-07 16:16,13.492,13.518,13.489,13.518,1014.51,13.49000000,13.52000000,13.48000000,13.52000000,3521.42000000,,,,,,13.48,13.52,13.48,13.52,2113.07,13.51607,13.51607,13.50768,13.50768,10.51268
2025-12-07 16:17,13.518,13.531,13.515,13.531,633.74,13.52000000,13.53000000,13.51000000,13.52000000,426.06000000,,,,,,13.52,13.53,13.51,13.52,255.64,13.51692,13.51692,13.51489,13.51489,13.61125774
2025-12-07 16:18,13.53,13.585,13.53,13.567,6406.88,13.53000000,13.59000000,13.53000000,13.56000000,11337.37000000,,,,,,13.52,13.59,13.52,13.56,6802.1,13.52449,13.58337,13.52449,13.58337,2022.09946902
2025-12-07 16:19,13.565,13.592,13.556,13.561,13978.06,13.56000000,13.60000000,13.55000000,13.57000000,30694.95000000,13.59,13.59,13.59,13.59,10.438611,13.56,13.59,13.56,13.57,18433.23,,,,,0.0
2025-12-07 16:20,13.56,13.586,13.556,13.571,6757.39,13.56000000,13.59000000,13.55000000,13.57000000,23130.16000000,,,,,,13.57,13.59,13.55,13.58,14097.79,13.57098,13.57944,13.57098,13.57944,256.50128539
2025-12-07 16:21,13.574,13.576,13.555,13.562,1808.85,13.58000000,13.58000000,13.55000000,13.57000000,1801.30000000,,,,,,13.58,13.58,13.56,13.57,857.46,,,,,0.0
2025-12-07 16:22,13.561,13.577,13.552,13.572,1403.93,13.56000000,13.58000000,13.55000000,13.57000000,2053.11000000,,,,,,13.57,13.58,13.55,13.57,1232.14,13.57725,13.57725,13.57065,13.57065,150.75666644
2025-12-07 16:23,13.57,13.577,13.561,13.574,538.19,13.57000000,13.57000000,13.56000000,13.57000000,1869.96000000,,,,,,13.57,13.58,13.56,13.57,1122.26,13.57497,13.5766,13.57491,13.5766,12.8793763
2025-12-07 16:24,13.571,13.58,13.558,13.558,1172.95,13.57000000,13.58000000,13.56000000,13.56000000,1223.15000000,,,,,,13.57,13.58,13.56,13.57,734.07,13.57065,13.57065,13.56921,13.57057,265.0
2025-12-07 16:25,13.559,13.575,13.559,13.564,969.22,13.57000000,13.57000000,13.56000000,13.56000000,575.42000000,,,,,,13.57,13.58,13.56,13.56,302.5,,,,,0.0
2025-12-07 16:26,13.562,13.563,13.549,13.556,673.43,13.56000000,13.57000000,13.55000000,13.56000000,929.53000000,,,,,,13.56,13.57,13.55,13.56,557.53,13.54997,13.55758,13.54997,13.55373,2.73801658
2025-12-07 16:27,13.558,13.568,13.553,13.568,635.78,13.57000000,13.57000000,13.55000000,13.57000000,897.87000000,,,,,,13.56,13.58,13.55,13.58,538.88,13.56133,13.56133,13.56003,13.56003,13.8951133
2025-12-07 16:28,13.57,13.572,13.562,13.567,227.0,13.57000000,13.57000000,13.56000000,13.57000000,518.04000000,,,,,,13.58,13.58,13.56,13.57,639.79,,,,,0.0
2025-12-07 16:29,13.566,13.569,13.564,13.568,258.53,13.57000000,13.57000000,13.56000000,13.57000000,472.30000000,,,,,,13.57,13.57,13.56,13.56,1001.3,,,,,0.0
2025-12-07 16:30,13.568,13.57,13.56,13.57,152.99,13.57000000,13.57000000,13.56000000,13.57000000,767.21000000,,,,,,13.56,13.58,13.56,13.58,631.77,,,,,0.0
2025-12-07 16:31,13.57,13.57,13.541,13.545,1336.88,13.57000000,13.58000000,13.54000000,13.55000000,828.98000000,,,,,,13.58,13.58,13.54,13.55,506.11,13.56,13.56,13.56,13.56,59.0005
2025-12-07 16:32,13.549,13.555,13.529,13.543,2555.49,13.55000000,13.55000000,13.53000000,13.55000000,3151.76000000,,,,,,13.55,13.56,13.53,13.55,1888.57,,,,,0.0
2025-12-07 16:33,13.548,13.563,13.543,13.563,700.06,13.55000000,13.57000000,13.54000000,13.57000000,1234.09000000,,,,,,13.55,13.57,13.54,13.57,1050.1,,,,,0.0
2025-12-07 16:34,13.563,13.567,13.555,13.555,2343.68,13.56000000,13.57000000,13.55000000,13.55000000,2753.46000000,,,,,,13.57,13.57,13.55,13.55,1652.32,13.55914,13.56386,13.55914,13.56386,4.19186993
2025-12-07 16:35,13.554,13.554,13.542,13.545,691.47,13.55000000,13.55000000,13.54000000,13.54000000,11.22000000,,,,,,13.55,13.55,13.54,13.55,7.07,13.549,13.549,13.549,13.549,0.60807
2025-12-07 16:36,13.549,13.601,13.549,13.59,1740.44,13.54000000,13.60000000,13.54000000,13.58000000,1910.77000000,,,,,,13.55,13.6,13.54,13.59,1450.88,13.549,13.5856,13.549,13.5856,420.08037974999996
2025-12-07 16:37,13.588,13.588,13.559,13.567,1745.52,13.58000000,13.58000000,13.56000000,13.56000000,979.46000000,,,,,,13.59,13.59,13.55,13.56,944.41,13.58244,13.58482,13.58094,13.58094,829.1063423300001
2025-12-07 16:38,13.568,13.573,13.559,13.568,2235.49,13.57000000,13.57000000,13.55000000,13.57000000,902.97000000,,,,,,13.56,13.57,13.55,13.56,541.9,,,,,0.0
2025-12-07 16:39,13.567,13.579,13.562,13.577,503.23,13.56000000,13.57000000,13.55000000,13.57000000,384.16000000,,,,,,13.56,13.58,13.56,13.58,230.48,13.57119,13.57119,13.57119,13.57119,2.0
2025-12-07 16:40,13.577,13.577,13.549,13.55,2057.57,13.57000000,13.57000000,13.55000000,13.55000000,1708.95000000,,,,,,13.58,13.58,13.56,13.56,2067.29,,,,,0.0
2025-12-07 16:41,13.551,13.554,13.538,13.548,1950.97,13.55000000,13.55000000,13.53000000,13.55000000,1145.97000000,,,,,,13.56,13.56,13.54,13.54,1167.13,13.54992,13.54992,13.54992,13.54992,2.15925
2025-12-07 16:42,13.547,13.548,13.539,13.547,137.99,13.55000000,13.55000000,13.53000000,13.55000000,602.21000000,,,,,,13.54,13.55,13.53,13.54,628.02,,,,,0.0
2025-12-07 16:43,13.55,13.562,13.55,13.558,434.85,13.55000000,13.56000000,13.54000000,13.56000000,306.13000000,,,,,,13.54,13.56,13.54,13.56,488.64,13.54738,13.54835,13.54738,13.54835,1982.31563308
2025-12-07 16:44,13.557,13.563,13.546,13.546,642.22,13.56000000,13.56000000,13.55000000,13.56000000,512.46000000,,,,,,13.56,13.56,13.55,13.55,420.08,13.54835,13.5584,13.54835,13.5584,64.93080917
2025-12-07 16:45,13.545,13.553,13.543,13.549,123.54,13.55000000,13.55000000,13.54000000,13.55000000,187.93000000,,,,,,13.55,13.55,13.54,13.55,479.28,13.55954,13.55954,13.55784,13.55951,9.89265168
2025-12-07 16:46,13.549,13.563,13.549,13.557,163.59,13.55000000,13.56000000,13.55000000,13.55000000,101.10000000,,,,,,13.55,13.56,13.55,13.56,397.14,13.55118,13.55118,13.55118,13.55118,63.38895504
2025-12-07 16:47,13.559,13.562,13.549,13.549,449.23,13.56000000,13.56000000,13.54000000,13.54000000,462.56000000,,,,,,13.56,13.57,13.54,13.54,277.54,,,,,0.0
2025-12-07 16:48,13.55,13.557,13.54,13.54,354.42,13.55000000,13.56000000,13.53000000,13.53000000,886.29000000,,,,,,13.54,13.56,13.54,13.54,480,,,,,0.0
2025-12-07 16:49,13.538,13.547,13.535,13.539,863.31,13.54000000,13.55000000,13.54000000,13.54000000,108.47000000,,,,,,13.54,13.54,13.53,13.53,625.09,13.54189,13.54189,13.54189,13.54189,0.34204719
2025-12-07 16:50,13.539,13.557,13.537,13.557,1891.13,13.54000000,13.55000000,13.54000000,13.55000000,50.79000000,,,,,,13.53,13.55,13.53,13.54,29.79,,,,,0.0
2025-12-07 16:51,13.551,13.569,13.549,13.569,367.88,13.55000000,13.56000000,13.55000000,13.56000000,1070.60000000,,,,,,13.54,13.57,13.54,13.56,1300.83,13.53928,13.55778,13.53928,13.55778,85.47396277
2025-12-07 16:52,13.563,13.563,13.552,13.552,203.65,13.57000000,13.57000000,13.55000000,13.56000000,188.43000000,,,,,,13.56,13.57,13.55,13.56,397.72,13.5558,13.55701,13.5558,13.55701,150.0
2025-12-07 16:53,13.555,13.556,13.544,13.549,342.3,13.55000000,13.55000000,13.54000000,13.54000000,371.52000000,,,,,,13.56,13.56,13.54,13.54,219,,,,,0.0
2025-12-07 16:54,13.544,13.554,13.544,13.554,169.62,13.54000000,13.55000000,13.54000000,13.55000000,36.32000000,,,,,,13.54,13.55,13.54,13.55,274.81,13.54816,13.54816,13.54816,13.54816,0.58181
2025-12-07 16:55,13.554,13.56,13.541,13.56,1154.79,13.56000000,13.56000000,13.54000000,13.56000000,193.29000000,,,,,,13.55,13.56,13.54,13.56,112.56,13.54387,13.54387,13.54386,13.54386,22.183500000000002
2025-12-07 16:56,13.557,13.584,13.557,13.584,614.23,13.56000000,13.58000000,13.55000000,13.58000000,617.28000000,,,,,,13.56,13.58,13.55,13.58,344.27,13.55013,13.57247,13.55013,13.57247,63.68121899
2025-12-07 16:57,13.585,13.619,13.585,13.613,1757.92,13.59000000,13.62000000,13.59000000,13.61000000,1849.75000000,13.609,13.609,13.609,13.609,0.2,13.58,13.62,13.58,13.6,1137.2,13.59835,13.59835,13.59835,13.59835,0.61895818
2025-12-07 16:58,13.61,13.645,13.601,13.633,1952.33,13.61000000,13.65000000,13.59000000,13.64000000,1481.35000000,13.613,13.627,13.613,13.627,0.8,13.6,13.64,13.59,13.64,992.28,13.60898,13.62609,13.60754,13.62609,40.93395183
2025-12-07 16:59,13.633,13.68,13.633,13.679,2878.22,13.63000000,13.68000000,13.63000000,13.68000000,1621.67000000,13.667,13.667,13.667,13.667,0.2,13.64,13.67,13.63,13.67,2672.36,13.63286,13.66903,13.63286,13.66903,55.00066957
2025-12-07 17:00,13.676,13.684,13.647,13.666,3159.82,13.67000000,13.69000000,13.64000000,13.67000000,7769.34000000,,,,,,13.67,13.68,13.64,13.67,5169.71,13.67593,13.67593,13.66255,13.66483,58.891659159999996
2025-12-07 17:01,13.666,13.666,13.618,13.63,3755.34,13.66000000,13.66000000,13.61000000,13.63000000,7608.86000000,,,,,,13.67,13.67,13.63,13.63,7311.78,13.63559,13.63559,13.63559,13.63559,24.4214
2025-12-07 17:02,13.624,13.669,13.613,13.654,1242.99,13.63000000,13.67000000,13.62000000,13.65000000,1484.51000000,,,,,,13.63,13.67,13.62,13.66,651.58,13.623,13.65653,13.623,13.65653,32.67260868
2025-12-07 17:03,13.66,13.667,13.646,13.66,759.85,13.66000000,13.67000000,13.64000000,13.66000000,2074.67000000,,,,,,13.66,13.67,13.64,13.66,1140.6,,,,,0.0
2025-12-07 17:04,13.661,13.686,13.661,13.673,1290.92,13.67000000,13.69000000,13.66000000,13.67000000,1494.15000000,,,,,,13.66,13.69,13.66,13.67,999.99,13.66377,13.66831,13.66377,13.66831,510.31822385000004
2025-12-07 17:05,13.67,13.679,13.64,13.64,1743.26,13.67000000,13.68000000,13.64000000,13.64000000,2220.92000000,,,,,,13.67,13.67,13.65,13.65,1362.2,13.67034,13.67037,13.67034,13.67037,20.09530487
2025-12-07 17:06,13.64,13.66,13.635,13.66,2004.3,13.64000000,13.66000000,13.63000000,13.65000000,4102.55000000,,,,,,13.65,13.66,13.63,13.65,2358.76,13.64002,13.64002,13.64002,13.64002,8.4375
2025-12-07 17:07,13.66,13.66,13.634,13.642,2415.66,13.65000000,13.66000000,13.63000000,13.64000000,20883.07000000,,,,,,13.65,13.66,13.63,13.65,12669.27,13.65254,13.65269,13.64003,13.64003,279.3254487
2025-12-07 17:08,13.642,13.65,13.636,13.637,620.05,13.65000000,13.65000000,13.63000000,13.63000000,1026.87000000,,,,,,13.65,13.65,13.63,13.63,618.13,13.64154,13.64484,13.64154,13.64484,100.0
2025-12-07 17:09,13.637,13.637,13.613,13.615,2849.74,13.63000000,13.63000000,13.61000000,13.62000000,1478.28000000,,,,,,13.63,13.63,13.61,13.62,887.2,13.623,13.623,13.623,13.623,36.73034533
2025-12-07 17:10,13.615,13.627,13.607,13.609,610.25,13.62000000,13.63000000,13.60000000,13.60000000,390.88000000,,,,,,13.62,13.62,13.6,13.61,140.77,,,,,0.0
2025-12-07 17:11,13.607,13.651,13.607,13.647,1297.15,13.60000000,13.65000000,13.60000000,13.65000000,1098.10000000,,,,,,13.61,13.66,13.61,13.65,664.57,13.61301,13.65105,13.61301,13.65105,60.54988793
2025-12-07 17:12,13.652,13.667,13.648,13.666,1029.52,13.66000000,13.66000000,13.65000000,13.66000000,3049.13000000,,,,,,13.65,13.66,13.64,13.66,5393.4,13.65329,13.65329,13.65329,13.65329,0.22261766
2025-12-07 17:13,13.667,13.676,13.651,13.669,1525.17,13.67000000,13.68000000,13.66000000,13.67000000,2120.29000000,,,,,,13.66,13.67,13.66,13.67,4284.48,,,,,0.0
2025-12-07 17:14,13.664,13.685,13.661,13.685,920.74,13.67000000,13.68000000,13.66000000,13.68000000,1573.72000000,,,,,,13.67,13.69,13.66,13.68,584.93,,,,,0.0
2025-12-07 17:15,13.684,13.702,13.676,13.695,2185.46,13.69000000,13.70000000,13.67000000,13.69000000,6229.36000000,13.68,13.693,13.68,13.693,1.0,13.68,13.7,13.67,13.7,3710.18,13.67397,13.68643,13.67397,13.68643,27.1924545
2025-12-07 17:16,13.695,13.774,13.695,13.766,17514.16,13.69000000,13.77000000,13.69000000,13.76000000,8129.23000000,13.767,13.767,13.767,13.767,0.2,13.7,13.78,13.69,13.76,4923.9,13.6947,13.76878,13.6947,13.76878,211.8311071
2025-12-07 17:17,13.766,13.792,13.748,13.768,7558.72,13.77000000,13.79000000,13.75000000,13.77000000,10226.17000000,13.763,13.763,13.763,13.763,0.2,13.76,13.79,13.75,13.77,6147.28,13.77158,13.77256,13.77158,13.77256,2.44142116
2025-12-07 17:18,13.765,13.83,13.752,13.828,17860.16,13.77000000,13.83000000,13.76000000,13.82000000,15068.49000000,13.773,13.785,13.773,13.785,0.4,13.77,13.83,13.75,13.82,9041.56,13.76667,13.83432,13.76334,13.83432,791.92622431
2025-12-07 17:19,13.827,13.844,13.797,13.83,10520.83,13.83000000,13.85000000,13.79000000,13.84000000,18607.54000000,13.829,13.829,13.819,13.819,0.4,13.82,13.85,13.8,13.82,11156.82,13.83339,13.83752,13.79474,13.80565,3153.24011229
2025-12-07 17:20,13.831,13.845,13.801,13.832,3310.47,13.84000000,13.84000000,13.80000000,13.83000000,5147.53000000,,,,,,13.82,13.85,13.8,13.83,3094.93,13.82127,13.84298,13.8097,13.8097,778.2326650299999
2025-12-07 17:21,13.831,13.854,13.808,13.851,3028.61,13.83000000,13.86000000,13.81000000,13.86000000,2458.86000000,13.835,13.838,13.833,13.838,0.8,13.83,13.86,13.8,13.86,1514.39,13.82868,13.83206,13.80872,13.83206,325.72371843
2025-12-07 17:22,13.85,13.868,13.842,13.858,4028.51,13.85000000,13.87000000,13.85000000,13.85000000,7299.35000000,,,,,,13.86,13.88,13.84,13.85,4379.71,13.84298,13.8629,13.84298,13.8629,10.787380630000001
2025-12-07 17:23,13.857,13.873,13.833,13.873,3811.17,13.86000000,13.87000000,13.84000000,13.87000000,4519.23000000,,,,,,13.85,13.88,13.83,13.86,2691.37,13.86473,13.86473,13.85299,13.86,196.30877397
2025-12-07 17:24,13.874,13.901,13.859,13.878,28044.3,13.88000000,13.90000000,13.86000000,13.88000000,17284.52000000,,,,,,13.86,13.91,13.86,13.88,13872.13,13.86473,13.91492,13.86473,13.87838,615.45676847
2025-12-07 17:25,13.879,13.909,13.878,13.907,5901.8,13.89000000,13.92000000,13.88000000,13.90000000,3098.92000000,13.889,13.91,13.889,13.898,0.6000000000000001,13.88,13.92,13.88,13.91,1927.99,13.88663,13.90785,13.88663,13.90785,1641.70496291
2025-12-07 17:26,13.909,13.91,13.882,13.909,2747.64,13.91000000,13.92000000,13.89000000,13.91000000,3751.67000000,,,,,,13.91,13.91,13.89,13.91,2840.85,13.89533,13.90974,13.89533,13.90974,36.27841288
2025-12-07 17:27,13.908,13.908,13.889,13.906,1494.4,13.91000000,13.91000000,13.88000000,13.90000000,5577.17000000,,,,,,13.91,13.91,13.89,13.9,2757.06,13.90974,13.91019,13.90929,13.90929,16.14046586
2025-12-07 17:28,13.903,13.949,13.891,13.928,2166.35,13.91000000,13.96000000,13.89000000,13.93000000,8106.03000000,13.911,13.918,13.911,13.918,0.4,13.9,13.95,13.89,13.93,5292.5,13.9102,13.94293,13.9102,13.93135,389.83291161
2025-12-07 17:29,13.921,13.938,13.916,13.938,2023.48,13.93000000,13.94000000,13.92000000,13.93000000,14273.17000000,,,,,,13.93,13.94,13.92,13.93,8767.33,13.93768,13.93768,13.93768,13.93768,8.75325018
2025-12-07 17:30,13.935,14.001,13.935,13.99,21887.15,13.94000000,14.01000000,13.94000000,13.99000000,21286.64000000,13.953,13.988,13.953,13.988,1.8,13.93,14.01,13.93,13.99,8987.98,13.93632,13.99211,13.93632,13.99173,9580.431829860001
2025-12-07 17:31,13.988,14.036,13.988,13.998,17047.48,13.99000000,14.02000000,13.98000000,14.00000000,6091.73000000,14.008,14.008,14.008,14.008,0.2,13.99,14.02,13.99,13.99,4451.57,13.99603,14.01292,13.99603,13.99614,1490.58553854
2025-12-07 17:32,14.001,14.019,13.987,14.019,3289.49,14.00000000,14.02000000,13.99000000,14.01000000,6325.43000000,14.009,14.009,14.009,14.009,0.2,13.99,14.02,13.98,14.01,3986.52,14.00613,14.01205,13.99803,14.01205,25.676827300000003
2025-12-07 17:33,14.008,14.051,14.007,14.051,2396.62,14.01000000,14.05000000,14.01000000,14.05000000,3402.81000000,14.017,14.049,14.017,14.049,0.8,14.01,14.05,14.01,14.04,7234.37,14.01293,14.05183,14.01293,14.03335,1512.70897872
2025-12-07 17:34,14.049,14.068,14.035,14.055,3446.73,14.05000000,14.07000000,14.03000000,14.06000000,5066.75000000,14.065,14.065,14.065,14.065,0.2,14.04,14.07,14.03,14.05,2909.82,14.04534,14.06931,14.04534,14.05723,837.18900032
2025-12-07 17:35,14.053,14.117,14.048,14.116,17641.1,14.05000000,14.12000000,14.05000000,14.11000000,7075.12000000,14.074,14.098,14.074,14.098,5.2500766500000005,14.05,14.12,14.05,14.12,4207.73,14.07088,14.12916,14.05516,14.12916,3871.30063514
2025-12-07 17:36,14.118,14.118,14.05,14.061,11461.95,14.12000000,14.12000000,14.05000000,14.06000000,16479.40000000,,,,,,14.12,14.12,14.04,14.06,9919.09,14.12779,14.12779,14.05518,14.05518,902.73290401
2025-12-07 17:37,14.061,14.065,14.038,14.038,5258.32,14.06000000,14.06000000,14.03000000,14.03000000,6821.10000000,,,,,,14.06,14.06,14.04,14.04,3600.63,14.05518,14.05518,14.04223,14.04682,57.80378545
2025-12-07 17:38,14.037,14.049,14.017,14.017,5889.21,14.04000000,14.05000000,14.01000000,14.01000000,3722.58000000,,,,,,14.04,14.05,14.02,14.02,2860.09,14.04041,14.04042,14.03132,14.03132,203.39001414
2025-12-07 17:39,14.015,14.038,13.992,13.997,7319.93,14.02000000,14.04000000,13.99000000,13.99000000,2674.69000000,,,,,,14.02,14.04,13.99,13.99,1600.28,14.03047,14.03047,14.012,14.012,265.22832468
2025-12-07 17:40,13.995,14.02,13.994,13.998,3517.96,13.99000000,14.02000000,13.99000000,14.00000000,3813.86000000,,,,,,13.99,14.02,13.99,14,2550.53,14.01681,14.01681,13.99984,13.99984,193.80050212
2025-12-07 17:41,13.994,13.996,13.97,13.978,4634.09,14.00000000,14.00000000,13.96000000,13.98000000,3812.78000000,13.999,13.999,13.999,13.999,4.88452714,14,14,13.97,13.98,2596.03,13.99841,13.99841,13.97284,13.98156,4150.93072
2025-12-07 17:42,13.977,14.026,13.97,14.019,13251.47,13.97000000,14.03000000,13.97000000,14.02000000,5719.07000000,,,,,,13.98,14.03,13.98,14.01,3772.28,13.98376,14.02161,13.98376,14.02161,17.65207099
2025-12-07 17:43,14.016,14.025,14.004,14.009,1577.54,14.01000000,14.03000000,14.00000000,14.01000000,3140.13000000,,,,,,14.01,14.03,14.01,14.01,6428.33,14.0216,14.0216,14.01579,14.01579,114.67631251
2025-12-07 17:44,14.01,14.029,14.01,14.013,1809.81,14.01000000,14.03000000,14.00000000,14.01000000,1483.95000000,,,,,,14.01,14.03,14.01,14.02,720.06,14.01377,14.01377,14.01377,14.01377,4.72923959
2025-12-07 17:45,14.015,14.038,14.011,14.03,4054.29,14.02000000,14.04000000,14.01000000,14.03000000,1285.97000000,,,,,,14.02,14.03,14.02,14.03,524.71,14.03413,14.03413,14.03412,14.03412,235.62133042
2025-12-07 17:46,14.032,14.039,14.014,14.025,1146.54,14.03000000,14.04000000,14.01000000,14.02000000,3723.74000000,,,,,,14.03,14.04,14,14.03,5268.26,14.01827,14.01827,14.01827,14.01827,91.41098613
2025-12-07 17:47,14.018,14.083,14.002,14.072,3342.32,14.01000000,14.08000000,14.00000000,14.07000000,4109.27000000,,,,,,14.03,14.08,14,14.06,1630.69,14.02699,14.06,13.99905,14.06,382.95282010999995
2025-12-07 17:48,14.068,14.09,14.062,14.088,1136.52,14.06000000,14.09000000,14.06000000,14.09000000,4057.46000000,,,,,,14.06,14.09,14.06,14.08,3226.74,,,,,0.0
2025-12-07 17:49,14.087,14.09,14.038,14.066,7408.15,14.08000000,14.08000000,14.03000000,14.06000000,10947.09000000,,,,,,14.08,14.09,14.03,14.07,6569.65,14.0796,14.0796,14.07011,14.07011,3023.07899319
2025-12-07 17:50,14.063,14.098,14.055,14.064,12571.95,14.06000000,14.09000000,14.05000000,14.07000000,4156.85000000,,,,,,14.07,14.09,14.05,14.07,2990.29,14.06625,14.08908,14.06625,14.08308,393.22989563
2025-12-07 17:51,14.065,14.073,14.055,14.064,1054.11,14.07000000,14.07000000,14.05000000,14.07000000,2906.31000000,,,,,,14.07,14.07,14.05,14.07,1738.78,14.06707,14.07061,14.06192,14.07061,81.08124029999999
2025-12-07 17:52,14.064,14.076,14.036,14.058,8959.58,14.06000000,14.06000000,14.03000000,14.05000000,8702.73000000,,,,,,14.07,14.07,14.03,14.06,5860.39,14.06191,14.06191,14.04254,14.04822,2895.06463718
2025-12-07 17:53,14.06,14.067,14.043,14.044,3503.66,14.06000000,14.06000000,14.03000000,14.03000000,2441.05000000,,,,,,14.06,14.06,14.04,14.04,834.4,14.05886,14.05886,14.05201,14.05201,55.29906314
2025-12-07 17:54,14.042,14.053,14.033,14.038,716.54,14.04000000,14.05000000,14.03000000,14.04000000,1230.03000000,,,,,,14.04,14.06,14.03,14.03,748.67,14.052,14.052,14.04201,14.04201,3.5788655
2025-12-07 17:55,14.04,14.049,14.033,14.04,629.01,14.04000000,14.05000000,14.03000000,14.03000000,806.73000000,,,,,,14.03,14.05,14.03,14.03,318.98,14.04201,14.04201,14.04201,14.04201,1.29198119
2025-12-07 17:56,14.041,14.043,14.024,14.026,1212.65,14.04000000,14.04000000,14.02000000,14.03000000,1336.93000000,,,,,,14.03,14.04,14.02,14.02,802.28,14.04201,14.04201,14.03252,14.03252,158.82215507
2025-12-07 17:57,14.029,14.063,14.029,14.063,2158.34,14.03000000,14.06000000,14.03000000,14.06000000,1070.51000000,,,,,,14.02,14.06,14.02,14.06,642.23,14.04231,14.05519,14.04211,14.04953,18.68079842
2025-12-07 17:58,14.064,14.077,14.054,14.054,2889.05,14.06000000,14.07000000,14.05000000,14.05000000,549.43000000,,,,,,14.06,14.07,14.05,14.05,329.69,14.05649,14.06819,14.05649,14.06819,5.030853499999999
2025-12-07 17:59,14.057,14.062,14.045,14.048,303.62,14.05000000,14.06000000,14.04000000,14.05000000,962.90000000,,,,,,14.05,14.06,14.04,14.05,587.76,14.06518,14.06518,14.04743,14.04908,247.22133011999998
2025-12-07 18:00,14.05,14.088,14.05,14.088,2018.44,14.05000000,14.09000000,14.05000000,14.08000000,1652.51000000,14.063,14.063,14.063,14.063,1.28933084,14.05,14.09,14.05,14.09,900.49,14.07392,14.08,14.07392,14.0799,305.78033273
2025-12-07 18:01,14.084,14.095,14.08,14.087,853.4,14.08000000,14.10000000,14.07000000,14.09000000,4501.25000000,,,,,,14.09,14.1,14.07,14.08,2698.33,14.08,14.08661,14.08,14.08661,12.13996258
2025-12-07 18:02,14.083,14.096,14.077,14.086,1160.4,14.08000000,14.10000000,14.07000000,14.08000000,6702.16000000,,,,,,14.08,14.1,14.07,14.08,4023.41,14.08661,14.08661,14.08661,14.08661,2.5
2025-12-07 18:03,14.09,14.134,14.09,14.123,17532.46,14.09000000,14.14000000,14.09000000,14.12000000,4668.27000000,14.095,14.125,14.095,14.125,21.0,14.08,14.14,14.08,14.12,3473.4,14.10211,14.12909,14.10211,14.12909,33.87406076
2025-12-07 18:04,14.122,14.127,14.09,14.115,1582.33,14.12000000,14.12000000,14.09000000,14.11000000,3660.51000000,,,,,,14.12,14.12,14.09,14.12,1857.69,14.11314,14.11316,14.11314,14.11316,170.51506866
2025-12-07 18:05,14.115,14.117,14.08,14.08,5140.5,14.12000000,14.12000000,14.08000000,14.08000000,1600.54000000,,,,,,14.12,14.12,14.07,14.07,933.72,14.11364,14.11365,14.09449,14.09449,307.150692
2025-12-07 18:06,14.079,14.098,14.069,14.098,2627.58,14.08000000,14.10000000,14.06000000,14.09000000,3273.00000000,,,,,,14.07,14.1,14.06,14.09,1963.58,14.09449,14.09449,14.07336,14.07336,1830.15475256
2025-12-07 18:07,14.096,14.115,14.096,14.112,1951.52,14.10000000,14.12000000,14.10000000,14.11000000,2909.77000000,,,,,,14.09,14.12,14.09,14.1,1744.04,,,,,0.0
2025-12-07 18:08,14.107,14.107,14.079,14.086,1290.7,14.11000000,14.11000000,14.09000000,14.09000000,1286.61000000,,,,,,14.1,14.11,14.08,14.08,749.58,14.10878,14.10878,14.10475,14.10475,31.02855
2025-12-07 18:09,14.087,14.119,14.087,14.115,794.06,14.09000000,14.12000000,14.09000000,14.11000000,3408.13000000,,,,,,14.08,14.12,14.08,14.11,2512.69,14.10074,14.10989,14.10074,14.10989,132.07234962
2025-12-07 18:10,14.114,14.132,14.112,14.115,2399.76,14.12000000,14.13000000,14.11000000,14.11000000,10524.96000000,,,,,,14.11,14.13,14.11,14.12,3967.67,14.12,14.12908,14.12,14.12908,18.1712
2025-12-07 18:11,14.115,14.116,14.092,14.116,1387.88,14.11000000,14.12000000,14.09000000,14.11000000,3636.16000000,,,,,,14.12,14.12,14.09,14.1,5827.27,14.12359,14.12359,14.1022,14.1022,158.06822204
2025-12-07 18:12,14.115,14.122,14.107,14.109,999.41,14.11000000,14.12000000,14.11000000,14.11000000,1665.12000000,,,,,,14.1,14.12,14.1,14.11,1427.68,14.12182,14.12182,14.12146,14.12146,35.70504778
2025-12-07 18:13,14.108,14.108,14.093,14.102,1915.75,14.10000000,14.11000000,14.09000000,14.10000000,1615.91000000,,,,,,14.11,14.11,14.09,14.11,1934.68,14.12145,14.12145,14.09889,14.09889,109.11843422999999
2025-12-07 18:14,14.103,14.114,14.099,14.113,763.7,14.11000000,14.12000000,14.10000000,14.11000000,3507.59000000,,,,,,14.11,14.12,14.09,14.12,2104.5,14.11381,14.11381,14.11381,14.11381,3.04666139
2025-12-07 18:15,14.113,14.124,14.098,14.098,2271.52,14.11000000,14.12000000,14.10000000,14.10000000,1205.39000000,,,,,,14.12,14.12,14.09,14.09,718.97,14.11382,14.11382,14.11381,14.11381,174.14089
2025-12-07 18:16,14.098,14.112,14.092,14.112,6680.85,14.10000000,14.11000000,14.09000000,14.11000000,1315.45000000,,,,,,14.09,14.1,14.09,14.1,756.69,14.11381,14.11381,14.09871,14.09967,218.00301733
2025-12-07 18:17,14.113,14.135,14.113,14.135,1174.2,14.11000000,14.14000000,14.11000000,14.14000000,2654.54000000,,,,,,14.1,14.14,14.1,14.13,1624.45,14.12232,14.1248,14.12232,14.1248,1001.432
2025-12-07 18:18,14.134,14.172,14.133,14.137,7613.39,14.13000000,14.18000000,14.13000000,14.14000000,9602.49000000,14.145,14.145,14.145,14.145,0.2,14.13,14.17,14.13,14.13,5762.36,14.1248,14.16,14.1248,14.13686,451.8246142
2025-12-07 18:19,14.135,14.138,14.101,14.108,9407.96,14.13000000,14.13000000,14.11000000,14.11000000,1843.65000000,,,,,,14.13,14.14,14.11,14.11,903.33,14.13687,14.13687,14.13009,14.13009,84.08439627999999
2025-12-07 18:20,14.106,14.107,14.076,14.076,1129.04,14.10000000,14.10000000,14.07000000,14.07000000,2650.64000000,,,,,,14.11,14.11,14.07,14.08,1351.54,14.09993,14.09993,14.07846,14.07846,183.49466723
2025-12-07 18:21,14.075,14.092,14.075,14.08,671.96,14.07000000,14.09000000,14.07000000,14.08000000,1765.96000000,,,,,,14.08,14.09,14.07,14.09,1070.35,14.09172,14.09172,14.09035,14.09035,43.93821022
2025-12-07 18:22,14.078,14.078,14.049,14.06,6013.49,14.07000000,14.07000000,14.05000000,14.05000000,5451.69000000,,,,,,14.09,14.09,14.05,14.06,3278.25,14.09035,14.09035,14.05386,14.06115,21.22726862
2025-12-07 18:23,14.061,14.089,14.06,14.086,4133.1,14.06000000,14.09000000,14.06000000,14.09000000,3668.53000000,,,,,,14.06,14.09,14.06,14.08,2255.2,14.06695,14.07908,14.06695,14.07908,1.983422
2025-12-07 18:24,14.087,14.126,14.08,14.111,5091.95,14.09000000,14.13000000,14.07000000,14.12000000,22560.70000000,,,,,,14.08,14.13,14.07,14.12,13470.88,14.08177,14.09713,14.08177,14.09713,9.8473824
2025-12-07 18:25,14.111,14.134,14.093,14.128,2088.56,14.11000000,14.13000000,14.09000000,14.13000000,4408.71000000,,,,,,14.12,14.13,14.09,14.12,2732.96,14.11476,14.12029,14.11476,14.12029,145.63020723
2025-12-07 18:26,14.129,14.136,14.12,14.124,1190.28,14.13000000,14.14000000,14.11000000,14.12000000,5863.61000000,,,,,,14.12,14.14,14.11,14.13,3519.12,14.125,14.125,14.125,14.125,50.0
2025-12-07 18:27,14.124,14.128,14.112,14.117,1028.22,14.12000000,14.12000000,14.11000000,14.11000000,5869.32000000,,,,,,14.13,14.13,14.11,14.12,3522.4,14.12898,14.12898,14.12897,14.12897,3.87126233
2025-12-07 18:28,14.117,14.134,14.113,14.113,1414.52,14.12000000,14.14000000,14.11000000,14.11000000,1711.91000000,,,,,,14.12,14.14,14.11,14.11,1027.38,14.12897,14.13499,14.12897,14.13499,86.43010690000001
2025-12-07 18:29,14.116,14.12,14.107,14.114,356.66,14.11000000,14.12000000,14.10000000,14.11000000,1644.24000000,,,,,,14.11,14.12,14.1,14.11,986.28,14.12897,14.12897,14.12897,14.12897,8.482e-05
2025-12-07 18:30,14.115,14.122,14.104,14.114,1638.77,14.12000000,14.12000000,14.10000000,14.11000000,11408.89000000,,,,,,14.11,14.12,14.1,14.12,6821,14.11733,14.12672,14.11722,14.11722,3554.04523846
2025-12-07 18:31,14.116,14.132,14.108,14.108,2419.59,14.12000000,14.13000000,14.10000000,14.10000000,3257.30000000,,,,,,14.12,14.13,14.11,14.11,1940.78,,,,,0.0
2025-12-07 18:32,14.106,14.121,14.101,14.103,2467.28,14.10000000,14.12000000,14.10000000,14.11000000,3098.49000000,,,,,,14.11,14.12,14.09,14.1,1872.81,14.11736,14.12033,14.11736,14.12033,153.53783632
2025-12-07 18:33,14.102,14.111,14.1,14.103,1261.5,14.10000000,14.11000000,14.09000000,14.10000000,936.12000000,,,,,,14.1,14.11,14.09,14.11,567.88,14.11585,14.11585,14.10032,14.10032,73.42826458
2025-12-07 18:34,14.105,14.105,14.08,14.08,668.53,14.11000000,14.11000000,14.08000000,14.08000000,2867.76000000,,,,,,14.11,14.11,14.07,14.07,1699.35,14.1,14.1,14.1,14.1,35.4458
2025-12-07 18:35,14.082,14.088,14.079,14.085,603.66,14.08000000,14.09000000,14.07000000,14.08000000,602.19000000,,,,,,14.07,14.09,14.07,14.09,178.01,14.08432,14.08432,14.08379,14.08379,182.64342814
2025-12-07 18:36,14.085,14.091,14.073,14.09,10510.74,14.08000000,14.10000000,14.07000000,14.09000000,9389.71000000,,,,,,14.09,14.1,14.07,14.1,5634.57,14.08704,14.08704,14.08704,14.08704,6.87527
2025-12-07 18:37,14.091,14.091,14.071,14.071,1078.95,14.09000000,14.09000000,14.07000000,14.08000000,3386.94000000,,,,,,14.1,14.1,14.07,14.08,2032.78,14.08766,14.08766,14.08766,14.08766,103.31659726
2025-12-07 18:38,14.071,14.071,14.047,14.05,2026.91,14.08000000,14.08000000,14.04000000,14.05000000,2990.38000000,,,,,,14.08,14.08,14.04,14.04,1794.61,14.08766,14.08766,14.05533,14.05533,186.95101785
2025-12-07 18:39,14.05,14.05,14.027,14.03,1143.33,14.05000000,14.05000000,14.02000000,14.04000000,2436.54000000,,,,,,14.04,14.05,14.03,14.04,1392.11,14.04614,14.04955,14.04015,14.04015,80.81041296
2025-12-07 18:40,14.035,14.037,14.002,14.02,12402.11,14.03000000,14.04000000,14.01000000,14.02000000,4653.95000000,,,,,,14.04,14.04,14.01,14.02,2835.04,14.04014,14.04014,14.02053,14.0347,169.78299273
2025-12-07 18:41,14.019,14.043,14.018,14.043,617.99,14.02000000,14.05000000,14.01000000,14.05000000,3625.95000000,,,,,,14.02,14.05,14.01,14.04,2162.63,14.04542,14.04633,14.04542,14.04633,1.2585413300000001
2025-12-07 18:42,14.042,14.053,14.036,14.052,1237.84,14.05000000,14.05000000,14.03000000,14.05000000,4309.64000000,,,,,,14.04,14.06,14.04,14.05,2598.96,14.05121,14.0516,14.05121,14.05152,203.55841241
2025-12-07 18:43,14.053,14.057,14.044,14.044,488.83,14.06000000,14.06000000,14.04000000,14.04000000,1557.00000000,,,,,,14.05,14.06,14.04,14.05,934.2,14.06054,14.06054,14.05104,14.05104,8.23690301
2025-12-07 18:44,14.044,14.053,14.041,14.046,495.31,14.05000000,14.05000000,14.04000000,14.04000000,1796.62000000,,,,,,14.05,14.05,14.04,14.04,1075.61,14.05195,14.05195,14.05104,14.05104,10.27368443
2025-12-07 18:45,14.047,14.067,14.045,14.063,1590.61,14.04000000,14.07000000,14.04000000,14.06000000,561.57000000,,,,,,14.04,14.07,14.04,14.06,377.43,,,,,0.0
2025-12-07 18:46,14.063,14.067,14.037,14.042,1257.02,14.07000000,14.07000000,14.04000000,14.04000000,1285.27000000,,,,,,14.06,14.07,14.03,14.05,771.15,14.05962,14.05962,14.05962,14.05962,255.91213014000002
2025-12-07 18:47,14.044,14.056,14.041,14.041,408.22,14.05000000,14.06000000,14.04000000,14.04000000,891.65000000,,,,,,14.05,14.06,14.04,14.05,532.65,14.03712,14.03712,14.03712,14.03712,106.86089703
2025-12-07 18:48,14.039,14.047,14.033,14.044,453.53,14.05000000,14.05000000,14.03000000,14.03000000,751.37000000,,,,,,14.05,14.05,14.03,14.04,488.77,14.05076,14.05076,14.05076,14.05076,13.68925525
2025-12-07 18:49,14.046,14.054,14.046,14.054,269.42,14.04000000,14.05000000,14.03000000,14.05000000,756.98000000,,,,,,14.04,14.06,14.03,14.05,413.62,14.04828,14.0537,14.04584,14.0537,18.98017831
2025-12-07 18:50,14.054,14.066,14.043,14.043,3211.55,14.06000000,14.07000000,14.04000000,14.04000000,8357.19000000,,,,,,14.05,14.07,14.04,14.04,5084.44,14.0539,14.05439,14.0539,14.05439,37.64701963
2025-12-07 18:51,14.042,14.048,14.036,14.046,458.7,14.04000000,14.05000000,14.03000000,14.05000000,1544.31000000,,,,,,14.04,14.05,14.03,14.05,895.52,14.05439,14.05439,14.04176,14.04907,129.02436293
2025-12-07 18:52,14.047,14.052,14.042,14.045,531.15,14.05000000,14.05000000,14.04000000,14.05000000,367.69000000,,,,,,14.05,14.06,14.04,14.05,220.59,14.057,14.05706,14.057,14.05706,18.24381405
2025-12-07 18:53,14.046,14.046,14.022,14.024,396.17,14.05000000,14.05000000,14.02000000,14.02000000,564.19000000,,,,,,14.05,14.05,14.02,14.02,413.78,14.04671,14.04671,14.042,14.042,94.26824392
2025-12-07 18:54,14.026,14.036,14.026,14.036,168.98,14.03000000,14.04000000,14.02000000,14.03000000,736.83000000,,,,,,14.02,14.04,14.02,14.04,366.46,14.03339,14.03339,14.03339,14.03339,1.42129846
2025-12-07 18:55,14.037,14.038,14.022,14.024,310.29,14.03000000,14.04000000,14.02000000,14.02000000,468.24000000,14.047,14.051,14.047,14.051,172.25275518,14.04,14.04,14.02,14.02,89.96,14.03837,14.03837,14.03837,14.03837,8.3098959
2025-12-07 18:56,14.021,14.033,14.019,14.033,448.36,14.02000000,14.03000000,14.01000000,14.03000000,1768.58000000,,,,,,14.02,14.04,14.02,14.03,1248.75,14.03307,14.03307,14.03307,14.03307,250.0
2025-12-07 18:57,14.031,14.049,14.026,14.049,1606.33,14.03000000,14.05000000,14.02000000,14.05000000,2663.00000000,,,,,,14.03,14.05,14.02,14.05,1597.83,,,,,0.0
2025-12-07 18:58,14.049,14.054,14.039,14.043,684.41,14.04000000,14.05000000,14.03000000,14.04000000,3196.69000000,,,,,,14.05,14.06,14.03,14.04,1770.79,14.04338,14.04338,14.04338,14.04338,1.159
2025-12-07 18:59,14.043,14.046,14.04,14.042,220.82,14.04000000,14.04000000,14.03000000,14.04000000,930.71000000,,,,,,14.04,14.05,14.03,14.04,706,,,,,0.0
2025-12-07 19:00,14.042,14.058,14.042,14.048,646.27,14.05000000,14.06000000,14.04000000,14.04000000,1970.16000000,,,,,,14.04,14.06,14.04,14.04,1000.52,14.04338,14.05797,14.04338,14.05543,21.67404548
2025-12-07 19:01,14.048,14.051,14.041,14.042,385.98,14.04000000,14.05000000,14.03000000,14.03000000,470.75000000,,,,,,14.04,14.06,14.04,14.04,285.42,14.05141,14.05141,14.05007,14.05007,36.32722736
2025-12-07 19:02,14.041,14.041,14.014,14.014,395.61,14.03000000,14.03000000,14.01000000,14.02000000,474.12000000,,,,,,14.04,14.04,14.01,14.02,290.97,14.05007,14.05007,14.04,14.04,396.51166058
2025-12-07 19:03,14.015,14.015,14.003,14.011,1363.45,14.01000000,14.01000000,14.00000000,14.01000000,2016.25000000,,,,,,14.02,14.02,14,14.01,1209.72,14.01743,14.01743,14.01743,14.01743,26.46532769
2025-12-07 19:04,14.012,14.02,14.012,14.016,246.94,14.01000000,14.02000000,14.01000000,14.02000000,818.54000000,,,,,,14.01,14.02,14.01,14.01,490.99,,,,,0.0
2025-12-07 19:05,14.016,14.017,13.984,13.989,9616.74,14.01000000,14.01000000,13.98000000,13.99000000,10205.25000000,,,,,,14.01,14.01,13.98,13.98,6117.55,14.01638,14.01638,13.98188,13.99599,1599.44055872
2025-12-07 19:06,13.989,14.003,13.988,14.003,590.49,13.99000000,14.01000000,13.99000000,14.01000000,2478.80000000,,,,,,13.98,14.01,13.98,14,1486.84,13.99301,13.99301,13.99301,13.99301,0.24409746
2025-12-07 19:07,14.003,14.006,13.997,14.003,589.28,14.00000000,14.00000000,13.99000000,14.00000000,614.58000000,,,,,,14,14.01,13.99,13.99,368.75,14.00015,14.00015,13.99489,13.99489,72.43346972
2025-12-07 19:08,13.998,13.998,13.991,13.993,462.19,14.00000000,14.00000000,13.99000000,13.99000000,646.01000000,,,,,,13.99,14.01,13.99,14,385.24,13.9969,13.9969,13.9969,13.9969,0.69596493
2025-12-07 19:09,13.994,14.013,13.993,14.007,5583.71,13.99000000,14.02000000,13.99000000,14.00000000,5092.35000000,,,,,,14,14.02,13.99,14.01,2499.03,14.00665,14.00739,14.00665,14.00739,100.0
2025-12-07 19:10,14.008,14.014,14.005,14.007,1114.12,14.01000000,14.02000000,14.01000000,14.01000000,1171.29000000,,,,,,14.01,14.02,14,14,1205.37,,,,,0.0
2025-12-07 19:11,14.008,14.01,13.995,13.999,569.96,14.01000000,14.01000000,13.99000000,13.99000000,305.65000000,,,,,,14,14.01,13.99,14,183.33,14.00821,14.00822,14.00821,14.00822,55.9329
2025-12-07 19:12,13.999,14.008,13.997,14.004,1141.37,13.99000000,14.01000000,13.99000000,14.00000000,3701.48000000,,,,,,14,14.01,13.99,14,2220.77,14.00822,14.00822,14.00822,14.00822,5.32736
2025-12-07 19:13,14.004,14.017,14.004,14.013,480.47,14.01000000,14.02000000,14.00000000,14.01000000,2096.67000000,,,,,,14,14.02,14,14.02,1258.29,,,,,0.0
2025-12-07 19:14,14.013,14.023,14.011,14.015,1414.64,14.02000000,14.03000000,14.01000000,14.02000000,1725.46000000,,,,,,14.02,14.02,14.01,14.01,1035.63,14.01378,14.01993,14.01378,14.01993,15.00657676
2025-12-07 19:15,14.015,14.027,14.015,14.016,623.69,14.02000000,14.03000000,14.01000000,14.02000000,172.36000000,,,,,,14.01,14.03,14.01,14.02,103.21,,,,,0.0
2025-12-07 19:16,14.016,14.024,14.015,14.015,812.27,14.01000000,14.02000000,14.01000000,14.02000000,252.82000000,,,,,,14.02,14.03,14.01,14.01,151.68,14.0238,14.0238,14.02379,14.02379,5.7712427
2025-12-07 19:17,14.015,14.017,14.005,14.013,1047.33,14.01000000,14.02000000,14.00000000,14.01000000,1220.09000000,,,,,,14.01,14.02,14,14.02,732.25,14.02379,14.02379,14.02019,14.02019,189.91867328
2025-12-07 19:18,14.014,14.032,14.012,14.032,625.52,14.01000000,14.03000000,14.01000000,14.03000000,217.41000000,,,,,,14.02,14.04,14.01,14.04,130.4,,,,,0.0
2025-12-07 19:19,14.032,14.032,14.019,14.024,1391.09,14.04000000,14.04000000,14.01000000,14.03000000,3412.78000000,,,,,,14.04,14.04,14.01,14.03,2047.15,,,,,0.0
2025-12-07 19:20,14.026,14.028,14.02,14.022,2260.68,14.03000000,14.03000000,14.02000000,14.02000000,399.77000000,,,,,,14.03,14.03,14.02,14.03,22.26,14.02672,14.02686,14.02598,14.02598,399.65834452999997
2025-12-07 19:21,14.023,14.031,14.014,14.014,1404.5,14.03000000,14.03000000,14.01000000,14.01000000,245.63000000,,,,,,14.03,14.03,14.01,14.02,196.51,14.02682,14.02682,14.02682,14.02682,0.29445357
2025-12-07 19:22,14.013,14.02,14.002,14.017,7042.36,14.01000000,14.02000000,14.00000000,14.02000000,891.84000000,,,,,,14.02,14.02,14,14.02,523.51,14.02598,14.02598,14.01933,14.01933,259.47902426
2025-12-07 19:23,14.017,14.024,14.013,14.017,1828.75,14.02000000,14.02000000,14.01000000,14.01000000,108.85000000,,,,,,14.02,14.03,14.01,14.02,116.24,,,,,0.0
2025-12-07 19:24,14.014,14.017,14.009,14.016,812.24,14.02000000,14.02000000,14.01000000,14.01000000,400.62000000,,,,,,14.02,14.02,14.01,14.02,240.29,,,,,0.0
2025-12-07 19:25,14.016,14.019,14.008,14.017,2775.73,14.02000000,14.02000000,14.00000000,14.01000000,555.61000000,,,,,,14.02,14.02,14.01,14.02,142.67,14.02003,14.02003,14.02003,14.02003,1.1004
2025-12-07 19:26,14.015,14.015,14.011,14.012,506.85,14.01000000,14.02000000,14.01000000,14.01000000,1628.11000000,,,,,,14.02,14.02,14.01,14.02,976.52,14.02003,14.02003,14.02003,14.02003,0.73800901
2025-12-07 19:27,14.012,14.022,14.009,14.009,779.94,14.02000000,14.03000000,14.01000000,14.01000000,849.06000000,,,,,,14.02,14.03,14.01,14.02,509.26,,,,,0.0
2025-12-07 19:28,14.01,14.017,14.009,14.009,373.25,14.01000000,14.02000000,14.00000000,14.01000000,1206.31000000,,,,,,14.02,14.02,14,14,721.64,14.02003,14.02003,14.02003,14.02003,5.0
2025-12-07 19:29,14.01,14.014,14.006,14.013,1493.32,14.02000000,14.02000000,14.01000000,14.02000000,2013.52000000,,,,,,14,14.02,14,14.01,1124.53,,,,,0.0
2025-12-07 19:30,14.014,14.024,14.014,14.021,1067.22,14.01000000,14.03000000,14.01000000,14.02000000,1659.44000000,,,,,,14.01,14.03,14.01,14.02,1118.26,,,,,0.0
2025-12-07 19:31,14.023,14.042,14.023,14.042,1898.12,14.02000000,14.04000000,14.02000000,14.04000000,255.92000000,,,,,,14.02,14.04,14.02,14.03,150.14,14.02595,14.03563,14.02595,14.03563,10.527574699999999
2025-12-07 19:32,14.036,14.048,14.036,14.04,518.89,14.04000000,14.05000000,14.03000000,14.03000000,197.41000000,,,,,,14.03,14.05,14.03,14.03,118.42,14.03563,14.03563,14.03563,14.03563,5.3686
2025-12-07 19:33,14.041,14.047,14.041,14.046,253.71,14.04000000,14.05000000,14.04000000,14.04000000,385.11000000,,,,,,14.03,14.05,14.03,14.04,231.01,14.03562,14.04085,14.03552,14.04085,1129.81807817
2025-12-07 19:34,14.045,14.045,14.025,14.026,1196.72,14.04000000,14.04000000,14.02000000,14.03000000,1052.13000000,,,,,,14.04,14.05,14.02,14.03,622.61,14.04085,14.04085,14.04084,14.04084,95.06703497000001
2025-12-07 19:35,14.027,14.033,14.026,14.033,187.25,14.02000000,14.02000000,14.02000000,14.02000000,27.70000000,,,,,,14.03,14.03,14.02,14.03,9.98,14.02816,14.02816,14.02816,14.02816,0.93276999
2025-12-07 19:36,14.034,14.04,14.031,14.036,1339.42,14.03000000,14.04000000,14.02000000,14.03000000,396.88000000,,,,,,14.03,14.04,14.02,14.04,238.17,14.03825,14.03843,14.03825,14.03843,3.39622599
2025-12-07 19:37,14.035,14.035,14.027,14.027,412.96,14.04000000,14.04000000,14.02000000,14.02000000,509.17000000,,,,,,14.04,14.04,14.02,14.03,305.6,,,,,0.0
2025-12-07 19:38,14.028,14.029,14.023,14.023,581.29,14.03000000,14.03000000,14.02000000,14.02000000,253.83000000,,,,,,14.03,14.03,14.02,14.03,152.35,14.03627,14.03627,14.03627,14.03627,0.30561004
2025-12-07 19:39,14.025,14.03,14.023,14.026,405.94,14.03000000,14.03000000,14.02000000,14.03000000,338.68000000,,,,,,14.03,14.03,14.02,14.03,200.9,,,,,0.0
2025-12-07 19:40,14.03,14.032,14.03,14.03,45.84,14.03000000,14.04000000,14.02000000,14.02000000,277.22000000,,,,,,14.03,14.04,14.02,14.02,160.06,,,,,0.0
2025-12-07 19:41,14.032,14.044,14.032,14.044,286.3,14.03000000,14.04000000,14.03000000,14.04000000,1291.91000000,,,,,,14.02,14.04,14.02,14.04,766.07,,,,,0.0
2025-12-07 19:42,14.045,14.049,14.039,14.049,4321.6,14.04000000,14.04000000,14.04000000,14.04000000,55.00000000,,,,,,14.04,14.05,14.04,14.05,462.07,14.04023,14.04052,14.04023,14.04052,0.53759031
2025-12-07 19:43,14.049,14.062,14.049,14.058,1899.38,14.05000000,14.06000000,14.05000000,14.06000000,880.58000000,,,,,,14.05,14.07,14.05,14.07,544.57,14.04052,14.05853,14.04052,14.05853,784.82815552
2025-12-07 19:44,14.059,14.072,14.059,14.068,741.87,14.06000000,14.08000000,14.06000000,14.07000000,690.88000000,,,,,,14.07,14.08,14.05,14.06,398.18,14.05854,14.06805,14.05854,14.06805,52.77712092
2025-12-07 19:45,14.07,14.079,14.064,14.066,623.59,14.07000000,14.08000000,14.06000000,14.06000000,232.45000000,,,,,,14.06,14.08,14.06,14.07,198.93,14.07305,14.0796,14.07305,14.0781,106.26339464
2025-12-07 19:46,14.067,14.075,14.067,14.074,545.68,14.07000000,14.07000000,14.06000000,14.07000000,145.36000000,,,,,,14.07,14.07,14.06,14.07,86.72,14.07811,14.07811,14.0781,14.0781,27.75807814
2025-12-07 19:47,14.073,14.073,14.062,14.068,1039.29,14.07000000,14.07000000,14.06000000,14.06000000,783.78000000,,,,,,14.07,14.08,14.06,14.06,470.23,14.07811,14.07811,14.0781,14.0781,155.9403136
2025-12-07 19:48,14.065,14.07,14.063,14.068,343.1,14.07000000,14.07000000,14.06000000,14.07000000,222.38000000,,,,,,14.06,14.07,14.06,14.06,133.47,14.07811,14.07811,14.07811,14.07811,0.93690818
2025-12-07 19:49,14.069,14.074,14.065,14.07,887.29,14.07000000,14.08000000,14.06000000,14.08000000,1087.82000000,,,,,,14.06,14.08,14.06,14.08,652.84,,,,,0.0
2025-12-07 19:50,14.073,14.083,14.073,14.083,521.28,14.07000000,14.09000000,14.07000000,14.08000000,1213.39000000,,,,,,14.08,14.09,14.07,14.08,710.72,,,,,0.0
2025-12-07 19:51,14.082,14.084,14.037,14.043,5801.17,14.08000000,14.08000000,14.04000000,14.05000000,3384.38000000,,,,,,14.08,14.09,14.03,14.04,2044.33,14.0796,14.07961,14.05514,14.05514,494.55354279
2025-12-07 19:52,14.046,14.053,14.046,14.049,175.0,14.05000000,14.06000000,14.04000000,14.04000000,484.61000000,,,,,,14.04,14.06,14.04,14.05,290.82,14.05514,14.05515,14.05514,14.05515,12.43503616
2025-12-07 19:53,14.048,14.052,14.045,14.048,237.24,14.04000000,14.05000000,14.04000000,14.05000000,748.83000000,,,,,,14.05,14.06,14.04,14.04,449.11,14.05515,14.05515,14.05515,14.05515,15.57630122
2025-12-07 19:54,14.049,14.052,14.042,14.047,257.56,14.05000000,14.05000000,14.04000000,14.05000000,231.97000000,,,,,,14.04,14.05,14.04,14.04,139.14,14.05515,14.05515,14.05515,14.05515,5.0
2025-12-07 19:55,14.043,14.048,14.039,14.046,126.59,14.05000000,14.05000000,14.03000000,14.04000000,142.44000000,,,,,,14.04,14.05,14.03,14.05,40.55,14.05076,14.05076,14.04878,14.04878,3.46419598
2025-12-07 19:56,14.044,14.052,14.044,14.049,91.91,14.04000000,14.05000000,14.04000000,14.04000000,54.92000000,,,,,,14.05,14.06,14.04,14.05,81.95,,,,,0.0
2025-12-07 19:57,14.047,14.054,14.047,14.052,179.44,14.05000000,14.05000000,14.04000000,14.04000000,162.83000000,,,,,,14.05,14.06,14.04,14.06,90.43,,,,,0.0
2025-12-07 19:58,14.049,14.052,14.046,14.052,256.99,14.05000000,14.05000000,14.05000000,14.05000000,171.62000000,,,,,,14.06,14.06,14.04,14.05,104.17,14.05539,14.05539,14.05539,14.05539,23.86929173
2025-12-07 19:59,14.054,14.06,14.054,14.06,92.79,14.05000000,14.06000000,14.05000000,14.05000000,171.70000000,,,,,,14.05,14.06,14.05,14.05,102.8,14.05639,14.05805,14.05639,14.05805,67.58844538
2025-12-07 20:00,14.06,14.082,14.06,14.06,2220.23,14.06000000,14.08000000,14.05000000,14.05000000,1944.91000000,,,,,,14.05,14.08,14.05,14.06,826.22,14.0665,14.08302,14.0665,14.08302,17.04971549
2025-12-07 20:01,14.061,14.07,14.06,14.067,874.27,14.06000000,14.07000000,14.05000000,14.07000000,264.12000000,,,,,,14.06,14.07,14.05,14.07,376.71,14.06807,14.0707,14.06793,14.06793,101.35723201
2025-12-07 20:02,14.064,14.065,14.054,14.054,654.15,14.07000000,14.07000000,14.05000000,14.06000000,2379.80000000,,,,,,14.07,14.07,14.05,14.05,1424.78,14.06793,14.06793,14.06793,14.06793,35.786852450000005
2025-12-07 20:03,14.055,14.064,14.054,14.064,238.34,14.05000000,14.06000000,14.05000000,14.06000000,316.05000000,,,,,,14.05,14.07,14.05,14.07,106.73,,,,,0.0
2025-12-07 20:04,14.062,14.062,14.054,14.054,131.2,14.05000000,14.05000000,14.05000000,14.05000000,141.58000000,,,,,,14.07,14.07,14.05,14.05,171.47,14.06793,14.06793,14.05101,14.05101,1416.53941007
2025-12-07 20:05,14.053,14.059,14.048,14.057,1721.36,14.05000000,14.06000000,14.04000000,14.04000000,454.99000000,,,,,,14.05,14.06,14.04,14.04,180.52,,,,,0.0
2025-12-07 20:06,14.056,14.067,14.053,14.067,787.19,14.05000000,14.07000000,14.04000000,14.07000000,3881.08000000,,,,,,14.04,14.07,14.04,14.07,194.87,14.05626,14.06242,14.05626,14.06242,11.23733122
2025-12-07 20:07,14.068,14.068,14.057,14.063,1479.93,14.06000000,14.06000000,14.06000000,14.06000000,51.90000000,,,,,,14.07,14.07,14.06,14.06,2165.59,14.06342,14.06342,14.06342,14.06342,0.61965135
2025-12-07 20:08,14.062,14.062,14.051,14.06,606.47,14.06000000,14.06000000,14.05000000,14.06000000,95.23000000,,,,,,14.06,14.06,14.05,14.06,60.88,,,,,0.0
2025-12-07 20:09,14.06,14.063,14.06,14.061,257.87,14.06000000,14.06000000,14.06000000,14.06000000,7.44000000,,,,,,14.06,14.07,14.06,14.07,11.82,14.06333,14.06333,14.06333,14.06333,0.27967295
2025-12-07 20:10,14.061,14.067,14.055,14.055,1108.88,14.06000000,14.06000000,14.05000000,14.06000000,232.35000000,,,,,,14.07,14.07,14.05,14.05,88.18,14.06699,14.06699,14.06699,14.06699,0.28974
2025-12-07 20:11,14.056,14.06,14.055,14.055,127.28,14.06000000,14.06000000,14.05000000,14.05000000,546.39000000,,,,,,14.05,14.06,14.05,14.06,327.94,,,,,0.0
2025-12-07 20:12,14.055,14.06,14.055,14.056,521.97,14.05000000,14.06000000,14.05000000,14.06000000,1052.05000000,,,,,,14.06,14.06,14.05,14.06,631,14.06341,14.06341,14.06341,14.06341,0.40465719
2025-12-07 20:13,14.055,14.064,14.055,14.063,312.03,14.06000000,14.07000000,14.05000000,14.07000000,716.65000000,,,,,,14.06,14.07,14.05,14.06,453.59,,,,,0.0
2025-12-07 20:14,14.063,14.07,14.061,14.067,155.96,14.07000000,14.07000000,14.06000000,14.07000000,69.75000000,,,,,,14.06,14.07,14.06,14.06,41.85,14.06679,14.06679,14.06679,14.06679,1.43600637
2025-12-07 20:15,14.068,14.071,14.064,14.064,221.98,14.07000000,14.08000000,14.06000000,14.06000000,76.21000000,,,,,,14.06,14.08,14.06,14.07,49.07,,,,,0.0
2025-12-07 20:16,14.065,14.077,14.062,14.077,569.54,14.07000000,14.07000000,14.06000000,14.07000000,68.00000000,,,,,,14.07,14.08,14.06,14.07,37.1,14.06999,14.06999,14.06999,14.06999,0.81710343
2025-12-07 20:17,14.078,14.084,14.07,14.07,2103.98,14.07000000,14.07000000,14.07000000,14.07000000,27.36000000,,,,,,14.07,14.08,14.07,14.07,16.41,14.06999,14.07883,14.06999,14.07843,25.315073220000002
2025-12-07 20:18,14.069,14.069,14.064,14.064,268.12,14.07000000,14.07000000,14.06000000,14.07000000,185.28000000,,,,,,14.07,14.07,14.06,14.06,111.2,14.07424,14.07424,14.07424,14.07424,7.26491
2025-12-07 20:19,14.065,14.076,14.065,14.072,1004.68,14.07000000,14.07000000,14.07000000,14.07000000,1172.54000000,,,,,,14.06,14.08,14.06,14.08,703.27,14.07424,14.07424,14.07424,14.07424,0.21653975
2025-12-07 20:20,14.073,14.076,14.072,14.072,120.26,14.07000000,14.08000000,14.07000000,14.07000000,84.59000000,,,,,,14.08,14.08,14.07,14.07,48.22,14.07737,14.07974,14.07737,14.07972,2.078671
2025-12-07 20:21,14.073,14.074,14.066,14.069,1041.17,14.08000000,14.08000000,14.06000000,14.06000000,276.59000000,,,,,,14.07,14.08,14.06,14.07,165.99,,,,,0.0
2025-12-07 20:22,14.069,14.083,14.069,14.083,1071.49,14.06000000,14.08000000,14.06000000,14.07000000,472.27000000,,,,,,14.07,14.08,14.06,14.08,281.01,,,,,0.0
2025-12-07 20:23,14.084,14.094,14.084,14.084,645.83,14.08000000,14.09000000,14.08000000,14.09000000,904.28000000,,,,,,14.08,14.1,14.07,14.09,544.67,14.08767,14.09501,14.08742,14.09501,1249.09339892
2025-12-07 20:24,14.087,14.099,14.087,14.096,831.23,14.09000000,14.10000000,14.09000000,14.10000000,418.67000000,,,,,,14.09,14.1,14.08,14.09,251.12,14.095,14.09769,14.095,14.09769,62.99579803
2025-12-07 20:25,14.096,14.098,14.088,14.09,1046.64,14.09000000,14.09000000,14.08000000,14.08000000,1014.70000000,,,,,,14.09,14.1,14.08,14.09,584.82,14.10142,14.10142,14.09984,14.09985,50.058792960000005
2025-12-07 20:26,14.09,14.094,14.09,14.09,238.37,14.08000000,14.09000000,14.08000000,14.08000000,369.62000000,,,,,,14.09,14.1,14.08,14.08,221.77,14.09709,14.105,14.09708,14.105,2483.2928275
2025-12-07 20:27,14.091,14.092,14.088,14.088,919.96,14.08000000,14.09000000,14.08000000,14.09000000,167.83000000,,,,,,14.08,14.09,14.08,14.08,99.67,14.09711,14.09711,14.09708,14.09708,55.46826264
2025-12-07 20:28,14.09,14.096,14.086,14.089,2030.7,14.09000000,14.10000000,14.08000000,14.08000000,785.77000000,,,,,,14.08,14.1,14.08,14.09,472.44,,,,,0.0
2025-12-07 20:29,14.085,14.09,14.084,14.088,938.02,14.09000000,14.09000000,14.08000000,14.08000000,98.40000000,,,,,,14.09,14.09,14.08,14.09,59.06,14.09708,14.09708,14.095,14.09501,734.13850603
2025-12-07 20:30,14.088,14.092,14.085,14.087,14393.16,14.09000000,14.09000000,14.07000000,14.08000000,3714.11000000,,,,,,14.09,14.09,14.07,14.09,2227.12,14.095,14.09501,14.095,14.09501,3657.80515584
2025-12-07 20:31,14.086,14.086,14.072,14.072,3910.41,14.08000000,14.09000000,14.06000000,14.07000000,1620.66000000,,,,,,14.09,14.09,14.06,14.06,973.88,14.095,14.095,14.08685,14.08685,64.33048533
2025-12-07 20:32,14.071,14.08,14.064,14.078,1774.32,14.06000000,14.08000000,14.05000000,14.07000000,339.35000000,,,,,,14.06,14.08,14.05,14.07,203.6,,,,,0.0
2025-12-07 20:33,14.076,14.078,14.067,14.071,1039.34,14.08000000,14.08000000,14.06000000,14.06000000,604.77000000,,,,,,14.07,14.08,14.06,14.08,270.15,,,,,0.0
2025-12-07 20:34,14.071,14.084,14.069,14.084,554.5,14.07000000,14.08000000,14.07000000,14.08000000,186.12000000,,,,,,14.08,14.08,14.06,14.07,205.12,14.0805,14.0805,14.07967,14.07967,77.10972821
2025-12-07 20:35,14.085,14.087,14.077,14.077,245.64,14.08000000,14.09000000,14.07000000,14.08000000,148.86000000,,,,,,14.07,14.09,14.07,14.07,34.44,,,,,0.0
2025-12-07 20:36,14.078,14.091,14.078,14.084,386.52,14.08000000,14.08000000,14.08000000,14.08000000,281.11000000,,,,,,14.07,14.09,14.07,14.08,171.95,14.08269,14.08671,14.08269,14.08633,44.538383520000004
2025-12-07 20:37,14.086,14.091,14.08,14.082,801.77,14.09000000,14.09000000,14.08000000,14.08000000,90.65000000,14.095,14.095,14.095,14.095,2.710945,14.08,14.09,14.08,14.09,54.37,14.09111,14.09111,14.09111,14.09111,0.1515
2025-12-07 20:38,14.081,14.085,14.078,14.078,305.23,14.08000000,14.09000000,14.07000000,14.07000000,1795.23000000,,,,,,14.09,14.09,14.07,14.08,1077.34,14.08614,14.08614,14.08614,14.08614,0.28829084
2025-12-07 20:39,14.078,14.091,14.078,14.087,543.4,14.08000000,14.09000000,14.08000000,14.08000000,89.07000000,,,,,,14.08,14.09,14.08,14.09,53.41,14.08273,14.09433,14.08273,14.0927,5001.37449
2025-12-07 20:40,14.089,14.09,14.086,14.087,23.24,14.09000000,14.09000000,14.08000000,14.08000000,2.75000000,,,,,,14.09,14.09,14.09,14.09,1.11,14.09256,14.09256,14.09256,14.09256,0.13152908
2025-12-07 20:41,14.086,14.091,14.085,14.091,624.04,14.09000000,14.09000000,14.08000000,14.08000000,323.66000000,,,,,,14.09,14.09,14.08,14.08,194.14,14.08967,14.08967,14.08753,14.08753,337.78776973
2025-12-07 20:42,14.089,14.094,14.084,14.093,1403.42,14.09000000,14.10000000,14.08000000,14.09000000,76.89000000,,,,,,14.08,14.1,14.08,14.1,547.1,14.09585,14.09585,14.09585,14.09585,0.07394374
2025-12-07 20:43,14.093,14.098,14.093,14.097,1110.44,14.09000000,14.10000000,14.09000000,14.10000000,682.10000000,,,,,,14.1,14.1,14.09,14.09,407.27,14.10079,14.10079,14.10076,14.10076,2.82342
2025-12-07 20:44,14.098,14.104,14.096,14.104,11977.44,14.10000000,14.11000000,14.10000000,14.11000000,794.57000000,,,,,,14.09,14.11,14.09,14.1,584.06,14.10333,14.10333,14.10333,14.10333,0.29361243
2025-12-07 20:45,14.101,14.103,14.089,14.1,3061.74,14.11000000,14.11000000,14.09000000,14.09000000,431.48000000,,,,,,14.1,14.1,14.09,14.09,215.04,14.10501,14.10501,14.10354,14.10354,38.85909474
2025-12-07 20:46,14.1,14.105,14.099,14.1,416.05,14.10000000,14.11000000,14.09000000,14.09000000,266.43000000,,,,,,14.09,14.11,14.09,14.1,159.9,14.10498,14.10498,14.10248,14.10248,23.755212370000002
2025-12-07 20:47,14.101,14.108,14.101,14.107,476.42,14.10000000,14.11000000,14.10000000,14.11000000,22.66000000,,,,,,14.1,14.11,14.1,14.1,13.59,,,,,0.0
2025-12-07 20:48,14.109,14.114,14.108,14.114,304.91,14.11000000,14.12000000,14.10000000,14.12000000,2113.75000000,,,,,,14.1,14.12,14.1,14.11,1265.48,14.10807,14.10807,14.10807,14.10807,1.10518038
2025-12-07 20:49,14.114,14.118,14.109,14.109,752.96,14.11000000,14.12000000,14.11000000,14.11000000,92.50000000,,,,,,14.11,14.12,14.11,14.12,58.14,14.11503,14.11503,14.11278,14.11278,22.6180116
2025-12-07 20:50,14.111,14.113,14.106,14.113,191.93,14.11000000,14.11000000,14.10000000,14.10000000,643.98000000,,,,,,14.12,14.12,14.1,14.11,277.44,14.11278,14.11278,14.10418,14.10418,1500.9823690500002
2025-12-07 20:51,14.113,14.121,14.112,14.114,553.4,14.11000000,14.12000000,14.11000000,14.11000000,1677.91000000,,,,,,14.11,14.12,14.11,14.12,989.93,,,,,0.0
2025-12-07 20:52,14.113,14.113,14.086,14.086,2480.96,14.11000000,14.11000000,14.08000000,14.09000000,4680.40000000,,,,,,14.12,14.12,14.08,14.08,2825.88,,,,,0.0
2025-12-07 20:53,14.084,14.086,14.081,14.086,377.68,14.08000000,14.09000000,14.08000000,14.09000000,664.24000000,,,,,,14.08,14.09,14.08,14.08,398.45,,,,,0.0
2025-12-07 20:54,14.086,14.094,14.086,14.092,373.27,14.08000000,14.09000000,14.08000000,14.09000000,171.70000000,,,,,,14.08,14.1,14.08,14.1,103.04,14.09195,14.09412,14.09195,14.09412,2.58102829
2025-12-07 20:55,14.093,14.093,14.086,14.093,1450.23,14.09000000,14.09000000,14.08000000,14.09000000,857.81000000,,,,,,14.1,14.1,14.08,14.09,525.39,14.09648,14.09648,14.0943,14.0943,15.83085302
2025-12-07 20:56,14.094,14.097,14.094,14.097,32.45,14.10000000,14.10000000,14.09000000,14.10000000,28.53000000,,,,,,14.09,14.1,14.09,14.09,19.74,14.0971,14.09711,14.09168,14.09168,235.14435638
2025-12-07 20:57,14.096,14.113,14.096,14.113,441.37,14.09000000,14.12000000,14.09000000,14.11000000,2460.65000000,,,,,,14.09,14.12,14.09,14.11,1475.94,14.09112,14.09733,14.09112,14.09733,210.22373152999998
2025-12-07 20:58,14.112,14.117,14.109,14.117,554.89,14.11000000,14.12000000,14.11000000,14.11000000,274.11000000,,,,,,14.11,14.12,14.11,14.11,164.4,14.11187,14.11872,14.11187,14.11872,0.40620923
2025-12-07 20:59,14.118,14.125,14.111,14.111,624.86,14.11000000,14.12000000,14.11000000,14.11000000,1805.44000000,,,,,,14.11,14.12,14.11,14.11,1149.16,14.12157,14.12157,14.12125,14.12157,30.665184489999998
2025-12-07 21:00,14.111,14.118,14.101,14.113,7713.75,14.11000000,14.12000000,14.10000000,14.11000000,1572.53000000,,,,,,14.11,14.12,14.09,14.11,915.83,,,,,0.0
2025-12-07 21:01,14.114,14.116,14.085,14.085,5625.85,14.12000000,14.12000000,14.08000000,14.08000000,8268.47000000,14.111,14.111,14.108,14.108,58.92362718,14.11,14.12,14.08,14.09,4992.37,14.10934,14.10934,14.10684,14.10684,30.5077
2025-12-07 21:02,14.085,14.085,14.056,14.065,10976.15,14.08000000,14.08000000,14.06000000,14.06000000,3438.21000000,,,,,,14.09,14.09,14.06,14.06,2062.86,14.08069,14.08482,14.072,14.072,298.39113239
2025-12-07 21:03,14.064,14.069,14.058,14.066,4803.12,14.07000000,14.07000000,14.05000000,14.06000000,2149.60000000,,,,,,14.06,14.07,14.06,14.06,1706.23,14.072,14.072,14.06477,14.06585,61.995849969999995
2025-12-07 21:04,14.066,14.07,14.066,14.066,173.39,14.06000000,14.07000000,14.06000000,14.06000000,1422.81000000,,,,,,14.06,14.07,14.06,14.07,561.04,,,,,0.0
2025-12-07 21:05,14.066,14.072,14.066,14.069,602.45,14.06000000,14.07000000,14.06000000,14.06000000,132.07000000,,,,,,14.07,14.07,14.06,14.07,108.3,14.07009,14.07009,14.06982,14.06982,2.75383818
2025-12-07 21:06,14.07,14.07,14.057,14.062,6516.63,14.06000000,14.06000000,14.05000000,14.06000000,1775.30000000,,,,,,14.07,14.07,14.05,14.07,1065.99,14.06978,14.071,14.06978,14.071,29.948349999999998
2025-12-07 21:07,14.064,14.064,14.06,14.064,3564.54,14.06000000,14.07000000,14.05000000,14.07000000,485.02000000,,,,,,14.07,14.07,14.05,14.06,291.1,14.062,14.06493,14.062,14.06375,23.50638381
2025-12-07 21:08,14.065,14.084,14.065,14.084,588.18,14.07000000,14.08000000,14.07000000,14.08000000,344.45000000,,,,,,14.06,14.08,14.06,14.08,206.62,14.07199,14.072,14.07199,14.072,109.73737
2025-12-07 21:09,14.084,14.089,14.079,14.088,1049.02,14.07000000,14.08000000,14.07000000,14.08000000,420.40000000,,,,,,14.08,14.09,14.07,14.08,253.88,14.072,14.072,14.072,14.072,105.34401649
2025-12-07 21:10,14.09,14.104,14.09,14.1,2588.23,14.08000000,14.10000000,14.08000000,14.10000000,2399.18000000,,,,,,14.08,14.1,14.08,14.1,1437.06,14.08307,14.08307,14.08307,14.08307,1.56215938
2025-12-07 21:11,14.097,14.097,14.082,14.084,364.27,14.09000000,14.09000000,14.07000000,14.08000000,495.64000000,,,,,,14.1,14.1,14.08,14.09,297.46,14.09538,14.09666,14.0862,14.0862,325.5653
2025-12-07 21:12,14.083,14.083,14.072,14.072,1265.54,14.08000000,14.08000000,14.06000000,14.07000000,504.03000000,,,,,,14.09,14.09,14.06,14.08,302.51,14.07771,14.07771,14.07771,14.07771,1.38639697
2025-12-07 21:13,14.075,14.079,14.069,14.069,103.95,14.07000000,14.08000000,14.06000000,14.07000000,32.92000000,,,,,,14.08,14.08,14.06,14.07,19.77,,,,,0.0
2025-12-07 21:14,14.069,14.069,14.066,14.066,44.73,14.06000000,14.07000000,14.06000000,14.07000000,116.30000000,,,,,,14.07,14.07,14.06,14.06,69.76,14.07151,14.07151,14.06613,14.06618,151.23562526
2025-12-07 21:15,14.065,14.065,14.058,14.058,2792.44,14.06000000,14.07000000,14.05000000,14.05000000,1435.07000000,,,,,,14.06,14.07,14.05,14.05,834.47,,,,,0.0
2025-12-07 21:16,14.057,14.063,14.056,14.059,935.21,14.05000000,14.06000000,14.05000000,14.05000000,594.06000000,,,,,,14.05,14.06,14.05,14.05,363.24,14.06191,14.06191,14.0528,14.0618,1005.0
2025-12-07 21:17,14.058,14.058,14.049,14.049,990.13,14.06000000,14.06000000,14.04000000,14.04000000,296.24000000,,,,,,14.05,14.06,14.05,14.05,1731.86,14.05227,14.05334,14.04683,14.04683,50.973907069999996
2025-12-07 21:18,14.049,14.066,14.043,14.061,4712.12,14.05000000,14.06000000,14.04000000,14.06000000,377.77000000,,,,,,14.05,14.06,14.04,14.05,224.14,14.0482,14.05023,14.0482,14.05023,0.8226366700000001
2025-12-07 21:19,14.059,14.06,14.057,14.057,89.72,14.05000000,14.05000000,14.05000000,14.05000000,7.39000000,,,,,,14.05,14.06,14.05,14.05,4.43,14.05305,14.05305,14.05251,14.05251,20.0
2025-12-07 21:20,14.057,14.057,14.035,14.048,2889.07,14.05000000,14.05000000,14.02000000,14.04000000,3131.71000000,,,,,,14.05,14.06,14.03,14.05,1883.81,14.05201,14.05201,14.052,14.052,20.61551
2025-12-07 21:21,14.048,14.052,14.04,14.042,1223.41,14.05000000,14.05000000,14.03000000,14.04000000,689.24000000,,,,,,14.05,14.05,14.03,14.04,409.54,14.04711,14.04711,14.04201,14.04201,21.34621
2025-12-07 21:22,14.042,14.048,14.042,14.046,828.16,14.04000000,14.05000000,14.03000000,14.04000000,354.05000000,,,,,,14.04,14.05,14.03,14.05,209.24,14.04402,14.04402,14.04401,14.04401,12.861869129999999
2025-12-07 21:23,14.047,14.049,14.034,14.042,7203.72,14.05000000,14.05000000,14.03000000,14.04000000,4221.20000000,,,,,,14.05,14.05,14.03,14.04,2548.53,14.042,14.042,14.042,14.042,50.0
2025-12-07 21:24,14.041,14.041,14.026,14.032,1027.64,14.04000000,14.05000000,14.02000000,14.02000000,142.40000000,,,,,,14.04,14.05,14.02,14.03,85.47,,,,,0.0
2025-12-07 21:25,14.029,14.034,14.025,14.025,502.85,14.03000000,14.03000000,14.02000000,14.02000000,1078.19000000,,,,,,14.03,14.03,14.02,14.03,391.54,14.03112,14.03112,14.03112,14.03112,6.95317
2025-12-07 21:26,14.025,14.029,14.012,14.018,5549.65,14.02000000,14.02000000,14.01000000,14.01000000,2840.19000000,,,,,,14.03,14.03,14.01,14.01,328.32,14.03111,14.03111,14.02882,14.02882,18.80152
2025-12-07 21:27,14.019,14.022,14.013,14.016,1366.01,14.01000000,14.02000000,14.00000000,14.01000000,1787.36000000,,,,,,14.01,14.02,14.01,14.01,2490.06,,,,,0.0
2025-12-07 21:28,14.016,14.021,14.013,14.017,998.73,14.01000000,14.02000000,14.00000000,14.01000000,4905.76000000,,,,,,14.01,14.02,14.01,14.02,2941.9,14.02001,14.02001,14.02001,14.02001,4.87669
2025-12-07 21:29,14.018,14.02,14.016,14.02,720.67,14.02000000,14.02000000,14.01000000,14.01000000,36.42000000,,,,,,14.02,14.02,14.01,14.01,21.84,14.02,14.02,14.02,14.02,9.30635738
2025-12-07 21:30,14.017,14.019,13.986,14.002,17532.04,14.02000000,14.02000000,13.98000000,13.99000000,3870.92000000,,,,,,14.01,14.01,13.98,13.99,2079.17,14.01991,14.01991,13.99841,13.99841,164.49912410000002
2025-12-07 21:31,14.003,14.014,13.998,14.002,3244.14,14.00000000,14.01000000,13.99000000,13.99000000,2002.73000000,,,,,,13.99,14.01,13.99,13.99,1192.4,13.99741,13.99741,13.99741,13.99741,30.64882057
2025-12-07 21:32,14.002,14.02,14.0,14.014,6708.89,14.00000000,14.01000000,13.99000000,14.01000000,2419.08000000,14.019,14.019,14.019,14.019,28.96681451,13.99,14.02,13.99,14.01,1459.96,,,,,0.0
2025-12-07 21:33,14.016,14.028,14.013,14.026,2523.58,14.02000000,14.02000000,14.01000000,14.02000000,182.44000000,,,,,,14.01,14.03,14.01,14.02,109.43,14.01412,14.0194,14.01412,14.0194,0.9312937
2025-12-07 21:34,14.026,14.03,14.023,14.028,1188.17,14.02000000,14.03000000,14.02000000,14.03000000,314.25000000,,,,,,14.02,14.03,14.01,14.02,188.55,14.0194,14.0194,14.0194,14.0194,0.13220251
2025-12-07 21:35,14.028,14.028,14.006,14.006,2143.03,14.02000000,14.02000000,14.00000000,14.00000000,1079.11000000,,,,,,14.02,14.02,14,14,559.4,,,,,0.0
2025-12-07 21:36,14.006,14.013,13.984,13.986,3427.35,14.00000000,14.00000000,13.99000000,13.99000000,208.16000000,,,,,,14,14.01,13.98,13.98,201.32,14.0053,14.0053,14.0,14.0,29.85741569
2025-12-07 21:37,13.985,13.986,13.972,13.981,8763.19,13.98000000,13.98000000,13.96000000,13.97000000,1238.52000000,13.99,13.99,13.988,13.988,0.8,13.98,13.98,13.96,13.98,742.17,13.97603,13.97605,13.9707,13.9707,1013.56696733
2025-12-07 21:38,13.981,13.981,13.954,13.956,1530.11,13.97000000,13.98000000,13.95000000,13.95000000,2228.88000000,13.977,13.977,13.973,13.973,0.6000000000000001,13.98,13.98,13.95,13.95,753.83,13.97363,13.97363,13.963,13.963,134.86056069
2025-12-07 21:39,13.955,13.957,13.932,13.938,7368.18,13.95000000,13.95000000,13.93000000,13.93000000,3376.16000000,,,,,,13.95,13.95,13.93,13.94,2433.74,13.95681,13.95681,13.943,13.94301,181.15241553
2025-12-07 21:40,13.94,13.954,13.932,13.935,3311.03,13.94000000,13.94000000,13.92000000,13.93000000,5101.64000000,,,,,,13.94,13.94,13.93,13.93,2045.74,13.94344,13.94345,13.94344,13.94345,12.62085515
2025-12-07 21:41,13.935,13.938,13.925,13.929,1834.07,13.93000000,13.94000000,13.92000000,13.93000000,2347.23000000,,,,,,13.93,13.94,13.92,13.92,2598.05,13.94294,13.94294,13.93995,13.93995,37.93566011
2025-12-07 21:42,13.929,13.931,13.889,13.897,19893.67,13.92000000,13.92000000,13.88000000,13.89000000,24956.31000000,13.919,13.919,13.919,13.919,0.2,13.92,13.92,13.88,13.89,14972.09,13.933,13.933,13.90103,13.90103,1129.61570339
2025-12-07 21:43,13.898,13.908,13.894,13.897,2103.05,13.90000000,13.90000000,13.89000000,13.89000000,461.63000000,,,,,,13.89,13.91,13.89,13.89,342.71,,,,,0.0
2025-12-07 21:44,13.898,13.899,13.88,13.887,1757.76,13.89000000,13.89000000,13.88000000,13.88000000,4483.28000000,13.903,13.903,13.898,13.898,0.4,13.89,13.9,13.87,13.89,2690.39,13.88943,13.88943,13.88805,13.88805,200.0
2025-12-07 21:45,13.888,13.896,13.85,13.853,4433.74,13.88000000,13.90000000,13.85000000,13.85000000,15048.46000000,13.897,13.897,13.896,13.896,0.4,13.89,13.89,13.86,13.86,7025.35,13.88753,13.88753,13.86,13.86,137.81093293
2025-12-07 21:46,13.852,13.886,13.833,13.886,10407.51,13.85000000,13.88000000,13.82000000,13.88000000,15578.45000000,,,,,,13.86,13.89,13.83,13.89,11295.48,13.86,13.8669,13.83383,13.86687,537.8599309900001
2025-12-07 21:47,13.886,13.886,13.841,13.845,1104.31,13.88000000,13.88000000,13.84000000,13.84000000,5059.79000000,,,,,,13.89,13.89,13.83,13.84,3035.21,13.853,13.853,13.853,13.853,20.69
2025-12-07 21:48,13.847,13.847,13.803,13.806,19179.25,13.84000000,13.84000000,13.79000000,13.80000000,14650.51000000,13.845,13.845,13.84,13.84,0.6000000000000001,13.84,13.84,13.79,13.79,9391.46,13.84,13.84,13.81965,13.81965,263.35094012
2025-12-07 21:49,13.805,13.822,13.787,13.814,11896.7,13.80000000,13.81000000,13.77000000,13.81000000,11104.24000000,13.815,13.815,13.815,13.815,0.4,13.79,13.82,13.78,13.81,6663.3,13.81599,13.81599,13.77751,13.80515,2855.52778217
2025-12-07 21:50,13.811,13.818,13.783,13.786,3294.09,13.80000000,13.82000000,13.78000000,13.78000000,1827.02000000,,,,,,13.81,13.82,13.78,13.78,2446.63,13.80896,13.8107,13.80472,13.8107,507.06359
2025-12-07 21:51,13.785,13.788,13.769,13.779,3734.98,13.78000000,13.79000000,13.77000000,13.78000000,3517.01000000,,,,,,13.78,13.79,13.76,13.78,1872.02,13.77767,13.77767,13.77767,13.77767,6.06699016
2025-12-07 21:52,13.777,13.783,13.761,13.763,3489.98,13.77000000,13.77000000,13.76000000,13.76000000,2929.07000000,13.78,13.78,13.779,13.779,0.49108174000000004,13.78,13.78,13.76,13.76,4727.01,,,,,0.0
2025-12-07 21:53,13.764,13.767,13.753,13.763,1240.41,13.76000000,13.77000000,13.75000000,13.76000000,963.81000000,13.779,13.779,13.773,13.773,0.30891826,13.76,13.77,13.75,13.76,289.65,13.77429,13.77429,13.773,13.773,60.8168713
2025-12-07 21:54,13.762,13.762,13.735,13.737,11174.6,13.76000000,13.77000000,13.73000000,13.73000000,5404.59000000,13.759,13.759,13.759,13.759,0.2,13.76,13.77,13.73,13.73,3540.63,13.76448,13.76448,13.75064,13.75064,100.28661307
2025-12-07 21:55,13.737,13.757,13.724,13.746,6144.04,13.73000000,13.75000000,13.72000000,13.75000000,3181.52000000,,,,,,13.73,13.76,13.72,13.75,1908.88,13.73855,13.74762,13.71989,13.74762,253.2792466
2025-12-07 21:56,13.747,13.752,13.687,13.697,12008.45,13.75000000,13.76000000,13.68000000,13.69000000,6473.42000000,13.71,13.71,13.71,13.71,0.2,13.75,13.75,13.68,13.7,3883.74,13.71795,13.71795,13.68966,13.68966,179.94478261
2025-12-07 21:57,13.696,13.712,13.692,13.712,1284.4,13.69000000,13.72000000,13.68000000,13.72000000,5502.91000000,,,,,,13.7,13.72,13.69,13.72,3302.18,13.70338,13.70338,13.70338,13.70338,1.96001994
2025-12-07 21:58,13.715,13.747,13.703,13.737,5266.37,13.72000000,13.75000000,13.70000000,13.74000000,14734.80000000,,,,,,13.72,13.75,13.7,13.74,8864,13.71031,13.73013,13.71031,13.73013,1013.6190075899999
2025-12-07 21:59,13.742,13.795,13.735,13.777,1579.15,13.74000000,13.80000000,13.73000000,13.78000000,3719.75000000,,,,,,13.74,13.8,13.73,13.78,2209.94,13.7386,13.78906,13.7386,13.78472,17.28127297
2025-12-07 22:00,13.776,13.776,13.75,13.757,2061.67,13.77000000,13.77000000,13.75000000,13.76000000,1590.33000000,13.785,13.785,13.785,13.785,0.97143358,13.78,13.78,13.75,13.75,736.01,13.763,13.763,13.75874,13.75874,27.12222297
2025-12-07 22:01,13.758,13.762,13.717,13.717,4608.76,13.76000000,13.76000000,13.72000000,13.72000000,9128.42000000,,,,,,13.75,13.76,13.72,13.72,4294.06,13.743,13.743,13.723,13.723,99.77204215
2025-12-07 22:02,13.718,13.724,13.704,13.707,1786.29,13.71000000,13.72000000,13.70000000,13.70000000,9622.29000000,,,,,,13.72,13.73,13.7,13.71,6956.8,13.71257,13.71546,13.71257,13.71546,64.1980439
2025-12-07 22:03,13.706,13.709,13.681,13.687,2044.83,13.71000000,13.71000000,13.68000000,13.69000000,1618.32000000,13.713,13.713,13.698,13.698,0.6000000000000001,13.71,13.71,13.68,13.7,1789.89,13.71256,13.71256,13.693,13.693,41.56263919
2025-12-07 22:04,13.687,13.699,13.668,13.668,3446.0,13.69000000,13.69000000,13.66000000,13.67000000,666.73000000,13.697,13.697,13.697,13.697,0.2,13.7,13.7,13.66,13.67,272.6,13.693,13.693,13.67863,13.67863,67.39013414
2025-12-07 22:05,13.671,13.679,13.576,13.576,11413.57,13.67000000,13.68000000,13.58000000,13.58000000,23802.85000000,13.609,13.609,13.609,13.609,0.2,13.67,13.68,13.58,13.59,13588.22,13.67628,13.67628,13.58791,13.59696,453.56523465
2025-12-07 22:06,13.576,13.589,13.526,13.526,7423.35,13.58000000,13.59000000,13.53000000,13.53000000,18442.18000000,13.578,13.578,13.553,13.553,0.4,13.59,13.59,13.53,13.53,11758.29,13.5879,13.5879,13.54752,13.54753,623.2945319
2025-12-07 22:07,13.528,13.528,13.422,13.445,15064.73,13.53000000,13.53000000,13.42000000,13.43000000,60772.93000000,13.485,13.485,13.485,13.485,0.2,13.53,13.53,13.42,13.45,38501.42,13.53699,13.53699,13.433,13.43988,23150.5171303
2025-12-07 22:08,13.443,13.535,13.441,13.535,5090.98,13.44000000,13.53000000,13.44000000,13.53000000,8050.58000000,13.465,13.492,13.465,13.492,0.4,13.45,13.53,13.44,13.53,5083.49,13.46376,13.51077,13.46376,13.51077,1009.76885987
2025-12-07 22:09,13.536,13.561,13.5,13.554,4117.99,13.53000000,13.56000000,13.50000000,13.56000000,6146.74000000,13.528,13.528,13.519,13.519,0.4,13.53,13.56,13.5,13.56,3698.96,13.523,13.54168,13.513,13.54168,147.82768254
2025-12-07 22:10,13.555,13.606,13.543,13.606,3417.67,13.56000000,13.62000000,13.54000000,13.62000000,5275.08000000,,,,,,13.56,13.62,13.54,13.62,2640.14,13.5585,13.61285,13.5585,13.61285,166.65322307
2025-12-07 22:11,13.611,13.654,13.611,13.635,13460.17,13.62000000,13.66000000,13.59000000,13.64000000,4753.21000000,,,,,,13.62,13.66,13.59,13.64,3796.14,13.60984,13.64954,13.60984,13.64954,605.88234032
2025-12-07 22:12,13.635,13.635,13.574,13.576,5989.63,13.64000000,13.64000000,13.57000000,13.57000000,4552.58000000,,,,,,13.64,13.64,13.57,13.58,2717.41,13.63824,13.63824,13.603,13.603,41.363697650000006
2025-12-07 22:13,13.578,13.589,13.559,13.582,4846.63,13.58000000,13.59000000,13.55000000,13.58000000,3960.04000000,,,,,,13.58,13.6,13.55,13.59,2391.69,13.57478,13.58658,13.57478,13.58658,1138.52774997
2025-12-07 22:14,13.582,13.611,13.582,13.596,2590.66,13.59000000,13.61000000,13.59000000,13.59000000,3049.92000000,,,,,,13.59,13.62,13.58,13.6,1829.61,,,,,0.0
2025-12-07 22:15,13.598,13.607,13.557,13.568,2298.95,13.60000000,13.61000000,13.55000000,13.56000000,9987.19000000,,,,,,13.6,13.61,13.55,13.57,5991.17,13.59354,13.59354,13.58597,13.58597,142.40512856
2025-12-07 22:16,13.568,13.575,13.549,13.575,2097.83,13.57000000,13.57000000,13.55000000,13.57000000,2842.91000000,,,,,,13.57,13.58,13.54,13.58,1705.62,13.565,13.565,13.565,13.565,48.15992249
2025-12-07 22:17,13.576,13.607,13.574,13.594,1718.39,13.58000000,13.61000000,13.57000000,13.60000000,1726.69000000,,,,,,13.58,13.61,13.57,13.59,957.92,13.58062,13.59354,13.58062,13.59354,7.65943078
2025-12-07 22:18,13.594,13.602,13.553,13.556,1426.63,13.60000000,13.61000000,13.56000000,13.56000000,4252.24000000,,,,,,13.59,13.61,13.55,13.56,2552.51,13.59212,13.59212,13.59212,13.59212,17.489545409999998
2025-12-07 22:19,13.552,13.566,13.539,13.543,1559.0,13.55000000,13.56000000,13.54000000,13.55000000,1478.70000000,,,,,,13.56,13.57,13.53,13.54,886.68,13.563,13.56701,13.553,13.56701,90.77526294
2025-12-07 22:20,13.548,13.551,13.527,13.547,1542.59,13.55000000,13.55000000,13.53000000,13.55000000,3835.05000000,13.557,13.557,13.557,13.557,0.2,13.54,13.55,13.52,13.55,1976.85,13.54752,13.54752,13.53664,13.53664,307.055302
2025-12-07 22:21,13.543,13.564,13.516,13.556,3583.29,13.55000000,13.57000000,13.51000000,13.56000000,5970.92000000,13.55,13.55,13.55,13.55,0.2,13.55,13.56,13.51,13.55,3584.05,13.5421,13.54429,13.5421,13.54429,2.09504949
2025-12-07 22:22,13.561,13.572,13.547,13.561,1781.81,13.56000000,13.57000000,13.55000000,13.56000000,1112.17000000,,,,,,13.55,13.57,13.55,13.57,1937.95,13.55075,13.56615,13.54562,13.56615,45.519174050000004
2025-12-07 22:23,13.558,13.567,13.545,13.563,661.2,13.56000000,13.56000000,13.55000000,13.56000000,338.27000000,,,,,,13.57,13.57,13.54,13.57,209.46,13.54973,13.54973,13.54973,13.54973,21.6
2025-12-07 22:24,13.562,13.562,13.527,13.535,2892.11,13.56000000,13.57000000,13.53000000,13.53000000,2089.23000000,,,,,,13.57,13.57,13.52,13.54,1244.61,13.5385,13.5385,13.52556,13.52556,70.0799
2025-12-07 22:25,13.53,13.568,13.527,13.568,972.37,13.53000000,13.57000000,13.53000000,13.56000000,1821.16000000,,,,,,13.54,13.57,13.52,13.57,1110.3,13.53597,13.5562,13.53597,13.5562,37.35970227
2025-12-07 22:26,13.569,13.625,13.569,13.606,2599.92,13.57000000,13.63000000,13.57000000,13.61000000,5970.90000000,,,,,,13.57,13.63,13.57,13.6,3777.6,13.57607,13.62154,13.57607,13.62154,1786.66021326
2025-12-07 22:27,13.604,13.604,13.575,13.593,1081.92,13.61000000,13.61000000,13.57000000,13.59000000,1471.37000000,,,,,,13.6,13.6,13.57,13.6,911.61,13.60434,13.60434,13.60429,13.60429,9.55579572
2025-12-07 22:28,13.595,13.601,13.578,13.597,756.32,13.60000000,13.60000000,13.58000000,13.60000000,355.84000000,,,,,,13.6,13.6,13.57,13.6,211.36,,,,,0.0
2025-12-07 22:29,13.596,13.624,13.596,13.624,530.62,13.60000000,13.62000000,13.60000000,13.62000000,1729.58000000,,,,,,13.6,13.63,13.59,13.63,1544.39,13.59394,13.62609,13.59394,13.62609,9.57896631
2025-12-07 22:30,13.624,13.628,13.605,13.628,1063.83,13.62000000,13.63000000,13.60000000,13.62000000,3963.38000000,,,,,,13.63,13.63,13.6,13.63,2364.71,,,,,0.0
2025-12-07 22:31,13.629,13.635,13.601,13.622,12916.09,13.63000000,13.64000000,13.60000000,13.62000000,3513.24000000,,,,,,13.63,13.64,13.6,13.62,2066.44,13.62358,13.63509,13.62358,13.62634,983.7083293200001
2025-12-07 22:32,13.626,13.654,13.619,13.647,36802.82,13.63000000,13.65000000,13.62000000,13.65000000,2122.09000000,,,,,,13.62,13.65,13.61,13.65,1337.55,13.63756,13.63756,13.63756,13.63756,1.94096981
2025-12-07 22:33,13.651,13.684,13.651,13.684,3166.59,13.65000000,13.68000000,13.65000000,13.68000000,8661.21000000,,,,,,13.65,13.68,13.64,13.68,5182,13.64242,13.66903,13.64242,13.66903,40.8469203
2025-12-07 22:34,13.685,13.753,13.684,13.705,7272.94,13.68000000,13.75000000,13.68000000,13.70000000,5613.16000000,13.687,13.713,13.687,13.713,0.4,13.68,13.75,13.68,13.7,3387.63,13.67306,13.74057,13.67306,13.71384,93.16148308
2025-12-07 22:35,13.704,13.704,13.645,13.658,2093.01,13.70000000,13.70000000,13.64000000,13.65000000,5805.15000000,,,,,,13.7,13.7,13.64,13.66,6698.96,13.70406,13.70406,13.65419,13.6542,529.15331775
2025-12-07 22:36,13.658,13.666,13.634,13.634,1315.33,13.66000000,13.67000000,13.63000000,13.63000000,5336.90000000,,,,,,13.66,13.67,13.64,13.64,3557.45,13.65419,13.65706,13.64834,13.64834,64.93433589
2025-12-07 22:37,13.633,13.66,13.629,13.644,959.59,13.63000000,13.66000000,13.63000000,13.65000000,4939.23000000,,,,,,13.64,13.66,13.63,13.65,2973.53,13.65832,13.65832,13.65832,13.65832,0.24336
2025-12-07 22:38,13.644,13.66,13.644,13.66,900.99,13.65000000,13.65000000,13.65000000,13.65000000,1354.26000000,,,,,,13.65,13.66,13.64,13.66,805.37,13.6426,13.6426,13.6426,13.6426,1.41583577
2025-12-07 22:39,13.662,13.705,13.662,13.693,2026.67,13.66000000,13.70000000,13.66000000,13.70000000,1404.42000000,13.674,13.7,13.674,13.7,0.8,13.66,13.7,13.66,13.69,842.55,13.67021,13.70444,13.67021,13.70444,21.5092839
2025-12-07 22:40,13.696,13.702,13.672,13.68,1222.92,13.70000000,13.71000000,13.66000000,13.67000000,1907.61000000,,,,,,13.69,13.7,13.67,13.67,1983.01,13.68948,13.68948,13.68948,13.68948,0.71534
2025-12-07 22:41,13.681,13.707,13.677,13.677,2212.28,13.68000000,13.71000000,13.67000000,13.68000000,1729.06000000,,,,,,13.67,13.71,13.67,13.68,1037.56,13.68677,13.69347,13.68677,13.69347,27.039506030000002
2025-12-07 22:42,13.676,13.691,13.668,13.685,1131.35,13.67000000,13.69000000,13.66000000,13.69000000,1012.78000000,,,,,,13.68,13.69,13.66,13.69,607.5,13.68818,13.68818,13.68818,13.68818,2.7296
2025-12-07 22:43,13.687,13.703,13.687,13.703,78.21,13.69000000,13.70000000,13.68000000,13.70000000,1882.41000000,,,,,,13.69,13.7,13.68,13.7,1109.01,13.6871,13.69287,13.6871,13.69287,6.48852728
2025-12-07 22:44,13.703,13.708,13.695,13.703,2545.03,13.70000000,13.71000000,13.70000000,13.70000000,1436.88000000,,,,,,13.7,13.71,13.69,13.69,861.48,,,,,0.0
2025-12-07 22:45,13.704,13.719,13.704,13.712,2268.11,13.70000000,13.72000000,13.70000000,13.71000000,917.24000000,,,,,,13.69,13.72,13.69,13.72,567.9,13.7036,13.71164,13.7036,13.71164,36.48322125999999
2025-12-07 22:46,13.708,13.708,13.7,13.701,3229.99,13.72000000,13.72000000,13.69000000,13.70000000,667.85000000,,,,,,13.72,13.72,13.69,13.69,400.57,13.70693,13.70693,13.699,13.70494,218.76808026
2025-12-07 22:47,13.701,13.736,13.701,13.734,6381.61,13.70000000,13.73000000,13.70000000,13.73000000,809.81000000,,,,,,13.69,13.73,13.69,13.72,485.76,13.71165,13.71419,13.71165,13.71419,20.536850060000003
2025-12-07 22:48,13.734,13.734,13.7,13.7,4926.29,13.73000000,13.73000000,13.69000000,13.69000000,2257.12000000,,,,,,13.72,13.73,13.69,13.69,1616.92,,,,,0.0
2025-12-07 22:49,13.7,13.7,13.684,13.687,4380.9,13.69000000,13.69000000,13.67000000,13.68000000,1765.90000000,,,,,,13.69,13.69,13.67,13.68,1059.52,,,,,0.0
2025-12-07 22:50,13.687,13.698,13.683,13.692,1530.69,13.68000000,13.70000000,13.67000000,13.69000000,1461.98000000,,,,,,13.68,13.69,13.67,13.68,2029.29,,,,,0.0
2025-12-07 22:51,13.692,13.693,13.672,13.679,7633.1,13.69000000,13.69000000,13.66000000,13.67000000,2384.53000000,,,,,,13.68,13.68,13.66,13.68,1421.95,13.683,13.68352,13.68,13.68,196.59723319
2025-12-07 22:52,13.68,13.684,13.651,13.651,3097.21,13.68000000,13.68000000,13.65000000,13.65000000,753.61000000,,,,,,13.68,13.68,13.64,13.64,428.59,13.68,13.68,13.673,13.673,115.36193681
2025-12-07 22:53,13.655,13.656,13.623,13.639,4602.7,13.65000000,13.66000000,13.61000000,13.63000000,3041.85000000,,,,,,13.64,13.66,13.61,13.64,1848.75,13.65,13.65,13.62859,13.62859,578.49192084
2025-12-07 22:54,13.637,13.652,13.61,13.622,3808.38,13.63000000,13.65000000,13.60000000,13.62000000,2403.26000000,,,,,,13.64,13.65,13.6,13.61,2047.19,13.63558,13.63559,13.623,13.623,97.16422351
2025-12-07 22:55,13.618,13.618,13.518,13.567,3854.63,13.61000000,13.62000000,13.51000000,13.56000000,12843.93000000,,,,,,13.61,13.62,13.52,13.56,8513.56,13.613,13.613,13.5341,13.56051,1787.66876927
2025-12-07 22:56,13.569,13.606,13.569,13.589,3495.79,13.57000000,13.60000000,13.57000000,13.58000000,2231.56000000,,,,,,13.56,13.6,13.56,13.59,1338.11,13.57086,13.57414,13.57086,13.57414,5.34118861
2025-12-07 22:57,13.59,13.593,13.58,13.589,653.97,13.58000000,13.59000000,13.57000000,13.58000000,1772.96000000,,,,,,13.59,13.59,13.57,13.58,1065.4,13.5789,13.5789,13.5789,13.5789,3.33848889
2025-12-07 22:58,13.587,13.608,13.571,13.6,983.43,13.58000000,13.60000000,13.57000000,13.60000000,6043.37000000,,,,,,13.58,13.6,13.57,13.59,3624,,,,,0.0
2025-12-07 22:59,13.596,13.596,13.572,13.576,400.44,13.59000000,13.59000000,13.56000000,13.57000000,1281.90000000,,,,,,13.59,13.6,13.56,13.57,771.27,13.60103,13.60103,13.57374,13.58262,224.79181873000002
2025-12-07 23:00,13.575,13.599,13.568,13.599,1070.19,13.57000000,13.60000000,13.56000000,13.60000000,1750.56000000,,,,,,13.57,13.6,13.56,13.6,1076.07,13.57677,13.57677,13.57677,13.57677,24.46403616
2025-12-07 23:01,13.599,13.612,13.588,13.588,799.6,13.60000000,13.61000000,13.58000000,13.59000000,4170.33000000,,,,,,13.6,13.61,13.59,13.59,2517.06,13.5899,13.60115,13.5899,13.60115,4.71112024
2025-12-07 23:02,13.584,13.608,13.56,13.606,2255.71,13.58000000,13.60000000,13.56000000,13.60000000,4517.34000000,,,,,,13.59,13.61,13.56,13.6,2593.72,,,,,0.0
2025-12-07 23:03,13.6,13.612,13.594,13.598,1243.58,13.59000000,13.61000000,13.59000000,13.60000000,3429.91000000,,,,,,13.6,13.61,13.59,13.59,2320.55,,,,,0.0
2025-12-07 23:04,13.598,13.598,13.563,13.586,1149.35,13.59000000,13.59000000,13.56000000,13.59000000,1563.18000000,,,,,,13.59,13.6,13.56,13.58,937.85,,,,,0.0
2025-12-07 23:05,13.587,13.587,13.529,13.529,1968.14,13.58000000,13.58000000,13.52000000,13.53000000,1677.07000000,13.57,13.57,13.558,13.558,0.6000000000000001,13.58,13.58,13.53,13.53,756.43,,,,,0.0
2025-12-07 23:06,13.528,13.54,13.503,13.503,1019.87,13.53000000,13.54000000,13.50000000,13.51000000,4647.77000000,13.534,13.534,13.534,13.534,0.2,13.53,13.54,13.5,13.51,3463.25,13.53,13.53,13.51494,13.51494,97.24449895000001
2025-12-07 23:07,13.504,13.556,13.504,13.548,875.34,13.51000000,13.56000000,13.51000000,13.55000000,1310.84000000,,,,,,13.51,13.56,13.51,13.54,1105.39,13.51629,13.54821,13.51629,13.54516,53.70138249
2025-12-07 23:08,13.548,13.552,13.513,13.516,35002.79,13.55000000,13.55000000,13.52000000,13.52000000,3369.00000000,13.541,13.541,13.537,13.537,0.4,13.54,13.56,13.52,13.53,2022.29,13.54851,13.54851,13.54851,13.54851,0.22428439
2025-12-07 23:09,13.517,13.524,13.497,13.497,17682.06,13.53000000,13.53000000,13.50000000,13.50000000,4594.53000000,,,,,,13.53,13.53,13.5,13.51,1359.72,13.53027,13.5303,13.53027,13.5303,368.73156342000004
2025-12-07 23:10,13.496,13.543,13.488,13.543,1472.08,13.50000000,13.54000000,13.49000000,13.54000000,1845.17000000,13.518,13.518,13.516,13.516,0.4,13.51,13.55,13.49,13.55,2504.56,13.51325,13.5297,13.49844,13.5297,1380.69181811
2025-12-07 23:11,13.544,13.547,13.525,13.525,1075.43,13.55000000,13.55000000,13.53000000,13.53000000,450.43000000,,,,,,13.55,13.55,13.52,13.52,270.37,13.54106,13.54106,13.54106,13.54106,0.22450219
2025-12-07 23:12,13.526,13.539,13.519,13.52,1283.49,13.53000000,13.54000000,13.51000000,13.51000000,2677.54000000,,,,,,13.52,13.54,13.51,13.52,1573.37,13.52465,13.52465,13.51926,13.51926,300.0
2025-12-07 23:13,13.521,13.539,13.521,13.53,1672.64,13.53000000,13.54000000,13.52000000,13.53000000,2403.62000000,,,,,,13.52,13.54,13.52,13.53,1474.54,13.52912,13.53269,13.52912,13.53269,57.304779100000005
2025-12-07 23:14,13.53,13.541,13.518,13.541,609.83,13.53000000,13.55000000,13.51000000,13.55000000,500.76000000,,,,,,13.53,13.55,13.51,13.54,298.87,13.52605,13.53547,13.52605,13.53547,300.87691
2025-12-07 23:15,13.541,13.574,13.541,13.574,957.38,13.54000000,13.57000000,13.54000000,13.57000000,3251.79000000,,,,,,13.54,13.58,13.53,13.58,1980.17,13.53548,13.5459,13.53548,13.5459,41.700508240000005
2025-12-07 23:16,13.571,13.574,13.55,13.564,1240.36,13.57000000,13.57000000,13.55000000,13.57000000,5314.85000000,,,,,,13.58,13.58,13.54,13.57,3190.01,13.57036,13.57036,13.57032,13.57032,1.04271
2025-12-07 23:17,13.564,13.564,13.55,13.557,1468.45,13.56000000,13.57000000,13.55000000,13.55000000,406.17000000,,,,,,13.57,13.57,13.55,13.55,243.61,,,,,0.0
2025-12-07 23:18,13.553,13.553,13.541,13.552,2313.15,13.55000000,13.56000000,13.54000000,13.55000000,1379.72000000,,,,,,13.55,13.56,13.54,13.56,828.95,13.55888,13.55888,13.55888,13.55888,7.37524043
2025-12-07 23:19,13.552,13.557,13.538,13.546,994.58,13.55000000,13.55000000,13.53000000,13.54000000,759.64000000,,,,,,13.56,13.56,13.53,13.55,455.88,13.54551,13.54551,13.54551,13.54551,4.01205386
2025-12-07 23:20,13.547,13.565,13.546,13.556,6350.88,13.55000000,13.56000000,13.55000000,13.56000000,1007.13000000,,,,,,13.55,13.57,13.54,13.56,336.35,13.55068,13.55614,13.55068,13.55614,29.932875969999998
2025-12-07 23:21,13.557,13.582,13.554,13.582,1681.13,13.56000000,13.58000000,13.55000000,13.58000000,1942.50000000,,,,,,13.56,13.59,13.55,13.59,1165.4,13.55614,13.58036,13.55614,13.58036,60.50028466
2025-12-07 23:22,13.581,13.595,13.569,13.594,1927.98,13.59000000,13.60000000,13.57000000,13.60000000,6404.29000000,,,,,,13.59,13.59,13.56,13.59,3784.65,13.57212,13.5858,13.57212,13.5858,41.62991
2025-12-07 23:23,13.593,13.598,13.577,13.597,893.26,13.60000000,13.60000000,13.58000000,13.60000000,1529.77000000,,,,,,13.59,13.6,13.57,13.6,1288.93,13.5858,13.59243,13.5858,13.59243,2.74293
2025-12-07 23:24,13.599,13.599,13.589,13.593,11388.65,13.60000000,13.60000000,13.59000000,13.59000000,2426.07000000,,,,,,13.6,13.61,13.58,13.6,1455.5,13.59243,13.59893,13.59243,13.59893,1.97086234
2025-12-07 23:25,13.594,13.594,13.58,13.588,1189.38,13.60000000,13.60000000,13.58000000,13.59000000,351.96000000,,,,,,13.6,13.6,13.58,13.59,206.83,13.59892,13.59892,13.58778,13.58779,8.72228544
2025-12-07 23:26,13.585,13.588,13.571,13.585,1591.43,13.59000000,13.59000000,13.57000000,13.59000000,805.57000000,,,,,,13.59,13.59,13.57,13.59,483.27,13.58053,13.58053,13.58053,13.58053,29.5491
2025-12-07 23:27,13.587,13.618,13.587,13.616,2892.5,13.59000000,13.62000000,13.59000000,13.62000000,1875.95000000,,,,,,13.59,13.62,13.59,13.61,1065.3,13.58053,13.60544,13.58053,13.60544,2.79062605
2025-12-07 23:28,13.618,13.619,13.602,13.609,1142.31,13.62000000,13.62000000,13.60000000,13.61000000,711.66000000,,,,,,13.61,13.62,13.6,13.6,487.09,13.60995,13.60995,13.60995,13.60995,14.19876
2025-12-07 23:29,13.605,13.605,13.597,13.601,286.07,13.61000000,13.61000000,13.59000000,13.60000000,867.71000000,,,,,,13.6,13.61,13.59,13.6,520.66,,,,,0.0
2025-12-07 23:30,13.6,13.603,13.593,13.595,495.82,13.60000000,13.60000000,13.59000000,13.60000000,1787.16000000,,,,,,13.6,13.61,13.59,13.6,1130.58,13.60074,13.60074,13.60074,13.60074,6.50861819
2025-12-07 23:31,13.596,13.601,13.588,13.589,484.76,13.60000000,13.61000000,13.58000000,13.59000000,1158.53000000,,,,,,13.6,13.6,13.58,13.59,688.65,13.59468,13.59868,13.5935,13.5935,9.94993588
2025-12-07 23:32,13.59,13.62,13.59,13.618,942.28,13.60000000,13.62000000,13.60000000,13.62000000,4040.24000000,,,,,,13.59,13.63,13.59,13.61,2424.71,13.60074,13.61438,13.60074,13.61438,1019.05293547
2025-12-07 23:33,13.62,13.624,13.61,13.622,2388.09,13.62000000,13.63000000,13.61000000,13.62000000,278.45000000,,,,,,13.61,13.63,13.61,13.62,167.09,,,,,0.0
2025-12-07 23:34,13.622,13.624,13.612,13.622,3575.72,13.62000000,13.63000000,13.61000000,13.62000000,3036.72000000,,,,,,13.62,13.63,13.61,13.62,1822.44,,,,,0.0
2025-12-07 23:35,13.62,13.63,13.608,13.609,2190.08,13.62000000,13.64000000,13.61000000,13.62000000,1314.04000000,,,,,,13.62,13.64,13.61,13.61,787.09,,,,,0.0
2025-12-07 23:36,13.608,13.623,13.608,13.616,535.79,13.61000000,13.62000000,13.60000000,13.61000000,953.50000000,,,,,,13.61,13.63,13.61,13.62,562.48,13.61269,13.61984,13.61269,13.61984,28.27315223
2025-12-07 23:37,13.617,13.622,13.611,13.615,1401.31,13.61000000,13.62000000,13.61000000,13.62000000,13.93000000,,,,,,13.62,13.63,13.61,13.62,16.92,,,,,0.0
2025-12-07 23:38,13.612,13.612,13.58,13.58,1550.85,13.61000000,13.61000000,13.58000000,13.58000000,909.99000000,,,,,,13.62,13.62,13.58,13.58,543.9,13.60491,13.60491,13.60395,13.60395,21.96812055
2025-12-07 23:39,13.58,13.581,13.547,13.564,4381.94,13.58000000,13.58000000,13.55000000,13.56000000,3092.33000000,,,,,,13.58,13.59,13.54,13.56,1857.93,13.583,13.583,13.56152,13.56152,53.40071728
2025-12-07 23:40,13.565,13.567,13.546,13.546,971.1,13.56000000,13.56000000,13.55000000,13.55000000,381.26000000,,,,,,13.56,13.56,13.54,13.55,228.3,13.56681,13.56681,13.56681,13.56681,0.7
2025-12-07 23:41,13.545,13.552,13.539,13.552,594.69,13.54000000,13.56000000,13.54000000,13.56000000,3689.35000000,,,,,,13.55,13.55,13.54,13.55,1740.23,13.54623,13.54623,13.54623,13.54623,9.77833448
2025-12-07 23:42,13.549,13.556,13.542,13.556,238.2,13.55000000,13.55000000,13.54000000,13.55000000,649.48000000,,,,,,13.55,13.56,13.54,13.55,862.31,13.54171,13.55734,13.5388,13.55734,521.23893805
2025-12-07 23:43,13.551,13.562,13.548,13.562,158.44,13.55000000,13.56000000,13.55000000,13.56000000,645.84000000,,,,,,13.55,13.56,13.54,13.56,387.39,13.54933,13.56168,13.54864,13.56168,350.98448
2025-12-07 23:44,13.556,13.565,13.556,13.565,55.88,13.56000000,13.56000000,13.55000000,13.56000000,192.41000000,,,,,,13.56,13.57,13.55,13.57,115.42,13.56779,13.56779,13.56779,13.56779,0.71902
2025-12-07 23:45,13.564,13.568,13.56,13.568,650.36,13.56000000,13.56000000,13.56000000,13.56000000,187.67000000,,,,,,13.57,13.57,13.56,13.57,113.92,,,,,0.0
2025-12-07 23:46,13.569,13.593,13.567,13.592,1285.0,13.56000000,13.59000000,13.56000000,13.59000000,4351.93000000,,,,,,13.57,13.6,13.56,13.59,2673.79,13.56769,13.57599,13.56769,13.57599,23.63626124
2025-12-07 23:47,13.594,13.602,13.588,13.602,247.07,13.59000000,13.60000000,13.58000000,13.60000000,617.55000000,,,,,,13.59,13.6,13.58,13.59,369.93,,,,,0.0
2025-12-07 23:48,13.601,13.615,13.601,13.61,731.84,13.59000000,13.61000000,13.59000000,13.61000000,2027.16000000,,,,,,13.59,13.62,13.59,13.6,1216.78,13.59385,13.60591,13.59385,13.60591,97.90016987999999
2025-12-07 23:49,13.607,13.614,13.601,13.606,846.95,13.60000000,13.62000000,13.60000000,13.60000000,672.78000000,,,,,,13.6,13.62,13.6,13.61,403.59,13.60664,13.60664,13.60664,13.60664,0.71902
2025-12-07 23:50,13.605,13.614,13.595,13.614,1685.18,13.60000000,13.61000000,13.59000000,13.61000000,1285.55000000,,,,,,13.61,13.61,13.59,13.61,801.53,13.60664,13.60664,13.60307,13.60307,26.88846887
2025-12-07 23:51,13.613,13.631,13.613,13.631,521.97,13.61000000,13.63000000,13.61000000,13.62000000,538.48000000,,,,,,13.61,13.64,13.61,13.62,323.48,13.61568,13.62051,13.61568,13.62051,2.57407
2025-12-07 23:52,13.626,13.626,13.608,13.61,962.47,13.63000000,13.63000000,13.60000000,13.61000000,1048.10000000,,,,,,13.62,13.63,13.6,13.61,587.84,,,,,0.0
2025-12-07 23:53,13.616,13.626,13.616,13.621,189.81,13.61000000,13.63000000,13.61000000,13.62000000,151.25000000,,,,,,13.61,13.63,13.61,13.62,155.43,13.62,13.62,13.62,13.62,14.6837
2025-12-07 23:54,13.623,13.635,13.621,13.635,822.08,13.62000000,13.64000000,13.62000000,13.63000000,3314.07000000,,,,,,13.62,13.64,13.62,13.64,1964.35,13.62,13.62609,13.62,13.62609,470.45093957
2025-12-07 23:55,13.636,13.66,13.636,13.654,14421.51,13.63000000,13.67000000,13.63000000,13.65000000,3687.72000000,,,,,,13.64,13.67,13.63,13.65,2232.52,13.628,13.65343,13.628,13.65224,650.44459912
2025-12-07 23:56,13.656,13.66,13.632,13.632,807.97,13.65000000,13.67000000,13.63000000,13.63000000,2220.43000000,,,,,,13.65,13.67,13.64,13.64,1329.47,,,,,0.0
2025-12-07 23:57,13.633,13.651,13.627,13.648,4403.69,13.63000000,13.65000000,13.63000000,13.65000000,7649.74000000,,,,,,13.64,13.66,13.62,13.66,4592.71,13.64096,13.64935,13.64096,13.64935,2296.95677655
2025-12-07 23:58,13.649,13.656,13.642,13.656,1488.35,13.65000000,13.66000000,13.64000000,13.65000000,96.72000000,,,,,,13.66,13.66,13.64,13.65,63.23,,,,,0.0
2025-12-07 23:59,13.654,13.663,13.634,13.635,6921.69,13.65000000,13.66000000,13.65000000,13.65000000,1472.64000000,,,,,,13.65,13.67,13.65,13.66,1360.5,13.65973,13.66235,13.6577,13.65967,56.768421239999995
2025-12-08 00:00,13.636,13.636,13.613,13.621,2474.58,13.65000000,13.65000000,13.61000000,13.63000000,12883.16000000,,,,,,13.66,13.66,13.61,13.63,6489.49,13.65133,13.65133,13.623,13.623,30.24846876
2025-12-08 00:01,13.62,13.62,13.597,13.614,2618.75,13.63000000,13.63000000,13.60000000,13.62000000,2426.88000000,,,,,,13.63,13.63,13.6,13.61,1455.99,13.61539,13.61539,13.60021,13.60074,64.77376167
2025-12-08 00:02,13.615,13.625,13.609,13.624,920.39,13.61000000,13.63000000,13.61000000,13.62000000,1390.02000000,,,,,,13.61,13.63,13.61,13.62,1547.57,,,,,0.0
2025-12-08 00:03,13.62,13.629,13.619,13.623,511.54,13.62000000,13.63000000,13.61000000,13.63000000,330.33000000,,,,,,13.62,13.64,13.61,13.63,177.63,,,,,0.0
2025-12-08 00:04,13.622,13.66,13.622,13.65,990.04,13.62000000,13.66000000,13.62000000,13.65000000,3832.67000000,,,,,,13.63,13.66,13.62,13.65,2255.03,13.64053,13.6445,13.64053,13.6445,54.74088852
2025-12-08 00:05,13.647,13.65,13.631,13.635,657.89,13.65000000,13.65000000,13.62000000,13.63000000,2041.36000000,,,,,,13.65,13.66,13.62,13.63,89.82,13.65061,13.65061,13.65061,13.65061,3.0
2025-12-08 00:06,13.636,13.636,13.593,13.612,2758.77,13.63000000,13.63000000,13.59000000,13.59000000,4057.94000000,,,,,,13.63,13.63,13.59,13.59,2435.43,13.613,13.613,13.59336,13.59336,34.59154
2025-12-08 00:07,13.613,13.628,13.612,13.626,601.59,13.60000000,13.62000000,13.60000000,13.62000000,1289.69000000,,,,,,13.59,13.63,13.59,13.63,773.51,,,,,0.0
2025-12-08 00:08,13.627,13.633,13.601,13.601,913.76,13.63000000,13.63000000,13.60000000,13.60000000,1007.75000000,,,,,,13.63,13.63,13.6,13.6,611.09,,,,,0.0
2025-12-08 00:09,13.6,13.628,13.6,13.617,1994.32,13.60000000,13.63000000,13.60000000,13.62000000,507.63000000,,,,,,13.6,13.63,13.6,13.61,395.75,13.60067,13.60067,13.60067,13.60067,7.19035569
2025-12-08 00:10,13.616,13.616,13.599,13.609,503.01,13.61000000,13.61000000,13.59000000,13.61000000,932.79000000,,,,,,13.61,13.61,13.6,13.61,621.08,13.61158,13.61273,13.6077,13.61247,237.28433277
2025-12-08 00:11,13.602,13.613,13.596,13.607,645.03,13.60000000,13.61000000,13.59000000,13.60000000,763.46000000,,,,,,13.61,13.62,13.6,13.6,458.88,,,,,0.0
2025-12-08 00:12,13.608,13.621,13.602,13.615,579.63,13.60000000,13.62000000,13.60000000,13.61000000,1141.21000000,,,,,,13.6,13.63,13.6,13.63,682.22,,,,,0.0
2025-12-08 00:13,13.617,13.618,13.607,13.61,313.67,13.61000000,13.61000000,13.60000000,13.61000000,345.81000000,,,,,,13.63,13.63,13.6,13.61,239.83,,,,,0.0
2025-12-08 00:14,13.61,13.616,13.605,13.616,848.3,13.61000000,13.61000000,13.60000000,13.61000000,555.26000000,,,,,,13.61,13.62,13.6,13.62,462.78,,,,,0.0
2025-12-08 00:15,13.608,13.631,13.608,13.622,540.12,13.61000000,13.63000000,13.60000000,13.62000000,838.06000000,,,,,,13.62,13.64,13.6,13.63,1172.23,13.62189,13.62715,13.62189,13.62715,14.69429113
2025-12-08 00:16,13.619,13.62,13.604,13.62,738.14,13.62000000,13.62000000,13.60000000,13.61000000,2149.78000000,,,,,,13.63,13.63,13.61,13.62,963.21,,,,,0.0
2025-12-08 00:17,13.62,13.632,13.618,13.632,223.32,13.62000000,13.63000000,13.61000000,13.63000000,607.44000000,,,,,,13.62,13.64,13.61,13.64,183.61,13.61969,13.63331,13.61969,13.63331,16.50456917
2025-12-08 00:18,13.628,13.63,13.609,13.609,586.66,13.64000000,13.64000000,13.61000000,13.61000000,1478.24000000,,,,,,13.64,13.64,13.6,13.61,886.75,13.63456,13.63456,13.63456,13.63456,1.95993
2025-12-08 00:19,13.609,13.609,13.588,13.592,1131.3,13.60000000,13.60000000,13.58000000,13.59000000,1318.72000000,,,,,,13.61,13.61,13.59,13.59,790.99,13.6097,13.6097,13.59602,13.59602,21.93203669
2025-12-08 00:20,13.587,13.615,13.583,13.614,436.96,13.58000000,13.61000000,13.58000000,13.61000000,812.62000000,,,,,,13.59,13.62,13.59,13.62,485.11,13.593,13.61513,13.593,13.60609,1452.83711469
2025-12-08 00:21,13.616,13.619,13.603,13.611,276.91,13.61000000,13.61000000,13.60000000,13.61000000,345.50000000,,,,,,13.62,13.62,13.6,13.61,207.25,13.60429,13.60429,13.60427,13.60427,12.13903892
2025-12-08 00:22,13.611,13.629,13.608,13.629,1056.59,13.61000000,13.62000000,13.60000000,13.62000000,156.94000000,,,,,,13.61,13.63,13.61,13.62,94.14,13.61055,13.61889,13.61055,13.6124,28.514539109999998
2025-12-08 00:23,13.627,13.657,13.625,13.656,1059.32,13.63000000,13.65000000,13.63000000,13.65000000,409.83000000,,,,,,13.62,13.66,13.62,13.65,249.37,13.62443,13.64631,13.62443,13.64631,8.81043942
2025-12-08 00:24,13.657,13.658,13.636,13.636,828.97,13.65000000,13.65000000,13.63000000,13.63000000,529.14000000,,,,,,13.65,13.65,13.64,13.64,317.52,13.64269,13.64658,13.64269,13.64658,0.41575783
2025-12-08 00:25,13.635,13.648,13.633,13.648,808.11,13.64000000,13.65000000,13.63000000,13.64000000,182.43000000,,,,,,13.64,13.65,13.63,13.65,115.73,13.64027,13.65423,13.64027,13.65423,3180.29320943
2025-12-08 00:26,13.647,13.647,13.634,13.647,1056.7,13.65000000,13.65000000,13.63000000,13.64000000,330.77000000,,,,,,13.65,13.65,13.64,13.64,198.4,13.64431,13.64431,13.64431,13.64431,0.74472806
2025-12-08 00:27,13.647,13.65,13.646,13.648,99.92,13.64000000,13.64000000,13.64000000,13.64000000,54.56000000,,,,,,13.64,13.65,13.64,13.65,32.73,13.65119,13.65119,13.65119,13.65119,0.14293657
2025-12-08 00:28,13.646,13.647,13.635,13.637,1129.68,13.65000000,13.65000000,13.63000000,13.63000000,47.75000000,,,,,,13.65,13.65,13.63,13.63,28.66,13.64917,13.65185,13.64654,13.64654,271.79967646
2025-12-08 00:29,13.637,13.639,13.634,13.635,374.9,13.63000000,13.63000000,13.63000000,13.63000000,0.55000000,,,,,,13.63,13.64,13.63,13.64,0.33,13.64018,13.64019,13.64018,13.64019,35.414919999999995
2025-12-08 00:30,13.634,13.634,13.624,13.631,209.42,13.63000000,13.63000000,13.62000000,13.63000000,716.31000000,,,,,,13.64,13.64,13.62,13.63,423.4,13.62981,13.62981,13.62981,13.62981,0.76292
2025-12-08 00:31,13.631,13.637,13.625,13.631,346.99,13.63000000,13.63000000,13.62000000,13.62000000,1208.24000000,,,,,,13.63,13.63,13.62,13.63,480.71,,,,,0.0
2025-12-08 00:32,13.63,13.652,13.629,13.652,371.86,13.63000000,13.65000000,13.63000000,13.64000000,1286.26000000,,,,,,13.63,13.65,13.62,13.65,2150.97,13.64845,13.64845,13.64845,13.64845,0.32556189
2025-12-08 00:33,13.649,13.665,13.649,13.655,482.04,13.65000000,13.67000000,13.65000000,13.66000000,2415.37000000,,,,,,13.65,13.66,13.65,13.66,1449.77,,,,,0.0
2025-12-08 00:34,13.655,13.67,13.65,13.661,2921.18,13.65000000,13.66000000,13.64000000,13.66000000,186.53000000,,,,,,13.66,13.66,13.65,13.65,138.74,,,,,0.0
2025-12-08 00:35,13.659,13.703,13.659,13.69,17527.22,13.66000000,13.71000000,13.65000000,13.70000000,10274.17000000,13.672,13.675,13.672,13.675,0.8,13.65,13.71,13.65,13.7,7202.24,13.657,13.66903,13.657,13.66903,47.280308240000004
2025-12-08 00:36,13.689,13.694,13.66,13.66,2637.69,13.69000000,13.69000000,13.66000000,13.67000000,1366.86000000,,,,,,13.7,13.7,13.66,13.66,280.37,13.68144,13.68144,13.68144,13.68144,8.66700253
2025-12-08 00:37,13.663,13.668,13.654,13.66,169.17,13.66000000,13.67000000,13.65000000,13.66000000,284.24000000,,,,,,13.66,13.67,13.65,13.66,181.86,13.66389,13.66389,13.66389,13.66389,0.365928
2025-12-08 00:38,13.657,13.67,13.649,13.664,1283.38,13.66000000,13.68000000,13.65000000,13.67000000,2845.69000000,,,,,,13.66,13.68,13.65,13.67,1696.12,,,,,0.0
2025-12-08 00:39,13.663,13.685,13.661,13.675,959.91,13.67000000,13.68000000,13.66000000,13.68000000,713.60000000,13.678,13.679,13.678,13.679,0.4,13.67,13.69,13.66,13.69,428.02,13.67483,13.68352,13.67483,13.68352,12.20016288
2025-12-08 00:40,13.675,13.692,13.674,13.691,508.2,13.68000000,13.70000000,13.67000000,13.69000000,613.25000000,,,,,,13.69,13.7,13.67,13.7,245,13.68358,13.68358,13.68358,13.68358,1.55143264
2025-12-08 00:41,13.689,13.689,13.675,13.686,504.82,13.69000000,13.70000000,13.68000000,13.69000000,1924.50000000,,,,,,13.7,13.7,13.67,13.68,1929.93,,,,,0.0
2025-12-08 00:42,13.686,13.688,13.678,13.684,209.28,13.69000000,13.69000000,13.68000000,13.68000000,391.86000000,,,,,,13.68,13.69,13.67,13.68,291.95,13.68781,13.68781,13.6878,13.6878,247.3616
2025-12-08 00:43,13.681,13.681,13.661,13.661,160.67,13.68000000,13.68000000,13.65000000,13.65000000,1678.67000000,,,,,,13.68,13.68,13.66,13.66,840.42,,,,,0.0
2025-12-08 00:44,13.658,13.663,13.646,13.646,282.19,13.65000000,13.67000000,13.65000000,13.66000000,2648.20000000,,,,,,13.66,13.67,13.65,13.65,1955.58,,,,,0.0
2025-12-08 00:45,13.645,13.653,13.624,13.624,1295.61,13.65000000,13.65000000,13.62000000,13.62000000,812.41000000,,,,,,13.65,13.66,13.62,13.62,307.64,,,,,0.0
2025-12-08 00:46,13.619,13.63,13.603,13.626,2569.33,13.62000000,13.63000000,13.61000000,13.62000000,3338.70000000,,,,,,13.62,13.64,13.61,13.63,2005.81,13.62152,13.62152,13.62152,13.62152,0.73048
2025-12-08 00:47,13.626,13.636,13.626,13.632,523.72,13.62000000,13.64000000,13.62000000,13.63000000,850.21000000,,,,,,13.63,13.64,13.62,13.64,453.79,,,,,0.0
2025-12-08 00:48,13.626,13.65,13.626,13.65,586.74,13.63000000,13.65000000,13.62000000,13.65000000,1230.49000000,,,,,,13.64,13.66,13.62,13.66,789.42,13.64088,13.64088,13.64088,13.64088,2.73846381
2025-12-08 00:49,13.651,13.654,13.644,13.651,211.8,13.65000000,13.66000000,13.64000000,13.65000000,218.81000000,,,,,,13.66,13.66,13.64,13.66,176.24,13.64698,13.64958,13.64698,13.64958,2.25444476
2025-12-08 00:50,13.648,13.657,13.643,13.643,249.41,13.65000000,13.66000000,13.64000000,13.65000000,356.81000000,,,,,,13.66,13.66,13.64,13.65,215.59,13.65399,13.65399,13.65327,13.65327,500.0
2025-12-08 00:51,13.642,13.642,13.631,13.634,45.07,13.65000000,13.65000000,13.62000000,13.63000000,96.21000000,,,,,,13.65,13.65,13.62,13.63,60.79,,,,,0.0
2025-12-08 00:52,13.631,13.642,13.629,13.634,100.33,13.63000000,13.65000000,13.63000000,13.63000000,381.22000000,,,,,,13.63,13.65,13.62,13.63,225.67,13.63377,13.63377,13.63377,13.63377,13.60863
2025-12-08 00:53,13.635,13.644,13.635,13.642,84.17,13.63000000,13.65000000,13.63000000,13.64000000,185.14000000,,,,,,13.63,13.65,13.63,13.65,108.45,,,,,0.0
2025-12-08 00:54,13.64,13.65,13.639,13.648,422.11,13.64000000,13.65000000,13.63000000,13.64000000,308.50000000,,,,,,13.65,13.65,13.63,13.65,187.66,13.64177,13.64602,13.64177,13.64601,191.79623594999998
2025-12-08 00:55,13.645,13.648,13.638,13.642,1184.85,13.64000000,13.65000000,13.63000000,13.64000000,108.82000000,,,,,,13.65,13.65,13.63,13.64,64.75,13.64536,13.64536,13.64536,13.64536,18.3212462
2025-12-08 00:56,13.641,13.645,13.633,13.638,656.21,13.64000000,13.64000000,13.63000000,13.63000000,386.68000000,,,,,,13.64,13.65,13.63,13.63,236.4,,,,,
2025-12-08 00:57,13.639,13.649,13.639,13.641,261.56,13.64000000,13.65000000,13.64000000,13.64000000,243.13000000,,,,,,13.63,13.66,13.63,13.64,143.57,,,,,
2025-12-08 00:58,13.64,13.64,13.629,13.63,330.54,13.64000000,13.64000000,13.62000000,13.62000000,219.41000000,,,,,,13.64,13.65,13.63,13.63,133.94,,,,,
2025-12-08 00:59,13.631,13.638,13.629,13.635,664.26,13.63000000,13.64000000,13.63000000,13.64000000,2049.55000000,,,,,,13.63,13.64,13.63,13.64,1230.15,,,,,
2025-12-08 01:00,13.635,13.642,13.633,13.639,527.09,13.63000000,13.65000000,13.63000000,13.64000000,288.12000000,,,,,,13.64,13.65,13.63,13.64,170.3,13.641,13.641,13.641,13.641,6.50861819
2025-12-08 01:01,13.638,13.638,13.622,13.633,412.29,13.63000000,13.64000000,13.62000000,13.64000000,1196.91000000,,,,,,13.64,13.64,13.62,13.63,719.34,,,,,0.0
2025-12-08 01:02,13.633,13.64,13.63,13.639,365.75,13.64000000,13.64000000,13.63000000,13.64000000,849.04000000,,,,,,13.63,13.64,13.63,13.64,509.58,,,,,0.0
2025-12-08 01:03,13.64,13.675,13.64,13.669,2632.08,13.64000000,13.68000000,13.64000000,13.67000000,9165.41000000,,,,,,13.64,13.68,13.63,13.68,5497.33,13.64775,13.65764,13.64775,13.65764,6.45689318
2025-12-08 01:04,13.67,13.67,13.651,13.651,2069.49,13.67000000,13.67000000,13.65000000,13.65000000,9852.99000000,,,,,,13.68,13.68,13.65,13.65,5906.65,,,,,0.0
2025-12-08 01:05,13.65,13.672,13.646,13.672,547.65,13.65000000,13.67000000,13.64000000,13.67000000,60.14000000,,,,,,13.65,13.68,13.64,13.67,53.42,13.6736,13.6736,13.6736,13.6736,0.21831
2025-12-08 01:06,13.67,13.686,13.667,13.686,1571.99,13.66000000,13.68000000,13.66000000,13.68000000,403.05000000,,,,,,13.67,13.69,13.66,13.69,235.67,,,,,0.0
2025-12-08 01:07,13.687,13.706,13.68,13.683,5813.22,13.69000000,13.70000000,13.68000000,13.68000000,1223.04000000,13.703,13.703,13.703,13.703,0.2,13.69,13.71,13.68,13.68,733.58,13.69556,13.69775,13.69051,13.691,68.01558198000001
2025-12-08 01:08,13.686,13.707,13.686,13.697,4306.01,13.69000000,13.71000000,13.68000000,13.70000000,2191.97000000,,,,,,13.68,13.71,13.68,13.7,1315.53,13.68674,13.70221,13.68674,13.70221,7.81447633
2025-12-08 01:09,13.698,13.725,13.698,13.725,1878.49,13.70000000,13.72000000,13.69000000,13.72000000,1334.29000000,13.711,13.711,13.711,13.711,0.2,13.7,13.73,13.69,13.72,1796.52,13.70744,13.71733,13.70744,13.71733,28.17998702
2025-12-08 01:10,13.726,13.73,13.714,13.726,1281.99,13.73000000,13.73000000,13.72000000,13.72000000,231.97000000,,,,,,13.72,13.73,13.72,13.73,260.1,13.71795,13.72308,13.71795,13.72209,4.74942586
2025-12-08 01:11,13.727,13.743,13.727,13.738,1071.47,13.72000000,13.75000000,13.72000000,13.73000000,871.33000000,,,,,,13.73,13.75,13.73,13.74,522.88,13.72308,13.73722,13.72308,13.73722,7.702584139999999
2025-12-08 01:12,13.739,13.749,13.739,13.74,11843.79,13.74000000,13.76000000,13.73000000,13.74000000,989.14000000,13.74,13.753,13.74,13.753,1.0,13.74,13.76,13.73,13.74,574.16,13.73722,13.74651,13.73722,13.74651,21.62997551
2025-12-08 01:13,13.739,13.739,13.709,13.71,3904.51,13.75000000,13.75000000,13.71000000,13.71000000,1887.90000000,,,,,,13.74,13.75,13.71,13.71,4413.68,,,,,0.0
2025-12-08 01:14,13.712,13.725,13.711,13.722,527.63,13.72000000,13.73000000,13.72000000,13.72000000,135.19000000,,,,,,13.71,13.73,13.71,13.72,1478.24,,,,,0.0
2025-12-08 01:15,13.722,13.722,13.695,13.696,3589.13,13.72000000,13.72000000,13.69000000,13.70000000,1331.01000000,,,,,,13.72,13.72,13.69,13.7,715.99,,,,,0.0
2025-12-08 01:16,13.697,13.708,13.689,13.706,556.4,13.70000000,13.71000000,13.68000000,13.70000000,259.38000000,,,,,,13.7,13.71,13.68,13.7,165.26,13.703,13.703,13.703,13.703,24.9813986
2025-12-08 01:17,13.707,13.716,13.706,13.711,340.47,13.71000000,13.72000000,13.70000000,13.70000000,185.19000000,,,,,,13.7,13.72,13.7,13.71,117.08,13.70738,13.71423,13.70431,13.71423,350.59021
2025-12-08 01:18,13.71,13.74,13.709,13.74,770.17,13.71000000,13.74000000,13.71000000,13.74000000,157.49000000,,,,,,13.71,13.74,13.71,13.73,119.14,13.71,13.71722,13.71,13.71722,16.67466662
2025-12-08 01:19,13.74,13.749,13.722,13.724,6818.93,13.74000000,13.75000000,13.73000000,13.73000000,12646.00000000,,,,,,13.73,13.76,13.72,13.73,7571.66,13.73626,13.741,13.73626,13.741,2.69312764
2025-12-08 01:20,13.726,13.735,13.717,13.721,380.79,13.72000000,13.73000000,13.72000000,13.73000000,50.90000000,,,,,,13.73,13.73,13.72,13.73,116.2,,,,,0.0
2025-12-08 01:21,13.721,13.724,13.693,13.694,2150.9,13.73000000,13.73000000,13.69000000,13.70000000,3279.59000000,,,,,,13.73,13.73,13.7,13.7,2860.63,13.71932,13.71932,13.71932,13.71932,10.83045531
2025-12-08 01:22,13.696,13.721,13.696,13.721,721.03,13.70000000,13.73000000,13.70000000,13.73000000,717.66000000,,,,,,13.7,13.72,13.7,13.72,393.82,13.71244,13.71878,13.70859,13.70859,756.38882384
2025-12-08 01:23,13.722,13.732,13.722,13.731,228.61,13.73000000,13.74000000,13.72000000,13.74000000,616.50000000,,,,,,13.72,13.74,13.72,13.74,372.66,13.72867,13.73943,13.72746,13.73566,803.64661381
2025-12-08 01:24,13.73,13.734,13.728,13.73,149.9,13.73000000,13.74000000,13.72000000,13.72000000,233.52000000,,,,,,13.74,13.74,13.72,13.73,140.11,13.72886,13.72953,13.72659,13.72659,793.59730111
2025-12-08 01:25,13.731,13.743,13.718,13.736,5545.6,13.73000000,13.74000000,13.71000000,13.74000000,15998.02000000,,,,,,13.73,13.75,13.72,13.73,9576.89,13.72689,13.73075,13.72689,13.73075,319.21367999999995
2025-12-08 01:26,13.736,13.778,13.734,13.778,3636.86,13.74000000,13.78000000,13.73000000,13.78000000,1675.51000000,13.754,13.763,13.754,13.763,0.4,13.73,13.78,13.73,13.77,1004.99,13.73309,13.77498,13.73305,13.77498,1493.7204860900001
2025-12-08 01:27,13.779,13.789,13.772,13.781,3404.11,13.77000000,13.79000000,13.77000000,13.78000000,15128.88000000,,,,,,13.77,13.79,13.77,13.79,9089.01,,,,,0.0
2025-12-08 01:28,13.782,13.849,13.782,13.846,17317.31,13.79000000,13.86000000,13.79000000,13.85000000,8880.53000000,13.835,13.835,13.835,13.835,0.2,13.79,13.86,13.79,13.84,5197.76,13.78306,13.83867,13.78306,13.83867,120.64937046
2025-12-08 01:29,13.842,13.849,13.826,13.845,2874.91,13.84000000,13.86000000,13.82000000,13.84000000,1811.33000000,,,,,,13.84,13.86,13.83,13.85,3811.32,13.83773,13.84874,13.83773,13.84824,2533.74131085
2025-12-08 01:30,13.845,13.886,13.845,13.877,16127.79,13.85000000,13.89000000,13.85000000,13.88000000,4776.50000000,13.855,13.857,13.855,13.857,0.4,13.85,13.89,13.85,13.88,2075.51,13.84877,13.88923,13.84877,13.87185,437.38280829999997
2025-12-08 01:31,13.881,13.926,13.878,13.92,3701.71,13.88000000,13.93000000,13.88000000,13.93000000,5532.90000000,13.885,13.901,13.885,13.901,0.6000000000000001,13.88,13.93,13.88,13.91,3297.47,13.89063,13.93192,13.89063,13.93192,326.2440331
2025-12-08 01:32,13.922,13.977,13.916,13.956,20973.13,13.92000000,13.98000000,13.91000000,13.96000000,16218.82000000,13.935,13.945,13.935,13.945,0.4,13.91,13.99,13.91,13.96,9738.32,13.94294,13.99209,13.94294,13.97005,2305.94320301
2025-12-08 01:33,13.956,13.998,13.949,13.994,11382.21,13.96000000,14.01000000,13.94000000,13.99000000,43775.74000000,13.975,13.979,13.975,13.978,0.6000000000000001,13.96,14,13.94,13.99,26278.73,13.97616,13.98724,13.95861,13.98319,3509.10204836
2025-12-08 01:34,13.994,13.994,13.963,13.965,11681.72,13.99000000,14.00000000,13.96000000,13.97000000,32617.84000000,,,,,,13.99,14,13.96,13.97,19671.82,13.98622,13.98783,13.97666,13.97666,651.70417805
2025-12-08 01:35,13.965,13.993,13.957,13.991,2532.68,13.97000000,14.00000000,13.96000000,14.00000000,6160.91000000,13.977,13.989,13.977,13.989,0.4,13.97,14,13.96,14,3603.23,13.97662,13.97662,13.97662,13.97662,10.824346109999999
2025-12-08 01:36,13.99,13.991,13.972,13.978,5295.58,13.99000000,14.00000000,13.98000000,13.98000000,5998.37000000,,,,,,14,14,13.97,13.98,3599.76,13.97278,13.98813,13.97278,13.98813,7.54179497
2025-12-08 01:37,13.972,13.972,13.938,13.947,6485.84,13.97000000,13.97000000,13.94000000,13.95000000,1992.82000000,,,,,,13.98,13.98,13.94,13.95,1172.57,13.95866,13.95866,13.948,13.95779,1064.25749752
2025-12-08 01:38,13.947,13.999,13.947,13.999,13905.21,13.96000000,14.01000000,13.96000000,14.01000000,6524.37000000,13.995,13.998,13.995,13.998,0.4,13.95,14.01,13.95,14.01,3908.61,13.96917,14.00052,13.96917,14.00052,98.45430738
2025-12-08 01:39,13.999,14.04,13.999,14.023,6936.39,14.01000000,14.04000000,14.01000000,14.03000000,7855.09000000,14.03,14.03,14.03,14.03,0.2,14.01,14.05,14.01,14.03,4745.1,14.00052,14.03571,14.00052,14.02405,343.49678816
2025-12-08 01:40,14.022,14.045,14.006,14.006,1318.4,14.03000000,14.05000000,14.01000000,14.01000000,1587.95000000,14.028,14.028,14.028,14.028,0.2,14.03,14.05,14.01,14.01,884.52,14.03558,14.04235,14.02243,14.02243,1828.42419513
2025-12-08 01:41,14.004,14.004,13.985,13.994,1130.86,14.00000000,14.00000000,13.98000000,13.99000000,8035.44000000,,,,,,14.01,14.01,13.98,14,4875.84,14.002,14.002,13.992,13.992,27.68437634
2025-12-08 01:42,13.99,13.993,13.974,13.974,3011.86,13.99000000,13.99000000,13.97000000,13.97000000,2587.89000000,,,,,,14,14,13.97,13.97,1552.77,13.98927,13.9917,13.97748,13.97748,65.03641
2025-12-08 01:43,13.972,13.984,13.942,13.953,3824.82,13.98000000,13.98000000,13.95000000,13.95000000,3244.87000000,,,,,,13.97,13.98,13.94,13.95,2165.85,13.95681,13.95681,13.95509,13.95509,24.87212953
2025-12-08 01:44,13.953,13.953,13.927,13.931,614.77,13.95000000,13.95000000,13.92000000,13.92000000,2659.77000000,,,,,,13.95,13.96,13.92,13.93,1595.86,13.93453,13.93453,13.92474,13.92474,2.84253187
2025-12-08 01:45,13.93,13.949,13.924,13.933,3199.33,13.93000000,13.96000000,13.92000000,13.93000000,601.97000000,,,,,,13.93,13.95,13.92,13.94,380.99,13.93135,13.94155,13.93135,13.93299,95.58452895
2025-12-08 01:46,13.933,13.953,13.933,13.936,1243.99,13.93000000,13.95000000,13.93000000,13.94000000,728.53000000,,,,,,13.94,13.96,13.93,13.95,349.27,13.95015,13.95015,13.95015,13.95015,0.29680226
2025-12-08 01:47,13.935,13.935,13.9,13.916,4556.43,13.93000000,13.94000000,13.89000000,13.91000000,7638.43000000,,,,,,13.95,13.95,13.89,13.91,4668.95,13.91533,13.91773,13.91533,13.91773,29.931961910000002
2025-12-08 01:48,13.916,13.926,13.899,13.902,1981.5,13.92000000,13.93000000,13.89000000,13.90000000,1656.01000000,,,,,,13.91,13.93,13.89,13.9,1158.22,13.90389,13.90389,13.90389,13.90389,4.30725049
2025-12-08 01:49,13.9,13.924,13.9,13.919,485.44,13.90000000,13.93000000,13.89000000,13.93000000,961.15000000,,,,,,13.9,13.93,13.9,13.93,696.92,13.91393,13.91665,13.91393,13.91662,2048.50713514
2025-12-08 01:50,13.918,13.93,13.907,13.907,1321.76,13.92000000,13.93000000,13.91000000,13.91000000,5569.53000000,,,,,,13.93,13.93,13.9,13.91,3326.49,13.91688,13.92036,13.91545,13.91545,17.33816052
2025-12-08 01:51,13.906,13.918,13.906,13.909,349.86,13.90000000,13.92000000,13.90000000,13.91000000,421.77000000,,,,,,13.91,13.92,13.9,13.9,253.13,13.91853,13.91853,13.91853,13.91853,4.94498903
2025-12-08 01:52,13.909,13.912,13.894,13.897,8501.5,13.91000000,13.91000000,13.89000000,13.89000000,447.25000000,,,,,,13.9,13.92,13.89,13.89,268.37,13.9042,13.90922,13.903,13.90922,52.15673248
2025-12-08 01:53,13.896,13.911,13.881,13.897,2633.51,13.89000000,13.91000000,13.88000000,13.90000000,1350.87000000,,,,,,13.89,13.91,13.88,13.9,810.29,13.903,13.903,13.89,13.89,22.35
2025-12-08 01:54,13.897,13.918,13.897,13.906,2775.04,13.90000000,13.91000000,13.90000000,13.90000000,1126.88000000,,,,,,13.9,13.92,13.9,13.91,675.96,13.90464,13.90464,13.90395,13.90395,450.55765018
2025-12-08 01:55,13.909,13.91,13.891,13.893,1214.38,13.90000000,13.90000000,13.89000000,13.89000000,236.92000000,,,,,,13.91,13.91,13.89,13.9,141.78,13.90464,13.90464,13.90464,13.90464,11.509728240000001
2025-12-08 01:56,13.891,13.891,13.858,13.858,8107.19,13.89000000,13.89000000,13.85000000,13.86000000,1440.41000000,,,,,,13.9,13.9,13.85,13.85,878.92,13.88753,13.88753,13.87397,13.87397,27.890039239999997
2025-12-08 01:57,13.859,13.861,13.824,13.839,12916.61,13.86000000,13.86000000,13.82000000,13.83000000,4662.61000000,13.847,13.847,13.847,13.847,0.2,13.85,13.86,13.82,13.83,2798.34,13.85464,13.85464,13.83274,13.83988,171.94938772
2025-12-08 01:58,13.84,13.856,13.84,13.85,797.84,13.84000000,13.85000000,13.84000000,13.84000000,3379.74000000,,,,,,13.83,13.86,13.83,13.84,2028.44,13.83376,13.8482,13.83376,13.8482,2.47922065
2025-12-08 01:59,13.849,13.85,13.83,13.833,485.88,13.85000000,13.85000000,13.82000000,13.83000000,359.28000000,13.848,13.848,13.846,13.846,0.31808882,13.84,13.85,13.82,13.82,215.61,13.85264,13.85548,13.85264,13.85548,68.48035918
2025-12-08 02:00,13.835,13.837,13.818,13.819,4026.13,13.83000000,13.84000000,13.81000000,13.82000000,615.54000000,13.846,13.846,13.833,13.833,0.88191118,13.82,13.84,13.81,13.81,369.31,13.83274,13.83274,13.82587,13.82587,42.65577849
2025-12-08 02:01,13.821,13.839,13.821,13.822,2175.91,13.82000000,13.83000000,13.81000000,13.81000000,6917.47000000,,,,,,13.81,13.84,13.81,13.81,4151.92,13.82301,13.82301,13.82301,13.82301,1.42548
2025-12-08 02:02,13.821,13.835,13.819,13.83,737.9,13.82000000,13.83000000,13.82000000,13.83000000,730.14000000,,,,,,13.81,13.84,13.81,13.82,438.12,,,,,0.0
2025-12-08 02:03,13.83,13.856,13.83,13.856,573.41,13.83000000,13.86000000,13.83000000,13.86000000,1669.55000000,,,,,,13.82,13.86,13.82,13.85,1001.66,13.84743,13.85164,13.84743,13.85164,1.3625118999999999
2025-12-08 02:04,13.854,13.854,13.823,13.823,323.6,13.85000000,13.85000000,13.83000000,13.84000000,292.48000000,,,,,,13.85,13.85,13.83,13.83,175.52,13.85164,13.85164,13.85164,13.85164,12.828
2025-12-08 02:05,13.823,13.829,13.82,13.825,504.33,13.83000000,13.83000000,13.81000000,13.82000000,477.60000000,,,,,,13.83,13.83,13.81,13.83,286.54,,,,,0.0
2025-12-08 02:06,13.823,13.83,13.812,13.827,1099.8,13.82000000,13.82000000,13.80000000,13.82000000,561.76000000,13.829,13.829,13.829,13.829,0.2,13.83,13.83,13.8,13.81,326.91,13.8231,13.82494,13.81503,13.81503,65.5936877
2025-12-08 02:07,13.822,13.828,13.813,13.813,281.44,13.82000000,13.83000000,13.81000000,13.81000000,449.88000000,,,,,,13.81,13.82,13.81,13.82,1655.16,,,,,0.0
2025-12-08 02:08,13.814,13.843,13.814,13.843,591.5,13.81000000,13.84000000,13.81000000,13.84000000,1363.13000000,,,,,,13.82,13.84,13.81,13.84,1203.9,13.82348,13.83731,13.82348,13.83731,9.09014
2025-12-08 02:09,13.844,13.846,13.808,13.82,895.26,13.84000000,13.84000000,13.81000000,13.81000000,874.48000000,,,,,,13.84,13.84,13.82,13.83,305.12,13.83731,13.84089,13.83731,13.83989,14.658485
2025-12-08 02:10,13.821,13.837,13.821,13.835,389.36,13.81000000,13.83000000,13.80000000,13.83000000,1119.34000000,13.826,13.826,13.826,13.826,0.31395974000000004,13.83,13.84,13.8,13.83,669.98,,,,,0.0
2025-12-08 02:11,13.834,13.856,13.833,13.845,759.46,13.83000000,13.85000000,13.83000000,13.84000000,693.27000000,,,,,,13.83,13.86,13.83,13.85,416.1,13.84757,13.8555,13.84757,13.8555,1240.36006156
2025-12-08 02:12,13.845,13.853,13.837,13.851,998.32,13.84000000,13.85000000,13.83000000,13.85000000,1406.96000000,,,,,,13.85,13.86,13.83,13.86,844.44,13.84571,13.84571,13.84571,13.84571,10.2443
2025-12-08 02:13,13.85,13.856,13.848,13.849,1013.46,13.85000000,13.85000000,13.84000000,13.84000000,3335.11000000,,,,,,13.86,13.86,13.84,13.84,2001.63,13.85133,13.85133,13.85133,13.85133,17.69933225
2025-12-08 02:14,13.848,13.848,13.837,13.846,998.87,13.84000000,13.84000000,13.83000000,13.84000000,129.78000000,,,,,,13.84,13.85,13.83,13.85,77.89,13.84572,13.84572,13.84572,13.84572,1.71426
2025-12-08 02:15,13.843,13.857,13.842,13.849,853.76,13.84000000,13.86000000,13.83000000,13.84000000,820.36000000,,,,,,13.85,13.86,13.84,13.84,524.82,13.8502,13.8502,13.8502,13.8502,1.23624726
2025-12-08 02:16,13.849,13.856,13.847,13.856,129.47,13.85000000,13.86000000,13.84000000,13.85000000,223.23000000,,,,,,13.84,13.86,13.84,13.85,133.91,,,,,0.0
2025-12-08 02:17,13.853,13.872,13.853,13.867,258.47,13.86000000,13.87000000,13.86000000,13.87000000,577.05000000,,,,,,13.85,13.88,13.85,13.87,346.11,13.85957,13.87241,13.85957,13.87241,26.8735
2025-12-08 02:18,13.866,13.879,13.865,13.869,470.61,13.87000000,13.88000000,13.86000000,13.86000000,381.90000000,,,,,,13.87,13.88,13.86,13.86,229.17,13.87651,13.87651,13.87651,13.87651,2.1795
2025-12-08 02:19,13.869,13.869,13.847,13.863,561.51,13.87000000,13.87000000,13.84000000,13.86000000,1579.67000000,,,,,,13.86,13.87,13.84,13.86,948.15,13.8598,13.8598,13.8598,13.8598,7.20535849
2025-12-08 02:20,13.864,13.864,13.845,13.85,637.62,13.87000000,13.87000000,13.84000000,13.84000000,335.18000000,,,,,,13.86,13.86,13.84,13.85,173.28,13.86565,13.86565,13.85,13.85,877.96166471
2025-12-08 02:21,13.85,13.858,13.85,13.857,130.4,13.85000000,13.86000000,13.85000000,13.86000000,255.34000000,,,,,,13.85,13.86,13.85,13.86,153.17,,,,,0.0
2025-12-08 02:22,13.857,13.882,13.853,13.881,1581.24,13.86000000,13.89000000,13.86000000,13.89000000,3703.84000000,,,,,,13.86,13.89,13.85,13.88,2217.33,13.86165,13.86686,13.86165,13.86686,2.74539642
2025-12-08 02:23,13.881,13.89,13.875,13.882,747.22,13.89000000,13.89000000,13.87000000,13.88000000,420.11000000,,,,,,13.88,13.89,13.87,13.88,256.31,13.8772,13.88961,13.8772,13.88961,1.2599762700000001
2025-12-08 02:24,13.881,13.892,13.878,13.892,455.54,13.89000000,13.89000000,13.87000000,13.89000000,3944.96000000,,,,,,13.88,13.89,13.88,13.89,2367.18,13.88565,13.8944,13.88565,13.8944,1400.10813
2025-12-08 02:25,13.893,13.894,13.888,13.889,297.96,13.89000000,13.90000000,13.88000000,13.89000000,1003.34000000,,,,,,13.89,13.9,13.88,13.88,510.38,,,,,0.0
2025-12-08 02:26,13.891,13.892,13.883,13.888,386.62,13.89000000,13.89000000,13.88000000,13.89000000,727.97000000,,,,,,13.88,13.9,13.88,13.88,436.85,13.88622,13.88622,13.88622,13.88622,0.69233455
2025-12-08 02:27,13.887,13.894,13.887,13.892,196.49,13.89000000,13.90000000,13.89000000,13.89000000,650.66000000,,,,,,13.88,13.9,13.88,13.9,390.25,,,,,0.0
2025-12-08 02:28,13.891,13.899,13.885,13.897,3691.8,13.89000000,13.90000000,13.89000000,13.90000000,3723.86000000,,,,,,13.9,13.9,13.88,13.89,2241.59,,,,,0.0
2025-12-08 02:29,13.897,13.897,13.892,13.892,543.74,13.90000000,13.90000000,13.89000000,13.90000000,1478.30000000,,,,,,13.89,13.9,13.89,13.9,887.26,,,,,0.0
2025-12-08 02:30,13.891,13.899,13.881,13.881,1380.72,13.89000000,13.90000000,13.88000000,13.89000000,686.00000000,,,,,,13.9,13.9,13.88,13.88,411.63,13.89656,13.89656,13.89587,13.89587,21.45912836
2025-12-08 02:31,13.88,13.909,13.876,13.904,3481.15,13.88000000,13.91000000,13.87000000,13.90000000,2024.61000000,,,,,,13.88,13.92,13.87,13.9,1214.66,13.89881,13.90082,13.89881,13.90082,3.44136773
2025-12-08 02:32,13.907,13.908,13.88,13.882,2376.83,13.90000000,13.91000000,13.88000000,13.88000000,2248.18000000,,,,,,13.9,13.91,13.88,13.88,1349.55,13.8896,13.89258,13.88765,13.88765,2.3748345
2025-12-08 02:33,13.881,13.894,13.88,13.886,2936.05,13.89000000,13.89000000,13.88000000,13.88000000,793.35000000,,,,,,13.88,13.9,13.88,13.89,475.96,13.89135,13.89135,13.89135,13.89135,2.5
2025-12-08 02:34,13.884,13.891,13.876,13.876,1463.79,13.88000000,13.89000000,13.87000000,13.87000000,7239.31000000,,,,,,13.89,13.9,13.87,13.88,4343.83,13.89373,13.89373,13.89373,13.89373,0.13841527
2025-12-08 02:35,13.875,13.877,13.857,13.877,2774.77,13.88000000,13.88000000,13.86000000,13.86000000,646.84000000,,,,,,13.88,13.88,13.85,13.87,350.13,13.87006,13.87006,13.87006,13.87006,2.16293302
2025-12-08 02:36,13.878,13.901,13.878,13.896,1272.69,13.87000000,13.90000000,13.87000000,13.90000000,1404.33000000,,,,,,13.87,13.9,13.87,13.9,842.42,13.87968,13.90081,13.87968,13.89419,1202.63810221
2025-12-08 02:37,13.898,13.911,13.889,13.902,827.07,13.89000000,13.91000000,13.88000000,13.91000000,1373.60000000,,,,,,13.9,13.92,13.88,13.91,1959.26,13.91279,13.91279,13.91279,13.91279,0.35061
2025-12-08 02:38,13.901,13.903,13.889,13.899,1251.17,13.90000000,13.90000000,13.88000000,13.90000000,976.77000000,,,,,,13.91,13.91,13.88,13.89,225.72,,,,,0.0
2025-12-08 02:39,13.901,13.908,13.893,13.904,354.07,13.90000000,13.91000000,13.89000000,13.89000000,1171.91000000,,,,,,13.89,13.91,13.89,13.9,733.93,,,,,0.0
2025-12-08 02:40,13.9,13.908,13.899,13.908,26.35,13.90000000,13.90000000,13.89000000,13.90000000,418.80000000,,,,,,13.9,13.91,13.89,13.91,71.18,13.90443,13.90443,13.90443,13.90443,6.369809999999999
2025-12-08 02:41,13.906,13.912,13.887,13.891,881.63,13.91000000,13.91000000,13.89000000,13.89000000,803.17000000,,,,,,13.91,13.92,13.89,13.89,481.98,13.90443,13.9099,13.90443,13.9099,510.0820279
2025-12-08 02:42,13.891,13.903,13.885,13.892,1293.16,13.89000000,13.90000000,13.88000000,13.89000000,661.75000000,,,,,,13.89,13.9,13.88,13.89,388.99,13.90366,13.90366,13.90366,13.90366,7.0567
2025-12-08 02:43,13.887,13.899,13.885,13.899,409.31,13.89000000,13.90000000,13.88000000,13.90000000,266.70000000,,,,,,13.89,13.9,13.88,13.9,168.15,,,,,0.0
2025-12-08 02:44,13.9,13.917,13.899,13.915,2133.85,13.90000000,13.92000000,13.89000000,13.92000000,4333.91000000,,,,,,13.9,13.92,13.89,13.92,2600.22,13.89644,13.91,13.89603,13.91,128.33623394
2025-12-08 02:45,13.916,13.923,13.897,13.903,1818.94,13.92000000,13.92000000,13.89000000,13.90000000,2112.14000000,,,,,,13.92,13.92,13.89,13.91,529.63,13.91296,13.91668,13.91296,13.91668,25.59388509
2025-12-08 02:46,13.902,13.909,13.902,13.904,256.79,13.91000000,13.91000000,13.90000000,13.90000000,11.11000000,,,,,,13.91,13.91,13.9,13.9,44.83,,,,,0.0
2025-12-08 02:47,13.904,13.907,13.889,13.89,1006.32,13.90000000,13.90000000,13.89000000,13.89000000,190.44000000,,,,,,13.9,13.91,13.88,13.89,111.96,13.90942,13.90942,13.90942,13.90942,0.08638131
2025-12-08 02:48,13.887,13.899,13.883,13.888,1295.26,13.88000000,13.89000000,13.87000000,13.89000000,4240.59000000,,,,,,13.89,13.89,13.88,13.89,2545.86,,,,,0.0
2025-12-08 02:49,13.889,13.893,13.884,13.892,916.73,13.89000000,13.89000000,13.88000000,13.89000000,122.49000000,,,,,,13.89,13.89,13.88,13.88,23.78,13.88425,13.88425,13.88425,13.88425,3.73702
2025-12-08 02:50,13.893,13.903,13.893,13.898,691.24,13.90000000,13.90000000,13.89000000,13.89000000,549.62000000,,,,,,13.88,13.9,13.88,13.9,204.94,,,,,0.0
2025-12-08 02:51,13.897,13.898,13.889,13.895,339.78,13.90000000,13.90000000,13.88000000,13.89000000,27.79000000,,,,,,13.9,13.9,13.88,13.89,16.66,13.89344,13.89344,13.89344,13.89344,7.40646
2025-12-08 02:52,13.896,13.912,13.896,13.905,241.28,13.90000000,13.91000000,13.90000000,13.91000000,251.18000000,,,,,,13.89,13.91,13.89,13.9,150.66,,,,,0.0
2025-12-08 02:53,13.904,13.908,13.904,13.908,155.14,13.91000000,13.91000000,13.90000000,13.91000000,67.32000000,,,,,,13.9,13.91,13.9,13.91,576.75,13.90794,13.90794,13.90232,13.90632,2.593056
2025-12-08 02:54,13.909,13.918,13.906,13.918,652.98,13.91000000,13.91000000,13.91000000,13.91000000,75.63000000,,,,,,13.91,13.92,13.9,13.92,45.39,13.9081,13.9133,13.9081,13.9133,1.4273099999999999
2025-12-08 02:55,13.918,13.956,13.918,13.945,9181.46,13.92000000,13.96000000,13.91000000,13.94000000,2736.25000000,,,,,,13.92,13.96,13.92,13.94,1567.94,13.9133,13.95098,13.9133,13.9411,76.08445877
2025-12-08 02:56,13.945,13.949,13.94,13.949,999.95,13.95000000,13.95000000,13.93000000,13.95000000,396.52000000,,,,,,13.94,13.96,13.94,13.94,230.9,,,,,0.0
2025-12-08 02:57,13.948,13.948,13.936,13.947,892.43,13.95000000,13.95000000,13.93000000,13.94000000,373.70000000,,,,,,13.94,13.95,13.93,13.93,224.24,,,,,0.0
2025-12-08 02:58,13.948,13.96,13.948,13.957,242.64,13.94000000,13.96000000,13.94000000,13.95000000,1904.65000000,13.953,13.958,13.953,13.958,0.8,13.93,13.97,13.93,13.96,1143.1,13.94505,13.95442,13.94505,13.95442,81.60565566
2025-12-08 02:59,13.956,13.959,13.935,13.94,193.23,13.95000000,13.95000000,13.93000000,13.93000000,205.11000000,,,,,,13.96,13.96,13.93,13.93,123.08,,,,,0.0
2025-12-08 03:00,13.938,13.95,13.938,13.95,419.99,13.94000000,13.95000000,13.94000000,13.95000000,931.10000000,,,,,,13.93,13.95,13.93,13.94,554.21,13.94224,13.95065,13.9422,13.95065,9.57819454
2025-12-08 03:01,13.951,13.951,13.922,13.93,472.7,13.95000000,13.95000000,13.92000000,13.92000000,44.19000000,,,,,,13.94,13.96,13.93,13.93,42.13,,,,,0.0
2025-12-08 03:02,13.926,13.932,13.896,13.896,2059.18,13.93000000,13.93000000,13.90000000,13.91000000,2014.14000000,,,,,,13.93,13.93,13.9,13.91,1208.91,13.92198,13.92199,13.92198,13.92198,10.05522386
2025-12-08 03:03,13.894,13.907,13.893,13.907,741.25,13.91000000,13.91000000,13.89000000,13.90000000,1641.50000000,,,,,,13.91,13.91,13.89,13.89,985.25,13.89724,13.89724,13.89724,13.89724,22.47488038
2025-12-08 03:04,13.908,13.915,13.906,13.912,412.28,13.89000000,13.91000000,13.89000000,13.91000000,990.64000000,,,,,,13.89,13.91,13.89,13.9,594.16,,,,,0.0
2025-12-08 03:05,13.902,13.904,13.883,13.883,448.6,13.91000000,13.91000000,13.88000000,13.88000000,151.05000000,,,,,,13.9,13.91,13.88,13.89,72.5,,,,,0.0
2025-12-08 03:06,13.885,13.886,13.877,13.882,502.28,13.88000000,13.88000000,13.87000000,13.88000000,1921.11000000,,,,,,13.89,13.89,13.87,13.88,923.29,13.89325,13.89325,13.89325,13.89325,0.69228432
2025-12-08 03:07,13.882,13.899,13.882,13.893,487.57,13.89000000,13.90000000,13.89000000,13.89000000,40.59000000,,,,,,13.88,13.9,13.88,13.9,253.79,,,,,0.0
2025-12-08 03:08,13.891,13.892,13.886,13.886,1092.39,13.89000000,13.90000000,13.88000000,13.89000000,927.49000000,,,,,,13.9,13.9,13.88,13.89,556.47,,,,,0.0
2025-12-08 03:09,13.885,13.886,13.881,13.883,153.03,13.89000000,13.89000000,13.88000000,13.89000000,42.01000000,,,,,,13.89,13.9,13.88,13.89,25.18,13.88845,13.88845,13.88845,13.88845,9.61618561
2025-12-08 03:10,13.886,13.901,13.886,13.89,337.31,13.89000000,13.90000000,13.88000000,13.88000000,24.96000000,,,,,,13.89,13.9,13.88,13.88,12.36,13.89318,13.89318,13.8918,13.8918,216.29774683
2025-12-08 03:11,13.89,13.892,13.886,13.892,885.07,13.89000000,13.89000000,13.89000000,13.89000000,254.35000000,,,,,,13.88,13.9,13.88,13.9,185.13,,,,,0.0
2025-12-08 03:12,13.892,13.902,13.888,13.902,289.38,13.90000000,13.91000000,13.89000000,13.91000000,196.32000000,,,,,,13.9,13.91,13.88,13.91,117.83,13.89949,13.89949,13.89949,13.89949,2.26261068
2025-12-08 03:13,13.903,13.908,13.896,13.897,344.02,13.90000000,13.91000000,13.89000000,13.90000000,736.93000000,,,,,,13.91,13.91,13.89,13.89,442.25,,,,,0.0
2025-12-08 03:14,13.897,13.902,13.891,13.897,1189.28,13.89000000,13.90000000,13.89000000,13.89000000,425.94000000,,,,,,13.89,13.91,13.89,13.9,255.48,,,,,0.0
2025-12-08 03:15,13.896,13.896,13.884,13.887,175.42,13.89000000,13.89000000,13.89000000,13.89000000,58.97000000,,,,,,13.9,13.9,13.88,13.88,35.07,13.89019,13.89019,13.89019,13.89019,0.6631
2025-12-08 03:16,13.885,13.911,13.884,13.902,1034.39,13.89000000,13.91000000,13.89000000,13.91000000,1835.08000000,,,,,,13.88,13.92,13.88,13.91,2165.26,13.89033,13.9167,13.89033,13.91666,23.94884424
2025-12-08 03:17,13.902,13.91,13.9,13.91,455.8,13.90000000,13.91000000,13.89000000,13.91000000,88.40000000,,,,,,13.91,13.91,13.9,13.91,207.42,,,,,0.0
2025-12-08 03:18,13.907,13.924,13.907,13.917,1343.37,13.91000000,13.93000000,13.91000000,13.92000000,431.14000000,,,,,,13.91,13.93,13.91,13.91,258.64,,,,,0.0
2025-12-08 03:19,13.922,13.935,13.922,13.932,408.53,13.92000000,13.93000000,13.92000000,13.93000000,922.64000000,,,,,,13.91,13.94,13.91,13.93,553.4,13.92509,13.92509,13.92509,13.92509,1.17768979
2025-12-08 03:20,13.93,13.948,13.927,13.945,1087.73,13.93000000,13.93000000,13.93000000,13.93000000,396.89000000,,,,,,13.93,13.94,13.92,13.94,237.44,13.93423,13.93423,13.93423,13.93423,27.20652557
2025-12-08 03:21,13.945,13.953,13.945,13.949,1299.54,13.94000000,13.96000000,13.94000000,13.94000000,388.32000000,,,,,,13.94,13.96,13.94,13.95,233.01,13.93424,13.9432,13.93424,13.9432,30.65491377
2025-12-08 03:22,13.95,13.972,13.949,13.97,1391.17,13.95000000,13.97000000,13.95000000,13.97000000,4183.19000000,13.961,13.961,13.961,13.961,0.4,13.95,13.97,13.95,13.96,2511.2,13.94987,13.96862,13.94987,13.96862,38.47356959
2025-12-08 03:23,13.972,13.981,13.963,13.98,1691.94,13.97000000,13.98000000,13.96000000,13.97000000,997.85000000,13.971,13.971,13.971,13.971,0.2,13.96,13.98,13.96,13.97,599.07,13.97229,13.97772,13.97229,13.97772,5.4357061600000005
2025-12-08 03:24,13.98,13.986,13.971,13.98,791.8,13.97000000,13.98000000,13.97000000,13.98000000,1359.53000000,,,,,,13.97,13.99,13.97,13.97,497.43,13.97835,13.98487,13.97674,13.98487,8.88058087
2025-12-08 03:25,13.983,13.997,13.978,13.984,1326.11,13.98000000,13.99000000,13.97000000,13.98000000,788.22000000,13.99,13.99,13.99,13.99,0.519798,13.97,14,13.97,13.97,749.03,13.98718,13.98718,13.98718,13.98718,16.45002388
2025-12-08 03:26,13.985,13.991,13.974,13.974,276.67,13.98000000,13.99000000,13.97000000,13.98000000,394.69000000,,,,,,13.97,13.99,13.97,13.97,180.23,13.98543,13.98543,13.98213,13.98213,0.69078
2025-12-08 03:27,13.974,13.986,13.974,13.985,823.08,13.97000000,13.99000000,13.97000000,13.98000000,1244.58000000,,,,,,13.97,13.99,13.97,13.98,845.37,13.97839,13.9866,13.97839,13.98029,1002.6325229
2025-12-08 03:28,13.981,13.984,13.976,13.976,519.85,13.98000000,13.99000000,13.97000000,13.98000000,1338.23000000,,,,,,13.98,13.99,13.97,13.97,803.16,13.97447,13.97447,13.97446,13.97446,49.39263173
2025-12-08 03:29,13.977,13.983,13.973,13.973,881.08,13.98000000,13.98000000,13.97000000,13.97000000,1754.01000000,,,,,,13.97,13.99,13.97,13.97,1052.19,,,,,0.0
2025-12-08 03:30,13.972,13.972,13.955,13.956,276.35,13.96000000,13.97000000,13.95000000,13.95000000,527.70000000,,,,,,13.97,13.97,13.95,13.95,301.51,13.97,13.97,13.97,13.97,14.18038654
2025-12-08 03:31,13.958,13.962,13.958,13.96,156.21,13.95000000,13.96000000,13.95000000,13.96000000,410.96000000,,,,,,13.95,13.97,13.95,13.95,246.55,13.95961,13.95961,13.95961,13.95961,3.17141929
2025-12-08 03:32,13.955,13.96,13.954,13.957,87.79,13.96000000,13.96000000,13.95000000,13.95000000,422.93000000,,,,,,13.95,13.96,13.95,13.95,253.67,13.95931,13.95931,13.95931,13.95931,0.20034
2025-12-08 03:33,13.958,13.961,13.955,13.961,156.58,13.95000000,13.95000000,13.95000000,13.95000000,95.37000000,13.958,13.958,13.958,13.958,1.57304125,13.95,13.96,13.95,13.95,57.2,,,,,0.0
2025-12-08 03:34,13.96,13.961,13.95,13.957,329.6,13.95000000,13.96000000,13.95000000,13.96000000,673.46000000,13.959,13.959,13.955,13.959,8.76654746,13.95,13.97,13.94,13.96,404.15,13.95962,13.95962,13.95962,13.95962,3.17141929
2025-12-08 03:35,13.958,13.958,13.945,13.952,1106.0,13.96000000,13.96000000,13.94000000,13.95000000,1929.49000000,13.945,13.951,13.945,13.951,9.95872208,13.96,13.96,13.94,13.95,1009.85,13.95694,13.95694,13.95694,13.95694,5.01542601
2025-12-08 03:36,13.956,13.964,13.944,13.945,343.52,13.95000000,13.97000000,13.95000000,13.95000000,870.62000000,13.952,13.961,13.952,13.961,17.34252497,13.95,13.96,13.94,13.94,582.61,13.95173,13.95173,13.94798,13.94798,46.251853579999995
2025-12-08 03:37,13.945,13.952,13.94,13.94,329.97,13.95000000,13.95000000,13.94000000,13.94000000,587.54000000,,,,,,13.94,13.96,13.93,13.93,438.56,13.95163,13.95163,13.95163,13.95163,4.9191207200000004
2025-12-08 03:38,13.94,13.94,13.918,13.918,1009.88,13.93000000,13.94000000,13.91000000,13.91000000,1962.56000000,,,,,,13.93,13.94,13.91,13.92,1177.93,13.943,13.943,13.933,13.933,99.99
2025-12-08 03:39,13.918,13.92,13.906,13.909,272.3,13.92000000,13.92000000,13.90000000,13.92000000,996.72000000,,,,,,13.92,13.93,13.9,13.91,604.12,13.923,13.923,13.923,13.923,50.0
2025-12-08 03:40,13.91,13.916,13.892,13.895,3864.61,13.91000000,13.92000000,13.89000000,13.89000000,3402.44000000,,,,,,13.91,13.91,13.89,13.9,1805.4,13.91907,13.91907,13.903,13.903,108.54567748
2025-12-08 03:41,13.893,13.9,13.88,13.892,3423.19,13.90000000,13.90000000,13.88000000,13.89000000,3249.75000000,,,,,,13.9,13.91,13.88,13.89,2144.57,13.893,13.89403,13.88053,13.89166,83.74104736
2025-12-08 03:42,13.891,13.894,13.883,13.883,1498.13,13.89000000,13.89000000,13.88000000,13.88000000,809.16000000,,,,,,13.89,13.9,13.88,13.88,514.85,,,,,0.0
2025-12-08 03:43,13.884,13.886,13.876,13.876,900.97,13.88000000,13.88000000,13.88000000,13.88000000,395.93000000,,,,,,13.88,13.89,13.87,13.88,235.29,13.88589,13.88589,13.88,13.88,422.83303219000004
2025-12-08 03:44,13.879,13.882,13.874,13.88,889.36,13.88000000,13.88000000,13.87000000,13.88000000,785.52000000,,,,,,13.88,13.89,13.87,13.88,473.51,13.88,13.88,13.88,13.88,388.09190614999994
2025-12-08 03:45,13.88,13.891,13.877,13.891,966.92,13.87000000,13.90000000,13.87000000,13.89000000,6417.62000000,,,,,,13.88,13.9,13.88,13.9,3717.45,,,,,0.0
2025-12-08 03:46,13.892,13.904,13.892,13.904,262.34,13.90000000,13.90000000,13.89000000,13.90000000,318.62000000,,,,,,13.9,13.91,13.89,13.91,191.11,13.89,13.89958,13.89,13.89958,3027.62646559
2025-12-08 03:47,13.901,13.901,13.896,13.898,551.52,13.91000000,13.91000000,13.89000000,13.89000000,569.04000000,,,,,,13.91,13.91,13.89,13.89,341.48,13.8993,13.8993,13.8993,13.8993,2.45956036
2025-12-08 03:48,13.896,13.896,13.887,13.894,293.25,13.89000000,13.89000000,13.88000000,13.89000000,50.66000000,,,,,,13.89,13.9,13.88,13.88,25.89,13.89342,13.89342,13.89342,13.89342,0.32521413
2025-12-08 03:49,13.895,13.91,13.894,13.904,899.12,13.90000000,13.91000000,13.90000000,13.90000000,4339.18000000,,,,,,13.88,13.92,13.88,13.9,2607.07,13.89879,13.89879,13.89879,13.89879,8.0
2025-12-08 03:50,13.903,13.903,13.887,13.891,1346.78,13.90000000,13.90000000,13.88000000,13.90000000,633.05000000,,,,,,13.9,13.9,13.88,13.9,405.41,,,,,0.0
2025-12-08 03:51,13.89,13.899,13.89,13.895,1302.44,13.90000000,13.90000000,13.89000000,13.90000000,26.11000000,,,,,,13.9,13.9,13.89,13.9,13.24,,,,,0.0
2025-12-08 03:52,13.897,13.899,13.891,13.891,106.97,13.89000000,13.90000000,13.89000000,13.89000000,43.38000000,,,,,,13.9,13.9,13.89,13.9,35.81,,,,,0.0
2025-12-08 03:53,13.89,13.9,13.889,13.892,245.29,13.89000000,13.90000000,13.88000000,13.90000000,315.79000000,,,,,,13.9,13.9,13.88,13.89,189.75,,,,,0.0
2025-12-08 03:54,13.892,13.892,13.89,13.89,1.0,13.89000000,13.89000000,13.89000000,13.89000000,4.96000000,,,,,,13.89,13.9,13.89,13.89,350.44,13.8929,13.90094,13.8929,13.89576,394.41253687
2025-12-08 03:55,13.89,13.897,13.89,13.892,548.83,13.89000000,13.90000000,13.89000000,13.90000000,27.35000000,,,,,,13.89,13.9,13.89,13.9,13.34,13.89481,13.89481,13.89481,13.89481,1.83451
2025-12-08 03:56,13.892,13.899,13.886,13.899,2447.18,13.89000000,13.90000000,13.88000000,13.88000000,859.10000000,,,,,,13.9,13.9,13.88,13.88,515.6,13.89472,13.89472,13.89462,13.89462,8.94467733
2025-12-08 03:57,13.897,13.897,13.887,13.89,307.0,13.89000000,13.89000000,13.88000000,13.89000000,481.35000000,,,,,,13.88,13.9,13.88,13.89,288.72,,,,,0.0
2025-12-08 03:58,13.889,13.902,13.887,13.901,376.89,13.89000000,13.89000000,13.88000000,13.89000000,67.16000000,,,,,,13.89,13.9,13.88,13.9,40.29,,,,,0.0
2025-12-08 03:59,13.9,13.905,13.889,13.905,309.88,13.90000000,13.91000000,13.89000000,13.89000000,224.32000000,,,,,,13.9,13.91,13.89,13.89,134.59,,,,,0.0
2025-12-08 04:00,13.906,13.913,13.898,13.904,701.79,13.89000000,13.92000000,13.89000000,13.90000000,191.68000000,,,,,,13.89,13.92,13.89,13.9,115,13.89483,13.90768,13.89483,13.90768,20.676082309999998
2025-12-08 04:01,13.902,13.905,13.901,13.905,237.48,13.90000000,13.91000000,13.90000000,13.91000000,826.61000000,,,,,,13.9,13.91,13.9,13.9,495.83,13.90934,13.90934,13.90934,13.90934,0.35588
2025-12-08 04:02,13.906,13.913,13.903,13.905,635.37,13.91000000,13.92000000,13.90000000,13.90000000,1626.64000000,,,,,,13.9,13.92,13.9,13.91,975.92,13.91173,13.91173,13.91173,13.91173,4.3265647
2025-12-08 04:03,13.904,13.904,13.883,13.883,444.17,13.91000000,13.91000000,13.89000000,13.90000000,138.54000000,,,,,,13.91,13.91,13.89,13.9,83.41,13.89741,13.89741,13.89741,13.89741,0.11596405
2025-12-08 04:04,13.884,13.884,13.877,13.877,422.35,13.89000000,13.89000000,13.87000000,13.88000000,1323.69000000,,,,,,13.9,13.9,13.87,13.88,794.08,,,,,0.0
2025-12-08 04:05,13.878,13.893,13.878,13.893,324.18,13.88000000,13.89000000,13.87000000,13.89000000,1213.88000000,,,,,,13.88,13.9,13.87,13.9,727.12,13.88616,13.88616,13.88616,13.88616,11.96108804
2025-12-08 04:06,13.892,13.892,13.878,13.884,436.04,13.89000000,13.89000000,13.87000000,13.88000000,951.30000000,,,,,,13.9,13.9,13.87,13.89,570.91,13.8867,13.8867,13.8867,13.8867,0.07059
2025-12-08 04:07,13.883,13.906,13.883,13.906,199.71,13.88000000,13.91000000,13.88000000,13.91000000,958.20000000,,,,,,13.89,13.91,13.88,13.9,574.72,13.89612,13.89801,13.89612,13.89801,4.0881292700000005
2025-12-08 04:08,13.904,13.906,13.899,13.904,276.47,13.91000000,13.91000000,13.89000000,13.91000000,279.00000000,,,,,,13.9,13.91,13.89,13.9,167.4,,,,,0.0
2025-12-08 04:09,13.905,13.912,13.905,13.912,88.58,13.91000000,13.91000000,13.90000000,13.91000000,115.50000000,,,,,,13.9,13.92,13.9,13.92,69.33,,,,,0.0
2025-12-08 04:10,13.913,13.929,13.913,13.922,361.01,13.91000000,13.93000000,13.91000000,13.92000000,29.58000000,,,,,,13.92,13.93,13.92,13.92,17.24,13.90707,13.92394,13.90707,13.92394,31.51948271
2025-12-08 04:11,13.922,13.925,13.92,13.923,265.64,13.93000000,13.93000000,13.91000000,13.93000000,2308.46000000,,,,,,13.92,13.93,13.91,13.92,1385.16,,,,,0.0
2025-12-08 04:12,13.925,13.937,13.925,13.925,2016.3,13.93000000,13.94000000,13.93000000,13.93000000,3618.97000000,,,,,,13.92,13.94,13.92,13.92,2172.09,13.92819,13.94111,13.92819,13.94111,1.02136439
2025-12-08 04:13,13.924,13.924,13.913,13.913,2840.38,13.92000000,13.92000000,13.92000000,13.92000000,632.05000000,,,,,,13.92,13.93,13.91,13.92,348.67,,,,,0.0
2025-12-08 04:14,13.919,13.919,13.904,13.904,188.23,13.92000000,13.92000000,13.91000000,13.91000000,537.66000000,,,,,,13.92,13.92,13.91,13.91,352.84,,,,,0.0
2025-12-08 04:15,13.904,13.906,13.897,13.897,931.83,13.91000000,13.91000000,13.90000000,13.91000000,430.15000000,,,,,,13.91,13.91,13.89,13.91,976.35,13.9073,13.90734,13.9073,13.90734,4.61410929
2025-12-08 04:16,13.897,13.913,13.897,13.907,257.84,13.90000000,13.91000000,13.90000000,13.91000000,1020.79000000,,,,,,13.91,13.91,13.89,13.91,402.22,13.90294,13.90294,13.90294,13.90294,12.04971022
2025-12-08 04:17,13.909,13.921,13.909,13.916,239.5,13.91000000,13.92000000,13.91000000,13.92000000,703.04000000,,,,,,13.91,13.92,13.9,13.91,421.86,13.91384,13.91685,13.91384,13.91685,7.70726325
2025-12-08 04:18,13.916,13.916,13.897,13.901,246.75,13.91000000,13.91000000,13.90000000,13.91000000,266.42000000,,,,,,13.91,13.91,13.89,13.91,159.9,,,,,0.0
2025-12-08 04:19,13.901,13.916,13.901,13.914,546.76,13.91000000,13.92000000,13.91000000,13.91000000,392.19000000,,,,,,13.91,13.92,13.9,13.91,235.38,,,,,0.0
2025-12-08 04:20,13.916,13.918,13.908,13.91,210.16,13.91000000,13.91000000,13.90000000,13.90000000,328.60000000,,,,,,13.91,13.92,13.9,13.91,142.03,13.91528,13.91528,13.91528,13.91528,16.97564056
2025-12-08 04:21,13.907,13.909,13.904,13.908,705.86,13.91000000,13.91000000,13.91000000,13.91000000,442.05000000,,,,,,13.91,13.91,13.9,13.9,265.31,,,,,0.0
2025-12-08 04:22,13.908,13.909,13.906,13.906,18.58,13.90000000,13.91000000,13.90000000,13.91000000,20.93000000,,,,,,13.9,13.91,13.9,13.9,12.64,,,,,0.0
2025-12-08 04:23,13.907,13.92,13.904,13.92,418.89,13.91000000,13.92000000,13.91000000,13.91000000,147.93000000,,,,,,13.9,13.92,13.9,13.92,88.78,,,,,0.0
2025-12-08 04:24,13.915,13.917,13.903,13.903,1012.29,13.91000000,13.92000000,13.90000000,13.90000000,94.37000000,,,,,,13.92,13.92,13.9,13.91,56.61,13.91589,13.91589,13.91589,13.91589,1.22978018
2025-12-08 04:25,13.907,13.939,13.907,13.939,761.21,13.91000000,13.94000000,13.91000000,13.93000000,509.54000000,,,,,,13.91,13.94,13.91,13.94,176.29,13.91003,13.92948,13.91003,13.92948,15.059353699999999
2025-12-08 04:26,13.933,13.954,13.93,13.943,697.95,13.93000000,13.96000000,13.93000000,13.95000000,5605.75000000,,,,,,13.94,13.96,13.92,13.94,3362.37,13.93619,13.9518,13.93619,13.94454,2698.75688808
2025-12-08 04:27,13.942,13.942,13.915,13.925,829.58,13.94000000,13.94000000,13.91000000,13.92000000,1318.40000000,,,,,,13.94,13.94,13.91,13.92,928.83,13.93656,13.93656,13.93656,13.93656,1.00194
2025-12-08 04:28,13.926,13.928,13.911,13.911,745.72,13.93000000,13.93000000,13.91000000,13.91000000,1204.32000000,,,,,,13.92,13.93,13.9,13.9,783.94,,,,,0.0
2025-12-08 04:29,13.91,13.915,13.907,13.915,186.31,13.91000000,13.92000000,13.91000000,13.92000000,33.46000000,,,,,,13.9,13.92,13.9,13.91,20.07,13.913,13.913,13.913,13.913,49.99
2025-12-08 04:30,13.915,13.935,13.915,13.935,603.02,13.92000000,13.93000000,13.92000000,13.93000000,1102.19000000,,,,,,13.91,13.94,13.91,13.94,659.63,13.91893,13.93515,13.91893,13.93515,17.63051506
2025-12-08 04:31,13.934,13.972,13.93,13.972,2593.23,13.94000000,13.97000000,13.93000000,13.97000000,1936.77000000,,,,,,13.94,13.97,13.92,13.96,1066.87,13.93676,13.962,13.93676,13.962,30.04236064
2025-12-08 04:32,13.974,13.989,13.964,13.977,2618.66,13.98000000,13.98000000,13.97000000,13.98000000,1938.74000000,,,,,,13.96,13.99,13.96,13.98,1257.1,13.98258,13.98258,13.98258,13.98258,0.21346
2025-12-08 04:33,13.975,13.999,13.975,13.99,5761.89,13.98000000,14.01000000,13.98000000,14.00000000,1327.06000000,,,,,,13.98,14.01,13.97,14,797.59,13.98145,14.0,13.98145,13.99845,2498.23796361
2025-12-08 04:34,13.993,13.998,13.985,13.985,1391.98,14.00000000,14.00000000,13.99000000,13.99000000,1106.73000000,,,,,,14,14,13.99,13.99,664.28,,,,,0.0
2025-12-08 04:35,13.987,13.998,13.987,13.987,406.11,13.99000000,14.00000000,13.99000000,13.99000000,61.90000000,,,,,,13.99,14,13.98,13.98,66.72,13.99143,13.99143,13.99143,13.99143,24.53775214
2025-12-08 04:36,13.986,13.986,13.957,13.971,1237.99,13.98000000,13.98000000,13.95000000,13.96000000,801.48000000,,,,,,13.98,13.98,13.95,13.96,443.11,13.96788,13.96788,13.95836,13.95836,5.45313587
2025-12-08 04:37,13.97,13.982,13.97,13.98,1789.49,13.97000000,13.98000000,13.96000000,13.97000000,2064.86000000,,,,,,13.96,13.98,13.96,13.98,1239.86,,,,,0.0
2025-12-08 04:38,13.976,13.987,13.953,13.961,8331.32,13.98000000,13.99000000,13.95000000,13.96000000,16856.38000000,14.0,14.0,14.0,14.0,0.73043594,13.98,13.99,13.96,13.97,10120.04,13.98479,13.98619,13.96816,13.97877,574.57374925
2025-12-08 04:39,13.96,13.965,13.95,13.95,404.96,13.96000000,13.97000000,13.95000000,13.95000000,673.59000000,,,,,,13.97,13.97,13.95,13.95,1058.44,,,,,0.0
2025-12-08 04:40,13.949,13.955,13.927,13.927,418.74,13.95000000,13.95000000,13.93000000,13.93000000,604.14000000,,,,,,13.95,13.95,13.92,13.93,717.66,13.95441,13.95441,13.93936,13.93936,104.90956477
2025-12-08 04:41,13.926,13.943,13.923,13.942,497.84,13.93000000,13.95000000,13.93000000,13.95000000,1165.62000000,,,,,,13.93,13.95,13.93,13.94,699.76,13.933,13.933,13.933,13.933,1.39313959
2025-12-08 04:42,13.943,13.96,13.94,13.96,303.28,13.95000000,13.96000000,13.95000000,13.96000000,1877.12000000,,,,,,13.94,13.97,13.94,13.96,1126.52,13.9435,13.95708,13.9435,13.95708,2.9513879100000002
2025-12-08 04:43,13.96,13.974,13.96,13.974,108.39,13.96000000,13.98000000,13.96000000,13.97000000,1176.53000000,,,,,,13.96,13.98,13.96,13.97,706.04,13.96427,13.96844,13.96427,13.96844,0.38800621999999996
2025-12-08 04:44,13.971,13.971,13.958,13.958,205.82,13.97000000,13.97000000,13.95000000,13.95000000,2920.97000000,,,,,,13.97,13.97,13.95,13.96,1752.24,,,,,0.0
2025-12-08 04:45,13.957,13.963,13.955,13.961,317.53,13.96000000,13.96000000,13.95000000,13.96000000,357.28000000,,,,,,13.96,13.97,13.95,13.96,207.72,,,,,0.0
2025-12-08 04:46,13.962,13.964,13.951,13.953,226.16,13.96000000,13.96000000,13.95000000,13.95000000,142.31000000,,,,,,13.96,13.96,13.95,13.95,85.37,13.95961,13.95961,13.95114,13.95114,21.60563768
2025-12-08 04:47,13.955,13.963,13.955,13.959,190.31,13.96000000,13.96000000,13.95000000,13.95000000,874.06000000,,,,,,13.95,13.97,13.95,13.96,524.57,13.95404,13.95404,13.95404,13.95404,6.33352562
2025-12-08 04:48,13.958,13.96,13.952,13.952,131.25,13.95000000,13.95000000,13.95000000,13.95000000,54.18000000,,,,,,13.96,13.96,13.95,13.95,32.47,,,,,0.0
2025-12-08 04:49,13.951,13.955,13.948,13.955,430.84,13.95000000,13.96000000,13.95000000,13.95000000,631.69000000,,,,,,13.95,13.96,13.94,13.96,379.08,13.95621,13.95621,13.95592,13.95592,3.05549313
2025-12-08 04:50,13.956,13.958,13.949,13.949,264.64,13.95000000,13.96000000,13.95000000,13.95000000,59.94000000,,,,,,13.96,13.96,13.95,13.95,35.69,13.95649,13.95649,13.95649,13.95649,0.1538
2025-12-08 04:51,13.948,13.948,13.935,13.935,97.65,13.95000000,13.95000000,13.93000000,13.93000000,1098.85000000,,,,,,13.95,13.96,13.93,13.93,616.74,13.95001,13.95002,13.93784,13.93923,85.87159
2025-12-08 04:52,13.934,13.942,13.929,13.938,513.74,13.93000000,13.94000000,13.92000000,13.93000000,127.33000000,,,,,,13.93,13.95,13.92,13.94,118.72,13.93301,13.9462,13.93301,13.9462,27.524316570000003
2025-12-08 04:53,13.935,13.943,13.935,13.937,1538.11,13.93000000,13.95000000,13.93000000,13.94000000,1081.50000000,,,,,,13.94,13.95,13.93,13.93,649.06,13.94214,13.94214,13.94214,13.94214,0.65561
2025-12-08 04:54,13.937,13.944,13.937,13.939,76.09,13.94000000,13.95000000,13.94000000,13.94000000,190.45000000,,,,,,13.93,13.95,13.93,13.94,114.27,,,,,0.0
2025-12-08 04:55,13.938,13.944,13.938,13.94,236.94,13.94000000,13.95000000,13.94000000,13.94000000,367.43000000,,,,,,13.94,13.95,13.93,13.93,218.95,,,,,0.0
2025-12-08 04:56,13.939,13.947,13.937,13.946,42.61,13.94000000,13.95000000,13.94000000,13.95000000,136.85000000,,,,,,13.93,13.95,13.93,13.94,80.75,13.94099,13.94099,13.94099,13.94099,9.3073
2025-12-08 04:57,13.946,13.956,13.945,13.953,416.22,13.95000000,13.95000000,13.95000000,13.95000000,565.85000000,,,,,,13.94,13.96,13.94,13.95,274.14,13.94099,13.94099,13.94099,13.94099,2.2960613999999997
2025-12-08 04:58,13.952,13.953,13.942,13.946,590.96,13.95000000,13.95000000,13.94000000,13.95000000,175.47000000,,,,,,13.95,13.96,13.94,13.95,171.85,13.95179,13.95179,13.94711,13.94711,2.06944
2025-12-08 04:59,13.946,13.946,13.938,13.942,255.82,13.94000000,13.94000000,13.94000000,13.94000000,500.30000000,,,,,,13.95,13.95,13.93,13.94,300.18,,,,,0.0
2025-12-08 05:00,13.943,13.943,13.925,13.927,614.88,13.94000000,13.94000000,13.92000000,13.93000000,2079.01000000,,,,,,13.94,13.95,13.92,13.92,948.86,13.94517,13.94517,13.93158,13.93559,62.32120728
2025-12-08 05:01,13.928,13.935,13.928,13.931,245.72,13.93000000,13.94000000,13.93000000,13.93000000,685.57000000,,,,,,13.92,13.94,13.92,13.93,407.74,,,,,0.0
2025-12-08 05:02,13.932,13.932,13.912,13.923,457.58,13.93000000,13.93000000,13.91000000,13.92000000,436.75000000,,,,,,13.93,13.94,13.91,13.91,265.56,13.93204,13.93204,13.91691,13.91691,85.99764381
2025-12-08 05:03,13.918,13.921,13.914,13.919,158.37,13.91000000,13.92000000,13.91000000,13.92000000,171.08000000,,,,,,13.91,13.92,13.91,13.91,102.61,13.92052,13.92052,13.92052,13.92052,6.23512846
2025-12-08 05:04,13.919,13.919,13.904,13.918,2078.94,13.91000000,13.92000000,13.90000000,13.91000000,9721.78000000,,,,,,13.91,13.92,13.9,13.92,5832.42,13.91533,13.91533,13.913,13.913,74.64933191
2025-12-08 05:05,13.918,13.929,13.916,13.927,744.51,13.92000000,13.93000000,13.92000000,13.93000000,418.37000000,,,,,,13.92,13.93,13.91,13.93,249.43,13.92021,13.92021,13.92021,13.92021,11.275774640000002
2025-12-08 05:06,13.93,13.942,13.93,13.942,558.68,13.93000000,13.94000000,13.93000000,13.94000000,551.35000000,,,,,,13.93,13.95,13.93,13.95,330.81,13.92739,13.94097,13.92739,13.94097,23.83239509
2025-12-08 05:07,13.942,13.947,13.936,13.947,190.64,13.94000000,13.94000000,13.94000000,13.94000000,914.29000000,,,,,,13.95,13.95,13.93,13.94,548.58,,,,,0.0
2025-12-08 05:08,13.945,13.947,13.935,13.947,354.42,13.94000000,13.94000000,13.94000000,13.94000000,1035.72000000,,,,,,13.94,13.95,13.93,13.94,621.5,13.94097,13.95,13.94097,13.95,476.38351253999997
2025-12-08 05:09,13.946,13.953,13.933,13.933,2489.5,13.94000000,13.95000000,13.93000000,13.93000000,461.51000000,,,,,,13.94,13.96,13.93,13.94,276.91,,,,,0.0
2025-12-08 05:10,13.933,13.94,13.924,13.924,2849.59,13.93000000,13.93000000,13.92000000,13.93000000,6945.07000000,,,,,,13.94,13.94,13.92,13.93,916.9,13.93428,13.93429,13.93185,13.93185,401.77926209
2025-12-08 05:11,13.924,13.948,13.924,13.941,2791.13,13.93000000,13.95000000,13.93000000,13.95000000,2850.46000000,,,,,,13.93,13.95,13.93,13.95,1710.17,13.92933,13.92933,13.92933,13.92933,20.44837127
2025-12-08 05:12,13.941,13.944,13.935,13.941,307.15,13.94000000,13.94000000,13.93000000,13.94000000,1135.18000000,,,,,,13.95,13.95,13.93,13.95,681.31,,,,,0.0
2025-12-08 05:13,13.942,13.951,13.942,13.946,146.5,13.94000000,13.96000000,13.94000000,13.96000000,175.44000000,,,,,,13.95,13.96,13.94,13.95,104.47,,,,,0.0
2025-12-08 05:14,13.946,13.946,13.935,13.94,145.77,13.94000000,13.94000000,13.93000000,13.94000000,720.36000000,,,,,,13.95,13.96,13.93,13.94,433.12,13.94599,13.94599,13.94599,13.94599,0.68925498
2025-12-08 05:15,13.941,13.942,13.928,13.928,446.09,13.94000000,13.94000000,13.93000000,13.93000000,184.12000000,,,,,,13.94,13.94,13.92,13.92,109.83,,,,,0.0
2025-12-08 05:16,13.927,13.935,13.919,13.935,1166.14,13.92000000,13.94000000,13.92000000,13.94000000,1522.82000000,,,,,,13.92,13.94,13.91,13.93,913.77,,,,,0.0
2025-12-08 05:17,13.936,13.966,13.936,13.954,6119.07,13.94000000,13.96000000,13.94000000,13.96000000,4004.62000000,,,,,,13.93,13.97,13.93,13.96,2401.96,13.93158,13.94952,13.93158,13.94952,426.95417175999995
2025-12-08 05:18,13.955,13.959,13.953,13.958,790.95,13.96000000,13.96000000,13.95000000,13.95000000,273.85000000,,,,,,13.96,13.96,13.95,13.96,164.37,13.95224,13.96038,13.95224,13.95288,1055.0181599999999
2025-12-08 05:19,13.959,13.982,13.959,13.982,531.92,13.96000000,13.98000000,13.96000000,13.98000000,1807.68000000,,,,,,13.96,13.98,13.96,13.98,111.87,13.96464,13.97426,13.96464,13.97426,14.63595294
2025-12-08 05:20,13.978,13.993,13.976,13.987,329.7,13.98000000,14.00000000,13.98000000,13.98000000,1210.15000000,,,,,,13.98,14,13.98,13.99,1697.25,13.97927,13.97927,13.97927,13.97927,29.364745499999998
2025-12-08 05:21,13.986,13.987,13.976,13.985,359.29,13.98000000,13.98000000,13.97000000,13.98000000,849.46000000,,,,,,13.99,13.99,13.97,13.98,509.76,13.98071,13.98071,13.97873,13.97873,48.94533941
2025-12-08 05:22,13.988,13.993,13.984,13.984,226.6,13.99000000,14.00000000,13.99000000,13.99000000,438.69000000,,,,,,13.98,14,13.98,13.99,263.15,,,,,0.0
2025-12-08 05:23,13.984,13.997,13.982,13.997,773.28,13.99000000,14.00000000,13.98000000,14.00000000,153.75000000,,,,,,13.99,14,13.98,13.99,92.23,,,,,0.0
2025-12-08 05:24,13.997,13.999,13.984,13.992,446.61,14.00000000,14.00000000,13.98000000,13.99000000,1268.23000000,,,,,,13.99,14.01,13.98,13.99,760.99,13.99094,13.99094,13.99094,13.99094,6.95807628
2025-12-08 05:25,13.992,13.995,13.985,13.99,1249.72,13.99000000,14.00000000,13.98000000,13.99000000,411.51000000,,,,,,13.99,14,13.98,13.99,253.27,,,,,0.0
2025-12-08 05:26,13.991,13.992,13.978,13.985,655.9,14.00000000,14.00000000,13.98000000,13.98000000,84.46000000,,,,,,13.99,14,13.98,13.99,49.46,,,,,0.0
2025-12-08 05:27,13.985,13.991,13.983,13.985,290.26,13.99000000,13.99000000,13.98000000,13.98000000,454.29000000,,,,,,13.99,14,13.98,13.99,272.6,,,,,0.0
2025-12-08 05:28,13.983,13.984,13.982,13.983,163.2,13.99000000,13.99000000,13.99000000,13.99000000,140.37000000,,,,,,13.99,13.99,13.98,13.99,6.94,13.98654,13.98654,13.98654,13.98654,0.4965095
2025-12-08 05:29,13.984,13.984,13.98,13.982,66.47,13.98000000,13.99000000,13.98000000,13.98000000,234.02000000,13.985,13.985,13.982,13.982,265.0,13.99,13.99,13.98,13.98,219.01,,,,,0.0
2025-12-08 05:30,13.981,13.991,13.981,13.99,332.49,13.98000000,13.99000000,13.98000000,13.99000000,330.54000000,,,,,,13.98,14,13.98,13.99,71.29,13.98654,13.98654,13.98654,13.98654,5.97423
2025-12-08 05:31,13.99,13.997,13.984,13.996,437.28,13.99000000,14.00000000,13.99000000,13.99000000,160.46000000,,,,,,13.99,14,13.98,14,218.47,13.98654,13.98654,13.98654,13.98654,26.18774477
2025-12-08 05:32,13.996,13.999,13.993,13.998,1837.24,13.99000000,14.01000000,13.99000000,14.00000000,1286.06000000,,,,,,14,14.01,13.99,14.01,771.82,13.99603,13.9976,13.99603,13.9976,25.353880320000002
2025-12-08 05:33,13.997,13.999,13.979,13.986,9298.66,14.00000000,14.01000000,13.99000000,14.00000000,820.46000000,,,,,,14.01,14.01,13.98,14,492.28,13.99222,14.0,13.99064,13.99064,400.40248542
2025-12-08 05:34,13.99,14.005,13.986,14.005,8823.75,13.99000000,14.02000000,13.99000000,14.02000000,509.84000000,,,,,,14,14.02,13.99,14.02,303.86,13.99888,14.0,13.99888,14.0,6487.38626913
2025-12-08 05:35,14.006,14.039,14.006,14.031,9055.99,14.01000000,14.05000000,14.01000000,14.04000000,8607.62000000,14.019,14.04,14.019,14.04,1.0,14.02,14.05,14.01,14.03,5161,14.0,14.02376,14.0,14.02376,5980.71356655
2025-12-08 05:36,14.032,14.041,14.028,14.029,1612.58,14.04000000,14.04000000,14.03000000,14.03000000,1123.09000000,,,,,,14.03,14.05,14.03,14.04,684.45,14.03549,14.03549,14.03549,14.03549,0.07036
2025-12-08 05:37,14.029,14.03,14.012,14.012,902.95,14.03000000,14.03000000,14.01000000,14.01000000,1110.69000000,,,,,,14.04,14.04,14.01,14.01,666.54,14.03288,14.03288,14.01113,14.01113,718.62776699
2025-12-08 05:38,14.012,14.028,14.012,14.028,450.44,14.02000000,14.03000000,14.02000000,14.03000000,498.41000000,,,,,,14.01,14.03,14.01,14.02,210.67,,,,,0.0
2025-12-08 05:39,14.029,14.042,14.017,14.017,9155.6,14.03000000,14.05000000,14.02000000,14.02000000,8939.21000000,,,,,,14.02,14.05,14.02,14.02,5451.24,14.0347,14.03775,14.0347,14.03775,59.92354809
2025-12-08 05:40,14.019,14.03,14.017,14.018,418.68,14.02000000,14.03000000,14.02000000,14.02000000,2072.19000000,,,,,,14.02,14.03,14.02,14.02,1237.92,14.02152,14.02152,14.02152,14.02152,18.66565403
2025-12-08 05:41,14.017,14.027,14.016,14.027,424.27,14.02000000,14.04000000,14.02000000,14.04000000,209.07000000,,,,,,14.02,14.04,14.01,14.04,125.41,14.02427,14.02427,14.02427,14.02427,1.91282888
2025-12-08 05:42,14.028,14.043,14.028,14.036,202.49,14.04000000,14.04000000,14.04000000,14.04000000,109.46000000,,,,,,14.04,14.05,14.04,14.04,65.65,,,,,0.0
2025-12-08 05:43,14.036,14.045,14.036,14.039,647.59,14.04000000,14.05000000,14.03000000,14.04000000,663.48000000,,,,,,14.04,14.05,14.03,14.04,1745.72,,,,,0.0
2025-12-08 05:44,14.039,14.04,14.029,14.03,3463.64,14.04000000,14.04000000,14.03000000,14.04000000,2489.96000000,,,,,,14.04,14.05,14.03,14.04,1495.26,14.02752,14.02752,14.02752,14.02752,1.17587202
2025-12-08 05:45,14.032,14.034,14.025,14.025,1831.85,14.04000000,14.04000000,14.02000000,14.02000000,330.94000000,,,,,,14.04,14.04,14.02,14.03,193.85,,,,,0.0
2025-12-08 05:46,14.025,14.05,14.025,14.05,1466.47,14.03000000,14.06000000,14.03000000,14.05000000,3190.85000000,14.047,14.05,14.047,14.05,36.812955990000006,14.03,14.06,14.03,14.05,1914.25,14.02678,14.0408,14.02678,14.0408,21.704841430000002
2025-12-08 05:47,14.048,14.052,14.043,14.048,2313.76,14.05000000,14.06000000,14.04000000,14.05000000,818.72000000,14.05,14.05,14.05,14.05,1e-08,14.05,14.06,14.04,14.05,486.06,,,,,0.0
2025-12-08 05:48,14.05,14.058,14.037,14.047,954.28,14.05000000,14.05000000,14.03000000,14.04000000,341.11000000,,,,,,14.05,14.06,14.03,14.04,213.78,,,,,0.0
2025-12-08 05:49,14.048,14.054,14.03,14.032,1816.41,14.05000000,14.05000000,14.03000000,14.03000000,3632.41000000,,,,,,14.04,14.06,14.02,14.02,2180.11,14.04783,14.04783,14.04783,14.04783,0.64287231
2025-12-08 05:50,14.028,14.036,14.026,14.031,565.24,14.02000000,14.04000000,14.02000000,14.03000000,1432.30000000,,,,,,14.02,14.04,14.02,14.04,853.96,,,,,0.0
2025-12-08 05:51,14.031,14.034,14.019,14.021,1020.72,14.03000000,14.04000000,14.02000000,14.02000000,496.18000000,,,,,,14.04,14.04,14.01,14.01,291.42,,,,,0.0
2025-12-08 05:52,14.021,14.021,14.005,14.007,1453.39,14.02000000,14.02000000,14.00000000,14.00000000,851.87000000,,,,,,14.01,14.03,14,14,507.85,14.01555,14.01555,14.012,14.012,56.004400000000004
2025-12-08 05:53,14.008,14.009,13.999,14.003,398.4,14.01000000,14.01000000,14.00000000,14.01000000,243.11000000,,,,,,14,14.02,14,14,157.68,14.01071,14.01071,14.01071,14.01071,5.04475
2025-12-08 05:54,14.004,14.017,14.004,14.015,927.97,14.00000000,14.02000000,14.00000000,14.02000000,93.51000000,,,,,,14,14.02,14,14.02,43.85,14.00272,14.00272,14.00272,14.00272,16.29828727
2025-12-08 05:55,14.014,14.018,14.011,14.018,88.42,14.01000000,14.02000000,14.01000000,14.02000000,7.51000000,,,,,,14.02,14.02,14.01,14.02,12.85,14.0121,14.0121,14.0121,14.0121,0.10164
2025-12-08 05:56,14.018,14.018,14.014,14.014,205.57,14.02000000,14.02000000,14.02000000,14.02000000,28.14000000,,,,,,14.02,14.02,14.01,14.01,16.86,14.01335,14.01335,14.01335,14.01335,0.49839
2025-12-08 05:57,14.013,14.019,14.013,14.019,269.33,14.02000000,14.03000000,14.01000000,14.03000000,142.92000000,,,,,,14.01,14.03,14.01,14.02,85.76,,,,,0.0
2025-12-08 05:58,14.019,14.022,14.016,14.022,426.88,14.02000000,14.03000000,14.02000000,14.02000000,236.84000000,,,,,,14.02,14.03,14.01,14.02,142.1,14.01335,14.01335,14.01335,14.01335,14.92845308
2025-12-08 05:59,14.02,14.028,14.019,14.028,1194.56,14.03000000,14.03000000,14.01000000,14.02000000,2474.40000000,,,,,,14.02,14.03,14.01,14.01,1484.94,,,,,
2025-12-08 06:00,14.028,14.029,14.017,14.017,972.03,14.01000000,14.03000000,14.01000000,14.02000000,116.39000000,,,,,,14.01,14.03,14.01,14.03,57.51,14.02075,14.02075,14.01687,14.01687,50.129214479999995
2025-12-08 06:01,14.017,14.032,14.017,14.028,159.36,14.02000000,14.04000000,14.02000000,14.03000000,567.20000000,14.029,14.029,14.029,14.029,0.29271629,14.03,14.04,14.02,14.03,355.38,,,,,0.0
2025-12-08 06:02,14.027,14.027,14.017,14.017,1161.89,14.03000000,14.03000000,14.02000000,14.02000000,554.17000000,,,,,,14.03,14.03,14.01,14.02,916.47,,,,,0.0
2025-12-08 06:03,14.016,14.016,14.001,14.01,7806.22,14.01000000,14.02000000,14.00000000,14.01000000,2017.71000000,,,,,,14.02,14.02,14,14.02,1170.54,,,,,0.0
2025-12-08 06:04,14.009,14.024,14.008,14.024,1998.33,14.01000000,14.02000000,14.01000000,14.01000000,472.95000000,,,,,,14.02,14.02,14.01,14.02,323.7,,,,,0.0
2025-12-08 06:05,14.017,14.03,14.014,14.014,706.44,14.02000000,14.03000000,14.01000000,14.02000000,1982.56000000,,,,,,14.02,14.03,14.01,14.02,1385.7,14.01733,14.01733,14.01733,14.01733,20.27206523
2025-12-08 06:06,14.015,14.031,14.015,14.031,656.06,14.02000000,14.03000000,14.01000000,14.03000000,304.82000000,,,,,,14.02,14.03,14.01,14.03,187.52,,,,,0.0
2025-12-08 06:07,14.032,14.038,14.032,14.032,1131.7,14.03000000,14.04000000,14.03000000,14.04000000,4.26000000,,,,,,14.03,14.04,14.03,14.03,2.55,14.02388,14.02388,14.02388,14.02388,2.37448441
2025-12-08 06:08,14.031,14.031,14.021,14.023,285.04,14.03000000,14.03000000,14.03000000,14.03000000,123.48000000,,,,,,14.03,14.03,14.02,14.03,82.87,14.02999,14.02999,14.02999,14.02999,377.47
2025-12-08 06:09,14.022,14.022,14.005,14.006,1459.85,14.02000000,14.02000000,14.01000000,14.01000000,1275.36000000,,,,,,14.03,14.03,14,14.01,767.61,,,,,0.0
2025-12-08 06:10,14.005,14.028,14.005,14.021,3193.63,14.01000000,14.03000000,14.01000000,14.02000000,1899.34000000,,,,,,14.01,14.03,14.01,14.01,1136.8,14.00355,14.00355,14.00355,14.00355,19.49566093
2025-12-08 06:11,14.018,14.023,14.017,14.022,449.73,14.02000000,14.03000000,14.02000000,14.02000000,36.43000000,,,,,,14.01,14.03,14.01,14.03,21.86,14.02396,14.02396,14.02396,14.02396,17.43544
2025-12-08 06:12,14.021,14.03,14.021,14.028,276.0,14.02000000,14.03000000,14.02000000,14.03000000,151.54000000,,,,,,14.03,14.03,14.02,14.03,90.89,14.02304,14.02304,14.02304,14.02304,20.0
2025-12-08 06:13,14.026,14.029,14.016,14.029,1204.58,14.02000000,14.03000000,14.02000000,14.03000000,4469.86000000,,,,,,14.03,14.04,14.01,14.02,2682.13,14.02684,14.02684,14.02684,14.02684,2.12178295
2025-12-08 06:14,14.029,14.037,14.029,14.031,664.05,14.03000000,14.04000000,14.02000000,14.04000000,1444.81000000,,,,,,14.02,14.04,14.02,14.03,866.96,,,,,0.0
2025-12-08 06:15,14.03,14.046,14.03,14.046,363.17,14.03000000,14.05000000,14.03000000,14.05000000,467.86000000,,,,,,14.03,14.05,14.03,14.04,272.32,14.03,14.03,14.03,14.03,61.76530751
2025-12-08 06:16,14.045,14.056,14.044,14.056,386.23,14.05000000,14.06000000,14.05000000,14.06000000,3572.23000000,,,,,,14.04,14.06,14.04,14.05,2145.33,14.04849,14.05004,14.04847,14.05004,6.783409020000001
2025-12-08 06:17,14.055,14.056,14.052,14.055,395.45,14.06000000,14.06000000,14.05000000,14.06000000,231.80000000,,,,,,14.05,14.06,14.05,14.06,139.11,,,,,0.0
2025-12-08 06:18,14.056,14.056,14.044,14.044,127.3,14.06000000,14.06000000,14.05000000,14.05000000,701.53000000,,,,,,14.06,14.06,14.04,14.04,421.06,14.05139,14.05139,14.05139,14.05139,0.29459105
2025-12-08 06:19,14.043,14.051,14.037,14.045,2497.42,14.05000000,14.05000000,14.03000000,14.03000000,1158.83000000,,,,,,14.04,14.04,14.03,14.03,695.47,14.03777,14.03777,14.03777,14.03777,0.26649986
2025-12-08 06:20,14.046,14.049,14.037,14.038,737.64,14.04000000,14.05000000,14.04000000,14.04000000,11413.56000000,,,,,,14.03,14.05,14.03,14.04,3172.26,14.03968,14.04204,14.03968,14.04204,25.36382167
2025-12-08 06:21,14.037,14.041,14.034,14.034,1651.73,14.04000000,14.05000000,14.04000000,14.04000000,958.65000000,,,,,,14.04,14.05,14.03,14.03,568.62,14.04325,14.04325,14.04325,14.04325,1.64202
2025-12-08 06:22,14.034,14.036,14.015,14.015,963.19,14.03000000,14.03000000,14.02000000,14.02000000,855.31000000,,,,,,14.03,14.03,14.01,14.01,513.37,14.03075,14.0334,14.03075,14.0334,2.9892588900000003
2025-12-08 06:23,14.015,14.021,14.013,14.016,390.94,14.02000000,14.02000000,14.01000000,14.01000000,97.91000000,,,,,,14.01,14.02,14.01,14.02,58.71,14.01797,14.01797,14.01429,14.01429,14.86400228
2025-12-08 06:24,14.014,14.015,14.012,14.014,233.69,14.01000000,14.02000000,14.01000000,14.02000000,180.52000000,,,,,,14.02,14.02,14.01,14.01,108.32,14.01858,14.01919,14.01128,14.01919,109.01403461
2025-12-08 06:25,14.015,14.021,14.011,14.015,433.38,14.02000000,14.02000000,14.01000000,14.01000000,496.85000000,,,,,,14.01,14.02,14.01,14.01,58.34,14.01677,14.01677,14.01201,14.01482,34.75392264
2025-12-08 06:26,14.016,14.022,14.014,14.018,559.6,14.02000000,14.02000000,14.01000000,14.01000000,761.63000000,,,,,,14.01,14.03,14.01,14.02,456.82,14.01482,14.01675,14.00993,14.00993,3124.58606131
2025-12-08 06:27,14.02,14.02,14.01,14.01,102.58,14.02000000,14.02000000,14.01000000,14.01000000,15.93000000,,,,,,14.02,14.02,14.01,14.01,9.56,,,,,0.0
2025-12-08 06:28,14.01,14.014,14.009,14.014,971.03,14.01000000,14.02000000,14.01000000,14.01000000,1530.54000000,,,,,,14.01,14.02,14,14.01,918.19,14.01099,14.01099,14.00974,14.00974,4.12075976
2025-12-08 06:29,14.015,14.025,14.015,14.025,849.82,14.01000000,14.02000000,14.01000000,14.02000000,356.99000000,,,,,,14.01,14.03,14.01,14.02,214.13,,,,,0.0
2025-12-08 06:30,14.026,14.031,14.026,14.031,720.31,14.03000000,14.03000000,14.03000000,14.03000000,152.95000000,,,,,,14.02,14.03,14.02,14.03,0.71,14.02068,14.02971,14.02068,14.02971,33.8262266
2025-12-08 06:31,14.032,14.036,14.023,14.023,926.62,14.03000000,14.04000000,14.02000000,14.03000000,200.74000000,,,,,,14.03,14.04,14.02,14.02,120.44,14.02331,14.02331,14.02331,14.02331,0.87496
2025-12-08 06:32,14.023,14.034,14.023,14.031,324.81,14.03000000,14.04000000,14.03000000,14.04000000,42.96000000,,,,,,14.02,14.04,14.02,14.03,25.77,,,,,0.0
2025-12-08 06:33,14.028,14.037,14.028,14.037,153.27,14.03000000,14.03000000,14.03000000,14.03000000,429.06000000,,,,,,14.03,14.04,14.02,14.03,257.42,,,,,0.0
2025-12-08 06:34,14.035,14.039,14.035,14.039,38.77,14.03000000,14.04000000,14.03000000,14.04000000,88.39000000,,,,,,14.03,14.05,14.03,14.05,53.04,14.02971,14.03254,14.02971,14.03254,7.85429997
2025-12-08 06:35,14.037,14.037,14.029,14.036,485.82,14.05000000,14.05000000,14.03000000,14.04000000,310.18000000,,,,,,14.05,14.05,14.02,14.04,95.45,,,,,0.0
2025-12-08 06:36,14.035,14.035,14.03,14.03,305.41,14.03000000,14.03000000,14.03000000,14.03000000,166.60000000,,,,,,14.04,14.04,14.03,14.04,99.93,,,,,0.0
2025-12-08 06:37,14.031,14.053,14.031,14.053,679.32,14.04000000,14.06000000,14.03000000,14.06000000,1973.28000000,,,,,,14.04,14.06,14.03,14.05,1184.1,14.03263,14.03263,14.03263,14.03263,24.92484584
2025-12-08 06:38,14.054,14.06,14.05,14.06,1600.94,14.05000000,14.06000000,14.05000000,14.05000000,760.92000000,14.058,14.058,14.058,14.058,0.2,14.05,14.07,14.04,14.06,466.06,14.04921,14.05425,14.04921,14.05425,120.90039377
2025-12-08 06:39,14.06,14.061,14.053,14.057,411.97,14.06000000,14.07000000,14.05000000,14.06000000,199.34000000,,,,,,14.06,14.07,14.05,14.07,119.6,14.05898,14.05898,14.05898,14.05898,17.65653991
2025-12-08 06:40,14.057,14.061,14.047,14.047,1045.66,14.06000000,14.06000000,14.05000000,14.05000000,55.79000000,,,,,,14.07,14.07,14.05,14.06,36.42,14.05774,14.05774,14.05774,14.05774,0.14759
2025-12-08 06:41,14.049,14.058,14.049,14.057,173.42,14.05000000,14.06000000,14.05000000,14.06000000,2905.46000000,,,,,,14.06,14.06,14.05,14.06,1744.61,14.0514,14.05785,14.0514,14.05785,23.80467949
2025-12-08 06:42,14.058,14.058,14.036,14.039,863.78,14.06000000,14.06000000,14.04000000,14.04000000,1013.98000000,,,,,,14.06,14.06,14.03,14.04,610.38,14.04,14.04,14.04,14.04,0.17761
2025-12-08 06:43,14.039,14.048,14.039,14.048,128.88,14.04000000,14.05000000,14.04000000,14.05000000,536.65000000,,,,,,14.04,14.05,14.03,14.04,320.91,14.04993,14.04993,14.04993,14.04993,0.35409
2025-12-08 06:44,14.045,14.045,14.038,14.041,327.3,14.04000000,14.05000000,14.04000000,14.04000000,34.85000000,,,,,,14.04,14.05,14.04,14.04,20.91,,,,,0.0
2025-12-08 06:45,14.043,14.065,14.043,14.063,4022.73,14.05000000,14.07000000,14.04000000,14.06000000,7638.61000000,,,,,,14.04,14.07,14.04,14.06,4574.45,14.04528,14.05885,14.04528,14.05885,27.21613033
2025-12-08 06:46,14.063,14.065,14.047,14.051,1393.83,14.06000000,14.07000000,14.05000000,14.05000000,1091.13000000,,,,,,14.06,14.07,14.05,14.06,920.11,,,,,0.0
2025-12-08 06:47,14.052,14.06,14.051,14.051,222.18,14.06000000,14.07000000,14.06000000,14.06000000,727.00000000,,,,,,14.06,14.07,14.05,14.05,414.36,14.06196,14.06196,14.06196,14.06196,0.2895198
2025-12-08 06:48,14.052,14.06,14.051,14.06,177.64,14.06000000,14.06000000,14.05000000,14.06000000,45.79000000,,,,,,14.05,14.07,14.05,14.07,27.45,14.05224,14.0622,14.05224,14.0622,11.65671
2025-12-08 06:49,14.06,14.06,14.053,14.053,165.46,14.06000000,14.06000000,14.06000000,14.06000000,523.55000000,,,,,,14.07,14.07,14.05,14.06,334.81,,,,,0.0
2025-12-08 06:50,14.053,14.057,14.05,14.053,95.56,14.06000000,14.06000000,14.04000000,14.05000000,310.38000000,,,,,,14.06,14.06,14.05,14.05,127.04,14.05833,14.05852,14.05833,14.05852,0.36343716
2025-12-08 06:51,14.055,14.057,14.052,14.052,74.06,14.06000000,14.06000000,14.05000000,14.05000000,173.44000000,,,,,,14.05,14.06,14.05,14.05,104.29,14.05571,14.05877,14.05226,14.05877,165.2226844
2025-12-08 06:52,14.054,14.06,14.048,14.056,2244.67,14.05000000,14.06000000,14.05000000,14.06000000,763.05000000,,,,,,14.05,14.06,14.04,14.05,457.72,14.05,14.05,14.05,14.05,0.56034
2025-12-08 06:53,14.056,14.06,14.056,14.058,77.44,14.06000000,14.07000000,14.05000000,14.07000000,1667.50000000,,,,,,14.05,14.07,14.05,14.06,1000.64,,,,,0.0
2025-12-08 06:54,,,,,,14.06000000,14.06000000,14.06000000,14.06000000,23.53000000,,,,,,14.06,14.07,14.05,14.05,14.12,,,,,0.0
2025-12-08 06:55,14.057,14.058,14.053,14.053,1179.79,14.06000000,14.06000000,14.06000000,14.06000000,21.14000000,,,,,,14.05,14.06,14.05,14.06,17,,,,,0.0
2025-12-08 06:56,14.053,14.054,14.047,14.054,645.71,14.06000000,14.06000000,14.04000000,14.05000000,429.02000000,,,,,,14.06,14.06,14.04,14.05,255.28,14.05,14.05,14.05,14.05,3.23199356
2025-12-08 06:57,14.051,14.051,14.034,14.034,500.7,14.05000000,14.05000000,14.04000000,14.04000000,2042.81000000,,,,,,14.05,14.06,14.03,14.03,1297.76,14.05,14.05,14.0395,14.0395,44.78944353
2025-12-08 06:58,14.033,14.033,14.022,14.023,1336.56,14.03000000,14.03000000,14.02000000,14.02000000,394.79000000,,,,,,14.03,14.04,14.02,14.03,236.82,14.0395,14.0395,14.02914,14.02914,218.61273291
2025-12-08 06:59,14.023,14.029,14.021,14.028,819.31,14.02000000,14.03000000,14.02000000,14.03000000,1127.55000000,,,,,,14.03,14.03,14.02,14.03,676.76,,,,,0.0
2025-12-08 07:00,14.025,14.03,14.016,14.016,543.46,14.03000000,14.03000000,14.01000000,14.03000000,2137.26000000,,,,,,14.03,14.03,14.01,14.03,3324.4,14.02595,14.02595,14.02454,14.02454,25.67705778
2025-12-08 07:01,14.016,14.024,14.016,14.018,144.14,14.02000000,14.03000000,14.01000000,14.02000000,505.79000000,,,,,,14.03,14.03,14.01,14.01,303.39,,,,,0.0
2025-12-08 07:02,14.017,14.017,14.011,14.015,537.27,14.01000000,14.02000000,14.01000000,14.02000000,595.56000000,,,,,,14.01,14.02,14.01,14.02,357,14.022,14.022,14.02,14.02,46.00156993
2025-12-08 07:03,14.016,14.034,14.016,14.02,3961.33,14.01000000,14.03000000,14.01000000,14.03000000,269.62000000,,,,,,14.02,14.04,14.01,14.03,162.72,14.01707,14.02675,14.01707,14.02675,22.694647149999998
2025-12-08 07:04,14.022,14.031,14.022,14.03,303.73,14.02000000,14.03000000,14.02000000,14.02000000,96.46000000,,,,,,14.03,14.03,14.02,14.03,67.14,,,,,0.0
2025-12-08 07:05,14.031,14.033,14.017,14.019,326.69,14.03000000,14.03000000,14.02000000,14.02000000,1951.40000000,,,,,,14.03,14.04,14.01,14.02,1175.44,14.02671,14.02671,14.02015,14.02015,41.97571174
2025-12-08 07:06,14.017,14.017,13.987,13.992,1325.08,14.01000000,14.01000000,13.98000000,14.00000000,1559.04000000,,,,,,14.02,14.02,13.98,13.99,928.63,14.01656,14.01656,13.99608,13.9966,583.95859897
2025-12-08 07:07,13.99,13.993,13.982,13.993,744.1,13.99000000,14.00000000,13.98000000,13.99000000,1099.42000000,,,,,,13.99,14,13.98,13.99,659.12,13.9884,13.9884,13.98794,13.98794,26.132609900000002
2025-12-08 07:08,13.99,13.997,13.99,13.995,97.89,13.99000000,14.00000000,13.99000000,14.00000000,100.15000000,,,,,,13.99,14,13.99,14,60.57,13.99673,13.99673,13.99233,13.99233,7.142882960000001
2025-12-08 07:09,13.994,13.997,13.992,13.996,273.08,13.99000000,14.00000000,13.99000000,13.99000000,80.40000000,,,,,,14,14,13.99,13.99,48.24,13.99592,13.99592,13.99592,13.99592,0.14079
2025-12-08 07:10,13.997,13.997,13.989,13.994,1969.16,14.00000000,14.00000000,13.99000000,13.99000000,50.70000000,,,,,,13.99,14,13.99,14,28.86,,,,,0.0
2025-12-08 07:11,13.99,13.992,13.989,13.992,144.58,13.99000000,13.99000000,13.99000000,13.99000000,871.04000000,,,,,,14,14,13.99,14,522.43,13.9957,13.9957,13.9957,13.9957,4.29859
2025-12-08 07:12,13.989,13.994,13.987,13.994,71.29,13.99000000,14.00000000,13.99000000,14.00000000,645.65000000,,,,,,14,14,13.98,14,383.97,,,,,0.0
2025-12-08 07:13,13.994,13.994,13.962,13.975,10410.21,13.99000000,13.99000000,13.96000000,13.97000000,4830.97000000,,,,,,14,14,13.96,13.97,2902.77,13.993,13.993,13.97073,13.97073,435.15375105
2025-12-08 07:14,13.975,13.983,13.975,13.983,227.61,13.97000000,13.98000000,13.97000000,13.98000000,177.53000000,,,,,,13.97,13.99,13.97,13.99,106.47,13.97295,13.97295,13.97295,13.97295,14.9078786
2025-12-08 07:15,13.975,13.975,13.971,13.971,97.9,13.99000000,13.99000000,13.97000000,13.98000000,444.18000000,,,,,,13.99,13.99,13.97,13.97,266.34,13.97368,13.97368,13.97361,13.97361,9.02614216
2025-12-08 07:16,13.972,13.99,13.972,13.988,365.79,13.98000000,13.99000000,13.97000000,13.99000000,386.94000000,,,,,,13.97,13.99,13.97,13.99,235.54,13.97375,13.98716,13.97375,13.98716,71.4929833
2025-12-08 07:17,13.991,13.993,13.986,13.989,227.46,13.99000000,14.00000000,13.99000000,13.99000000,2221.83000000,,,,,,13.99,14,13.98,13.99,1329.69,,,,,0.0
2025-12-08 07:18,13.987,14.003,13.987,13.998,266.93,13.99000000,14.01000000,13.99000000,14.00000000,2240.53000000,,,,,,13.99,14.01,13.99,13.99,1343.96,13.9887,13.99965,13.9887,13.99965,4.48060896
2025-12-08 07:19,13.994,14.007,13.994,14.007,175.19,14.00000000,14.01000000,14.00000000,14.01000000,385.30000000,,,,,,13.99,14.01,13.99,14.01,231.24,,,,,0.0
2025-12-08 07:20,14.008,14.011,14.0,14.007,532.98,14.01000000,14.01000000,14.01000000,14.01000000,734.44000000,,,,,,14.01,14.02,14,14,434.46,14.00106,14.00106,14.00106,14.00106,29.329983350000003
2025-12-08 07:21,14.002,14.002,13.991,14.0,533.46,14.01000000,14.01000000,13.99000000,13.99000000,237.97000000,,,,,,14,14.01,13.99,13.99,143.44,,,,,0.0
2025-12-08 07:22,13.995,14.004,13.995,14.004,162.35,14.00000000,14.00000000,14.00000000,14.00000000,140.76000000,,,,,,13.99,14.01,13.99,13.99,84.45,,,,,0.0
2025-12-08 07:23,14.007,14.014,14.003,14.01,932.66,14.00000000,14.01000000,14.00000000,14.01000000,659.83000000,,,,,,13.99,14.02,13.99,14.01,395.77,14.0,14.0,13.99995,14.0,7006.30915573
2025-12-08 07:24,14.011,14.02,14.01,14.013,2069.2,14.02000000,14.02000000,14.01000000,14.02000000,84.89000000,,,,,,14.01,14.02,14.01,14.02,56.1,,,,,0.0
2025-12-08 07:25,14.016,14.029,14.016,14.027,2346.28,14.02000000,14.04000000,14.02000000,14.03000000,2242.39000000,,,,,,14.02,14.04,14.01,14.02,1212.38,14.01175,14.02473,14.01175,14.02473,30.623494580000003
2025-12-08 07:26,14.031,14.031,14.023,14.029,86.86,14.03000000,14.04000000,14.02000000,14.04000000,277.96000000,,,,,,14.02,14.04,14.02,14.03,174.88,14.02696,14.02696,14.02696,14.02696,2.84300632
2025-12-08 07:27,14.029,14.035,14.026,14.035,1026.64,14.03000000,14.04000000,14.03000000,14.04000000,594.70000000,,,,,,14.03,14.04,14.02,14.03,354.48,14.02695,14.02695,14.02695,14.02695,2997.15699368
2025-12-08 07:28,14.039,14.041,14.035,14.041,253.67,14.04000000,14.05000000,14.04000000,14.04000000,699.65000000,,,,,,14.03,14.05,14.03,14.03,949.59,14.03413,14.03535,14.03413,14.03535,5.83411113
2025-12-08 07:29,14.04,14.045,14.037,14.044,338.33,14.03000000,14.04000000,14.03000000,14.04000000,189.88000000,,,,,,14.03,14.05,14.03,14.04,113.91,14.04453,14.04453,14.04453,14.04453,0.2154131
2025-12-08 07:30,14.041,14.042,14.027,14.031,382.67,14.05000000,14.05000000,14.03000000,14.04000000,519.41000000,,,,,,14.04,14.05,14.02,14.03,307.49,,,,,0.0
2025-12-08 07:31,14.031,14.041,14.026,14.027,292.01,14.03000000,14.04000000,14.03000000,14.03000000,165.86000000,,,,,,14.03,14.05,14.03,14.03,90.98,14.03304,14.03304,14.03304,14.03304,27.18492792
2025-12-08 07:32,14.025,14.036,14.025,14.032,338.93,14.03000000,14.04000000,14.03000000,14.04000000,257.11000000,,,,,,14.03,14.04,14.02,14.04,162.76,14.03501,14.03501,14.03002,14.03002,1894.72318423
2025-12-08 07:33,14.031,14.031,14.022,14.031,602.23,14.03000000,14.03000000,14.02000000,14.03000000,1127.99000000,,,,,,14.04,14.04,14.02,14.03,698.67,14.02885,14.03003,14.02885,14.03003,360.79833319
2025-12-08 07:34,14.034,14.037,14.027,14.033,808.68,14.03000000,14.04000000,14.03000000,14.03000000,961.79000000,,,,,,14.03,14.04,14.03,14.04,576.05,14.03003,14.03003,14.03003,14.03003,106.15933132
2025-12-08 07:35,14.033,14.04,14.027,14.039,196.18,14.03000000,14.04000000,14.03000000,14.04000000,1342.74000000,,,,,,14.04,14.05,14.03,14.03,453.67,14.03751,14.03837,14.03751,14.03837,25.24823839
2025-12-08 07:36,14.04,14.056,14.039,14.056,1036.68,14.04000000,14.06000000,14.04000000,14.05000000,1476.79000000,,,,,,14.03,14.06,14.03,14.06,882.79,14.04698,14.05246,14.04698,14.05246,32.90075855
2025-12-08 07:37,14.054,14.054,14.043,14.043,439.95,14.05000000,14.05000000,14.05000000,14.05000000,393.59000000,,,,,,14.06,14.06,14.04,14.06,239.13,,,,,0.0
2025-12-08 07:38,14.046,14.056,14.046,14.05,127.75,14.05000000,14.06000000,14.05000000,14.05000000,91.81000000,,,,,,14.06,14.06,14.04,14.05,52.87,14.04819,14.04819,14.04819,14.04819,0.71183547
2025-12-08 07:39,14.049,14.049,14.036,14.038,506.13,14.05000000,14.05000000,14.04000000,14.04000000,240.36000000,,,,,,14.05,14.06,14.03,14.04,146.45,14.05169,14.05169,14.05169,14.05169,0.29041977
2025-12-08 07:40,14.036,14.038,14.025,14.038,644.24,14.04000000,14.04000000,14.03000000,14.03000000,280.61000000,,,,,,14.04,14.04,14.02,14.04,141.56,14.02886,14.03016,14.02886,14.03016,27.13566728
2025-12-08 07:41,14.037,14.043,14.028,14.029,356.95,14.04000000,14.05000000,14.03000000,14.03000000,511.90000000,,,,,,14.04,14.05,14.03,14.03,307.13,,,,,0.0
2025-12-08 07:42,14.032,14.032,14.022,14.024,434.47,14.03000000,14.03000000,14.03000000,14.03000000,66.10000000,,,,,,14.03,14.04,14.02,14.02,39.67,14.02885,14.02885,14.02885,14.02885,80.27660856
2025-12-08 07:43,14.025,14.031,14.019,14.031,2804.3,14.02000000,14.03000000,14.02000000,14.03000000,2465.69000000,,,,,,14.02,14.04,14.02,14.03,1479.2,14.02885,14.03155,14.02885,14.03155,40.658979439999996
2025-12-08 07:44,14.03,14.037,14.025,14.033,3068.57,14.03000000,14.04000000,14.02000000,14.03000000,1673.38000000,,,,,,14.03,14.04,14.02,14.04,1003.94,14.03053,14.03792,14.03053,14.03698,60.99689082
2025-12-08 07:45,14.03,14.03,13.994,13.999,3432.99,14.03000000,14.03000000,14.00000000,14.00000000,2693.68000000,,,,,,14.04,14.04,13.99,14,1348.82,14.012,14.012,13.99661,13.99661,28.645099
2025-12-08 07:46,13.998,14.017,13.998,14.01,1649.69,14.00000000,14.02000000,14.00000000,14.01000000,884.70000000,,,,,,14,14.02,13.99,14,508.98,14.00401,14.01101,14.00401,14.00765,46.77778608
2025-12-08 07:47,14.012,14.017,14.008,14.012,377.22,14.02000000,14.02000000,14.01000000,14.02000000,236.16000000,,,,,,14,14.02,14,14.01,170.51,14.0202,14.0202,14.01283,14.01633,43.06511861
2025-12-08 07:48,14.012,14.018,14.01,14.011,409.79,14.02000000,14.02000000,14.01000000,14.02000000,19.60000000,,,,,,14.01,14.02,14.01,14.02,11.77,14.01895,14.02051,14.0173,14.0173,157.21934036
2025-12-08 07:49,14.011,14.016,14.002,14.007,3071.01,14.02000000,14.02000000,14.00000000,14.00000000,422.02000000,,,,,,14.02,14.02,14,14.01,253.22,14.01969,14.01969,14.01969,14.01969,15.82777103
2025-12-08 07:50,14.012,14.013,13.996,13.997,3160.87,14.00000000,14.02000000,13.99000000,13.99000000,626.40000000,,,,,,14.01,14.01,13.99,14,314.44,14.01224,14.01224,14.002,14.002,17.780479999999997
2025-12-08 07:51,13.998,14.024,13.998,14.021,1975.12,14.00000000,14.02000000,14.00000000,14.01000000,1360.31000000,,,,,,14,14.03,14,14.01,815.41,14.00093,14.01421,14.00093,14.01421,50.568184
2025-12-08 07:52,14.016,14.016,14.008,14.011,306.25,14.01000000,14.02000000,14.00000000,14.02000000,365.76000000,,,,,,14.01,14.02,14,14.02,219.72,14.01546,14.01546,14.01546,14.01546,0.29257688
2025-12-08 07:53,14.012,14.012,14.004,14.008,378.86,14.01000000,14.01000000,14.00000000,14.00000000,254.61000000,,,,,,14.02,14.02,14,14.01,146.28,,,,,0.0
2025-12-08 07:54,14.01,14.013,14.007,14.007,205.68,14.01000000,14.01000000,14.01000000,14.01000000,94.65000000,,,,,,14.01,14.02,14,14,63.25,,,,,0.0
2025-12-08 07:55,14.004,14.004,14.001,14.003,128.79,14.01000000,14.01000000,14.01000000,14.01000000,0.57000000,,,,,,14,14,14,14,2.13,13.99965,13.99965,13.99965,13.99965,6.27703404
2025-12-08 07:56,14.006,14.009,14.004,14.009,238.64,14.01000000,14.01000000,14.00000000,14.01000000,108.92000000,,,,,,14,14.01,14,14.01,65.37,14.00414,14.00809,14.00414,14.0048,202.88632701
2025-12-08 07:57,14.008,14.008,13.998,13.998,430.69,14.00000000,14.01000000,14.00000000,14.00000000,37.52000000,,,,,,14.01,14.01,14,14,22.5,14.00407,14.00407,14.00407,14.00407,0.28996872
2025-12-08 07:58,13.998,14.002,13.996,14.002,176.87,14.00000000,14.00000000,14.00000000,14.00000000,589.93000000,,,,,,14,14,13.99,13.99,354.08,14.0047,14.0047,14.0047,14.0047,0.97769
2025-12-08 07:59,14.0,14.019,14.0,14.014,7898.4,14.00000000,14.01000000,14.00000000,14.01000000,1020.68000000,,,,,,13.99,14.01,13.99,14,617.22,14.01015,14.01015,14.01015,14.01015,1.23566
2025-12-08 08:00,14.018,14.018,14.005,14.01,343.39,14.01000000,14.01000000,14.00000000,14.01000000,5827.24000000,,,,,,14,14.02,14,14,2830.12,14.0105,14.01106,14.00156,14.00156,2542.56351716
2025-12-08 08:01,14.008,14.011,13.989,13.993,293.35,14.01000000,14.01000000,13.99000000,13.99000000,1283.29000000,,,,,,14,14.01,13.98,14,770.19,14.0,14.0,14.0,14.0,177.22091721
2025-12-08 08:02,13.995,14.007,13.993,14.007,136.36,14.00000000,14.00000000,13.99000000,14.00000000,203.02000000,,,,,,14,14.01,13.99,14.01,121.78,13.99942,13.99942,13.99942,13.99942,1.01218479
2025-12-08 08:03,14.01,14.016,13.989,13.993,209.62,14.01000000,14.01000000,13.99000000,13.99000000,319.30000000,,,,,,14.01,14.02,13.99,14,191.58,,,,,0.0
2025-12-08 08:04,13.994,13.996,13.994,13.996,32.33,13.99000000,13.99000000,13.99000000,13.99000000,9.03000000,,,,,,14,14,13.99,14,5.42,,,,,0.0
2025-12-08 08:05,13.991,13.991,13.984,13.984,313.41,13.99000000,14.00000000,13.98000000,13.98000000,1066.28000000,,,,,,14,14,13.98,13.98,632.73,,,,,0.0
2025-12-08 08:06,13.987,13.994,13.979,13.982,417.08,13.99000000,13.99000000,13.97000000,13.98000000,569.07000000,,,,,,13.98,13.99,13.97,13.97,341.52,13.98761,13.98761,13.98761,13.98761,29.03863582
2025-12-08 08:07,13.981,13.99,13.981,13.989,312.71,13.98000000,13.99000000,13.98000000,13.99000000,541.24000000,,,,,,13.97,14,13.97,13.98,324.2,,,,,0.0
2025-12-08 08:08,13.991,13.992,13.985,13.986,297.31,13.99000000,13.99000000,13.98000000,13.99000000,1496.59000000,,,,,,13.98,13.99,13.98,13.99,916.58,13.98804,13.98943,13.98804,13.98841,65.66475378999999
2025-12-08 08:09,13.988,13.99,13.986,13.986,75.82,13.98000000,13.99000000,13.98000000,13.98000000,9.20000000,,,,,,13.99,13.99,13.98,13.98,5.52,13.9915,13.9915,13.9915,13.9915,6.15853403
2025-12-08 08:10,13.986,14.004,13.986,14.004,275.81,13.98000000,14.00000000,13.98000000,14.00000000,263.16000000,,,,,,13.98,14.01,13.98,14.01,105.95,13.98571,13.98625,13.98507,13.98625,49.591072829999995
2025-12-08 08:11,14.004,14.01,13.998,14.003,169.22,14.00000000,14.01000000,13.99000000,14.01000000,440.96000000,,,,,,14.01,14.01,13.99,14.01,264.66,14.00062,14.00062,14.00062,14.00062,1.24891995
2025-12-08 08:12,14.006,14.006,14.004,14.004,13.36,14.01000000,14.01000000,14.00000000,14.01000000,34.34000000,,,,,,14.01,14.01,14,14.01,20.6,14.00874,14.00874,14.0038,14.0038,2.51174666
2025-12-08 08:13,14.005,14.009,14.002,14.006,668.34,14.01000000,14.01000000,14.00000000,14.01000000,879.22000000,,,,,,14.01,14.01,14,14,346.04,,,,,0.0
2025-12-08 08:14,14.008,14.012,14.008,14.012,12.25,14.00000000,14.02000000,14.00000000,14.00000000,1164.97000000,,,,,,14,14.02,14,14,880.68,14.00562,14.00562,14.00559,14.00559,148.65011
2025-12-08 08:15,14.018,14.029,14.014,14.029,350.93,14.01000000,14.03000000,14.01000000,14.03000000,121.83000000,,,,,,14,14.03,14,14.02,51.88,14.00909,14.0208,14.00909,14.0208,186.38430918999998
2025-12-08 08:16,14.029,14.054,14.029,14.05,518.03,14.03000000,14.05000000,14.03000000,14.05000000,1358.71000000,,,,,,14.02,14.06,14.02,14.04,815.21,14.0259,14.05584,14.0259,14.05103,102.41634690000001
2025-12-08 08:17,14.048,14.048,14.026,14.026,1816.43,14.04000000,14.04000000,14.02000000,14.02000000,433.05000000,,,,,,14.04,14.04,14.02,14.03,259.9,,,,,0.0
2025-12-08 08:18,14.025,14.03,14.019,14.026,2035.31,14.02000000,14.02000000,14.02000000,14.02000000,0.73000000,,,,,,14.03,14.03,14.02,14.02,36.07,14.02635,14.03057,14.02068,14.02068,918.81372183
2025-12-08 08:19,14.027,14.046,14.027,14.046,153.59,14.02000000,14.04000000,14.02000000,14.04000000,877.70000000,,,,,,14.02,14.05,14.02,14.05,526.7,14.03916,14.03916,14.03916,14.03916,0.30287096
2025-12-08 08:20,14.048,14.048,14.035,14.037,301.61,14.05000000,14.05000000,14.03000000,14.04000000,196.93000000,,,,,,14.05,14.05,14.03,14.04,117.71,14.04181,14.04248,14.04181,14.04248,729.18000017
2025-12-08 08:21,14.038,14.051,14.037,14.041,354.88,14.04000000,14.05000000,14.03000000,14.03000000,68.32000000,,,,,,14.04,14.05,14.03,14.03,40.99,14.03606,14.04248,14.03606,14.04248,554.66050761
2025-12-08 08:22,14.039,14.039,14.03,14.033,665.64,14.04000000,14.04000000,14.02000000,14.04000000,798.41000000,,,,,,14.03,14.05,14.02,14.04,479.12,14.03485,14.03485,14.03484,14.03484,36.71427225
2025-12-08 08:23,14.038,14.044,14.038,14.044,89.97,14.04000000,14.05000000,14.03000000,14.05000000,452.60000000,,,,,,14.04,14.05,14.03,14.05,271.48,14.04,14.04,14.04,14.04,14.249
2025-12-08 08:24,14.045,14.047,14.043,14.043,53.52,14.04000000,14.05000000,14.04000000,14.04000000,385.02000000,,,,,,14.05,14.05,14.04,14.04,230.93,,,,,0.0
2025-12-08 08:25,14.042,14.044,14.039,14.042,521.81,14.05000000,14.05000000,14.03000000,14.04000000,552.12000000,,,,,,14.04,14.05,14.03,14.04,330.81,14.04247,14.04247,14.04247,14.04247,11.99999999
2025-12-08 08:26,14.042,14.042,14.029,14.037,304.49,14.03000000,14.05000000,14.03000000,14.04000000,941.74000000,,,,,,14.04,14.05,14.02,14.03,297.3,14.03258,14.03258,14.03258,14.03258,32.650060180000004
2025-12-08 08:27,14.035,14.039,14.034,14.039,150.82,14.03000000,14.04000000,14.03000000,14.03000000,808.49000000,,,,,,14.03,14.04,14.03,14.04,752.93,14.0399,14.0399,14.0399,14.0399,0.29068566
2025-12-08 08:28,14.037,14.041,14.037,14.041,37.78,14.03000000,14.04000000,14.03000000,14.04000000,138.93000000,,,,,,14.04,14.05,14.03,14.05,83.31,14.03718,14.03882,14.03711,14.03882,23.76951829
2025-12-08 08:29,14.042,14.045,14.041,14.041,379.37,14.04000000,14.05000000,14.04000000,14.05000000,107.48000000,,,,,,14.05,14.05,14.04,14.05,64.46,,,,,0.0
2025-12-08 08:30,14.044,14.046,14.044,14.044,45.46,14.04000000,14.05000000,14.04000000,14.04000000,226.96000000,,,,,,14.05,14.05,14.04,14.04,434.45,14.04248,14.04248,14.04248,14.04248,214.1438378
2025-12-08 08:31,14.043,14.043,14.038,14.038,51.94,14.04000000,14.05000000,14.04000000,14.04000000,1250.60000000,,,,,,14.04,14.05,14.03,14.03,760.05,14.04247,14.04247,14.04247,14.04247,5.88837293
2025-12-08 08:32,14.037,14.037,14.018,14.03,1270.59,14.03000000,14.03000000,14.02000000,14.02000000,2193.19000000,,,,,,14.03,14.04,14.01,14.03,1314.52,14.0169,14.01871,14.01689,14.01871,65.61637755
2025-12-08 08:33,14.03,14.033,14.027,14.027,196.78,14.03000000,14.03000000,14.02000000,14.02000000,150.03000000,,,,,,14.03,14.04,14.02,14.02,93.17,,,,,0.0
2025-12-08 08:34,14.026,14.031,14.02,14.026,1228.7,14.02000000,14.02000000,14.01000000,14.02000000,156.96000000,,,,,,14.02,14.03,14.01,14.03,95.19,14.02123,14.03136,14.02025,14.03136,211.475755
2025-12-08 08:35,14.026,14.026,14.018,14.024,644.55,14.02000000,14.02000000,14.01000000,14.02000000,6448.02000000,,,,,,14.03,14.03,14.01,14.02,3760.46,14.02607,14.02804,14.01745,14.01745,211.44668808
2025-12-08 08:36,14.025,14.033,14.023,14.023,328.32,14.02000000,14.04000000,14.02000000,14.02000000,423.38000000,,,,,,14.02,14.04,14.02,14.02,253.97,14.02375,14.03504,14.02346,14.02346,174.46800003
2025-12-08 08:37,14.026,14.027,14.018,14.026,204.1,14.02000000,14.03000000,14.02000000,14.02000000,1558.77000000,,,,,,14.02,14.03,14.01,14.02,935.59,,,,,0.0
2025-12-08 08:38,14.027,14.036,14.024,14.036,362.49,14.03000000,14.03000000,14.03000000,14.03000000,194.04000000,,,,,,14.02,14.04,14.02,14.03,116.4,,,,,0.0
2025-12-08 08:39,14.037,14.042,14.037,14.037,153.65,14.03000000,14.05000000,14.03000000,14.04000000,271.47000000,,,,,,14.03,14.05,14.03,14.04,162.9,,,,,0.0
2025-12-08 08:40,14.036,14.038,14.034,14.034,308.19,14.04000000,14.04000000,14.03000000,14.03000000,16.25000000,,,,,,14.04,14.04,14.03,14.03,7.77,14.03667,14.03667,14.03667,14.03667,0.28999633
2025-12-08 08:41,14.033,14.038,14.03,14.03,917.33,14.04000000,14.04000000,14.03000000,14.03000000,619.32000000,,,,,,14.03,14.04,14.03,14.03,371.72,14.03191,14.03191,14.03191,14.03191,37.25492945
2025-12-08 08:42,14.031,14.037,14.031,14.032,1192.01,14.04000000,14.04000000,14.03000000,14.04000000,49.88000000,,,,,,14.03,14.04,14.03,14.03,29.92,14.03116,14.03116,14.03116,14.03116,2.20761
2025-12-08 08:43,14.033,14.042,14.033,14.042,798.3,14.03000000,14.05000000,14.03000000,14.04000000,539.35000000,,,,,,14.03,14.05,14.03,14.05,323.54,,,,,0.0
2025-12-08 08:44,14.043,14.059,14.043,14.055,1831.09,14.05000000,14.06000000,14.05000000,14.05000000,1212.27000000,,,,,,14.05,14.07,14.05,14.06,727.29,14.04248,14.04248,14.04248,14.04248,4628.52424309
2025-12-08 08:45,14.053,14.059,14.051,14.052,613.85,14.05000000,14.06000000,14.05000000,14.06000000,498.51000000,,,,,,14.06,14.07,14.05,14.06,298.71,14.05246,14.05247,14.05246,14.05247,17.57660575
2025-12-08 08:46,14.051,14.051,14.04,14.049,403.84,14.06000000,14.06000000,14.04000000,14.05000000,1041.60000000,,,,,,14.06,14.06,14.04,14.06,622.76,,,,,0.0
2025-12-08 08:47,14.046,14.051,14.04,14.051,524.77,14.05000000,14.05000000,14.04000000,14.05000000,31.59000000,,,,,,14.06,14.06,14.04,14.06,21.16,,,,,0.0
2025-12-08 08:48,14.052,14.076,14.05,14.05,1664.33,14.06000000,14.08000000,14.05000000,14.05000000,2186.42000000,,,,,,14.06,14.08,14.05,14.06,1220.96,14.0453,14.07178,14.0453,14.07178,370.56375101
2025-12-08 08:49,14.049,14.054,14.037,14.037,573.32,14.05000000,14.05000000,14.03000000,14.03000000,1698.27000000,,,,,,14.06,14.06,14.03,14.03,1135.14,,,,,0.0
2025-12-08 08:50,14.036,14.04,14.035,14.039,785.17,14.04000000,14.05000000,14.03000000,14.03000000,176.37000000,,,,,,14.03,14.04,14.03,14.03,106.32,14.03332,14.03332,14.03332,14.03332,0.1
2025-12-08 08:51,14.039,14.045,14.039,14.042,529.29,14.04000000,14.05000000,14.03000000,14.04000000,428.20000000,,,,,,14.03,14.05,14.03,14.04,259.26,14.03569,14.03569,14.03569,14.03569,34.98379495
2025-12-08 08:52,14.042,14.049,14.038,14.049,710.1,14.04000000,14.05000000,14.03000000,14.04000000,800.77000000,,,,,,14.04,14.05,14.03,14.04,481.06,14.03455,14.03455,14.03455,14.03455,0.20999
2025-12-08 08:53,14.05,14.053,14.048,14.049,191.35,14.04000000,14.05000000,14.04000000,14.05000000,208.81000000,,,,,,14.04,14.06,14.04,14.04,125.25,,,,,0.0
2025-12-08 08:54,14.047,14.084,14.046,14.076,2677.25,14.05000000,14.09000000,14.05000000,14.08000000,10673.65000000,,,,,,14.04,14.08,14.04,14.07,6428.97,14.05015,14.07022,14.05015,14.07022,146.38112788
2025-12-08 08:55,14.077,14.104,14.075,14.1,14558.11,14.08000000,14.11000000,14.07000000,14.10000000,6689.86000000,14.093,14.093,14.093,14.093,0.4,14.07,14.11,14.07,14.1,4014.59,14.07817,14.10168,14.07817,14.10168,109.06485338
2025-12-08 08:56,14.102,14.106,14.087,14.091,1468.89,14.11000000,14.11000000,14.09000000,14.10000000,7370.77000000,,,,,,14.1,14.11,14.09,14.1,4424.78,14.0994,14.0994,14.09497,14.09497,24.846059410000002
2025-12-08 08:57,14.09,14.09,14.075,14.087,2033.26,14.09000000,14.09000000,14.07000000,14.09000000,6689.19000000,,,,,,14.1,14.1,14.07,14.1,4903.83,14.07961,14.07961,14.0796,14.0796,6.15853403
2025-12-08 08:58,14.088,14.096,14.086,14.096,1058.31,14.09000000,14.10000000,14.08000000,14.10000000,3324.95000000,,,,,,14.1,14.11,14.09,14.11,2040.55,14.09285,14.09285,14.09285,14.09285,1.74773
2025-12-08 08:59,14.096,14.113,14.096,14.11,851.65,14.10000000,14.12000000,14.10000000,14.12000000,6967.12000000,14.11,14.116,14.11,14.116,0.6000000000000001,14.11,14.12,14.1,14.11,4180.73,14.1,14.11017,14.1,14.11017,3054.8822057800003
2025-12-08 09:00,14.111,14.125,14.108,14.117,5229.47,14.11000000,14.13000000,14.11000000,14.12000000,2292.98000000,,,,,,14.11,14.13,14.11,14.13,1351.13,14.11018,14.11749,14.11018,14.11749,14.39793284
2025-12-08 09:01,14.117,14.15,14.117,14.149,5889.29,14.12000000,14.15000000,14.12000000,14.15000000,12090.25000000,,,,,,14.13,14.16,14.12,14.15,7786.87,14.11749,14.13121,14.11749,14.13121,43.05918149
2025-12-08 09:02,14.149,14.193,14.138,14.15,21914.34,14.15000000,14.20000000,14.14000000,14.14000000,15597.66000000,14.173,14.189,14.173,14.189,5.0845271400000005,14.15,14.2,14.13,14.15,10219.62,14.14222,14.1807,14.14222,14.152,932.08668271
2025-12-08 09:03,14.15,14.183,14.147,14.18,2281.43,14.15000000,14.18000000,14.15000000,14.18000000,5717.37000000,14.174,14.183,14.174,14.183,0.4,14.15,14.19,14.15,14.17,3434.88,14.1503,14.15306,14.15,14.15,1003.5334939799999
2025-12-08 09:04,14.179,14.189,14.164,14.165,1531.88,14.18000000,14.19000000,14.16000000,14.17000000,3379.46000000,,,,,,14.17,14.19,14.16,14.16,1874.96,14.17032,14.17864,14.17032,14.17864,29.64435378
2025-12-08 09:05,14.165,14.264,14.165,14.249,27874.21,14.17000000,14.26000000,14.17000000,14.26000000,26588.99000000,14.189,14.195,14.189,14.195,0.6000000000000001,14.16,14.26,14.16,14.26,16504.18,14.17692,14.25768,14.17692,14.25713,1998.45423573
2025-12-08 09:06,14.247,14.28,14.228,14.277,16613.65,14.25000000,14.29000000,14.23000000,14.28000000,12216.36000000,14.266,14.281,14.266,14.281,0.6000000000000001,14.26,14.29,14.23,14.27,7678.04,14.25712,14.28119,14.23325,14.27863,638.40199102
2025-12-08 09:07,14.274,14.274,14.224,14.234,3011.36,14.27000000,14.27000000,14.22000000,14.24000000,7273.97000000,14.242,14.242,14.242,14.242,0.2,14.27,14.27,14.22,14.24,4359.52,14.26323,14.26323,14.23207,14.23207,65.01526016
2025-12-08 09:08,14.234,14.252,14.233,14.242,849.23,14.23000000,14.26000000,14.23000000,14.24000000,5867.44000000,,,,,,14.24,14.25,14.23,14.24,3939.76,14.23795,14.25104,14.23795,14.25104,703.1841617999999
2025-12-08 09:09,14.241,14.256,14.212,14.218,900.79,14.25000000,14.26000000,14.21000000,14.21000000,1185.87000000,,,,,,14.24,14.25,14.21,14.22,862.42,14.248,14.248,14.22117,14.22117,63.35707912
2025-12-08 09:10,14.218,14.23,14.207,14.207,722.29,14.22000000,14.23000000,14.20000000,14.20000000,2580.01000000,,,,,,14.22,14.23,14.21,14.22,3480.86,14.22117,14.23419,14.22116,14.22116,234.51124929
2025-12-08 09:11,14.207,14.221,14.202,14.218,2551.22,14.21000000,14.22000000,14.20000000,14.21000000,5134.95000000,14.222,14.222,14.222,14.222,5.265053,14.22,14.22,14.2,14.22,2486.59,14.21201,14.21877,14.21201,14.21524,1155.66070098
2025-12-08 09:12,14.217,14.217,14.204,14.213,1283.15,14.21000000,14.22000000,14.20000000,14.22000000,1893.60000000,,,,,,14.22,14.22,14.2,14.21,1137.19,14.21201,14.21201,14.20587,14.20587,290.64697609
2025-12-08 09:13,14.211,14.227,14.211,14.223,849.61,14.21000000,14.23000000,14.21000000,14.22000000,5248.74000000,,,,,,14.21,14.23,14.21,14.23,3147.54,14.20993,14.21621,14.20993,14.21621,4.1020651500000005
2025-12-08 09:14,14.222,14.222,14.204,14.204,1033.0,14.22000000,14.22000000,14.20000000,14.20000000,2453.82000000,,,,,,14.23,14.23,14.2,14.21,1476.8,14.22002,14.22377,14.20314,14.20314,2466.57635387
2025-12-08 09:15,14.205,14.205,14.147,14.152,29578.05,14.20000000,14.20000000,14.10000000,14.15000000,31872.42000000,14.189,14.189,14.171,14.171,725.53311339,14.21,14.21,14.15,14.16,18830.79,14.20677,14.20831,14.15037,14.15037,7243.94999184
2025-12-08 09:16,14.153,14.163,14.143,14.147,3430.23,14.15000000,14.16000000,14.14000000,14.14000000,3198.95000000,14.16,14.16,14.16,14.16,35.2,14.16,14.17,14.14,14.15,1918.61,14.1423,14.16282,14.14134,14.1513,451.93490294000003
2025-12-08 09:17,14.146,14.148,14.096,14.1,3052.96,14.14000000,14.14000000,14.09000000,14.10000000,3255.81000000,14.149,14.149,14.106,14.106,105.80000000000001,14.15,14.15,14.09,14.11,1940.79,14.13693,14.13693,14.10323,14.10323,241.5307952
2025-12-08 09:18,14.1,14.127,14.1,14.122,2345.11,14.11000000,14.13000000,14.11000000,14.12000000,2139.50000000,14.125,14.125,14.125,14.125,0.2,14.11,14.13,14.1,14.13,1295.68,14.11649,14.13137,14.11649,14.12096,213.49083507999998
2025-12-08 09:19,14.124,14.134,14.109,14.109,3341.25,14.12000000,14.14000000,14.11000000,14.11000000,16413.93000000,,,,,,14.13,14.14,14.1,14.1,9849.68,14.11793,14.12684,14.11793,14.12684,111.91614376000001
2025-12-08 09:20,14.109,14.141,14.109,14.141,1741.37,14.11000000,14.15000000,14.11000000,14.15000000,1257.32000000,,,,,,14.1,14.15,14.1,14.15,714.74,14.11547,14.13558,14.11547,14.13558,247.98663174
2025-12-08 09:21,14.139,14.17,14.138,14.164,768.69,14.14000000,14.17000000,14.14000000,14.17000000,1693.51000000,,,,,,14.15,14.17,14.13,14.17,1015.91,14.14169,14.15577,14.14169,14.15577,31.01749056
2025-12-08 09:22,14.162,14.162,14.144,14.144,1143.45,14.16000000,14.16000000,14.14000000,14.15000000,3114.60000000,,,,,,14.17,14.17,14.14,14.14,1868.4,14.16771,14.16771,14.15175,14.15875,436.76023024
2025-12-08 09:23,14.142,14.149,14.132,14.141,743.9,14.14000000,14.15000000,14.13000000,14.14000000,1451.14000000,,,,,,14.14,14.16,14.13,14.15,701.06,14.1425,14.14486,14.1425,14.14486,370.28704132
2025-12-08 09:24,14.141,14.143,14.13,14.13,429.08,14.13000000,14.14000000,14.13000000,14.13000000,623.78000000,,,,,,14.15,14.15,14.13,14.14,407.05,14.13778,14.13778,14.13778,14.13778,42.73457057
2025-12-08 09:25,14.128,14.131,14.116,14.124,2385.44,14.13000000,14.14000000,14.11000000,14.13000000,1884.64000000,,,,,,14.14,14.14,14.11,14.13,943.19,14.13038,14.13038,14.12,14.12,135.87966788
2025-12-08 09:26,14.124,14.128,14.12,14.12,296.35,14.12000000,14.13000000,14.12000000,14.12000000,839.38000000,,,,,,14.13,14.13,14.11,14.11,726.77,,,,,0.0
2025-12-08 09:27,14.12,14.128,14.12,14.126,1390.39,14.12000000,14.12000000,14.12000000,14.12000000,581.89000000,,,,,,14.11,14.13,14.11,14.13,482.63,,,,,0.0
2025-12-08 09:28,14.124,14.124,14.117,14.117,194.77,14.12000000,14.12000000,14.11000000,14.11000000,204.49000000,,,,,,14.13,14.13,14.11,14.11,460.64,14.12131,14.12132,14.12131,14.12132,40.13407661
2025-12-08 09:29,14.116,14.12,14.116,14.116,27.73,14.11000000,14.12000000,14.11000000,14.11000000,430.67000000,,,,,,14.11,14.12,14.11,14.12,258.35,14.11743,14.12018,14.11743,14.12018,70.77641729
2025-12-08 09:30,14.115,14.116,14.098,14.098,2088.72,14.11000000,14.11000000,14.09000000,14.09000000,3000.36000000,14.124,14.124,14.113,14.113,1.0,14.12,14.12,14.09,14.09,1265.31,14.112,14.112,14.112,14.112,50.0
2025-12-08 09:31,14.098,14.101,14.079,14.092,1614.44,14.10000000,14.10000000,14.07000000,14.09000000,3124.12000000,,,,,,14.09,14.1,14.07,14.1,1874.58,14.10257,14.10257,14.08218,14.08218,123.68566579
2025-12-08 09:32,14.093,14.115,14.093,14.108,1298.57,14.10000000,14.12000000,14.09000000,14.10000000,3741.40000000,,,,,,14.1,14.12,14.09,14.1,2244.4,14.08489,14.08489,14.08489,14.08489,30.18559334
2025-12-08 09:33,14.11,14.118,14.11,14.116,1104.58,14.11000000,14.11000000,14.11000000,14.11000000,275.63000000,,,,,,14.1,14.12,14.1,14.11,165.32,,,,,0.0
2025-12-08 09:34,14.117,14.136,14.117,14.136,792.49,14.11000000,14.13000000,14.11000000,14.13000000,2753.53000000,,,,,,14.11,14.14,14.11,14.13,1652.47,14.10724,14.11688,14.10724,14.11688,52.34382
2025-12-08 09:35,14.137,14.143,14.11,14.11,2253.84,14.13000000,14.15000000,14.10000000,14.10000000,15418.48000000,,,,,,14.13,14.15,14.11,14.11,8578.05,14.12692,14.13191,14.12692,14.13191,40.28986407
2025-12-08 09:36,14.111,14.126,14.111,14.124,547.07,14.11000000,14.13000000,14.11000000,14.13000000,895.25000000,,,,,,14.11,14.13,14.11,14.12,1211.63,14.12389,14.1239,14.12389,14.1239,28.99285776
2025-12-08 09:37,14.123,14.128,14.119,14.128,491.35,14.12000000,14.13000000,14.11000000,14.13000000,939.92000000,,,,,,14.12,14.13,14.11,14.12,563.81,14.12392,14.12392,14.12392,14.12392,0.70094
2025-12-08 09:38,14.126,14.13,14.12,14.13,614.69,14.12000000,14.13000000,14.12000000,14.12000000,752.16000000,,,,,,14.12,14.13,14.12,14.13,525.09,,,,,0.0
2025-12-08 09:39,14.131,14.133,14.13,14.13,44.92,14.12000000,14.14000000,14.12000000,14.13000000,429.03000000,,,,,,14.13,14.14,14.12,14.13,376.33,14.12852,14.12852,14.12852,14.12852,6.23343138
2025-12-08 09:40,14.129,14.13,14.121,14.127,1443.91,14.13000000,14.13000000,14.12000000,14.12000000,140.38000000,,,,,,14.13,14.13,14.12,14.12,74.5,14.12763,14.12763,14.12761,14.12761,35.79085257
2025-12-08 09:41,14.124,14.137,14.124,14.135,953.31,14.12000000,14.13000000,14.12000000,14.13000000,1258.29000000,,,,,,14.12,14.14,14.12,14.14,754.7,14.12723,14.12723,14.12723,14.12723,0.69794291
2025-12-08 09:42,14.134,14.134,14.125,14.125,843.01,14.13000000,14.13000000,14.12000000,14.12000000,244.14000000,,,,,,14.14,14.14,14.12,14.13,146.45,,,,,0.0
2025-12-08 09:43,14.124,14.124,14.113,14.116,2956.22,14.13000000,14.13000000,14.11000000,14.12000000,449.88000000,,,,,,14.13,14.13,14.11,14.13,263.85,14.12582,14.12582,14.12581,14.12581,6.14083
2025-12-08 09:44,14.116,14.116,14.113,14.116,48.79,14.12000000,14.12000000,14.11000000,14.11000000,670.98000000,,,,,,14.13,14.13,14.11,14.11,408.67,,,,,0.0
2025-12-08 09:45,14.114,14.118,14.106,14.107,2893.15,14.11000000,14.13000000,14.10000000,14.11000000,6906.06000000,,,,,,14.11,14.12,14.1,14.11,4144.53,14.11436,14.11577,14.11375,14.11375,484.43720308
2025-12-08 09:46,14.106,14.118,14.106,14.109,410.84,14.11000000,14.11000000,14.10000000,14.11000000,1546.37000000,,,,,,14.11,14.12,14.1,14.11,928.43,,,,,0.0
2025-12-08 09:47,14.108,14.11,14.104,14.104,472.36,14.11000000,14.11000000,14.10000000,14.11000000,228.48000000,,,,,,14.11,14.11,14.1,14.11,181.04,14.10531,14.10531,14.10531,14.10531,7.05454205
2025-12-08 09:48,14.104,14.11,14.102,14.102,853.81,14.10000000,14.11000000,14.10000000,14.10000000,20.09000000,,,,,,14.11,14.11,14.1,14.11,12.03,14.10274,14.10274,14.10274,14.10274,0.70203
2025-12-08 09:49,14.101,14.101,14.087,14.1,1239.27,14.10000000,14.11000000,14.08000000,14.10000000,1280.47000000,,,,,,14.11,14.11,14.08,14.1,836.89,14.092,14.09999,14.0893,14.09999,88.61986019999999
2025-12-08 09:50,14.1,14.101,14.097,14.099,1153.47,14.10000000,14.11000000,14.09000000,14.09000000,599.19000000,,,,,,14.1,14.11,14.09,14.1,267.3,14.1,14.1,14.09999,14.09999,72.04924437
2025-12-08 09:51,14.096,14.102,14.091,14.091,627.92,14.09000000,14.11000000,14.09000000,14.09000000,619.34000000,,,,,,14.1,14.11,14.09,14.1,888.27,,,,,0.0
2025-12-08 09:52,14.094,14.097,14.089,14.097,1690.9,14.09000000,14.10000000,14.09000000,14.09000000,596.62000000,,,,,,14.1,14.1,14.08,14.09,271.43,14.092,14.092,14.092,14.092,14.47
2025-12-08 09:53,14.099,14.104,14.087,14.087,786.53,14.10000000,14.10000000,14.08000000,14.08000000,649.99000000,,,,,,14.09,14.11,14.08,14.08,432.33,14.09532,14.10332,14.09532,14.10331,358.80518665
2025-12-08 09:54,14.087,14.088,14.08,14.082,1330.68,14.08000000,14.09000000,14.08000000,14.08000000,3112.32000000,,,,,,14.08,14.09,14.08,14.09,1866.74,,,,,0.0
2025-12-08 09:55,14.082,14.089,14.082,14.088,352.41,14.08000000,14.09000000,14.08000000,14.09000000,822.30000000,,,,,,14.09,14.09,14.08,14.08,493.51,14.08642,14.09451,14.08642,14.09451,142.00140707
2025-12-08 09:56,14.088,14.088,14.084,14.084,200.39,14.08000000,14.08000000,14.08000000,14.08000000,32.87000000,,,,,,14.08,14.09,14.08,14.08,19.72,14.08867,14.08867,14.08867,14.08867,46.51610124
2025-12-08 09:57,14.084,14.084,14.079,14.079,1412.57,14.09000000,14.09000000,14.07000000,14.08000000,1611.83000000,,,,,,14.08,14.09,14.07,14.07,967.27,14.08533,14.08533,14.08533,14.08533,70.97735822
2025-12-08 09:58,14.078,14.087,14.068,14.087,3358.07,14.07000000,14.08000000,14.07000000,14.08000000,1832.76000000,,,,,,14.07,14.09,14.07,14.09,1099.25,14.082,14.08202,14.07959,14.08202,278.06152468
2025-12-08 09:59,14.085,14.094,14.083,14.091,226.12,14.08000000,14.09000000,14.08000000,14.09000000,988.78000000,,,,,,14.09,14.1,14.08,14.1,593.06,14.08202,14.0922,14.08202,14.0922,2548.45729653
2025-12-08 10:00,14.092,14.1,14.08,14.081,1113.19,14.09000000,14.10000000,14.07000000,14.08000000,1479.68000000,,,,,,,,,,,,,,,
