time,COINBASE:open,COINBASE:high,COINBASE:low,COINBASE:close,COINBASE:volume,BINANCE:open,BINANCE:high,BINANCE:low,BINANCE:close,BINANCE:volume,BITFINEX:open,BITFINEX:high,BITFINEX:low,BITFINEX:close,BITFINEX:volume,MEXC:open,MEXC:high,MEXC:low,MEXC:close,MEXC:volume,KRAKEN:open,KRAKEN:high,KRAKEN:low,KRAKEN:close,KRAKEN:volume
2025-12-07 10:00,131.9,131.94,131.89,131.93,79.35706041,131.89000000,131.93000000,131.86000000,131.92000000,3152.97900000,,,,,,131.88,131.93,131.87,131.93,1111.355,131.9,131.9,131.9,131.9,1.34305619
2025-12-07 10:01,131.94,132.07,131.94,132.07,126.89416259,131.93000000,132.05000000,131.93000000,132.05000000,555.41100000,131.98,132.08,131.98,132.08,1.60000001,131.93,132.05,131.93,132.05,290.402,131.89,132.07,131.89,132.07,8.006331190000001
2025-12-07 10:02,132.07,132.09,132.05,132.07,81.56662447,132.05000000,132.08000000,132.03000000,132.05000000,909.73700000,132.09,132.12,132.09,132.12,0.6,132.05,132.08,132.03,132.06,318.509,132.05,132.06,132.05,132.06,0.68696
2025-12-07 10:03,132.06,132.06,131.95,131.97,151.74188096,132.05000000,132.05000000,131.92000000,131.96000000,1901.21500000,,,,,,132.06,132.06,131.94,131.97,665.392,131.97,132.0,131.97,131.99,19.84660812
2025-12-07 10:04,131.98,131.99,131.95,131.98,46.07908007,131.97000000,131.97000000,131.93000000,131.96000000,1897.00800000,,,,,,131.97,131.97,131.93,131.97,663.915,131.97,131.97,131.97,131.97,0.02223
2025-12-07 10:05,131.98,131.99,131.95,131.95,63.72838104,131.96000000,131.98000000,131.93000000,131.93000000,315.33900000,,,,,,131.97,131.98,131.93,131.94,102.317,131.97,132.0,131.96,131.96,11.2631206
2025-12-07 10:06,131.94,131.95,131.87,131.87,97.87140978,131.94000000,131.94000000,131.85000000,131.85000000,564.36900000,,,,,,131.94,131.94,131.85,131.85,197.688,131.94,131.95,131.94,131.95,1.02518007
2025-12-07 10:07,131.86,131.99,131.83,131.98,136.47663856,131.85000000,131.99000000,131.83000000,131.99000000,797.19900000,131.96,131.96,131.96,131.96,0.5,131.85,131.96,131.83,131.96,376.162,,,,,0.0
2025-12-07 10:08,131.99,132.02,131.96,131.98,77.30179104,131.98000000,131.99000000,131.93000000,131.97000000,663.99900000,,,,,,131.96,131.99,131.92,131.96,223.521,,,,,0.0
2025-12-07 10:09,131.97,131.98,131.92,131.98,199.58176074,131.96000000,131.98000000,131.91000000,131.98000000,363.18800000,,,,,,131.96,131.98,131.91,131.97,127.541,131.98,131.98,131.93,131.95,1.7249467699999999
2025-12-07 10:10,131.98,132.12,131.96,132.12,114.07718801,131.97000000,132.12000000,131.95000000,132.10000000,485.24800000,132.14,132.14,132.14,132.14,0.2,131.97,132.12,131.95,132.1,183.637,131.99,132.14,131.99,132.14,7.1952932
2025-12-07 10:11,132.11,132.15,132.03,132.03,797.93664466,132.10000000,132.14000000,132.02000000,132.03000000,385.97500000,,,,,,132.1,132.14,132.07,132.07,190.45,132.12,132.16,132.1,132.1,19.20646751
2025-12-07 10:12,132.03,132.03,131.99,132.0,197.48956025,132.02000000,132.02000000,131.97000000,131.99000000,696.85400000,,,,,,132.07,132.07,131.97,131.99,232.043,132.01,132.04,131.98,131.99,8.83815884
2025-12-07 10:13,132.0,132.04,131.96,132.04,189.40659957,131.99000000,132.04000000,131.97000000,132.03000000,387.17800000,,,,,,131.99,132.04,131.97,132.03,135.855,,,,,0.0
2025-12-07 10:14,132.04,132.08,132.04,132.08,139.6405877,132.03000000,132.08000000,132.03000000,132.08000000,663.44100000,,,,,,132.03,132.08,132.03,132.08,231.485,132.04,132.11,132.04,132.11,63.97459413
2025-12-07 10:15,132.09,132.11,132.02,132.08,1783.26537376,132.08000000,132.09000000,132.02000000,132.07000000,523.61800000,,,,,,132.08,132.09,132.02,132.07,182.626,132.09,132.1,132.04,132.04,0.37628870000000003
2025-12-07 10:16,132.07,132.07,131.96,131.99,268.14127674,132.07000000,132.07000000,131.95000000,131.99000000,1177.43900000,,,,,,132.07,132.07,131.96,131.98,410.438,131.99,132.01,131.99,132.01,0.75481
2025-12-07 10:17,132.0,132.03,131.99,132.01,38.77788243,131.99000000,132.01000000,131.98000000,132.00000000,332.72100000,,,,,,131.98,132.01,131.98,132,118.134,132.0,132.03,132.0,132.03,1.58929852
2025-12-07 10:18,132.01,132.11,132.01,132.06,93.63987675,132.00000000,132.10000000,132.00000000,132.05000000,822.12700000,,,,,,132,132.1,132,132.06,287.666,132.01,132.08,132.01,132.05,3.4636074800000003
2025-12-07 10:19,132.06,132.06,132.0,132.04,158.72097673,132.06000000,132.06000000,131.99000000,132.03000000,485.38300000,,,,,,132.06,132.06,131.99,132.04,169.973,132.01,132.04,132.01,132.04,2.28700671
2025-12-07 10:20,132.04,132.04,131.99,132.04,58.19881047,132.03000000,132.03000000,131.96000000,132.01000000,472.84300000,,,,,,132.04,132.04,131.96,132,212.693,132.03,132.04,131.98,132.0,737.24851
2025-12-07 10:21,132.03,132.15,132.03,132.09,1834.28360416,132.01000000,132.14000000,132.01000000,132.08000000,485.34900000,132.17,132.17,132.17,132.17,0.72,132,132.14,132,132.08,162.027,132.03,132.17,132.03,132.17,56.53847605
2025-12-07 10:22,132.09,132.11,132.01,132.04,1977.31577847,132.08000000,132.12000000,132.01000000,132.04000000,2395.97800000,132.13,132.13,132.13,132.13,22.73330049,132.08,132.12,132.02,132.04,841.642,132.11,132.12,132.04,132.04,12.13483284
2025-12-07 10:23,132.04,132.04,132.0,132.0,403.04918339,132.04000000,132.04000000,131.98000000,131.99000000,365.63800000,,,,,,132.04,132.04,131.98,131.99,124.794,132.04,132.04,132.02,132.02,0.33448164
2025-12-07 10:24,131.99,131.99,131.98,131.98,158.23727659,131.99000000,131.99000000,131.98000000,131.99000000,87.32700000,,,,,,131.99,131.99,131.98,131.99,36.17,,,,,0.0
2025-12-07 10:25,131.98,131.98,131.91,131.95,357.22559112,131.98000000,131.98000000,131.90000000,131.96000000,2571.38700000,,,,,,131.99,131.99,131.9,131.95,903.786,132.0,132.01,131.95,131.95,2.86180998
2025-12-07 10:26,131.96,132.13,131.96,132.05,1867.55776707,131.95000000,132.13000000,131.95000000,132.06000000,5451.85000000,132.09,132.09,132.09,132.09,22.74364125,131.95,132.09,131.95,132.05,1907.676,131.97,132.01,131.97,132.01,74.21563164
2025-12-07 10:27,132.06,132.06,132.0,132.0,248.00936829,132.05000000,132.06000000,132.00000000,132.01000000,705.53100000,,,,,,132.05,132.06,132,132.01,246.652,,,,,0.0
2025-12-07 10:28,132.0,132.0,131.96,131.97,292.02457159,132.01000000,132.01000000,131.95000000,131.96000000,113.66700000,,,,,,132.01,132.01,131.95,131.95,40.137,131.99,131.99,131.99,131.99,0.44354000000000005
2025-12-07 10:29,131.97,131.98,131.92,131.98,258.76642653,131.95000000,131.98000000,131.91000000,131.98000000,654.23300000,,,,,,131.95,131.98,131.91,131.98,249.87,131.99,132.0,131.99,132.0,0.08112
2025-12-07 10:30,131.99,132.04,131.99,131.99,258.98759533,131.98000000,132.03000000,131.97000000,131.99000000,231.27000000,,,,,,131.98,132.03,131.97,131.99,80.261,132.0,132.01,132.0,132.01,1.58286615
2025-12-07 10:31,131.99,131.99,131.88,131.88,249.55085262,131.99000000,131.99000000,131.86000000,131.86000000,800.84800000,132.01,132.01,132.0,132.0,0.39999998999999997,131.99,131.99,131.86,131.86,280.66,131.96,131.96,131.96,131.96,0.47226
2025-12-07 10:32,131.87,131.87,131.76,131.76,66.3701767,131.86000000,131.86000000,131.72000000,131.72000000,628.56900000,132.0,132.0,131.86,131.86,2.83000001,131.86,131.86,131.73,131.73,221.804,131.96,131.96,131.88,131.88,491.55517584
2025-12-07 10:33,131.75,131.78,131.71,131.76,137.59286992,131.72000000,131.77000000,131.69000000,131.74000000,547.73000000,,,,,,131.73,131.77,131.72,131.74,311.618,131.85,131.85,131.76,131.78,0.11344671
2025-12-07 10:34,131.76,131.8,131.73,131.73,100.31373844,131.75000000,131.76000000,131.72000000,131.72000000,376.52800000,,,,,,131.74,131.76,131.72,131.73,123.006,131.76,131.78,131.75,131.75,72.49424085999999
2025-12-07 10:35,131.74,131.8,131.74,131.77,55.85251045,131.73000000,131.81000000,131.72000000,131.76000000,603.10400000,,,,,,131.73,131.81,131.72,131.75,234.02,131.75,131.76,131.75,131.76,0.82081414
2025-12-07 10:36,131.78,131.83,131.78,131.82,13.9523202,131.75000000,131.81000000,131.75000000,131.80000000,173.28800000,,,,,,131.75,131.81,131.75,131.8,62.041,131.76,131.78,131.76,131.78,14.12161089
2025-12-07 10:37,131.82,131.87,131.81,131.84,85.69253471,131.81000000,131.86000000,131.78000000,131.82000000,308.65100000,,,,,,131.8,131.85,131.78,131.83,101.842,131.78,131.78,131.78,131.78,20.06797595
2025-12-07 10:38,131.83,131.94,131.82,131.94,164.24565826,131.83000000,131.93000000,131.79000000,131.93000000,368.94400000,,,,,,131.83,131.92,131.79,131.92,162.602,131.83,131.95,131.82,131.95,4.53590189
2025-12-07 10:39,131.94,132.03,131.94,132.03,18.29181275,131.93000000,132.00000000,131.93000000,132.00000000,614.98900000,132.0,132.03,132.0,132.03,0.79999999,131.92,132,131.92,131.99,226.399,,,,,0.0
2025-12-07 10:40,132.02,132.27,132.02,132.27,50.25415649,132.00000000,132.26000000,132.00000000,132.26000000,1027.71500000,132.03,132.26,132.03,132.26,2.68,131.99,132.25,131.99,132.25,376.495,132.01,132.03,132.01,132.03,4.52556452
2025-12-07 10:41,132.28,132.39,132.28,132.38,168.91607603,132.26000000,132.37000000,132.26000000,132.37000000,819.73800000,132.32,132.38,132.32,132.38,1.1,132.25,132.37,132.25,132.36,308.392,132.21,132.38,132.21,132.38,51.60245426
2025-12-07 10:42,132.38,132.42,132.37,132.38,85.50739946,132.36000000,132.42000000,132.36000000,132.36000000,1006.26800000,,,,,,132.36,132.42,132.36,132.36,352.436,132.38,132.42,132.38,132.42,4.06235044
2025-12-07 10:43,132.38,132.41,132.36,132.38,70.84779644,132.37000000,132.39000000,132.33000000,132.37000000,447.47400000,,,,,,132.36,132.39,132.33,132.37,156.611,132.41,132.41,132.41,132.41,0.36751
2025-12-07 10:44,132.37,132.37,132.32,132.32,45.45934864,132.37000000,132.37000000,132.30000000,132.31000000,674.41100000,,,,,,132.37,132.37,132.3,132.31,271.044,132.39,132.39,132.39,132.39,0.56572
2025-12-07 10:45,132.31,132.31,132.22,132.24,98.68713234,132.31000000,132.31000000,132.18000000,132.24000000,590.17600000,,,,,,132.31,132.31,132.18,132.24,171.412,132.4,132.4,132.21,132.25,6.1590784
2025-12-07 10:46,132.25,132.36,132.25,132.35,25.62694245,132.23000000,132.36000000,132.23000000,132.35000000,486.61100000,132.37,132.37,132.37,132.37,0.136013,132.24,132.35,132.23,132.34,170.359,132.24,132.37,132.24,132.36,25.42944954
2025-12-07 10:47,132.36,132.42,132.32,132.41,124.66863498,132.34000000,132.43000000,132.30000000,132.41000000,268.98100000,,,,,,132.34,132.43,132.3,132.4,125.165,132.38,132.38,132.37,132.37,4.7439792800000005
2025-12-07 10:48,132.41,132.44,132.33,132.42,299.76532238,132.40000000,132.43000000,132.32000000,132.42000000,692.51000000,,,,,,132.4,132.43,132.34,132.43,215.234,132.37,132.4,132.37,132.4,4.68629505
2025-12-07 10:49,132.43,132.55,132.42,132.49,163.52592649,132.41000000,132.54000000,132.40000000,132.48000000,510.89800000,132.48,132.57,132.48,132.57,0.59999999,132.43,132.54,132.4,132.48,178.809,132.4,132.45,132.4,132.45,0.20189000000000001
2025-12-07 10:50,132.48,132.53,132.47,132.5,93.31835271,132.47000000,132.52000000,132.46000000,132.48000000,655.35700000,,,,,,132.48,132.52,132.46,132.48,230.295,132.52,132.54,132.5,132.5,0.67189864
2025-12-07 10:51,132.51,132.55,132.39,132.39,190.06406516,132.49000000,132.51000000,132.37000000,132.37000000,598.03600000,,,,,,132.48,132.51,132.37,132.37,208.895,132.52,132.53,132.49,132.49,4.914540850000001
2025-12-07 10:52,132.4,132.45,132.38,132.45,157.98296059,132.38000000,132.44000000,132.37000000,132.41000000,437.96700000,,,,,,132.37,132.44,132.37,132.41,152.664,132.5,132.5,132.42,132.45,4.170690410000001
2025-12-07 10:53,132.44,132.46,132.38,132.38,60.01975688,132.41000000,132.44000000,132.36000000,132.37000000,489.95800000,,,,,,132.41,132.44,132.36,132.36,170.802,132.46,132.48,132.45,132.45,6.932910860000001
2025-12-07 10:54,132.37,132.42,132.33,132.34,109.45541731,132.37000000,132.38000000,132.33000000,132.34000000,127.42500000,,,,,,132.36,132.38,132.33,132.33,45.903,132.45,132.45,132.45,132.45,1.1275863799999999
2025-12-07 10:55,132.34,132.37,132.27,132.34,122.87039885,132.33000000,132.34000000,132.26000000,132.32000000,412.28100000,132.42,132.42,132.38,132.38,0.8,132.33,132.34,132.27,132.32,262.408,132.44,132.44,132.35,132.35,2.8398568600000003
2025-12-07 10:56,132.33,132.39,132.28,132.33,529.23309114,132.31000000,132.35000000,132.26000000,132.33000000,499.44400000,,,,,,132.32,132.36,132.27,132.33,174.869,132.33,132.35,132.32,132.33,1.67356122
2025-12-07 10:57,132.33,132.33,132.26,132.28,19.85496736,132.33000000,132.33000000,132.26000000,132.27000000,99.72400000,,,,,,132.33,132.33,132.26,132.27,34.163,132.36,132.36,132.34,132.34,0.44336262
2025-12-07 10:58,132.28,132.33,132.28,132.31,31.71207817,132.26000000,132.31000000,132.26000000,132.29000000,113.02900000,,,,,,132.27,132.31,132.26,132.29,41.877,132.33,132.33,132.33,132.33,0.0151
2025-12-07 10:59,132.29,132.32,132.28,132.3,103.54553812,132.28000000,132.28000000,132.25000000,132.27000000,136.77900000,,,,,,132.29,132.29,132.25,132.27,57.803,132.33,132.33,132.27,132.29,60.06201
2025-12-07 11:00,132.29,132.31,132.17,132.17,45.2440534,132.28000000,132.29000000,132.16000000,132.16000000,686.89100000,132.33,132.33,132.32,132.32,0.4,132.27,132.28,132.16,132.17,269.173,132.29,132.32,132.21,132.21,2.29700994
2025-12-07 11:01,132.18,132.33,132.18,132.33,38.86476521,132.17000000,132.32000000,132.15000000,132.31000000,656.15000000,,,,,,132.17,132.32,132.16,132.3,223.064,132.25,132.33,132.25,132.32,1.60680762
2025-12-07 11:02,132.33,132.35,132.27,132.3,40.96058221,132.31000000,132.31000000,132.26000000,132.26000000,98.65700000,,,,,,132.3,132.31,132.26,132.27,22.613,132.32,132.32,132.3,132.3,2.26789051
2025-12-07 11:03,132.3,132.35,132.29,132.29,4.6210697,132.26000000,132.31000000,132.26000000,132.30000000,241.72000000,,,,,,132.27,132.32,132.27,132.3,83.939,132.31,132.32,132.31,132.32,1.0327780199999999
2025-12-07 11:04,132.31,132.34,132.3,132.33,12.56082444,132.30000000,132.30000000,132.27000000,132.30000000,162.23100000,,,,,,132.3,132.3,132.27,132.3,60.761,132.31,132.33,132.31,132.33,28.6986316
2025-12-07 11:05,132.33,132.39,132.32,132.32,135.48448616,132.30000000,132.36000000,132.29000000,132.30000000,648.74900000,,,,,,132.3,132.36,132.29,132.29,219.931,132.34,132.34,132.34,132.34,0.65229169
2025-12-07 11:06,132.32,132.47,132.32,132.47,163.88314099,132.31000000,132.47000000,132.31000000,132.47000000,285.54600000,,,,,,132.29,132.47,132.29,132.46,103.771,132.34,132.34,132.34,132.34,387.18376802
2025-12-07 11:07,132.48,132.51,132.43,132.43,124.14150598,132.47000000,132.50000000,132.41000000,132.41000000,383.28200000,132.48,132.48,132.48,132.48,0.1,132.46,132.5,132.41,132.42,176.455,132.34,132.35,132.34,132.34,4776.14942788
2025-12-07 11:08,132.42,132.51,132.42,132.5,43.00772512,132.41000000,132.48000000,132.38000000,132.48000000,299.47400000,,,,,,132.42,132.48,132.39,132.48,86.541,132.35,132.35,132.34,132.35,1.46409
2025-12-07 11:09,132.5,132.55,132.5,132.54,25.58156176,132.48000000,132.52000000,132.48000000,132.51000000,446.67100000,132.52,132.53,132.52,132.53,0.8999999999999999,132.48,132.52,132.48,132.52,139.556,132.35,132.53,132.35,132.53,41.023997810000004
2025-12-07 11:10,132.51,132.52,132.46,132.5,153.97350587,132.50000000,132.51000000,132.45000000,132.46000000,234.21000000,132.54,132.54,132.54,132.54,0.20425137,132.52,132.52,132.45,132.46,109.538,132.53,132.53,132.45,132.45,8.771332050000002
2025-12-07 11:11,132.49,132.53,132.49,132.52,22.78787088,132.47000000,132.52000000,132.47000000,132.51000000,107.92800000,,,,,,132.46,132.52,132.46,132.52,35.967,132.5,132.53,132.5,132.53,4.23051
2025-12-07 11:12,132.53,132.53,132.42,132.43,77.61698062,132.52000000,132.52000000,132.39000000,132.40000000,348.75000000,,,,,,132.52,132.52,132.4,132.42,182.121,132.54,132.54,132.46,132.46,197.40125620999999
2025-12-07 11:13,132.42,132.44,132.38,132.42,35.2129323,132.39000000,132.42000000,132.36000000,132.40000000,397.21400000,,,,,,132.42,132.42,132.36,132.4,142.455,132.45,132.45,132.45,132.45,0.01324
2025-12-07 11:14,132.43,132.49,132.43,132.48,14.6584074,132.41000000,132.50000000,132.39000000,132.47000000,1587.95400000,,,,,,132.4,132.5,132.39,132.46,555.773,132.46,132.46,132.46,132.46,0.38650363
2025-12-07 11:15,132.47,132.52,132.42,132.46,34.11579703,132.46000000,132.50000000,132.42000000,132.43000000,589.25700000,,,,,,132.46,132.5,132.42,132.42,205.878,132.48,132.52,132.46,132.46,2.50974124
2025-12-07 11:16,132.45,132.49,132.36,132.42,433.64984314,132.43000000,132.48000000,132.38000000,132.41000000,517.33400000,,,,,,132.42,132.48,132.38,132.4,181.376,132.49,132.49,132.47,132.47,53.15627
2025-12-07 11:17,132.42,132.45,132.42,132.42,64.06622187,132.41000000,132.45000000,132.40000000,132.41000000,172.56800000,,,,,,132.4,132.44,132.4,132.43,94.228,132.47,132.47,132.47,132.47,3.09746
2025-12-07 11:18,132.45,132.48,132.45,132.45,24.91130952,132.41000000,132.47000000,132.41000000,132.43000000,271.30100000,,,,,,132.43,132.47,132.41,132.42,101.607,132.47,132.5,132.46,132.49,15.219766020000002
2025-12-07 11:19,132.45,132.49,132.4,132.4,63.16767105,132.43000000,132.48000000,132.39000000,132.41000000,285.06500000,,,,,,132.42,132.48,132.39,132.4,99.894,132.49,132.49,132.49,132.49,0.73815862
2025-12-07 11:20,132.41,132.42,132.27,132.27,43.58892943,132.41000000,132.41000000,132.28000000,132.28000000,216.46700000,132.46,132.46,132.44,132.44,1.3157,132.4,132.41,132.28,132.29,75.906,132.47,132.47,132.35,132.35,4.9426600999999994
2025-12-07 11:21,132.29,132.37,132.27,132.37,64.27525605,132.28000000,132.35000000,132.25000000,132.34000000,184.44200000,,,,,,132.29,132.35,132.26,132.34,49.884,132.35,132.36,132.35,132.36,3.2304077899999997
2025-12-07 11:22,132.36,132.49,132.36,132.43,131.22474837,132.34000000,132.48000000,132.33000000,132.40000000,237.40200000,,,,,,132.34,132.48,132.33,132.42,95.474,132.39,132.45,132.39,132.45,0.9096500000000001
2025-12-07 11:23,132.43,132.47,132.43,132.45,27.74711519,132.39000000,132.45000000,132.39000000,132.43000000,84.55600000,,,,,,132.42,132.45,132.39,132.45,36.312,132.44,132.48,132.44,132.47,6.188211369999999
2025-12-07 11:24,132.45,132.45,132.32,132.32,97.59054749,132.43000000,132.44000000,132.32000000,132.33000000,401.72300000,132.43,132.44,132.43,132.44,0.9954550500000001,132.45,132.45,132.32,132.32,137.449,132.43,132.43,132.35,132.35,0.9298
2025-12-07 11:25,132.34,132.35,132.3,132.34,16.23910347,132.32000000,132.33000000,132.27000000,132.33000000,190.32500000,,,,,,132.32,132.33,132.29,132.33,159.987,132.35,132.36,132.35,132.36,11.706472040000001
2025-12-07 11:26,132.35,132.37,132.31,132.31,97.6559975,132.32000000,132.34000000,132.28000000,132.29000000,109.17500000,,,,,,132.33,132.33,132.28,132.28,55.199,132.35,132.35,132.33,132.33,22.32353944
2025-12-07 11:27,132.3,132.35,132.3,132.35,11.04168369,132.29000000,132.35000000,132.28000000,132.35000000,115.42100000,,,,,,132.28,132.35,132.28,132.34,39.797,,,,,0.0
2025-12-07 11:28,132.33,132.33,132.28,132.28,42.6505587,132.34000000,132.34000000,132.25000000,132.26000000,307.53000000,132.4,132.4,132.39,132.39,0.39999998999999997,132.34,132.35,132.26,132.26,106.777,132.35,132.35,132.34,132.34,0.6584456599999999
2025-12-07 11:29,132.27,132.29,132.22,132.29,43.32436557,132.25000000,132.28000000,132.22000000,132.28000000,308.71600000,132.39,132.39,132.37,132.37,0.39999999999999997,132.26,132.28,132.22,132.27,109.852,132.34,132.34,132.31,132.32,2.84296978
2025-12-07 11:30,132.29,132.39,132.29,132.38,39.28870912,132.27000000,132.38000000,132.27000000,132.37000000,201.58000000,,,,,,132.27,132.38,132.27,132.37,69.335,132.31,132.35,132.31,132.35,1.7760800300000001
2025-12-07 11:31,132.38,132.43,132.35,132.4,57.55018398,132.38000000,132.43000000,132.34000000,132.40000000,182.20200000,,,,,,132.37,132.43,132.35,132.41,69.671,132.35,132.35,132.35,132.35,0.69544137
2025-12-07 11:32,132.4,132.42,132.37,132.37,53.98050451,132.41000000,132.41000000,132.35000000,132.36000000,179.02700000,132.44,132.44,132.43,132.43,1.5,132.41,132.41,132.35,132.35,62.406,132.35,132.35,132.34,132.35,11.12277084
2025-12-07 11:33,132.36,132.45,132.35,132.45,152.60430197,132.35000000,132.45000000,132.34000000,132.44000000,76.91300000,,,,,,132.35,132.45,132.3,132.45,72.288,132.35,132.35,132.35,132.35,9.1085455
2025-12-07 11:34,132.45,132.49,132.42,132.43,60.54325015,132.44000000,132.47000000,132.41000000,132.42000000,96.54900000,,,,,,132.45,132.48,132.41,132.41,36.482,132.43,132.43,132.43,132.43,0.00735
2025-12-07 11:35,132.44,132.49,132.43,132.46,172.91543293,132.42000000,132.48000000,132.41000000,132.44000000,1095.74900000,,,,,,132.41,132.48,132.41,132.45,387.28,132.47,132.47,132.47,132.47,0.23868872
2025-12-07 11:36,132.45,132.46,132.44,132.44,13.20546173,132.45000000,132.46000000,132.42000000,132.42000000,133.94800000,,,,,,132.45,132.46,132.44,132.44,44.951,132.47,132.48,132.47,132.48,0.9966375599999999
2025-12-07 11:37,132.44,132.44,132.38,132.38,17.11909564,132.41000000,132.42000000,132.37000000,132.38000000,393.11500000,,,,,,132.44,132.44,132.37,132.38,135.909,132.45,132.45,132.44,132.44,0.75450862
2025-12-07 11:38,132.38,132.39,132.36,132.39,72.1388513,132.37000000,132.39000000,132.35000000,132.39000000,160.35400000,132.41,132.41,132.41,132.41,1.0,132.38,132.39,132.35,132.38,56.255,132.43,132.44,132.37,132.37,1057.04299352
2025-12-07 11:39,132.38,132.43,132.38,132.4,134.33963726,132.38000000,132.42000000,132.38000000,132.39000000,358.39200000,,,,,,132.38,132.42,132.38,132.39,126.516,132.42,132.43,132.42,132.43,0.35711750999999997
2025-12-07 11:40,132.4,132.43,132.39,132.39,98.04127242,132.39000000,132.42000000,132.38000000,132.38000000,308.13300000,,,,,,132.39,132.41,132.38,132.38,107.329,132.4,132.43,132.4,132.43,0.40709695
2025-12-07 11:41,132.39,132.41,132.37,132.4,32.04409474,132.38000000,132.40000000,132.37000000,132.39000000,281.47300000,,,,,,132.38,132.4,132.38,132.4,73.109,132.42,132.42,132.42,132.42,4.51007
2025-12-07 11:42,132.4,132.43,132.39,132.4,10.59521384,132.40000000,132.40000000,132.39000000,132.39000000,133.94400000,,,,,,132.4,132.4,132.39,132.4,119.958,132.43,132.43,132.43,132.43,0.14135
2025-12-07 11:43,132.41,132.43,132.35,132.41,108.13597216,132.39000000,132.40000000,132.34000000,132.40000000,235.90200000,,,,,,132.4,132.4,132.35,132.39,90.492,132.42,132.42,132.38,132.38,1.2293643
2025-12-07 11:44,132.41,132.41,132.4,132.4,8.05959318,132.40000000,132.40000000,132.38000000,132.38000000,56.02700000,,,,,,132.39,132.4,132.38,132.39,18.813,132.4,132.41,132.4,132.41,1.7375837600000001
2025-12-07 11:45,132.4,132.4,132.34,132.34,88.81439279,132.38000000,132.38000000,132.31000000,132.33000000,408.32800000,,,,,,132.39,132.39,132.31,132.31,150.873,,,,,0.0
2025-12-07 11:46,132.34,132.36,132.31,132.33,54.92320689,132.33000000,132.34000000,132.31000000,132.31000000,256.30800000,,,,,,132.31,132.34,132.3,132.31,81.751,132.36,132.36,132.36,132.36,0.0689
2025-12-07 11:47,132.32,132.32,132.27,132.28,219.39396013,132.30000000,132.31000000,132.23000000,132.27000000,2839.96500000,,,,,,132.31,132.31,132.24,132.28,994.982,132.35,132.35,132.29,132.3,100.04074
2025-12-07 11:48,132.28,132.28,132.19,132.21,122.57923939,132.27000000,132.27000000,132.18000000,132.19000000,368.97800000,132.37,132.37,132.31,132.31,1.2,132.28,132.28,132.18,132.19,154.453,,,,,0.0
2025-12-07 11:49,132.21,132.31,132.21,132.29,77.48610661,132.19000000,132.31000000,132.19000000,132.30000000,899.91000000,,,,,,132.19,132.29,132.19,132.29,314.996,132.25,132.29,132.25,132.28,100.3357796
2025-12-07 11:50,132.3,132.34,132.28,132.3,196.33311087,132.29000000,132.33000000,132.29000000,132.29000000,215.27100000,,,,,,132.29,132.33,132.29,132.3,73.344,132.31,132.32,132.31,132.32,6.262757
2025-12-07 11:51,132.3,132.34,132.3,132.3,146.27748752,132.29000000,132.33000000,132.26000000,132.27000000,267.41200000,,,,,,132.3,132.33,132.26,132.27,103.144,132.32,132.32,132.29,132.29,1.48600003
2025-12-07 11:52,132.29,132.34,132.25,132.34,95.4056208,132.26000000,132.34000000,132.25000000,132.34000000,174.87500000,,,,,,132.27,132.34,132.22,132.34,56.076,132.3,132.32,132.28,132.32,110.00134359
2025-12-07 11:53,132.34,132.4,132.34,132.4,53.47778259,132.34000000,132.39000000,132.33000000,132.38000000,762.96500000,,,,,,132.34,132.39,132.33,132.37,267.132,132.32,132.32,132.32,132.32,0.30987155
2025-12-07 11:54,132.39,132.4,132.33,132.33,66.72978064,132.37000000,132.38000000,132.32000000,132.33000000,321.04400000,,,,,,132.37,132.38,132.32,132.32,112.366,132.32,132.41,132.32,132.41,0.45327262
2025-12-07 11:55,132.34,132.34,132.32,132.33,20.1453769,132.33000000,132.33000000,132.32000000,132.33000000,60.17900000,,,,,,132.32,132.33,132.32,132.32,20.465,132.34,132.34,132.34,132.34,0.01453075
2025-12-07 11:56,132.33,132.35,132.33,132.34,13.52136797,132.33000000,132.33000000,132.32000000,132.33000000,337.60500000,,,,,,132.32,132.33,132.32,132.32,109.411,132.35,132.35,132.34,132.34,0.82531
2025-12-07 11:57,132.34,132.43,132.31,132.43,327.91756771,132.32000000,132.42000000,132.32000000,132.42000000,278.52300000,,,,,,132.32,132.42,132.32,132.41,105.018,132.36,132.36,132.35,132.35,0.14814
2025-12-07 11:58,132.43,132.45,132.43,132.44,24.4234848,132.43000000,132.43000000,132.42000000,132.42000000,25.83400000,,,,,,132.41,132.43,132.41,132.42,85.975,132.36,132.44,132.36,132.44,4.31184381
2025-12-07 11:59,132.43,132.45,132.39,132.44,127.1469335,132.42000000,132.44000000,132.38000000,132.44000000,616.54500000,,,,,,132.42,132.44,132.38,132.44,215.812,132.44,132.46,132.44,132.46,3.1369044600000002
2025-12-07 12:00,132.43,132.51,132.42,132.49,149.95376171,132.43000000,132.48000000,132.42000000,132.47000000,108.11400000,132.5,132.51,132.5,132.51,0.4,132.44,132.47,132.42,132.46,42.419,132.45,132.5,132.44,132.5,3.5441569299999998
2025-12-07 12:01,132.48,132.48,132.43,132.43,74.1384284,132.46000000,132.47000000,132.40000000,132.40000000,732.71500000,,,,,,132.46,132.47,132.4,132.41,265.174,132.5,132.5,132.49,132.49,0.32786753
2025-12-07 12:02,132.43,132.5,132.39,132.48,305.57440269,132.40000000,132.49000000,132.36000000,132.48000000,786.63800000,,,,,,132.41,132.49,132.36,132.48,282.039,132.5,132.5,132.49,132.49,4.37127006
2025-12-07 12:03,132.48,132.5,132.44,132.48,73.94029034,132.48000000,132.48000000,132.45000000,132.47000000,104.79200000,,,,,,132.48,132.48,132.45,132.47,45.308,132.49,132.5,132.49,132.5,6.35006959
2025-12-07 12:04,132.47,132.51,132.46,132.51,66.15359664,132.47000000,132.50000000,132.45000000,132.49000000,147.20900000,132.52,132.52,132.52,132.52,0.1,132.47,132.5,132.45,132.49,65.863,132.49,132.53,132.49,132.53,10.407774329999999
2025-12-07 12:05,132.51,132.51,132.45,132.47,82.98714515,132.50000000,132.50000000,132.44000000,132.47000000,452.66400000,,,,,,132.49,132.5,132.44,132.47,290.172,132.53,132.53,132.53,132.53,0.07416
2025-12-07 12:06,132.48,132.58,132.48,132.58,43.67636286,132.47000000,132.57000000,132.47000000,132.57000000,680.86600000,132.53,132.58,132.53,132.58,0.60000001,132.47,132.57,132.46,132.57,399.499,132.52,132.59,132.52,132.59,100.93977016
2025-12-07 12:07,132.57,132.74,132.54,132.72,236.15300889,132.57000000,132.74000000,132.53000000,132.73000000,3272.91900000,132.59,132.73,132.59,132.73,1.7999999899999999,132.57,132.73,132.54,132.72,641.787,132.59,132.69,132.59,132.69,100.03713
2025-12-07 12:08,132.73,132.76,132.67,132.69,61.11805725,132.72000000,132.74000000,132.65000000,132.65000000,358.39400000,,,,,,132.72,132.74,132.65,132.66,571.582,132.7,132.7,132.7,132.7,2.86797287
2025-12-07 12:09,132.69,132.7,132.61,132.65,38.96795669,132.66000000,132.69000000,132.62000000,132.64000000,865.34600000,,,,,,132.66,132.69,132.62,132.64,300.076,132.69,132.7,132.68,132.68,0.8042866099999999
2025-12-07 12:10,132.65,132.69,132.65,132.69,3.76154623,132.63000000,132.67000000,132.62000000,132.67000000,405.47300000,,,,,,132.64,132.68,132.62,132.68,113.63,132.68,132.68,132.68,132.68,2.19300901
2025-12-07 12:11,132.68,132.71,132.65,132.7,147.77495787,132.67000000,132.69000000,132.64000000,132.69000000,627.80900000,,,,,,132.68,132.7,132.64,132.69,218.576,132.7,132.7,132.69,132.69,0.40046271
2025-12-07 12:12,132.7,132.75,132.7,132.75,44.33781222,132.69000000,132.75000000,132.68000000,132.75000000,236.06700000,,,,,,132.69,132.75,132.68,132.75,83.152,132.7,132.7,132.69,132.7,1.85822
2025-12-07 12:13,132.75,132.78,132.72,132.72,78.10216047,132.74000000,132.78000000,132.72000000,132.73000000,739.39700000,132.79,132.79,132.79,132.79,0.1,132.75,132.78,132.72,132.73,258.825,132.69,132.7,132.69,132.7,31.697583810000005
2025-12-07 12:14,132.74,132.77,132.71,132.73,121.33896968,132.72000000,132.76000000,132.72000000,132.73000000,1047.56400000,,,,,,132.73,132.76,132.72,132.73,367.218,132.7,132.7,132.69,132.7,1.55042934
2025-12-07 12:15,132.73,132.77,132.73,132.74,107.5938512,132.72000000,132.77000000,132.72000000,132.74000000,945.90200000,,,,,,132.73,132.77,132.72,132.75,364.728,132.7,132.7,132.69,132.69,4.47770999
2025-12-07 12:16,132.73,132.79,132.72,132.78,46.87246407,132.73000000,132.78000000,132.72000000,132.77000000,432.38900000,,,,,,132.75,132.78,132.72,132.78,117.667,132.7,132.7,132.7,132.7,0.07424
2025-12-07 12:17,132.79,132.86,132.75,132.79,265.50552643,132.77000000,132.86000000,132.75000000,132.78000000,1887.42600000,132.87,132.87,132.87,132.87,0.59999999,132.78,132.86,132.75,132.79,663.587,132.7,132.75,132.7,132.75,59.75539875
2025-12-07 12:18,132.77,132.79,132.66,132.73,94.51855694,132.78000000,132.79000000,132.67000000,132.71000000,1016.24100000,,,,,,132.79,132.8,132.67,132.71,650.429,132.76,132.8,132.75,132.75,1.7016957499999998
2025-12-07 12:19,132.71,132.71,132.57,132.64,359.52810963,132.70000000,132.70000000,132.57000000,132.64000000,648.64200000,132.7,132.7,132.7,132.7,0.2,132.71,132.71,132.57,132.63,87.856,132.75,132.75,132.69,132.69,59.4095778
2025-12-07 12:20,132.65,132.74,132.65,132.7,87.24241023,132.63000000,132.73000000,132.63000000,132.71000000,166.63000000,,,,,,132.63,132.73,132.63,132.7,51.772,132.69,132.74,132.69,132.74,1.22031919
2025-12-07 12:21,132.7,132.71,132.64,132.67,38.61232759,132.71000000,132.71000000,132.65000000,132.67000000,949.08300000,,,,,,132.7,132.71,132.65,132.67,332.58,132.73,132.73,132.72,132.73,0.42686451000000003
2025-12-07 12:22,132.67,132.69,132.66,132.66,64.24866968,132.67000000,132.69000000,132.66000000,132.67000000,74.41000000,,,,,,132.67,132.69,132.66,132.67,25.905,132.72,132.73,132.72,132.73,1.89127726
2025-12-07 12:23,132.68,132.72,132.67,132.69,39.21051954,132.68000000,132.70000000,132.66000000,132.67000000,431.91000000,,,,,,132.67,132.7,132.66,132.68,215.057,132.72,132.73,132.72,132.73,8.33071059
2025-12-07 12:24,132.69,132.71,132.64,132.7,28.0592974,132.67000000,132.71000000,132.63000000,132.70000000,173.25500000,,,,,,132.68,132.72,132.63,132.72,84.957,132.73,132.73,132.73,132.73,0.27962085
2025-12-07 12:25,132.7,132.71,132.6,132.61,522.13138685,132.71000000,132.71000000,132.60000000,132.60000000,329.94700000,,,,,,132.72,132.72,132.6,132.61,105.459,132.73,132.73,132.72,132.72,2.42134538
2025-12-07 12:26,132.61,132.69,132.6,132.65,152.20265311,132.61000000,132.68000000,132.60000000,132.66000000,215.22100000,,,,,,132.61,132.68,132.6,132.67,76.232,132.73,132.73,132.73,132.73,0.24697
2025-12-07 12:27,132.67,132.68,132.63,132.65,75.22560527,132.66000000,132.67000000,132.64000000,132.65000000,98.10000000,,,,,,132.67,132.67,132.64,132.64,34.138,132.73,132.73,132.72,132.72,0.93351
2025-12-07 12:28,132.65,132.65,132.6,132.61,101.09956224,132.64000000,132.65000000,132.58000000,132.60000000,455.63600000,,,,,,132.64,132.65,132.58,132.59,161.463,132.72,132.73,132.69,132.69,31.634181530000003
2025-12-07 12:29,132.61,132.66,132.6,132.61,193.79225162,132.60000000,132.65000000,132.58000000,132.59000000,8402.52500000,132.71,132.71,132.69,132.69,1.5,132.59,132.64,132.58,132.6,3158.862,132.7,132.7,132.69,132.69,0.50421315
2025-12-07 12:30,132.6,132.67,132.57,132.57,254.65918917,132.60000000,132.65000000,132.56000000,132.57000000,4881.26600000,132.71,132.71,132.65,132.66,27.7757,132.6,132.65,132.56,132.57,1649.224,132.7,132.7,132.69,132.69,1.27616867
2025-12-07 12:31,132.58,132.66,132.58,132.65,107.43983424,132.57000000,132.65000000,132.57000000,132.60000000,4006.92300000,,,,,,132.57,132.65,132.56,132.61,1183.122,132.69,132.69,132.69,132.69,0.02682651
2025-12-07 12:32,132.63,132.63,132.54,132.55,47.89569299,132.60000000,132.60000000,132.52000000,132.53000000,876.74500000,,,,,,132.61,132.61,132.52,132.52,583.41,132.69,132.69,132.69,132.69,19.77540446
2025-12-07 12:33,132.54,132.59,132.48,132.59,173.3361132,132.53000000,132.58000000,132.47000000,132.58000000,527.02400000,132.64,132.64,132.63,132.63,0.4,132.52,132.57,132.47,132.57,213.944,132.51,132.58,132.5,132.58,7.5109072
2025-12-07 12:34,132.59,132.59,132.53,132.54,34.96382965,132.58000000,132.58000000,132.51000000,132.53000000,240.52700000,,,,,,132.57,132.58,132.51,132.52,107.109,132.59,132.59,132.55,132.55,0.11787036
2025-12-07 12:35,132.55,132.55,132.51,132.54,53.68621399,132.53000000,132.54000000,132.49000000,132.52000000,336.21300000,,,,,,132.52,132.53,132.48,132.52,107.821,132.56,132.56,132.51,132.51,106.84588742
2025-12-07 12:36,132.53,132.55,132.51,132.53,37.41452725,132.51000000,132.54000000,132.51000000,132.54000000,100.39300000,,,,,,132.52,132.54,132.51,132.54,128.254,132.56,132.56,132.56,132.56,0.5538234400000001
2025-12-07 12:37,132.54,132.68,132.54,132.63,569.74373407,132.53000000,132.67000000,132.53000000,132.61000000,1843.81800000,132.62,132.62,132.62,132.62,19.25571718,132.54,132.67,132.54,132.61,552.259,132.66,132.68,132.65,132.68,17.60673275
2025-12-07 12:38,132.63,132.67,132.63,132.67,49.53206593,132.62000000,132.65000000,132.61000000,132.64000000,135.04000000,,,,,,132.61,132.65,132.61,132.65,47.002,132.66,132.68,132.65,132.68,21.7907926
2025-12-07 12:39,132.67,132.67,132.63,132.64,63.49843242,132.64000000,132.65000000,132.61000000,132.63000000,519.06400000,,,,,,132.65,132.65,132.61,132.63,265.965,132.67,132.67,132.64,132.65,15.30200362
2025-12-07 12:40,132.64,132.68,132.61,132.62,128.54817162,132.63000000,132.65000000,132.59000000,132.60000000,689.79400000,,,,,,132.63,132.65,132.59,132.59,242.519,132.67,132.67,132.66,132.67,62.18123496
2025-12-07 12:41,132.62,132.63,132.61,132.61,35.07706665,132.60000000,132.61000000,132.60000000,132.61000000,127.65100000,,,,,,132.59,132.61,132.59,132.61,53.592,132.66,132.66,132.66,132.66,3.76534566
2025-12-07 12:42,132.62,132.7,132.61,132.7,36.29950178,132.60000000,132.68000000,132.60000000,132.68000000,1022.01100000,,,,,,132.61,132.68,132.6,132.68,346.057,132.67,132.67,132.66,132.66,0.96572342
2025-12-07 12:43,132.7,132.72,132.64,132.65,166.83511441,132.68000000,132.70000000,132.63000000,132.63000000,369.33100000,,,,,,132.68,132.7,132.62,132.62,405.308,132.71,132.72,132.69,132.69,0.44493840999999995
2025-12-07 12:44,132.65,132.73,132.65,132.68,683.25804141,132.63000000,132.67000000,132.63000000,132.65000000,114.14400000,,,,,,132.62,132.67,132.62,132.66,66.818,132.69,132.69,132.67,132.69,0.44877
2025-12-07 12:45,132.68,132.85,132.68,132.85,537.00077211,132.65000000,132.84000000,132.65000000,132.84000000,5018.73700000,132.77,132.87,132.77,132.87,0.9,132.66,132.83,132.65,132.83,1752.029,132.73,132.73,132.73,132.73,0.18835229
2025-12-07 12:46,132.86,133.01,132.86,132.96,172.60936827,132.84000000,133.00000000,132.84000000,132.97000000,2923.89700000,132.88,133.03,132.88,133.03,1.7508,132.83,133,132.83,132.96,1026.965,132.8,132.97,132.8,132.97,204.72412719
2025-12-07 12:47,132.97,133.08,132.97,133.0,3823.87629061,132.97000000,133.07000000,132.93000000,132.99000000,967.40200000,,,,,,132.96,133.07,132.94,132.99,354.039,132.97,132.97,132.96,132.97,3.45408742
2025-12-07 12:48,132.99,133.06,132.97,133.05,334.25237315,132.98000000,133.05000000,132.97000000,133.03000000,456.71800000,,,,,,132.99,133.05,132.97,133.03,189.827,132.97,133.0,132.97,133.0,0.26996431
2025-12-07 12:49,133.05,133.07,132.99,133.05,124.88642072,133.03000000,133.04000000,132.97000000,133.03000000,2492.64200000,,,,,,133.03,133.04,132.97,133.03,903.723,133.0,133.0,132.99,132.99,4.35401524
2025-12-07 12:50,133.04,133.06,133.01,133.02,67.93342054,133.03000000,133.06000000,133.00000000,133.02000000,695.69500000,,,,,,133.03,133.06,133,133,347.577,133.0,133.0,133.0,133.0,0.0775724
2025-12-07 12:51,133.02,133.04,132.84,132.87,206.75628666,133.02000000,133.03000000,132.82000000,132.86000000,3042.47000000,133.03,133.03,132.93,132.93,0.7,133,133.02,132.82,132.87,1031.994,132.99,133.0,132.86,132.86,60.527962540000004
2025-12-07 12:52,132.86,132.92,132.85,132.92,65.76053191,132.86000000,132.91000000,132.84000000,132.91000000,656.03300000,,,,,,132.87,132.92,132.83,132.92,226.502,132.86,132.86,132.86,132.86,0.09097
2025-12-07 12:53,132.93,132.96,132.9,132.93,55.236286,132.92000000,132.95000000,132.90000000,132.91000000,224.84100000,,,,,,132.92,132.95,132.9,132.92,78.655,132.94,132.96,132.92,132.93,0.81118078
2025-12-07 12:54,132.93,132.96,132.9,132.95,190.00762404,132.91000000,132.96000000,132.90000000,132.96000000,1310.32000000,,,,,,132.92,132.95,132.9,132.95,458.674,132.93,132.93,132.93,132.93,21.17305926
2025-12-07 12:55,132.96,132.96,132.87,132.87,39.30949243,132.96000000,132.96000000,132.85000000,132.86000000,2552.87200000,,,,,,132.95,132.95,132.85,132.85,893.35,132.94,132.95,132.94,132.94,2.35379013
2025-12-07 12:56,132.86,132.89,132.84,132.89,62.3616045,132.85000000,132.88000000,132.83000000,132.88000000,413.48400000,,,,,,132.85,132.87,132.83,132.87,144.713,132.94,132.94,132.84,132.86,638.35873824
2025-12-07 12:57,132.89,132.89,132.82,132.83,50.68286936,132.87000000,132.88000000,132.83000000,132.83000000,261.08500000,,,,,,132.87,132.88,132.83,132.83,89.88,132.88,132.88,132.82,132.82,357.53342462
2025-12-07 12:58,132.83,132.85,132.82,132.85,18.71384151,132.84000000,132.84000000,132.83000000,132.83000000,117.97400000,,,,,,132.83,132.84,132.83,132.84,50.584,132.84,132.85,132.84,132.85,1.34175643
2025-12-07 12:59,132.85,132.92,132.85,132.92,201.21764626,132.84000000,132.90000000,132.83000000,132.90000000,377.11400000,,,,,,132.84,132.9,132.83,132.89,131.531,132.84,132.9,132.84,132.9,4.55415299
2025-12-07 13:00,132.92,132.94,132.82,132.86,177.37520477,132.90000000,132.92000000,132.81000000,132.85000000,3093.67700000,,,,,,132.89,132.93,132.82,132.84,1086.128,132.92,132.93,132.92,132.93,4.20183316
2025-12-07 13:01,132.86,132.92,132.85,132.85,127.24631573,132.85000000,132.90000000,132.84000000,132.86000000,747.83700000,,,,,,132.84,132.9,132.84,132.85,269.631,132.93,132.93,132.92,132.92,0.68032054
2025-12-07 13:02,132.86,133.02,132.86,133.01,206.66518929,132.87000000,133.02000000,132.86000000,133.02000000,620.08900000,,,,,,132.85,133.02,132.85,133.01,209.132,132.94,133.0,132.94,133.0,8.63376079
2025-12-07 13:03,133.02,133.03,132.96,132.97,133.7184571,133.01000000,133.02000000,132.97000000,132.97000000,1898.66500000,,,,,,133.01,133.02,132.97,132.98,681.637,132.99,133.0,132.99,132.99,1.07645
2025-12-07 13:04,132.99,132.99,132.84,132.85,117.27449219,132.97000000,132.98000000,132.83000000,132.84000000,1367.27200000,,,,,,132.98,132.98,132.83,132.85,833.253,133.0,133.0,132.92,132.92,48.430713569999995
2025-12-07 13:05,132.85,132.86,132.82,132.85,55.46280588,132.84000000,132.85000000,132.80000000,132.83000000,727.96500000,,,,,,132.85,132.85,132.8,132.84,235.069,132.93,132.93,132.84,132.84,32.288596330000004
2025-12-07 13:06,132.85,132.87,132.79,132.85,267.28633915,132.84000000,132.86000000,132.77000000,132.86000000,1812.21200000,,,,,,132.84,132.87,132.78,132.86,645.972,132.85,132.88,132.84,132.84,101.75340593
2025-12-07 13:07,132.86,132.87,132.76,132.8,173.72814672,132.86000000,132.86000000,132.80000000,132.80000000,450.03100000,,,,,,132.86,132.86,132.8,132.8,157.526,132.87,132.87,132.78,132.81,102.08414459000001
2025-12-07 13:08,132.8,132.81,132.76,132.81,56.95246311,132.81000000,132.81000000,132.75000000,132.79000000,599.64400000,132.89,132.89,132.88,132.88,0.4,132.8,132.81,132.75,132.8,211.884,132.79,132.8,132.79,132.79,93.67019156999999
2025-12-07 13:09,132.81,132.83,132.78,132.78,42.20127584,132.80000000,132.84000000,132.77000000,132.77000000,368.85300000,,,,,,132.8,132.84,132.77,132.78,126.974,132.78,132.78,132.76,132.78,0.11184959
2025-12-07 13:10,132.77,132.81,132.55,132.55,250.16972204,132.77000000,132.80000000,132.53000000,132.54000000,1517.02700000,132.87,132.87,132.65,132.65,2.1999999900000002,132.78,132.8,132.53,132.54,530.64,132.79,132.79,132.75,132.75,24.522883320000002
2025-12-07 13:11,132.55,132.57,132.31,132.44,732.291959,132.54000000,132.56000000,132.31000000,132.43000000,2458.99600000,132.65,132.65,132.45,132.45,0.60000001,132.54,132.57,132.31,132.44,862.715,132.56,132.56,132.36,132.36,46.33687811
2025-12-07 13:12,132.44,132.45,132.32,132.34,257.17310829,132.43000000,132.44000000,132.32000000,132.33000000,372.10200000,,,,,,132.44,132.44,132.33,132.34,1107.231,132.42,132.45,132.36,132.36,3.76646
2025-12-07 13:13,132.33,132.38,132.27,132.38,3400.77174687,132.33000000,132.39000000,132.27000000,132.39000000,484.32400000,,,,,,132.34,132.39,132.27,132.38,387.057,132.35,132.39,132.34,132.39,4.39866838
2025-12-07 13:14,132.39,132.42,132.35,132.36,585.86354094,132.38000000,132.41000000,132.35000000,132.36000000,345.13800000,,,,,,132.38,132.41,132.36,132.36,176.026,132.42,132.42,132.39,132.39,22.42066
2025-12-07 13:15,132.36,132.46,132.36,132.39,291.65644405,132.36000000,132.46000000,132.36000000,132.39000000,1184.91000000,,,,,,132.36,132.45,132.36,132.39,414.694,132.42,132.42,132.42,132.42,0.7441800000000001
2025-12-07 13:16,132.39,132.43,132.29,132.36,532.90937327,132.40000000,132.45000000,132.29000000,132.36000000,459.18500000,,,,,,132.39,132.43,132.32,132.37,187.704,132.42,132.42,132.42,132.42,58.150043260000004
2025-12-07 13:17,132.36,132.5,132.36,132.5,138.6554933,132.37000000,132.50000000,132.36000000,132.48000000,447.00700000,,,,,,132.37,132.49,132.36,132.48,188.985,132.4,132.43,132.4,132.43,0.73444344
2025-12-07 13:18,132.5,132.51,132.44,132.5,61.5510943,132.48000000,132.50000000,132.44000000,132.50000000,114.31800000,,,,,,132.48,132.5,132.44,132.5,40.007,132.42,132.5,132.42,132.49,6.693317349999999
2025-12-07 13:19,132.48,132.48,132.44,132.47,12.80206533,132.49000000,132.49000000,132.42000000,132.46000000,68.21100000,,,,,,132.5,132.5,132.42,132.45,24.292,132.47,132.47,132.44,132.47,0.50418
2025-12-07 13:20,132.47,132.51,132.39,132.39,193.09168386,132.47000000,132.50000000,132.38000000,132.38000000,189.66900000,,,,,,132.45,132.5,132.38,132.39,65.801,132.49,132.5,132.47,132.5,0.22865921
2025-12-07 13:21,132.39,132.4,132.13,132.13,608.62037093,132.39000000,132.41000000,132.12000000,132.13000000,2609.80400000,132.31,132.31,132.29,132.29,0.19999999000000002,132.39,132.41,132.13,132.14,903.332,132.49,132.49,132.27,132.27,148.14973506
2025-12-07 13:22,132.12,132.12,131.54,131.57,1288.29168902,132.12000000,132.12000000,131.51000000,131.58000000,12784.21000000,132.29,132.29,131.68,131.69,0.40000001,132.14,132.14,131.54,131.54,3823.582,132.19,132.19,131.6,131.6,21.30672013
2025-12-07 13:23,131.58,132.0,131.58,131.93,730.6774961,131.58000000,131.99000000,131.58000000,131.93000000,3654.02200000,131.89,131.9,131.89,131.9,1.7,131.54,131.98,131.54,131.92,1941.733,131.64,131.96,131.64,131.94,5.60092005
2025-12-07 13:24,131.93,131.97,131.75,131.8,151.52575577,131.93000000,131.97000000,131.75000000,131.77000000,851.69800000,,,,,,131.92,131.97,131.75,131.78,296.25,131.96,131.96,131.86,131.87,39.580036899999996
2025-12-07 13:25,131.77,131.93,131.77,131.81,255.32030325,131.76000000,131.92000000,131.76000000,131.80000000,1247.98100000,,,,,,131.78,131.92,131.76,131.8,559.24,131.86,131.87,131.86,131.87,2.28084021
2025-12-07 13:26,131.81,131.99,131.81,131.96,149.5068467,131.79000000,131.98000000,131.78000000,131.95000000,1601.64000000,,,,,,131.8,131.98,131.79,131.96,550.863,131.87,131.87,131.87,131.87,4.16814804
2025-12-07 13:27,131.96,132.01,131.9,131.91,137.57715802,131.96000000,132.00000000,131.89000000,131.91000000,1840.10900000,,,,,,131.96,132,131.9,131.91,656.155,131.96,132.01,131.96,131.97,0.71773854
2025-12-07 13:28,131.92,131.94,131.9,131.91,102.74761358,131.91000000,131.93000000,131.88000000,131.90000000,336.02300000,,,,,,131.91,131.93,131.88,131.89,118.035,131.97,131.97,131.97,131.97,3.8420751500000003
2025-12-07 13:29,131.91,131.92,131.82,131.85,1455.96071532,131.90000000,131.90000000,131.80000000,131.86000000,781.82300000,,,,,,131.89,131.92,131.8,131.85,272.289,131.97,131.97,131.92,131.92,2.12780843
2025-12-07 13:30,131.86,131.93,131.77,131.78,404.07484643,131.86000000,131.92000000,131.75000000,131.76000000,3185.57500000,,,,,,131.85,131.93,131.75,131.77,1134.001,131.88,131.88,131.86,131.86,2.9765418400000003
2025-12-07 13:31,131.77,131.97,131.72,131.93,296.51456356,131.76000000,131.95000000,131.70000000,131.94000000,617.00100000,,,,,,131.77,131.95,131.7,131.94,216.733,131.87,131.87,131.73,131.85,16.07934987
2025-12-07 13:32,131.94,132.05,131.93,131.95,314.87131591,131.94000000,132.05000000,131.93000000,131.96000000,440.16700000,132.04,132.06,132.04,132.06,0.39999998999999997,131.94,132.05,131.93,131.95,179.104,131.86,132.04,131.86,131.98,48.20286834
2025-12-07 13:33,131.95,132.01,131.82,131.87,390.1372508,131.95000000,132.01000000,131.80000000,131.87000000,1514.97300000,,,,,,131.95,132,131.8,131.87,563.971,131.88,131.9,131.88,131.88,42.148959999999995
2025-12-07 13:34,131.88,131.94,131.8,131.8,93.51383619,131.88000000,131.95000000,131.77000000,131.77000000,500.92400000,131.89,131.89,131.89,131.89,0.1,131.87,131.94,131.79,131.79,157.224,131.96,131.97,131.96,131.97,1.73654
2025-12-07 13:35,131.79,131.81,131.64,131.66,351.80645992,131.78000000,131.81000000,131.62000000,131.65000000,1218.20000000,131.84,131.84,131.77,131.77,41.3311,131.79,131.81,131.63,131.65,427.577,131.8,131.8,131.72,131.72,1.6744428500000001
2025-12-07 13:36,131.67,131.74,131.59,131.72,794.62999343,131.66000000,131.75000000,131.60000000,131.69000000,1431.21400000,131.74,131.74,131.74,131.74,3.5,131.65,131.74,131.6,131.69,514.638,131.64,131.64,131.64,131.64,0.53171287
2025-12-07 13:37,131.69,131.76,131.6,131.76,186.28713885,131.69000000,131.77000000,131.61000000,131.77000000,413.55000000,131.7,131.7,131.68,131.68,0.3567,131.69,131.77,131.61,131.77,114.311,131.66,131.75,131.66,131.75,13.45287714
2025-12-07 13:38,131.77,131.83,131.69,131.69,470.31647985,131.77000000,131.82000000,131.69000000,131.69000000,523.10700000,,,,,,131.77,131.82,131.7,131.7,159.428,131.79,131.8,131.73,131.73,1.9399939
2025-12-07 13:39,131.68,131.69,131.61,131.66,212.19908725,131.70000000,131.70000000,131.60000000,131.66000000,1504.84100000,,,,,,131.7,131.7,131.61,131.66,576.884,131.66,131.69,131.62,131.62,92.87864193
2025-12-07 13:40,131.65,131.8,131.62,131.8,179.7614474,131.65000000,131.81000000,131.62000000,131.81000000,518.49700000,,,,,,131.66,131.81,131.62,131.81,178.302,131.68,131.68,131.65,131.68,12.756864109999999
2025-12-07 13:41,131.81,131.88,131.78,131.87,332.3701577,131.80000000,131.88000000,131.78000000,131.80000000,335.83000000,131.86,131.89,131.86,131.89,0.8,131.81,131.88,131.78,131.8,117.524,131.89,131.89,131.89,131.89,1.10028551
2025-12-07 13:42,131.85,131.85,131.75,131.75,288.20587325,131.80000000,131.87000000,131.73000000,131.74000000,1184.69300000,,,,,,131.8,131.86,131.74,131.74,412.182,131.85,131.87,131.84,131.84,0.12139
2025-12-07 13:43,131.74,131.78,131.66,131.68,271.85815136,131.73000000,131.79000000,131.65000000,131.67000000,2075.20400000,,,,,,131.74,131.8,131.66,131.67,723.743,131.84,131.84,131.68,131.7,9.084486159999999
2025-12-07 13:44,131.67,131.76,131.63,131.74,214.73456407,131.67000000,131.74000000,131.62000000,131.73000000,5351.19800000,,,,,,131.67,131.74,131.65,131.72,1878.693,131.67,131.73,131.67,131.73,103.35602199
2025-12-07 13:45,131.72,131.78,131.7,131.73,178.31499736,131.73000000,131.78000000,131.68000000,131.74000000,864.80700000,,,,,,131.72,131.78,131.68,131.74,302.573,131.72,131.72,131.72,131.72,0.43944962
2025-12-07 13:46,131.73,131.96,131.72,131.88,94.98382812,131.74000000,131.94000000,131.73000000,131.86000000,5582.58800000,131.9,131.96,131.9,131.96,2.6999999900000002,131.74,131.94,131.73,131.86,2079.005,131.74,131.85,131.74,131.85,9.73315369
2025-12-07 13:47,131.88,131.9,131.77,131.82,430.27132302,131.87000000,131.89000000,131.76000000,131.80000000,18041.90200000,,,,,,131.86,131.9,131.73,131.8,6309.727,131.81,131.81,131.75,131.75,0.27166373
2025-12-07 13:48,131.81,131.81,131.69,131.7,158.26337051,131.81000000,131.81000000,131.67000000,131.68000000,4987.48500000,131.77,131.77,131.77,131.77,0.04108,131.8,131.81,131.67,131.69,1749.198,131.82,131.82,131.75,131.75,1.0605297900000001
2025-12-07 13:49,131.69,131.93,131.68,131.93,150.83149736,131.68000000,131.91000000,131.68000000,131.91000000,986.47800000,131.92,131.92,131.92,131.92,0.2,131.69,131.91,131.67,131.91,345.465,131.71,131.9,131.71,131.9,4.58117982
2025-12-07 13:50,131.93,131.93,131.86,131.92,75.19307647,131.92000000,131.92000000,131.87000000,131.90000000,215.16100000,,,,,,131.91,131.92,131.87,131.92,57.397,131.9,131.9,131.86,131.9,2.1190900000000004
2025-12-07 13:51,131.92,131.94,131.88,131.89,165.90804769,131.91000000,131.94000000,131.87000000,131.89000000,1255.64800000,131.94,131.94,131.94,131.94,0.2,131.92,131.94,131.87,131.88,321.301,131.91,131.91,131.9,131.91,4.7181643399999995
2025-12-07 13:52,131.89,131.94,131.88,131.88,80.11731426,131.89000000,131.94000000,131.87000000,131.88000000,938.55300000,,,,,,131.88,131.95,131.87,131.88,482.059,131.91,131.92,131.88,131.89,197.39927485
2025-12-07 13:53,131.87,131.87,131.77,131.82,96.74081597,131.87000000,131.87000000,131.78000000,131.78000000,915.96700000,,,,,,131.88,131.88,131.78,131.79,295.426,131.85,131.85,131.81,131.82,7.5049779999999995
2025-12-07 13:54,131.8,131.81,131.77,131.81,37.77449764,131.78000000,131.80000000,131.75000000,131.79000000,285.06400000,,,,,,131.79,131.81,131.75,131.79,341.705,131.82,131.82,131.81,131.82,2.11292219
2025-12-07 13:55,131.81,131.91,131.8,131.91,81.19465955,131.79000000,131.89000000,131.78000000,131.87000000,825.42700000,,,,,,131.79,131.9,131.79,131.87,670.841,131.82,131.91,131.81,131.91,79.38910222999999
2025-12-07 13:56,131.9,131.93,131.85,131.91,453.160164,131.88000000,131.91000000,131.86000000,131.90000000,717.89200000,,,,,,131.87,131.91,131.86,131.9,233.65,131.9,131.93,131.88,131.93,500.33106388
2025-12-07 13:57,131.91,131.91,131.85,131.88,136.71351838,131.91000000,131.93000000,131.86000000,131.88000000,1017.43300000,,,,,,131.9,131.93,131.86,131.88,361.285,131.93,131.93,131.86,131.88,3.9070041900000003
2025-12-07 13:58,131.88,131.88,131.8,131.85,170.4111454,131.87000000,131.88000000,131.82000000,131.84000000,311.80700000,,,,,,131.88,131.88,131.81,131.84,110.273,131.87,131.87,131.86,131.86,1.1294600000000001
2025-12-07 13:59,131.85,131.86,131.74,131.74,86.03555557,131.84000000,131.86000000,131.72000000,131.73000000,545.58900000,,,,,,131.84,131.86,131.72,131.73,231.077,131.87,131.88,131.82,131.82,0.60851
2025-12-07 14:00,131.74,131.74,131.62,131.64,109.29347667,131.72000000,131.72000000,131.61000000,131.63000000,667.15400000,131.8,131.8,131.72,131.72,1.25892,131.73,131.73,131.61,131.62,233.077,131.81,131.81,131.64,131.64,104.79357986
2025-12-07 14:01,131.64,131.85,131.64,131.83,307.02594392,131.63000000,131.84000000,131.62000000,131.81000000,1183.41600000,,,,,,131.62,131.84,131.62,131.82,413.717,131.65,131.83,131.63,131.83,6.504921550000001
2025-12-07 14:02,131.82,131.82,131.73,131.73,70.92276469,131.82000000,131.82000000,131.71000000,131.72000000,329.75300000,,,,,,131.82,131.82,131.71,131.72,122.546,131.76,131.79,131.72,131.79,3.07601803
2025-12-07 14:03,131.74,131.77,131.56,131.57,184.7980976,131.72000000,131.77000000,131.55000000,131.56000000,1512.45500000,131.69,131.69,131.66,131.66,0.30000000000000004,131.72,131.77,131.55,131.55,529.411,131.74,131.74,131.58,131.58,2.32884682
2025-12-07 14:04,131.57,131.62,131.21,131.26,1370.35917253,131.56000000,131.62000000,131.18000000,131.24000000,6455.44600000,131.65,131.65,131.36,131.36,16.85004076,131.55,131.62,131.28,131.28,1345.913,131.59,131.61,131.3,131.3,155.53968217
2025-12-07 14:05,131.27,131.59,131.17,131.56,889.28640317,131.25000000,131.59000000,131.15000000,131.54000000,4954.45300000,131.3,131.47,131.27,131.47,4.20457064,131.28,131.59,131.15,131.55,2760.943,131.27,131.6,131.19,131.6,291.2212417
2025-12-07 14:06,131.55,131.55,131.27,131.32,331.46525984,131.54000000,131.54000000,131.23000000,131.30000000,2466.88200000,,,,,,131.55,131.55,131.23,131.31,863.399,131.37,131.37,131.32,131.33,77.36868
2025-12-07 14:07,131.33,131.51,131.33,131.48,296.60935922,131.30000000,131.50000000,131.30000000,131.48000000,883.96800000,,,,,,131.31,131.49,131.3,131.48,393.328,131.39,131.51,131.39,131.49,2.43867958
2025-12-07 14:08,131.49,131.49,131.37,131.47,195.66667749,131.48000000,131.48000000,131.34000000,131.43000000,526.75300000,,,,,,131.48,131.49,131.35,131.44,184.883,131.4,131.45,131.37,131.45,681.54136519
2025-12-07 14:09,131.45,131.45,131.32,131.33,121.54951491,131.43000000,131.46000000,131.30000000,131.30000000,547.04200000,,,,,,131.44,131.45,131.3,131.3,249.775,131.46,131.46,131.39,131.4,1.9980841
2025-12-07 14:10,131.32,131.37,131.24,131.33,1144.53315747,131.30000000,131.36000000,131.23000000,131.31000000,1758.40300000,131.33,131.33,131.32,131.32,0.2,131.3,131.36,131.25,131.3,567.464,131.39,131.39,131.29,131.3,263.85688336
2025-12-07 14:11,131.32,131.43,131.32,131.43,192.5120569,131.31000000,131.43000000,131.31000000,131.39000000,851.49700000,,,,,,131.3,131.43,131.3,131.4,298.177,131.3,131.4,131.3,131.39,16.76344226
2025-12-07 14:12,131.4,131.4,131.27,131.28,275.11906572,131.39000000,131.39000000,131.27000000,131.28000000,1244.50300000,,,,,,131.4,131.4,131.28,131.28,433.824,131.38,131.38,131.32,131.32,0.3806102
2025-12-07 14:13,131.27,131.37,131.25,131.28,164.74811597,131.27000000,131.36000000,131.23000000,131.25000000,727.25500000,,,,,,131.28,131.36,131.25,131.25,256.211,131.28,131.28,131.28,131.28,0.04005482
2025-12-07 14:14,131.27,131.32,131.18,131.23,256.10262846,131.26000000,131.29000000,131.17000000,131.20000000,1255.36700000,131.31,131.31,131.29,131.29,0.19999999000000002,131.25,131.29,131.18,131.21,569.728,131.26,131.26,131.19,131.24,48.74308644
2025-12-07 14:15,131.23,131.32,131.19,131.28,229.4357588,131.20000000,131.31000000,131.16000000,131.26000000,2456.48400000,,,,,,131.21,131.31,131.16,131.25,912.193,131.2,131.24,131.2,131.24,0.35280123
2025-12-07 14:16,131.28,131.32,131.15,131.21,247.17228507,131.26000000,131.31000000,131.15000000,131.21000000,622.17900000,,,,,,131.25,131.31,131.15,131.19,214.144,131.24,131.29,131.17,131.17,21.363553680000003
2025-12-07 14:17,131.22,131.25,130.96,130.99,2218.01461409,131.20000000,131.22000000,130.95000000,131.00000000,5990.81700000,131.29,131.29,131.03,131.03,109.46347822,131.19,131.22,130.97,130.98,2166.649,131.23,131.25,131.02,131.02,251.39357272
2025-12-07 14:18,131.01,131.06,130.68,130.72,1605.05643911,130.99000000,131.05000000,130.64000000,130.71000000,7652.61400000,131.0,131.0,130.77,130.77,8.760898130000001,130.98,131.05,130.68,130.68,3542.837,131.01,131.07,130.68,130.75,890.06510009
2025-12-07 14:19,130.7,130.99,130.69,130.88,509.10212299,130.71000000,130.98000000,130.69000000,130.86000000,1515.45300000,131.0,131.0,131.0,131.0,0.5,130.68,130.98,130.68,130.86,711.919,130.87,130.99,130.84,130.98,41.58716587
2025-12-07 14:20,130.88,131.08,130.86,131.0,269.15077951,130.86000000,131.07000000,130.85000000,130.98000000,2287.97800000,131.07,131.07,131.07,131.07,0.2,130.86,131.07,130.86,130.98,833.554,130.96,131.05,130.89,131.01,67.7861148
2025-12-07 14:21,131.0,131.0,130.87,130.98,252.31233704,130.99000000,130.99000000,130.85000000,130.95000000,1681.33200000,131.03,131.04,131.02,131.02,1.5,130.98,130.99,130.86,130.96,622.103,131.0,131.0,130.9,130.97,40.7045101
2025-12-07 14:22,130.97,130.97,130.59,130.6,1185.24759346,130.95000000,130.95000000,130.56000000,130.57000000,8217.40400000,130.89,130.89,130.7,130.7,11.09999998,130.96,130.96,130.57,130.59,2887.502,130.93,130.93,130.6,130.6,170.0726571
2025-12-07 14:23,130.59,130.68,130.33,130.5,1882.46781051,130.57000000,130.66000000,130.33000000,130.48000000,7686.64800000,130.71,130.71,130.37,130.64,7.7086419,130.59,130.65,130.35,130.48,2949.791,130.59,130.59,130.34,130.52,322.31220124
2025-12-07 14:24,130.5,130.5,128.85,129.19,14656.96765256,130.48000000,130.49000000,128.79000000,129.18000000,95689.67800000,130.39,130.39,129.0,129.09,535.46817735,130.48,130.49,128.82,129.16,9003.89,130.51,130.51,128.82,129.25,5601.46864519
2025-12-07 14:25,129.2,129.24,128.29,128.75,12861.05765676,129.17000000,129.23000000,128.20000000,128.73000000,81366.75500000,129.35,129.35,128.32,128.74,187.76880398,129.16,129.18,128.17,128.76,30753.297,129.23,129.23,128.23,128.81,1984.52699558
2025-12-07 14:26,128.75,129.09,128.41,129.09,3548.92190851,128.73000000,129.08000000,128.40000000,129.08000000,16086.70900000,128.56,129.09,128.56,129.08,1.19999999,128.76,129.05,128.43,129.05,7317.667,128.81,129.09,128.47,129.09,392.24294914
2025-12-07 14:27,129.09,129.29,128.95,129.11,1608.67715821,129.08000000,129.29000000,128.92000000,129.11000000,12212.25900000,129.09,129.31,129.09,129.31,12.12744491,129.05,129.26,128.94,129.1,4052.054,129.11,129.29,129.01,129.1,100.52275686
2025-12-07 14:28,129.08,129.42,129.06,129.18,1071.57278862,129.10000000,129.42000000,129.04000000,129.15000000,6623.08400000,129.31,129.45,129.31,129.45,0.74483001,129.1,129.41,129.08,129.12,2649.338,129.18,129.43,129.15,129.25,880.981587
2025-12-07 14:29,129.16,129.22,128.75,128.75,1757.20529158,129.15000000,129.22000000,128.73000000,128.76000000,8045.26100000,129.18,129.18,128.97,128.97,0.60413582,129.12,129.16,128.8,128.8,2353.364,129.21,129.22,128.74,128.74,400.63250806
2025-12-07 14:30,128.76,128.88,128.36,128.37,2097.07568421,128.75000000,128.89000000,128.31000000,128.32000000,17986.33600000,128.66,128.66,128.53,128.53,1.2,128.8,128.87,128.36,128.36,5978.004,128.76,128.82,128.34,128.34,146.94162015999999
2025-12-07 14:31,128.35,128.71,128.35,128.48,1077.86912927,128.33000000,128.69000000,128.30000000,128.44000000,9387.22000000,128.53,128.66,128.52,128.66,26.29665941,128.36,128.68,128.36,128.47,3425.104,128.41,128.73,128.37,128.57,118.60069518
2025-12-07 14:32,128.49,128.59,128.35,128.38,1643.29847992,128.44000000,128.57000000,128.30000000,128.31000000,6037.91100000,128.52,128.52,128.49,128.49,42.22940952,128.47,128.57,128.31,128.36,2151.757,128.5,128.59,128.39,128.41,676.34663605
2025-12-07 14:33,128.36,128.36,127.73,128.21,7238.85620841,128.32000000,128.32000000,127.70000000,128.19000000,36997.71200000,128.28,128.28,127.8,128.18,54.77852664,128.36,128.36,127.72,128.26,2318.061,128.41,128.41,127.79,128.28,2002.02573665
2025-12-07 14:34,128.2,128.49,127.94,128.44,1849.98361539,128.18000000,128.42000000,127.91000000,128.42000000,8063.56400000,128.36,128.49,128.36,128.49,0.4,128.26,128.42,127.94,128.41,3024.624,128.13,128.45,128.05,128.45,15.74303539
2025-12-07 14:35,128.41,128.66,128.25,128.58,1018.33187925,128.41000000,128.65000000,128.23000000,128.60000000,7202.14600000,128.45,128.71,128.45,128.71,3.1,128.41,128.63,128.23,128.57,2563.811,128.39,128.62,128.31,128.62,1385.73355756
2025-12-07 14:36,128.61,128.97,128.57,128.92,3114.87018049,128.60000000,128.96000000,128.56000000,128.94000000,6653.35800000,128.78,129.01,128.71,128.97,188.19308601,128.57,128.95,128.57,128.89,2362.564,128.61,128.99,128.61,128.98,438.95070881
2025-12-07 14:37,128.91,128.93,128.58,128.68,2274.49975032,128.93000000,128.93000000,128.57000000,128.65000000,5770.46800000,128.93,128.93,128.61,128.69,268.20829628,128.89,128.89,128.57,128.66,2228.144,128.92,128.92,128.7,128.71,924.42794446
2025-12-07 14:38,128.64,128.69,128.55,128.67,829.22557216,128.65000000,128.65000000,128.53000000,128.64000000,5577.18900000,128.67,128.74,128.62,128.74,99.04234649,128.66,128.66,128.55,128.63,2017.504,128.7,128.71,128.63,128.69,22.887600850000002
2025-12-07 14:39,128.68,128.77,128.6,128.66,815.13776671,128.64000000,128.75000000,128.58000000,128.63000000,3080.75000000,128.68,128.68,128.68,128.68,6.14558338,128.63,128.75,128.58,128.63,1035.316,128.67,128.77,128.63,128.69,197.93502223
2025-12-07 14:40,128.64,128.64,128.32,128.49,1252.52374445,128.63000000,128.63000000,128.29000000,128.42000000,5774.57500000,128.6,128.6,128.44,128.47,5.4,128.63,128.63,128.29,128.43,2118.505,128.64,128.64,128.36,128.47,606.8497834000001
2025-12-07 14:41,128.45,128.67,128.41,128.54,889.91941205,128.43000000,128.63000000,128.39000000,128.55000000,4065.66100000,128.58,128.67,128.58,128.67,0.39999998999999997,128.43,128.62,128.4,128.55,1425.753,128.49,128.64,128.43,128.63,708.02402485
2025-12-07 14:42,128.51,128.53,128.3,128.39,1574.39523894,128.54000000,128.54000000,128.26000000,128.37000000,6437.32600000,128.47,128.48,128.47,128.48,1.15412435,128.55,128.55,128.26,128.35,2252.85,128.63,128.63,128.37,128.38,47.81941886
2025-12-07 14:43,128.39,128.5,128.25,128.48,989.51822584,128.38000000,128.45000000,128.20000000,128.45000000,4036.09400000,128.4,128.4,128.4,128.4,0.1,128.35,128.45,128.22,128.44,1417.557,128.38,128.41,128.31,128.4,28.126894110000002
2025-12-07 14:44,128.47,128.59,128.39,128.51,3654.57439536,128.44000000,128.54000000,128.36000000,128.47000000,7128.65500000,128.58,128.61,128.58,128.61,0.6,128.44,128.54,128.36,128.45,2460.461,128.41,128.54,128.41,128.5,59.866000820000004
2025-12-07 14:45,128.5,128.79,128.47,128.79,1996.70383941,128.48000000,128.77000000,128.41000000,128.76000000,3580.40200000,128.67,128.8,128.67,128.8,0.60000001,128.45,128.75,128.45,128.75,1285.91,128.46,128.65,128.46,128.65,162.45774538999999
2025-12-07 14:46,128.8,128.81,128.49,128.52,590.65071367,128.77000000,128.78000000,128.46000000,128.50000000,4573.06800000,128.84,128.84,128.73,128.73,0.74,128.75,128.77,128.45,128.52,1594.286,128.66,128.8,128.55,128.56,721.03893778
2025-12-07 14:47,128.52,128.55,128.26,128.42,653.01968088,128.49000000,128.49000000,128.21000000,128.38000000,4598.53100000,128.58,128.58,128.35,128.42,21.55681713,128.52,128.52,128.22,128.36,1617.088,128.53,128.53,128.35,128.41,7.73458552
2025-12-07 14:48,128.42,128.6,128.38,128.59,241.14062251,128.38000000,128.56000000,128.34000000,128.55000000,2637.58000000,128.57,128.6,128.57,128.6,3.28192365,128.36,128.56,128.36,128.56,971.419,128.49,128.6,128.46,128.55,9.76189358
2025-12-07 14:49,128.57,128.9,128.57,128.79,655.65694144,128.55000000,128.87000000,128.55000000,128.76000000,4982.95600000,128.65,128.93,128.65,128.93,1.0,128.56,128.87,128.54,128.77,1690.19,128.62,128.91,128.62,128.91,89.12820119
2025-12-07 14:50,128.78,128.83,128.66,128.83,646.81931446,128.76000000,128.76000000,128.62000000,128.75000000,3209.53800000,128.75,128.75,128.75,128.75,0.2,128.77,128.77,128.65,128.76,1165.503,128.77,128.77,128.71,128.75,14.384771910000001
2025-12-07 14:51,128.77,128.77,128.54,128.6,371.37807218,128.76000000,128.76000000,128.50000000,128.57000000,3036.34200000,128.73,128.74,128.73,128.74,18.209944919999998,128.76,128.76,128.52,128.57,1062.06,128.77,128.77,128.58,128.62,217.38036994
2025-12-07 14:52,128.6,128.61,128.44,128.53,3592.28696648,128.57000000,128.57000000,128.41000000,128.49000000,5913.67300000,128.63,128.63,128.61,128.61,0.6000000000000001,128.57,128.57,128.42,128.49,2073.753,128.59,128.59,128.47,128.54,67.56569564
2025-12-07 14:53,128.51,128.52,128.25,128.46,1025.25781095,128.48000000,128.50000000,128.22000000,128.41000000,4591.39000000,128.52,128.52,128.44,128.44,1.0,128.49,128.49,128.23,128.42,1605.107,128.52,128.52,128.36,128.4,8.95395585
2025-12-07 14:54,128.46,128.46,128.18,128.26,357.75469333,128.42000000,128.44000000,128.15000000,128.21000000,4402.64400000,128.34,128.34,128.32,128.32,0.49999998999999995,128.42,128.44,128.15,128.22,1586.008,128.47,128.47,128.3,128.3,246.22179592
2025-12-07 14:55,128.25,128.35,128.18,128.22,1213.87353187,128.21000000,128.29000000,128.15000000,128.21000000,3321.54200000,128.32,128.38,128.28,128.38,0.538937,128.22,128.3,128.15,128.22,1156.44,128.29,128.3,128.19,128.2,4.46223473
2025-12-07 14:56,128.25,128.31,128.12,128.31,432.35968634,128.21000000,128.27000000,128.09000000,128.26000000,3432.83000000,128.3,128.32,128.25,128.32,541.646,128.22,128.27,128.1,128.27,1165.193,128.2,128.23,128.2,128.2,35.029043619999996
2025-12-07 14:57,128.31,128.38,128.16,128.23,509.564949,128.26000000,128.35000000,128.12000000,128.21000000,2869.08300000,128.41,128.41,128.41,128.41,0.3426,128.27,128.35,128.12,128.22,1085.691,128.2,128.38,128.19,128.2,1009.65483864
2025-12-07 14:58,128.24,128.31,128.14,128.26,910.13708808,128.20000000,128.28000000,128.11000000,128.22000000,4577.51100000,128.26,128.28,128.26,128.28,1.498993,128.22,128.28,128.12,128.22,1577.899,128.2,128.2,128.17,128.18,1.58438589
2025-12-07 14:59,128.25,128.33,128.17,128.21,437.94077665,128.23000000,128.31000000,128.16000000,128.16000000,4263.34700000,128.25,128.25,128.25,128.25,0.5,128.22,128.31,128.16,128.18,1713.367,128.2,128.35,128.2,128.23,4112.73567199
2025-12-07 15:00,128.18,128.3,128.04,128.3,1706.09866715,128.16000000,128.27000000,128.03000000,128.26000000,5533.77000000,128.25,128.25,128.25,128.25,17.76212029,128.18,128.27,128.05,128.26,2062.443,128.21,128.24,128.11,128.2,1478.89662307
2025-12-07 15:01,128.31,128.45,128.25,128.29,1495.79169788,128.27000000,128.40000000,128.24000000,128.24000000,4578.91500000,128.41,128.47,128.41,128.47,0.5999999899999999,128.26,128.4,128.24,128.25,1680.526,128.2,128.37,128.2,128.35,1014.20689418
2025-12-07 15:02,128.28,128.44,128.28,128.4,753.68799501,128.25000000,128.41000000,128.24000000,128.33000000,3370.11200000,,,,,,128.25,128.41,128.25,128.34,1120.708,128.42,128.42,128.36,128.37,59.659627879999995
2025-12-07 15:03,128.38,128.38,128.21,128.26,330.4991536,128.34000000,128.34000000,128.18000000,128.21000000,2451.53300000,,,,,,128.34,128.34,128.19,128.22,921.517,128.35,128.36,128.25,128.25,34.648708400000004
2025-12-07 15:04,128.26,128.3,128.18,128.26,2264.4991558,128.22000000,128.27000000,128.16000000,128.21000000,2048.26300000,,,,,,128.22,128.26,128.16,128.24,683.571,128.24,128.28,128.2,128.28,6.45487876
2025-12-07 15:05,128.24,128.45,128.23,128.42,203.12857179,128.22000000,128.42000000,128.21000000,128.37000000,2031.34700000,128.47,128.49,128.47,128.49,0.20000001,128.24,128.43,128.21,128.37,793.112,128.28,128.36,128.28,128.36,13.60783239
2025-12-07 15:06,128.41,128.84,128.41,128.8,3047.23627715,128.37000000,128.83000000,128.37000000,128.76000000,5699.02500000,128.51,128.87,128.51,128.87,16.68847278,128.37,128.81,128.37,128.76,1900.894,128.36,128.75,128.36,128.75,34.5666759
2025-12-07 15:07,128.78,129.66,128.78,129.21,2404.8048183,128.76000000,129.70000000,128.74000000,129.16000000,13494.38300000,128.91,129.69,128.91,129.69,5.47403979,128.76,129.65,128.74,129.17,4921.358,128.75,129.57,128.75,129.21,1091.91498624
2025-12-07 15:08,129.18,129.41,129.12,129.12,803.9728869,129.16000000,129.40000000,129.09000000,129.09000000,3318.84700000,129.3,129.3,129.22,129.22,0.6000000000000001,129.17,129.39,129.11,129.11,1282.776,129.26,129.42,129.16,129.16,89.90329039000001
2025-12-07 15:09,129.11,129.69,129.11,129.55,1301.89150647,129.09000000,129.68000000,129.07000000,129.51000000,5464.15700000,129.59,129.69,129.59,129.69,1.21000001,129.11,129.66,129.07,129.5,1942.337,129.16,129.67,129.16,129.57,10.19826421
2025-12-07 15:10,129.55,129.7,129.32,129.42,1057.1530996,129.51000000,129.68000000,129.29000000,129.40000000,9218.70400000,129.49,129.49,129.43,129.44,1.28999999,129.5,129.61,129.3,129.4,3377.749,129.65,129.65,129.4,129.41,27.94554746
2025-12-07 15:11,129.42,129.59,129.28,129.55,1029.17503521,129.39000000,129.58000000,129.25000000,129.52000000,4114.36900000,129.43,129.61,129.43,129.61,0.2,129.4,129.57,129.26,129.52,1300.305,129.44,129.48,129.38,129.48,80.46019903999999
2025-12-07 15:12,129.54,130.0,129.54,129.88,2507.968245,129.51000000,129.97000000,129.50000000,129.85000000,6430.89200000,129.61,129.94,129.61,129.94,4.98806279,129.52,129.96,129.51,129.85,2245.398,129.67,130.0,129.67,129.9,346.24229259
2025-12-07 15:13,129.85,129.89,129.47,129.51,1956.09261986,129.85000000,129.88000000,129.44000000,129.49000000,5390.67700000,129.9,129.9,129.56,129.56,1.6,129.85,129.87,129.45,129.47,1917.889,129.81,129.82,129.47,129.52,201.23972249
2025-12-07 15:14,129.53,129.64,129.4,129.47,561.29060482,129.49000000,129.60000000,129.38000000,129.44000000,3233.12600000,,,,,,129.47,129.58,129.38,129.45,1157.107,129.62,129.62,129.47,129.49,4.46711646
2025-12-07 15:15,129.46,129.6,129.4,129.55,2036.1778967,129.44000000,129.58000000,129.37000000,129.54000000,4727.04300000,129.48,129.54,129.48,129.54,1.5,129.45,129.58,129.4,129.51,1618.516,129.48,129.58,129.47,129.52,14.277840150000001
2025-12-07 15:16,129.56,129.57,129.1,129.18,1551.98993161,129.55000000,129.55000000,129.06000000,129.16000000,5761.94300000,129.5,129.5,129.18,129.18,2.52,129.51,129.53,129.09,129.16,2121.831,129.47,129.47,129.18,129.18,2424.23063627
2025-12-07 15:17,129.19,129.24,128.98,129.1,729.3260869,129.16000000,129.20000000,128.95000000,129.08000000,3550.60000000,129.11,129.11,129.08,129.08,1.5,129.16,129.2,128.97,129.08,1205.544,129.19,129.19,129.0,129.0,578.47051764
2025-12-07 15:18,129.1,129.19,129.07,129.17,1116.07043035,129.08000000,129.17000000,129.05000000,129.11000000,3012.68000000,129.2,129.2,129.2,129.2,0.5,129.08,129.17,129.05,129.12,1085.924,129.0,129.17,129.0,129.17,235.84425967
2025-12-07 15:19,129.13,129.15,129.03,129.06,366.24534803,129.11000000,129.12000000,129.00000000,129.02000000,4565.46300000,129.16,129.18,129.16,129.18,1.548,129.12,129.12,129,129.02,1606.238,129.16,129.17,129.05,129.07,90.38771507
2025-12-07 15:20,129.05,129.18,128.83,128.98,1934.63324148,129.03000000,129.09000000,128.81000000,128.94000000,3985.22600000,129.05,129.05,128.95,128.95,75.60000000000001,129.02,129.1,128.81,128.95,1404.993,129.13,129.13,128.98,128.98,12.92834856
2025-12-07 15:21,128.99,129.09,128.94,128.99,858.0531078,128.95000000,129.07000000,128.91000000,128.96000000,2329.48800000,,,,,,128.95,129.07,128.91,128.95,805.09,129.03,129.05,128.97,128.99,31.79697745
2025-12-07 15:22,129.0,129.19,129.0,129.18,348.53540393,128.96000000,129.17000000,128.96000000,129.17000000,1551.01600000,,,,,,128.95,129.15,128.95,129.14,551.981,129.07,129.19,129.07,129.18,3.39299679
2025-12-07 15:23,129.2,129.3,129.08,129.09,1250.6020678,129.17000000,129.26000000,129.04000000,129.05000000,4316.89800000,129.2,129.28,129.2,129.28,1.4000000000000001,129.14,129.25,129.04,129.04,1521.282,129.19,129.22,129.16,129.16,3.59211813
2025-12-07 15:24,129.07,129.13,129.01,129.13,723.58355137,129.04000000,129.08000000,128.96000000,129.08000000,2020.64800000,129.09,129.09,129.09,129.09,0.6020000000000001,129.04,129.08,128.96,129.07,778.122,129.15,129.15,129.04,129.12,12.856729999999999
2025-12-07 15:25,129.13,129.24,129.09,129.15,785.48604257,129.09000000,129.22000000,129.09000000,129.13000000,1643.28500000,,,,,,129.07,129.21,129.07,129.14,586.811,129.17,129.25,129.13,129.13,134.70507565
2025-12-07 15:26,129.16,129.24,129.11,129.24,571.60495829,129.14000000,129.24000000,129.10000000,129.24000000,1004.58000000,,,,,,129.14,129.23,129.1,129.23,353.781,129.15,129.25,129.15,129.25,302.94906194
2025-12-07 15:27,129.25,129.31,129.21,129.24,75.250368,129.24000000,129.27000000,129.17000000,129.20000000,1218.39000000,129.29,129.29,129.29,129.29,0.19999999,129.23,129.27,129.17,129.2,424.954,129.29,129.31,129.22,129.22,0.46216020999999996
2025-12-07 15:28,129.22,129.22,129.03,129.05,136.33799628,129.20000000,129.20000000,129.02000000,129.02000000,870.14400000,129.15,129.15,129.15,129.15,0.19999999,129.2,129.2,129.02,129.03,356.295,129.23,129.23,129.04,129.04,397.49697413
2025-12-07 15:29,129.07,129.12,129.04,129.09,420.14144171,129.02000000,129.07000000,129.00000000,129.04000000,1887.81100000,129.16,129.16,129.15,129.15,1.4400000099999999,129.03,129.06,129,129.06,651.202,129.08,129.08,129.06,129.08,90.98785321
2025-12-07 15:30,129.1,129.28,129.07,129.23,679.43508144,129.04000000,129.23000000,129.03000000,129.18000000,1852.89700000,129.18,129.31,129.18,129.31,2.66,129.06,129.23,129.04,129.17,673.742,129.09,129.24,129.09,129.24,21.250051550000002
2025-12-07 15:31,129.21,129.31,129.18,129.28,738.432002,129.19000000,129.27000000,129.14000000,129.24000000,1691.44900000,129.32,129.33,129.32,129.33,0.5,129.17,129.27,129.16,129.22,438.075,129.22,129.25,129.19,129.25,5.60395788
2025-12-07 15:32,129.3,129.35,129.14,129.23,596.50782267,129.24000000,129.32000000,129.11000000,129.20000000,2265.36400000,129.34,129.34,129.29,129.31,2.8200000000000003,129.22,129.33,129.12,129.2,948.141,129.26,129.26,129.23,129.25,0.57504827
2025-12-07 15:33,129.23,129.38,129.11,129.38,505.8075715,129.20000000,129.33000000,129.09000000,129.32000000,1279.96200000,129.35,129.36,129.35,129.36,0.30000000000000004,129.2,129.32,129.09,129.32,441.885,129.25,129.29,129.23,129.27,408.88780428
2025-12-07 15:34,129.37,129.75,129.37,129.61,1024.98978126,129.33000000,129.66000000,129.33000000,129.59000000,1946.66900000,129.37,129.46,129.37,129.46,0.6,129.32,129.66,129.32,129.6,675.605,129.35,129.67,129.34,129.67,27.638469630000003
2025-12-07 15:35,129.63,129.95,129.57,129.78,928.72481011,129.59000000,129.93000000,129.54000000,129.75000000,4324.01800000,129.72,129.85,129.72,129.85,0.30000000000000004,129.6,129.91,129.55,129.77,1893.381,129.64,129.88,129.61,129.88,8.56375966
2025-12-07 15:36,129.8,129.95,129.7,129.94,417.52391318,129.76000000,129.91000000,129.68000000,129.91000000,3355.34300000,,,,,,129.77,129.9,129.69,129.9,1166.776,129.78,129.87,129.78,129.81,126.29812707
2025-12-07 15:37,129.93,130.01,129.82,129.96,1298.96742036,129.90000000,129.98000000,129.79000000,129.92000000,21272.09500000,129.98,129.98,129.98,129.98,1.1,129.9,129.98,129.78,129.89,7507.486,129.9,129.9,129.85,129.89,10.31647943
2025-12-07 15:38,129.91,130.0,129.89,129.98,1563.76080088,129.92000000,130.00000000,129.86000000,129.94000000,3357.31400000,130.04,130.04,130.04,130.04,0.1,129.89,130,129.86,130,951.064,129.9,129.97,129.9,129.97,25.58295592
2025-12-07 15:39,129.95,129.97,129.59,129.64,1303.75181161,129.93000000,129.94000000,129.56000000,129.59000000,2959.95600000,129.85,129.85,129.72,129.72,1.0,130,130,129.55,129.59,1481.02,129.95,129.95,129.66,129.68,235.22318079000001
2025-12-07 15:40,129.6,129.74,129.56,129.62,299.47138887,129.59000000,129.71000000,129.54000000,129.56000000,1672.20000000,129.76,129.76,129.76,129.76,1.44,129.59,129.68,129.54,129.57,598.636,129.68,129.68,129.67,129.68,14.842773189999999
2025-12-07 15:41,129.6,129.71,129.6,129.69,158.42908227,129.57000000,129.70000000,129.57000000,129.66000000,1296.53700000,129.76,129.76,129.76,129.76,0.301286,129.57,129.69,129.56,129.65,462.552,129.68,129.72,129.67,129.67,6.17513612
2025-12-07 15:42,129.69,129.81,129.68,129.69,396.88035981,129.65000000,129.76000000,129.65000000,129.67000000,2577.51500000,,,,,,129.65,129.75,129.65,129.67,906.335,129.71,129.78,129.71,129.75,21.2896625
2025-12-07 15:43,129.72,129.72,129.6,129.63,443.57070161,129.67000000,129.68000000,129.60000000,129.60000000,683.39800000,,,,,,129.67,129.68,129.6,129.62,235.372,129.76,129.76,129.75,129.75,15.51160965
2025-12-07 15:44,129.64,129.69,129.61,129.69,118.08580257,129.60000000,129.65000000,129.57000000,129.65000000,812.79500000,129.68,129.68,129.68,129.68,1.5,129.62,129.65,129.58,129.65,286.971,129.75,129.75,129.65,129.7,82.64045791
2025-12-07 15:45,129.68,129.73,129.6,129.61,318.81205009,129.65000000,129.69000000,129.57000000,129.59000000,2570.68700000,129.79,129.79,129.68,129.68,5.56451761,129.65,129.69,129.57,129.6,697.36,129.7,129.72,129.7,129.72,0.63134
2025-12-07 15:46,129.65,129.83,129.65,129.83,68.8713581,129.60000000,129.80000000,129.60000000,129.80000000,1816.22600000,129.76,129.85,129.73,129.85,4.59999999,129.6,129.79,129.6,129.79,849.615,129.69,129.8,129.68,129.8,12.91902861
2025-12-07 15:47,129.82,129.89,129.73,129.85,159.75550264,129.80000000,129.84000000,129.70000000,129.81000000,1942.30400000,129.85,129.91,129.85,129.91,1.8,129.79,129.84,129.7,129.81,625.592,129.83,129.87,129.82,129.82,0.61893
2025-12-07 15:48,129.83,129.93,129.64,129.64,270.57833354,129.82000000,129.89000000,129.61000000,129.61000000,1333.33200000,129.92,129.92,129.81,129.81,1.6,129.81,129.88,129.62,129.62,528.311,129.9,129.91,129.7,129.71,223.03225513
2025-12-07 15:49,129.65,129.83,129.65,129.83,118.66830946,129.62000000,129.81000000,129.62000000,129.80000000,1703.16000000,,,,,,129.62,129.8,129.61,129.8,714.094,129.69,129.79,129.69,129.79,1.37172
2025-12-07 15:50,129.83,129.97,129.83,129.88,812.6816157,129.79000000,129.91000000,129.79000000,129.87000000,1164.31500000,,,,,,129.8,129.91,129.8,129.86,395.281,129.87,129.91,129.87,129.91,12.02356
2025-12-07 15:51,129.89,130.0,129.89,129.98,233.20595908,129.87000000,129.97000000,129.86000000,129.95000000,1064.15700000,129.96,130.07,129.96,130.07,0.8,129.86,129.97,129.86,129.95,380.119,129.97,129.98,129.94,129.96,136.32445066
2025-12-07 15:52,129.98,130.06,129.93,130.06,102.81676927,129.95000000,130.05000000,129.90000000,130.04000000,2732.76400000,130.09,130.09,130.09,130.09,0.1,129.95,130.05,129.91,130.04,1217.045,129.97,129.97,129.94,129.97,12.70187442
2025-12-07 15:53,130.06,130.21,129.97,130.21,484.55969773,130.04000000,130.19000000,129.92000000,130.19000000,1898.01300000,130.19,130.21,130.19,130.21,4.04756199,130.04,130.19,129.94,130.19,592.619,129.98,130.08,129.97,130.08,195.90532484
2025-12-07 15:54,130.21,130.6,130.21,130.56,675.69080185,130.20000000,130.59000000,130.20000000,130.52000000,2865.89900000,130.55,130.56,130.55,130.56,4.00815582,130.19,130.59,130.19,130.51,1045.802,130.11,130.56,130.11,130.56,689.6300668
2025-12-07 15:55,130.54,131.58,130.51,131.51,3476.09115019,130.52000000,131.66000000,130.48000000,131.47000000,64554.73800000,130.7,131.59,130.7,131.59,126.093718,130.51,131.55,130.48,131.5,9722.457,130.63,131.43,130.63,131.38,873.0694572699999
2025-12-07 15:56,131.58,131.64,131.2,131.29,1686.05883151,131.48000000,131.70000000,131.18000000,131.27000000,43630.63600000,131.65,131.66,131.46,131.47,32.61655698,131.5,131.66,131.17,131.29,8746.097,131.5,131.55,131.24,131.55,137.20885729
2025-12-07 15:57,131.28,132.21,131.23,131.61,4401.62266633,131.27000000,132.22000000,131.24000000,131.62000000,97846.56700000,131.38,132.17,131.38,131.94,94.12090973,131.29,132.24,131.29,131.66,15840.976,131.38,132.17,131.38,131.62,2520.5309331999997
2025-12-07 15:58,131.63,131.85,131.6,131.71,1195.73753404,131.63000000,131.86000000,131.59000000,131.70000000,11959.15800000,131.76,131.82,131.76,131.79,84.02451353000001,131.66,131.84,131.59,131.71,4564.39,131.62,131.82,131.62,131.71,742.37352949
2025-12-07 15:59,131.69,132.13,131.67,132.03,1200.46481209,131.70000000,132.14000000,131.70000000,132.03000000,10479.40400000,131.94,132.17,131.94,132.17,0.2,131.71,132.13,131.7,132.05,3495.809,131.77,132.1,131.77,132.09,426.28889445
2025-12-07 16:00,132.01,132.03,131.49,131.51,1320.53931681,132.03000000,132.04000000,131.48000000,131.50000000,16000.75200000,132.0,132.0,131.65,131.65,21.35988984,132.05,132.05,131.49,131.49,5812.36,132.1,132.1,131.54,131.54,716.0315499799999
2025-12-07 16:01,131.52,131.66,131.29,131.41,1464.59900874,131.50000000,131.67000000,131.28000000,131.38000000,10379.04100000,131.7,131.7,131.43,131.43,31.84908081,131.49,131.67,131.28,131.36,2408.643,131.63,131.63,131.4,131.48,140.47052273
2025-12-07 16:02,131.41,131.53,131.21,131.23,661.14010473,131.38000000,131.51000000,131.19000000,131.21000000,4493.07800000,131.54,131.61,131.32,131.32,39.39118653,131.36,131.5,131.2,131.21,2929.444,131.41,131.44,131.4,131.4,95.6835549
2025-12-07 16:03,131.2,131.3,131.08,131.25,830.11951108,131.20000000,131.25000000,131.00000000,131.23000000,28225.42800000,131.29,131.29,131.18,131.18,0.79999999,131.21,131.25,131.06,131.23,4948.461,131.25,131.25,131.14,131.18,828.99489164
2025-12-07 16:04,131.22,131.32,131.07,131.1,398.30280731,131.22000000,131.31000000,131.02000000,131.04000000,3361.07600000,131.37,131.37,131.37,131.37,0.02805494,131.23,131.29,131.04,131.06,1138.322,131.22,131.3,131.1,131.1,1597.07113215
2025-12-07 16:05,131.06,131.26,130.99,131.24,1002.96085055,131.04000000,131.25000000,130.96000000,131.20000000,2267.59800000,131.18,131.18,131.14,131.14,0.40000000999999996,131.06,131.24,130.97,131.2,822.359,131.09,131.15,131.09,131.1,16.86776655
2025-12-07 16:06,131.24,131.27,131.04,131.12,915.09481727,131.21000000,131.24000000,131.01000000,131.11000000,6702.48900000,,,,,,131.2,131.23,131.02,131.12,2334.426,131.15,131.19,131.12,131.16,855.95718062
2025-12-07 16:07,131.12,131.2,130.98,130.98,247.28032267,131.11000000,131.16000000,130.96000000,130.96000000,1976.78700000,,,,,,131.12,131.16,130.97,130.98,680.633,131.13,131.16,131.04,131.06,7.15739581
2025-12-07 16:08,130.97,131.06,130.92,130.99,428.34652259,130.96000000,131.04000000,130.91000000,130.97000000,3007.37400000,131.09,131.09,131.04,131.04,0.6000000000000001,130.98,131.04,130.91,131,1040.107,131.01,131.04,130.98,131.02,19.01321711
2025-12-07 16:09,130.98,131.08,130.78,130.83,513.52833426,130.96000000,131.05000000,130.77000000,130.82000000,2492.36800000,131.01,131.01,130.9,130.9,0.9,131,131.06,130.77,130.81,1026.683,131.0,131.04,130.82,130.82,6.65523915
2025-12-07 16:10,130.84,130.95,130.8,130.87,745.78393277,130.82000000,130.95000000,130.80000000,130.85000000,5812.72300000,130.92,130.92,130.92,130.92,1.44,130.81,130.95,130.8,130.85,2531.546,130.85,130.92,130.82,130.85,128.22178974
2025-12-07 16:11,130.85,130.91,130.7,130.73,651.48999262,130.84000000,130.87000000,130.69000000,130.70000000,2636.26400000,130.88,130.88,130.82,130.82,0.59999999,130.85,130.87,130.68,130.72,895.037,130.88,130.88,130.72,130.72,70.62228384000001
2025-12-07 16:12,130.73,131.05,130.68,131.0,1900.38347256,130.71000000,131.02000000,130.66000000,130.97000000,10401.87300000,130.97,131.04,130.97,131.04,0.8,130.72,131.01,130.67,130.99,3675.924,130.7,131.03,130.7,131.03,574.78227709
2025-12-07 16:13,130.98,131.15,130.87,130.87,1274.29534383,130.97000000,131.14000000,130.83000000,130.84000000,3187.75600000,131.06,131.17,131.06,131.17,0.8,130.99,131.14,130.85,130.85,1154.084,131.04,131.04,130.92,130.94,243.89762458
2025-12-07 16:14,130.87,130.92,130.81,130.91,214.4931887,130.84000000,130.91000000,130.79000000,130.88000000,1472.26600000,130.91,130.91,130.88,130.88,0.30000000000000004,130.85,130.9,130.8,130.88,549.437,130.88,130.91,130.86,130.88,10.84752368
2025-12-07 16:15,130.89,130.92,130.59,130.8,359.40171467,130.88000000,130.90000000,130.55000000,130.76000000,3416.00200000,130.8,130.8,130.68,130.68,0.5,130.88,130.9,130.56,130.76,1594.309,130.88,130.88,130.63,130.77,51.8031981
2025-12-07 16:16,130.78,130.99,130.78,130.87,497.40612473,130.77000000,130.95000000,130.76000000,130.83000000,1958.45100000,130.94,130.94,130.94,130.94,0.19999999999999998,130.76,130.95,130.76,130.83,705.631,130.85,130.88,130.85,130.88,1.3436281300000001
2025-12-07 16:17,130.85,130.97,130.78,130.94,1114.18033921,130.84000000,130.94000000,130.81000000,130.93000000,1519.02000000,,,,,,130.83,130.95,130.8,130.92,531.088,130.88,130.88,130.85,130.88,1.12511325
2025-12-07 16:18,130.95,131.32,130.92,131.16,1748.32159625,130.92000000,131.30000000,130.90000000,131.14000000,5404.03000000,131.03,131.32,131.03,131.32,11.82994491,130.92,131.28,130.91,131.14,2723.807,130.88,131.25,130.88,131.25,36.39959926
2025-12-07 16:19,131.15,131.22,131.02,131.02,1528.92083786,131.13000000,131.20000000,130.98000000,130.98000000,6930.77500000,131.22,131.22,131.22,131.22,8.80994492,131.14,131.18,131,131,2550.128,131.17,131.18,131.17,131.17,7.231212
2025-12-07 16:20,131.01,131.16,131.0,131.07,409.73998359,130.99000000,131.13000000,130.97000000,131.06000000,1441.59700000,,,,,,131,131.13,130.98,131.05,326.277,131.13,131.13,131.07,131.1,1.6057800000000002
2025-12-07 16:21,131.07,131.11,130.92,130.93,571.30142714,131.05000000,131.09000000,130.90000000,130.90000000,1440.73100000,131.04,131.04,131.03,131.03,0.37978347,131.05,131.08,130.9,130.9,599.853,131.03,131.06,131.02,131.02,17.901429999999998
2025-12-07 16:22,130.91,131.13,130.82,131.08,759.38570358,130.90000000,131.09000000,130.82000000,131.05000000,3228.21200000,131.03,131.03,130.97,130.97,0.82021653,130.9,131.09,130.83,131.05,1456,130.94,131.1,130.9,131.07,2204.72450157
2025-12-07 16:23,131.07,131.1,130.99,131.01,529.17279871,131.06000000,131.07000000,130.96000000,130.99000000,839.49700000,131.1,131.12,131.09,131.12,30.67575626,131.05,131.06,130.96,130.99,409.08,131.1,131.1,131.02,131.03,37.348858390000004
2025-12-07 16:24,131.01,131.05,130.91,130.92,315.47179989,130.98000000,131.06000000,130.89000000,130.89000000,981.10500000,,,,,,130.99,131.06,130.89,130.9,750.474,131.04,131.05,130.93,130.93,2.5466007
2025-12-07 16:25,130.9,130.97,130.86,130.9,417.33989661,130.89000000,130.94000000,130.82000000,130.89000000,2183.40600000,,,,,,130.9,130.94,130.84,130.89,803.4,130.92,130.93,130.92,130.93,0.6550048500000001
2025-12-07 16:26,130.9,130.93,130.75,130.9,502.86063238,130.89000000,130.89000000,130.73000000,130.89000000,1608.76800000,130.95,130.95,130.87,130.87,1.2,130.89,130.89,130.73,130.88,568.523,130.76,130.81,130.76,130.8,162.56704558
2025-12-07 16:27,130.92,130.98,130.82,130.96,127.02613384,130.89000000,130.94000000,130.80000000,130.93000000,864.76200000,,,,,,130.88,130.95,130.8,130.93,302.659,130.8,130.94,130.8,130.93,45.51997095
2025-12-07 16:28,130.94,131.0,130.9,130.92,174.15618348,130.93000000,130.96000000,130.89000000,130.90000000,413.72100000,,,,,,130.93,130.95,130.89,130.9,298.687,130.97,130.98,130.89,130.89,22.18531363
2025-12-07 16:29,130.93,130.96,130.88,130.9,167.45021153,130.91000000,130.95000000,130.86000000,130.88000000,314.93300000,,,,,,130.9,130.94,130.86,130.87,127.82,130.93,130.94,130.88,130.88,3.43966672
2025-12-07 16:30,130.9,130.91,130.85,130.91,149.73114585,130.88000000,130.90000000,130.83000000,130.89000000,643.92600000,,,,,,130.87,130.9,130.84,130.89,224.396,130.92,130.93,130.92,130.93,38.0
2025-12-07 16:31,130.92,130.93,130.6,130.63,4827.05722563,130.90000000,130.91000000,130.58000000,130.59000000,2547.03800000,130.85,130.85,130.71,130.71,1.3,130.89,130.91,130.58,130.59,896.476,130.93,130.94,130.57,130.6,5249.01814256
2025-12-07 16:32,130.64,130.69,130.51,130.57,5356.47178888,130.60000000,130.64000000,130.49000000,130.52000000,2145.57300000,130.66,130.66,130.62,130.62,0.3,130.59,130.64,130.5,130.51,1042.754,130.66,130.66,130.59,130.6,82.10586196999999
2025-12-07 16:33,130.56,130.8,130.53,130.72,5618.42258248,130.52000000,130.72000000,130.52000000,130.70000000,615.11300000,,,,,,130.51,130.71,130.51,130.7,221.231,130.6,130.61,130.53,130.61,672.34011131
2025-12-07 16:34,130.75,130.84,130.71,130.73,3769.46887949,130.71000000,130.75000000,130.68000000,130.69000000,818.41600000,130.78,130.81,130.76,130.81,27.64454118,130.7,130.75,130.68,130.71,218.556,130.7,130.71,130.7,130.7,44.16101267
2025-12-07 16:35,130.74,130.74,130.66,130.69,556.22879146,130.69000000,130.70000000,130.64000000,130.70000000,745.90100000,,,,,,130.71,130.71,130.63,130.69,337.501,130.65,130.71,130.65,130.67,4.04338
2025-12-07 16:36,130.72,131.04,130.72,130.97,3206.32453356,130.69000000,131.00000000,130.69000000,130.94000000,2363.25300000,130.85,131.0,130.85,131.0,1.4,130.69,131,130.69,130.96,848.712,130.7,131.0,130.7,131.0,23.0115675
2025-12-07 16:37,130.96,131.03,130.85,130.85,601.05315419,130.94000000,130.99000000,130.81000000,130.83000000,1566.38600000,,,,,,130.96,131,130.82,130.83,550.021,130.99,130.99,130.93,130.93,1.01096345
2025-12-07 16:38,130.85,130.9,130.78,130.8,190.50239421,130.84000000,130.88000000,130.77000000,130.78000000,535.44400000,,,,,,130.83,130.88,130.77,130.79,187.4,130.93,130.93,130.81,130.81,25.515747939999997
2025-12-07 16:39,130.8,130.91,130.76,130.87,133.2305682,130.79000000,130.88000000,130.75000000,130.86000000,227.09700000,130.97,130.97,130.97,130.97,0.5,130.79,130.88,130.75,130.86,80.606,130.79,130.87,130.79,130.87,8.81460448
2025-12-07 16:40,130.87,130.88,130.69,130.71,290.94006163,130.86000000,130.86000000,130.66000000,130.67000000,922.35500000,130.86,130.86,130.86,130.86,0.1,130.86,130.87,130.66,130.68,322.938,130.87,130.87,130.83,130.84,4.80591411
2025-12-07 16:41,130.7,130.78,130.59,130.74,610.46309084,130.67000000,130.79000000,130.57000000,130.72000000,4402.58800000,130.76,130.76,130.72,130.72,0.4,130.68,130.77,130.58,130.72,1540.813,130.7,130.7,130.67,130.68,18.18536963
2025-12-07 16:42,130.72,130.77,130.64,130.69,81.09744739,130.71000000,130.74000000,130.63000000,130.64000000,591.20700000,130.84,130.84,130.84,130.84,0.5,130.72,130.74,130.63,130.65,219.793,130.76,130.76,130.67,130.68,98.39331714
2025-12-07 16:43,130.68,130.89,130.64,130.82,753.54662177,130.64000000,130.86000000,130.64000000,130.79000000,2550.26400000,130.87,130.87,130.87,130.87,0.2,130.65,130.85,130.64,130.79,866.45,130.72,130.87,130.71,130.79,2.39802
2025-12-07 16:44,130.82,130.86,130.76,130.78,315.58603168,130.80000000,130.85000000,130.77000000,130.78000000,792.04000000,,,,,,130.79,130.85,130.77,130.77,288.843,130.8,130.8,130.79,130.79,1.71529
2025-12-07 16:45,130.76,130.8,130.7,130.75,121.11037974,130.77000000,130.79000000,130.69000000,130.73000000,954.99400000,,,,,,130.77,130.78,130.69,130.74,271.796,130.72,130.73,130.72,130.73,3.7719964100000003
2025-12-07 16:46,130.76,130.82,130.74,130.8,135.08947412,130.74000000,130.79000000,130.73000000,130.78000000,861.39200000,,,,,,130.74,130.79,130.73,130.77,364.317,130.73,130.73,130.72,130.73,1.5234309000000001
2025-12-07 16:47,130.81,130.84,130.76,130.84,455.35855396,130.79000000,130.79000000,130.73000000,130.76000000,1291.96200000,130.85,130.85,130.85,130.85,0.5,130.77,130.79,130.73,130.76,462.255,130.72,130.73,130.72,130.73,36.12478762
2025-12-07 16:48,130.78,130.83,130.74,130.74,343.21392513,130.75000000,130.81000000,130.71000000,130.72000000,1354.45600000,,,,,,130.76,130.81,130.72,130.73,1102.03,130.72,130.77,130.72,130.77,9.41780083
2025-12-07 16:49,130.74,130.83,130.7,130.81,858.93330445,130.71000000,130.81000000,130.69000000,130.77000000,1652.23700000,,,,,,130.73,130.81,130.7,130.77,319.668,130.75,130.81,130.73,130.81,75.31967186
2025-12-07 16:50,130.78,130.85,130.76,130.83,129.84481022,130.77000000,130.84000000,130.74000000,130.81000000,777.59700000,,,,,,130.77,130.83,130.74,130.82,277.45,130.79,130.79,130.78,130.79,10.58278174
2025-12-07 16:51,130.83,131.02,130.82,130.97,243.56625508,130.81000000,130.99000000,130.81000000,130.94000000,722.82900000,130.95,131.01,130.95,131.01,1.2,130.82,130.99,130.81,130.95,244.422,130.78,130.9,130.78,130.9,15.250754220000001
2025-12-07 16:52,130.97,130.97,130.81,130.86,768.74258562,130.94000000,130.95000000,130.81000000,130.83000000,1043.30800000,,,,,,130.95,130.95,130.81,130.82,391.093,130.89,130.89,130.84,130.85,40.596231100000004
2025-12-07 16:53,130.85,130.86,130.76,130.8,99.31848066,130.83000000,130.83000000,130.73000000,130.77000000,576.66800000,,,,,,130.82,130.83,130.74,130.76,202.678,130.81,130.81,130.8,130.8,38.27034739
2025-12-07 16:54,130.79,130.87,130.78,130.85,45.9904789,130.77000000,130.86000000,130.77000000,130.86000000,744.20000000,,,,,,130.76,130.85,130.76,130.85,243.363,130.86,130.88,130.84,130.88,4.15611
2025-12-07 16:55,130.86,130.95,130.81,130.95,238.30634698,130.85000000,130.93000000,130.79000000,130.93000000,857.07300000,,,,,,130.85,130.92,130.8,130.92,344.215,130.83,130.88,130.83,130.88,2.31287
2025-12-07 16:56,130.93,131.15,130.93,131.15,131.73548445,130.93000000,131.15000000,130.91000000,131.15000000,757.34000000,131.02,131.15,131.02,131.15,1.9,130.92,131.15,130.92,131.15,241.623,130.87,131.0,130.87,131.0,34.96554578
2025-12-07 16:57,131.16,131.5,131.16,131.46,636.55195337,131.15000000,131.49000000,131.15000000,131.44000000,3242.29900000,131.48,131.48,131.48,131.48,0.1,131.15,131.5,131.15,131.44,1166.432,131.17,131.52,131.16,131.52,304.08086589
2025-12-07 16:58,131.48,131.7,131.36,131.65,587.42729259,131.45000000,131.70000000,131.35000000,131.61000000,7389.05500000,131.62,131.71,131.62,131.71,0.3,131.44,131.69,131.34,131.61,2548.192,131.46,131.68,131.35,131.64,136.20843288
2025-12-07 16:59,131.64,131.98,131.64,131.98,1035.32973061,131.61000000,132.00000000,131.61000000,131.97000000,4967.78600000,131.76,131.99,131.76,131.99,0.4,131.61,132,131.61,132,1755.71,131.69,131.8,131.69,131.8,230.46695827
2025-12-07 17:00,131.98,132.0,131.69,131.9,1216.63175117,131.97000000,131.97000000,131.66000000,131.89000000,8882.95100000,131.8,131.8,131.8,131.8,0.2,132,132,131.66,131.89,3257.771,131.9,131.94,131.7,131.94,646.05818664
2025-12-07 17:01,131.89,131.89,131.54,131.58,1573.98210805,131.88000000,131.88000000,131.52000000,131.55000000,10865.45500000,131.71,131.71,131.66,131.66,17.57886399,131.89,131.89,131.54,131.56,3837.567,131.9,131.9,131.56,131.59,316.09313844999997
2025-12-07 17:02,131.56,131.83,131.5,131.75,614.27938862,131.55000000,131.82000000,131.48000000,131.74000000,1338.17700000,131.66,131.82,131.66,131.82,0.20000001,131.56,131.81,131.49,131.72,491.56,131.57,131.79,131.51,131.76,46.21317048
2025-12-07 17:03,131.75,131.85,131.6,131.7,437.17712778,131.75000000,131.84000000,131.57000000,131.67000000,1649.71200000,,,,,,131.72,131.83,131.58,131.68,563.622,131.77,131.78,131.63,131.69,9.245294959999999
2025-12-07 17:04,131.7,131.84,131.69,131.75,410.25505809,131.67000000,131.82000000,131.67000000,131.73000000,1259.69500000,,,,,,131.68,131.81,131.68,131.73,448.926,131.7,131.77,131.7,131.72,42.10391745
2025-12-07 17:05,131.73,131.78,131.54,131.54,475.02194622,131.73000000,131.77000000,131.52000000,131.52000000,1942.89600000,131.66,131.66,131.62,131.62,0.5999999899999999,131.73,131.77,131.54,131.54,674.341,131.72,131.72,131.56,131.56,5.966537789999999
2025-12-07 17:06,131.55,131.71,131.51,131.69,210.49439341,131.52000000,131.69000000,131.51000000,131.67000000,1569.66600000,,,,,,131.54,131.69,131.51,131.68,556.491,131.54,131.71,131.54,131.71,3.01357835
2025-12-07 17:07,131.7,131.73,131.54,131.7,307.58214289,131.66000000,131.73000000,131.52000000,131.68000000,2247.91100000,,,,,,131.68,131.68,131.52,131.65,808.499,131.68,131.69,131.59,131.59,23.32061
2025-12-07 17:08,131.66,131.73,131.57,131.58,225.50499886,131.67000000,131.70000000,131.55000000,131.55000000,4143.73300000,131.69,131.69,131.69,131.69,1.1192796,131.65,131.69,131.55,131.57,1515.769,131.67,131.71,131.67,131.71,0.32104
2025-12-07 17:09,131.57,131.57,131.42,131.43,511.36000999,131.55000000,131.55000000,131.39000000,131.39000000,3093.08200000,131.62,131.62,131.51,131.51,1.00000001,131.57,131.57,131.39,131.39,1098.976,131.55,131.55,131.42,131.42,4.44399736
2025-12-07 17:10,131.43,131.5,131.33,131.33,567.65248141,131.39000000,131.47000000,131.30000000,131.30000000,2547.09500000,131.5,131.5,131.45,131.45,0.6,131.39,131.47,131.31,131.31,1051.286,131.41,131.42,131.34,131.34,2.82546798
2025-12-07 17:11,131.32,131.69,131.31,131.67,426.71878642,131.29000000,131.68000000,131.28000000,131.65000000,1298.73500000,131.63,131.66,131.62,131.66,40.6924,131.31,131.67,131.29,131.64,384.556,131.32,131.57,131.32,131.56,11.511973900000001
2025-12-07 17:12,131.67,131.88,131.67,131.85,496.14985414,131.66000000,131.84000000,131.65000000,131.83000000,723.09400000,131.69,131.84,131.69,131.84,0.6,131.64,131.84,131.64,131.83,284.571,131.57,131.81,131.57,131.8,289.14462412
2025-12-07 17:13,131.86,131.92,131.78,131.89,577.78800127,131.83000000,131.90000000,131.76000000,131.86000000,2175.61900000,131.89,131.89,131.89,131.89,0.09999999999999999,131.83,131.89,131.76,131.88,754.468,131.83,131.83,131.83,131.83,0.00942
2025-12-07 17:14,131.88,131.99,131.85,131.98,331.54675709,131.86000000,131.97000000,131.85000000,131.96000000,916.82100000,131.93,131.94,131.93,131.94,0.2,131.88,131.97,131.85,131.95,333.552,131.84,131.97,131.84,131.94,0.90262411
2025-12-07 17:15,131.98,132.08,131.94,132.03,667.34161874,131.96000000,132.06000000,131.92000000,132.02000000,2977.27500000,132.03,132.06,132.03,132.06,0.2,131.95,132.05,131.92,132.03,1028.53,131.97,132.09,131.97,132.09,923.75555962
2025-12-07 17:16,132.04,132.96,132.04,132.79,4180.0618773,132.02000000,133.04000000,132.02000000,132.78000000,35050.60900000,132.07,132.79,132.07,132.79,10.37737063,132.03,133.02,132.02,132.74,5867.497,132.11,132.85,132.11,132.83,103.09970733
2025-12-07 17:17,132.8,132.96,132.63,132.7,1828.78582577,132.79000000,132.93000000,132.64000000,132.70000000,4961.92300000,,,,,,132.74,132.9,132.62,132.7,1463.732,132.76,132.83,132.65,132.7,668.84872964
2025-12-07 17:18,132.7,133.25,132.63,133.12,2343.48126074,132.70000000,133.30000000,132.63000000,133.14000000,23373.58500000,132.93,133.24,132.93,133.24,11.35329404,132.7,133.22,132.64,133.14,7285.741,132.69,133.27,132.64,133.08,656.43663185
2025-12-07 17:19,133.13,133.32,132.96,133.28,4315.635585,133.14000000,133.34000000,132.99000000,133.30000000,16761.46700000,133.28,133.28,133.0,133.18,45.367388,133.14,133.31,132.99,133.29,6087.987,133.11,133.27,133.0,133.1,752.53086117
2025-12-07 17:20,133.29,133.51,133.12,133.44,1933.51248787,133.30000000,133.50000000,133.13000000,133.50000000,7047.32700000,133.32,133.54,133.32,133.54,11.79103386,133.29,133.5,133.13,133.5,3258.274,133.25,133.46,133.24,133.43,46.54994265
2025-12-07 17:21,133.49,133.63,133.25,133.62,1472.51258381,133.49000000,133.61000000,133.27000000,133.61000000,13185.88400000,133.6,133.6,133.6,133.6,0.02004,133.5,133.61,133.23,133.61,4641.239,133.45,133.54,133.29,133.54,71.57001737
2025-12-07 17:22,133.61,133.75,133.51,133.67,1533.60781165,133.61000000,133.73000000,133.47000000,133.64000000,26234.41500000,133.66,133.67,133.56,133.67,1.1,133.61,133.72,133.5,133.69,7980.207,133.53,133.75,133.53,133.68,370.08757325
2025-12-07 17:23,133.65,133.9,133.4,133.84,2517.44419707,133.65000000,133.90000000,133.40000000,133.84000000,9769.28900000,133.87,133.94,133.5,133.5,5.2366703900000005,133.69,133.9,133.41,133.81,3489.769,133.73,133.9,133.48,133.83,812.40993937
2025-12-07 17:24,133.83,134.09,133.69,133.8,4419.87387163,133.84000000,134.09000000,133.67000000,133.81000000,22100.21600000,133.88,134.2,133.88,134.03,237.33614488,133.81,134.07,133.67,133.81,7856.567,133.87,133.99,133.78,133.85,6518.11735503
2025-12-07 17:25,133.81,134.01,133.64,133.74,1814.13055712,133.82000000,134.00000000,133.65000000,133.75000000,6885.67700000,,,,,,133.81,133.99,133.65,133.75,2652.003,133.91,133.91,133.64,133.71,151.5785041
2025-12-07 17:26,133.76,133.8,133.64,133.77,875.78996117,133.76000000,133.82000000,133.64000000,133.74000000,5764.24000000,,,,,,133.75,133.78,133.65,133.71,2086.974,133.75,133.8,133.68,133.76,38.70391145
2025-12-07 17:27,133.73,133.8,133.57,133.68,786.26610572,133.74000000,133.78000000,133.55000000,133.67000000,4684.25000000,133.74,133.74,133.72,133.72,10.05070512,133.71,133.78,133.56,133.67,1685.158,133.76,133.77,133.65,133.72,67.60190276
2025-12-07 17:28,133.67,134.06,133.61,133.95,1694.92102679,133.66000000,134.10000000,133.62000000,133.97000000,18485.60200000,133.88,134.1,133.88,134.1,1.09999999,133.67,134.03,133.62,133.94,6453.264,133.67,133.98,133.65,133.89,237.36699674
2025-12-07 17:29,133.96,134.23,133.96,134.15,1022.30643555,133.97000000,134.23000000,133.95000000,134.14000000,14413.11300000,134.11,134.24,134.11,134.22,3.70862099,133.94,134.23,133.93,134.15,5055.594,133.9,134.2,133.9,134.2,284.21279880000003
2025-12-07 17:30,134.15,134.86,134.14,134.67,3096.81000824,134.14000000,134.85000000,134.13000000,134.65000000,20584.72600000,134.39,134.67,134.39,134.67,3.66921481,134.15,134.85,134.13,134.65,7149.674,134.18,134.83,134.18,134.81,1182.94801293
2025-12-07 17:31,134.65,134.84,134.49,134.51,1182.91703914,134.65000000,134.84000000,134.49000000,134.52000000,24813.83900000,134.88,134.96,134.88,134.96,53.566813669999995,134.65,134.8,134.55,134.55,8039.517,134.77,134.8,134.7,134.7,878.6998979
2025-12-07 17:32,134.52,134.68,134.49,134.66,521.006415,134.53000000,134.67000000,134.51000000,134.65000000,8631.58900000,,,,,,134.55,134.68,134.49,134.65,3202.977,134.57,134.66,134.53,134.65,523.1611277999999
2025-12-07 17:33,134.67,135.0,134.67,134.97,775.17482961,134.66000000,134.96000000,134.65000000,134.95000000,5509.70800000,134.93,134.97,134.93,134.97,3.6298086400000003,134.65,134.96,134.65,134.95,1944.785,134.69,134.91,134.69,134.91,61.27472032
2025-12-07 17:34,134.96,135.18,134.84,135.13,843.95594734,134.95000000,135.17000000,134.84000000,135.13000000,11842.91000000,135.0,135.19,135.0,135.19,12.92819783,134.95,135.16,134.84,135.13,4143.056,134.91,135.14,134.89,135.13,3438.88748924
2025-12-07 17:35,135.13,135.55,135.12,135.5,1565.15249135,135.13000000,135.54000000,135.11000000,135.52000000,15889.29100000,135.35,135.38,135.35,135.38,3.4893078500000003,135.13,135.53,135.11,135.53,5655.888,135.15,135.5,135.15,135.5,1057.75944236
2025-12-07 17:36,135.53,135.56,134.95,134.99,4223.2055321,135.52000000,135.54000000,134.93000000,135.01000000,16721.46400000,135.43,135.43,135.1,135.12,19.40895,135.53,135.53,134.94,135,6534.905,135.5,135.5,135.0,135.05,1803.66311595
2025-12-07 17:37,134.98,134.98,134.78,134.88,1179.77693924,135.00000000,135.00000000,134.74000000,134.90000000,6900.30000000,134.99,135.02,134.87,135.02,54.22490317,135,135,134.73,134.86,2053.138,134.97,134.97,134.8,134.92,1026.99705264
2025-12-07 17:38,134.92,135.03,134.73,134.81,7837.30051408,134.91000000,135.02000000,134.73000000,134.81000000,21038.74800000,134.98,135.05,134.88,134.88,1.19999999,134.86,135,134.71,134.81,7546.841,134.88,134.98,134.84,134.91,397.52216136000004
2025-12-07 17:39,134.81,134.99,134.62,134.7,994.26789031,134.81000000,134.99000000,134.62000000,134.70000000,10056.77200000,134.88,134.88,134.73,134.73,0.8,134.81,134.98,134.65,134.69,4157.901,134.84,134.92,134.68,134.68,90.99513403
2025-12-07 17:40,134.7,134.78,134.48,134.52,704.86197408,134.70000000,134.77000000,134.49000000,134.51000000,8022.69300000,134.74,134.77,134.61,134.61,27.578145,134.69,134.76,134.49,134.51,2815.084,134.75,134.75,134.54,134.54,26.93854181
2025-12-07 17:41,134.51,134.53,134.32,134.49,3086.39605978,134.52000000,134.53000000,134.30000000,134.47000000,4475.64600000,134.53,134.53,134.39,134.39,1.4,134.51,134.51,134.3,134.41,1616.407,134.54,134.54,134.31,134.37,1315.66710484
2025-12-07 17:42,134.49,134.79,134.49,134.7,1225.58894921,134.47000000,134.75000000,134.47000000,134.69000000,4303.11900000,134.51,134.66,134.51,134.66,900.4,134.41,134.73,134.41,134.68,1933.886,134.37,134.78,134.37,134.73,159.47223495
2025-12-07 17:43,134.71,134.76,134.63,134.64,554.31904833,134.70000000,134.72000000,134.61000000,134.65000000,2849.74500000,134.7,134.7,134.69,134.69,2.29,134.68,134.72,134.61,134.64,1008.715,134.68,134.69,134.63,134.63,285.69112602
2025-12-07 17:44,134.64,134.82,134.63,134.74,371.89075656,134.64000000,134.82000000,134.64000000,134.73000000,2418.13500000,134.75,134.79,134.75,134.79,0.4,134.64,134.83,134.64,134.74,1552.714,134.75,134.81,134.71,134.73,259.84060721000003
2025-12-07 17:45,134.73,134.88,134.54,134.7,781.64113626,134.73000000,134.88000000,134.51000000,134.69000000,6480.84100000,134.83,134.83,134.63,134.63,1.8507000000000002,134.74,134.9,134.55,134.69,2651.82,134.75,134.76,134.69,134.71,1678.9424252699998
2025-12-07 17:46,134.7,134.75,134.48,134.53,645.36464478,134.69000000,134.72000000,134.47000000,134.50000000,3220.85300000,134.68,134.68,134.61,134.61,1.39,134.69,134.69,134.48,134.49,1104.78,134.68,134.68,134.56,134.58,156.03618189
2025-12-07 17:47,134.5,134.96,134.35,134.92,577.56233491,134.49000000,134.94000000,134.34000000,134.91000000,5270.37500000,134.55,134.94,134.38,134.94,7.42602599,134.49,134.93,134.35,134.92,1844.923,134.47,134.96,134.37,134.96,950.48783323
2025-12-07 17:48,134.91,135.07,134.8,135.05,662.90800319,134.90000000,135.05000000,134.76000000,135.04000000,8660.23200000,134.91,135.03,134.89,135.03,34.37520001,134.92,135.06,134.81,135.04,3146.632,134.9,134.99,134.9,134.99,0.09813131
2025-12-07 17:49,135.06,135.11,134.71,134.9,2416.41931745,135.04000000,135.09000000,134.70000000,134.88000000,9147.17200000,135.08,135.12,134.88,134.88,3.41,135.04,135.09,134.7,134.89,3153.76,135.0,135.11,134.77,134.77,301.22581781
2025-12-07 17:50,134.88,135.15,134.83,135.03,662.24415139,134.87000000,135.12000000,134.79000000,135.03000000,5281.87400000,135.03,135.12,135.03,135.11,10.202,134.89,135.12,134.78,135.03,1862.265,134.9,135.12,134.9,135.09,70.71644284
2025-12-07 17:51,135.04,135.08,134.86,134.91,387.69130215,135.03000000,135.05000000,134.83000000,134.91000000,2342.79500000,134.97,134.97,134.97,134.97,0.2,135.03,135.05,134.86,134.92,902.126,135.09,135.09,134.87,134.94,548.5523685
2025-12-07 17:52,134.92,135.03,134.82,134.82,352.47783806,134.92000000,135.02000000,134.79000000,134.80000000,5927.08200000,134.92,134.92,134.92,134.92,0.2,134.92,135.01,134.79,134.8,2006.187,134.96,134.96,134.81,134.81,92.47139010000001
2025-12-07 17:53,134.83,134.9,134.72,134.72,702.0662957,134.81000000,134.87000000,134.70000000,134.71000000,2592.44800000,134.86,134.86,134.83,134.83,0.39999998999999997,134.8,134.87,134.7,134.7,866.219,134.83,134.89,134.8,134.83,10.410995060000001
2025-12-07 17:54,134.71,134.86,134.62,134.81,459.00937776,134.71000000,134.84000000,134.61000000,134.77000000,2092.27100000,134.83,134.83,134.75,134.75,0.80000001,134.7,134.84,134.6,134.77,774.764,134.8,134.86,134.61,134.8,524.06366431
2025-12-07 17:55,134.79,134.89,134.68,134.76,229.34968927,134.78000000,134.86000000,134.68000000,134.75000000,1800.99100000,134.86,134.86,134.76,134.76,15.27112702,134.77,134.86,134.68,134.74,660.797,134.85,134.85,134.7,134.7,156.12603235
2025-12-07 17:56,134.76,134.77,134.66,134.67,198.83351253,134.75000000,134.76000000,134.64000000,134.64000000,2486.53500000,,,,,,134.74,134.76,134.64,134.64,868.013,134.69,134.75,134.64,134.64,145.68026821
2025-12-07 17:57,134.67,134.97,134.67,134.97,1557.76842753,134.64000000,134.93000000,134.64000000,134.93000000,2923.63200000,134.92,134.96,134.92,134.96,0.5999999899999999,134.64,134.93,134.64,134.93,1028.986,134.64,134.9,134.64,134.9,30.09523262
2025-12-07 17:58,134.96,135.0,134.79,134.8,307.63339016,134.94000000,134.99000000,134.78000000,134.78000000,3529.14700000,134.96,134.96,134.96,134.96,1e-08,134.93,135,134.78,134.78,1246.733,134.92,134.99,134.88,134.89,654.29535458
2025-12-07 17:59,134.8,134.91,134.8,134.81,248.31208429,134.78000000,134.86000000,134.78000000,134.81000000,1192.98700000,134.89,134.91,134.89,134.91,22.24017953,134.78,134.86,134.78,134.81,414.224,134.89,134.89,134.81,134.81,115.3164979
2025-12-07 18:00,134.83,135.1,134.83,135.08,666.87496818,134.82000000,135.06000000,134.82000000,135.06000000,2702.93800000,135.0,135.08,134.99,135.08,43.67050799,134.81,135.07,134.81,135.07,1003.028,134.84,134.98,134.84,134.96,5.01268471
2025-12-07 18:01,135.07,135.17,135.03,135.1,1237.5492279,135.07000000,135.14000000,135.02000000,135.08000000,3587.66700000,135.08,135.16,135.08,135.16,0.80000001,135.07,135.13,135.02,135.08,1255.354,135.0,135.14,135.0,135.1,143.30271689
2025-12-07 18:02,135.1,135.25,135.07,135.23,884.00053177,135.08000000,135.23000000,135.05000000,135.23000000,3183.51500000,135.22,135.22,135.22,135.22,0.1,135.08,135.21,135.08,135.2,1096.173,135.11,135.23,135.11,135.23,49.95963954
2025-12-07 18:03,135.23,135.62,135.23,135.53,1732.8710156,135.22000000,135.60000000,135.22000000,135.53000000,9154.90200000,135.32,135.63,135.32,135.63,3.4,135.2,135.6,135.2,135.53,3363.152,135.21,135.5,135.21,135.5,3910.2131687
2025-12-07 18:04,135.53,135.62,135.43,135.57,1473.19449844,135.53000000,135.58000000,135.39000000,135.56000000,4205.20200000,135.6,135.6,135.48,135.48,0.30680052,135.53,135.57,135.41,135.53,1226.227,135.5,135.57,135.49,135.53,1966.40958817
2025-12-07 18:05,135.58,135.6,135.32,135.4,1767.86274863,135.55000000,135.57000000,135.29000000,135.38000000,2061.99800000,135.51,135.56,135.46,135.5,111.18964491,135.53,135.57,135.3,135.4,1266.863,135.54,135.57,135.4,135.4,1721.26197785
2025-12-07 18:06,135.39,135.6,135.36,135.53,1106.6177666,135.38000000,135.56000000,135.33000000,135.51000000,3259.66200000,135.5,135.58,135.5,135.58,209.02312683999997,135.4,135.55,135.37,135.52,1590.447,135.34,135.57,135.34,135.48,84.02360829
2025-12-07 18:07,135.53,135.59,135.48,135.54,464.61271006,135.51000000,135.58000000,135.47000000,135.52000000,1939.83500000,,,,,,135.52,135.58,135.48,135.53,669.568,135.51,135.58,135.51,135.54,0.45483196
2025-12-07 18:08,135.53,135.53,135.44,135.46,734.41465514,135.52000000,135.52000000,135.41000000,135.44000000,2594.74100000,,,,,,135.53,135.53,135.43,135.43,908.335,135.52,135.53,135.52,135.53,55.24183832
2025-12-07 18:09,135.45,135.56,135.45,135.51,1298.87839257,135.44000000,135.55000000,135.44000000,135.50000000,2682.02800000,,,,,,135.43,135.56,135.43,135.47,876.435,135.53,135.54,135.52,135.53,1.98775048
2025-12-07 18:10,135.51,135.6,135.41,135.42,851.525503,135.50000000,135.57000000,135.39000000,135.40000000,4691.54100000,135.62,135.62,135.62,135.62,85.47819191,135.47,135.57,135.42,135.42,1683.65,135.52,135.58,135.51,135.51,50.884572829999996
2025-12-07 18:11,135.42,135.46,135.29,135.43,516.30846776,135.40000000,135.43000000,135.27000000,135.40000000,2758.65600000,135.46,135.46,135.41,135.41,0.6000000000000001,135.42,135.43,135.27,135.4,1087.709,135.51,135.51,135.34,135.45,72.97689468
2025-12-07 18:12,135.43,135.48,135.27,135.3,412.15908786,135.40000000,135.44000000,135.25000000,135.29000000,1129.29300000,135.4,135.4,135.4,135.4,0.2,135.4,135.45,135.25,135.29,415.093,135.42,135.45,135.26,135.29,32.88458967
2025-12-07 18:13,135.3,135.33,135.21,135.3,492.35856434,135.28000000,135.29000000,135.20000000,135.28000000,1311.68100000,135.39,135.39,135.34,135.34,0.6,135.29,135.29,135.2,135.27,469.034,135.28,135.31,135.24,135.31,22.125572549999998
2025-12-07 18:14,135.3,135.47,135.3,135.41,795.85484573,135.28000000,135.45000000,135.28000000,135.39000000,1384.10200000,,,,,,135.27,135.44,135.27,135.43,481.99,135.28,135.41,135.28,135.41,177.50728691
2025-12-07 18:15,135.41,135.47,135.34,135.34,478.08050654,135.39000000,135.46000000,135.31000000,135.32000000,1648.44900000,135.5,135.5,135.5,135.5,0.001303,135.43,135.43,135.32,135.33,580.185,135.4,135.43,135.37,135.41,71.27719109
2025-12-07 18:16,135.35,135.37,135.13,135.28,1532.30948851,135.33000000,135.34000000,135.09000000,135.26000000,4718.75700000,135.33,135.33,135.25,135.25,1.6,135.33,135.34,135.12,135.25,1864.406,135.38,135.38,135.17,135.17,411.5755042
2025-12-07 18:17,135.29,135.6,135.29,135.54,974.63959997,135.27000000,135.55000000,135.27000000,135.54000000,3412.32200000,135.53,135.58,135.53,135.58,0.30000000000000004,135.25,135.54,135.25,135.53,1708.587,135.29,135.58,135.29,135.57,551.6845857
2025-12-07 18:18,135.54,135.96,135.5,135.69,2392.26691447,135.53000000,135.93000000,135.50000000,135.66000000,27549.01100000,135.59,135.76,135.59,135.75,4.84990167,135.53,135.95,135.53,135.66,2179.989,135.58,135.87,135.58,135.87,13.85825633
2025-12-07 18:19,135.7,135.81,135.59,135.66,1373.49577917,135.67000000,135.79000000,135.56000000,135.67000000,3161.38100000,135.76,135.76,135.76,135.76,0.72,135.66,135.79,135.56,135.69,896.174,135.78,135.78,135.59,135.74,81.28972591
2025-12-07 18:20,135.67,135.7,135.48,135.5,453.14869976,135.67000000,135.67000000,135.46000000,135.48000000,2025.20100000,135.68,135.68,135.54,135.54,6.5132,135.69,135.69,135.46,135.47,1065.081,135.69,135.69,135.53,135.53,65.41910493
2025-12-07 18:21,135.51,135.61,135.49,135.52,433.01662802,135.48000000,135.58000000,135.47000000,135.50000000,1218.37100000,,,,,,135.47,135.58,135.47,135.48,435.068,135.53,135.53,135.5,135.53,9.22396206
2025-12-07 18:22,135.52,135.57,135.5,135.53,483.88769678,135.50000000,135.54000000,135.48000000,135.50000000,704.15100000,,,,,,135.48,135.54,135.48,135.49,292.833,135.56,135.56,135.54,135.54,219.79037907999998
2025-12-07 18:23,135.53,135.73,135.53,135.68,1338.62867515,135.50000000,135.72000000,135.50000000,135.66000000,2163.70100000,135.72,135.74,135.72,135.74,0.2,135.49,135.72,135.49,135.66,758.509,135.56,135.7,135.55,135.66,48.173837320000004
2025-12-07 18:24,135.67,136.07,135.66,135.95,837.75318595,135.65000000,136.04000000,135.65000000,135.94000000,7180.40900000,135.76,136.08,135.76,136.08,1.5,135.66,136.03,135.65,135.94,2966.368,135.67,135.91,135.67,135.91,86.76804495
2025-12-07 18:25,135.95,136.18,135.82,136.12,1749.3363143,135.93000000,136.14000000,135.80000000,136.10000000,8839.31100000,136.08,136.08,136.08,136.08,2.80940088,135.94,136.12,135.8,136.09,3370.79,135.9,136.08,135.88,136.08,901.5007742199999
2025-12-07 18:26,136.11,136.22,136.05,136.08,981.02241441,136.09000000,136.20000000,136.03000000,136.06000000,2164.10700000,136.22,136.22,136.22,136.22,0.09999999999999999,136.09,136.19,136.04,136.06,720.882,136.1,136.17,136.08,136.09,23.91942425
2025-12-07 18:27,136.08,136.09,135.96,136.0,1101.2603039,136.07000000,136.07000000,135.94000000,135.97000000,2743.85600000,,,,,,136.06,136.07,135.93,135.97,1361.596,136.05,136.05,135.98,136.0,197.79637569
2025-12-07 18:28,135.98,136.17,135.94,136.03,978.70439738,135.96000000,136.15000000,135.94000000,136.00000000,3107.97400000,,,,,,135.97,136.14,135.94,136.01,1068.988,136.0,136.12,136.0,136.11,540.62931498
2025-12-07 18:29,136.02,136.07,135.92,136.01,614.94637568,135.99000000,136.03000000,135.90000000,135.98000000,752.28800000,136.03,136.05,136.02,136.03,22.64017952,136.01,136.03,135.9,135.99,462.307,136.12,136.12,136.0,136.0,101.79999664
2025-12-07 18:30,136.01,136.06,135.94,136.02,833.29089543,135.99000000,136.04000000,135.92000000,135.98000000,2817.28000000,,,,,,135.99,136.02,135.92,135.97,832.478,136.06,136.06,136.0,136.01,26.640735499999998
2025-12-07 18:31,136.01,136.15,135.9,135.92,1745.41408775,135.97000000,136.13000000,135.90000000,135.90000000,8099.98100000,136.17,136.17,136.17,136.17,0.1,135.97,136.13,135.93,135.93,2824.142,136.0,136.15,136.0,136.07,440.60528353999996
2025-12-07 18:32,135.91,136.06,135.84,136.0,1491.09386694,135.90000000,136.02000000,135.82000000,135.97000000,12222.28000000,136.02,136.02,135.94,135.94,1.28000001,135.93,136.03,135.83,135.95,2489.812,136.03,136.03,135.88,135.91,26.719576330000002
2025-12-07 18:33,135.97,136.11,135.92,136.09,369.0129935,135.97000000,136.09000000,135.92000000,136.09000000,1976.44000000,136.03,136.03,136.03,136.03,0.2,135.95,136.09,135.92,136.09,2608.326,135.95,136.04,135.95,136.04,29.89481616
2025-12-07 18:34,136.1,136.15,135.9,135.9,401.94027799,136.09000000,136.11000000,135.88000000,135.89000000,1809.23400000,136.11,136.12,136.11,136.12,0.8200000000000001,136.09,136.1,135.89,135.9,659.891,136.05,136.09,136.0,136.0,861.72166819
2025-12-07 18:35,135.91,136.13,135.91,136.07,1000.33557637,135.90000000,136.11000000,135.90000000,136.07000000,2021.31700000,,,,,,135.9,136.1,135.89,136.08,706.797,136.0,136.07,136.0,136.07,0.19817169
2025-12-07 18:36,136.07,136.14,136.01,136.13,674.36428593,136.07000000,136.12000000,136.01000000,136.10000000,1491.22200000,,,,,,136.08,136.12,136.01,136.11,522.862,136.02,136.07,136.02,136.07,0.5757724399999999
2025-12-07 18:37,136.12,136.17,135.93,135.99,1192.12995266,136.11000000,136.15000000,135.90000000,135.95000000,3074.23700000,136.16,136.18,136.05,136.05,0.91999999,136.11,136.14,135.91,135.95,1157.897,136.08,136.15,136.01,136.01,347.69439358999995
2025-12-07 18:38,135.98,136.0,135.81,135.86,4346.08400694,135.95000000,135.97000000,135.79000000,135.85000000,3416.91200000,135.98,135.98,135.91,135.91,52.281944,135.95,135.97,135.81,135.85,1193.432,136.01,136.01,135.83,135.83,62.31955486
2025-12-07 18:39,135.88,135.88,135.67,135.74,346.48528146,135.85000000,135.86000000,135.67000000,135.72000000,1886.90000000,135.89,135.89,135.8,135.8,1.39999999,135.85,135.86,135.68,135.71,733.263,135.85,135.89,135.83,135.83,112.84971734000001
2025-12-07 18:40,135.74,135.84,135.63,135.79,942.61296736,135.72000000,135.82000000,135.61000000,135.76000000,2260.81800000,135.8,135.8,135.75,135.75,1.2,135.71,135.82,135.62,135.76,785.755,135.78,135.78,135.67,135.76,90.07786661
2025-12-07 18:41,135.77,135.88,135.72,135.87,419.49149076,135.75000000,135.87000000,135.70000000,135.85000000,1128.10700000,,,,,,135.76,135.86,135.7,135.86,357.08,135.73,135.86,135.7,135.86,8.67951099
2025-12-07 18:42,135.87,135.98,135.87,135.94,192.71521717,135.86000000,135.94000000,135.86000000,135.91000000,2362.36700000,135.94,135.94,135.94,135.94,0.2,135.86,135.94,135.86,135.91,859.784,135.86,135.97,135.86,135.94,7.45072139
2025-12-07 18:43,135.94,136.0,135.89,135.94,290.0205767,135.91000000,135.97000000,135.87000000,135.93000000,1037.32100000,,,,,,135.91,135.97,135.89,135.94,402.128,135.96,136.0,135.91,135.93,51.61644526
2025-12-07 18:44,135.93,135.98,135.88,135.93,338.11672614,135.93000000,135.95000000,135.86000000,135.92000000,1678.68900000,,,,,,135.94,135.95,135.87,135.91,584.068,135.92,135.96,135.91,135.94,5.4669675699999996
2025-12-07 18:45,135.94,136.14,135.92,136.1,966.34681631,135.92000000,136.10000000,135.91000000,136.05000000,974.73000000,135.99,136.09,135.99,136.06,101.2,135.91,136.12,135.91,136.05,457.844,135.94,136.09,135.91,136.09,170.06853892
2025-12-07 18:46,136.07,136.29,136.04,136.12,1007.94874607,136.04000000,136.29000000,136.02000000,136.12000000,2622.50200000,136.11,136.26,136.11,136.17,2.0419379600000003,136.05,136.28,136.03,136.12,880.112,136.06,136.21,136.06,136.16,28.80856804
2025-12-07 18:47,136.13,136.29,136.13,136.19,553.24908228,136.12000000,136.25000000,136.12000000,136.19000000,778.42300000,,,,,,136.12,136.25,136.12,136.19,751.897,136.15,136.21,136.15,136.2,33.23156647
2025-12-07 18:48,136.19,136.19,136.07,136.09,427.33864732,136.18000000,136.19000000,136.05000000,136.08000000,677.27500000,,,,,,136.19,136.19,136.06,136.07,237.041,136.13,136.17,136.06,136.08,355.03157722000003
2025-12-07 18:49,136.09,136.21,136.08,136.19,242.03755453,136.07000000,136.19000000,136.07000000,136.17000000,345.38200000,,,,,,136.07,136.19,136.07,136.18,155.143,136.07,136.11,136.06,136.11,2.06647925
2025-12-07 18:50,136.2,136.27,136.01,136.02,622.28227864,136.18000000,136.29000000,136.00000000,136.02000000,1583.10600000,,,,,,136.18,136.29,136.01,136.01,649.087,136.11,136.2,136.1,136.11,77.51584867
2025-12-07 18:51,136.03,136.06,135.93,136.04,317.54888886,136.02000000,136.03000000,135.91000000,136.02000000,928.48900000,136.03,136.03,136.0,136.0,0.4,136.01,136.03,135.94,136.03,925.744,136.1,136.1,135.95,135.99,779.44899753
2025-12-07 18:52,136.04,136.12,136.03,136.08,289.39065772,136.03000000,136.11000000,136.03000000,136.07000000,736.20300000,,,,,,136.03,136.1,136.03,136.06,367.091,135.98,136.1,135.98,136.09,233.48382393
2025-12-07 18:53,136.08,136.1,135.94,135.96,592.07912074,136.07000000,136.07000000,135.92000000,135.96000000,4203.03000000,136.11,136.12,136.11,136.12,13.201611,136.06,136.08,135.94,135.96,1471.687,136.08,136.08,135.95,135.95,5.05224911
2025-12-07 18:54,135.96,136.0,135.9,135.91,752.28918962,135.95000000,135.99000000,135.88000000,135.88000000,839.84000000,135.98,135.98,135.98,135.98,0.2,135.96,135.98,135.89,135.89,293.204,135.9,135.9,135.9,135.9,0.21197202999999998
2025-12-07 18:55,135.9,135.9,135.79,135.79,396.22442633,135.89000000,135.89000000,135.78000000,135.79000000,1073.59000000,135.96,135.96,135.9,135.9,0.99999999,135.89,135.89,135.79,135.8,414.84,135.9,135.9,135.81,135.82,90.07967101
2025-12-07 18:56,135.81,135.91,135.78,135.91,322.81936592,135.79000000,135.89000000,135.76000000,135.88000000,849.00500000,135.9,135.9,135.86,135.86,0.09999999999999999,135.8,135.88,135.77,135.87,700.771,135.82,135.9,135.82,135.9,11.832573909999999
2025-12-07 18:57,135.91,136.23,135.87,136.07,13779.93891683,135.88000000,136.06000000,135.85000000,136.06000000,1850.32800000,136.05,136.05,136.05,136.05,0.2,135.87,136.06,135.85,136.05,834.411,135.86,135.95,135.86,135.95,13.67736652
2025-12-07 18:58,136.09,136.1,135.97,136.05,1190.34667636,136.06000000,136.07000000,135.93000000,136.02000000,850.63000000,136.01,136.01,136.01,136.01,3.153,136.05,136.07,135.94,136.02,338.684,135.96,135.99,135.95,135.99,106.43740921
2025-12-07 18:59,136.03,136.11,136.02,136.06,302.08812239,136.01000000,136.06000000,136.01000000,136.04000000,1554.94800000,,,,,,136.02,136.06,136.01,136.04,543.693,136.03,136.07,136.03,136.07,4.49194391
2025-12-07 19:00,136.06,136.2,136.06,136.13,567.21064454,136.05000000,136.16000000,136.05000000,136.12000000,822.07400000,136.09,136.17,136.09,136.17,0.6,136.04,136.16,136.04,136.12,334.968,136.05,136.2,136.05,136.11,12.33616387
2025-12-07 19:01,136.12,136.15,136.0,136.0,473.87387675,136.11000000,136.12000000,135.98000000,135.99000000,971.61000000,136.06,136.06,136.06,136.06,1.323237,136.12,136.12,135.98,135.99,358.089,136.1,136.1,136.09,136.09,22.67349102
2025-12-07 19:02,136.0,136.02,135.79,135.79,470.07864296,135.98000000,135.99000000,135.75000000,135.78000000,1524.16400000,136.02,136.02,135.87,135.87,1.08471378,135.99,135.99,135.76,135.77,1163.346,135.91,135.91,135.78,135.8,52.76801719
2025-12-07 19:03,135.8,135.85,135.66,135.73,917.4249816,135.78000000,135.80000000,135.63000000,135.68000000,2603.34800000,135.86,135.86,135.72,135.72,0.70000001,135.77,135.79,135.61,135.68,911.348,135.81,135.84,135.63,135.7,89.35657796
2025-12-07 19:04,135.72,135.72,135.6,135.62,404.78983648,135.68000000,135.69000000,135.57000000,135.59000000,969.49200000,135.67,135.67,135.65,135.65,1.0,135.68,135.69,135.57,135.6,608.446,135.72,135.72,135.64,135.64,1.3370090000000001
2025-12-07 19:05,135.61,135.61,135.21,135.4,2432.12463477,135.59000000,135.59000000,135.21000000,135.36000000,6523.82600000,135.6,135.6,135.39,135.39,59.02386087,135.6,135.6,135.26,135.37,2319.229,135.63,135.63,135.31,135.37,688.20937679
2025-12-07 19:06,135.39,135.42,135.21,135.38,1494.97453108,135.37000000,135.41000000,135.21000000,135.38000000,3992.19300000,,,,,,135.37,135.41,135.23,135.38,1427.38,135.38,135.38,135.27,135.32,155.72397668
2025-12-07 19:07,135.38,135.44,135.33,135.4,335.21935475,135.38000000,135.41000000,135.32000000,135.38000000,1317.85400000,,,,,,135.38,135.4,135.32,135.38,481.477,135.34,135.35,135.33,135.34,2194.18042516
2025-12-07 19:08,135.41,135.47,135.38,135.44,596.67096732,135.37000000,135.43000000,135.37000000,135.40000000,1645.79800000,135.43,135.44,135.41,135.44,1.5,135.38,135.43,135.37,135.41,567.405,135.34,135.35,135.34,135.34,3.58527787
2025-12-07 19:09,135.43,135.52,135.43,135.46,303.09425142,135.41000000,135.49000000,135.40000000,135.45000000,665.61600000,,,,,,135.41,135.49,135.4,135.44,242.621,135.34,135.45,135.34,135.45,14.48542896
2025-12-07 19:10,135.47,135.58,135.45,135.5,473.95989161,135.45000000,135.55000000,135.42000000,135.48000000,987.65600000,135.52,135.54,135.52,135.54,1.4793999899999999,135.44,135.54,135.42,135.48,413.929,135.44,135.45,135.44,135.45,1974.23496338
2025-12-07 19:11,135.5,135.51,135.29,135.29,612.64525222,135.48000000,135.48000000,135.24000000,135.27000000,1679.29200000,,,,,,135.48,135.48,135.25,135.26,583.228,135.45,135.45,135.44,135.44,18.95273584
2025-12-07 19:12,135.3,135.37,135.25,135.31,247.49292392,135.27000000,135.33000000,135.23000000,135.29000000,1339.76500000,135.36,135.36,135.36,135.36,0.1,135.26,135.32,135.23,135.28,499.634,135.34,135.34,135.23,135.26,437.3159523
2025-12-07 19:13,135.31,135.43,135.31,135.41,506.68212493,135.29000000,135.40000000,135.28000000,135.38000000,715.76400000,,,,,,135.28,135.4,135.28,135.37,403.41,135.36,135.41,135.36,135.39,100.70378784
2025-12-07 19:14,135.41,135.52,135.41,135.47,532.24903961,135.38000000,135.51000000,135.38000000,135.45000000,1669.98200000,135.5,135.5,135.5,135.5,0.19999999,135.37,135.49,135.37,135.45,713.818,135.41,135.45,135.41,135.45,6.90094948
2025-12-07 19:15,135.47,135.57,135.45,135.48,532.94307449,135.45000000,135.53000000,135.45000000,135.45000000,503.79600000,135.5,135.52,135.5,135.52,0.20000001,135.45,135.53,135.45,135.45,135.686,135.45,135.45,135.44,135.44,381.29679262
2025-12-07 19:16,135.47,135.49,135.4,135.43,352.75079781,135.46000000,135.47000000,135.39000000,135.42000000,578.55500000,,,,,,135.45,135.47,135.35,135.43,203.429,135.44,135.45,135.44,135.44,2.22742734
2025-12-07 19:17,135.44,135.48,135.44,135.48,126.30461918,135.43000000,135.47000000,135.42000000,135.44000000,1135.01800000,,,,,,135.43,135.47,135.42,135.44,399.056,135.44,135.45,135.44,135.45,26.42406375
2025-12-07 19:18,135.47,135.65,135.43,135.65,672.44428036,135.45000000,135.64000000,135.39000000,135.63000000,1186.69900000,135.54,135.64,135.54,135.64,1.4,135.44,135.64,135.4,135.63,415.322,135.45,135.59,135.44,135.58,256.53141121
2025-12-07 19:19,135.65,135.69,135.49,135.51,773.84385323,135.63000000,135.64000000,135.48000000,135.51000000,812.28700000,,,,,,135.63,135.64,135.49,135.5,296.933,135.59,135.64,135.48,135.48,11.848042280000001
2025-12-07 19:20,135.51,135.6,135.51,135.59,363.54573266,135.51000000,135.59000000,135.50000000,135.57000000,852.82300000,,,,,,135.5,135.58,135.5,135.58,282.919,135.55,135.58,135.55,135.58,1.222
2025-12-07 19:21,135.58,135.6,135.31,135.31,578.27179592,135.58000000,135.58000000,135.31000000,135.31000000,1940.54100000,135.46,135.46,135.42,135.42,0.39999998999999997,135.58,135.58,135.34,135.34,679.497,135.56,135.56,135.36,135.36,25.36433896
2025-12-07 19:22,135.32,135.47,135.31,135.44,389.33062858,135.31000000,135.44000000,135.29000000,135.44000000,549.35000000,135.42,135.42,135.4,135.4,0.09999999999999999,135.34,135.43,135.3,135.43,193.378,135.37,135.43,135.37,135.39,85.45675776
2025-12-07 19:23,135.45,135.48,135.31,135.33,1458.67452609,135.44000000,135.47000000,135.27000000,135.30000000,1609.48700000,,,,,,135.43,135.47,135.28,135.28,715.548,135.39,135.4,135.31,135.35,25.14159062
2025-12-07 19:24,135.32,135.32,135.24,135.3,347.14307545,135.29000000,135.30000000,135.24000000,135.27000000,6239.38800000,135.4,135.4,135.35,135.35,0.3,135.28,135.28,135.23,135.28,2144.711,135.28,135.29,135.24,135.26,29.312776799999998
2025-12-07 19:25,135.29,135.3,135.25,135.28,302.19871589,135.27000000,135.28000000,135.23000000,135.27000000,5588.87600000,135.35,135.35,135.33,135.33,0.10000001,135.28,135.29,135.18,135.28,1956.282,135.26,135.27,135.25,135.27,1166.93909827
2025-12-07 19:26,135.27,135.28,135.22,135.26,1112.57899822,135.28000000,135.28000000,135.20000000,135.27000000,7794.01700000,135.32,135.32,135.31,135.31,0.19999999,135.28,135.28,135.21,135.27,3030.207,135.23,135.25,135.21,135.22,64.10191563
2025-12-07 19:27,135.28,135.35,135.28,135.31,546.45724727,135.27000000,135.32000000,135.27000000,135.30000000,340.93200000,135.33,135.33,135.33,135.33,0.08,135.27,135.32,135.27,135.3,150.42,135.27,135.27,135.26,135.26,6.87653462
2025-12-07 19:28,135.31,135.39,135.3,135.32,342.50682691,135.30000000,135.38000000,135.30000000,135.31000000,608.85700000,,,,,,135.3,135.39,135.3,135.32,209.662,135.27,135.38,135.27,135.35,2.8953913399999998
2025-12-07 19:29,135.32,135.43,135.31,135.43,262.88705154,135.32000000,135.42000000,135.31000000,135.42000000,1375.78500000,,,,,,135.32,135.41,135.3,135.41,503.105,135.33,135.38,135.29,135.38,12.67213251
2025-12-07 19:30,135.42,135.58,135.37,135.49,573.70654799,135.42000000,135.57000000,135.36000000,135.50000000,1400.77000000,135.46,135.55,135.46,135.55,1.2,135.41,135.56,135.36,135.51,628.991,135.4,135.46,135.39,135.45,16.56444501
2025-12-07 19:31,135.5,135.81,135.5,135.79,629.4095056,135.50000000,135.82000000,135.50000000,135.80000000,1561.80200000,135.56,135.78,135.56,135.78,2.40000001,135.51,135.82,135.51,135.79,916.955,135.46,135.75,135.46,135.75,36.15628394
2025-12-07 19:32,135.8,135.9,135.8,135.87,441.05397533,135.80000000,135.88000000,135.80000000,135.86000000,2576.92000000,135.82,135.89,135.82,135.87,20.4,135.79,135.88,135.79,135.86,909.616,135.75,135.87,135.75,135.87,8.20135218
2025-12-07 19:33,135.88,135.94,135.82,135.84,856.09634535,135.87000000,135.90000000,135.81000000,135.83000000,574.30100000,,,,,,135.86,135.9,135.81,135.83,197.391,135.85,135.91,135.84,135.91,13.34412371
2025-12-07 19:34,135.83,135.83,135.66,135.69,399.8035905,135.82000000,135.82000000,135.66000000,135.67000000,571.48700000,,,,,,135.83,135.83,135.66,135.67,200.011,135.85,135.85,135.65,135.7,10.64737776
2025-12-07 19:35,135.7,135.7,135.64,135.66,139.25798747,135.67000000,135.68000000,135.62000000,135.64000000,469.40000000,135.74,135.74,135.74,135.74,0.19999999999999998,135.67,135.68,135.62,135.63,163.963,135.67,135.69,135.62,135.62,42.37921619
2025-12-07 19:36,135.66,135.71,135.55,135.61,683.12204002,135.64000000,135.71000000,135.54000000,135.61000000,1035.32900000,135.72,135.72,135.64,135.64,0.6,135.63,135.71,135.49,135.58,740.756,135.7,135.7,135.57,135.57,18.88732693
2025-12-07 19:37,135.62,135.62,135.55,135.6,366.42139658,135.60000000,135.61000000,135.52000000,135.57000000,858.21800000,135.66,135.66,135.66,135.66,52.07776737,135.58,135.6,135.53,135.58,356.642,135.55,135.6,135.53,135.55,1.7738500000000001
2025-12-07 19:38,135.58,135.64,135.56,135.56,455.73317883,135.57000000,135.62000000,135.55000000,135.55000000,1496.98300000,,,,,,135.58,135.62,135.55,135.59,512.278,135.56,135.6,135.55,135.59,2.42969487
2025-12-07 19:39,135.57,135.66,135.57,135.63,94.9823968,135.56000000,135.63000000,135.56000000,135.62000000,466.03900000,,,,,,135.59,135.63,135.56,135.61,178.703,135.57,135.6,135.57,135.6,1.34574044
2025-12-07 19:40,135.62,135.72,135.59,135.64,348.21899434,135.62000000,135.71000000,135.57000000,135.62000000,607.70900000,,,,,,135.61,135.68,135.58,135.61,208.461,135.59,135.67,135.59,135.67,21.040464919999998
2025-12-07 19:41,135.63,135.66,135.62,135.66,111.68214328,135.62000000,135.66000000,135.62000000,135.66000000,349.28200000,,,,,,135.61,135.64,135.61,135.64,138.546,135.61,135.64,135.61,135.63,0.48856869
2025-12-07 19:42,135.67,135.71,135.62,135.71,362.86683506,135.66000000,135.68000000,135.62000000,135.68000000,296.60600000,,,,,,135.64,135.67,135.62,135.67,212.039,135.64,135.67,135.64,135.66,51.89392
2025-12-07 19:43,135.71,135.92,135.69,135.82,287.3955124,135.68000000,135.92000000,135.68000000,135.81000000,744.22300000,135.8,135.9,135.8,135.9,0.9,135.67,135.91,135.67,135.81,529.636,135.67,135.84,135.66,135.84,37.108315499999996
2025-12-07 19:44,135.83,135.97,135.83,135.86,363.22317109,135.81000000,135.97000000,135.81000000,135.83000000,803.93700000,135.94,135.96,135.94,135.96,0.2,135.81,135.96,135.81,135.84,281.526,135.82,135.91,135.82,135.9,22.15907
2025-12-07 19:45,135.86,135.95,135.79,135.8,363.82352855,135.84000000,135.92000000,135.78000000,135.79000000,2399.06500000,135.93,135.93,135.93,135.93,2.5865,135.84,135.93,135.79,135.79,889.705,135.9,135.91,135.9,135.91,7.8301064799999995
2025-12-07 19:46,135.81,135.93,135.81,135.85,290.49108055,135.78000000,135.88000000,135.78000000,135.84000000,370.87800000,,,,,,135.79,135.88,135.79,135.84,126.067,135.91,135.91,135.9,135.91,24.44884878
2025-12-07 19:47,135.85,135.85,135.74,135.8,442.18706159,135.83000000,135.83000000,135.73000000,135.79000000,209.38900000,,,,,,135.84,135.84,135.74,135.78,73.484,135.91,135.91,135.76,135.76,20.18949709
2025-12-07 19:48,135.8,135.9,135.8,135.9,206.34884552,135.79000000,135.89000000,135.79000000,135.88000000,344.54600000,,,,,,135.78,135.89,135.78,135.88,210.868,135.84,135.86,135.82,135.85,17.48651869
2025-12-07 19:49,135.9,135.93,135.82,135.87,282.35381346,135.89000000,135.93000000,135.81000000,135.86000000,405.14100000,,,,,,135.88,135.93,135.81,135.88,192.21,135.85,135.85,135.85,135.85,0.02981
2025-12-07 19:50,135.87,135.98,135.86,135.97,244.47414331,135.85000000,135.98000000,135.85000000,135.95000000,1181.77300000,,,,,,135.88,135.96,135.85,135.95,366.574,135.9,135.94,135.88,135.94,8.95442533
2025-12-07 19:51,135.97,135.97,135.78,135.85,457.66590862,135.94000000,135.95000000,135.77000000,135.84000000,716.49500000,,,,,,135.95,135.95,135.77,135.81,282.85,135.93,135.93,135.78,135.78,27.37191402
2025-12-07 19:52,135.85,135.96,135.83,135.93,698.54919938,135.84000000,135.94000000,135.83000000,135.92000000,312.36500000,,,,,,135.81,135.92,135.81,135.91,112.036,135.83,135.9,135.83,135.89,20.79295335
2025-12-07 19:53,135.93,135.93,135.81,135.83,188.16325343,135.91000000,135.91000000,135.79000000,135.81000000,477.34700000,,,,,,135.91,135.92,135.79,135.81,167.228,135.86,135.87,135.8,135.8,2.7915900000000002
2025-12-07 19:54,135.83,135.84,135.79,135.81,121.23305886,135.81000000,135.83000000,135.79000000,135.80000000,298.02100000,,,,,,135.81,135.83,135.79,135.8,104.312,135.8,135.8,135.78,135.8,1.86719002
2025-12-07 19:55,135.8,135.86,135.8,135.84,67.51070756,135.80000000,135.84000000,135.80000000,135.84000000,311.89000000,,,,,,135.8,135.84,135.8,135.84,98.32,135.8,135.8,135.79,135.8,81.62118616
2025-12-07 19:56,135.86,135.86,135.62,135.65,479.89514219,135.83000000,135.84000000,135.60000000,135.64000000,749.95300000,135.8,135.8,135.73,135.73,1.06481841,135.84,135.84,135.61,135.65,251.119,135.8,135.8,135.78,135.78,31.7590902
2025-12-07 19:57,135.65,135.77,135.65,135.72,182.95390636,135.65000000,135.75000000,135.65000000,135.70000000,144.43000000,,,,,,135.65,135.75,135.65,135.7,60.435,135.7,135.72,135.7,135.72,0.17937746000000002
2025-12-07 19:58,135.73,135.73,135.65,135.71,211.70719395,135.70000000,135.71000000,135.63000000,135.69000000,290.46000000,,,,,,135.7,135.71,135.63,135.69,101.797,135.7,135.7,135.65,135.65,75.04179
2025-12-07 19:59,135.71,135.74,135.67,135.74,492.86007193,135.69000000,135.72000000,135.65000000,135.72000000,417.88200000,,,,,,135.69,135.72,135.65,135.72,136.109,135.72,135.72,135.65,135.71,6.5975785899999995
2025-12-07 20:00,135.75,136.09,135.75,135.91,1195.83173513,135.73000000,136.10000000,135.73000000,135.90000000,7041.49800000,135.87,136.08,135.87,136.0,3.21,135.72,136.08,135.72,135.91,2119.83,135.75,136.0,135.75,135.93,1747.49929598
2025-12-07 20:01,135.91,135.99,135.88,135.98,243.79089153,135.90000000,135.97000000,135.87000000,135.96000000,244.51500000,,,,,,135.91,135.97,135.86,135.96,443.827,135.9,135.92,135.9,135.92,76.515
2025-12-07 20:02,135.98,136.01,135.86,135.87,248.23401664,135.96000000,135.98000000,135.85000000,135.86000000,404.82100000,,,,,,135.96,135.98,135.86,135.87,139.484,135.93,135.93,135.92,135.92,1.00884
2025-12-07 20:03,135.88,135.9,135.8,135.85,296.95743809,135.86000000,135.88000000,135.78000000,135.84000000,694.09800000,135.89,135.89,135.88,135.88,0.7371,135.87,135.87,135.78,135.83,219.45,135.78,135.86,135.78,135.86,3.22174088
2025-12-07 20:04,135.86,135.86,135.73,135.73,164.01122054,135.83000000,135.83000000,135.70000000,135.70000000,253.66500000,135.85,135.85,135.76,135.76,1.7999999899999999,135.83,135.83,135.7,135.7,167.263,135.82,135.82,135.71,135.73,11.01910022
2025-12-07 20:05,135.72,135.9,135.7,135.81,704.72493494,135.70000000,135.83000000,135.68000000,135.79000000,517.83600000,135.79,135.79,135.79,135.79,0.50000283,135.7,135.83,135.68,135.78,180.952,135.72,135.83,135.72,135.83,4.82164
2025-12-07 20:06,135.8,135.9,135.8,135.89,228.55159138,135.78000000,135.88000000,135.78000000,135.87000000,663.37900000,,,,,,135.78,135.88,135.78,135.87,232.591,135.82,135.9,135.82,135.88,70.17499
2025-12-07 20:07,135.88,135.92,135.86,135.9,158.9288433,135.87000000,135.90000000,135.85000000,135.89000000,318.37900000,,,,,,135.87,135.9,135.85,135.88,155.627,135.89,135.89,135.87,135.89,13.61797134
2025-12-07 20:08,135.89,135.89,135.75,135.77,1246.44119858,135.88000000,135.88000000,135.73000000,135.77000000,622.86700000,,,,,,135.88,135.88,135.73,135.78,217.596,135.87,135.87,135.81,135.81,0.8112516099999999
2025-12-07 20:09,135.77,135.85,135.77,135.82,304.53871642,135.77000000,135.84000000,135.75000000,135.80000000,1279.02000000,,,,,,135.78,135.84,135.77,135.79,448.72,135.82,135.82,135.81,135.82,2.77539348
2025-12-07 20:10,135.81,135.87,135.8,135.84,229.02108631,135.80000000,135.85000000,135.79000000,135.82000000,1138.21900000,,,,,,135.79,135.85,135.79,135.83,446.594,135.82,135.82,135.81,135.81,0.18306
2025-12-07 20:11,135.85,135.9,135.83,135.84,57.9685891,135.83000000,135.88000000,135.82000000,135.83000000,1413.08300000,,,,,,135.83,135.88,135.82,135.83,488.247,135.81,135.82,135.81,135.82,0.14998999999999998
2025-12-07 20:12,135.84,135.89,135.81,135.87,200.952625,135.83000000,135.86000000,135.80000000,135.86000000,321.86000000,,,,,,135.83,135.86,135.79,135.86,112.948,135.81,135.88,135.81,135.88,18.82970083
2025-12-07 20:13,135.87,135.92,135.8,135.81,125.47872091,135.85000000,135.90000000,135.77000000,135.80000000,780.52700000,,,,,,135.86,135.89,135.78,135.8,271.734,135.82,135.82,135.82,135.82,0.56105843
2025-12-07 20:14,135.81,135.88,135.79,135.88,72.09818424,135.81000000,135.87000000,135.80000000,135.87000000,896.72100000,,,,,,135.8,135.86,135.78,135.86,309.944,135.82,135.82,135.81,135.82,6.852663
2025-12-07 20:15,135.89,135.98,135.86,135.87,378.7498229,135.88000000,135.95000000,135.85000000,135.86000000,318.05100000,135.94,135.94,135.94,135.94,0.1,135.86,135.95,135.85,135.86,118.553,135.87,135.94,135.84,135.85,24.218226819999998
2025-12-07 20:16,135.86,135.95,135.83,135.93,1164.60037563,135.85000000,135.93000000,135.81000000,135.91000000,623.48900000,,,,,,135.86,135.94,135.81,135.92,229.783,135.87,135.92,135.83,135.92,3.70274163
2025-12-07 20:17,135.93,135.98,135.86,135.86,373.53287433,135.92000000,135.96000000,135.85000000,135.85000000,209.00600000,,,,,,135.92,135.97,135.86,135.86,376.63,135.92,135.97,135.91,135.96,21.47298506
2025-12-07 20:18,135.86,135.87,135.78,135.8,267.6740187,135.85000000,135.85000000,135.77000000,135.78000000,310.77000000,,,,,,135.86,135.86,135.78,135.8,126.686,135.96,135.96,135.78,135.79,2.11942069
2025-12-07 20:19,135.8,135.92,135.8,135.88,322.37820769,135.79000000,135.90000000,135.79000000,135.86000000,254.33000000,,,,,,135.8,135.9,135.79,135.86,213.657,135.79,135.87,135.79,135.87,4.71152038
2025-12-07 20:20,135.87,135.92,135.82,135.86,368.07658644,135.85000000,135.89000000,135.82000000,135.83000000,301.64700000,,,,,,135.86,135.89,135.82,135.84,106.914,135.85,135.87,135.84,135.87,2.2634198
2025-12-07 20:21,135.85,135.91,135.78,135.79,274.23063977,135.83000000,135.88000000,135.75000000,135.76000000,837.05400000,135.92,135.92,135.88,135.88,75.0,135.84,135.88,135.76,135.77,295.424,135.85,135.87,135.8,135.8,50.12692
2025-12-07 20:22,135.79,135.95,135.79,135.93,322.71067647,135.77000000,135.92000000,135.76000000,135.92000000,600.91300000,,,,,,135.77,135.92,135.77,135.91,210.268,135.79,135.94,135.79,135.94,23.07653612
2025-12-07 20:23,135.93,136.11,135.93,136.04,698.67774466,135.92000000,136.10000000,135.92000000,136.01000000,1717.12600000,135.97,136.09,135.97,136.09,1.3,135.91,136.11,135.91,136.01,713.586,135.95,136.03,135.95,136.02,143.53550894
2025-12-07 20:24,136.04,136.14,136.02,136.09,994.16893038,136.01000000,136.15000000,136.00000000,136.08000000,950.85600000,,,,,,136.01,136.14,136.01,136.09,278.401,136.03,136.11,136.03,136.09,17.960006279999998
2025-12-07 20:25,136.09,136.15,136.09,136.13,1921.99753939,136.09000000,136.16000000,136.09000000,136.13000000,1030.89300000,136.17,136.17,136.17,136.17,0.72,136.09,136.15,136.08,136.13,360.972,136.09,136.15,136.09,136.15,16.65008977
2025-12-07 20:26,136.13,136.25,136.13,136.23,4245.33077704,136.13000000,136.23000000,136.13000000,136.22000000,5907.55500000,,,,,,136.13,136.23,136.13,136.22,2068.649,136.15,136.15,136.15,136.15,0.24260757
2025-12-07 20:27,136.23,136.26,136.18,136.24,489.92208706,136.23000000,136.24000000,136.17000000,136.22000000,470.20900000,136.23,136.24,136.23,136.24,0.9949,136.22,136.24,136.17,136.22,163.67,136.14,136.15,136.14,136.14,39.85065099
2025-12-07 20:28,136.23,136.29,136.19,136.19,621.41609531,136.23000000,136.28000000,136.18000000,136.18000000,530.38000000,136.26,136.3,136.26,136.3,1.3,136.22,136.26,136.16,136.16,311.585,136.15,136.24,136.15,136.19,124.59525939
2025-12-07 20:29,136.19,136.24,136.15,136.24,475.0783995,136.17000000,136.23000000,136.13000000,136.23000000,271.60000000,,,,,,136.16,136.23,136.14,136.23,96.872,136.18,136.25,136.15,136.2,2.02703578
2025-12-07 20:30,136.24,136.26,136.08,136.09,850.53080846,136.23000000,136.23000000,136.07000000,136.07000000,958.47500000,136.29,136.29,136.29,136.29,0.26,136.23,136.23,136.07,136.07,311.564,136.21,136.25,136.09,136.11,2.4702525200000003
2025-12-07 20:31,136.08,136.11,135.98,135.98,5223.05818245,136.08000000,136.09000000,135.95000000,135.95000000,884.88000000,136.14,136.14,136.05,136.05,1.2,136.07,136.09,135.95,135.96,312.706,136.07,136.09,136.07,136.09,5.44172555
2025-12-07 20:32,135.97,136.01,135.93,135.95,339.45411538,135.95000000,135.99000000,135.91000000,135.93000000,303.85100000,136.03,136.03,136.02,136.02,1.12,135.96,135.99,135.91,135.94,103.71,136.08,136.08,135.93,135.94,19.31525682
2025-12-07 20:33,135.95,135.95,135.84,135.84,418.61521041,135.93000000,135.93000000,135.82000000,135.82000000,528.37900000,136.0,136.0,135.95,135.95,0.4,135.94,135.94,135.82,135.82,208.022,135.84,135.89,135.84,135.86,7.762281829999999
2025-12-07 20:34,135.83,135.95,135.81,135.91,650.97357248,135.83000000,135.90000000,135.80000000,135.89000000,551.18500000,135.91,135.91,135.9,135.9,0.4,135.82,135.89,135.79,135.88,194.489,135.86,135.92,135.82,135.88,11.19506212
2025-12-07 20:35,135.91,135.97,135.85,135.89,326.53721749,135.89000000,135.95000000,135.85000000,135.86000000,1599.74400000,136.0,136.0,135.99,135.99,2.9425,135.88,135.95,135.85,135.86,566.81,135.89,135.96,135.89,135.93,101.96662933
2025-12-07 20:36,135.89,135.96,135.89,135.91,528.47116856,135.86000000,135.93000000,135.86000000,135.91000000,296.14100000,135.93,135.93,135.93,135.93,0.15,135.86,135.93,135.86,135.91,97.724,135.93,135.93,135.92,135.93,96.53841901999999
2025-12-07 20:37,135.92,135.95,135.9,135.92,94.65271052,135.91000000,135.92000000,135.88000000,135.88000000,438.44000000,,,,,,135.91,135.92,135.88,135.88,152.506,135.92,135.93,135.91,135.92,1.91311442
2025-12-07 20:38,135.91,135.91,135.84,135.84,230.42102433,135.89000000,135.89000000,135.81000000,135.82000000,271.92800000,135.94,135.94,135.94,135.94,1.44,135.88,135.89,135.81,135.82,95.113,135.88,135.89,135.88,135.88,0.16503
2025-12-07 20:39,135.84,136.09,135.84,136.02,1162.76284408,135.82000000,136.07000000,135.81000000,136.00000000,1572.73100000,135.95,136.04,135.95,136.04,13.21469554,135.82,136.03,135.81,136,512.852,135.88,136.03,135.88,136.01,35.2884897
2025-12-07 20:40,136.02,136.02,135.89,135.9,303.2242491,135.99000000,136.00000000,135.87000000,135.89000000,1358.89400000,,,,,,136,136,135.87,135.89,553.513,136.0,136.0,135.9,135.9,18.61331335
2025-12-07 20:41,135.9,135.93,135.89,135.89,124.38694407,135.89000000,135.91000000,135.87000000,135.88000000,497.59000000,,,,,,135.89,135.91,135.87,135.88,174.057,135.9,135.9,135.87,135.87,15.39082539
2025-12-07 20:42,135.89,135.99,135.89,135.99,33.12651086,135.88000000,135.96000000,135.87000000,135.95000000,539.99100000,,,,,,135.88,135.96,135.87,135.96,188.262,135.88,135.9,135.88,135.9,5.07814223
2025-12-07 20:43,135.99,136.04,135.99,136.01,66.29724185,135.96000000,136.00000000,135.95000000,136.00000000,516.90300000,,,,,,135.96,136,135.95,136,212.456,135.9,135.9,135.89,135.9,3.8229699999999998
2025-12-07 20:44,136.0,136.06,135.96,136.03,147.10574601,135.99000000,136.05000000,135.95000000,136.03000000,334.01200000,,,,,,136,136.05,135.96,136.03,178.28,135.89,136.06,135.89,136.06,2.74849547
2025-12-07 20:45,136.04,136.04,135.89,135.98,319.92093483,136.02000000,136.02000000,135.89000000,135.95000000,599.67200000,,,,,,136.03,136.03,135.89,135.95,211.402,136.05,136.05,135.93,135.94,1.58747
2025-12-07 20:46,135.98,136.06,135.98,136.03,217.54449183,135.95000000,136.05000000,135.94000000,136.02000000,709.82900000,,,,,,135.95,136.05,135.94,136.02,249.309,135.93,135.94,135.93,135.93,69.18778999999999
2025-12-07 20:47,136.04,136.06,135.96,136.06,204.67660337,136.02000000,136.04000000,135.96000000,136.04000000,359.85600000,,,,,,136.02,136.05,135.96,136.05,125.991,135.94,135.94,135.93,135.94,69.35682947
2025-12-07 20:48,136.06,136.07,135.97,136.05,192.35508371,136.05000000,136.05000000,135.96000000,136.03000000,441.02500000,,,,,,136.05,136.05,135.96,136.03,154.965,135.94,135.94,135.94,135.94,67.76268096999999
2025-12-07 20:49,136.04,136.09,136.0,136.02,505.02873775,136.04000000,136.06000000,135.99000000,135.99000000,463.93600000,,,,,,136.03,136.06,135.99,135.99,162.345,135.94,136.05,135.94,136.01,511.05209753
2025-12-07 20:50,136.01,136.01,135.88,135.93,143.36666775,135.99000000,136.00000000,135.88000000,135.91000000,325.17100000,,,,,,135.99,136.01,135.88,135.91,113.885,135.99,135.99,135.93,135.93,2.0505909300000003
2025-12-07 20:51,135.93,135.98,135.87,135.87,176.17835658,135.91000000,135.97000000,135.87000000,135.87000000,567.85500000,,,,,,135.91,135.95,135.88,135.89,175.799,135.89,135.93,135.89,135.9,132.67847762
2025-12-07 20:52,135.87,135.87,135.7,135.74,248.96612997,135.86000000,135.86000000,135.70000000,135.73000000,412.12400000,135.9,135.9,135.79,135.79,2.29849461,135.89,135.89,135.7,135.76,376.171,135.9,135.9,135.71,135.73,156.7984672
2025-12-07 20:53,135.74,135.8,135.66,135.8,515.10970543,135.72000000,135.77000000,135.64000000,135.77000000,846.09200000,135.78,135.78,135.78,135.78,0.19999999999999998,135.76,135.76,135.64,135.76,403.095,135.72,135.77,135.72,135.77,1.31389
2025-12-07 20:54,135.8,135.99,135.79,135.96,157.98929858,135.77000000,135.96000000,135.77000000,135.93000000,330.13700000,135.92,135.92,135.92,135.92,0.2,135.76,135.96,135.76,135.94,87.627,135.83,135.96,135.83,135.95,2.30309762
2025-12-07 20:55,135.95,136.09,135.94,136.09,582.38043378,135.94000000,136.08000000,135.94000000,136.08000000,1034.69300000,135.96,136.06,135.96,136.06,20.326133,135.94,136.08,135.93,136.08,342.168,135.97,135.97,135.96,135.97,498.51814049999996
2025-12-07 20:56,136.08,136.13,136.02,136.09,460.66484074,136.07000000,136.11000000,136.01000000,136.08000000,746.01900000,136.08,136.11,136.08,136.11,0.4,136.08,136.11,136.01,136.08,284.802,135.96,136.09,135.96,136.09,14.14742726
2025-12-07 20:57,136.1,136.21,136.1,136.19,148.19233477,136.09000000,136.20000000,136.09000000,136.16000000,780.26200000,136.13,136.19,136.13,136.19,0.7000000000000001,136.08,136.2,136.08,136.18,316.526,136.12,136.2,136.12,136.2,0.42742838
2025-12-07 20:58,136.19,136.37,136.19,136.35,276.48298411,136.17000000,136.35000000,136.17000000,136.34000000,1645.67600000,136.2,136.35,136.2,136.35,0.8,136.18,136.35,136.17,136.35,489.03,136.19,136.25,136.19,136.25,22.16711331
2025-12-07 20:59,136.35,136.35,136.19,136.21,268.04032992,136.34000000,136.34000000,136.18000000,136.18000000,565.51500000,,,,,,136.35,136.35,136.2,136.2,237.487,136.25,136.25,136.2,136.22,5.56612606
2025-12-07 21:00,136.19,136.23,136.0,136.02,416.38757159,136.18000000,136.18000000,135.99000000,136.02000000,3073.29300000,136.22,136.22,136.11,136.11,1.5947995799999999,136.2,136.2,135.96,136.01,1133.46,136.11,136.13,136.0,136.02,1.4286231400000002
2025-12-07 21:01,136.03,136.03,135.76,135.76,228.08095094,136.01000000,136.01000000,135.75000000,135.76000000,761.99300000,136.08,136.08,135.89,135.89,1.4,136.01,136.01,135.77,135.78,241.858,136.0,136.01,136.0,136.0,9.76740879
2025-12-07 21:02,135.77,135.79,135.64,135.74,550.2946081,135.76000000,135.79000000,135.64000000,135.71000000,1086.06400000,135.82,135.82,135.76,135.76,50.1,135.78,135.79,135.64,135.71,381.242,135.75,135.78,135.71,135.71,32.77586907
2025-12-07 21:03,135.74,135.74,135.64,135.72,209.28684093,135.70000000,135.73000000,135.63000000,135.70000000,675.01500000,135.75,135.78,135.75,135.78,1.0,135.71,135.73,135.63,135.7,230.437,135.65,135.67,135.64,135.66,4.70616841
2025-12-07 21:04,135.71,135.85,135.68,135.85,204.76243236,135.70000000,135.80000000,135.70000000,135.79000000,1058.84900000,,,,,,135.7,135.8,135.69,135.8,377.703,135.66,135.83,135.65,135.83,160.10582787
2025-12-07 21:05,135.84,135.88,135.81,135.88,193.73228038,135.80000000,135.85000000,135.79000000,135.84000000,421.17800000,,,,,,135.8,135.85,135.79,135.85,152.371,135.83,135.83,135.82,135.83,12.344941429999999
2025-12-07 21:06,135.88,135.88,135.66,135.79,470.86946398,135.85000000,135.85000000,135.65000000,135.77000000,1564.34000000,135.78,135.82,135.78,135.82,9.80994492,135.85,135.85,135.65,135.78,539.988,135.8,135.8,135.73,135.75,120.10649844
2025-12-07 21:07,135.79,135.79,135.68,135.76,354.65266446,135.78000000,135.78000000,135.67000000,135.73000000,381.09700000,,,,,,135.78,135.78,135.69,135.73,137.699,135.75,135.75,135.69,135.69,10.30073292
2025-12-07 21:08,135.76,135.82,135.72,135.74,323.10878474,135.72000000,135.79000000,135.70000000,135.72000000,892.67800000,,,,,,135.73,135.79,135.71,135.71,512.175,135.7,135.75,135.7,135.74,2.05850558
2025-12-07 21:09,135.74,135.79,135.71,135.77,436.75440284,135.71000000,135.78000000,135.69000000,135.74000000,1483.85200000,,,,,,135.71,135.77,135.69,135.72,882.256,135.77,135.77,135.71,135.71,86.24224486
2025-12-07 21:10,135.75,135.89,135.75,135.83,304.3928341,135.74000000,135.86000000,135.74000000,135.82000000,770.77900000,,,,,,135.72,135.86,135.72,135.81,278.646,135.8,135.8,135.79,135.79,2.26243164
2025-12-07 21:11,135.82,135.82,135.67,135.7,277.76049029,135.81000000,135.81000000,135.64000000,135.66000000,489.94600000,,,,,,135.81,135.81,135.64,135.67,174.467,135.8,135.8,135.71,135.71,13.752618989999998
2025-12-07 21:12,135.69,135.69,135.47,135.49,997.83041693,135.66000000,135.66000000,135.43000000,135.45000000,1046.61900000,135.73,135.73,135.52,135.52,3.02764332,135.67,135.67,135.44,135.44,382.239,135.7,135.7,135.51,135.51,34.308371570000006
2025-12-07 21:13,135.48,135.54,135.46,135.51,219.97496767,135.46000000,135.50000000,135.42000000,135.47000000,1159.60100000,135.52,135.52,135.5,135.5,0.5,135.44,135.5,135.44,135.46,393.127,135.51,135.52,135.51,135.52,15.495989999999999
2025-12-07 21:14,135.5,135.52,135.48,135.52,132.10286161,135.47000000,135.49000000,135.45000000,135.48000000,831.48400000,,,,,,135.46,135.49,135.45,135.49,282.979,135.52,135.52,135.51,135.51,37.74393835
2025-12-07 21:15,135.51,135.54,135.43,135.52,128.19765794,135.48000000,135.50000000,135.44000000,135.50000000,248.35700000,135.54,135.54,135.54,135.54,0.331,135.49,135.5,135.44,135.5,94.408,135.5,135.51,135.5,135.51,2.45288493
2025-12-07 21:16,135.52,135.58,135.5,135.57,161.91737877,135.50000000,135.58000000,135.48000000,135.55000000,1076.15700000,,,,,,135.5,135.54,135.49,135.54,377.757,135.5,135.51,135.5,135.51,91.90294915999999
2025-12-07 21:17,135.55,135.56,135.48,135.5,138.97054568,135.54000000,135.54000000,135.48000000,135.49000000,298.58500000,,,,,,135.54,135.54,135.48,135.5,123.467,135.5,135.51,135.48,135.5,9.82147027
2025-12-07 21:18,135.51,135.59,135.47,135.59,595.10687616,135.50000000,135.57000000,135.45000000,135.54000000,5171.39900000,135.58,135.58,135.57,135.57,9.52994492,135.5,135.57,135.45,135.54,1816.397,135.45,135.5,135.44,135.5,381.73364095
2025-12-07 21:19,135.56,135.59,135.53,135.53,165.43833875,135.55000000,135.55000000,135.51000000,135.52000000,202.57100000,,,,,,135.54,135.55,135.51,135.51,94.353,135.51,135.51,135.51,135.51,1.32669
2025-12-07 21:20,135.53,135.53,135.4,135.49,456.11490254,135.52000000,135.52000000,135.37000000,135.48000000,2724.68600000,135.49,135.49,135.49,135.49,0.38187458,135.51,135.52,135.37,135.48,951.81,135.5,135.5,135.44,135.44,0.92762743
2025-12-07 21:21,135.5,135.54,135.36,135.37,433.20242446,135.49000000,135.52000000,135.35000000,135.35000000,1853.22100000,135.49,135.49,135.42,135.42,1.0,135.48,135.52,135.35,135.36,853.023,135.49,135.49,135.4,135.43,10.356770000000001
2025-12-07 21:22,135.37,135.44,135.31,135.37,411.75319409,135.35000000,135.42000000,135.29000000,135.35000000,2144.85100000,135.42,135.42,135.4,135.4,0.61000001,135.36,135.41,135.3,135.35,1008.776,135.42,135.42,135.31,135.33,305.2212
2025-12-07 21:23,135.36,135.43,135.3,135.43,838.6609791,135.35000000,135.42000000,135.28000000,135.41000000,5215.60200000,135.39,135.39,135.39,135.39,1.25,135.35,135.42,135.31,135.42,1994.658,135.35,135.35,135.35,135.35,0.45012
2025-12-07 21:24,135.43,135.43,135.34,135.41,647.11779139,135.41000000,135.42000000,135.34000000,135.40000000,1193.48600000,135.41,135.41,135.37,135.37,37.048141,135.42,135.42,135.34,135.39,416.63,135.34,135.35,135.34,135.34,49.836227799999996
2025-12-07 21:25,135.41,135.45,135.34,135.34,466.98220381,135.39000000,135.44000000,135.34000000,135.34000000,650.32000000,,,,,,135.39,135.43,135.36,135.36,229.34,135.41,135.42,135.35,135.37,65.8250888
2025-12-07 21:26,135.35,135.42,135.27,135.29,420.52840991,135.34000000,135.40000000,135.26000000,135.30000000,6160.12100000,135.35,135.35,135.35,135.35,0.1,135.36,135.4,135.27,135.31,2194.471,135.38,135.39,135.28,135.28,68.99350627
2025-12-07 21:27,135.29,135.29,135.15,135.2,872.6818721,135.30000000,135.30000000,135.15000000,135.20000000,4866.13700000,135.29,135.29,135.29,135.29,0.1,135.31,135.31,135.18,135.2,1787.276,135.24,135.24,135.21,135.21,3.5452126300000004
2025-12-07 21:28,135.2,135.28,135.17,135.18,1702.79074161,135.21000000,135.26000000,135.15000000,135.16000000,1285.12600000,,,,,,135.2,135.27,135.15,135.16,449.857,135.22,135.22,135.21,135.21,13.062429999999999
2025-12-07 21:29,135.18,135.22,135.16,135.17,313.74535201,135.16000000,135.19000000,135.13000000,135.14000000,1107.80600000,,,,,,135.16,135.19,135.13,135.13,384.217,135.21,135.21,135.21,135.21,136.8115768
2025-12-07 21:30,135.16,135.16,134.99,135.09,4959.2724363,135.13000000,135.15000000,134.94000000,135.08000000,7134.52700000,135.25,135.25,135.11,135.12,1.7399999899999998,135.13,135.15,135,135.08,2500.615,135.21,135.21,135.0,135.01,3789.9764638
2025-12-07 21:31,135.09,135.18,135.05,135.14,1076.70338644,135.08000000,135.18000000,135.08000000,135.13000000,988.65200000,,,,,,135.08,135.18,135.08,135.14,518.799,135.03,135.11,135.03,135.08,56.48827073
2025-12-07 21:32,135.13,135.18,135.0,135.18,542.71198827,135.12000000,135.20000000,135.00000000,135.20000000,2528.42500000,,,,,,135.14,135.2,135,135.2,841.958,135.09,135.09,135.0,135.09,10.402836149999999
2025-12-07 21:33,135.19,135.26,135.16,135.24,614.35166897,135.20000000,135.25000000,135.15000000,135.24000000,1585.27000000,135.26,135.28,135.26,135.27,4.19969999,135.2,135.25,135.16,135.21,567.574,135.08,135.25,135.08,135.24,372.42691542
2025-12-07 21:34,135.23,135.23,135.1,135.12,216.04842268,135.23000000,135.23000000,135.10000000,135.12000000,747.60900000,,,,,,135.21,135.22,135.1,135.11,277.387,135.21,135.22,135.12,135.12,0.34665642
2025-12-07 21:35,135.13,135.13,134.97,135.02,762.94191609,135.12000000,135.12000000,135.01000000,135.01000000,601.37500000,,,,,,135.11,135.11,135.02,135.03,197.806,135.06,135.12,135.03,135.03,1.49363
2025-12-07 21:36,135.02,135.06,134.72,134.76,1059.6937023,135.01000000,135.05000000,134.73000000,134.78000000,3707.58800000,135.13,135.13,134.89,134.89,0.64854,135.03,135.04,134.76,134.76,1348.069,135.04,135.04,134.79,134.79,278.32025697
2025-12-07 21:37,134.79,134.8,134.63,134.67,535.19843179,134.77000000,134.79000000,134.61000000,134.68000000,2200.17600000,134.86,134.86,134.72,134.72,0.23978478,134.76,134.78,134.63,134.67,1458.508,134.8,134.8,134.67,134.67,129.92978298
2025-12-07 21:38,134.66,134.69,134.42,134.45,1392.77393021,134.67000000,134.67000000,134.41000000,134.44000000,2942.70700000,134.6,134.6,134.55,134.55,5.17940088,134.67,134.67,134.41,134.42,986.453,134.64,134.66,134.47,134.47,91.95839429
2025-12-07 21:39,134.44,134.44,134.3,134.35,1674.00697888,134.43000000,134.44000000,134.30000000,134.35000000,4353.34400000,134.39,134.39,134.39,134.39,0.5,134.42,134.43,134.31,134.34,1585.108,134.42,134.42,134.29,134.32,526.45089906
2025-12-07 21:40,134.36,134.51,134.36,134.42,534.33909951,134.35000000,134.49000000,134.35000000,134.42000000,1040.83400000,134.52,134.52,134.52,134.52,0.3717,134.34,134.49,134.34,134.41,366.015,134.42,134.42,134.4,134.42,2.9183772
2025-12-07 21:41,134.41,134.46,134.31,134.34,327.06568678,134.41000000,134.43000000,134.28000000,134.31000000,1312.78600000,134.46,134.46,134.44,134.44,11.928909,134.41,134.43,134.29,134.31,426.249,134.4,134.42,134.32,134.33,61.34561667
2025-12-07 21:42,134.33,134.35,133.81,133.91,1873.55192436,134.31000000,134.32000000,133.87000000,133.89000000,13874.26300000,134.34,134.34,134.0,134.0,13.54990167,134.31,134.33,133.87,133.89,4947.513,134.28,134.28,133.88,133.9,301.92283264
2025-12-07 21:43,133.9,134.02,133.89,133.89,223.03369766,133.89000000,134.01000000,133.89000000,133.90000000,1847.44200000,,,,,,133.89,134,133.88,133.89,638.445,133.93,134.01,133.93,133.94,17.62136074
2025-12-07 21:44,133.88,133.95,133.84,133.84,138.19308136,133.89000000,133.93000000,133.82000000,133.85000000,7213.58800000,,,,,,133.89,133.93,133.82,133.84,2520.932,133.95,133.95,133.94,133.94,146.44980489
2025-12-07 21:45,133.86,133.98,133.66,133.66,1007.93208153,133.86000000,133.95000000,133.63000000,133.64000000,10483.25800000,133.94,133.94,133.82,133.82,5.05930785,133.84,133.95,133.64,133.64,3645.357,133.94,133.95,133.74,133.8,18.41487134
2025-12-07 21:46,133.66,134.03,133.53,134.01,1532.74101437,133.64000000,134.02000000,133.51000000,134.00000000,5014.89900000,133.72,134.04,133.64,134.04,2.3,133.64,134.01,133.47,134.01,1831.968,133.74,133.81,133.66,133.81,524.11409997
2025-12-07 21:47,134.01,134.01,133.64,133.64,412.54337998,133.99000000,133.99000000,133.64000000,133.64000000,1233.09500000,133.79,133.79,133.79,133.79,0.1,134.01,134.01,133.64,133.64,413.419,133.93,133.93,133.62,133.62,799.70040138
2025-12-07 21:48,133.65,133.65,133.28,133.34,1563.55509374,133.64000000,133.64000000,133.29000000,133.32000000,5544.12700000,133.65,133.65,133.45,133.45,3.72980863,133.64,133.64,133.29,133.32,1954.653,133.62,133.62,133.48,133.48,658.7017560300001
2025-12-07 21:49,133.32,133.54,133.26,133.52,976.19593359,133.32000000,133.54000000,133.23000000,133.50000000,9893.79900000,133.45,133.45,133.35,133.35,0.72000001,133.32,133.54,133.26,133.52,3602.922,133.38,133.49,133.37,133.49,113.36116366
2025-12-07 21:50,133.5,133.61,133.35,133.41,891.70263618,133.50000000,133.61000000,133.34000000,133.40000000,1825.45200000,133.63,133.63,133.63,133.63,0.2,133.52,133.6,133.36,133.4,792.815,133.52,133.62,133.37,133.37,10.22528693
2025-12-07 21:51,133.42,133.42,133.28,133.36,1043.83660096,133.40000000,133.41000000,133.30000000,133.38000000,6281.40400000,,,,,,133.4,133.4,133.31,133.38,2121.213,133.35,133.38,133.32,133.32,50.86988065
2025-12-07 21:52,133.37,133.39,133.16,133.16,594.1326828,133.37000000,133.38000000,133.16000000,133.16000000,14446.29500000,133.41,133.41,133.32,133.32,0.6,133.38,133.38,133.16,133.16,5080.986,133.31,133.38,133.18,133.18,107.88358951
2025-12-07 21:53,133.18,133.25,133.13,133.17,912.43657183,133.17000000,133.23000000,133.13000000,133.14000000,2279.03400000,133.27,133.27,133.22,133.22,0.5,133.16,133.23,133.13,133.18,915.21,133.18,133.18,133.14,133.17,60.28875497
2025-12-07 21:54,133.16,133.17,133.0,133.04,961.45820593,133.15000000,133.17000000,133.00000000,133.03000000,3215.45600000,133.16,133.16,132.94,133.07,226.06614000000002,133.18,133.18,133.01,133.02,1123.208,133.19,133.19,133.07,133.11,18.50840763
2025-12-07 21:55,133.03,133.14,132.75,133.0,1421.66967289,133.02000000,133.15000000,132.73000000,133.00000000,7551.90200000,132.94,133.11,132.88,133.11,11.27453014,133.02,133.16,132.74,133.01,2908.252,133.06,133.06,132.73,133.01,1888.57343059
2025-12-07 21:56,133.01,133.01,132.42,132.55,2300.22403225,133.01000000,133.02000000,132.46000000,132.53000000,2960.18300000,132.92,132.92,132.57,132.57,5.80862099,133.01,133.01,132.45,132.54,1045.056,132.98,132.98,132.5,132.59,2627.00393625
2025-12-07 21:57,132.55,132.75,132.51,132.75,506.52092528,132.54000000,132.74000000,132.52000000,132.74000000,1330.73700000,132.59,132.79,132.59,132.71,38.449437,132.54,132.75,132.53,132.75,461.796,132.59,132.75,132.58,132.75,100.75575325
2025-12-07 21:58,132.75,132.91,132.69,132.84,722.58825115,132.75000000,132.90000000,132.67000000,132.83000000,3441.29100000,132.81,132.95,132.81,132.95,0.79999999,132.75,132.89,132.66,132.84,1212.888,132.76,132.86,132.68,132.81,499.58531412
2025-12-07 21:59,132.85,133.31,132.84,133.09,573.18870092,132.83000000,133.30000000,132.83000000,133.10000000,2149.35100000,132.95,133.34,132.95,133.34,3.20000001,132.84,133.28,132.84,133.09,760.332,132.83,133.28,132.83,133.16,5406.89601494
2025-12-07 22:00,133.1,133.1,132.9,133.02,628.77130007,133.09000000,133.10000000,132.89000000,133.01000000,2181.09200000,133.05,133.11,133.05,133.11,17.30994492,133.09,133.09,132.9,133.01,786.753,133.11,133.19,132.91,133.03,3010.7854540900003
2025-12-07 22:01,133.02,133.02,132.59,132.72,616.05875325,133.02000000,133.02000000,132.59000000,132.68000000,1235.04000000,132.95,132.95,132.74,132.74,1.32,133.01,133.02,132.61,132.69,431.984,133.04,133.04,132.65,132.65,9.31670674
2025-12-07 22:02,132.7,132.74,132.49,132.49,556.80755407,132.69000000,132.72000000,132.47000000,132.47000000,2021.74000000,132.72,132.72,132.71,132.71,0.2,132.69,132.73,132.47,132.48,707.617,132.73,132.73,132.59,132.59,27.018749440000004
2025-12-07 22:03,132.48,132.53,132.31,132.31,1218.68630964,132.47000000,132.52000000,132.30000000,132.30000000,2675.28900000,132.59,132.59,132.58,132.58,0.2,132.48,132.51,132.31,132.31,941.992,132.5,132.5,132.26,132.34,7574.03905975
2025-12-07 22:04,132.33,132.42,132.15,132.18,689.05261916,132.31000000,132.40000000,132.10000000,132.15000000,2803.35600000,132.36,132.36,132.33,132.33,3.6491217799999998,132.31,132.39,132.12,132.12,610.217,132.31,132.35,132.15,132.15,71.34949489
2025-12-07 22:05,132.17,132.22,131.17,131.23,3483.79491335,132.14000000,132.21000000,131.14000000,131.19000000,18309.92100000,132.22,132.22,131.27,131.27,10.5375567,132.12,132.21,131.18,131.25,6409.529,132.18,132.18,131.25,131.31,3825.5027064799997
2025-12-07 22:06,131.22,131.22,130.51,130.51,3161.46661057,131.18000000,131.23000000,130.51000000,130.52000000,19308.59400000,131.27,131.31,130.68,130.76,60.51090407,131.25,131.25,130.5,130.54,6301.4,131.3,131.3,130.64,130.64,706.37748499
2025-12-07 22:07,130.51,130.66,129.8,129.91,4469.73597848,130.51000000,130.65000000,129.80000000,129.89000000,34581.36500000,130.62,130.62,129.95,129.95,79.53846718,130.54,130.61,129.84,129.91,11039.408,130.58,130.61,129.69,129.88,1676.23309447
2025-12-07 22:08,129.91,130.62,129.91,130.56,1642.4530288,129.89000000,130.62000000,129.89000000,130.55000000,11607.33400000,130.28,130.64,130.28,130.5,1.0,129.91,130.6,129.91,130.45,3665.918,129.93,130.59,129.93,130.52,144.89855835
2025-12-07 22:09,130.56,130.88,130.26,130.82,1534.69737954,130.55000000,130.90000000,130.24000000,130.83000000,6468.61100000,130.68,130.89,130.68,130.89,4.4009,130.45,130.88,130.24,130.84,2948.023,130.56,130.84,130.44,130.84,119.93254385
2025-12-07 22:10,130.83,131.33,130.75,131.3,3233.68055417,130.82000000,131.52000000,130.72000000,131.42000000,7855.40800000,130.94,131.45,130.94,131.45,69.93657755,130.84,131.48,130.74,131.48,3038.132,130.85,131.3,130.85,131.27,1323.50604444
2025-12-07 22:11,131.28,131.72,131.27,131.58,1581.63645506,131.41000000,131.69000000,131.18000000,131.57000000,25383.74200000,131.63,131.74,131.63,131.74,4.78774806,131.48,131.67,131.19,131.51,8229.293,131.37,131.6,131.19,131.6,291.63767916
2025-12-07 22:12,131.58,131.6,130.77,130.8,1583.74720964,131.58000000,131.61000000,130.75000000,130.77000000,12868.92500000,131.34,131.34,130.94,131.01,71.8,131.51,131.51,130.77,130.77,4496.177,131.58,131.58,130.93,130.93,19.56327171
2025-12-07 22:13,130.77,131.07,130.59,131.03,1595.38163577,130.78000000,131.04000000,130.57000000,131.01000000,2832.28800000,130.84,130.99,130.77,130.99,0.4,130.77,131.01,130.61,131.01,1006.342,130.85,131.01,130.71,131.01,108.52068606
2025-12-07 22:14,131.03,131.28,130.99,131.15,1093.51662547,131.01000000,131.30000000,130.96000000,131.15000000,2664.47500000,131.13,131.21,131.13,131.21,0.4,131.01,131.24,130.96,131.15,940.493,131.12,131.23,131.12,131.23,2.66433409
2025-12-07 22:15,131.15,131.26,130.82,130.96,946.73389049,131.15000000,131.25000000,130.85000000,130.94000000,4822.61800000,131.06,131.06,130.98,130.98,0.30000000000000004,131.15,131.24,130.86,130.95,1681.113,131.13,131.13,130.88,130.88,442.42537396
2025-12-07 22:16,130.95,131.09,130.86,131.06,8024.51032872,130.94000000,131.07000000,130.84000000,131.06000000,4257.76500000,,,,,,130.95,131.07,130.85,131.07,1490.238,130.96,131.01,130.92,131.0,839.98468286
2025-12-07 22:17,131.08,131.31,131.07,131.26,5921.07087519,131.07000000,131.29000000,131.07000000,131.27000000,1857.01500000,131.21,131.26,131.21,131.26,0.6000000000000001,131.07,131.29,131.07,131.25,637.96,131.01,131.27,131.01,131.27,108.22299762
2025-12-07 22:18,131.27,131.38,130.98,130.98,959.37619042,131.27000000,131.38000000,130.97000000,130.98000000,3540.99900000,131.37,131.4,131.12,131.12,0.79999999,131.25,131.37,130.97,130.97,1121.851,131.27,131.39,130.99,130.99,23.84941664
2025-12-07 22:19,130.99,131.15,130.85,131.01,5585.88875919,130.97000000,131.14000000,130.82000000,131.05000000,1938.20900000,131.12,131.12,131.06,131.06,0.20000001,130.97,131.12,130.84,131.02,839.816,130.97,131.08,130.97,131.03,1.51900915
2025-12-07 22:20,131.04,131.1,130.98,131.05,474.94825393,131.04000000,131.09000000,130.95000000,131.05000000,3564.94300000,,,,,,131.02,131.08,130.95,131.07,1099.828,131.07,131.07,131.0,131.06,56.781767900000006
2025-12-07 22:21,131.08,131.26,130.88,131.21,685.44205903,131.05000000,131.25000000,130.86000000,131.23000000,2476.40600000,131.04,131.3,131.04,131.3,1.74,131.07,131.24,130.86,131.19,971.593,131.05,131.27,131.0,131.21,272.55833979
2025-12-07 22:22,131.23,131.33,131.03,131.06,1427.75046934,131.23000000,131.30000000,131.02000000,131.05000000,2646.94100000,131.31,131.36,131.31,131.35,2.76664002,131.19,131.28,131.03,131.05,944.878,131.2,131.2,131.05,131.1,42.40330587
2025-12-07 22:23,131.04,131.12,130.92,131.08,393.30927445,131.05000000,131.08000000,130.90000000,131.05000000,1325.51300000,131.13,131.13,131.13,131.13,0.2,131.05,131.06,130.89,131.06,468.603,131.07,131.07,130.95,131.04,14.99283632
2025-12-07 22:24,131.06,131.06,130.79,130.88,137.76058048,131.04000000,131.04000000,130.80000000,130.87000000,1699.95200000,130.99,130.99,130.99,130.99,0.2,131.06,131.06,130.8,130.87,584.914,131.0,131.0,130.88,130.89,64.57480348
2025-12-07 22:25,130.89,131.13,130.85,131.12,1128.11294568,130.86000000,131.11000000,130.84000000,131.09000000,989.58600000,131.13,131.15,131.13,131.15,0.2,130.87,131.1,130.84,131.1,380.259,130.89,131.12,130.89,131.12,11.149966449999999
2025-12-07 22:26,131.12,131.66,131.12,131.36,891.51423905,131.09000000,131.65000000,131.09000000,131.36000000,1938.90900000,131.25,131.63,131.25,131.63,1.3,131.1,131.63,131.1,131.38,711.754,131.07,131.62,131.07,131.49,61.148937350000004
2025-12-07 22:27,131.37,131.45,131.1,131.4,429.40833424,131.35000000,131.42000000,131.07000000,131.39000000,3317.46600000,131.49,131.49,131.35,131.35,0.4,131.38,131.42,131.1,131.38,1163.293,131.47,131.47,131.21,131.43,5.94452703
2025-12-07 22:28,131.4,131.43,131.22,131.29,384.83273471,131.39000000,131.42000000,131.19000000,131.29000000,1640.58700000,,,,,,131.38,131.41,131.2,131.28,598.418,131.42,131.42,131.26,131.29,1.51966434
2025-12-07 22:29,131.29,131.68,131.29,131.68,1171.65526174,131.29000000,131.70000000,131.29000000,131.67000000,2565.29100000,131.5,131.69,131.5,131.69,0.5,131.28,131.67,131.28,131.67,952.567,131.32,131.58,131.32,131.58,79.29378687
2025-12-07 22:30,131.68,131.68,131.44,131.58,754.60848436,131.67000000,131.67000000,131.44000000,131.59000000,1470.23900000,131.53,131.53,131.53,131.53,1.75,131.67,131.68,131.44,131.58,530.891,131.57,131.57,131.54,131.54,31.22209168
2025-12-07 22:31,131.6,131.71,131.54,131.6,487.78224575,131.60000000,131.69000000,131.55000000,131.58000000,1313.96100000,,,,,,131.58,131.67,131.54,131.59,485.652,131.54,131.65,131.54,131.57,12.392867589999998
2025-12-07 22:32,131.59,131.64,131.36,131.53,313.0640009,131.58000000,131.62000000,131.33000000,131.51000000,3283.37700000,131.65,131.65,131.48,131.54,4.399,131.59,131.62,131.33,131.5,1136.922,131.5,131.5,131.42,131.5,53.87788996
2025-12-07 22:33,131.53,131.86,131.53,131.82,576.86152038,131.51000000,131.85000000,131.51000000,131.79000000,5401.07500000,131.75,131.91,131.75,131.91,1.1,131.5,131.86,131.5,131.79,1954.408,131.54,131.79,131.54,131.78,122.15502185
2025-12-07 22:34,131.82,132.46,131.8,132.01,1600.83741886,131.80000000,132.37000000,131.79000000,131.97000000,3423.58800000,132.03,132.39,132.03,132.39,8.057277599999999,131.79,132.36,131.79,131.98,1142.99,131.8,132.34,131.8,132.02,285.19928352
2025-12-07 22:35,132.0,132.0,131.71,131.77,532.91794879,131.97000000,131.98000000,131.70000000,131.76000000,2429.01500000,131.95,131.95,131.95,131.95,0.2,131.98,131.98,131.69,131.77,844.793,132.02,132.02,131.8,131.81,155.24724864
2025-12-07 22:36,131.76,131.87,131.7,131.7,836.12466265,131.77000000,131.87000000,131.68000000,131.68000000,1778.08100000,131.9,131.9,131.88,131.88,0.9319999999999999,131.77,131.86,131.7,131.71,531.815,131.8,131.81,131.74,131.74,16.12943413
2025-12-07 22:37,131.7,131.93,131.67,131.83,339.5180191,131.68000000,131.90000000,131.65000000,131.81000000,1338.90700000,131.81,131.95,131.81,131.95,0.9199999999999999,131.71,131.89,131.66,131.81,564.75,131.74,131.92,131.74,131.91,42.81644999
2025-12-07 22:38,131.84,131.91,131.82,131.87,90.44529701,131.82000000,131.88000000,131.79000000,131.84000000,1036.30700000,,,,,,131.81,131.87,131.79,131.83,363.838,131.85,131.86,131.81,131.86,76.89690003999999
2025-12-07 22:39,131.86,132.36,131.85,132.23,465.79775171,131.84000000,132.35000000,131.83000000,132.22000000,2151.45500000,132.07,132.2,132.07,132.2,0.7000000000000001,131.83,132.35,131.83,132.23,826.457,131.86,132.32,131.86,132.22,105.78315183000001
2025-12-07 22:40,132.24,132.24,132.06,132.1,316.75626341,132.23000000,132.23000000,132.04000000,132.06000000,2516.00200000,,,,,,132.23,132.23,132.05,132.06,862.445,132.2,132.2,132.17,132.17,24.497898919999997
2025-12-07 22:41,132.09,132.29,132.08,132.09,711.88913293,132.06000000,132.28000000,132.06000000,132.07000000,1056.97900000,132.29,132.29,132.29,132.29,1.6199999999999999,132.06,132.28,132.06,132.07,370.619,132.08,132.26,132.08,132.13,127.53986115000001
2025-12-07 22:42,132.08,132.2,132.02,132.09,501.56019097,132.06000000,132.16000000,132.00000000,132.05000000,1276.52900000,132.14,132.14,132.13,132.13,0.28600000000000003,132.07,132.21,132.01,132.06,470.674,132.09,132.19,132.08,132.1,3.89843566
2025-12-07 22:43,132.08,132.3,132.07,132.26,382.61894005,132.06000000,132.22000000,132.05000000,132.20000000,1067.70700000,132.14,132.14,132.14,132.14,3.6672,132.06,132.22,132.05,132.2,386.553,132.24,132.24,132.24,132.24,0.36560076
2025-12-07 22:44,132.22,132.43,132.19,132.42,167.16937656,132.20000000,132.42000000,132.19000000,132.42000000,1181.65000000,132.31,132.44,132.31,132.44,1.28,132.2,132.41,132.18,132.41,413.202,132.21,132.35,132.21,132.35,55.85690183
2025-12-07 22:45,132.42,132.48,132.41,132.45,99.7234671,132.41000000,132.46000000,132.38000000,132.41000000,670.86700000,132.49,132.5,132.49,132.5,0.5,132.41,132.45,132.38,132.41,392.118,132.36,132.43,132.36,132.42,93.60167265
2025-12-07 22:46,132.43,132.45,132.19,132.23,175.06595965,132.42000000,132.42000000,132.19000000,132.20000000,2028.33400000,132.35,132.44,132.34,132.34,910.2,132.41,132.41,132.19,132.24,573.122,132.41,132.41,132.2,132.27,25.64549499
2025-12-07 22:47,132.22,132.58,132.22,132.56,89.1282404,132.20000000,132.56000000,132.18000000,132.55000000,994.60800000,132.58,132.61,132.58,132.61,0.2,132.24,132.56,132.18,132.56,340.866,132.35,132.55,132.35,132.55,1.8561220099999998
2025-12-07 22:48,132.57,132.58,132.14,132.14,236.57427236,132.55000000,132.55000000,132.13000000,132.13000000,1156.05700000,132.47,132.47,132.3,132.3,0.59999999,132.56,132.56,132.14,132.14,434.356,132.54,132.54,132.34,132.34,38.99250222
2025-12-07 22:49,132.16,132.16,131.97,132.08,397.80444117,132.13000000,132.13000000,131.95000000,132.05000000,2015.79700000,132.3,132.3,132.16,132.16,0.80000001,132.14,132.14,131.96,132.06,730.847,132.04,132.08,132.04,132.04,3.6728407599999997
2025-12-07 22:50,132.08,132.2,132.06,132.17,64.52118251,132.05000000,132.17000000,132.05000000,132.17000000,465.15700000,,,,,,132.06,132.19,132.05,132.19,273.065,132.07,132.17,132.06,132.17,24.70674219
2025-12-07 22:51,132.19,132.3,131.85,131.97,296.5770203,132.17000000,132.25000000,131.84000000,131.93000000,1615.26600000,132.05,132.05,131.99,131.99,1.2,132.19,132.25,131.85,131.93,531.02,132.14,132.14,131.96,131.96,217.65808853
2025-12-07 22:52,131.95,131.99,131.67,131.7,305.92655768,131.93000000,131.95000000,131.66000000,131.68000000,1419.09800000,132.02,132.02,131.82,131.82,1.7999999899999999,131.93,131.95,131.66,131.68,592.792,131.94,131.95,131.81,131.81,67.15455255
2025-12-07 22:53,131.71,131.71,131.35,131.52,453.93968406,131.68000000,131.68000000,131.30000000,131.49000000,1982.70600000,131.8,131.8,131.66,131.66,4.6516,131.68,131.68,131.38,131.49,693.59,131.76,131.76,131.47,131.53,140.86897773
2025-12-07 22:54,131.51,131.54,131.25,131.33,414.14468813,131.49000000,131.50000000,131.22000000,131.32000000,2602.35000000,131.46,131.46,131.39,131.39,0.29999999,131.49,131.5,131.22,131.3,828.173,131.53,131.54,131.28,131.28,21.72201876
2025-12-07 22:55,131.32,131.32,130.57,131.03,1702.78121503,131.31000000,131.31000000,130.51000000,131.02000000,12708.64100000,131.39,131.39,130.69,130.69,4.90893572,131.3,131.32,130.48,130.98,4659.499,131.34,131.34,130.63,131.11,82.0149421
2025-12-07 22:56,131.04,131.31,131.03,131.21,320.72289521,131.03000000,131.27000000,131.02000000,131.19000000,3067.71300000,,,,,,130.98,131.27,130.98,131.15,1016.879,131.09,131.18,131.08,131.17,14.8132842
2025-12-07 22:57,131.16,131.22,131.03,131.22,360.33739548,131.19000000,131.20000000,131.04000000,131.19000000,6261.58600000,,,,,,131.15,131.2,131.03,131.19,2252.511,131.17,131.18,131.15,131.18,253.77533058
2025-12-07 22:58,131.22,131.54,131.17,131.46,313.31914851,131.19000000,131.52000000,131.15000000,131.43000000,2134.07700000,131.36,131.57,131.36,131.57,1.6,131.19,131.49,131.14,131.43,745.369,131.28,131.38,131.22,131.38,69.84464526
2025-12-07 22:59,131.44,131.47,131.23,131.26,724.58056943,131.42000000,131.44000000,131.20000000,131.26000000,1402.65700000,,,,,,131.43,131.44,131.21,131.25,494.656,131.42,131.44,131.24,131.27,132.62274979
2025-12-07 23:00,131.26,131.39,131.15,131.39,183.13251079,131.25000000,131.40000000,131.13000000,131.38000000,1234.65500000,131.3,131.3,131.3,131.3,0.1,131.25,131.4,131.14,131.39,407.229,131.28,131.28,131.27,131.28,42.48824892
2025-12-07 23:01,131.4,131.58,131.31,131.33,381.02401389,131.38000000,131.57000000,131.30000000,131.31000000,712.51100000,131.51,131.64,131.46,131.46,0.59999999,131.39,131.56,131.29,131.32,304.029,131.4,131.53,131.31,131.31,5.161456390000001
2025-12-07 23:02,131.33,131.64,131.17,131.56,940.68003332,131.31000000,131.60000000,131.12000000,131.53000000,1285.13300000,131.46,131.63,131.37,131.63,0.50000001,131.32,131.6,131.12,131.57,463.83,131.28,131.63,131.26,131.63,628.21807975
2025-12-07 23:03,131.55,131.67,131.46,131.51,509.95964825,131.53000000,131.63000000,131.44000000,131.49000000,1571.72500000,131.71,131.71,131.71,131.71,0.2,131.57,131.63,131.44,131.5,555.26,131.62,131.64,131.48,131.53,263.45037636
2025-12-07 23:04,131.52,131.54,131.23,131.4,397.3573324,131.49000000,131.52000000,131.23000000,131.40000000,1182.51800000,131.49,131.49,131.46,131.46,0.6000000000000001,131.5,131.52,131.23,131.4,432.112,131.5,131.5,131.29,131.4,630.91087
2025-12-07 23:05,131.41,131.43,130.85,130.97,329.73677459,131.39000000,131.39000000,130.85000000,130.93000000,1164.40900000,131.41,131.41,131.19,131.19,2.11,131.4,131.4,130.85,130.94,368.2,131.43,131.44,131.0,131.0,19.193360900000002
2025-12-07 23:06,130.96,131.02,130.74,130.75,391.38352722,130.93000000,130.99000000,130.74000000,130.74000000,2639.89700000,130.96,130.96,130.9,130.9,0.2,130.94,130.98,130.76,130.76,968.496,130.91,130.99,130.76,130.76,289.02858583
2025-12-07 23:07,130.74,131.08,130.74,131.02,551.78600043,130.74000000,131.08000000,130.74000000,130.99000000,5583.77100000,131.1,131.1,131.1,131.1,0.2,130.76,131.07,130.73,131,1983.1,130.76,130.92,130.76,130.92,5.99794886
2025-12-07 23:08,131.0,131.06,130.9,130.96,435.62948132,130.99000000,131.02000000,130.88000000,130.94000000,1261.42500000,,,,,,131,131.03,130.88,130.95,432.78,131.05,131.05,130.95,130.98,112.62921548
2025-12-07 23:09,130.95,130.95,130.68,130.68,1714.11960002,130.94000000,130.94000000,130.65000000,130.65000000,12249.05100000,130.91,130.91,130.83,130.83,0.4,130.95,130.95,130.69,130.69,4134.763,130.93,130.94,130.73,130.73,0.57454152
2025-12-07 23:10,130.68,131.15,130.63,131.13,2958.68068214,130.65000000,131.12000000,130.61000000,131.11000000,1979.17600000,131.01,131.15,131.01,131.15,0.4,130.69,131.11,130.63,131.11,849.127,130.65,131.08,130.64,131.07,40.87806083
2025-12-07 23:11,131.12,131.13,130.86,130.86,1066.96775126,131.10000000,131.13000000,130.83000000,130.83000000,968.10400000,,,,,,131.11,131.12,130.84,130.84,345.519,131.11,131.11,130.9,130.9,3.90536853
2025-12-07 23:12,130.86,130.96,130.8,130.92,431.3978748,130.84000000,130.95000000,130.79000000,130.91000000,1304.85900000,,,,,,130.84,130.95,130.79,130.92,453.618,130.85,130.98,130.84,130.98,1.9137000000000002
2025-12-07 23:13,130.92,131.07,130.92,130.99,628.41459541,130.90000000,131.07000000,130.90000000,130.98000000,752.76600000,131.01,131.02,130.99,130.99,24.355351,130.92,131.06,130.9,130.98,272.407,131.0,131.05,130.95,131.01,1.6814114400000002
2025-12-07 23:14,130.99,131.04,130.96,131.02,456.3095539,130.98000000,131.02000000,130.93000000,130.99000000,523.46000000,,,,,,130.98,131.02,130.94,130.99,183.197,131.03,131.04,131.02,131.02,10.02239
2025-12-07 23:15,131.02,131.23,131.02,131.23,588.65648873,131.00000000,131.19000000,131.00000000,131.17000000,2253.71400000,131.24,131.25,131.24,131.25,0.4,130.99,131.2,130.99,131.2,784.466,131.06,131.17,131.06,131.15,17.43904414
2025-12-07 23:16,131.18,131.34,131.08,131.27,532.86489778,131.16000000,131.34000000,131.10000000,131.27000000,1377.74000000,131.26,131.38,131.26,131.38,1.39999999,131.2,131.33,131.1,131.26,486.531,131.12,131.27,131.12,131.27,0.92253133
2025-12-07 23:17,131.26,131.27,131.14,131.21,683.96923186,131.26000000,131.26000000,131.14000000,131.18000000,1720.97100000,,,,,,131.26,131.27,131.13,131.19,602.304,131.24,131.24,131.2,131.2,28.2334715
2025-12-07 23:18,131.19,131.19,131.03,131.12,367.93398418,131.18000000,131.18000000,131.03000000,131.10000000,537.23900000,131.23,131.23,131.16,131.16,0.4,131.19,131.19,131.04,131.12,187.688,131.19,131.19,131.12,131.12,24.91504539
2025-12-07 23:19,131.12,131.12,130.96,131.0,225.82003229,131.10000000,131.10000000,130.95000000,130.99000000,2060.18100000,131.13,131.13,131.13,131.13,0.19999999999999998,131.12,131.12,130.95,130.98,720.684,131.13,131.13,131.01,131.01,1.7732583199999998
2025-12-07 23:20,131.02,131.24,131.01,131.18,372.4647199,131.00000000,131.22000000,130.99000000,131.17000000,959.20800000,131.27,131.27,131.27,131.27,0.09999999,130.98,131.22,130.98,131.17,335.867,131.03,131.22,131.03,131.22,9.0787906
2025-12-07 23:21,131.18,131.33,131.15,131.32,353.19842159,131.17000000,131.30000000,131.14000000,131.30000000,1304.24100000,131.27,131.32,131.27,131.32,0.10000001,131.17,131.31,131.15,131.31,457.071,131.24,131.24,131.24,131.24,0.4254
2025-12-07 23:22,131.33,131.43,131.25,131.43,415.07656888,131.31000000,131.41000000,131.24000000,131.41000000,2467.25800000,131.38,131.49,131.38,131.49,0.60000001,131.31,131.4,131.24,131.4,894.353,131.3,131.4,131.25,131.39,3.5805698
2025-12-07 23:23,131.43,131.52,131.33,131.51,263.97714759,131.42000000,131.50000000,131.30000000,131.49000000,550.97300000,131.51,131.54,131.51,131.54,0.30000000000000004,131.4,131.49,131.3,131.48,226.854,131.31,131.46,131.31,131.44,9.20368134
2025-12-07 23:24,131.52,131.6,131.49,131.54,321.40465987,131.50000000,131.59000000,131.49000000,131.51000000,1275.54700000,131.56,131.64,131.56,131.64,0.4,131.48,131.58,131.48,131.51,415.394,131.5,131.57,131.5,131.51,77.30860266
2025-12-07 23:25,131.54,131.56,131.43,131.46,76.50302761,131.51000000,131.52000000,131.41000000,131.47000000,1215.90100000,,,,,,131.51,131.52,131.41,131.46,416.089,131.43,131.45,131.43,131.45,0.53193592
2025-12-07 23:26,131.49,131.6,131.4,131.59,250.6901527,131.46000000,131.57000000,131.39000000,131.57000000,1262.73000000,,,,,,131.46,131.57,131.39,131.56,451.713,131.44,131.52,131.38,131.5,3047.55245342
2025-12-07 23:27,131.58,131.73,131.55,131.72,498.38369961,131.57000000,131.71000000,131.57000000,131.70000000,2240.97000000,131.65,131.76,131.65,131.76,0.7000000000000001,131.56,131.71,131.56,131.71,782.846,131.52,131.7,131.52,131.7,5.151471470000001
2025-12-07 23:28,131.72,131.73,131.65,131.71,259.17001912,131.70000000,131.72000000,131.64000000,131.69000000,1312.16400000,,,,,,131.71,131.71,131.64,131.69,505.071,131.71,131.71,131.7,131.7,62.08216881
2025-12-07 23:29,131.71,131.72,131.6,131.64,78.24726976,131.68000000,131.71000000,131.59000000,131.62000000,1158.01100000,,,,,,131.69,131.7,131.6,131.61,396.712,131.7,131.71,131.7,131.71,3.40121222
2025-12-07 23:30,131.62,131.62,131.47,131.49,244.37651146,131.61000000,131.62000000,131.45000000,131.48000000,1225.36700000,131.62,131.62,131.6,131.6,0.39999998999999997,131.61,131.62,131.45,131.47,437.5,131.71,131.71,131.48,131.55,301.98939499
2025-12-07 23:31,131.48,131.56,131.47,131.47,151.28816992,131.47000000,131.53000000,131.47000000,131.48000000,966.67700000,,,,,,131.47,131.54,131.47,131.49,337.964,131.53,131.56,131.53,131.54,5.45918078
2025-12-07 23:32,131.49,131.74,131.49,131.65,242.37015393,131.47000000,131.71000000,131.47000000,131.67000000,758.16000000,131.75,131.77,131.75,131.77,0.2,131.49,131.72,131.47,131.7,271.786,131.65,131.75,131.65,131.75,1.03524555
2025-12-07 23:33,131.68,131.74,131.61,131.74,180.60102686,131.67000000,131.74000000,131.61000000,131.73000000,1259.21400000,131.79,131.79,131.79,131.79,0.1,131.7,131.74,131.6,131.73,434.284,131.7,131.74,131.69,131.71,138.58001902
2025-12-07 23:34,131.73,131.74,131.65,131.69,184.18582115,131.73000000,131.73000000,131.62000000,131.66000000,481.55100000,131.8,131.8,131.8,131.8,0.72,131.73,131.73,131.62,131.65,168.888,131.74,131.75,131.74,131.75,20.07554475
2025-12-07 23:35,131.68,131.79,131.66,131.68,988.84317113,131.66000000,131.78000000,131.66000000,131.67000000,965.37300000,131.81,131.83,131.81,131.83,0.2,131.65,131.78,131.65,131.67,369.909,131.69,131.74,131.69,131.74,32.18692305
2025-12-07 23:36,131.67,131.79,131.65,131.73,251.93360348,131.66000000,131.78000000,131.63000000,131.70000000,1237.50500000,,,,,,131.67,131.77,131.65,131.69,438.342,131.7,131.77,131.7,131.74,9.15683992
2025-12-07 23:37,131.72,131.74,131.57,131.58,345.26365776,131.70000000,131.72000000,131.55000000,131.56000000,970.86300000,,,,,,131.69,131.71,131.55,131.56,368.82,131.73,131.74,131.66,131.66,1.70782875
2025-12-07 23:38,131.57,131.57,131.35,131.37,442.06487493,131.55000000,131.55000000,131.32000000,131.34000000,1489.03600000,131.69,131.69,131.47,131.47,5.44286639,131.56,131.56,131.33,131.35,520.238,131.65,131.65,131.41,131.41,10.73834955
2025-12-07 23:39,131.34,131.35,131.14,131.34,407.50239168,131.33000000,131.35000000,131.12000000,131.34000000,1363.62400000,131.46,131.46,131.34,131.44,4.13,131.35,131.35,131.11,131.33,512.392,131.4,131.4,131.29,131.29,2283.96823822
2025-12-07 23:40,131.34,131.34,131.13,131.13,563.5343736,131.34000000,131.34000000,131.11000000,131.11000000,2260.31200000,131.27,131.27,131.27,131.27,0.1,131.33,131.34,131.12,131.12,792.732,131.19,131.19,131.18,131.18,10.02
2025-12-07 23:41,131.13,131.13,131.0,131.09,323.56758246,131.11000000,131.11000000,131.00000000,131.08000000,677.48300000,131.24,131.24,131.14,131.14,0.3,131.12,131.12,131,131.08,281.291,131.2,131.2,131.01,131.04,764.60146469
2025-12-07 23:42,131.09,131.14,131.01,131.14,153.33081857,131.08000000,131.13000000,131.01000000,131.12000000,527.08300000,,,,,,131.08,131.12,131,131.11,191.687,131.05,131.1,131.04,131.1,50.98871951
2025-12-07 23:43,131.13,131.24,131.12,131.24,242.54690098,131.12000000,131.20000000,131.08000000,131.20000000,299.63600000,,,,,,131.11,131.21,131.08,131.2,143.395,131.13,131.27,131.13,131.27,1599.57108978
2025-12-07 23:44,131.21,131.26,131.18,131.24,307.3032449,131.21000000,131.25000000,131.17000000,131.22000000,757.42700000,131.28,131.28,131.28,131.28,0.19999999999999998,131.2,131.27,131.18,131.23,704.735,131.24,131.27,131.23,131.27,14.219242220000002
2025-12-07 23:45,131.23,131.25,131.14,131.17,270.2472183,131.23000000,131.23000000,131.12000000,131.15000000,374.15700000,131.28,131.28,131.28,131.28,0.72,131.23,131.23,131.13,131.13,116.094,131.25,131.25,131.19,131.19,3.6105833499999997
2025-12-07 23:46,131.16,131.31,131.14,131.28,228.43318419,131.16000000,131.29000000,131.13000000,131.25000000,268.76600000,131.29,131.29,131.29,131.29,0.2,131.13,131.28,131.13,131.28,121.942,131.19,131.19,131.19,131.19,6.93310867
2025-12-07 23:47,131.27,131.38,131.24,131.38,202.08088561,131.24000000,131.36000000,131.21000000,131.35000000,247.74800000,131.35,131.36,131.35,131.36,0.4,131.28,131.36,131.21,131.35,94.038,131.25,131.31,131.23,131.31,0.9272827299999999
2025-12-07 23:48,131.38,131.53,131.36,131.47,716.11433794,131.36000000,131.50000000,131.34000000,131.45000000,1631.85600000,131.41,131.55,131.41,131.55,1.39999999,131.35,131.5,131.35,131.44,584.204,131.3,131.47,131.3,131.45,4.6978848200000005
2025-12-07 23:49,131.47,131.58,131.43,131.52,93.54950082,131.45000000,131.56000000,131.40000000,131.50000000,677.16700000,131.55,131.6,131.55,131.6,0.50000001,131.44,131.56,131.39,131.5,238.776,131.42,131.58,131.42,131.56,76.24762727
2025-12-07 23:50,131.52,131.62,131.43,131.61,397.08201354,131.49000000,131.60000000,131.42000000,131.58000000,1465.39800000,,,,,,131.5,131.59,131.42,131.58,479.349,131.45,131.62,131.45,131.57,11.32169014
2025-12-07 23:51,131.59,131.76,131.59,131.73,354.83702643,131.58000000,131.72000000,131.57000000,131.70000000,2560.57300000,131.66,131.74,131.66,131.74,0.3,131.58,131.73,131.57,131.7,895.115,131.63,131.68,131.63,131.67,6.755539880000001
2025-12-07 23:52,131.72,131.72,131.59,131.64,324.95735025,131.70000000,131.70000000,131.57000000,131.63000000,1111.29600000,131.7,131.7,131.7,131.7,1.37,131.7,131.7,131.57,131.6,384.544,131.65,131.65,131.63,131.63,8.90133
2025-12-07 23:53,131.64,131.75,131.6,131.66,530.41937493,131.63000000,131.74000000,131.59000000,131.64000000,1637.76300000,,,,,,131.6,131.73,131.59,131.64,579.122,131.64,131.67,131.64,131.66,3.3360921
2025-12-07 23:54,131.67,131.79,131.65,131.79,95.40234948,131.64000000,131.76000000,131.63000000,131.76000000,331.99900000,131.79,131.8,131.79,131.8,0.2,131.64,131.76,131.63,131.76,128.865,131.69,131.69,131.68,131.68,0.37146999999999997
2025-12-07 23:55,131.77,132.05,131.76,132.0,578.43327051,131.75000000,132.03000000,131.73000000,131.98000000,4699.97800000,131.83,131.97,131.83,131.97,0.6,131.76,132.02,131.73,131.98,1634.979,131.77,132.02,131.77,131.94,19.83273946
2025-12-07 23:56,132.0,132.12,131.93,131.99,708.66744781,131.98000000,132.12000000,131.91000000,131.98000000,2259.52600000,132.11,132.11,132.11,132.11,0.09999999999999999,131.98,132.11,131.94,131.98,775.046,132.02,132.05,131.99,132.0,206.23057889999998
2025-12-07 23:57,131.99,132.23,131.95,132.23,1215.09735075,131.98000000,132.22000000,131.93000000,132.22000000,2813.73600000,132.12,132.25,132.12,132.25,2.1,131.98,132.2,131.94,132.2,1368.606,131.99,132.12,131.95,132.11,2841.6016435
2025-12-07 23:58,132.24,132.32,132.2,132.32,690.43231405,132.22000000,132.31000000,132.19000000,132.30000000,3259.40100000,132.28,132.28,132.28,132.28,0.09999999999999999,132.2,132.31,132.19,132.31,1167.948,132.2,132.31,132.2,132.31,37.76987831
2025-12-07 23:59,132.32,132.42,132.25,132.28,871.08177497,132.30000000,132.40000000,132.23000000,132.24000000,1279.59200000,132.39,132.39,132.39,132.39,3.70893571,132.31,132.4,132.26,132.29,559.839,132.32,132.35,132.28,132.35,32.246589560000004
2025-12-08 00:00,132.28,132.29,131.87,131.88,702.91018143,132.25000000,132.27000000,131.85000000,131.89000000,2256.46200000,132.14,132.14,132.03,132.03,0.8,132.29,132.29,131.85,131.88,807.649,132.32,132.32,131.89,131.89,371.2665531
2025-12-08 00:01,131.91,131.92,131.69,131.8,729.98646171,131.90000000,131.90000000,131.67000000,131.79000000,2502.42300000,131.97,131.97,131.83,131.83,1.2,131.88,131.89,131.67,131.78,847.625,131.88,131.89,131.75,131.8,132.17075359
2025-12-08 00:02,131.79,131.89,131.67,131.89,244.85778392,131.78000000,131.85000000,131.71000000,131.85000000,1127.28500000,,,,,,131.78,131.85,131.71,131.85,343.715,131.76,131.86,131.76,131.86,2.04395987
2025-12-08 00:03,131.88,131.99,131.78,131.84,388.49583814,131.84000000,132.00000000,131.77000000,131.82000000,1608.95000000,131.99,132.03,131.99,132.03,0.29999999,131.85,132,131.77,131.82,613.871,131.87,132.0,131.84,131.89,12.35995896
2025-12-08 00:04,131.85,132.14,131.85,132.08,386.32482687,131.83000000,132.10000000,131.83000000,132.07000000,1036.81400000,132.03,132.13,132.03,132.13,0.30000001,131.82,132.1,131.82,132.09,357.353,131.85,132.13,131.85,132.13,19.08091893
2025-12-08 00:05,132.07,132.15,131.99,132.11,296.51471838,132.07000000,132.13000000,131.97000000,132.09000000,1966.34700000,,,,,,132.09,132.13,131.99,132.1,693.651,132.1,132.11,131.99,132.07,217.93751884
2025-12-08 00:06,132.11,132.12,131.9,131.93,310.00448565,132.09000000,132.09000000,131.85000000,131.91000000,947.84100000,,,,,,132.1,132.1,131.87,131.91,330.892,132.1,132.1,131.87,131.93,44.72263378
2025-12-08 00:07,131.94,132.21,131.94,132.21,326.6221318,131.92000000,132.20000000,131.92000000,132.19000000,1881.54700000,132.17,132.17,132.17,132.17,0.1,131.91,132.2,131.91,132.19,677.591,132.04,132.16,132.04,132.16,2.89095399
2025-12-08 00:08,132.21,132.24,131.97,131.97,938.53703809,132.19000000,132.23000000,131.95000000,131.95000000,1561.08100000,,,,,,132.19,132.21,131.96,131.96,546.946,132.22,132.26,132.04,132.04,101.20397
2025-12-08 00:09,131.97,132.15,131.95,132.12,780.81502406,131.94000000,132.15000000,131.92000000,132.11000000,3328.71700000,,,,,,131.96,132.15,131.93,132.09,1161.981,132.04,132.13,131.95,132.12,1.47745759
2025-12-08 00:10,132.11,132.11,131.91,131.95,134.58510556,132.11000000,132.11000000,131.88000000,131.94000000,1380.62100000,132.03,132.03,132.03,132.03,0.19999999999999998,132.09,132.11,131.88,131.94,475.225,132.13,132.13,131.93,131.95,4.1178342599999995
2025-12-08 00:11,131.94,131.94,131.81,131.91,291.83719981,131.94000000,131.94000000,131.78000000,131.89000000,718.52700000,132.02,132.02,131.92,131.92,1.39999999,131.94,131.94,131.79,131.85,229.008,131.95,131.95,131.86,131.86,60.53288618
2025-12-08 00:12,131.9,132.0,131.84,131.94,204.14868543,131.89000000,131.97000000,131.81000000,131.92000000,1992.11000000,,,,,,131.85,131.98,131.81,131.95,724.997,131.86,131.99,131.86,131.99,6.43574184
2025-12-08 00:13,131.94,131.97,131.87,131.91,61.04113499,131.93000000,131.95000000,131.85000000,131.89000000,1119.16200000,,,,,,131.95,131.95,131.86,131.89,345.51,131.95,131.95,131.95,131.95,0.01468
2025-12-08 00:14,131.92,131.94,131.84,131.93,367.12008699,131.89000000,131.93000000,131.82000000,131.91000000,2206.71700000,,,,,,131.89,131.93,131.82,131.91,858.922,131.94,131.94,131.93,131.93,1.5960425100000002
2025-12-08 00:15,131.91,132.17,131.86,132.02,466.35880202,131.90000000,132.15000000,131.83000000,132.01000000,645.37000000,131.95,132.18,131.95,132.18,1.7000000000000002,131.91,132.16,131.84,132.01,230.548,131.94,132.14,131.94,132.07,9.43240031
2025-12-08 00:16,132.01,132.03,131.9,131.98,174.52148978,132.00000000,132.00000000,131.88000000,131.97000000,1179.05100000,,,,,,132.01,132.01,131.89,131.97,412.43,131.96,132.03,131.96,132.03,27.106595809999998
2025-12-08 00:17,131.98,132.17,131.98,132.16,123.6501266,131.96000000,132.16000000,131.96000000,132.15000000,1378.52500000,,,,,,131.97,132.16,131.96,132.15,482.936,132.04,132.14,132.04,132.14,23.99106049
2025-12-08 00:18,132.16,132.17,131.83,131.84,102.01182699,132.15000000,132.15000000,131.81000000,131.81000000,691.56000000,132.02,132.02,131.99,131.99,0.6,132.15,132.15,131.81,131.81,246.512,132.13,132.13,131.97,131.98,58.90674247
2025-12-08 00:19,131.83,131.83,131.69,131.7,379.36670948,131.82000000,131.82000000,131.67000000,131.67000000,1646.37400000,131.93,131.93,131.81,131.81,1.6,131.81,131.82,131.68,131.68,625.428,131.84,131.85,131.74,131.77,15.19217442
2025-12-08 00:20,131.68,131.96,131.62,131.95,398.25402427,131.67000000,131.95000000,131.59000000,131.95000000,1945.22000000,131.81,131.94,131.72,131.94,0.90000001,131.68,131.95,131.6,131.95,722.708,131.65,131.93,131.65,131.93,12.69447615
2025-12-08 00:21,131.96,132.05,131.85,132.0,353.87476532,131.95000000,132.02000000,131.84000000,131.98000000,785.70500000,132.01,132.02,132.01,132.02,0.4,131.95,132.02,131.84,131.99,276.33,131.97,132.0,131.85,132.0,32.54886383
2025-12-08 00:22,132.0,132.08,131.95,132.08,288.77550844,131.99000000,132.07000000,131.93000000,132.07000000,941.14500000,132.08,132.08,132.08,132.08,0.2,131.99,132.08,131.94,132.06,328.995,131.94,132.08,131.91,132.0,157.13677040000002
2025-12-08 00:23,132.08,132.42,132.08,132.41,4039.50002013,132.07000000,132.40000000,132.05000000,132.39000000,2331.32600000,132.15,132.32,132.15,132.32,1.79999999,132.06,132.4,132.06,132.39,811.879,132.13,132.4,132.13,132.37,41.964790529999995
2025-12-08 00:24,132.42,132.42,132.21,132.22,997.33998738,132.40000000,132.44000000,132.20000000,132.20000000,2110.02100000,132.35,132.37,132.35,132.37,1.5,132.39,132.41,132.2,132.22,770.614,132.43,132.43,132.23,132.23,82.84312637
2025-12-08 00:25,132.23,132.4,132.2,132.4,1773.92007525,132.21000000,132.42000000,132.20000000,132.40000000,1298.49200000,,,,,,132.22,132.41,132.2,132.41,423.534,132.25,132.44,132.25,132.44,9.40249934
2025-12-08 00:26,132.4,132.4,132.15,132.23,657.10287594,132.40000000,132.40000000,132.13000000,132.20000000,1420.37400000,,,,,,132.41,132.41,132.16,132.2,495.999,132.36,132.37,132.22,132.25,1322.73300173
2025-12-08 00:27,132.21,132.25,132.2,132.23,254.83067381,132.21000000,132.23000000,132.18000000,132.21000000,601.28500000,,,,,,132.2,132.23,132.17,132.23,212.474,132.23,132.25,132.22,132.24,8.15432043
2025-12-08 00:28,132.23,132.25,132.16,132.17,3755.04742741,132.22000000,132.26000000,132.15000000,132.16000000,1362.27600000,,,,,,132.23,132.25,132.15,132.15,741.584,132.23,132.26,132.19,132.25,17.03559
2025-12-08 00:29,132.16,132.18,132.12,132.17,398.93121788,132.16000000,132.18000000,132.10000000,132.14000000,238.64900000,,,,,,132.15,132.17,132.11,132.15,78.316,132.13,132.2,132.13,132.2,3.83499812
2025-12-08 00:30,132.15,132.19,132.12,132.18,429.00518395,132.13000000,132.19000000,132.10000000,132.19000000,605.56600000,,,,,,132.15,132.16,132.1,132.12,227.898,132.15,132.16,132.13,132.14,16.62343781
2025-12-08 00:31,132.19,132.23,132.11,132.12,256.53351461,132.19000000,132.20000000,132.10000000,132.10000000,229.81500000,132.22,132.22,132.22,132.22,0.19999999,132.12,132.19,132.09,132.1,84.885,132.13,132.23,132.13,132.14,3.10737666
2025-12-08 00:32,132.11,132.32,132.1,132.29,182.01039433,132.09000000,132.30000000,132.08000000,132.28000000,813.60800000,132.22,132.22,132.22,132.22,1e-08,132.1,132.3,132.09,132.28,294.803,132.11,132.31,132.11,132.31,0.37255016
2025-12-08 00:33,132.29,132.4,132.22,132.34,154.67428577,132.28000000,132.39000000,132.20000000,132.31000000,1001.23100000,,,,,,132.28,132.38,132.2,132.32,349.405,132.31,132.34,132.3,132.34,16.68239423
2025-12-08 00:34,132.34,132.46,132.31,132.46,433.39667656,132.31000000,132.46000000,132.28000000,132.46000000,486.15200000,132.42,132.48,132.42,132.48,0.4,132.32,132.45,132.28,132.45,171.151,132.34,132.41,132.34,132.41,92.01195123000001
2025-12-08 00:35,132.47,132.78,132.46,132.68,1225.1935848,132.46000000,132.75000000,132.43000000,132.65000000,2984.14200000,132.51,132.77,132.51,132.77,4.36843492,132.45,132.76,132.45,132.65,1212.352,132.41,132.73,132.41,132.73,33.7940551
2025-12-08 00:36,132.68,132.68,132.34,132.39,254.23120595,132.66000000,132.66000000,132.32000000,132.37000000,1164.88000000,132.57,132.57,132.42,132.42,0.6000000000000001,132.65,132.65,132.33,132.37,873.943,132.64,132.64,132.37,132.41,15.4504312
2025-12-08 00:37,132.39,132.42,132.26,132.3,169.10150067,132.38000000,132.42000000,132.23000000,132.28000000,796.82000000,,,,,,132.37,132.41,132.25,132.28,286.466,132.34,132.37,132.28,132.3,21.03978189
2025-12-08 00:38,132.3,132.34,132.18,132.29,129.45510607,132.28000000,132.31000000,132.15000000,132.28000000,1046.21300000,132.34,132.34,132.28,132.28,0.39999998999999997,132.28,132.31,132.15,132.28,407.804,132.29,132.34,132.29,132.34,1.0880755199999999
2025-12-08 00:39,132.29,132.43,132.27,132.43,189.16530473,132.28000000,132.42000000,132.26000000,132.41000000,745.11500000,,,,,,132.28,132.42,132.26,132.41,664.888,132.44,132.45,132.44,132.44,0.23574536999999998
2025-12-08 00:40,132.42,132.42,132.31,132.34,533.7667789,132.41000000,132.41000000,132.31000000,132.33000000,1646.48200000,,,,,,132.41,132.42,132.32,132.33,595.106,132.43,132.44,132.33,132.35,284.38924485
2025-12-08 00:41,132.33,132.34,132.2,132.27,404.30890956,132.33000000,132.35000000,132.17000000,132.25000000,1305.74200000,,,,,,132.33,132.34,132.17,132.26,457.141,132.31,132.31,132.23,132.25,17.98646798
2025-12-08 00:42,132.27,132.36,132.23,132.26,93.94349563,132.26000000,132.34000000,132.23000000,132.23000000,383.43500000,,,,,,132.26,132.35,132.23,132.23,134.594,132.35,132.35,132.25,132.25,27.74856911
2025-12-08 00:43,132.24,132.24,132.11,132.11,283.70235501,132.23000000,132.23000000,132.10000000,132.10000000,654.96600000,132.28,132.28,132.27,132.27,0.20000000999999998,132.23,132.23,132.1,132.11,252.848,132.19,132.19,132.19,132.19,38.39430571
2025-12-08 00:44,132.1,132.18,132.06,132.1,143.7075433,132.09000000,132.17000000,132.03000000,132.08000000,973.64300000,132.22,132.22,132.18,132.18,0.6000000000000001,132.11,132.16,132.01,132.08,366.656,132.18,132.18,132.06,132.12,89.10508378
2025-12-08 00:45,132.1,132.1,131.81,131.81,250.10726125,132.08000000,132.08000000,131.80000000,131.81000000,695.06900000,132.16,132.16,131.93,131.93,2.0,132.08,132.08,131.81,131.81,286.973,132.05,132.06,131.91,131.91,228.7697026
2025-12-08 00:46,131.8,131.91,131.58,131.79,2856.12511108,131.80000000,131.88000000,131.56000000,131.80000000,4170.05500000,131.77,131.77,131.74,131.74,11.27732526,131.81,131.88,131.61,131.79,1415.508,131.74,131.87,131.62,131.87,855.78427298
2025-12-08 00:47,131.78,131.94,131.76,131.85,224.08409301,131.79000000,131.92000000,131.75000000,131.84000000,2241.75500000,,,,,,131.79,131.92,131.78,131.89,1044.261,131.92,131.92,131.84,131.87,5.81303862
2025-12-08 00:48,131.86,132.01,131.82,131.96,218.79397809,131.83000000,131.99000000,131.79000000,131.97000000,814.73600000,131.97,131.97,131.97,131.97,0.19999999999999998,131.89,131.98,131.79,131.98,236.193,131.87,131.98,131.86,131.97,1.82653873
2025-12-08 00:49,131.99,132.03,131.89,131.97,420.24520851,131.98000000,132.00000000,131.88000000,131.94000000,449.76300000,132.01,132.01,132.01,132.01,0.5,131.98,132.01,131.87,131.95,145.201,131.94,132.02,131.94,131.97,13.25228915
2025-12-08 00:50,131.96,131.98,131.89,131.9,218.49136811,131.94000000,131.95000000,131.88000000,131.91000000,913.21300000,,,,,,131.95,131.95,131.88,131.9,319.627,131.95,131.95,131.92,131.92,0.17045448000000002
2025-12-08 00:51,131.89,131.89,131.77,131.8,194.36637738,131.90000000,131.90000000,131.76000000,131.78000000,2005.36100000,,,,,,131.9,131.9,131.75,131.78,725.685,131.91,131.91,131.82,131.82,38.90513154
2025-12-08 00:52,131.79,131.87,131.71,131.76,171.10576307,131.78000000,131.84000000,131.69000000,131.75000000,2092.35100000,131.86,131.86,131.83,131.83,75.29999999,131.78,131.83,131.71,131.74,731.621,131.8,131.81,131.77,131.81,0.54616845
2025-12-08 00:53,131.76,131.85,131.73,131.77,171.15764076,131.75000000,131.81000000,131.71000000,131.76000000,912.22900000,,,,,,131.74,131.82,131.71,131.76,357.463,131.8,131.8,131.78,131.78,20.24507724
2025-12-08 00:54,131.77,131.86,131.74,131.81,283.9968849,131.76000000,131.84000000,131.73000000,131.78000000,2014.94700000,,,,,,131.76,131.84,131.74,131.78,667.737,131.78,131.78,131.77,131.78,5.17060927
2025-12-08 00:55,131.8,131.8,131.72,131.74,352.37426493,131.79000000,131.79000000,131.71000000,131.71000000,1347.67300000,,,,,,131.78,131.78,131.71,131.74,441.078,131.79,131.79,131.78,131.78,30.92596692
2025-12-08 00:56,131.72,131.79,131.61,131.78,234.99546175,131.71000000,131.77000000,131.61000000,131.75000000,2393.45500000,131.83,131.83,131.83,131.83,1e-08,131.74,131.77,131.61,131.74,868.216,131.77,131.77,131.68,131.68,0.70746763
2025-12-08 00:57,131.76,131.82,131.75,131.76,115.02178599,131.74000000,131.81000000,131.74000000,131.74000000,766.56800000,,,,,,131.74,131.81,131.74,131.75,285.761,131.83,131.83,131.81,131.82,1.9022199999999998
2025-12-08 00:58,131.76,131.78,131.59,131.62,708.94088976,131.74000000,131.75000000,131.57000000,131.59000000,758.97500000,131.74,131.74,131.72,131.72,0.2,131.75,131.75,131.57,131.59,265.705,131.72,131.73,131.61,131.61,21.543029999999998
2025-12-08 00:59,131.62,131.67,131.55,131.63,657.63786098,131.59000000,131.64000000,131.55000000,131.61000000,2884.44400000,131.69,131.69,131.69,131.69,0.1,131.59,131.63,131.58,131.6,1008.423,131.61,131.61,131.6,131.61,3.35866
2025-12-08 01:00,131.64,131.65,131.58,131.63,304.41619028,131.61000000,131.64000000,131.56000000,131.59000000,1264.73700000,,,,,,131.6,131.65,131.56,131.6,443.22,131.63,131.66,131.59,131.62,12.16410174
2025-12-08 01:01,131.6,131.65,131.54,131.65,331.09764161,131.59000000,131.65000000,131.52000000,131.63000000,4055.61000000,131.68,131.68,131.65,131.65,0.8592149600000001,131.6,131.64,131.53,131.64,1418.336,131.62,131.62,131.54,131.56,11.963414590000001
2025-12-08 01:02,131.64,131.81,131.61,131.8,257.85562007,131.64000000,131.79000000,131.62000000,131.79000000,553.30600000,131.82,131.83,131.82,131.83,0.4,131.64,131.79,131.64,131.79,192.8,131.69,131.77,131.68,131.77,44.87252902
2025-12-08 01:03,131.8,132.0,131.8,131.99,284.10458142,131.79000000,131.98000000,131.79000000,131.96000000,4209.29500000,131.85,132.01,131.85,132.01,2.2,131.79,131.99,131.79,131.96,1475.723,131.78,131.97,131.78,131.96,371.97274241
2025-12-08 01:04,131.96,131.97,131.82,131.84,225.27450557,131.96000000,131.96000000,131.82000000,131.82000000,364.46500000,,,,,,131.96,131.96,131.86,131.86,209.764,131.95,131.95,131.94,131.94,53.24266
2025-12-08 01:05,131.83,131.96,131.81,131.89,367.74457722,131.82000000,131.96000000,131.79000000,131.87000000,1261.04900000,132.02,132.02,131.99,131.99,0.7,131.86,131.96,131.79,131.87,345.893,131.84,131.97,131.84,131.9,6.57576614
2025-12-08 01:06,131.89,132.1,131.88,132.07,308.07610795,131.87000000,132.09000000,131.87000000,132.07000000,962.26500000,132.04,132.09,132.04,132.09,1.2,131.87,132.09,131.86,132.06,390.121,131.9,132.04,131.9,132.04,1.07815679
2025-12-08 01:07,132.07,132.29,132.07,132.12,752.19833468,132.07000000,132.29000000,132.07000000,132.12000000,1259.01000000,132.11,132.25,132.11,132.25,1.4000000000000001,132.06,132.3,132.06,132.12,440.808,132.07,132.22,132.07,132.14,5.18307191
2025-12-08 01:08,132.13,132.32,132.12,132.15,1379.53078898,132.12000000,132.29000000,132.10000000,132.13000000,1897.39100000,132.35,132.35,132.35,132.35,0.04794606,132.12,132.29,132.1,132.13,663.838,132.27,132.27,132.16,132.16,0.92306
2025-12-08 01:09,132.16,132.39,132.16,132.37,500.71078411,132.14000000,132.39000000,132.14000000,132.35000000,2521.13000000,132.39,132.39,132.39,132.39,0.1,132.13,132.38,132.13,132.35,755.102,132.25,132.34,132.25,132.34,1.72777815
2025-12-08 01:10,132.37,132.42,132.32,132.35,411.99382649,132.36000000,132.39000000,132.30000000,132.33000000,1080.12900000,,,,,,132.35,132.39,132.31,132.34,516.837,132.33,132.38,132.33,132.38,261.33487344
2025-12-08 01:11,132.35,132.55,132.35,132.48,336.43506092,132.33000000,132.54000000,132.33000000,132.47000000,1373.17500000,132.49,132.57,132.49,132.57,0.9,132.34,132.54,132.34,132.46,485.169,132.39,132.52,132.39,132.52,4.83937009
2025-12-08 01:12,132.49,132.66,132.49,132.62,543.10673649,132.48000000,132.65000000,132.48000000,132.60000000,2576.82000000,132.59,132.59,132.59,132.59,0.1,132.46,132.64,132.46,132.6,988.846,132.51,132.59,132.5,132.59,53.72792052
2025-12-08 01:13,132.61,132.62,132.44,132.46,794.70132261,132.60000000,132.61000000,132.42000000,132.43000000,533.76500000,,,,,,132.6,132.61,132.43,132.43,331.254,132.58,132.58,132.45,132.45,1.81828191
2025-12-08 01:14,132.46,132.55,132.41,132.5,120.77292646,132.44000000,132.54000000,132.42000000,132.48000000,341.06200000,,,,,,132.43,132.54,132.43,132.48,170.387,132.45,132.52,132.44,132.52,2.87549005
2025-12-08 01:15,132.49,132.49,132.29,132.32,308.82397625,132.48000000,132.48000000,132.27000000,132.32000000,953.39700000,132.45,132.45,132.42,132.42,0.6,132.48,132.48,132.27,132.31,304.873,132.38,132.39,132.38,132.39,2693.54478393
2025-12-08 01:16,132.34,132.38,132.23,132.34,126.54895836,132.33000000,132.37000000,132.22000000,132.33000000,723.59400000,132.41,132.41,132.35,132.35,1.0299999899999999,132.31,132.37,132.22,132.33,211.032,132.39,132.39,132.25,132.25,785.64712704
2025-12-08 01:17,132.35,132.36,132.29,132.33,429.17093266,132.34000000,132.36000000,132.28000000,132.32000000,739.00600000,,,,,,132.33,132.36,132.28,132.32,260.12,132.33,132.35,132.3,132.35,25.92245727
2025-12-08 01:18,132.32,132.51,132.32,132.48,938.26440243,132.32000000,132.48000000,132.32000000,132.47000000,712.60900000,,,,,,132.32,132.48,132.32,132.45,231.915,132.41,132.52,132.41,132.52,100.2461215
2025-12-08 01:19,132.48,132.59,132.38,132.42,1624.75650587,132.47000000,132.59000000,132.38000000,132.39000000,2155.18200000,132.54,132.6,132.54,132.59,0.8,132.45,132.58,132.38,132.39,765.529,132.52,132.57,132.43,132.43,26.46082106
2025-12-08 01:20,132.41,132.51,132.39,132.49,320.72929275,132.39000000,132.49000000,132.37000000,132.49000000,501.65000000,,,,,,132.39,132.5,132.37,132.5,233.933,132.4,132.5,132.4,132.5,6.847538729999999
2025-12-08 01:21,132.51,132.51,132.24,132.26,865.94053059,132.49000000,132.49000000,132.24000000,132.25000000,1880.39000000,132.45,132.45,132.42,132.42,0.39999999999999997,132.5,132.5,132.24,132.25,689.638,132.43,132.43,132.39,132.39,0.38353285000000004
2025-12-08 01:22,132.27,132.58,132.26,132.58,314.42817643,132.25000000,132.57000000,132.24000000,132.57000000,1167.60400000,132.56,132.61,132.56,132.61,0.2,132.25,132.57,132.25,132.57,482.404,132.28,132.6,132.28,132.6,76.00121373
2025-12-08 01:23,132.59,132.62,132.55,132.58,262.96759998,132.58000000,132.61000000,132.54000000,132.57000000,466.99200000,132.65,132.65,132.65,132.65,0.1,132.57,132.6,132.55,132.56,198.938,132.6,132.61,132.6,132.61,0.36977
2025-12-08 01:24,132.58,132.6,132.55,132.57,233.69622989,132.57000000,132.59000000,132.54000000,132.57000000,529.37400000,132.66,132.66,132.66,132.66,0.0663,132.56,132.59,132.54,132.57,185.852,132.58,132.59,132.58,132.59,0.42131681
2025-12-08 01:25,132.57,132.81,132.57,132.79,442.15438035,132.57000000,132.79000000,132.56000000,132.77000000,1613.64800000,132.68,132.81,132.68,132.81,0.5,132.57,132.79,132.56,132.75,564.615,132.58,132.75,132.58,132.75,34.81365604
2025-12-08 01:26,132.78,133.04,132.76,133.01,1206.08392855,132.77000000,133.03000000,132.74000000,133.00000000,3391.35300000,133.0,133.0,133.0,133.0,0.1,132.75,133.03,132.75,133,1338.57,132.76,132.97,132.76,132.97,500.45441042
2025-12-08 01:27,133.01,133.05,132.92,133.02,1212.53908656,133.00000000,133.04000000,132.91000000,133.01000000,1386.12400000,,,,,,133,133.04,132.91,133,493.313,132.97,133.0,132.97,133.0,31.534383079999998
2025-12-08 01:28,133.03,133.63,133.03,133.61,3114.14291262,133.00000000,133.60000000,133.00000000,133.59000000,10795.15600000,133.06,133.5,133.06,133.5,8.3375567,133,133.6,133,133.59,3771.303,133.0,133.56,133.0,133.56,109.90017697
2025-12-08 01:29,133.6,133.63,133.46,133.47,435.03708353,133.60000000,133.63000000,133.45000000,133.46000000,3033.39600000,133.52,133.52,133.52,133.52,0.72,133.59,133.63,133.46,133.46,1088.953,133.57,133.66,133.5,133.51,334.79205019
2025-12-08 01:30,133.47,133.76,133.47,133.58,1244.31376015,133.46000000,133.75000000,133.46000000,133.59000000,3730.77900000,133.64,133.64,133.64,133.64,0.1,133.46,133.71,133.45,133.58,1681.682,133.5,133.69,133.5,133.55,254.32815708
2025-12-08 01:31,133.6,133.96,133.6,133.89,1453.29170475,133.59000000,133.95000000,133.58000000,133.90000000,3931.74300000,133.87,133.92,133.87,133.92,3.74912178,133.58,133.94,133.58,133.89,1096.08,133.76,133.87,133.74,133.87,55.467585320000005
2025-12-08 01:32,133.92,134.15,133.87,133.95,4835.7562953,133.90000000,134.13000000,133.86000000,133.95000000,6795.10100000,133.96,134.12,133.96,134.12,1.52,133.89,134.12,133.85,133.92,2479.124,133.9,134.11,133.87,134.0,447.4559757
2025-12-08 01:33,133.97,134.17,133.82,133.91,1546.91773923,133.96000000,134.15000000,133.83000000,133.89000000,5027.54100000,133.98,133.98,133.98,133.98,0.2,133.92,134.14,133.83,133.9,1669.002,134.0,134.11,133.82,133.82,152.11273816
2025-12-08 01:34,133.9,133.9,133.47,133.47,1066.18746984,133.89000000,133.89000000,133.47000000,133.47000000,4446.23600000,133.9,133.9,133.77,133.77,1.0,133.9,133.9,133.48,133.48,1633.624,133.84,133.89,133.53,133.56,3049.63321552
2025-12-08 01:35,133.48,133.82,133.46,133.76,1686.1894419,133.47000000,133.82000000,133.45000000,133.76000000,3166.34600000,133.55,133.55,133.55,133.55,0.19999999,133.48,133.81,133.47,133.81,1129.42,133.47,133.83,133.47,133.81,5328.14016821
2025-12-08 01:36,133.77,133.81,133.63,133.66,2320.99196823,133.76000000,133.83000000,133.63000000,133.67000000,3597.31100000,133.8,133.8,133.8,133.8,0.5,133.81,133.81,133.64,133.68,1243.599,133.79,133.85,133.66,133.71,7068.6543764200005
2025-12-08 01:37,133.67,133.67,133.48,133.57,1322.59817762,133.67000000,133.67000000,133.49000000,133.58000000,1864.80500000,133.55,133.55,133.55,133.55,0.5,133.68,133.68,133.49,133.56,594.887,133.65,133.65,133.49,133.6,2116.46012491
2025-12-08 01:38,133.58,134.06,133.58,134.06,2282.19223381,133.59000000,134.06000000,133.59000000,134.05000000,1921.67500000,133.75,133.96,133.75,133.96,0.8,133.56,134.04,133.56,134.04,718.44,133.61,134.06,133.61,134.06,4675.48906723
2025-12-08 01:39,134.07,134.35,134.07,134.35,2786.67082014,134.06000000,134.34000000,134.06000000,134.33000000,3703.74500000,134.08,134.35,134.08,134.35,4.01640399,134.04,134.34,134.04,134.34,1294.216,134.12,134.41,134.12,134.34,5935.43397244
2025-12-08 01:40,134.35,134.47,134.16,134.16,1953.68591907,134.34000000,134.47000000,134.16000000,134.16000000,3581.96800000,134.44,134.49,134.44,134.49,0.82,134.34,134.48,134.16,134.16,1269.536,134.42,134.43,134.21,134.21,515.96047847
2025-12-08 01:41,134.15,134.15,133.95,134.0,519.51896307,134.15000000,134.15000000,133.94000000,134.02000000,1212.48800000,134.12,134.12,134.1,134.1,0.4,134.16,134.16,133.94,134,423.814,134.2,134.2,133.99,134.0,433.83780312
2025-12-08 01:42,134.0,134.1,133.92,133.98,1853.37155846,134.01000000,134.10000000,133.90000000,133.98000000,5480.11300000,133.97,133.97,133.97,133.97,0.72,134,134.06,133.9,133.98,1918.476,133.97,134.08,133.94,134.03,390.90473761
2025-12-08 01:43,133.97,134.07,133.68,133.82,851.71473121,133.98000000,134.05000000,133.69000000,133.83000000,3702.14100000,133.96,133.96,133.82,133.82,2.11999999,133.98,134.05,133.71,133.84,1236.753,134.04,134.07,133.83,133.87,39.08667117
2025-12-08 01:44,133.84,133.85,133.59,133.62,897.59141725,133.83000000,133.83000000,133.57000000,133.60000000,1959.93900000,133.68,133.68,133.68,133.68,0.2,133.84,133.84,133.58,133.6,693.319,133.85,133.87,133.6,133.62,326.53506993
2025-12-08 01:45,133.61,133.64,133.5,133.63,596.90351647,133.60000000,133.64000000,133.49000000,133.61000000,3287.56900000,133.62,133.62,133.6,133.6,0.39999998999999997,133.6,133.64,133.49,133.61,1125.198,133.6,133.63,133.54,133.56,132.26187639999998
2025-12-08 01:46,133.64,133.83,133.63,133.74,593.1515018,133.61000000,133.79000000,133.61000000,133.72000000,1627.43300000,133.67,133.81,133.67,133.81,1.136724,133.61,133.79,133.6,133.72,596.713,133.63,133.78,133.63,133.78,26.86619485
2025-12-08 01:47,133.73,133.74,133.49,133.64,817.14299259,133.71000000,133.71000000,133.48000000,133.60000000,935.39400000,133.68,133.68,133.59,133.59,8.52000001,133.72,133.72,133.48,133.6,346.945,133.77,133.77,133.57,133.57,165.89212083
2025-12-08 01:48,133.62,133.65,133.43,133.44,964.32600799,133.60000000,133.63000000,133.41000000,133.45000000,2472.26300000,133.54,133.54,133.5,133.5,0.59999999,133.6,133.63,133.42,133.44,876.835,133.64,133.66,133.48,133.48,239.85826038
2025-12-08 01:49,133.45,133.71,133.45,133.67,313.16338526,133.44000000,133.71000000,133.44000000,133.66000000,608.17300000,,,,,,133.44,133.69,133.44,133.68,241.629,133.49,133.66,133.49,133.66,392.34172036
2025-12-08 01:50,133.67,133.69,133.59,133.61,233.61319101,133.66000000,133.66000000,133.57000000,133.59000000,960.63200000,,,,,,133.68,133.68,133.57,133.59,368.746,133.67,133.67,133.61,133.61,140.1899182
2025-12-08 01:51,133.6,133.64,133.51,133.55,186.99229605,133.58000000,133.63000000,133.51000000,133.53000000,654.71900000,,,,,,133.59,133.63,133.5,133.54,304.691,133.61,133.66,133.58,133.62,156.94745064999998
2025-12-08 01:52,133.55,133.61,133.41,133.45,674.54025016,133.54000000,133.60000000,133.40000000,133.44000000,815.96000000,133.5,133.5,133.49,133.49,0.19999999999999998,133.54,133.61,133.4,133.44,250.505,133.48,133.49,133.44,133.46,1.17980128
2025-12-08 01:53,133.46,133.59,133.34,133.55,367.14431718,133.44000000,133.57000000,133.32000000,133.52000000,1670.01600000,133.49,133.49,133.42,133.42,1.00000001,133.44,133.57,133.32,133.53,589.696,133.46,133.59,133.39,133.55,8.91350931
2025-12-08 01:54,133.54,133.71,133.54,133.6,1994.10689036,133.53000000,133.64000000,133.53000000,133.60000000,1774.85000000,133.64,133.64,133.64,133.64,0.2,133.53,133.65,133.53,133.6,622.316,133.61,133.67,133.61,133.61,20.02995879
2025-12-08 01:55,133.62,133.67,133.55,133.59,340.05741624,133.60000000,133.65000000,133.56000000,133.60000000,789.92600000,133.66,133.66,133.65,133.65,0.7,133.6,133.65,133.56,133.59,290.896,133.63,133.67,133.61,133.66,77.51079730000001
2025-12-08 01:56,133.6,133.62,133.43,133.43,768.72237527,133.59000000,133.60000000,133.42000000,133.42000000,1750.92700000,133.51,133.51,133.51,133.51,0.09999999,133.59,133.59,133.43,133.43,596.465,133.61,133.62,133.51,133.51,37.44417008
2025-12-08 01:57,133.43,133.43,133.16,133.25,2244.34438162,133.42000000,133.42000000,133.13000000,133.24000000,4642.98100000,133.51,133.51,133.25,133.25,2.30000001,133.43,133.43,133.17,133.24,1651.162,133.44,133.44,133.1,133.21,1312.71029653
2025-12-08 01:58,133.25,133.44,133.24,133.44,289.11187862,133.23000000,133.42000000,133.23000000,133.42000000,1008.73500000,,,,,,133.24,133.41,133.23,133.41,357.277,133.22,133.38,133.22,133.37,57.596698999999994
2025-12-08 01:59,133.44,133.47,133.32,133.37,106.08227334,133.42000000,133.45000000,133.33000000,133.37000000,762.90700000,133.44,133.45,133.44,133.45,0.4,133.41,133.45,133.33,133.37,249.576,133.38,133.45,133.38,133.39,23.83052246
2025-12-08 02:00,133.37,133.4,133.15,133.17,601.04633466,133.37000000,133.39000000,133.14000000,133.16000000,1243.75900000,133.29,133.29,133.29,133.29,0.09999999999999999,133.37,133.4,133.14,133.17,452.596,133.38,133.4,133.22,133.22,8.21553836
2025-12-08 02:01,133.18,133.46,133.18,133.36,530.96742941,133.17000000,133.45000000,133.17000000,133.36000000,1033.29300000,133.44,133.46,133.44,133.46,0.4,133.17,133.45,133.17,133.35,366.319,133.2,133.47,133.2,133.43,29.90345162
2025-12-08 02:02,133.36,133.44,133.34,133.42,211.85851737,133.35000000,133.44000000,133.33000000,133.43000000,967.13000000,,,,,,133.35,133.44,133.33,133.43,338.157,133.35,133.44,133.35,133.44,8.25728255
2025-12-08 02:03,133.43,133.58,133.43,133.56,374.63281335,133.42000000,133.57000000,133.42000000,133.57000000,1087.55400000,133.52,133.58,133.52,133.58,0.8,133.43,133.58,133.43,133.58,414.728,133.44,133.58,133.44,133.58,16.28457063
2025-12-08 02:04,133.58,133.58,133.37,133.39,295.10555894,133.58000000,133.58000000,133.38000000,133.39000000,1018.97400000,,,,,,133.58,133.58,133.38,133.39,345.876,133.53,133.54,133.43,133.45,155.84518225
2025-12-08 02:05,133.38,133.38,133.27,133.33,323.70137184,133.38000000,133.38000000,133.27000000,133.31000000,1392.11400000,133.42,133.42,133.35,133.35,0.22621246,133.39,133.39,133.27,133.31,499.4,133.4,133.4,133.28,133.29,50.3819741
2025-12-08 02:06,133.33,133.38,133.21,133.32,237.96492464,133.30000000,133.36000000,133.18000000,133.29000000,977.98500000,133.32,133.32,133.29,133.29,0.3,133.31,133.37,133.2,133.3,343.404,133.3,133.33,133.26,133.26,7.3247587
2025-12-08 02:07,133.29,133.39,133.22,133.3,245.48053372,133.28000000,133.36000000,133.22000000,133.29000000,2320.74300000,,,,,,133.3,133.37,133.21,133.29,779.603,133.33,133.34,133.31,133.31,1001.34192888
2025-12-08 02:08,133.29,133.54,133.29,133.54,270.50599548,133.29000000,133.53000000,133.29000000,133.53000000,1753.69000000,133.43,133.53,133.43,133.53,0.6000000000000001,133.29,133.51,133.29,133.51,611.935,133.34,133.47,133.34,133.47,1.3039467599999999
2025-12-08 02:09,133.54,133.65,133.31,133.32,1038.9967561,133.54000000,133.64000000,133.30000000,133.31000000,2482.62800000,133.55,133.63,133.47,133.47,1.52,133.51,133.61,133.31,133.32,904.269,133.49,133.56,133.49,133.52,15.25827658
2025-12-08 02:10,133.3,133.39,133.23,133.34,138.01916999,133.31000000,133.38000000,133.22000000,133.33000000,1225.29600000,133.36,133.36,133.35,133.35,0.3,133.32,133.38,133.22,133.32,414.571,133.3,133.33,133.3,133.33,0.37723
2025-12-08 02:11,133.32,133.6,133.32,133.53,507.96481513,133.32000000,133.60000000,133.31000000,133.53000000,1521.07300000,133.53,133.61,133.53,133.61,0.7000000000000001,133.32,133.6,133.3,133.52,546.667,133.33,133.6,133.33,133.52,21.62013131
2025-12-08 02:12,133.52,133.58,133.45,133.55,220.83903879,133.52000000,133.57000000,133.45000000,133.54000000,1332.46600000,,,,,,133.52,133.57,133.46,133.54,459.355,133.51,133.55,133.51,133.55,0.13727
2025-12-08 02:13,133.54,133.58,133.46,133.51,460.62491876,133.53000000,133.57000000,133.45000000,133.49000000,1105.96500000,133.59,133.6,133.59,133.6,0.9724788400000001,133.54,133.57,133.45,133.5,398.227,133.52,133.52,133.52,133.52,249.45952142000002
2025-12-08 02:14,133.49,133.53,133.41,133.52,174.99134211,133.49000000,133.54000000,133.40000000,133.53000000,683.71700000,,,,,,133.5,133.5,133.4,133.5,249.796,133.52,133.52,133.42,133.42,266.10537764
2025-12-08 02:15,133.52,133.57,133.44,133.52,164.51108852,133.53000000,133.57000000,133.45000000,133.52000000,1339.41200000,,,,,,133.5,133.57,133.43,133.51,593.321,133.52,133.53,133.52,133.53,1.0727855000000002
2025-12-08 02:16,133.51,133.58,133.48,133.58,189.96615339,133.51000000,133.57000000,133.49000000,133.56000000,671.32100000,,,,,,133.51,133.57,133.49,133.57,300.975,133.52,133.53,133.52,133.53,39.4002717
2025-12-08 02:17,133.57,133.69,133.56,133.67,153.99227675,133.56000000,133.69000000,133.55000000,133.67000000,608.20700000,133.64,133.7,133.64,133.7,0.9,133.57,133.69,133.55,133.67,210.829,133.53,133.69,133.52,133.69,26.92546384
2025-12-08 02:18,133.66,133.81,133.66,133.68,581.7174465,133.67000000,133.79000000,133.66000000,133.66000000,2369.45800000,133.71,133.78,133.71,133.78,1.2000000000000002,133.67,133.79,133.66,133.66,829.371,133.7,133.75,133.7,133.75,0.108047
2025-12-08 02:19,133.67,133.67,133.48,133.61,966.43389463,133.66000000,133.66000000,133.48000000,133.61000000,2269.41000000,133.64,133.64,133.59,133.59,0.39999998999999997,133.66,133.66,133.48,133.61,794.196,133.69,133.69,133.54,133.55,2.482119
2025-12-08 02:20,133.6,133.6,133.46,133.53,217.27998902,133.61000000,133.61000000,133.45000000,133.51000000,1092.22100000,133.59,133.59,133.56,133.56,0.19999999999999998,133.61,133.61,133.46,133.51,464.562,133.6,133.6,133.51,133.51,131.3346114
2025-12-08 02:21,133.52,133.62,133.5,133.62,174.5768073,133.51000000,133.61000000,133.50000000,133.60000000,400.71200000,,,,,,133.51,133.61,133.5,133.57,156.309,133.52,133.62,133.52,133.62,14.37357828
2025-12-08 02:22,133.62,133.69,133.57,133.64,116.1853368,133.60000000,133.68000000,133.58000000,133.66000000,1008.40100000,,,,,,133.57,133.69,133.57,133.66,344.304,133.62,133.62,133.62,133.62,1.76077
2025-12-08 02:23,133.66,133.7,133.6,133.62,146.55158217,133.66000000,133.69000000,133.59000000,133.64000000,916.41000000,133.72,133.72,133.72,133.72,0.1,133.66,133.69,133.6,133.63,350.425,133.67,133.67,133.67,133.67,7.69008752
2025-12-08 02:24,133.63,133.74,133.58,133.74,156.62399435,133.63000000,133.72000000,133.57000000,133.72000000,757.34100000,133.67,133.74,133.67,133.74,0.17479991,133.63,133.73,133.58,133.73,235.787,133.66,133.7,133.59,133.7,32.635758609999996
2025-12-08 02:25,133.74,133.74,133.65,133.7,223.58578598,133.73000000,133.73000000,133.64000000,133.70000000,670.99700000,,,,,,133.73,133.73,133.64,133.7,354.456,133.69,133.73,133.66,133.7,7.38496346
2025-12-08 02:26,133.7,133.75,133.65,133.69,132.23168454,133.69000000,133.73000000,133.65000000,133.69000000,1226.60100000,,,,,,133.7,133.73,133.66,133.69,322.643,133.7,133.75,133.69,133.72,22.87112498
2025-12-08 02:27,133.69,133.8,133.69,133.78,374.71709312,133.70000000,133.79000000,133.69000000,133.76000000,964.89600000,133.78,133.85,133.78,133.85,109.12700222,133.69,133.8,133.69,133.76,337.734,133.71,133.8,133.71,133.77,1.61528552
2025-12-08 02:28,133.78,133.81,133.75,133.81,112.76541965,133.77000000,133.78000000,133.76000000,133.78000000,690.78900000,133.83,133.83,133.83,133.83,0.196,133.76,133.79,133.76,133.79,237.885,133.78,133.83,133.78,133.83,17.86861
2025-12-08 02:29,133.8,133.82,133.77,133.78,112.71558021,133.78000000,133.80000000,133.77000000,133.79000000,369.55700000,,,,,,133.79,133.8,133.77,133.78,156.761,133.8,133.81,133.79,133.8,1.85052142
2025-12-08 02:30,133.78,133.87,133.7,133.73,517.42568248,133.78000000,133.85000000,133.70000000,133.70000000,1189.26000000,133.86,133.86,133.86,133.86,0.1,133.78,133.84,133.7,133.7,392.689,133.79,133.8,133.79,133.8,8.13728588
2025-12-08 02:31,133.72,133.97,133.68,133.87,269.57597931,133.70000000,133.95000000,133.67000000,133.85000000,1018.85800000,133.78,133.95,133.78,133.95,2.9244942,133.7,133.94,133.68,133.85,361.442,133.69,133.98,133.69,133.93,80.66382544999999
2025-12-08 02:32,133.87,133.87,133.69,133.7,304.42811521,133.84000000,133.84000000,133.69000000,133.69000000,577.28800000,,,,,,133.85,133.85,133.7,133.7,210.451,133.86,133.86,133.77,133.77,63.43549607
2025-12-08 02:33,133.7,133.77,133.63,133.66,384.73451871,133.68000000,133.76000000,133.64000000,133.64000000,1140.73200000,133.74,133.74,133.74,133.74,0.2,133.7,133.76,133.64,133.65,386.973,133.74,133.78,133.7,133.7,7.43051556
2025-12-08 02:34,133.64,133.76,133.61,133.63,163.92836533,133.64000000,133.74000000,133.60000000,133.61000000,554.98100000,,,,,,133.65,133.74,133.6,133.61,203.739,133.7,133.75,133.64,133.64,6.93277302
2025-12-08 02:35,133.61,133.62,133.31,133.41,1600.00803004,133.60000000,133.61000000,133.32000000,133.40000000,4112.01500000,133.7,133.7,133.43,133.43,11.62085768,133.61,133.61,133.32,133.4,1584.325,133.53,133.53,133.33,133.36,655.20705028
2025-12-08 02:36,133.39,133.7,133.39,133.6,622.37442597,133.39000000,133.69000000,133.38000000,133.58000000,1359.18300000,133.62,133.71,133.62,133.71,10.18,133.4,133.69,133.38,133.6,448.676,133.36,133.56,133.36,133.56,3.01530079
2025-12-08 02:37,133.6,133.8,133.59,133.71,212.87487219,133.59000000,133.78000000,133.57000000,133.70000000,910.63300000,133.72,133.81,133.72,133.81,0.4,133.6,133.78,133.58,133.69,394.829,133.66,133.77,133.66,133.77,1.92988453
2025-12-08 02:38,133.7,133.7,133.53,133.66,232.78881739,133.70000000,133.70000000,133.51000000,133.66000000,420.33100000,,,,,,133.69,133.69,133.51,133.64,251.459,133.67,133.67,133.59,133.66,3.5139759699999997
2025-12-08 02:39,133.67,133.85,133.67,133.85,235.49322284,133.66000000,133.84000000,133.66000000,133.83000000,551.02600000,133.83,133.86,133.83,133.86,0.30000000000000004,133.64,133.85,133.64,133.82,176.58,133.71,133.8,133.71,133.8,0.55839829
2025-12-08 02:40,133.84,133.91,133.8,133.91,358.50723264,133.83000000,133.90000000,133.81000000,133.88000000,274.16100000,133.88,133.88,133.88,133.88,0.1,133.82,133.9,133.81,133.88,112.015,133.8,133.91,133.8,133.91,12.00385447
2025-12-08 02:41,133.89,133.99,133.79,133.85,286.17698949,133.88000000,133.96000000,133.77000000,133.83000000,1252.50100000,133.93,133.98,133.93,133.98,0.6000000000000001,133.88,133.95,133.77,133.84,438.097,133.95,133.95,133.95,133.95,0.14512
2025-12-08 02:42,133.84,133.93,133.75,133.82,752.76093112,133.83000000,133.91000000,133.74000000,133.79000000,1139.24600000,,,,,,133.84,133.9,133.76,133.79,398.182,133.85,133.85,133.76,133.76,2.0966062
2025-12-08 02:43,133.79,133.87,133.7,133.86,164.00821266,133.79000000,133.88000000,133.71000000,133.84000000,1071.29800000,,,,,,133.79,133.88,133.71,133.84,397.199,133.74,133.74,133.74,133.74,0.35141626000000004
2025-12-08 02:44,133.85,134.02,133.85,133.99,609.45139933,133.84000000,134.00000000,133.84000000,133.98000000,402.56600000,134.0,134.02,134.0,134.02,0.2,133.84,134,133.84,133.99,125.002,133.9,134.0,133.9,133.99,15.13249178
2025-12-08 02:45,133.98,134.06,133.91,133.95,642.62877157,133.98000000,134.06000000,133.90000000,133.95000000,797.94100000,134.07,134.09,134.07,134.09,0.2,133.99,134.05,133.9,133.95,298.476,134.0,134.0,133.92,133.93,109.58184221
2025-12-08 02:46,133.96,134.04,133.94,133.99,615.5500343,133.95000000,134.02000000,133.94000000,133.96000000,768.38400000,,,,,,133.95,134.01,133.93,133.95,272.644,134.02,134.03,133.99,133.99,5.628308539999999
2025-12-08 02:47,133.98,134.06,133.94,133.95,1297.60927518,133.96000000,134.04000000,133.93000000,133.94000000,840.13500000,,,,,,133.95,134.04,133.92,133.94,303.83,134.01,134.04,133.99,134.01,68.4274073
2025-12-08 02:48,133.94,133.94,133.8,133.82,446.65080437,133.93000000,133.93000000,133.77000000,133.82000000,1034.15000000,133.92,133.92,133.88,133.88,0.79999999,133.94,133.94,133.77,133.77,357.254,133.95,133.95,133.81,133.81,17.440923
2025-12-08 02:49,133.83,133.85,133.75,133.82,573.00003753,133.83000000,133.83000000,133.74000000,133.80000000,1733.53700000,133.88,133.88,133.87,133.87,0.20000000999999998,133.77,133.83,133.74,133.81,554.034,133.83,133.83,133.77,133.77,0.74615686
2025-12-08 02:50,133.82,133.96,133.81,133.9,308.31145904,133.81000000,133.93000000,133.79000000,133.89000000,1039.36400000,,,,,,133.81,133.93,133.79,133.89,484.536,133.83,133.94,133.83,133.94,4.03108107
2025-12-08 02:51,133.89,133.95,133.82,133.87,198.92774966,133.88000000,133.91000000,133.80000000,133.86000000,462.48200000,,,,,,133.89,133.91,133.8,133.85,163.576,133.92,133.93,133.88,133.89,14.86374225
2025-12-08 02:52,133.87,134.08,133.87,134.07,158.97145023,133.86000000,134.06000000,133.86000000,134.06000000,1433.44900000,134.02,134.05,134.02,134.05,0.30000000000000004,133.85,134.05,133.85,134.05,555.339,133.85,134.05,133.85,134.05,4.97621
2025-12-08 02:53,134.07,134.08,133.92,133.94,188.94462366,134.06000000,134.06000000,133.90000000,133.92000000,625.03000000,134.02,134.02,134.02,134.02,1.0,134.05,134.07,133.91,133.92,213.899,134.06,134.06,133.95,133.95,4.16737583
2025-12-08 02:54,133.94,134.01,133.87,134.01,208.24948781,133.92000000,134.00000000,133.86000000,133.99000000,570.96000000,,,,,,133.92,134,133.88,133.99,270.337,133.9,133.95,133.9,133.95,116.08925136
2025-12-08 02:55,134.02,134.21,134.01,134.12,676.38724674,134.00000000,134.20000000,134.00000000,134.13000000,1817.79100000,134.1,134.16,134.1,134.16,0.6000000000000001,133.99,134.19,133.99,134.09,661.535,134.03,134.15,134.03,134.12,4.28020725
2025-12-08 02:56,134.13,134.19,134.1,134.19,213.03284602,134.14000000,134.19000000,134.09000000,134.17000000,445.52500000,,,,,,134.09,134.18,134.09,134.16,226.841,134.11,134.16,134.11,134.16,363.2684
2025-12-08 02:57,134.18,134.19,134.13,134.17,265.28131679,134.17000000,134.17000000,134.12000000,134.12000000,704.00000000,,,,,,134.16,134.17,134.12,134.12,246.404,134.16,134.16,134.14,134.14,7.13850867
2025-12-08 02:58,134.15,134.21,134.14,134.18,150.2102064,134.13000000,134.19000000,134.13000000,134.16000000,442.88300000,,,,,,134.12,134.19,134.12,134.16,158.634,134.13,134.15,134.13,134.15,29.56760483
2025-12-08 02:59,134.18,134.19,134.04,134.06,555.71946257,134.15000000,134.18000000,134.03000000,134.04000000,759.96100000,,,,,,134.16,134.17,134.03,134.04,266.029,134.17,134.2,134.06,134.08,12.046976780000001
2025-12-08 03:00,134.07,134.27,134.06,134.27,1095.41835998,134.05000000,134.26000000,134.05000000,134.26000000,2605.10600000,,,,,,134.04,134.25,134.04,134.25,804.118,134.06,134.22,134.05,134.22,7.61553078
2025-12-08 03:01,134.27,134.28,134.02,134.09,959.60139496,134.25000000,134.27000000,134.02000000,134.09000000,605.10400000,,,,,,134.25,134.27,134.02,134.09,318.573,134.25,134.28,134.08,134.1,12.75061072
2025-12-08 03:02,134.1,134.12,133.9,133.91,505.41526846,134.08000000,134.09000000,133.87000000,133.89000000,1341.34000000,134.18,134.18,134.0,134.0,0.62236303,134.09,134.1,133.88,133.9,423.162,134.1,134.14,133.98,133.98,66.57925802
2025-12-08 03:03,133.91,133.93,133.8,133.89,460.20365212,133.90000000,133.91000000,133.78000000,133.88000000,2811.31100000,133.96,133.96,133.89,133.89,1.19999999,133.9,133.9,133.79,133.88,1044.813,133.92,133.92,133.84,133.85,1.1795190500000001
2025-12-08 03:04,133.9,134.17,133.9,134.09,563.49420173,133.88000000,134.16000000,133.88000000,134.08000000,1294.21600000,134.05,134.1,134.05,134.1,0.6,133.88,134.16,133.88,134.09,455.601,133.85,134.12,133.85,134.12,46.877454119999996
2025-12-08 03:05,134.07,134.09,133.92,133.94,249.81549643,134.08000000,134.08000000,133.91000000,133.93000000,922.59800000,,,,,,134.09,134.09,133.9,133.93,316.214,134.04,134.04,133.91,133.94,0.6474799999999999
2025-12-08 03:06,133.94,134.02,133.9,134.02,584.51224572,133.94000000,134.01000000,133.87000000,134.01000000,907.31000000,,,,,,133.93,134.01,133.89,134.01,263.366,133.95,133.95,133.91,133.95,4.00481175
2025-12-08 03:07,134.03,134.15,134.02,134.1,725.55764326,134.02000000,134.14000000,134.02000000,134.07000000,4202.18200000,,,,,,134.01,134.14,134.01,134.08,1525.485,134.0,134.13,134.0,134.11,253.28850589
2025-12-08 03:08,134.07,134.07,133.9,133.98,1192.45985056,134.07000000,134.07000000,133.85000000,133.97000000,2137.28200000,,,,,,134.08,134.08,133.88,133.98,747.713,134.03,134.03,133.91,134.01,55.50643655
2025-12-08 03:09,133.98,134.04,133.97,133.98,357.62728659,133.98000000,133.99000000,133.95000000,133.97000000,579.36400000,,,,,,133.98,134,133.95,133.97,196.435,134.0,134.0,133.96,133.96,8.60763524
2025-12-08 03:10,133.98,134.1,133.92,133.93,473.21163431,133.96000000,134.07000000,133.90000000,133.91000000,1110.44700000,,,,,,133.97,134.07,133.91,133.91,393.589,134.0,134.01,134.0,134.01,1.5537031899999998
2025-12-08 03:11,133.92,133.99,133.9,133.92,557.4486978,133.90000000,133.96000000,133.87000000,133.92000000,542.54900000,,,,,,133.91,133.96,133.87,133.93,189.14,133.94,133.94,133.91,133.91,4.35864697
2025-12-08 03:12,133.92,133.99,133.91,133.99,331.34090043,133.92000000,133.97000000,133.90000000,133.97000000,640.23700000,,,,,,133.93,133.96,133.9,133.96,226.591,133.9,133.98,133.9,133.97,2.27369975
2025-12-08 03:13,133.96,133.98,133.83,133.87,561.52615448,133.96000000,133.97000000,133.80000000,133.85000000,1172.23700000,133.96,133.96,133.9,133.9,0.89999999,133.96,133.97,133.8,133.84,409.317,133.97,133.97,133.81,133.85,1.11885712
2025-12-08 03:14,133.87,133.9,133.83,133.87,356.77777517,133.86000000,133.87000000,133.80000000,133.84000000,1105.76800000,,,,,,133.84,133.87,133.8,133.84,387.983,133.86,133.86,133.84,133.84,3.65827
2025-12-08 03:15,133.85,133.85,133.78,133.83,311.24942365,133.83000000,133.83000000,133.76000000,133.80000000,711.96800000,133.9,133.9,133.87,133.87,0.40000000999999996,133.84,133.84,133.76,133.79,264.279,133.82,133.82,133.78,133.78,4.11085939
2025-12-08 03:16,133.83,134.01,133.81,133.99,1114.68058192,133.81000000,133.99000000,133.80000000,133.98000000,1279.63500000,,,,,,133.79,133.99,133.79,133.98,488.401,133.82,133.98,133.82,133.97,13.216115250000001
2025-12-08 03:17,133.99,134.05,133.97,134.05,193.83656417,133.98000000,134.03000000,133.96000000,134.02000000,1641.00500000,134.02,134.02,134.02,134.02,0.2,133.98,134.03,133.96,134.02,727.612,133.98,134.01,133.97,133.98,12.1953208
2025-12-08 03:18,134.05,134.13,134.04,134.1,417.69371232,134.03000000,134.12000000,134.02000000,134.07000000,1037.67800000,134.05,134.08,134.05,134.08,0.8,134.02,134.12,134.02,134.07,272.363,134.1,134.1,134.1,134.1,3.0813200000000003
2025-12-08 03:19,134.08,134.19,134.05,134.17,354.63145221,134.06000000,134.17000000,134.04000000,134.15000000,2990.12900000,134.14,134.19,134.14,134.19,0.6000000000000001,134.07,134.17,134.04,134.17,1542.005,134.1,134.1,134.05,134.1,10.91762447
2025-12-08 03:20,134.17,134.3,134.15,134.29,418.48538442,134.15000000,134.28000000,134.12000000,134.25000000,1422.52900000,134.21,134.28,134.21,134.28,0.6,134.17,134.27,134.13,134.26,488.114,134.13,134.29,134.12,134.27,24.108415570000002
2025-12-08 03:21,134.28,134.43,134.28,134.35,445.1706467,134.26000000,134.40000000,134.26000000,134.34000000,2510.14800000,134.29,134.35,134.29,134.35,0.30000000000000004,134.26,134.4,134.25,134.31,937.919,134.27,134.38,134.27,134.36,7.40909437
2025-12-08 03:22,134.36,134.47,134.3,134.41,581.58073574,134.35000000,134.44000000,134.30000000,134.40000000,1313.73500000,134.43,134.43,134.43,134.43,0.1,134.31,134.44,134.3,134.4,406.086,134.34,134.38,134.34,134.38,155.26505906
2025-12-08 03:23,134.41,134.49,134.37,134.37,1087.81617171,134.39000000,134.48000000,134.38000000,134.39000000,1974.09600000,,,,,,134.4,134.48,134.38,134.4,687.642,134.38,134.44,134.38,134.4,347.26400073
2025-12-08 03:24,134.4,134.44,134.36,134.41,532.09160864,134.39000000,134.42000000,134.35000000,134.40000000,1663.90300000,,,,,,134.4,134.42,134.36,134.38,532.407,134.39,134.42,134.38,134.39,2.20850619
2025-12-08 03:25,134.42,134.54,134.4,134.5,5883.00044182,134.41000000,134.53000000,134.38000000,134.49000000,1173.41000000,,,,,,134.38,134.53,134.38,134.49,530.768,134.41,134.47,134.41,134.45,380.70600606
2025-12-08 03:26,134.5,134.56,134.43,134.51,431.21631058,134.50000000,134.54000000,134.43000000,134.50000000,1356.02900000,,,,,,134.49,134.54,134.43,134.49,377.603,134.48,134.51,134.45,134.47,3.0620684600000003
2025-12-08 03:27,134.5,134.66,134.48,134.62,417.42916036,134.49000000,134.66000000,134.47000000,134.62000000,2432.55500000,134.57,134.64,134.57,134.64,4.06921481,134.49,134.65,134.47,134.62,912.65,134.48,134.59,134.48,134.59,387.90870996
2025-12-08 03:28,134.63,134.69,134.6,134.6,463.76569656,134.61000000,134.69000000,134.57000000,134.57000000,1574.34400000,134.67,134.67,134.67,134.67,0.1,134.62,134.69,134.56,134.56,566.28,134.62,134.63,134.62,134.63,0.36134
2025-12-08 03:29,134.59,134.61,134.5,134.5,278.25537287,134.57000000,134.59000000,134.46000000,134.46000000,981.10700000,,,,,,134.56,134.59,134.45,134.45,386.566,134.54,134.55,134.5,134.55,197.3556784
2025-12-08 03:30,134.49,134.5,134.41,134.42,403.19184228,134.45000000,134.47000000,134.38000000,134.43000000,862.35900000,134.53,134.53,134.5,134.5,0.39999998999999997,134.45,134.46,134.37,134.42,331.828,134.41,134.44,134.41,134.43,151.60508617
2025-12-08 03:31,134.42,134.49,134.42,134.44,460.35594897,134.43000000,134.48000000,134.41000000,134.43000000,1051.64900000,,,,,,134.42,134.48,134.41,134.42,363.309,134.44,134.46,134.44,134.44,0.5314517599999999
2025-12-08 03:32,134.43,134.5,134.4,134.49,326.92813303,134.43000000,134.48000000,134.38000000,134.46000000,944.54400000,,,,,,134.42,134.47,134.38,134.47,330.3,134.42,134.46,134.4,134.46,22.11305299
2025-12-08 03:33,134.5,134.53,134.46,134.52,221.7884827,134.47000000,134.50000000,134.44000000,134.50000000,963.65600000,,,,,,134.47,134.5,134.44,134.49,341.672,134.45,134.5,134.44,134.5,3.4068016899999995
2025-12-08 03:34,134.52,134.55,134.47,134.53,585.08363709,134.49000000,134.54000000,134.46000000,134.52000000,906.12800000,134.51,134.53,134.51,134.53,0.45772873999999997,134.49,134.53,134.45,134.53,310.637,134.49,134.5,134.49,134.49,24.13770402
2025-12-08 03:35,134.53,134.64,134.45,134.64,723.7878526,134.52000000,134.62000000,134.44000000,134.62000000,751.43800000,134.5,134.61,134.5,134.61,1.42786974,134.53,134.62,134.44,134.62,265.333,134.49,134.5,134.45,134.5,18.359145769999998
2025-12-08 03:36,134.65,134.73,134.48,134.51,837.78505812,134.63000000,134.71000000,134.47000000,134.48000000,1785.76500000,134.65,134.71,134.65,134.71,1.42138963,134.62,134.7,134.48,134.48,627.195,134.62,134.64,134.49,134.49,1.8026795599999998
2025-12-08 03:37,134.5,134.59,134.41,134.41,1350.00138969,134.49000000,134.57000000,134.38000000,134.38000000,844.59600000,134.55,134.57,134.54,134.54,0.6388555300000001,134.48,134.57,134.41,134.41,267.637,134.5,134.51,134.49,134.49,44.5361311
2025-12-08 03:38,134.41,134.42,134.25,134.29,5417.3009204,134.39000000,134.39000000,134.25000000,134.28000000,1853.60300000,134.46,134.46,134.34,134.34,1.2,134.41,134.41,134.25,134.28,684.214,134.38,134.38,134.31,134.35,3.9013999999999998
2025-12-08 03:39,134.3,134.31,134.21,134.25,392.64579327,134.29000000,134.29000000,134.20000000,134.23000000,1255.25800000,134.33,134.33,134.32,134.32,0.23053282,134.28,134.29,134.2,134.24,350.805,134.26,134.28,134.22,134.22,158.77447812
2025-12-08 03:40,134.24,134.29,134.1,134.15,1535.61877865,134.23000000,134.27000000,134.10000000,134.15000000,3437.46400000,134.29,134.29,134.23,134.28,3.00211308,134.24,134.24,134.13,134.15,1035.535,134.2,134.26,134.13,134.23,193.42429179
2025-12-08 03:41,134.16,134.25,134.09,134.23,983.58148053,134.15000000,134.24000000,134.07000000,134.21000000,1499.89500000,134.23,134.24,134.16,134.24,17.72291541,134.15,134.23,134.08,134.22,1017.568,134.17,134.2,134.09,134.18,85.07112008
2025-12-08 03:42,134.23,134.24,134.15,134.16,413.60882308,134.21000000,134.21000000,134.14000000,134.14000000,1261.40300000,,,,,,134.22,134.22,134.14,134.15,438.472,134.21,134.21,134.14,134.14,13.35462393
2025-12-08 03:43,134.16,134.17,134.04,134.07,311.67940803,134.14000000,134.15000000,134.04000000,134.05000000,540.70900000,134.15,134.15,134.14,134.14,0.39999998999999997,134.15,134.15,134.04,134.04,194.026,134.13,134.13,134.11,134.11,2.8194683
2025-12-08 03:44,134.06,134.08,134.03,134.08,137.67183985,134.04000000,134.06000000,134.04000000,134.06000000,452.68900000,134.14,134.14,134.13,134.13,0.19999999999999998,134.04,134.06,134.04,134.05,228.05,134.04,134.06,134.04,134.06,10.061773
2025-12-08 03:45,134.07,134.08,133.98,134.08,373.09783576,134.05000000,134.07000000,133.95000000,134.07000000,1599.48300000,134.13,134.13,134.07,134.07,0.40000000999999996,134.05,134.07,133.96,134.06,532.682,134.04,134.07,134.03,134.07,158.80261539
2025-12-08 03:46,134.08,134.21,134.08,134.18,426.8049147,134.07000000,134.18000000,134.06000000,134.16000000,1292.64600000,,,,,,134.06,134.19,134.06,134.17,452.403,134.08,134.19,134.08,134.19,5.68385499
2025-12-08 03:47,134.18,134.22,134.14,134.14,473.95535438,134.17000000,134.20000000,134.13000000,134.13000000,1480.28500000,,,,,,134.17,134.2,134.13,134.14,582.135,134.18,134.22,134.14,134.16,57.492209779999996
2025-12-08 03:48,134.15,134.17,134.07,134.12,471.88090078,134.13000000,134.14000000,134.05000000,134.10000000,184.66600000,,,,,,134.14,134.14,134.05,134.1,61.36,134.12,134.13,134.08,134.08,0.89771
2025-12-08 03:49,134.12,134.19,134.1,134.17,300.19677128,134.11000000,134.18000000,134.10000000,134.17000000,381.80100000,,,,,,134.1,134.18,134.09,134.16,136.99,134.13,134.17,134.12,134.17,14.51472
2025-12-08 03:50,134.16,134.17,134.05,134.13,340.88233921,134.16000000,134.16000000,134.05000000,134.12000000,699.35900000,134.24,134.24,134.24,134.24,0.24,134.16,134.17,134.06,134.13,254.831,134.14,134.14,134.07,134.12,1.30433759
2025-12-08 03:51,134.13,134.25,134.13,134.17,331.2993123,134.12000000,134.24000000,134.12000000,134.16000000,907.06100000,134.25,134.25,134.25,134.25,0.2,134.13,134.23,134.12,134.17,311.937,134.12,134.18,134.12,134.17,7.24164996
2025-12-08 03:52,134.18,134.3,134.18,134.25,200.36837874,134.17000000,134.27000000,134.17000000,134.24000000,257.45400000,134.26,134.29,134.26,134.29,0.6000000000000001,134.17,134.28,134.17,134.24,81.234,134.24,134.3,134.24,134.26,153.53926803000002
2025-12-08 03:53,134.25,134.25,134.16,134.23,231.48127134,134.24000000,134.24000000,134.16000000,134.22000000,901.09200000,,,,,,134.24,134.25,134.17,134.21,375.028,134.17,134.24,134.17,134.24,16.01101723
2025-12-08 03:54,134.22,134.22,134.18,134.2,262.98570028,134.22000000,134.22000000,134.17000000,134.19000000,556.34600000,,,,,,134.21,134.21,134.17,134.2,194.596,134.19,134.22,134.17,134.2,134.62486228
2025-12-08 03:55,134.18,134.21,134.13,134.21,356.44960736,134.20000000,134.20000000,134.12000000,134.19000000,944.10800000,,,,,,134.2,134.2,134.13,134.19,329.237,134.14,134.18,134.14,134.18,7.90341
2025-12-08 03:56,134.2,134.34,134.18,134.32,705.94262682,134.20000000,134.33000000,134.17000000,134.32000000,565.59300000,134.28,134.33,134.28,134.33,0.46,134.19,134.33,134.18,134.33,198.368,134.19,134.26,134.19,134.26,4.94163993
2025-12-08 03:57,134.33,134.37,134.22,134.28,293.54754614,134.32000000,134.34000000,134.21000000,134.28000000,950.14000000,134.35,134.36,134.35,134.36,0.4,134.33,134.33,134.21,134.29,333.272,134.27,134.29,134.27,134.27,0.45225927
2025-12-08 03:58,134.27,134.38,134.24,134.38,487.51024587,134.28000000,134.38000000,134.24000000,134.37000000,1197.18000000,134.38,134.38,134.38,134.38,0.2,134.29,134.38,134.24,134.38,419.604,,,,,0.0
2025-12-08 03:59,134.38,134.42,134.28,134.33,423.49649122,134.38000000,134.41000000,134.25000000,134.32000000,995.67500000,134.39,134.42,134.39,134.42,0.7000000000000001,134.38,134.41,134.27,134.31,368.407,134.38,134.39,134.31,134.32,3.10265149
2025-12-08 04:00,134.33,134.54,134.33,134.41,411.65653249,134.32000000,134.52000000,134.32000000,134.38000000,740.04400000,134.43,134.5,134.43,134.5,0.5,134.31,134.52,134.31,134.36,260.585,134.32,134.47,134.32,134.38,14.373280820000002
2025-12-08 04:01,134.39,134.47,134.38,134.46,299.87303355,134.39000000,134.47000000,134.38000000,134.44000000,164.18200000,,,,,,134.36,134.47,134.36,134.43,125.51,134.38,134.46,134.38,134.46,76.22753
2025-12-08 04:02,134.46,134.54,134.41,134.41,318.90785646,134.44000000,134.54000000,134.41000000,134.43000000,1117.56800000,,,,,,134.43,134.54,134.42,134.44,152.758,134.48,134.5,134.43,134.43,24.06124264
2025-12-08 04:03,134.42,134.5,134.28,134.32,587.31333369,134.44000000,134.48000000,134.29000000,134.31000000,305.24100000,,,,,,134.44,134.48,134.29,134.31,324.855,134.48,134.48,134.31,134.33,8.76413
2025-12-08 04:04,134.32,134.32,134.15,134.18,1173.57774498,134.31000000,134.31000000,134.13000000,134.17000000,1977.88500000,134.36,134.36,134.28,134.28,1.0,134.31,134.31,134.14,134.16,695.109,134.3,134.32,134.14,134.19,16.55067579
2025-12-08 04:05,134.17,134.28,134.09,134.23,261.9371743,134.16000000,134.25000000,134.09000000,134.24000000,945.76300000,134.22,134.22,134.2,134.2,0.6000000000000001,134.16,134.24,134.09,134.24,338.961,134.11,134.23,134.11,134.21,11.88038191
2025-12-08 04:06,134.24,134.24,134.06,134.08,489.32024102,134.23000000,134.23000000,134.07000000,134.08000000,960.98600000,134.19,134.19,134.18,134.18,0.39999998999999997,134.24,134.24,134.08,134.09,319.956,134.2,134.21,134.11,134.11,0.23867
2025-12-08 04:07,134.09,134.29,134.08,134.27,403.8570707,134.08000000,134.29000000,134.07000000,134.27000000,1745.60900000,,,,,,134.09,134.29,134.07,134.26,626.027,134.1,134.29,134.1,134.29,0.8613882100000001
2025-12-08 04:08,134.29,134.3,134.24,134.24,170.33827391,134.28000000,134.29000000,134.23000000,134.25000000,906.08700000,,,,,,134.26,134.29,134.23,134.24,319.948,134.25,134.27,134.23,134.25,6.68702154
2025-12-08 04:09,134.25,134.33,134.22,134.32,215.60298302,134.25000000,134.31000000,134.21000000,134.31000000,880.91000000,,,,,,134.24,134.3,134.21,134.3,307.67,134.27,134.3,134.27,134.27,1.3867539199999999
2025-12-08 04:10,134.32,134.46,134.32,134.37,282.08556414,134.31000000,134.44000000,134.31000000,134.34000000,580.80900000,134.33,134.45,134.33,134.45,0.9,134.3,134.44,134.3,134.34,203.926,134.3,134.41,134.3,134.32,8.77352816
2025-12-08 04:11,134.35,134.44,134.33,134.36,178.22426939,134.34000000,134.43000000,134.33000000,134.35000000,319.82900000,,,,,,134.34,134.43,134.32,134.35,117.754,134.34,134.4,134.34,134.4,0.42690029
2025-12-08 04:12,134.37,134.46,134.37,134.37,160.7385366,134.36000000,134.45000000,134.36000000,134.40000000,551.69800000,,,,,,134.35,134.45,134.35,134.4,167.632,134.39,134.43,134.39,134.42,18.81109649
2025-12-08 04:13,134.37,134.41,134.3,134.35,153.90094456,134.39000000,134.39000000,134.31000000,134.35000000,338.58000000,,,,,,134.4,134.4,134.3,134.35,143.576,134.36,134.37,134.34,134.34,4.14929988
2025-12-08 04:14,134.35,134.44,134.32,134.32,409.68870037,134.34000000,134.44000000,134.32000000,134.32000000,1457.41000000,,,,,,134.35,134.44,134.32,134.32,509.521,134.36,134.36,134.36,134.36,0.00721
2025-12-08 04:15,134.32,134.34,134.28,134.32,65.49712232,134.32000000,134.34000000,134.27000000,134.32000000,944.03400000,,,,,,134.32,134.33,134.27,134.33,403.138,134.33,134.33,134.26,134.31,8.67976919
2025-12-08 04:16,134.33,134.4,134.24,134.37,98.84696674,134.32000000,134.38000000,134.23000000,134.36000000,1048.09400000,,,,,,134.33,134.38,134.23,134.36,360.455,134.33,134.35,134.24,134.31,125.63677998
2025-12-08 04:17,134.36,134.47,134.34,134.43,131.86614819,134.36000000,134.47000000,134.33000000,134.40000000,460.76900000,134.47,134.47,134.47,134.47,0.1,134.36,134.46,134.34,134.41,167.591,134.33,134.4,134.33,134.4,0.89771615
2025-12-08 04:18,134.42,134.45,134.29,134.34,122.99169841,134.40000000,134.44000000,134.29000000,134.33000000,861.80500000,134.5,134.5,134.5,134.5,0.96688756,134.41,134.44,134.29,134.34,300.961,134.45,134.45,134.31,134.32,22.379459999999998
2025-12-08 04:19,134.34,134.51,134.34,134.47,124.52407005,134.34000000,134.48000000,134.34000000,134.46000000,271.67300000,,,,,,134.34,134.49,134.34,134.46,93.364,134.42,134.46,134.42,134.45,10.17461831
2025-12-08 04:20,134.47,134.56,134.45,134.46,305.92486465,134.47000000,134.55000000,134.44000000,134.45000000,1690.51100000,134.51,134.56,134.51,134.56,0.2,134.46,134.55,134.44,134.44,523.667,134.45,134.54,134.45,134.54,5.11597019
2025-12-08 04:21,134.45,134.48,134.41,134.44,187.01619194,134.44000000,134.48000000,134.39000000,134.44000000,805.20700000,,,,,,134.44,134.46,134.39,134.44,284.399,134.4,134.46,134.4,134.44,2.51290833
2025-12-08 04:22,134.45,134.51,134.44,134.5,274.93906788,134.44000000,134.48000000,134.43000000,134.48000000,141.28400000,,,,,,134.44,134.48,134.44,134.48,48.956,134.47,134.5,134.46,134.5,2.9085
2025-12-08 04:23,134.49,134.57,134.44,134.56,247.2830201,134.48000000,134.57000000,134.45000000,134.56000000,967.12200000,134.57,134.57,134.57,134.57,0.1,134.48,134.57,134.46,134.56,329.685,134.5,134.5,134.5,134.5,266.746985
2025-12-08 04:24,134.55,134.56,134.5,134.5,200.83195765,134.55000000,134.57000000,134.48000000,134.48000000,836.08200000,,,,,,134.56,134.56,134.48,134.48,401.741,134.5,134.5,134.5,134.5,1.19125
2025-12-08 04:25,134.5,134.76,134.5,134.73,332.08308645,134.48000000,134.74000000,134.48000000,134.74000000,2391.31800000,134.59,134.73,134.59,134.73,0.5,134.48,134.75,134.48,134.74,1128.412,134.5,134.67,134.5,134.67,37.34621061
2025-12-08 04:26,134.74,134.94,134.72,134.81,476.20690519,134.74000000,134.93000000,134.71000000,134.78000000,1899.25400000,134.78,134.92,134.78,134.92,0.2,134.74,134.93,134.73,134.79,649.698,134.66,134.87,134.66,134.86,10.74972713
2025-12-08 04:27,134.8,134.8,134.61,134.66,478.51560959,134.78000000,134.78000000,134.60000000,134.65000000,640.86300000,,,,,,134.79,134.79,134.6,134.61,173.131,134.75,134.75,134.6,134.62,10.92068728
2025-12-08 04:28,134.68,134.69,134.58,134.59,341.96816982,134.66000000,134.66000000,134.57000000,134.57000000,591.20400000,134.7,134.7,134.7,134.7,0.2,134.61,134.66,134.57,134.58,343.345,134.62,134.64,134.62,134.63,2.2364200000000003
2025-12-08 04:29,134.58,134.68,134.51,134.66,1192.83522858,134.57000000,134.67000000,134.50000000,134.64000000,1757.76500000,134.64,134.64,134.64,134.64,0.2,134.58,134.67,134.53,134.65,517.885,134.53,134.59,134.53,134.59,0.17346
2025-12-08 04:30,134.65,134.77,134.65,134.77,343.2923289,134.64000000,134.77000000,134.64000000,134.76000000,583.10100000,,,,,,134.65,134.76,134.64,134.76,230.53,134.63,134.66,134.63,134.66,3.94339665
2025-12-08 04:31,134.77,134.94,134.74,134.92,535.99826395,134.76000000,134.95000000,134.73000000,134.95000000,1817.41000000,134.78,134.97,134.78,134.97,3.92980864,134.76,134.95,134.73,134.95,629.763,134.74,134.89,134.72,134.89,2.06278849
2025-12-08 04:32,134.94,135.05,134.87,134.96,7161.10345424,134.96000000,135.04000000,134.87000000,134.96000000,3724.96300000,,,,,,134.95,135.05,134.88,134.97,1325.472,134.89,135.11,134.89,134.96,1164.05353995
2025-12-08 04:33,134.96,135.2,134.96,135.06,1074.17685205,134.96000000,135.20000000,134.96000000,135.07000000,2842.06900000,135.17,135.17,135.17,135.17,0.1,134.97,135.18,134.96,135.05,1135.178,135.02,135.15,135.02,135.04,14.5552574
2025-12-08 04:34,135.08,135.11,134.93,134.96,642.14559852,135.08000000,135.14000000,134.92000000,134.96000000,1119.72600000,,,,,,135.05,135.13,134.93,134.95,393.151,135.14,135.14,135.0,135.0,208.14287641
2025-12-08 04:35,134.95,135.2,134.94,135.09,926.65442321,134.95000000,135.15000000,134.95000000,135.10000000,2090.25000000,,,,,,134.95,135.16,134.95,135.09,730.826,135.0,135.1,135.0,135.1,96.71963213000001
2025-12-08 04:36,135.09,135.1,134.95,135.08,4568.25184332,135.09000000,135.10000000,134.91000000,135.06000000,821.77600000,135.03,135.03,135.03,135.03,0.2,135.09,135.1,134.91,135.06,289.667,135.11,135.11,134.93,135.06,1485.77296755
2025-12-08 04:37,135.06,135.14,135.01,135.08,344.6265461,135.05000000,135.14000000,135.02000000,135.07000000,532.50000000,,,,,,135.06,135.14,135.02,135.07,187.667,135.09,135.11,135.02,135.08,14.091037810000001
2025-12-08 04:38,135.08,135.19,135.07,135.08,1329.43968312,135.07000000,135.16000000,135.06000000,135.07000000,1340.07500000,,,,,,135.07,135.17,135.07,135.07,567.982,135.12,135.12,135.06,135.12,1.4725
2025-12-08 04:39,135.08,135.15,135.0,135.01,378.42464932,135.08000000,135.13000000,135.00000000,135.01000000,329.40600000,,,,,,135.07,135.13,134.99,135,115.308,135.11,135.11,134.98,135.01,150.89675626
2025-12-08 04:40,135.01,135.06,134.88,134.88,1408.65125778,135.00000000,135.06000000,134.92000000,134.92000000,1387.00500000,,,,,,135,135.06,134.91,134.92,485.05,134.95,134.95,134.92,134.92,1.5190700099999999
2025-12-08 04:41,134.92,134.93,134.86,134.89,684.38214124,134.91000000,134.91000000,134.84000000,134.90000000,1352.84900000,135.01,135.01,135.0,135.0,0.4,134.92,134.92,134.84,134.91,478.333,134.86,134.86,134.86,134.86,0.12642
2025-12-08 04:42,134.91,134.93,134.87,134.9,326.45412872,134.91000000,134.92000000,134.85000000,134.89000000,383.83300000,,,,,,134.91,134.92,134.85,134.89,157.484,134.89,134.89,134.87,134.87,2.2517943999999996
2025-12-08 04:43,134.9,134.95,134.87,134.92,256.10315242,134.88000000,134.95000000,134.87000000,134.90000000,390.35300000,,,,,,134.89,134.94,134.87,134.9,115.195,134.9,134.95,134.87,134.95,1476.4795466
2025-12-08 04:44,134.91,134.91,134.83,134.86,179.83656027,134.90000000,134.90000000,134.81000000,134.85000000,1543.09800000,134.95,134.95,134.95,134.95,0.37859,134.9,134.9,134.81,134.83,570.35,134.89,134.9,134.84,134.84,0.36300000000000004
2025-12-08 04:45,134.87,134.96,134.85,134.94,315.94605414,134.85000000,134.94000000,134.85000000,134.94000000,249.61900000,,,,,,134.83,134.94,134.83,134.93,59.027,134.89,134.93,134.88,134.93,68.53325148
2025-12-08 04:46,134.94,134.96,134.77,134.88,3590.99112877,134.93000000,134.95000000,134.80000000,134.87000000,1295.21400000,134.93,134.93,134.89,134.89,0.4525,134.93,134.95,134.8,134.87,453.159,134.81,134.87,134.81,134.87,17.64761418
2025-12-08 04:47,134.89,134.99,134.85,134.91,289.28655395,134.87000000,134.97000000,134.85000000,134.90000000,444.02400000,,,,,,134.87,134.96,134.85,134.9,155.706,134.87,134.9,134.87,134.88,5.1213528
2025-12-08 04:48,134.91,134.95,134.87,134.88,329.62942024,134.90000000,134.94000000,134.88000000,134.88000000,627.45100000,,,,,,134.9,134.94,134.88,134.89,222.049,134.92,134.92,134.87,134.88,7.3675577400000005
2025-12-08 04:49,134.88,134.9,134.77,134.82,4477.04987069,134.88000000,134.90000000,134.80000000,134.85000000,845.70300000,,,,,,134.89,134.9,134.8,134.84,331.432,134.79,134.84,134.77,134.84,25.21787474
2025-12-08 04:50,134.83,134.92,134.83,134.85,176.18844424,134.86000000,134.90000000,134.84000000,134.84000000,491.58600000,,,,,,134.84,134.9,134.84,134.84,172.398,134.87,134.92,134.86,134.92,103.54657
2025-12-08 04:51,134.86,134.86,134.7,134.72,584.88856908,134.84000000,134.85000000,134.70000000,134.75000000,1094.20900000,134.89,134.89,134.83,134.83,0.94749999,134.84,134.85,134.71,134.74,383.837,134.8,134.8,134.76,134.76,1.839539
2025-12-08 04:52,134.72,134.88,134.7,134.78,739.95695772,134.74000000,134.86000000,134.70000000,134.81000000,576.96700000,134.86,134.86,134.86,134.86,0.1607,134.74,134.86,134.71,134.8,207.643,134.72,134.84,134.72,134.8,998.7211283600001
2025-12-08 04:53,134.78,134.88,134.72,134.85,904.21390057,134.80000000,134.88000000,134.75000000,134.86000000,1996.52600000,,,,,,134.8,134.87,134.75,134.87,692.385,134.76,134.83,134.76,134.83,15.346942470000002
2025-12-08 04:54,134.85,134.97,134.84,134.84,3868.43832203,134.86000000,134.97000000,134.85000000,134.87000000,996.82900000,134.98,134.98,134.98,134.98,0.09999999,134.87,134.97,134.85,134.87,348.938,134.85,134.94,134.84,134.84,3043.32113319
2025-12-08 04:55,134.84,134.96,134.84,134.93,484.81232609,134.87000000,134.96000000,134.86000000,134.95000000,945.10700000,134.98,134.98,134.98,134.98,1e-08,134.87,134.96,134.86,134.96,330.092,134.87,134.94,134.87,134.94,10.40373253
2025-12-08 04:56,134.95,135.04,134.91,135.03,156.19503636,134.95000000,135.05000000,134.94000000,135.05000000,1276.01900000,135.0,135.07,135.0,135.07,0.5,134.96,135.05,134.94,135.05,449.511,134.94,135.06,134.94,135.02,9.92664868
2025-12-08 04:57,135.04,135.11,135.03,135.08,177.68789739,135.05000000,135.13000000,135.02000000,135.08000000,1188.88800000,135.09,135.12,135.09,135.12,0.3,135.05,135.12,135.03,135.08,425.97,135.05,135.09,135.05,135.09,22.0922549
2025-12-08 04:58,135.07,135.08,135.02,135.02,311.90369756,135.09000000,135.09000000,135.01000000,135.02000000,636.65600000,135.14,135.14,135.14,135.14,0.20033654,135.08,135.09,135.01,135.01,224.899,135.05,135.05,135.05,135.05,0.03216
2025-12-08 04:59,135.02,135.06,135.0,135.04,131.57917012,135.01000000,135.05000000,135.00000000,135.05000000,448.72700000,,,,,,135.01,135.06,135,135.06,154.987,135.05,135.05,135.05,135.05,4.3036404600000004
2025-12-08 05:00,135.05,135.05,134.86,134.92,370.1127605,135.06000000,135.06000000,134.87000000,134.94000000,789.39800000,,,,,,135.06,135.06,134.87,134.95,276.294,135.05,135.05,134.93,134.93,0.89534039
2025-12-08 05:01,134.94,134.97,134.9,134.9,209.2431235,134.95000000,134.97000000,134.90000000,134.91000000,709.80400000,,,,,,134.95,134.97,134.9,134.92,281.39,134.94,134.95,134.9,134.9,71.05341706
2025-12-08 05:02,134.9,134.93,134.7,134.75,312.91233854,134.91000000,134.92000000,134.70000000,134.75000000,880.53500000,134.98,134.98,134.84,134.84,2.1999999900000002,134.92,134.92,134.7,134.76,345.678,134.84,134.86,134.73,134.73,20.28305039
2025-12-08 05:03,134.74,134.74,134.63,134.63,683.19046397,134.75000000,134.76000000,134.63000000,134.63000000,1798.07600000,134.84,134.84,134.75,134.75,1.40000002,134.76,134.76,134.63,134.64,625.812,134.7,134.7,134.63,134.63,10.97526047
2025-12-08 05:04,134.65,134.75,134.59,134.72,1607.43194839,134.63000000,134.74000000,134.59000000,134.72000000,1924.92000000,134.79,134.79,134.73,134.73,19.17416736,134.64,134.73,134.59,134.69,951.139,134.69,134.69,134.58,134.68,25.18340637
2025-12-08 05:05,134.73,134.73,134.61,134.68,406.59584676,134.71000000,134.72000000,134.62000000,134.67000000,411.39300000,134.75,134.75,134.75,134.75,0.5,134.69,134.72,134.61,134.65,144.53,134.69,134.69,134.62,134.65,14.43600295
2025-12-08 05:06,134.68,134.75,134.68,134.75,180.28624032,134.68000000,134.75000000,134.68000000,134.74000000,303.93900000,,,,,,134.65,134.75,134.65,134.72,334.896,134.65,134.7,134.65,134.7,3.7609005
2025-12-08 05:07,134.75,134.77,134.7,134.77,569.38388308,134.75000000,134.75000000,134.69000000,134.74000000,419.50700000,134.81,134.81,134.81,134.81,0.09496365,134.72,134.75,134.69,134.75,95.934,134.69,134.7,134.69,134.7,0.6340899999999999
2025-12-08 05:08,134.75,134.77,134.7,134.77,266.30633054,134.74000000,134.76000000,134.69000000,134.76000000,604.80000000,,,,,,134.75,134.77,134.69,134.75,211.671,134.7,134.7,134.7,134.7,0.13563474
2025-12-08 05:09,134.77,134.84,134.66,134.67,564.05768693,134.76000000,134.83000000,134.66000000,134.68000000,833.64100000,,,,,,134.75,134.83,134.66,134.67,251.967,134.7,134.7,134.7,134.7,17.36745499
2025-12-08 05:10,134.67,134.78,134.64,134.64,543.82302784,134.68000000,134.78000000,134.65000000,134.66000000,1141.52200000,134.78,134.78,134.78,134.78,0.03165456,134.67,134.78,134.65,134.65,439.41,134.69,134.7,134.66,134.66,4.09724537
2025-12-08 05:11,134.64,134.81,134.61,134.79,841.61901157,134.65000000,134.82000000,134.61000000,134.79000000,2033.76900000,134.84,134.84,134.84,134.84,0.72,134.65,134.82,134.62,134.79,711.755,134.73,134.78,134.73,134.75,16.34389842
2025-12-08 05:12,134.77,134.83,134.7,134.83,418.68535856,134.79000000,134.81000000,134.69000000,134.81000000,496.06500000,,,,,,134.79,134.81,134.7,134.8,276.062,134.7,134.8,134.69,134.75,2961.89788051
2025-12-08 05:13,134.83,134.94,134.83,134.94,78.07802192,134.82000000,134.94000000,134.82000000,134.93000000,265.92200000,134.89,134.96,134.89,134.96,0.7000000000000001,134.8,134.94,134.8,134.93,101.153,134.82,134.88,134.82,134.88,95.01745761000001
2025-12-08 05:14,134.94,134.96,134.89,134.92,233.63985717,134.93000000,134.94000000,134.88000000,134.92000000,733.56200000,134.97,134.97,134.97,134.97,0.1,134.93,134.94,134.88,134.9,274.082,134.91,134.91,134.88,134.89,5.09963986
2025-12-08 05:15,134.93,134.97,134.85,134.85,328.91082936,134.91000000,134.96000000,134.85000000,134.86000000,743.51700000,134.98,134.98,134.98,134.98,0.1,134.9,134.96,134.85,134.85,260.279,134.91,134.91,134.88,134.88,717.2201121100001
2025-12-08 05:16,134.84,134.86,134.77,134.82,317.19412973,134.85000000,134.85000000,134.76000000,134.81000000,541.74200000,,,,,,134.85,134.85,134.76,134.82,180.484,134.79,134.79,134.77,134.77,27.68290181
2025-12-08 05:17,134.82,134.89,134.82,134.85,336.59602513,134.81000000,134.89000000,134.81000000,134.83000000,985.23600000,,,,,,134.82,134.89,134.81,134.83,353.984,134.81,134.84,134.81,134.83,114.88707541000001
2025-12-08 05:18,134.85,134.92,134.84,134.92,198.57740367,134.83000000,134.92000000,134.83000000,134.91000000,529.14500000,,,,,,134.83,134.91,134.83,134.91,210.57,134.83,134.84,134.83,134.84,42.964213369999996
2025-12-08 05:19,134.93,135.07,134.88,135.06,1471.08764204,134.92000000,135.04000000,134.89000000,135.04000000,753.10000000,134.99,135.03,134.99,135.03,0.3,134.91,135.04,134.9,135.04,182.588,134.84,134.95,134.84,134.95,2994.92239066
2025-12-08 05:20,135.03,135.16,134.98,135.12,779.12795566,135.03000000,135.15000000,134.99000000,135.12000000,1988.97900000,135.07,135.13,135.07,135.13,0.4,135.04,135.15,134.99,135.12,1074.635,135.0,135.13,135.0,135.12,15.28890202
2025-12-08 05:21,135.11,135.11,135.0,135.09,455.52132254,135.12000000,135.12000000,135.00000000,135.08000000,669.22200000,,,,,,135.12,135.12,135,135.08,325.641,135.06,135.07,135.06,135.07,29.49005042
2025-12-08 05:22,135.09,135.13,135.03,135.03,182.5887067,135.09000000,135.12000000,135.03000000,135.03000000,1383.50100000,,,,,,135.08,135.12,135.03,135.03,500.147,135.07,135.07,135.05,135.07,2.20088278
2025-12-08 05:23,135.04,135.14,135.0,135.13,675.64271635,135.04000000,135.14000000,135.00000000,135.13000000,1502.38600000,,,,,,135.03,135.14,135,135.12,510.337,135.02,135.08,135.0,135.08,12.330739320000001
2025-12-08 05:24,135.13,135.14,135.0,135.02,562.88574214,135.13000000,135.16000000,135.00000000,135.00000000,1001.77100000,,,,,,135.12,135.15,135,135.01,495.305,135.1,135.1,135.0,135.0,2312.95866963
2025-12-08 05:25,135.01,135.02,134.93,135.02,339.45523745,135.00000000,135.01000000,134.93000000,134.99000000,1223.60100000,135.01,135.01,135.01,135.01,1.0,135.01,135.01,134.93,134.99,373.526,134.96,134.96,134.92,134.94,17.05831999
2025-12-08 05:26,135.01,135.07,134.94,135.03,219.04662717,135.00000000,135.08000000,134.94000000,135.03000000,1128.57500000,,,,,,134.99,135.08,134.94,135.03,394.787,134.94,135.05,134.94,135.03,3.63777789
2025-12-08 05:27,135.02,135.08,135.02,135.07,108.33921683,135.02000000,135.09000000,135.02000000,135.06000000,936.30500000,,,,,,135.03,135.09,135.02,135.05,327.843,135.02,135.05,135.01,135.05,2.29956321
2025-12-08 05:28,135.05,135.07,135.03,135.06,105.90815752,135.06000000,135.06000000,135.04000000,135.06000000,383.28400000,,,,,,135.05,135.06,135.04,135.06,140.508,135.04,135.05,135.03,135.05,1.12846
2025-12-08 05:29,135.06,135.06,134.96,135.0,550.02932762,135.06000000,135.06000000,134.94000000,134.97000000,5603.46400000,,,,,,135.06,135.06,134.95,134.98,1961.762,135.05,135.05,134.97,134.98,2.48999
2025-12-08 05:30,134.99,135.1,134.99,135.1,403.21465618,134.98000000,135.09000000,134.98000000,135.09000000,859.62000000,,,,,,134.98,135.09,134.98,135.09,300.741,134.98,135.07,134.97,135.04,6.8644171599999995
2025-12-08 05:31,135.08,135.08,134.96,135.01,340.22250321,135.08000000,135.08000000,134.96000000,134.99000000,1625.17100000,,,,,,135.09,135.09,134.95,134.99,564.837,135.03,135.04,134.95,134.98,8.64208
2025-12-08 05:32,135.0,135.01,134.95,135.0,197.01827039,134.99000000,135.01000000,134.95000000,134.98000000,682.25600000,,,,,,134.99,135.01,134.95,134.98,258.489,134.99,134.99,134.95,134.97,3.13939
2025-12-08 05:33,134.99,135.1,134.96,135.07,202.75974647,134.99000000,135.09000000,134.97000000,135.07000000,1753.98200000,,,,,,134.98,135.09,134.97,135.06,655.637,134.99,135.03,134.97,135.03,2.77857161
2025-12-08 05:34,135.06,135.19,135.06,135.19,57.89139422,135.06000000,135.17000000,135.05000000,135.17000000,799.94500000,,,,,,135.06,135.18,135.06,135.18,265.627,135.05,135.1,135.05,135.1,12.40886329
2025-12-08 05:35,135.17,135.41,135.17,135.33,1311.11725545,135.17000000,135.39000000,135.16000000,135.36000000,2619.59800000,135.2,135.38,135.2,135.38,4.58930785,135.18,135.38,135.16,135.33,959.723,135.13,135.39,135.13,135.3,68.22683300000001
2025-12-08 05:36,135.35,135.42,135.27,135.33,538.48476319,135.36000000,135.44000000,135.27000000,135.33000000,3335.55200000,,,,,,135.33,135.43,135.28,135.32,1165.426,135.34,135.38,135.34,135.38,0.20716226
2025-12-08 05:37,135.33,135.36,135.1,135.12,547.84277627,135.32000000,135.35000000,135.09000000,135.12000000,1023.92000000,,,,,,135.32,135.35,135.11,135.12,369.785,135.14,135.14,135.14,135.14,0.90668
2025-12-08 05:38,135.14,135.18,135.08,135.16,286.78602095,135.13000000,135.17000000,135.09000000,135.16000000,546.42600000,135.24,135.24,135.22,135.22,0.39999998999999997,135.12,135.17,135.09,135.17,190.3,135.13,135.13,135.05,135.11,3016.28290031
2025-12-08 05:39,135.16,135.25,135.16,135.21,163.50150963,135.17000000,135.24000000,135.15000000,135.22000000,854.42700000,,,,,,135.17,135.24,135.16,135.22,299.987,135.23,135.26,135.19,135.19,111.40350376
2025-12-08 05:40,135.21,135.33,135.17,135.18,934.62064074,135.22000000,135.31000000,135.18000000,135.18000000,651.75700000,,,,,,135.22,135.31,135.17,135.17,227.585,135.2,135.28,135.2,135.27,22.82921024
2025-12-08 05:41,135.17,135.21,135.06,135.21,387.65846371,135.17000000,135.22000000,135.06000000,135.22000000,646.48300000,135.22,135.22,135.22,135.22,1e-08,135.17,135.22,135.06,135.21,266.273,135.16,135.18,135.09,135.13,12.1021587
2025-12-08 05:42,135.21,135.3,135.21,135.24,272.36665063,135.22000000,135.30000000,135.20000000,135.23000000,801.73000000,,,,,,135.21,135.3,135.2,135.22,283.959,135.23,135.23,135.22,135.23,9.62886195
2025-12-08 05:43,135.23,135.24,135.17,135.19,310.48077498,135.23000000,135.24000000,135.16000000,135.16000000,315.71500000,,,,,,135.22,135.24,135.16,135.17,114.783,135.19,135.21,135.19,135.21,4.4047548
2025-12-08 05:44,135.19,135.25,135.19,135.2,350.3300517,135.16000000,135.24000000,135.16000000,135.20000000,1087.70600000,,,,,,135.17,135.24,135.16,135.21,380.744,135.18,135.22,135.18,135.22,0.030270000000000002
2025-12-08 05:45,135.21,135.26,135.13,135.15,224.05444921,135.21000000,135.26000000,135.12000000,135.13000000,630.25800000,,,,,,135.21,135.25,135.13,135.14,220.19,135.22,135.22,135.19,135.19,1.75268
2025-12-08 05:46,135.15,135.32,135.15,135.31,252.95504494,135.14000000,135.34000000,135.14000000,135.33000000,514.23900000,135.36,135.36,135.36,135.36,0.09999999,135.14,135.33,135.14,135.32,178.437,135.2,135.31,135.2,135.31,7.440319130000001
2025-12-08 05:47,135.33,135.33,135.2,135.23,305.88974992,135.32000000,135.32000000,135.20000000,135.21000000,656.64700000,,,,,,135.32,135.32,135.2,135.21,232.134,135.28,135.29,135.25,135.25,3.0065988299999997
2025-12-08 05:48,135.22,135.32,135.21,135.29,311.4280203,135.21000000,135.31000000,135.20000000,135.28000000,426.28800000,,,,,,135.21,135.3,135.2,135.28,211.074,135.21,135.21,135.2,135.2,0.67074379
2025-12-08 05:49,135.3,135.37,135.29,135.3,578.95882085,135.28000000,135.36000000,135.27000000,135.30000000,747.42600000,135.36,135.38,135.36,135.38,0.2,135.28,135.35,135.28,135.29,220.64,135.32,135.33,135.31,135.31,1.53157
2025-12-08 05:50,135.31,135.4,135.31,135.39,309.80405447,135.30000000,135.39000000,135.29000000,135.37000000,910.93100000,135.38,135.4,135.38,135.4,0.20000001,135.29,135.39,135.29,135.37,323.564,135.3,135.37,135.3,135.37,108.17125167
2025-12-08 05:51,135.39,135.41,135.34,135.36,203.21774986,135.37000000,135.39000000,135.33000000,135.36000000,1048.23600000,135.41,135.42,135.41,135.42,0.834,135.37,135.39,135.34,135.35,363.865,135.37,135.38,135.37,135.37,0.15913
2025-12-08 05:52,135.35,135.38,135.23,135.23,300.50208014,135.35000000,135.38000000,135.23000000,135.23000000,855.00800000,,,,,,135.35,135.37,135.22,135.22,296.308,135.37,135.38,135.37,135.37,2.81381352
2025-12-08 05:53,135.23,135.24,135.1,135.15,963.40975675,135.23000000,135.24000000,135.11000000,135.14000000,625.35100000,135.28,135.28,135.24,135.24,0.8,135.22,135.24,135.11,135.15,226.369,135.23,135.23,135.11,135.15,6.08515325
2025-12-08 05:54,135.16,135.26,135.16,135.22,745.27018093,135.14000000,135.27000000,135.14000000,135.23000000,711.30000000,,,,,,135.15,135.27,135.14,135.22,256.831,135.18,135.24,135.18,135.24,0.22031
2025-12-08 05:55,135.21,135.23,135.18,135.2,269.41012721,135.22000000,135.23000000,135.19000000,135.20000000,610.21000000,,,,,,135.22,135.23,135.19,135.21,212.095,135.21,135.21,135.21,135.21,0.10142
2025-12-08 05:56,135.19,135.23,135.16,135.16,248.69647612,135.21000000,135.23000000,135.16000000,135.16000000,790.44900000,,,,,,135.21,135.23,135.17,135.17,274.869,135.2,135.2,135.15,135.15,1.38428
2025-12-08 05:57,135.15,135.19,135.12,135.18,226.35134517,135.16000000,135.19000000,135.10000000,135.18000000,714.81600000,135.23,135.23,135.23,135.23,0.2,135.17,135.19,135.1,135.17,266.293,135.15,135.18,135.12,135.18,7.34125482
2025-12-08 05:58,135.17,135.25,135.17,135.23,83.51115117,135.18000000,135.23000000,135.18000000,135.23000000,181.20800000,,,,,,135.17,135.23,135.17,135.23,95.303,135.2,135.22,135.2,135.22,2.90645497
2025-12-08 05:59,135.23,135.23,135.19,135.19,158.38617096,135.22000000,135.23000000,135.18000000,135.20000000,224.07300000,,,,,,135.23,135.23,135.18,135.2,46.881,135.21,135.22,135.21,135.22,0.07321
2025-12-08 06:00,135.2,135.22,135.18,135.18,210.97059973,135.20000000,135.21000000,135.16000000,135.16000000,698.11100000,,,,,,135.2,135.21,135.16,135.17,335.589,135.18,135.22,135.14,135.14,327.97064819
2025-12-08 06:01,135.18,135.31,135.18,135.23,225.35496431,135.17000000,135.32000000,135.16000000,135.21000000,1176.95800000,,,,,,135.17,135.33,135.17,135.22,415.365,135.17,135.29,135.17,135.24,7.61753094
2025-12-08 06:02,135.22,135.23,135.03,135.03,240.37601134,135.22000000,135.22000000,135.02000000,135.03000000,518.09800000,135.21,135.21,135.18,135.18,0.6000000000000001,135.22,135.22,135.02,135.02,340.998,135.2,135.2,135.08,135.08,142.42773673
2025-12-08 06:03,135.03,135.03,134.85,134.85,798.13919754,135.02000000,135.03000000,134.82000000,134.84000000,1856.23100000,135.14,135.14,135.05,135.05,1.5999999999999999,135.02,135.03,134.83,134.83,450.15,134.98,134.98,134.81,134.81,6833.2534217699995
2025-12-08 06:04,134.84,134.95,134.83,134.9,401.47283576,134.84000000,134.95000000,134.84000000,134.89000000,686.60000000,,,,,,134.83,134.95,134.83,134.89,444.933,134.93,134.93,134.9,134.9,8.59820293
2025-12-08 06:05,134.89,134.97,134.89,134.92,294.74282471,134.89000000,134.98000000,134.89000000,134.92000000,776.24500000,135.0,135.02,134.99,134.99,1.1111280000000001,134.89,134.98,134.89,134.93,328.271,134.89,134.97,134.86,134.93,2227.76350922
2025-12-08 06:06,134.92,135.05,134.91,135.05,218.64222203,134.92000000,135.07000000,134.92000000,135.07000000,525.07800000,,,,,,134.93,135.06,134.92,135.06,198.083,134.96,134.96,134.96,134.96,0.70479
2025-12-08 06:07,135.05,135.12,135.04,135.04,240.99130558,135.06000000,135.11000000,135.03000000,135.03000000,1356.67700000,,,,,,135.06,135.11,135.03,135.03,509.868,134.99,135.06,134.99,135.06,1.0660956000000001
2025-12-08 06:08,135.03,135.03,134.92,134.96,409.98656972,135.02000000,135.02000000,134.90000000,134.94000000,912.49900000,,,,,,135.03,135.03,134.9,134.95,321.212,134.99,134.99,134.86,134.92,4446.95006604
2025-12-08 06:09,134.96,134.96,134.73,134.76,545.00639528,134.95000000,134.98000000,134.74000000,134.75000000,1759.25200000,134.95,134.95,134.85,134.85,0.6,134.95,134.96,134.74,134.74,590.519,134.88,134.88,134.68,134.73,6685.47764734
2025-12-08 06:10,134.76,134.91,134.76,134.81,530.93617156,134.75000000,134.96000000,134.75000000,134.81000000,3813.39400000,134.96,134.96,134.88,134.88,1.3283093799999999,134.74,134.93,134.74,134.81,1388.615,134.73,134.88,134.73,134.75,4047.60339862
2025-12-08 06:11,134.82,134.85,134.78,134.82,314.0054868,134.82000000,134.85000000,134.79000000,134.83000000,607.69700000,,,,,,134.81,134.85,134.79,134.83,297.424,134.8,134.8,134.78,134.79,0.58893517
2025-12-08 06:12,134.81,134.92,134.8,134.9,379.31638509,134.82000000,134.92000000,134.80000000,134.89000000,640.74100000,134.91,134.91,134.91,134.91,1.0,134.83,134.92,134.8,134.88,244.383,134.79,134.79,134.79,134.79,0.2588686
2025-12-08 06:13,134.9,134.92,134.81,134.87,422.14319046,134.89000000,134.92000000,134.81000000,134.87000000,1069.46900000,134.97,134.97,134.97,134.97,0.112,134.88,134.92,134.81,134.87,375.691,134.88,134.88,134.8,134.84,22.10743252
2025-12-08 06:14,134.87,134.92,134.87,134.92,74.75022885,134.87000000,134.91000000,134.86000000,134.90000000,405.71200000,,,,,,134.87,134.91,134.86,134.91,195.156,134.87,134.87,134.86,134.87,0.14734
2025-12-08 06:15,134.91,135.02,134.91,135.0,625.41386925,134.91000000,135.00000000,134.90000000,134.99000000,1368.37200000,,,,,,134.91,135,134.9,134.99,343.479,134.88,134.95,134.88,134.95,69.79633891
2025-12-08 06:16,135.01,135.05,134.99,135.01,270.07053571,135.00000000,135.05000000,135.00000000,135.00000000,583.70300000,135.05,135.05,135.05,135.05,0.1,134.99,135.05,134.99,135.01,177.584,135.0,135.0,134.99,134.99,16.56381005
2025-12-08 06:17,135.01,135.03,134.9,134.98,870.28469921,135.01000000,135.02000000,134.88000000,134.97000000,1322.95200000,,,,,,135.01,135.02,134.89,134.96,505.863,134.91,134.91,134.91,134.91,0.24313
2025-12-08 06:18,134.97,135.0,134.88,134.88,367.91549047,134.97000000,134.97000000,134.88000000,134.88000000,513.95800000,,,,,,134.96,134.98,134.89,134.89,179.855,134.91,134.91,134.91,134.91,3.46451
2025-12-08 06:19,134.88,134.97,134.84,134.95,329.88961552,134.88000000,134.96000000,134.84000000,134.95000000,258.21500000,,,,,,134.89,134.95,134.84,134.95,98.919,134.9,134.93,134.87,134.93,0.32308909
2025-12-08 06:20,134.95,135.01,134.91,134.92,360.81887344,134.95000000,135.00000000,134.91000000,134.91000000,1112.92500000,,,,,,134.95,135.01,134.91,134.92,390.272,134.95,134.95,134.88,134.88,12.32000243
2025-12-08 06:21,134.93,134.93,134.9,134.91,178.74986955,134.91000000,134.92000000,134.91000000,134.91000000,281.63500000,,,,,,134.92,134.92,134.91,134.92,98.569,134.89,134.89,134.87,134.87,0.10445
2025-12-08 06:22,134.91,134.92,134.75,134.76,371.64450382,134.92000000,134.92000000,134.75000000,134.75000000,1164.34500000,134.91,134.91,134.89,134.89,0.59988595,134.92,134.92,134.77,134.77,416.795,134.88,134.88,134.76,134.76,7.53159094
2025-12-08 06:23,134.77,134.84,134.77,134.8,338.8862978,134.75000000,134.83000000,134.74000000,134.80000000,1629.02800000,,,,,,134.77,134.84,134.76,134.79,565.087,134.76,134.81,134.76,134.8,2.5411863
2025-12-08 06:24,134.8,134.81,134.7,134.75,588.78287695,134.79000000,134.80000000,134.65000000,134.75000000,4496.75600000,134.89,134.89,134.85,134.85,0.60011404,134.79,134.8,134.68,134.75,1576.088,134.76,134.76,134.7,134.72,12.422873280000001
2025-12-08 06:25,134.75,134.84,134.74,134.84,141.86498148,134.75000000,134.82000000,134.74000000,134.82000000,859.87800000,,,,,,134.75,134.82,134.74,134.81,324.202,134.73,134.73,134.73,134.73,3.7292869
2025-12-08 06:26,134.83,134.9,134.83,134.89,295.70609037,134.81000000,134.89000000,134.81000000,134.89000000,2275.47600000,,,,,,134.81,134.9,134.81,134.9,758.907,134.83,134.85,134.82,134.84,40.59809329
2025-12-08 06:27,134.9,134.93,134.89,134.9,215.5251386,134.90000000,134.93000000,134.88000000,134.89000000,534.49200000,,,,,,134.9,134.93,134.88,134.88,191.727,134.88,134.9,134.88,134.88,84.96808799
2025-12-08 06:28,134.9,134.95,134.89,134.95,201.75601863,134.88000000,134.94000000,134.88000000,134.93000000,1667.43200000,134.99,134.99,134.99,134.99,4.5237,134.88,134.94,134.88,134.94,578.956,134.86,134.9,134.86,134.9,7.5617499299999995
2025-12-08 06:29,134.95,134.99,134.95,134.98,183.86187416,134.94000000,134.98000000,134.93000000,134.97000000,324.82700000,135.0,135.03,135.0,135.03,0.335,134.94,134.98,134.93,134.97,113.683,134.92,134.94,134.92,134.94,42.93860081
2025-12-08 06:30,134.98,135.06,134.98,135.05,210.72249441,134.98000000,135.05000000,134.98000000,135.04000000,692.79000000,135.04,135.06,135.04,135.06,910.98000001,134.97,135.05,134.97,135.04,243.111,134.95,135.0,134.95,134.99,141.59000905
2025-12-08 06:31,135.06,135.1,135.03,135.03,416.24959569,135.05000000,135.09000000,135.03000000,135.04000000,2574.26200000,135.07,135.09,135.07,135.09,1.74,135.04,135.09,135.02,135.04,900.243,135.02,135.04,135.02,135.03,80.29434599
2025-12-08 06:32,135.03,135.15,135.03,135.11,319.86716125,135.03000000,135.14000000,135.03000000,135.09000000,1064.63200000,135.1,135.15,135.1,135.15,0.6,135.04,135.14,135.03,135.09,372.721,135.02,135.11,135.02,135.11,102.02416711
2025-12-08 06:33,135.09,135.14,135.05,135.14,399.82779569,135.08000000,135.14000000,135.04000000,135.13000000,789.26900000,,,,,,135.09,135.14,135.04,135.13,307.079,135.07,135.11,135.02,135.11,42.91839039
2025-12-08 06:34,135.14,135.26,135.14,135.21,379.86759881,135.13000000,135.24000000,135.13000000,135.22000000,650.80500000,135.16,135.26,135.16,135.26,0.49999999,135.13,135.25,135.13,135.21,208.145,135.15,135.21,135.15,135.2,166.47227641
2025-12-08 06:35,135.22,135.23,135.08,135.19,527.16177638,135.22000000,135.22000000,135.08000000,135.18000000,2517.84500000,,,,,,135.21,135.22,135.08,135.19,880.109,135.13,135.13,135.13,135.13,3.17247646
2025-12-08 06:36,135.18,135.18,135.09,135.09,393.43253625,135.19000000,135.19000000,135.09000000,135.09000000,1733.87300000,,,,,,135.19,135.19,135.07,135.1,608.168,135.14,135.14,135.13,135.13,72.39083583
2025-12-08 06:37,135.09,135.3,135.09,135.28,642.25231725,135.09000000,135.29000000,135.09000000,135.27000000,793.81900000,135.26,135.29,135.26,135.29,0.10000001,135.1,135.28,135.09,135.26,277.271,135.09,135.16,135.09,135.16,15.47902985
2025-12-08 06:38,135.27,135.38,135.27,135.35,533.32459659,135.27000000,135.40000000,135.27000000,135.36000000,895.69000000,135.3,135.38,135.3,135.38,0.2,135.26,135.39,135.26,135.37,441.751,135.26,135.36,135.26,135.36,120.75670708999999
2025-12-08 06:39,135.35,135.37,135.26,135.35,364.58345766,135.35000000,135.38000000,135.26000000,135.34000000,830.73600000,,,,,,135.37,135.38,135.26,135.35,308.248,135.27,135.27,135.26,135.26,4.34834952
2025-12-08 06:40,135.35,135.35,135.22,135.22,329.32870732,135.35000000,135.35000000,135.22000000,135.22000000,413.60200000,,,,,,135.35,135.35,135.22,135.23,117.134,135.2,135.2,135.2,135.2,0.01868
2025-12-08 06:41,135.21,135.37,135.21,135.37,333.62944526,135.22000000,135.38000000,135.22000000,135.38000000,1141.02100000,,,,,,135.23,135.37,135.22,135.37,403.813,135.21,135.34,135.2,135.34,7.75705864
2025-12-08 06:42,135.38,135.42,135.25,135.3,564.43031845,135.38000000,135.41000000,135.26000000,135.29000000,589.12500000,,,,,,135.37,135.41,135.26,135.28,208.852,135.37,135.37,135.23,135.24,5.953261970000001
2025-12-08 06:43,135.3,135.37,135.26,135.37,274.8973087,135.29000000,135.38000000,135.28000000,135.37000000,434.47800000,,,,,,135.28,135.38,135.28,135.38,151.839,135.33,135.34,135.33,135.34,0.05029
2025-12-08 06:44,135.37,135.37,135.3,135.31,362.48891121,135.38000000,135.38000000,135.29000000,135.31000000,753.34100000,,,,,,135.38,135.38,135.28,135.3,264.448,135.34,135.34,135.28,135.29,16.14995998
2025-12-08 06:45,135.32,135.79,135.32,135.76,7721.79814323,135.30000000,135.76000000,135.30000000,135.76000000,13217.26300000,135.44,135.86,135.44,135.85,235.84352987,135.3,135.76,135.3,135.75,5134.901,135.3,135.88,135.3,135.77,5079.89401513
2025-12-08 06:46,135.76,135.87,135.62,135.67,1617.05152645,135.75000000,135.90000000,135.64000000,135.67000000,6007.21600000,135.81,135.87,135.77,135.77,17.675279800000002,135.75,135.88,135.64,135.67,2106.693,135.78,135.87,135.64,135.66,479.8408562
2025-12-08 06:47,135.67,135.73,135.64,135.72,441.40304028,135.67000000,135.74000000,135.67000000,135.74000000,724.13500000,135.8,135.8,135.76,135.76,3.29,135.67,135.74,135.67,135.73,263.534,135.66,135.72,135.66,135.7,216.03427444
2025-12-08 06:48,135.72,135.84,135.68,135.83,749.99986193,135.73000000,135.84000000,135.68000000,135.84000000,2248.68700000,135.8,135.8,135.8,135.8,0.19940687,135.73,135.84,135.68,135.83,786.399,135.67,135.71,135.67,135.71,24.98437372
2025-12-08 06:49,135.83,135.9,135.83,135.85,1352.66123638,135.84000000,135.91000000,135.84000000,135.85000000,1454.75800000,,,,,,135.83,135.9,135.83,135.84,511.037,135.84,135.89,135.83,135.84,123.40949863
2025-12-08 06:50,135.84,135.86,135.76,135.76,982.84574073,135.84000000,135.86000000,135.77000000,135.77000000,1778.93500000,135.89,135.89,135.89,135.89,1.1773,135.84,135.85,135.77,135.77,640.419,135.83,135.84,135.76,135.8,3297.86524315
2025-12-08 06:51,135.76,135.87,135.76,135.8,609.67114177,135.77000000,135.87000000,135.76000000,135.82000000,1296.28700000,135.9,135.9,135.9,135.9,0.72,135.77,135.87,135.76,135.82,535.919,135.8,135.85,135.79,135.79,38.43942521
2025-12-08 06:52,135.81,135.87,135.79,135.83,722.11731234,135.82000000,135.88000000,135.81000000,135.82000000,510.97600000,,,,,,135.82,135.88,135.81,135.82,179.008,135.79,135.85,135.79,135.82,75.38098999
2025-12-08 06:53,135.83,135.96,135.83,135.96,597.30611101,135.83000000,135.96000000,135.83000000,135.96000000,1263.84500000,135.91,135.91,135.91,135.91,0.1,135.82,135.96,135.82,135.96,433.201,135.83,135.94,135.83,135.93,12.871456
2025-12-08 06:54,135.97,135.99,135.89,135.95,633.79053608,135.97000000,136.00000000,135.89000000,135.94000000,2823.79300000,,,,,,135.96,136,135.89,135.94,997.175,135.95,135.96,135.94,135.94,25.44216901
2025-12-08 06:55,135.94,135.94,135.82,135.82,658.38355331,135.95000000,135.95000000,135.82000000,135.83000000,844.19200000,,,,,,135.94,135.95,135.82,135.83,298.367,135.93,135.94,135.81,135.81,15.90954545
2025-12-08 06:56,135.81,135.81,135.7,135.8,445.01625597,135.83000000,135.83000000,135.67000000,135.78000000,1293.58800000,,,,,,135.83,135.83,135.68,135.78,447.625,135.77,135.77,135.72,135.76,3.23777883
2025-12-08 06:57,135.8,135.8,135.67,135.67,301.49925116,135.79000000,135.79000000,135.66000000,135.66000000,777.86200000,,,,,,135.78,135.79,135.62,135.67,595.881,135.77,135.77,135.69,135.69,171.48907529
2025-12-08 06:58,135.67,135.76,135.65,135.69,893.57262087,135.66000000,135.75000000,135.66000000,135.68000000,2006.78200000,135.77,135.77,135.76,135.77,1.12,135.67,135.75,135.66,135.69,659.468,135.66,135.74,135.65,135.68,5.49588127
2025-12-08 06:59,135.69,135.76,135.69,135.74,484.41940705,135.68000000,135.75000000,135.68000000,135.73000000,646.08000000,,,,,,135.69,135.75,135.68,135.72,228.838,135.73,135.76,135.73,135.73,3.5825
2025-12-08 07:00,135.74,135.78,135.69,135.77,217.2979534,135.73000000,135.77000000,135.70000000,135.76000000,1341.15300000,,,,,,135.72,135.77,135.7,135.77,564.599,135.75,135.75,135.71,135.72,3.8941505199999997
2025-12-08 07:01,135.76,135.83,135.73,135.73,528.51934659,135.76000000,135.85000000,135.75000000,135.75000000,901.28400000,,,,,,135.77,135.85,135.75,135.75,335.547,135.76,135.85,135.76,135.76,15.34062515
2025-12-08 07:02,135.73,135.77,135.66,135.77,266.46730502,135.75000000,135.79000000,135.66000000,135.79000000,1074.16100000,,,,,,135.75,135.78,135.66,135.78,387.274,135.68,135.73,135.68,135.73,0.13262287
2025-12-08 07:03,135.77,135.88,135.76,135.76,681.90044356,135.79000000,135.89000000,135.76000000,135.77000000,2619.10200000,135.91,135.91,135.91,135.91,0.1,135.78,135.89,135.78,135.78,907.09,135.78,135.84,135.78,135.84,124.21527928999998
2025-12-08 07:04,135.75,135.76,135.66,135.75,372.22477793,135.77000000,135.77000000,135.68000000,135.76000000,467.41800000,,,,,,135.78,135.78,135.69,135.77,182.066,135.76,135.76,135.68,135.74,67.43111299
2025-12-08 07:05,135.75,135.83,135.68,135.69,345.31607099,135.77000000,135.84000000,135.70000000,135.71000000,833.98500000,,,,,,135.77,135.84,135.7,135.7,285.579,135.76,135.82,135.68,135.7,11.2100198
2025-12-08 07:06,135.69,135.7,135.59,135.64,584.53241734,135.70000000,135.71000000,135.60000000,135.62000000,444.87200000,135.75,135.75,135.69,135.69,20.13284719,135.7,135.7,135.59,135.62,160.401,135.64,135.7,135.63,135.65,189.40417476000002
2025-12-08 07:07,135.63,135.65,135.51,135.59,503.82780158,135.63000000,135.64000000,135.52000000,135.58000000,859.33600000,135.68,135.68,135.63,135.63,1.0,135.62,135.64,135.52,135.58,306.018,135.62,135.62,135.53,135.55,45.37740138
2025-12-08 07:08,135.59,135.66,135.57,135.62,537.69125501,135.58000000,135.65000000,135.57000000,135.63000000,514.17100000,135.66,135.66,135.66,135.66,0.099,135.58,135.65,135.57,135.62,179.616,135.65,135.65,135.57,135.57,0.54071393
2025-12-08 07:09,135.62,135.65,135.49,135.61,669.74036344,135.63000000,135.64000000,135.51000000,135.60000000,1570.62400000,135.62,135.62,135.62,135.62,0.2,135.62,135.64,135.54,135.6,550.109,135.59,135.61,135.55,135.61,1104.27821823
2025-12-08 07:10,135.6,135.6,135.54,135.54,379.96218959,135.61000000,135.61000000,135.54000000,135.54000000,730.50300000,,,,,,135.6,135.61,135.55,135.55,285.165,135.59,135.59,135.54,135.54,233.6688074
2025-12-08 07:11,135.54,135.56,135.5,135.51,360.1861488,135.54000000,135.55000000,135.50000000,135.50000000,796.72700000,135.61,135.61,135.61,135.61,0.19999999,135.55,135.56,135.5,135.5,250.871,135.53,135.53,135.53,135.53,0.21697788
2025-12-08 07:12,135.5,135.54,135.42,135.45,709.79964819,135.51000000,135.53000000,135.42000000,135.46000000,1938.35200000,135.61,135.61,135.55,135.55,2.79995583,135.5,135.53,135.42,135.46,676.966,135.5,135.5,135.49,135.49,24.84916141
2025-12-08 07:13,135.46,135.46,134.93,135.02,7956.16751026,135.45000000,135.46000000,134.94000000,135.01000000,10488.56600000,135.52,135.52,134.91,134.91,817.04311558,135.46,135.46,134.95,135.01,3716.21,135.43,135.46,134.96,135.01,2074.94939981
2025-12-08 07:14,135.01,135.1,135.01,135.1,545.12922512,135.01000000,135.09000000,134.99000000,135.09000000,788.78400000,135.15,135.15,135.15,135.15,0.03844964,135.01,135.09,134.99,135.09,333.939,135.01,135.01,135.01,135.01,330.71148146
2025-12-08 07:15,135.1,135.1,134.97,135.0,919.74372622,135.09000000,135.09000000,134.97000000,134.99000000,1326.84800000,,,,,,135.09,135.09,134.97,134.99,721.349,135.07,135.07,134.96,134.97,5.30632935
2025-12-08 07:16,135.0,135.0,134.92,134.96,870.63576047,134.98000000,134.99000000,134.91000000,134.95000000,1648.65900000,,,,,,134.99,134.99,134.91,134.95,585.416,134.97,134.97,134.93,134.93,15.47625564
2025-12-08 07:17,134.96,135.01,134.93,134.98,535.35844015,134.95000000,134.99000000,134.93000000,134.97000000,866.64500000,,,,,,134.95,135,134.92,134.97,302.493,134.93,134.98,134.93,134.98,9.13694763
2025-12-08 07:18,134.98,135.08,134.97,135.03,387.11290018,134.97000000,135.08000000,134.97000000,135.03000000,1510.52700000,135.02,135.02,135.02,135.02,47.83039215,134.97,135.08,134.97,135.03,592.739,135.0,135.06,135.0,135.04,4.07462
2025-12-08 07:19,135.02,135.07,135.0,135.06,461.2602926,135.03000000,135.07000000,135.01000000,135.05000000,416.68800000,,,,,,135.03,135.07,135.02,135.04,145.265,135.04,135.05,135.03,135.03,55.97871467
2025-12-08 07:20,135.05,135.1,134.97,135.07,909.78113578,135.05000000,135.10000000,134.97000000,135.05000000,1783.49200000,,,,,,135.04,135.09,134.97,135.06,1164.566,135.03,135.04,135.02,135.04,59.69982906
2025-12-08 07:21,135.07,135.07,135.01,135.04,382.25710797,135.06000000,135.06000000,135.01000000,135.04000000,296.93900000,135.1,135.1,135.1,135.1,44.42239336,135.06,135.06,135,135,296.553,135.05,135.05,135.03,135.03,8.77909361
2025-12-08 07:22,135.04,135.08,135.01,135.03,797.87033228,135.03000000,135.08000000,134.99000000,135.02000000,10902.83100000,,,,,,135,135.06,135,135.02,5467.669,135.02,135.02,135.01,135.01,0.7048487800000001
2025-12-08 07:23,135.03,135.31,135.03,135.31,2208.34918319,135.02000000,135.30000000,135.01000000,135.28000000,30133.91600000,135.15,135.29,135.15,135.29,1.66155035,135.02,135.3,135.01,135.27,7689.962,135.09,135.28,135.09,135.27,160.34826766
2025-12-08 07:24,135.31,135.33,135.24,135.26,1013.10535684,135.27000000,135.32000000,135.23000000,135.24000000,2297.21800000,,,,,,135.27,135.32,135.24,135.25,929.713,135.28,135.33,135.24,135.26,20.83245901
2025-12-08 07:25,135.26,135.53,135.26,135.4,1445.81062229,135.25000000,135.53000000,135.25000000,135.39000000,11099.82200000,135.35,135.49,135.35,135.49,0.6000000000000001,135.25,135.53,135.25,135.39,3886.519,135.29,135.45,135.29,135.39,80.36265193999999
2025-12-08 07:26,135.4,135.49,135.4,135.46,428.32127983,135.39000000,135.49000000,135.38000000,135.46000000,1747.22200000,,,,,,135.39,135.49,135.38,135.46,601.611,135.44,135.44,135.44,135.44,0.0886
2025-12-08 07:27,135.46,135.7,135.46,135.7,737.952331,135.46000000,135.68000000,135.46000000,135.67000000,11327.95500000,135.57,135.67,135.57,135.67,1.8807,135.46,135.68,135.46,135.67,4329.826,135.49,135.61,135.49,135.61,97.33788631000002
2025-12-08 07:28,135.68,135.71,135.59,135.63,1410.53980302,135.67000000,135.70000000,135.59000000,135.62000000,2683.22000000,135.71,135.71,135.69,135.69,0.82,135.67,135.7,135.6,135.62,1112.422,135.62,135.69,135.62,135.65,94.33411511
2025-12-08 07:29,135.62,135.66,135.61,135.65,504.47758513,135.63000000,135.65000000,135.61000000,135.65000000,596.23100000,,,,,,135.62,135.65,135.61,135.65,234.483,135.63,135.64,135.63,135.64,1.8119990700000002
2025-12-08 07:30,135.66,135.76,135.66,135.72,1020.16235349,135.65000000,135.77000000,135.65000000,135.70000000,5788.25900000,135.72,135.78,135.72,135.78,1.6,135.65,135.75,135.65,135.69,2025.272,135.66,135.76,135.66,135.72,97.67158186999998
2025-12-08 07:31,135.71,135.88,135.66,135.79,1345.64266609,135.70000000,135.88000000,135.67000000,135.79000000,3516.00000000,135.79,135.87,135.79,135.87,0.6,135.69,135.87,135.66,135.79,1126.191,135.71,135.87,135.71,135.85,49.519428160000004
2025-12-08 07:32,135.8,135.99,135.8,135.92,463.0456532,135.79000000,135.98000000,135.79000000,135.91000000,2170.91500000,135.92,135.94,135.92,135.94,0.2,135.79,135.98,135.78,135.92,867.09,135.79,135.94,135.79,135.94,7.40157134
2025-12-08 07:33,135.92,135.92,135.72,135.77,1331.99548191,135.91000000,135.91000000,135.71000000,135.77000000,1234.04900000,135.8,135.8,135.8,135.8,0.2,135.92,135.92,135.71,135.76,702.749,135.81,135.81,135.75,135.75,40.90435015
2025-12-08 07:34,135.78,135.82,135.72,135.74,298.62819367,135.77000000,135.81000000,135.71000000,135.74000000,696.71100000,,,,,,135.76,135.8,135.7,135.73,229.408,135.79,135.79,135.78,135.78,39.51816403
2025-12-08 07:35,135.74,135.77,135.72,135.76,228.2818075,135.74000000,135.76000000,135.70000000,135.75000000,1655.59700000,,,,,,135.73,135.76,135.7,135.74,579.427,135.75,135.76,135.75,135.76,4.19520054
2025-12-08 07:36,135.75,135.98,135.75,135.94,1630.34834226,135.75000000,135.97000000,135.74000000,135.93000000,5392.95100000,135.82,135.98,135.82,135.98,13.963675879999998,135.74,135.97,135.74,135.93,1887.711,135.74,135.89,135.74,135.89,110.60412419000001
2025-12-08 07:37,135.93,135.93,135.81,135.9,329.28975563,135.93000000,135.93000000,135.80000000,135.89000000,1399.70700000,135.97,135.97,135.97,135.97,0.72,135.93,135.93,135.81,135.89,492.266,135.91,135.91,135.84,135.84,225.35579986999997
2025-12-08 07:38,135.89,135.91,135.8,135.87,801.49185482,135.88000000,135.91000000,135.79000000,135.85000000,1798.67200000,,,,,,135.89,135.91,135.79,135.84,629.852,135.81,135.88,135.81,135.87,68.87059997
2025-12-08 07:39,135.86,135.86,135.76,135.82,310.52986503,135.85000000,135.85000000,135.75000000,135.81000000,909.93200000,,,,,,135.84,135.85,135.76,135.81,317.647,135.83,135.83,135.83,135.83,0.5059400000000001
2025-12-08 07:40,135.81,135.81,135.72,135.76,621.52448245,135.81000000,135.81000000,135.70000000,135.75000000,989.22500000,135.86,135.86,135.82,135.82,0.7,135.81,135.81,135.7,135.75,344.621,135.82,135.82,135.71,135.79,8.5802126
2025-12-08 07:41,135.77,135.77,135.68,135.69,1080.61565089,135.76000000,135.78000000,135.66000000,135.69000000,1007.42900000,135.79,135.79,135.79,135.79,0.2,135.75,135.78,135.66,135.68,354.273,135.71,135.74,135.71,135.71,225.03369909
2025-12-08 07:42,135.68,135.69,135.55,135.63,268.38636875,135.68000000,135.68000000,135.56000000,135.62000000,1081.74600000,135.77,135.77,135.67,135.67,1.4999145,135.68,135.68,135.57,135.62,379.312,135.7,135.7,135.58,135.58,40.66145128
2025-12-08 07:43,135.62,135.63,135.57,135.63,466.79535032,135.62000000,135.63000000,135.55000000,135.60000000,1253.46900000,135.67,135.67,135.66,135.66,0.3000855,135.62,135.62,135.54,135.61,438.743,135.59,135.62,135.59,135.62,2.7020921099999997
2025-12-08 07:44,135.62,135.88,135.58,135.81,4079.97820102,135.60000000,135.86000000,135.57000000,135.80000000,4986.68000000,135.66,135.95,135.66,135.95,182.03604725,135.61,135.85,135.57,135.8,2127.205,135.62,135.85,135.6,135.85,1763.97605413
2025-12-08 07:45,135.8,135.82,135.6,135.69,804.36025311,135.80000000,135.80000000,135.59000000,135.67000000,4039.98800000,135.83,135.83,135.72,135.72,7.22799999,135.8,135.8,135.59,135.66,1418.821,135.8,135.8,135.69,135.69,182.63543932000002
2025-12-08 07:46,135.67,135.76,135.61,135.69,437.99417151,135.67000000,135.75000000,135.61000000,135.67000000,562.41300000,135.75,135.75,135.75,135.75,17.68,135.66,135.74,135.61,135.66,193.713,135.66,135.72,135.64,135.64,243.81641679
2025-12-08 07:47,135.68,135.76,135.66,135.7,414.99436662,135.67000000,135.76000000,135.66000000,135.69000000,1853.22700000,,,,,,135.66,135.76,135.66,135.69,752.038,135.67,135.77,135.67,135.75,64.59600596
2025-12-08 07:48,135.7,135.79,135.68,135.77,239.25566554,135.70000000,135.78000000,135.68000000,135.74000000,1008.68400000,,,,,,135.69,135.78,135.68,135.75,468.889,135.77,135.77,135.77,135.77,0.041853
2025-12-08 07:49,135.75,135.81,135.66,135.76,696.97353845,135.74000000,135.80000000,135.63000000,135.75000000,696.57100000,,,,,,135.75,135.8,135.63,135.75,244.78,135.76,135.76,135.64,135.67,98.89813124999999
2025-12-08 07:50,135.76,135.8,135.67,135.67,273.45934493,135.75000000,135.79000000,135.66000000,135.66000000,567.52200000,135.8,135.8,135.8,135.8,8.14,135.75,135.79,135.66,135.67,198.087,135.73,135.78,135.67,135.67,19.310536589999998
2025-12-08 07:51,135.67,135.96,135.67,135.9,2027.50522198,135.67000000,135.98000000,135.66000000,135.90000000,6452.29700000,135.8,135.98,135.8,135.96,15.44305383,135.67,135.94,135.66,135.9,2260.145,135.74,135.99,135.74,135.92,272.31168847
2025-12-08 07:52,135.89,135.93,135.84,135.87,302.54083106,135.89000000,135.91000000,135.82000000,135.85000000,820.43900000,,,,,,135.9,135.92,135.82,135.85,285.578,135.92,135.92,135.85,135.86,125.00405394
2025-12-08 07:53,135.85,135.91,135.8,135.91,322.78131441,135.86000000,135.90000000,135.79000000,135.89000000,633.74800000,135.9,135.9,135.9,135.9,0.5554,135.85,135.9,135.79,135.89,279.653,135.82,135.88,135.82,135.88,4.6732499999999995
2025-12-08 07:54,135.91,135.99,135.91,135.99,278.47550682,135.90000000,135.98000000,135.89000000,135.97000000,1901.72300000,135.99,135.99,135.99,135.99,0.09999999999999999,135.89,135.98,135.89,135.98,723.263,,,,,0.0
2025-12-08 07:55,135.98,135.98,135.79,135.87,665.11847003,135.97000000,135.98000000,135.79000000,135.84000000,2249.50800000,136.0,136.0,135.9,135.9,2.8129999999999997,135.98,135.98,135.79,135.84,732.072,135.87,135.88,135.85,135.87,3.90429648
2025-12-08 07:56,135.87,135.87,135.84,135.86,332.61141219,135.84000000,135.86000000,135.83000000,135.83000000,97.33000000,,,,,,135.84,135.86,135.83,135.83,34.064,135.85,135.86,135.84,135.84,201.24398000000002
2025-12-08 07:57,135.86,135.87,135.76,135.78,537.44650197,135.83000000,135.85000000,135.75000000,135.77000000,693.47800000,,,,,,135.83,135.85,135.75,135.77,243.099,135.84,135.84,135.76,135.78,1.2304760099999998
2025-12-08 07:58,135.78,135.78,135.69,135.78,229.57711315,135.76000000,135.77000000,135.69000000,135.77000000,1005.59500000,135.84,135.84,135.84,135.84,0.19999999999999998,135.77,135.77,135.69,135.76,351.308,135.77,135.77,135.73,135.77,19.54166359
2025-12-08 07:59,135.78,135.87,135.78,135.86,303.01804727,135.77000000,135.86000000,135.77000000,135.85000000,324.88500000,,,,,,135.76,135.86,135.76,135.85,117.746,135.77,135.84,135.77,135.84,18.68500245
2025-12-08 08:00,135.85,135.92,135.8,135.84,719.01863188,135.85000000,135.91000000,135.77000000,135.82000000,2406.13400000,,,,,,135.85,135.91,135.77,135.83,841.64,135.86,135.89,135.82,135.83,276.03626432
2025-12-08 08:01,135.81,135.83,135.71,135.71,831.44976374,135.82000000,135.82000000,135.70000000,135.71000000,4131.46100000,,,,,,135.83,135.83,135.7,135.72,1467.485,135.82,135.82,135.73,135.76,601.89852594
2025-12-08 08:02,135.72,135.85,135.72,135.84,437.99644558,135.71000000,135.83000000,135.71000000,135.83000000,789.91100000,,,,,,135.72,135.83,135.71,135.83,274.681,135.73,135.75,135.73,135.73,8.064765359999999
2025-12-08 08:03,135.85,135.93,135.75,135.79,333.4245179,135.82000000,135.94000000,135.75000000,135.78000000,1196.30000000,,,,,,135.83,135.93,135.76,135.79,421.486,135.86,135.91,135.76,135.76,64.08224024
2025-12-08 08:04,135.8,135.9,135.8,135.89,221.93455038,135.79000000,135.89000000,135.79000000,135.87000000,1283.02600000,135.87,135.87,135.86,135.86,1.182,135.79,135.89,135.79,135.88,449.176,135.78,135.87,135.78,135.85,0.04404
2025-12-08 08:05,135.88,135.88,135.73,135.79,412.26578847,135.87000000,135.87000000,135.72000000,135.78000000,1378.24000000,,,,,,135.88,135.88,135.72,135.78,350.435,135.74,135.79,135.74,135.77,9.76595771
2025-12-08 08:06,135.79,135.83,135.66,135.66,287.86903461,135.78000000,135.83000000,135.65000000,135.65000000,1979.64500000,135.85,135.86,135.79,135.79,20.171860679999998,135.78,135.83,135.65,135.65,693.773,135.78,135.78,135.66,135.66,0.17317869000000002
2025-12-08 08:07,135.66,135.82,135.66,135.79,417.36013921,135.66000000,135.82000000,135.66000000,135.79000000,1015.38400000,,,,,,135.65,135.82,135.65,135.78,442.424,135.75,135.81,135.74,135.81,48.10397688
2025-12-08 08:08,135.78,135.86,135.78,135.84,379.19585959,135.78000000,135.84000000,135.78000000,135.83000000,1429.47000000,,,,,,135.78,135.84,135.78,135.83,508.143,135.77,135.84,135.77,135.84,4.16764568
2025-12-08 08:09,135.83,135.88,135.78,135.78,974.73381855,135.83000000,135.87000000,135.77000000,135.77000000,2135.06700000,,,,,,135.83,135.87,135.77,135.78,739.791,135.84,135.85,135.83,135.85,19.34693782
2025-12-08 08:10,135.78,135.94,135.77,135.93,231.09243487,135.77000000,135.93000000,135.75000000,135.93000000,1800.65000000,,,,,,135.78,135.93,135.75,135.92,532.955,135.76,135.89,135.76,135.89,85.84999683999999
2025-12-08 08:11,135.94,135.98,135.92,135.92,316.87153548,135.93000000,135.97000000,135.91000000,135.92000000,1550.34400000,135.98,135.98,135.98,135.98,0.1,135.92,135.97,135.91,135.92,541.819,135.93,135.93,135.92,135.92,1.05304098
2025-12-08 08:12,135.93,136.0,135.93,135.98,155.05218484,135.93000000,136.00000000,135.93000000,135.98000000,2991.78800000,136.0,136.0,136.0,136.0,0.1,135.92,136,135.92,135.99,1045.681,135.92,135.99,135.92,135.99,0.9543999500000001
2025-12-08 08:13,135.97,136.0,135.96,135.99,615.87871143,135.99000000,136.00000000,135.96000000,136.00000000,2529.14400000,136.01,136.01,136.01,136.01,0.1,135.99,136,135.96,136,865.633,135.96,135.97,135.96,135.97,2.1749
2025-12-08 08:14,135.99,136.15,135.99,136.04,1517.12944026,136.00000000,136.13000000,135.99000000,136.03000000,2043.76500000,136.02,136.12,136.02,136.12,6.51940088,136,136.11,135.99,136.03,1155.452,135.99,136.1,135.99,136.03,217.89953476
2025-12-08 08:15,136.04,136.21,136.04,136.2,378.71379702,136.04000000,136.20000000,136.04000000,136.20000000,1605.82400000,136.14,136.15,136.14,136.15,0.19999999999999998,136.03,136.2,136.03,136.19,588.391,136.03,136.19,136.03,136.19,17.32244278
2025-12-08 08:16,136.2,136.32,136.2,136.29,654.76924833,136.20000000,136.30000000,136.19000000,136.27000000,1471.25000000,136.23,136.28,136.23,136.28,0.3,136.19,136.29,136.19,136.28,595.463,136.19,136.3,136.19,136.3,22.738396129999998
2025-12-08 08:17,136.28,136.31,136.11,136.11,2217.17828028,136.28000000,136.30000000,136.12000000,136.13000000,3351.38100000,,,,,,136.28,136.28,136.12,136.12,1210.872,136.22,136.22,136.13,136.13,47.37623103
2025-12-08 08:18,136.11,136.18,136.08,136.12,663.46576701,136.12000000,136.19000000,136.06000000,136.14000000,2318.72500000,,,,,,136.12,136.19,136.06,136.12,813.661,136.1,136.16,136.08,136.14,2.52069664
2025-12-08 08:19,136.14,136.23,136.13,136.2,325.09597499,136.14000000,136.22000000,136.12000000,136.19000000,953.73800000,,,,,,136.12,136.21,136.12,136.2,380.779,136.14,136.17,136.14,136.17,7.08523798
2025-12-08 08:20,136.2,136.24,136.08,136.11,306.05121314,136.20000000,136.25000000,136.08000000,136.12000000,534.54200000,,,,,,136.2,136.24,136.08,136.12,220.639,136.2,136.2,136.06,136.06,0.21466923999999998
2025-12-08 08:21,136.12,136.24,136.12,136.17,257.45527167,136.12000000,136.24000000,136.12000000,136.19000000,544.84100000,136.25,136.25,136.24,136.24,4.191,136.12,136.24,136.11,136.17,198.027,136.12,136.22,136.12,136.17,66.59484788
2025-12-08 08:22,136.19,136.24,136.14,136.2,458.21730615,136.19000000,136.25000000,136.13000000,136.19000000,535.27000000,136.25,136.25,136.25,136.25,8.08,136.17,136.25,136.12,136.19,196.536,136.15,136.21,136.15,136.21,2.4736456099999997
2025-12-08 08:23,136.19,136.19,136.11,136.17,442.70329342,136.19000000,136.19000000,136.11000000,136.18000000,1328.84800000,,,,,,136.19,136.19,136.11,136.18,465.242,136.14,136.14,136.14,136.14,0.5122567
2025-12-08 08:24,136.18,136.19,136.13,136.13,234.02148554,136.17000000,136.18000000,136.13000000,136.13000000,1086.51400000,,,,,,136.18,136.18,136.12,136.13,380.277,136.16,136.17,136.12,136.12,77.06711926999999
2025-12-08 08:25,136.12,136.15,136.09,136.13,277.13368751,136.12000000,136.15000000,136.08000000,136.12000000,1216.18000000,,,,,,136.13,136.15,136.08,136.1,474.587,136.13,136.13,136.1,136.1,2.788983
2025-12-08 08:26,136.13,136.13,135.99,136.04,312.28501188,136.12000000,136.13000000,136.00000000,136.04000000,649.96100000,136.14,136.14,136.13,136.13,0.39999998999999997,136.1,136.13,136,136.03,174.17,136.08,136.08,136.05,136.05,1810.71000562
2025-12-08 08:27,136.04,136.08,136.0,136.08,266.15577244,136.04000000,136.08000000,136.00000000,136.06000000,553.04300000,136.13,136.13,136.11,136.11,1.4400000099999999,136.03,136.08,136,136.06,208.298,136.05,136.06,136.05,136.06,319.93548465
2025-12-08 08:28,136.07,136.09,136.04,136.09,198.39304229,136.06000000,136.09000000,136.04000000,136.09000000,551.53500000,,,,,,136.06,136.09,136.04,136.08,226.703,136.07,136.09,136.06,136.09,5.91411209
2025-12-08 08:29,136.08,136.1,136.06,136.1,282.65499847,136.08000000,136.10000000,136.06000000,136.10000000,496.36100000,,,,,,136.08,136.1,136.06,136.09,174.669,136.09,136.09,136.07,136.07,3.25679584
2025-12-08 08:30,136.1,136.15,136.08,136.11,366.40741802,136.10000000,136.15000000,136.07000000,136.10000000,1607.17400000,136.16,136.16,136.16,136.16,0.113,136.09,136.15,136.08,136.1,530.372,136.09,136.09,136.09,136.09,3.03019695
2025-12-08 08:31,136.12,136.12,136.0,136.0,142.37830299,136.11000000,136.11000000,135.99000000,135.99000000,515.19000000,,,,,,136.1,136.11,136,136,165.757,136.06,136.06,136.05,136.05,743.69899701
2025-12-08 08:32,136.0,136.0,135.87,135.93,372.43898311,136.00000000,136.00000000,135.86000000,135.93000000,1668.66600000,136.1,136.1,136.0,136.0,2.0,136,136,135.86,135.92,638.896,136.05,136.05,135.88,135.9,1699.231289
2025-12-08 08:33,135.93,135.99,135.93,135.93,264.370136,135.92000000,135.98000000,135.91000000,135.91000000,533.02300000,,,,,,135.92,135.98,135.9,135.9,221.588,135.91,135.96,135.91,135.92,77.98707589
2025-12-08 08:34,135.92,136.0,135.86,135.97,502.68274717,135.90000000,135.99000000,135.83000000,135.97000000,1714.81700000,135.99,136.01,135.97,136.01,8.47999999,135.9,135.99,135.83,135.96,598.77,135.88,135.99,135.88,135.99,55.89742299
2025-12-08 08:35,135.96,135.96,135.87,135.92,396.90856587,135.96000000,135.96000000,135.85000000,135.92000000,1220.12400000,,,,,,135.96,135.97,135.85,135.92,459.41,,,,,0.0
2025-12-08 08:36,135.94,136.02,135.92,135.92,273.99580679,135.93000000,136.00000000,135.90000000,135.90000000,428.14800000,,,,,,135.92,136,135.9,135.9,158.392,135.94,135.99,135.94,135.97,29.973237
2025-12-08 08:37,135.92,135.99,135.88,135.99,364.72308865,135.91000000,135.97000000,135.87000000,135.96000000,643.56000000,,,,,,135.9,135.97,135.88,135.97,261.508,135.93,135.95,135.9,135.95,7.8051555399999994
2025-12-08 08:38,135.99,136.0,135.92,136.0,230.86907455,135.96000000,135.99000000,135.89000000,135.98000000,1961.46400000,,,,,,135.97,135.99,135.89,135.98,699.236,135.96,135.96,135.96,135.96,0.31423999999999996
2025-12-08 08:39,136.0,136.06,135.99,136.02,359.28422413,135.99000000,136.05000000,135.98000000,136.00000000,449.06700000,,,,,,135.98,136.05,135.98,136.01,157.433,135.98,136.04,135.98,136.02,7.416897929999999
2025-12-08 08:40,136.02,136.05,135.97,136.04,301.14837687,136.01000000,136.03000000,135.96000000,136.01000000,452.41800000,,,,,,136.01,136.03,135.96,136.01,156.325,135.97,136.02,135.96,136.02,16.40900466
2025-12-08 08:41,136.02,136.06,136.0,136.0,328.25124897,136.01000000,136.05000000,135.97000000,135.98000000,1790.05000000,136.08,136.08,136.08,136.08,0.9947298,136.01,136.05,135.97,135.98,626.673,136.02,136.06,135.97,135.97,10.834846670000001
2025-12-08 08:42,136.0,136.06,135.99,136.02,228.48963381,135.97000000,136.04000000,135.97000000,136.00000000,773.63000000,,,,,,135.98,136.04,135.98,135.99,270.734,135.98,136.03,135.98,136.03,6.87181552
2025-12-08 08:43,136.02,136.14,136.01,136.12,187.16300048,136.00000000,136.12000000,136.00000000,136.11000000,343.77600000,136.08,136.14,136.08,136.14,0.40699999,135.99,136.11,135.99,136.11,137.901,136.06,136.06,136.06,136.06,0.10808
2025-12-08 08:44,136.14,136.23,136.12,136.22,300.93571712,136.12000000,136.22000000,136.11000000,136.21000000,1387.56200000,136.14,136.24,136.14,136.24,0.9,136.11,136.22,136.11,136.2,600.955,136.15,136.21,136.15,136.21,3.4718057699999996
2025-12-08 08:45,136.21,136.35,136.19,136.28,885.29450249,136.20000000,136.34000000,136.17000000,136.27000000,6090.64000000,136.23,136.39,136.23,136.39,29.12000001,136.2,136.34,136.19,136.27,2312.176,136.21,136.3,136.21,136.28,63.51211006
2025-12-08 08:46,136.28,136.35,136.15,136.35,666.1768804,136.27000000,136.35000000,136.14000000,136.35000000,2030.19300000,,,,,,136.27,136.34,136.14,136.33,731.345,136.2,136.29,136.15,136.29,0.7871906599999999
2025-12-08 08:47,136.35,136.5,136.28,136.5,632.84888947,136.34000000,136.50000000,136.25000000,136.50000000,4128.70700000,136.44,136.45,136.44,136.45,3.3699947100000003,136.33,136.49,136.26,136.49,1508.724,136.3,136.45,136.29,136.45,91.32979869
2025-12-08 08:48,136.5,136.99,136.5,136.65,3393.91098274,136.50000000,136.92000000,136.49000000,136.63000000,11663.06600000,136.53,136.87,136.53,136.87,12.04095369,136.49,136.91,136.49,136.68,6143.383,136.49,136.87,136.49,136.69,239.87596441
2025-12-08 08:49,136.64,136.78,136.51,136.51,840.68933314,136.62000000,136.80000000,136.50000000,136.51000000,5016.42100000,136.75,136.75,136.64,136.64,1.4,136.68,136.78,136.5,136.5,1625.022,136.68,136.7,136.54,136.54,36.2917291
2025-12-08 08:50,136.51,136.58,136.5,136.56,542.14801564,136.50000000,136.57000000,136.47000000,136.55000000,3745.21900000,136.62,136.62,136.62,136.62,0.19999999999999998,136.5,136.58,136.48,136.55,1410.576,136.53,136.56,136.48,136.52,1858.5439437
2025-12-08 08:51,136.55,136.64,136.54,136.56,498.14937995,136.55000000,136.63000000,136.51000000,136.54000000,1333.22800000,136.62,136.62,136.62,136.62,0.128,136.55,136.6,136.52,136.54,466.581,136.56,136.63,136.53,136.53,194.95062428
2025-12-08 08:52,136.56,136.56,136.47,136.49,329.21111782,136.53000000,136.57000000,136.46000000,136.48000000,880.43100000,,,,,,136.54,136.55,136.45,136.48,307.856,136.5,136.5,136.49,136.49,0.36470009000000003
2025-12-08 08:53,136.49,136.63,136.49,136.56,931.6122977,136.47000000,136.62000000,136.47000000,136.55000000,2000.43300000,,,,,,136.48,136.63,136.47,136.56,747.267,136.51,136.59,136.5,136.59,105.99981028
2025-12-08 08:54,136.56,136.8,136.56,136.8,2191.07317805,136.55000000,136.78000000,136.55000000,136.78000000,1207.73200000,136.76,136.81,136.76,136.81,0.29999999,136.56,136.78,136.56,136.77,410.217,136.6,136.74,136.6,136.74,0.7866748100000001
2025-12-08 08:55,136.8,137.0,136.78,136.96,6155.63161057,136.78000000,136.94000000,136.77000000,136.93000000,3376.60500000,136.81,136.93,136.81,136.93,0.10000001,136.77,136.93,136.77,136.93,951.736,136.79,136.92,136.79,136.92,4.15601358
2025-12-08 08:56,136.95,136.97,136.73,136.75,650.47876622,136.92000000,136.95000000,136.73000000,136.75000000,1369.73000000,,,,,,136.93,136.96,136.72,136.74,754.395,136.85,136.85,136.75,136.75,17.40267112
2025-12-08 08:57,136.74,136.74,136.65,136.68,380.88388216,136.75000000,136.75000000,136.62000000,136.67000000,1653.02300000,136.76,136.76,136.76,136.76,0.2,136.74,136.74,136.62,136.68,539.71,136.73,136.73,136.67,136.67,16.13803508
2025-12-08 08:58,136.67,136.67,136.58,136.64,339.52181891,136.67000000,136.67000000,136.58000000,136.62000000,753.58100000,136.72,136.72,136.7,136.7,0.6,136.68,136.68,136.58,136.62,255.294,136.64,136.64,136.64,136.64,14.63164825
2025-12-08 08:59,136.64,136.81,136.64,136.72,470.39563073,136.63000000,136.78000000,136.63000000,136.71000000,1341.44400000,,,,,,136.62,136.78,136.62,136.69,542.941,136.64,136.77,136.64,136.76,13.076675269999999
2025-12-08 09:00,136.71,136.89,136.67,136.85,2158.17853532,136.70000000,136.87000000,136.68000000,136.84000000,4935.11600000,136.74,136.88,136.74,136.88,55.3550958,136.69,136.87,136.69,136.83,1725.083,136.72,136.88,136.68,136.84,1131.7960811799999
2025-12-08 09:01,136.85,137.18,136.85,137.08,738.78685616,136.84000000,137.16000000,136.83000000,137.08000000,5785.63300000,136.9,137.15,136.9,137.15,5.69359734,136.83,137.15,136.83,137.08,2452.94,136.88,137.1,136.88,137.07,268.71458521
2025-12-08 09:02,137.09,137.5,137.09,137.19,2812.96066536,137.08000000,137.49000000,137.08000000,137.17000000,8696.98400000,137.19,137.51,137.19,137.36,103.31570219,137.08,137.46,137.08,137.19,3130.028,137.11,137.48,137.11,137.23,516.05072253
2025-12-08 09:03,137.17,137.58,137.15,137.55,870.9649305,137.16000000,137.57000000,137.13000000,137.54000000,3156.64000000,137.4,137.58,137.4,137.57,59.32987712,137.19,137.57,137.17,137.55,897.534,137.19,137.54,137.19,137.54,256.89821453999997
2025-12-08 09:04,137.55,137.66,137.37,137.37,961.11521263,137.54000000,137.65000000,137.36000000,137.36000000,1721.71600000,137.7,137.73,137.7,137.73,3.98808434,137.55,137.64,137.36,137.36,1084.177,137.54,137.6,137.4,137.4,313.52843391
2025-12-08 09:05,137.37,138.69,137.37,138.54,5273.67392693,137.35000000,138.64000000,137.35000000,138.52000000,21668.65000000,137.77,138.57,137.77,138.57,17.18906544,137.36,138.63,137.35,138.51,6860.506,137.37,138.59,137.37,138.55,1499.44968648
2025-12-08 09:06,138.51,138.87,138.22,138.87,3314.1259224,138.52000000,138.87000000,138.20000000,138.85000000,16033.62800000,138.66,138.73,138.49,138.73,4.00027381,138.51,138.86,138.2,138.85,5872.043,138.59,138.79,138.24,138.78,411.67712290000003
2025-12-08 09:07,138.85,138.87,138.36,138.68,915.24377164,138.85000000,138.88000000,138.32000000,138.68000000,10627.40400000,138.6,138.6,138.55,138.55,10.04739496,138.85,138.87,138.3,138.68,3977.462,138.75,138.75,138.43,138.67,144.56812653999998
2025-12-08 09:08,138.67,138.84,138.58,138.71,1462.51131639,138.68000000,138.84000000,138.58000000,138.71000000,12021.74300000,138.82,138.82,138.82,138.82,2.0,138.68,138.81,138.59,138.7,4190.02,138.71,138.78,138.6,138.78,20.35764721
2025-12-08 09:09,138.7,138.91,138.4,138.49,1077.47503693,138.70000000,138.90000000,138.38000000,138.48000000,4432.30800000,138.87,138.87,138.6,138.6,15.8,138.7,138.89,138.4,138.43,1822.639,138.67,138.85,138.42,138.42,74.80802495
2025-12-08 09:10,138.47,138.57,138.32,138.32,863.69893307,138.48000000,138.55000000,138.30000000,138.30000000,3512.62500000,138.46,138.46,138.42,138.42,6.288,138.43,138.54,138.31,138.31,1286.859,138.47,138.53,138.31,138.35,212.10271907
2025-12-08 09:11,138.31,138.51,138.27,138.45,1056.31910323,138.29000000,138.52000000,138.25000000,138.45000000,4069.40000000,138.36,138.36,138.32,138.32,0.4,138.31,138.51,138.26,138.45,1397.542,138.3,138.45,138.3,138.45,543.24241481
2025-12-08 09:12,138.45,138.49,138.21,138.27,991.23537015,138.44000000,138.49000000,138.18000000,138.24000000,4143.12400000,138.33,138.33,138.33,138.33,6.287999999999999,138.45,138.48,138.2,138.28,1391.807,138.41,138.41,138.24,138.27,556.87170523
2025-12-08 09:13,138.27,138.38,138.27,138.33,1364.85881329,138.25000000,138.36000000,138.25000000,138.31000000,2542.22400000,,,,,,138.28,138.36,138.26,138.33,1032.96,138.25,138.33,138.25,138.3,614.53735196
2025-12-08 09:14,138.33,138.34,138.12,138.13,1085.36277271,138.32000000,138.33000000,138.08000000,138.10000000,3108.47500000,,,,,,138.33,138.33,138.1,138.1,994.775,138.24,138.24,138.14,138.14,5.1264
2025-12-08 09:15,138.12,138.12,137.92,137.97,1882.53908168,138.10000000,138.10000000,137.90000000,137.95000000,5333.34400000,138.19,138.19,138.07,138.07,1.0,138.1,138.11,137.9,137.94,2020.083,138.13,138.13,137.91,137.95,128.24803452
2025-12-08 09:16,137.93,138.07,137.92,137.97,832.92076086,137.95000000,138.06000000,137.91000000,137.97000000,3279.95400000,,,,,,137.94,138.06,137.91,137.97,1132.703,137.93,138.03,137.93,138.03,0.48339299999999996
2025-12-08 09:17,137.98,138.02,137.89,137.9,6171.58476285,137.97000000,138.01000000,137.90000000,137.90000000,3297.68500000,138.0,138.0,137.98,137.98,33.172952,137.97,138,137.9,137.9,1166.492,137.96,138.0,137.91,137.91,12.39512698
2025-12-08 09:18,137.9,138.11,137.9,137.97,931.86418762,137.91000000,138.12000000,137.88000000,137.97000000,5114.45900000,,,,,,137.9,138.12,137.9,137.96,1718.026,137.97,138.1,137.97,137.99,20.786229040000002
2025-12-08 09:19,137.98,138.01,137.89,137.92,704.83425995,137.96000000,138.00000000,137.89000000,137.92000000,3787.84300000,,,,,,137.96,138,137.89,137.92,1429.631,137.94,137.96,137.92,137.92,5.71429547
2025-12-08 09:20,137.92,138.25,137.91,138.24,426.77487177,137.91000000,138.26000000,137.89000000,138.23000000,3834.51000000,138.13,138.21,138.13,138.21,0.4,137.92,138.23,137.89,138.23,1336.819,137.91,138.2,137.91,138.2,252.50333087
2025-12-08 09:21,138.24,138.32,138.12,138.26,671.78993298,138.23000000,138.32000000,138.12000000,138.26000000,2377.58500000,138.14,138.31,138.13,138.31,43.76045438,138.23,138.31,138.11,138.27,816.911,138.21,138.35,138.11,138.29,211.89780165
2025-12-08 09:22,138.26,138.26,138.03,138.05,715.83659186,138.25000000,138.25000000,138.04000000,138.04000000,2148.90000000,138.13,138.13,138.13,138.13,0.19999999,138.27,138.27,138.04,138.05,767.665,138.23,138.23,138.08,138.08,22.17950904
2025-12-08 09:23,138.03,138.19,137.91,138.11,1030.74550946,138.04000000,138.18000000,137.91000000,138.09000000,3559.57200000,138.13,138.13,138.07,138.07,0.20000001,138.05,138.18,137.9,138.14,1264.277,138.0,138.15,138.0,138.12,364.66526855999996
2025-12-08 09:24,138.11,138.32,138.11,138.26,775.7632675,138.10000000,138.32000000,138.09000000,138.23000000,1730.39200000,138.21,138.28,138.21,138.27,0.91999999,138.14,138.32,138.09,138.22,720.116,138.2,138.31,138.2,138.3,312.01559208000003
2025-12-08 09:25,138.25,138.25,138.03,138.06,1431.00085328,138.24000000,138.25000000,138.00000000,138.05000000,2737.98700000,138.13,138.13,138.11,138.11,0.4,138.22,138.25,138.01,138.06,960.638,138.22,138.23,138.03,138.07,97.67482936
2025-12-08 09:26,138.06,138.1,137.99,138.05,537.43437803,138.06000000,138.09000000,137.97000000,138.02000000,726.27100000,138.07,138.07,138.07,138.07,0.2,138.06,138.09,137.97,138.03,245.659,138.05,138.06,138.02,138.02,3.45921281
2025-12-08 09:27,138.03,138.19,138.03,138.17,277.61081113,138.02000000,138.18000000,138.02000000,138.18000000,1048.80700000,,,,,,138.03,138.18,138.03,138.17,376.398,138.06,138.17,138.06,138.17,57.09040977
2025-12-08 09:28,138.17,138.17,138.07,138.07,321.3371774,138.17000000,138.17000000,138.06000000,138.06000000,492.93300000,,,,,,138.17,138.17,138.07,138.07,662.429,138.14,138.14,138.1,138.1,39.76575808
2025-12-08 09:29,138.06,138.22,138.04,138.18,286.18185947,138.07000000,138.20000000,138.03000000,138.15000000,3735.99400000,138.23,138.24,138.21,138.24,32.65583153,138.07,138.2,138.03,138.15,1264.284,138.07,138.18,138.07,138.18,20.10270465
2025-12-08 09:30,138.16,138.18,138.0,138.04,697.98704311,138.14000000,138.16000000,137.99000000,138.03000000,2000.20300000,,,,,,138.15,138.16,138,138.07,1731.978,138.04,138.11,138.02,138.02,31.27931883
2025-12-08 09:31,138.06,138.09,137.98,138.08,294.35051634,138.02000000,138.09000000,137.96000000,138.07000000,1764.16000000,,,,,,138.07,138.09,137.96,138.07,575.325,138.05,138.06,138.0,138.04,228.94620369999998
2025-12-08 09:32,138.08,138.28,138.08,138.21,491.86149985,138.07000000,138.27000000,138.07000000,138.20000000,3681.65700000,138.26,138.26,138.26,138.26,0.1,138.07,138.27,138.07,138.2,1670.328,138.1,138.26,138.1,138.2,354.73039278
2025-12-08 09:33,138.21,138.34,138.21,138.29,505.77762405,138.20000000,138.32000000,138.20000000,138.27000000,1190.42100000,138.28,138.33,138.25,138.25,50.3,138.2,138.32,138.19,138.28,413.863,138.28,138.3,138.25,138.25,8.47527481
2025-12-08 09:34,138.27,138.42,138.27,138.39,264.13732497,138.28000000,138.40000000,138.27000000,138.36000000,2203.84400000,138.33,138.38,138.33,138.38,0.40000001,138.28,138.4,138.27,138.37,770.655,138.26,138.4,138.26,138.4,0.91575573
2025-12-08 09:35,138.39,138.44,138.17,138.17,403.76539179,138.37000000,138.43000000,138.15000000,138.15000000,1632.21500000,138.4,138.4,138.4,138.4,0.1,138.37,138.43,138.14,138.14,575.706,138.36,138.38,138.15,138.15,25.96552055
2025-12-08 09:36,138.17,138.31,138.17,138.27,272.79863152,138.15000000,138.30000000,138.15000000,138.25000000,1692.69000000,,,,,,138.14,138.29,138.14,138.25,646.07,138.19,138.25,138.19,138.23,5.351566920000001
2025-12-08 09:37,138.24,138.24,138.1,138.16,382.26777696,138.24000000,138.24000000,138.06000000,138.15000000,815.72300000,138.24,138.24,138.17,138.17,0.8,138.25,138.25,138.06,138.15,286.926,138.19,138.19,138.07,138.18,7.56212019
2025-12-08 09:38,138.15,138.15,138.01,138.01,274.92315162,138.14000000,138.14000000,138.00000000,138.00000000,679.79500000,138.16,138.16,138.11,138.11,0.5999999899999999,138.15,138.15,138.03,138.03,212.268,138.1,138.1,138.05,138.05,21.71815386
2025-12-08 09:39,138.02,138.13,138.02,138.08,522.32592801,138.01000000,138.12000000,138.01000000,138.05000000,4035.65400000,,,,,,138.03,138.12,138.01,138.06,1449.18,138.07,138.09,138.06,138.06,8.10597329
2025-12-08 09:40,138.08,138.16,138.02,138.13,364.35268854,138.06000000,138.14000000,138.01000000,138.13000000,2115.41600000,,,,,,138.06,138.14,138,138.12,739.449,138.05,138.09,138.05,138.09,1.9740587
2025-12-08 09:41,138.12,138.2,138.09,138.19,556.74489489,138.13000000,138.20000000,138.07000000,138.18000000,1619.80800000,,,,,,138.12,138.2,138.08,138.17,566.261,138.08,138.1,138.08,138.1,31.70258145
2025-12-08 09:42,138.18,138.18,138.07,138.07,225.29359219,138.17000000,138.18000000,138.05000000,138.05000000,774.68500000,,,,,,138.17,138.18,138.05,138.06,273.184,138.16,138.16,138.07,138.07,13.10622454
2025-12-08 09:43,138.07,138.09,137.99,138.07,553.64032604,138.05000000,138.06000000,137.95000000,138.06000000,2679.12700000,138.11,138.11,138.08,138.08,0.60000001,138.06,138.06,137.96,138.05,937.217,138.06,138.07,138.0,138.0,31.11931723
2025-12-08 09:44,138.06,138.06,137.98,138.01,443.34085071,138.05000000,138.05000000,137.97000000,137.99000000,2197.10200000,138.04,138.04,138.04,138.04,3.6527,138.05,138.05,137.98,138,771.604,138.0,138.02,138.0,138.01,7.361980030000001
2025-12-08 09:45,138.01,138.01,137.86,137.9,940.76265138,137.99000000,137.99000000,137.83000000,137.87000000,2318.35000000,138.03,138.03,137.94,137.94,1.2000621200000001,138,138,137.83,137.88,843.763,138.0,138.0,137.82,137.87,753.38139545
2025-12-08 09:46,137.89,138.03,137.89,137.94,325.38372705,137.87000000,138.00000000,137.87000000,137.93000000,4001.79800000,,,,,,137.88,138,137.87,137.92,1422.023,137.92,137.96,137.9,137.9,14.15271173
2025-12-08 09:47,137.93,137.96,137.87,137.94,535.34222667,137.92000000,137.94000000,137.85000000,137.92000000,2221.25500000,,,,,,137.92,137.94,137.86,137.93,801.075,137.86,137.92,137.86,137.92,16.06019216
2025-12-08 09:48,137.93,138.04,137.93,137.97,386.97185455,137.93000000,138.00000000,137.90000000,137.96000000,1987.00700000,,,,,,137.93,138,137.91,137.95,718.517,137.95,138.0,137.93,137.99,3.11456478
2025-12-08 09:49,137.97,137.99,137.86,137.86,332.05643609,137.96000000,137.98000000,137.86000000,137.86000000,1194.92900000,,,,,,137.95,137.98,137.86,137.86,435.832,137.95,137.95,137.86,137.86,29.86042158
2025-12-08 09:50,137.88,138.05,137.88,138.05,421.49895643,137.86000000,138.02000000,137.86000000,138.01000000,2379.08200000,,,,,,137.86,138.02,137.86,138.02,850.784,137.91,138.0,137.91,138.0,157.68890466
2025-12-08 09:51,138.04,138.1,138.0,138.05,399.09008644,138.02000000,138.09000000,137.98000000,138.04000000,2313.89500000,,,,,,138.02,138.08,137.98,138.04,815.173,138.0,138.05,138.0,138.03,145.13810355
2025-12-08 09:52,138.06,138.15,138.06,138.15,238.30145068,138.04000000,138.13000000,138.03000000,138.12000000,1046.98200000,138.09,138.13,138.09,138.13,0.30000000000000004,138.04,138.13,138.03,138.12,389.683,138.06,138.11,138.06,138.11,55.32105227
2025-12-08 09:53,138.15,138.17,138.03,138.03,413.76778145,138.12000000,138.15000000,138.01000000,138.02000000,1334.19800000,138.14,138.15,138.14,138.15,0.2,138.12,138.15,138.01,138.01,443.727,138.12,138.12,138.0,138.0,6.444609
2025-12-08 09:54,138.02,138.1,138.02,138.07,306.43348309,138.02000000,138.07000000,138.01000000,138.06000000,1534.86100000,,,,,,138.01,138.07,138.01,138.06,662.143,138.03,138.07,138.03,138.07,0.49043184000000006
2025-12-08 09:55,138.07,138.14,138.07,138.13,196.13337619,138.05000000,138.11000000,138.04000000,138.10000000,1337.04500000,,,,,,138.06,138.1,138.04,138.1,470.94,138.03,138.07,138.03,138.07,11.06377099
2025-12-08 09:56,138.13,138.14,138.12,138.13,11.91869752,138.10000000,138.11000000,138.10000000,138.10000000,291.90300000,,,,,,138.1,138.1,138.09,138.1,340.052,138.1,138.11,138.1,138.11,2.84701849
2025-12-08 09:57,138.13,138.19,138.12,138.14,262.8854985,138.11000000,138.17000000,138.10000000,138.12000000,2437.17800000,138.16,138.18,138.16,138.18,0.295936,138.1,138.16,138.09,138.11,1070.972,138.14,138.15,138.11,138.12,12.14186057
2025-12-08 09:58,138.13,138.16,138.08,138.14,213.51222261,138.12000000,138.13000000,138.07000000,138.12000000,754.32500000,,,,,,138.11,138.13,138.07,138.13,334.109,138.1,138.14,138.1,138.14,70.50745589
2025-12-08 09:59,138.15,138.18,138.13,138.17,147.10232571,138.12000000,138.14000000,138.10000000,138.14000000,1063.64600000,138.16,138.17,138.15,138.15,30.57442593,138.13,138.14,138.1,138.13,369.558,138.11,138.12,138.11,138.12,3.56077105
2025-12-08 10:00,138.18,138.33,138.14,138.14,828.89503977,138.14000000,138.30000000,138.09000000,138.12000000,2935.50400000,138.18,138.3,138.18,138.19,12.526615959999999,,,,,,,,,,
