time,COINBASE:open,COINBASE:high,COINBASE:low,COINBASE:close,COINBASE:volume,BINANCE:open,BINANCE:high,BINANCE:low,BINANCE:close,BINANCE:volume,BITFINEX:open,BITFINEX:high,BITFINEX:low,BITFINEX:close,BITFINEX:volume,MEXC:open,MEXC:high,MEXC:low,MEXC:close,MEXC:volume,KRAKEN:open,KRAKEN:high,KRAKEN:low,KRAKEN:close,KRAKEN:volume
2025-12-07 10:00,3030.92,3031.5,3030.53,3031.5,8.13003114,3030.38000000,3030.96000000,3030.11000000,3030.96000000,75.79990000,,,,,,3030.37,3030.97,3030.09,3030.96,50.35089,3029.82,3029.82,3029.82,3029.82,0.02568949
2025-12-07 10:01,3031.65,3032.84,3031.64,3032.81,9.2083487,3030.96000000,3032.00000000,3030.95000000,3032.00000000,34.78540000,3032.6,3032.6,3032.6,3032.6,0.001,3030.96,3032,3030.95,3032,21.70623,3029.82,3029.82,3029.81,3029.82,32.34031179
2025-12-07 10:02,3032.71,3033.35,3032.08,3032.85,2.56681031,3032.00000000,3032.50000000,3031.68000000,3032.50000000,66.73310000,3033.3,3033.3,3033.3,3033.3,0.05,3032,3032.5,3031.64,3032.49,51.91912,3030.01,3030.01,3030.01,3030.01,6.15740133
2025-12-07 10:03,3032.84,3032.84,3030.91,3031.96,14.28177763,3032.50000000,3032.50000000,3030.25000000,3031.38000000,61.63330000,,,,,,3032.49,3032.5,3030.25,3031.25,42.95805,3031.2,3031.24,3031.2,3031.24,0.09390529
2025-12-07 10:04,3031.9,3031.97,3031.03,3031.24,3.71275868,3031.38000000,3031.39000000,3030.60000000,3030.85000000,37.92200000,,,,,,3031.25,3031.42,3030.6,3030.6,27.86406,3031.24,3031.24,3031.15,3031.15,0.0028869
2025-12-07 10:05,3031.34,3032.04,3031.3,3031.82,9.76898699,3030.85000000,3031.39000000,3030.59000000,3031.39000000,37.33710000,3032.9,3032.9,3032.9,3032.9,0.0008,3030.6,3031.39,3030.55,3031.39,26.05863,3031.25,3031.25,3031.25,3031.25,0.10599184
2025-12-07 10:06,3031.81,3031.88,3030.2,3030.2,7.31294912,3031.39000000,3031.39000000,3030.07000000,3030.07000000,24.47180000,,,,,,3031.39,3031.39,3030.06,3030.08,17.15032,3030.88,3030.88,3030.88,3030.88,0.0048166
2025-12-07 10:07,3030.31,3032.25,3030.31,3032.25,8.62076382,3030.07000000,3031.80000000,3029.93000000,3031.80000000,33.54000000,,,,,,3030.08,3031.79,3029.93,3031.79,23.44289,3030.75,3030.75,3030.75,3030.75,0.00033658
2025-12-07 10:08,3032.39,3032.8,3032.13,3032.63,3.41497831,3031.80000000,3032.03000000,3031.71000000,3032.03000000,55.36460000,3033.7,3033.7,3033.7,3033.7,0.02411,3031.79,3032.16,3031.71,3031.99,51.0864,3030.75,3030.76,3030.75,3030.76,0.21864532
2025-12-07 10:09,3032.63,3032.99,3032.11,3032.99,4.96740297,3032.02000000,3032.57000000,3031.71000000,3032.56000000,56.93190000,,,,,,3031.99,3032.61,3031.71,3032.59,31.07555,3030.76,3030.76,3030.75,3030.76,0.15613766
2025-12-07 10:10,3033.0,3036.25,3033.0,3036.15,6.67854089,3032.56000000,3035.78000000,3032.56000000,3035.77000000,130.91040000,3033.7,3036.2,3033.7,3036.2,3.52085715,3032.59,3036.17,3032.58,3035.79,89.58362,3031.68,3032.89,3031.68,3032.89,3.0892304
2025-12-07 10:11,3036.15,3036.9,3035.11,3035.11,8.82186251,3035.78000000,3036.66000000,3034.56000000,3034.56000000,86.64300000,3037.5,3037.7,3037.5,3037.7,3.9698,3035.79,3036.43,3034.56,3034.57,62.00997,3034.09,3035.0,3034.09,3035.0,0.07679290999999999
2025-12-07 10:12,3035.11,3036.8,3035.11,3036.8,47.02369605,3034.57000000,3036.61000000,3034.56000000,3036.24000000,152.13980000,3036.4,3036.4,3036.4,3036.4,0.98892568,3034.57,3035.01,3034.56,3035.01,2.0318,3034.99,3034.99,3034.98,3034.98,0.00130047
2025-12-07 10:13,3036.53,3037.35,3036.0,3036.98,17.62149142,3036.24000000,3036.64000000,3035.59000000,3036.64000000,107.90770000,3037.7,3037.7,3037.6,3037.6,0.99326392,3035.01,3036.65,3035.01,3036.63,187.13751,3035.0,3035.0,3035.0,3035.0,0.008088080000000001
2025-12-07 10:14,3036.97,3039.0,3036.97,3038.83,32.31134991,3036.63000000,3038.43000000,3036.63000000,3038.43000000,351.17660000,3038.1,3039.6,3038.1,3039.6,0.057,3036.63,3038.43,3036.63,3038.42,241.81429,3034.99,3038.27,3034.99,3038.27,5.3879619299999995
2025-12-07 10:15,3038.89,3039.07,3037.06,3038.39,36.78750137,3038.43000000,3038.54000000,3036.74000000,3037.96000000,75.11080000,3039.4,3039.4,3039.4,3039.4,0.05,3038.42,3038.53,3036.73,3037.96,50.99084,3038.57,3038.57,3038.57,3038.57,0.00227501
2025-12-07 10:16,3038.38,3038.38,3035.7,3036.3,34.76022397,3037.95000000,3037.95000000,3035.19000000,3036.09000000,129.86360000,3037.6,3037.6,3037.2,3037.2,0.008,3037.96,3037.96,3035.16,3036.09,91.20735,3038.57,3038.57,3037.45,3037.46,1.37770454
2025-12-07 10:17,3036.29,3037.59,3036.29,3037.0,15.23178576,3036.10000000,3037.13000000,3036.09000000,3037.00000000,22.97980000,,,,,,3036.09,3037.13,3036.09,3037,16.08593,3037.45,3037.45,3037.45,3037.45,0.03329109
2025-12-07 10:18,3037.0,3038.34,3037.0,3037.51,13.83304907,3036.99000000,3037.72000000,3036.87000000,3037.18000000,51.98810000,,,,,,3037,3037.72,3036.86,3037.42,35.94283,,,,,0.0
2025-12-07 10:19,3037.51,3037.63,3036.76,3037.35,14.6204849,3037.18000000,3037.18000000,3036.25000000,3036.89000000,74.79680000,,,,,,3037.42,3037.42,3036.23,3036.89,52.80878,,,,,0.0
2025-12-07 10:20,3037.34,3037.34,3034.96,3035.55,14.74869997,3036.89000000,3036.89000000,3034.29000000,3034.99000000,56.18710000,3036.9,3036.9,3036.9,3036.9,0.002,3036.89,3036.89,3034.28,3034.99,37.93412,3037.46,3037.46,3036.29,3036.29,2.86075518
2025-12-07 10:21,3035.55,3037.49,3035.55,3036.0,24.28393065,3034.99000000,3036.89000000,3034.99000000,3035.47000000,103.29160000,3037.0,3037.3,3036.5,3036.5,0.01673104,3034.99,3036.89,3034.99,3035.47,42.86187,3036.3,3036.3,3036.3,3036.3,0.024380500000000003
2025-12-07 10:22,3035.97,3036.38,3035.97,3036.0,3.90166223,3035.47000000,3036.15000000,3035.46000000,3035.77000000,29.05160000,,,,,,3035.47,3036.18,3035.46,3035.74,46.53968,3036.3,3036.3,3036.12,3036.3,29.27945328
2025-12-07 10:23,3035.99,3035.99,3035.24,3035.53,5.16915532,3035.77000000,3035.78000000,3035.00000000,3035.00000000,16.65350000,,,,,,3035.74,3035.78,3035,3035.01,13.06364,3035.98,3035.98,3035.22,3035.26,0.26562292
2025-12-07 10:24,3035.38,3036.06,3035.26,3035.91,6.83683863,3035.00000000,3035.67000000,3035.00000000,3035.67000000,209.39860000,,,,,,3035.01,3035.71,3035,3035.66,146.59031,3035.23,3035.23,3035.23,3035.23,0.00266194
2025-12-07 10:25,3035.9,3035.9,3034.66,3035.22,6.38583938,3035.66000000,3035.66000000,3034.35000000,3034.94000000,20.03750000,,,,,,3035.66,3035.66,3034.35,3034.95,4.71619,3035.12,3035.13,3035.12,3035.13,0.40103919000000005
2025-12-07 10:26,3035.22,3035.84,3035.22,3035.72,5.04926556,3034.95000000,3035.23000000,3034.94000000,3035.23000000,13.45300000,,,,,,3034.95,3035.23,3034.94,3035.22,9.16152,3035.25,3035.8,3035.25,3035.8,0.26259801000000005
2025-12-07 10:27,3035.72,3035.73,3035.26,3035.26,2.19071573,3035.22000000,3035.23000000,3035.07000000,3035.07000000,5.72370000,,,,,,3035.22,3035.23,3035.07,3035.07,4.27639,3035.73,3035.73,3035.73,3035.73,0.001603
2025-12-07 10:28,3035.26,3035.26,3033.89,3033.89,10.54306239,3035.08000000,3035.08000000,3033.66000000,3033.66000000,41.63670000,3036.3,3036.3,3035.5,3035.5,0.17314000000000002,3035.07,3035.08,3033.63,3033.63,27.91159,3035.56,3035.56,3035.56,3035.56,0.09662835
2025-12-07 10:29,3034.01,3034.95,3033.31,3034.95,16.24791185,3033.67000000,3034.30000000,3033.01000000,3034.30000000,16.86930000,,,,,,3033.63,3034.3,3033,3034.29,12.79187,3035.56,3035.56,3035.56,3035.56,0.0475137
2025-12-07 10:30,3034.94,3035.1,3034.25,3034.35,27.48303539,3034.30000000,3034.54000000,3033.59000000,3033.59000000,59.36100000,,,,,,3034.29,3034.54,3033.55,3033.59,40.00517,3035.55,3035.55,3034.9,3034.91,1.3193566
2025-12-07 10:31,3034.21,3034.9,3033.33,3033.51,28.70484862,3033.59000000,3034.40000000,3032.80000000,3033.13000000,52.57080000,,,,,,3033.59,3034.05,3032.8,3033.13,36.60568,3034.91,3034.91,3034.91,3034.91,0.00934945
2025-12-07 10:32,3033.5,3033.5,3031.16,3031.16,17.76183289,3033.13000000,3033.13000000,3030.86000000,3030.87000000,72.59930000,3035.4,3035.4,3033.5,3033.5,0.032,3033.13,3033.13,3030.83,3030.87,51.03549,3034.9,3034.9,3032.14,3032.14,0.26555914999999997
2025-12-07 10:33,3031.14,3032.99,3031.14,3032.3,9.25947945,3030.86000000,3032.50000000,3030.86000000,3032.50000000,12.45850000,,,,,,3030.87,3032.5,3030.86,3032.5,8.73855,3032.41,3032.68,3032.29,3032.68,9.35834724
2025-12-07 10:34,3032.3,3033.05,3032.3,3032.74,2.54615384,3032.50000000,3032.50000000,3032.00000000,3032.46000000,49.47920000,,,,,,3032.5,3032.5,3032,3032.45,34.63566,3032.96,3033.19,3032.76,3032.76,0.59053612
2025-12-07 10:35,3032.74,3033.36,3032.74,3032.86,3.54885691,3032.45000000,3032.99000000,3032.38000000,3032.52000000,41.84230000,,,,,,3032.45,3032.98,3032.38,3032.51,28.50399,3032.69,3032.69,3032.69,3032.69,0.00433609
2025-12-07 10:36,3032.86,3033.45,3032.86,3033.37,2.36475912,3032.52000000,3032.90000000,3032.12000000,3032.90000000,19.65060000,,,,,,3032.51,3032.9,3032.3,3032.9,13.79721,3032.64,3032.66,3032.64,3032.66,1.03115984
2025-12-07 10:37,3033.27,3034.89,3033.26,3034.75,10.75821313,3032.89000000,3034.44000000,3032.89000000,3034.39000000,25.11770000,3034.9,3035.4,3034.9,3035.4,0.00425,3032.9,3034.43,3032.89,3034.4,17.56426,,,,,0.0
2025-12-07 10:38,3034.74,3035.52,3034.58,3035.52,9.56680069,3034.40000000,3034.88000000,3034.22000000,3034.88000000,31.98120000,3035.4,3035.6,3035.4,3035.6,0.00275,3034.4,3034.88,3034.22,3034.88,22.23187,3032.69,3032.75,3032.69,3032.75,20.624182779999998
2025-12-07 10:39,3035.54,3036.45,3035.54,3036.45,9.50427164,3034.89000000,3035.78000000,3034.89000000,3035.78000000,30.95220000,3035.7,3036.2,3035.7,3036.2,2.17538495,3034.88,3035.82,3034.88,3035.77,22.75571,3033.8,3034.93,3033.8,3034.93,0.03933808
2025-12-07 10:40,3036.45,3041.06,3036.45,3041.06,28.69710608,3035.78000000,3040.66000000,3035.78000000,3040.66000000,219.41640000,3036.4,3040.9,3036.4,3040.9,0.9571999999999999,3035.77,3040.66,3035.77,3040.65,68.63639,3034.99,3038.82,3034.99,3038.82,2.02276801
2025-12-07 10:41,3041.09,3041.84,3039.96,3040.09,38.96540249,3040.66000000,3041.23000000,3039.53000000,3039.64000000,195.45060000,3041.2,3041.5,3041.2,3041.5,0.002,3040.65,3041.18,3039.52,3039.62,226.22276,3038.92,3040.23,3038.91,3040.2,1.07710216
2025-12-07 10:42,3040.09,3041.1,3039.76,3040.51,22.82129402,3039.63000000,3040.67000000,3039.23000000,3040.10000000,44.32120000,,,,,,3039.62,3040.7,3039.23,3040.36,23.3229,3040.34,3040.34,3040.03,3040.04,0.26637896
2025-12-07 10:43,3040.59,3042.3,3040.59,3042.18,10.41716215,3040.10000000,3041.63000000,3040.10000000,3041.63000000,55.74720000,,,,,,3040.36,3041.63,3040.1,3041.63,46.53385,3040.36,3041.14,3040.36,3041.14,0.84481309
2025-12-07 10:44,3042.18,3042.18,3040.94,3041.33,19.21814654,3041.63000000,3041.63000000,3040.24000000,3040.99000000,152.28480000,,,,,,3041.63,3041.65,3040.2,3041,106.80605,3041.15,3041.15,3041.15,3041.15,0.03182862
2025-12-07 10:45,3041.17,3041.41,3040.25,3040.96,11.8545544,3040.99000000,3041.00000000,3040.10000000,3040.62000000,40.14110000,3041.7,3041.7,3041.7,3041.7,0.03628,3041,3041,3040.1,3040.62,26.89655,3041.15,3041.15,3041.15,3041.15,0.00490731
2025-12-07 10:46,3040.96,3043.35,3040.96,3043.35,29.39953718,3040.63000000,3042.75000000,3040.62000000,3042.74000000,175.73850000,3042.5,3044.0,3042.5,3044.0,8.54562297,3040.62,3042.75,3040.62,3042.74,122.93592,,,,,0.0
2025-12-07 10:47,3043.34,3044.18,3042.71,3043.67,18.31962632,3042.75000000,3043.62000000,3042.29000000,3043.62000000,95.27280000,,,,,,3042.74,3043.61,3042.29,3043.26,67.1359,,,,,0.0
2025-12-07 10:48,3043.79,3043.8,3043.2,3043.2,8.71934885,3043.61000000,3043.61000000,3042.87000000,3042.87000000,32.89230000,,,,,,3043.26,3043.63,3042.88,3042.88,18.51138,3041.81,3041.89,3041.81,3041.89,0.03102
2025-12-07 10:49,3043.05,3044.08,3042.72,3042.91,19.69437043,3042.86000000,3043.69000000,3042.01000000,3042.01000000,57.84460000,3044.1,3044.1,3044.1,3044.1,0.001,3042.88,3043.69,3042.02,3042.02,43.51326,3042.88,3043.91,3042.87,3042.88,3.53687433
2025-12-07 10:50,3042.9,3043.29,3042.31,3042.71,9.55482781,3042.02000000,3042.89000000,3041.97000000,3042.18000000,51.89800000,,,,,,3042.02,3042.88,3041.97,3042.18,35.36464,3042.87,3042.87,3042.87,3042.87,0.16474739
2025-12-07 10:51,3042.71,3043.65,3041.71,3041.84,7.72655192,3042.19000000,3043.31000000,3041.05000000,3041.28000000,42.88170000,,,,,,3042.18,3043.31,3041.01,3041.27,35.41005,3042.87,3043.53,3042.87,3043.53,0.1574115
2025-12-07 10:52,3042.01,3042.44,3041.64,3041.64,10.25702111,3041.28000000,3041.95000000,3041.28000000,3041.29000000,24.59690000,,,,,,3041.27,3041.95,3041.27,3041.28,18.96654,3042.88,3042.88,3042.88,3042.88,0.00035819
2025-12-07 10:53,3041.56,3041.56,3038.71,3038.82,51.3006641,3041.28000000,3041.28000000,3038.29000000,3038.48000000,148.96130000,3042.8,3042.8,3041.1,3041.1,0.017,3041.28,3041.29,3038.27,3038.48,103.73131,3042.87,3042.87,3040.01,3040.01,15.110692310000001
2025-12-07 10:54,3038.88,3040.04,3038.88,3039.31,18.29981631,3038.48000000,3039.78000000,3038.48000000,3039.03000000,45.80170000,,,,,,3038.48,3039.78,3038.48,3039.03,32.6167,3040.01,3040.01,3040.01,3040.01,0.09902432
2025-12-07 10:55,3039.3,3039.86,3038.86,3039.25,9.27048237,3039.04000000,3039.34000000,3038.37000000,3038.89000000,67.70990000,,,,,,3039.03,3039.35,3038.24,3038.88,37.26296,3040.0,3040.01,3040.0,3040.0,0.013013770000000001
2025-12-07 10:56,3039.25,3039.59,3038.71,3039.4,6.51413411,3038.89000000,3039.13000000,3038.37000000,3038.83000000,21.28300000,,,,,,3038.88,3039.13,3038.37,3038.83,15.29356,3040.01,3040.01,3040.01,3040.01,0.0071523
2025-12-07 10:57,3038.88,3039.24,3038.7,3038.71,3.4797664,3038.84000000,3038.84000000,3038.17000000,3038.17000000,23.73600000,3040.9,3040.9,3040.8,3040.8,0.004,3038.83,3038.84,3038.16,3038.17,15.95313,3040.0,3040.0,3040.0,3040.0,0.08596350999999999
2025-12-07 10:58,3038.71,3039.32,3038.41,3038.41,8.46648256,3038.17000000,3038.83000000,3038.13000000,3038.31000000,64.31750000,,,,,,3038.17,3038.85,3038.17,3038.31,45.34741,3040.0,3040.0,3040.0,3040.0,0.00141625
2025-12-07 10:59,3038.41,3038.41,3037.53,3038.4,16.85170406,3038.30000000,3038.30000000,3037.48000000,3038.02000000,20.55040000,,,,,,3038.31,3038.31,3037.44,3038.01,14.26333,3040.01,3040.01,3040.0,3040.01,0.04169548
2025-12-07 11:00,3038.39,3039.0,3037.4,3037.42,23.35520898,3038.02000000,3038.69000000,3037.26000000,3037.26000000,71.20180000,3040.6,3040.6,3040.3,3040.3,0.006,3038.01,3038.68,3037.22,3037.26,49.70785,3040.01,3040.01,3040.0,3040.0,0.09789915
2025-12-07 11:01,3037.41,3039.14,3037.41,3038.73,7.40528835,3037.27000000,3038.89000000,3037.27000000,3038.77000000,18.93260000,,,,,,3037.26,3038.9,3037.26,3038.77,12.02631,3040.0,3040.01,3040.0,3040.01,0.05020265
2025-12-07 11:02,3038.73,3038.73,3037.95,3038.47,5.95984547,3038.76000000,3038.76000000,3037.71000000,3038.22000000,35.95540000,,,,,,3038.77,3038.77,3037.71,3038.06,54.97483,3040.0,3040.01,3040.0,3040.01,0.08080367000000001
2025-12-07 11:03,3038.49,3038.8,3038.49,3038.7,5.02646434,3038.21000000,3038.86000000,3038.21000000,3038.61000000,38.32420000,,,,,,3038.06,3038.88,3038.06,3038.62,18.7508,3040.0,3040.01,3040.0,3040.01,1.02487401
2025-12-07 11:04,3038.8,3039.42,3038.7,3039.19,5.83231817,3038.61000000,3038.99000000,3038.46000000,3038.99000000,40.30130000,,,,,,3038.62,3038.99,3038.46,3038.98,38.99823,3040.01,3040.01,3040.01,3040.01,0.0034798999999999997
2025-12-07 11:05,3039.19,3040.1,3039.01,3039.01,5.89770924,3038.98000000,3039.88000000,3038.80000000,3038.84000000,41.71640000,,,,,,3038.98,3039.86,3038.8,3038.81,27.67281,3040.01,3040.01,3040.01,3040.01,0.00775839
2025-12-07 11:06,3039.01,3040.79,3038.64,3040.68,34.16491402,3038.85000000,3040.51000000,3038.67000000,3040.51000000,115.25040000,,,,,,3038.81,3040.46,3038.81,3040.22,80.96238,3040.0,3040.01,3040.0,3040.01,0.013018730000000001
2025-12-07 11:07,3040.8,3041.7,3040.8,3040.81,8.1791446,3040.52000000,3041.25000000,3040.28000000,3040.29000000,41.44370000,3041.5,3041.5,3041.5,3041.5,0.64314057,3040.22,3041.24,3040.22,3040.28,30.71543,3040.01,3040.01,3040.0,3040.0,0.53602558
2025-12-07 11:08,3040.8,3041.67,3040.8,3041.45,2.08126462,3040.29000000,3041.11000000,3040.28000000,3041.11000000,15.61610000,,,,,,3040.28,3041.12,3040.28,3041.11,17.53006,3040.01,3040.01,3040.01,3040.01,2.16054414
2025-12-07 11:09,3041.49,3042.34,3041.49,3041.88,7.52321887,3041.10000000,3041.39000000,3041.10000000,3041.31000000,40.27110000,,,,,,3041.11,3041.39,3041.11,3041.37,27.53764,3040.01,3040.01,3040.01,3040.01,0.07749212
2025-12-07 11:10,3041.63,3041.63,3040.93,3040.96,8.16933261,3041.30000000,3041.31000000,3040.86000000,3040.86000000,25.07440000,,,,,,3041.37,3041.37,3040.82,3040.86,17.43011,3040.01,3040.01,3040.01,3040.01,2.1311047800000003
2025-12-07 11:11,3041.28,3042.19,3041.28,3042.19,2.93090196,3040.87000000,3041.94000000,3040.86000000,3041.94000000,25.72170000,3041.6,3042.5,3041.6,3042.5,0.009000000000000001,3040.86,3041.51,3040.86,3041.49,16.70582,3040.01,3040.61,3040.01,3040.6,2.25805953
2025-12-07 11:12,3042.3,3042.3,3040.21,3040.21,4.35209249,3041.94000000,3042.01000000,3040.00000000,3040.00000000,63.82550000,,,,,,3041.49,3042.05,3040.1,3040.1,42.4747,3040.6,3041.15,3040.6,3040.67,2.11770906
2025-12-07 11:13,3040.21,3040.9,3039.91,3040.51,12.83700935,3040.01000000,3040.44000000,3039.54000000,3040.27000000,26.01100000,,,,,,3040.1,3040.41,3039.5,3040.27,23.24655,3040.6,3040.6,3040.6,3040.6,1.19548868
2025-12-07 11:14,3040.51,3041.4,3040.48,3041.39,5.34784609,3040.28000000,3041.00000000,3040.11000000,3040.99000000,62.17170000,,,,,,3040.27,3041,3040.25,3041,43.81294,,,,,0.0
2025-12-07 11:15,3041.38,3041.69,3040.35,3040.36,13.77629325,3040.99000000,3041.10000000,3040.01000000,3040.01000000,73.56180000,,,,,,3041,3041.1,3040.1,3040.11,40.12967,3040.79,3040.79,3040.79,3040.79,0.02420889
2025-12-07 11:16,3040.2,3040.28,3039.0,3039.35,11.56758201,3040.01000000,3040.01000000,3039.29000000,3039.29000000,64.69870000,3040.5,3040.5,3040.5,3040.5,0.4516,3040.11,3040.11,3039.27,3039.29,52.31894,3040.79,3040.79,3040.78,3040.78,1.7029062499999998
2025-12-07 11:17,3039.36,3039.6,3038.99,3039.56,6.70246311,3039.30000000,3039.30000000,3038.98000000,3039.29000000,21.56560000,,,,,,3039.29,3039.29,3038.98,3039.28,16.51302,3040.79,3040.79,3040.79,3040.79,0.00101927
2025-12-07 11:18,3039.56,3041.09,3039.56,3040.66,6.06328362,3039.29000000,3040.76000000,3039.28000000,3040.21000000,30.22150000,,,,,,3039.28,3040.78,3039.28,3040.21,18.67439,3040.78,3040.79,3040.78,3040.78,0.034516859999999996
2025-12-07 11:19,3040.66,3041.7,3040.04,3040.7,14.1087927,3040.20000000,3041.37000000,3040.10000000,3040.10000000,41.39890000,3041.0,3041.0,3041.0,3041.0,0.4549,3040.21,3041.37,3040.09,3040.11,29.91215,3041.05,3041.05,3041.05,3041.05,0.01701918
2025-12-07 11:20,3040.35,3040.36,3038.86,3038.86,5.85026986,3040.10000000,3040.11000000,3038.90000000,3038.90000000,30.32140000,3041.6,3041.6,3041.6,3041.6,0.4865,3040.11,3040.11,3038.89,3038.91,30.18151,3040.79,3040.79,3040.78,3040.78,1.10249819
2025-12-07 11:21,3038.86,3039.42,3038.7,3039.42,4.62858971,3038.90000000,3039.01000000,3038.76000000,3039.01000000,13.11430000,3040.5,3040.5,3040.5,3040.5,0.1261,3038.91,3039.02,3038.75,3039,13.93181,3040.79,3040.79,3040.79,3040.79,0.08180644
2025-12-07 11:22,3039.42,3041.55,3039.42,3040.95,14.93051756,3039.01000000,3041.41000000,3039.01000000,3040.58000000,62.70360000,,,,,,3039,3041.41,3039,3040.59,43.78175,3040.79,3041.21,3040.79,3041.21,0.14793635000000002
2025-12-07 11:23,3040.8,3041.37,3040.8,3041.37,2.03112456,3040.59000000,3041.26000000,3040.58000000,3041.26000000,25.43880000,,,,,,3040.59,3041.27,3040.58,3041.26,18.25045,3041.2,3041.21,3041.2,3041.21,0.06696940000000001
2025-12-07 11:24,3041.37,3041.37,3038.7,3038.7,14.36515451,3041.26000000,3041.26000000,3038.72000000,3038.73000000,59.65040000,,,,,,3041.26,3041.26,3038.69,3038.73,41.8759,3041.21,3041.21,3041.2,3041.21,0.10597161000000001
2025-12-07 11:25,3038.71,3039.0,3038.25,3038.51,7.88000763,3038.73000000,3038.73000000,3038.15000000,3038.15000000,22.44420000,,,,,,3038.73,3038.73,3038.15,3038.16,15.31648,3040.29,3040.3,3040.29,3040.3,0.0701551
2025-12-07 11:26,3038.51,3038.51,3036.22,3037.51,113.90706789,3038.16000000,3038.16000000,3037.50000000,3037.51000000,61.52760000,3040.4,3040.4,3039.2,3039.2,0.050280000000000005,3038.16,3038.16,3037.5,3037.5,43.07198,3040.3,3040.3,3040.29,3040.3,0.04592738
2025-12-07 11:27,3037.51,3037.51,3037.21,3037.44,10.41110305,3037.51000000,3037.51000000,3037.06000000,3037.11000000,34.76630000,,,,,,3037.5,3037.51,3037.05,3037.1,23.82989,3040.3,3040.3,3040.0,3040.01,6.3270843900000004
2025-12-07 11:28,3037.44,3038.1,3035.55,3037.21,72.15785335,3037.10000000,3037.74000000,3035.51000000,3037.24000000,156.98810000,3039.1,3039.1,3038.7,3038.7,0.58774828,3037.1,3037.62,3035.51,3037.23,108.86807,3040.0,3040.0,3038.16,3038.16,0.39518189
2025-12-07 11:29,3037.21,3037.21,3036.15,3036.39,10.12438339,3037.24000000,3037.24000000,3036.06000000,3036.31000000,51.90160000,,,,,,3037.23,3037.24,3036.25,3036.3,37.80234,3038.16,3038.16,3038.15,3038.16,0.66245449
2025-12-07 11:30,3036.39,3038.84,3036.39,3038.69,14.47219303,3036.30000000,3039.01000000,3036.30000000,3039.01000000,28.22260000,,,,,,3036.3,3039.2,3036.3,3039.2,13.82905,3038.15,3038.96,3038.15,3038.96,0.11063571
2025-12-07 11:31,3038.69,3040.18,3038.69,3039.47,7.45859549,3039.01000000,3039.85000000,3039.00000000,3039.54000000,82.35790000,3040.0,3040.5,3040.0,3040.5,0.005,3039.2,3039.85,3039,3039.64,20.62403,3039.23,3039.49,3039.23,3039.49,0.01135098
2025-12-07 11:32,3039.46,3039.6,3039.27,3039.6,3.36941089,3039.55000000,3039.75000000,3039.44000000,3039.74000000,12.09510000,,,,,,3039.64,3039.75,3039.43,3039.74,52.90904,3039.49,3040.37,3039.49,3040.37,2.1168
2025-12-07 11:33,3039.6,3041.06,3039.59,3041.06,6.54818397,3039.74000000,3041.00000000,3039.74000000,3040.99000000,36.38280000,3040.6,3041.1,3040.6,3041.1,0.006,3039.74,3041,3039.74,3040.99,25.12729,3040.06,3040.54,3040.06,3040.54,0.04951626
2025-12-07 11:34,3041.06,3041.5,3040.66,3041.25,21.82815116,3041.00000000,3041.47000000,3040.65000000,3040.90000000,92.63140000,3041.2,3041.9,3041.2,3041.8,3.78312712,3040.99,3041.48,3040.65,3040.9,66.55109,3040.58,3041.21,3040.58,3041.21,2.1161999999999996
2025-12-07 11:35,3041.25,3041.67,3040.96,3041.21,9.12140981,3040.90000000,3041.59000000,3040.88000000,3041.09000000,20.88060000,,,,,,3040.9,3041.59,3040.84,3041.08,12.68946,3041.21,3042.37,3041.21,3041.5,5.87711059
2025-12-07 11:36,3041.21,3041.21,3040.51,3040.52,6.22516705,3041.09000000,3041.09000000,3040.63000000,3040.63000000,95.50060000,,,,,,3041.08,3041.09,3040.62,3040.62,66.86019,3041.49,3041.49,3041.42,3041.42,0.32954174999999997
2025-12-07 11:37,3040.51,3040.6,3039.84,3039.91,7.03012924,3040.62000000,3040.80000000,3040.10000000,3040.11000000,65.76630000,3041.4,3041.4,3041.4,3041.4,0.15,3040.62,3040.63,3040.1,3040.1,49.38696,3041.41,3041.42,3041.41,3041.42,0.035628650000000005
2025-12-07 11:38,3039.9,3040.05,3039.61,3040.05,6.66037974,3040.10000000,3040.10000000,3039.52000000,3039.99000000,37.14820000,,,,,,3040.1,3040.11,3039.52,3039.99,25.99178,3041.42,3041.42,3041.42,3041.42,0.00302039
2025-12-07 11:39,3040.05,3040.65,3040.05,3040.21,3.44602947,3040.00000000,3040.50000000,3039.99000000,3040.32000000,29.61850000,,,,,,3039.99,3040.5,3039.99,3040.32,20.75063,3041.41,3041.42,3041.41,3041.42,0.02093962
2025-12-07 11:40,3040.21,3040.75,3040.21,3040.5,7.22906179,3040.33000000,3040.48000000,3040.32000000,3040.48000000,10.51230000,,,,,,3040.32,3040.48,3040.32,3040.48,5.73665,3041.42,3041.42,3041.42,3041.42,0.0382102
2025-12-07 11:41,3040.36,3040.71,3040.35,3040.61,2.23744215,3040.47000000,3040.48000000,3040.47000000,3040.48000000,17.27600000,,,,,,3040.48,3040.48,3040.47,3040.48,13.69364,3041.41,3041.42,3041.41,3041.42,0.06774733999999999
2025-12-07 11:42,3040.61,3041.0,3040.36,3040.36,2.08012811,3040.48000000,3040.48000000,3040.47000000,3040.47000000,19.60040000,,,,,,3040.48,3040.48,3040.47,3040.47,13.73714,3041.42,3041.42,3041.42,3041.42,0.02360161
2025-12-07 11:43,3040.36,3040.36,3038.58,3039.82,39.30061319,3040.48000000,3040.48000000,3038.70000000,3039.68000000,118.75120000,3040.8,3040.8,3040.8,3040.8,0.16444123,3040.47,3040.48,3038.86,3039.69,83.13538,3041.42,3041.42,3041.41,3041.41,0.21521949
2025-12-07 11:44,3039.63,3039.63,3039.26,3039.62,5.89782164,3039.68000000,3039.69000000,3039.45000000,3039.46000000,31.50870000,,,,,,3039.69,3039.69,3039.45,3039.46,21.98768,3041.42,3041.42,3041.42,3041.42,0.0163579
2025-12-07 11:45,3039.62,3039.62,3038.56,3038.56,8.67686077,3039.46000000,3039.46000000,3038.66000000,3038.67000000,34.86550000,,,,,,3039.46,3039.46,3038.66,3038.66,9.95472,3041.42,3041.42,3041.42,3041.42,0.055425709999999996
2025-12-07 11:46,3038.56,3038.76,3038.41,3038.41,5.23648716,3038.66000000,3038.84000000,3038.38000000,3038.38000000,37.37120000,,,,,,3038.66,3038.84,3038.61,3038.65,20.1713,3041.42,3041.42,3041.41,3041.41,3.42677193
2025-12-07 11:47,3038.41,3038.41,3037.5,3037.5,18.17395825,3038.37000000,3038.37000000,3037.64000000,3037.64000000,23.37640000,,,,,,3038.65,3038.65,3037.63,3037.65,24.30898,3040.6,3040.6,3038.38,3038.38,0.14633708
2025-12-07 11:48,3037.5,3037.5,3036.01,3036.16,8.74574577,3037.65000000,3037.65000000,3036.04000000,3036.05000000,31.94030000,3040.5,3040.5,3038.9,3038.9,1.3295,3037.65,3037.65,3036.03,3036.04,22.02829,3038.38,3038.38,3038.38,3038.38,0.0074172
2025-12-07 11:49,3036.26,3036.95,3036.26,3036.84,13.3457899,3036.05000000,3036.73000000,3036.05000000,3036.60000000,26.56350000,3038.7,3038.7,3038.7,3038.7,1.0124,3036.04,3036.73,3036.04,3036.6,21.40812,3038.39,3038.39,3038.39,3038.39,0.00032028
2025-12-07 11:50,3036.84,3037.29,3036.46,3036.49,19.44721204,3036.61000000,3036.91000000,3036.60000000,3036.61000000,24.88810000,,,,,,3036.6,3036.92,3036.55,3036.6,16.32887,3038.39,3038.39,3038.39,3038.39,0.00069622
2025-12-07 11:51,3036.49,3037.34,3035.94,3035.94,14.80054287,3036.60000000,3037.02000000,3035.77000000,3035.77000000,62.63420000,,,,,,3036.6,3037.02,3036,3036,40.43179,3038.39,3038.39,3038.38,3038.38,0.18698402
2025-12-07 11:52,3035.86,3037.05,3035.4,3037.05,15.0257517,3035.77000000,3037.00000000,3035.24000000,3037.00000000,41.21430000,3038.6,3038.6,3038.6,3038.6,0.002,3036,3037,3035.22,3037,31.12705,3038.39,3038.39,3038.25,3038.25,0.26346163
2025-12-07 11:53,3037.19,3037.3,3036.15,3036.42,17.08600545,3036.99000000,3036.99000000,3036.19000000,3036.19000000,166.18690000,,,,,,3037,3037,3036.17,3036.2,116.79311,3037.26,3037.27,3036.69,3036.69,0.25698751999999997
2025-12-07 11:54,3036.41,3036.85,3036.3,3036.31,9.62516021,3036.19000000,3036.48000000,3036.18000000,3036.18000000,19.35680000,3038.3,3038.3,3037.5,3037.5,0.318,3036.2,3036.51,3036.15,3036.19,13.54615,3036.81,3036.81,3036.45,3036.45,0.02492157
2025-12-07 11:55,3036.61,3036.93,3036.31,3036.81,13.22348108,3036.19000000,3036.43000000,3035.77000000,3036.42000000,119.66690000,3037.8,3037.8,3037.8,3037.8,0.3288,3036.19,3036.43,3035.77,3036.42,82.00076,3036.75,3036.75,3036.75,3036.75,0.00063319
2025-12-07 11:56,3036.81,3037.3,3036.42,3037.3,7.67159692,3036.43000000,3036.65000000,3036.32000000,3036.64000000,36.99290000,,,,,,3036.42,3036.67,3036.32,3036.65,25.79517,3036.75,3036.75,3036.75,3036.75,0.04812304
2025-12-07 11:57,3037.31,3037.5,3036.9,3037.5,6.25153073,3036.65000000,3037.35000000,3036.65000000,3037.34000000,34.84740000,3038.2,3038.2,3038.2,3038.2,0.3072,3036.65,3037.05,3036.64,3037.05,15.43866,3037.13,3037.32,3036.95,3037.32,1.06455094
2025-12-07 11:58,3037.65,3037.65,3037.24,3037.38,8.74909456,3037.35000000,3037.35000000,3037.10000000,3037.10000000,61.03940000,3038.8,3038.8,3038.8,3038.8,0.2464,3037.05,3037.37,3037.05,3037.34,17.7854,3037.33,3037.82,3037.33,3037.82,0.51016766
2025-12-07 11:59,3037.31,3037.31,3035.88,3036.21,16.28998432,3037.10000000,3037.10000000,3035.77000000,3035.77000000,73.60920000,3037.9,3037.9,3037.9,3037.9,0.5,3037.34,3037.34,3035.77,3035.78,85.6892,3037.82,3037.82,3037.81,3037.82,0.01105598
2025-12-07 12:00,3036.2,3036.2,3035.45,3035.61,8.80126472,3035.77000000,3035.78000000,3035.24000000,3035.60000000,27.38420000,,,,,,3035.78,3035.78,3035.23,3035.6,18.57104,3037.82,3037.82,3037.82,3037.82,0.07799498
2025-12-07 12:01,3035.61,3035.94,3035.5,3035.51,2.48242614,3035.59000000,3035.60000000,3035.21000000,3035.22000000,42.70660000,,,,,,3035.6,3035.6,3035.18,3035.18,29.91984,3037.82,3037.82,3037.81,3037.81,0.049580530000000005
2025-12-07 12:02,3035.51,3037.54,3035.19,3036.86,14.85193155,3035.21000000,3037.28000000,3034.82000000,3036.81000000,73.50450000,3038.5,3038.5,3038.5,3038.5,0.1968,3035.18,3037.17,3034.82,3036.81,51.33753,3037.82,3037.82,3037.44,3037.45,3.48602795
2025-12-07 12:03,3036.87,3037.1,3036.75,3037.01,5.0244181,3036.81000000,3036.81000000,3036.44000000,3036.52000000,17.62900000,,,,,,3036.81,3036.81,3036.43,3036.53,12.45822,,,,,0.0
2025-12-07 12:04,3037.02,3037.65,3037.01,3037.65,2.90667341,3036.53000000,3037.18000000,3036.52000000,3037.17000000,21.25820000,,,,,,3036.53,3037.18,3036.52,3037.17,14.8866,3037.44,3037.45,3036.59,3037.01,1.35890782
2025-12-07 12:05,3037.65,3037.65,3036.85,3037.02,9.36405073,3037.18000000,3037.18000000,3036.80000000,3036.80000000,54.57090000,,,,,,3037.17,3037.18,3036.79,3036.81,37.11239,3037.49,3037.49,3037.49,3037.49,0.03343797
2025-12-07 12:06,3037.02,3039.26,3037.02,3039.25,10.69590748,3036.81000000,3038.76000000,3036.81000000,3038.75000000,34.23950000,3038.9,3039.2,3038.9,3039.2,0.004,3036.81,3038.76,3036.8,3038.75,24.29087,3037.56,3039.16,3037.52,3039.16,11.96656203
2025-12-07 12:07,3039.2,3041.55,3038.7,3041.27,54.79714425,3038.76000000,3041.12000000,3038.52000000,3040.80000000,154.90070000,3039.3,3041.7,3039.3,3041.7,4.0914352,3038.75,3041.13,3038.5,3040.46,57.90234,3039.6,3039.6,3039.6,3039.6,0.25605402
2025-12-07 12:08,3041.02,3041.29,3040.2,3040.2,26.76920077,3040.80000000,3040.81000000,3039.51000000,3040.08000000,48.40770000,,,,,,3040.46,3040.81,3039.51,3040.08,84.39021,3040.65,3040.65,3040.65,3040.65,0.03699171
2025-12-07 12:09,3040.36,3041.54,3040.36,3040.51,18.8781018,3040.09000000,3041.11000000,3040.09000000,3040.22000000,32.85110000,,,,,,3040.08,3041.11,3040.08,3040.22,23.31207,3041.07,3041.66,3041.0,3041.41,0.054417219999999995
2025-12-07 12:10,3040.51,3041.99,3040.51,3041.91,12.320984,3040.21000000,3041.57000000,3040.21000000,3041.56000000,36.34860000,,,,,,3040.22,3041.54,3040.22,3041.53,24.41662,3041.64,3041.64,3041.64,3041.64,0.00226104
2025-12-07 12:11,3041.9,3042.69,3041.56,3042.52,10.23382469,3041.57000000,3042.23000000,3041.56000000,3042.22000000,136.39870000,3041.8,3042.5,3041.8,3042.5,1.0046,3041.53,3042.23,3041.53,3042.22,96.25721,3041.64,3041.65,3041.64,3041.65,0.07555531
2025-12-07 12:12,3042.52,3044.24,3042.52,3043.73,13.20225569,3042.22000000,3043.73000000,3042.22000000,3043.29000000,73.23100000,3043.0,3044.5,3043.0,3044.5,0.73659411,3042.22,3043.61,3042.22,3043.61,33.03542,3041.65,3041.65,3041.65,3041.65,33.79803796
2025-12-07 12:13,3043.51,3044.0,3043.03,3043.03,17.52087482,3043.28000000,3043.61000000,3042.52000000,3042.76000000,128.86350000,,,,,,3043.61,3043.64,3042.52,3042.77,109.31443,3041.64,3041.64,3041.64,3041.64,0.00086249
2025-12-07 12:14,3043.04,3043.07,3041.91,3042.41,12.76858384,3042.77000000,3043.01000000,3042.00000000,3042.01000000,107.15920000,3043.8,3043.9,3043.8,3043.9,0.3285,3042.77,3042.84,3041.78,3042,75.02464,3041.65,3041.65,3041.65,3041.65,0.06363946
2025-12-07 12:15,3042.39,3043.54,3042.39,3042.77,17.04674726,3042.01000000,3043.28000000,3042.00000000,3042.94000000,80.36470000,3044.2,3044.2,3044.2,3044.2,0.328,3042,3043.31,3042,3043.28,30.39128,3041.65,3041.65,3041.64,3041.64,0.11782541
2025-12-07 12:16,3042.75,3043.55,3042.22,3043.55,17.60657398,3042.93000000,3043.25000000,3042.06000000,3043.24000000,43.76310000,3044.5,3044.5,3044.5,3044.5,0.3056,3043.28,3043.28,3042.02,3043.04,54.91241,3041.65,3041.65,3041.65,3041.65,0.03124121
2025-12-07 12:17,3043.65,3044.45,3042.7,3042.74,15.14750105,3043.25000000,3044.00000000,3042.52000000,3042.52000000,64.31510000,3044.7,3044.7,3044.0,3044.0,0.744,3043.04,3044,3042.49,3042.52,42.56869,3041.65,3042.69,3041.65,3042.41,57.194501100000004
2025-12-07 12:18,3042.74,3042.74,3040.97,3041.75,39.10835233,3042.53000000,3042.53000000,3040.63000000,3041.45000000,103.70040000,3043.3,3043.3,3043.3,3043.3,0.1952,3042.52,3042.53,3040.63,3041.44,74.99777,,,,,0.0
2025-12-07 12:19,3041.55,3041.55,3039.91,3040.84,22.7252941,3041.44000000,3041.44000000,3039.65000000,3040.50000000,50.53630000,3043.2,3043.2,3042.1,3042.1,0.01,3041.44,3041.45,3039.65,3040.34,36.47688,3042.38,3042.38,3041.65,3041.65,0.1661745
2025-12-07 12:20,3040.95,3042.3,3040.95,3041.94,8.8058005,3040.49000000,3041.90000000,3040.49000000,3041.89000000,78.94010000,,,,,,3040.34,3041.92,3040.34,3041.89,54.55665,,,,,0.0
2025-12-07 12:21,3042.01,3042.07,3040.96,3041.86,34.6239875,3041.89000000,3041.89000000,3040.54000000,3041.39000000,76.17680000,,,,,,3041.89,3041.89,3040.54,3041.39,53.259,3041.84,3041.84,3041.84,3041.84,3.3819804500000004
2025-12-07 12:22,3041.87,3042.31,3041.86,3041.96,11.70683483,3041.38000000,3041.45000000,3041.38000000,3041.44000000,7.73300000,,,,,,3041.39,3041.45,3041.38,3041.45,5.48051,3041.85,3041.85,3041.84,3041.85,0.10905339
2025-12-07 12:23,3041.97,3042.58,3041.69,3041.69,14.34391476,3041.45000000,3042.11000000,3040.94000000,3040.94000000,99.29540000,,,,,,3041.45,3042.12,3040.95,3040.95,35.62032,3041.85,3042.4,3041.84,3041.84,0.89406027
2025-12-07 12:24,3041.56,3041.56,3040.19,3041.27,13.110706,3040.95000000,3040.95000000,3040.10000000,3040.90000000,22.09240000,,,,,,3040.95,3040.95,3040.1,3040.9,58.70102,3041.85,3041.85,3041.85,3041.85,0.01508297
2025-12-07 12:25,3041.39,3041.4,3040.19,3040.19,9.40707712,3040.91000000,3040.91000000,3039.58000000,3039.59000000,87.82590000,,,,,,3040.9,3040.91,3039.58,3039.58,61.27655,3041.85,3041.85,3041.84,3041.84,0.16418185999999999
2025-12-07 12:26,3040.06,3041.85,3039.92,3041.45,14.55466116,3039.59000000,3041.20000000,3039.58000000,3040.94000000,331.30910000,3042.7,3042.7,3042.7,3042.7,0.5,3039.58,3041.2,3039.58,3040.94,231.25905,3041.84,3041.85,3041.84,3041.85,49.88426853
2025-12-07 12:27,3041.45,3041.45,3040.3,3040.37,15.21453108,3040.94000000,3040.95000000,3040.10000000,3040.10000000,37.63560000,,,,,,3040.94,3040.95,3040.1,3040.1,27.04673,3041.85,3041.85,3041.84,3041.85,0.0545768
2025-12-07 12:28,3040.37,3040.66,3039.5,3039.55,28.12152764,3040.10000000,3040.11000000,3039.01000000,3039.01000000,104.82800000,3042.1,3042.1,3041.6,3041.6,0.161,3040.1,3040.11,3038.98,3039.01,73.29993,3041.84,3041.85,3041.84,3041.84,0.014154729999999999
2025-12-07 12:29,3039.53,3042.76,3039.53,3042.7,28.01915827,3039.02000000,3042.26000000,3039.01000000,3042.20000000,104.75770000,3042.9,3042.9,3042.9,3042.9,0.001,3039.01,3042.24,3039.01,3042.2,73.29086,3041.84,3041.85,3041.84,3041.85,1.8842605
2025-12-07 12:30,3042.7,3043.7,3041.5,3041.56,20.47148241,3042.21000000,3043.06000000,3041.30000000,3041.30000000,70.68730000,3043.2,3043.7,3043.2,3043.7,0.007,3042.2,3043.09,3041.29,3041.3,42.76251,3042.11,3042.99,3042.11,3042.12,1.09558481
2025-12-07 12:31,3041.81,3042.6,3041.81,3042.6,2.97960515,3041.30000000,3041.98000000,3041.30000000,3041.97000000,12.88420000,,,,,,3041.3,3041.98,3041.3,3041.98,9.05775,3042.13,3042.39,3042.12,3042.39,0.06981675999999999
2025-12-07 12:32,3042.6,3042.6,3041.1,3041.14,13.22868327,3041.98000000,3041.98000000,3040.64000000,3040.64000000,102.32920000,,,,,,3041.98,3041.98,3040.62,3040.64,71.61537,3042.13,3042.13,3042.13,3042.13,0.29467373
2025-12-07 12:33,3041.24,3043.88,3041.17,3043.61,4.82906925,3040.64000000,3043.20000000,3040.64000000,3043.19000000,46.17090000,,,,,,3040.64,3043.2,3040.64,3043.19,32.18944,3042.12,3042.2,3042.12,3042.2,0.90010563
2025-12-07 12:34,3043.6,3043.6,3041.7,3042.15,21.19587968,3043.20000000,3043.20000000,3041.22000000,3041.88000000,83.56500000,,,,,,3043.19,3043.2,3041.18,3041.88,66.35894,3042.2,3042.2,3042.19,3042.2,0.00654137
2025-12-07 12:35,3042.29,3042.77,3041.85,3042.02,4.86857683,3041.87000000,3042.12000000,3041.34000000,3041.35000000,26.79070000,,,,,,3041.88,3042.13,3041.32,3041.35,15.30751,3042.2,3042.2,3042.19,3042.2,0.16695190000000001
2025-12-07 12:36,3042.0,3042.41,3041.42,3041.42,11.42331426,3041.34000000,3041.75000000,3041.34000000,3041.74000000,21.85970000,,,,,,3041.35,3041.75,3041.34,3041.74,15.60726,3042.2,3042.2,3042.19,3042.2,0.9588462200000001
2025-12-07 12:37,3042.01,3043.2,3042.01,3042.61,3.93561708,3041.74000000,3042.73000000,3041.74000000,3042.35000000,104.38720000,,,,,,3041.74,3042.76,3041.74,3042.34,36.32276,3042.2,3042.86,3042.2,3042.86,0.17836746
2025-12-07 12:38,3042.61,3043.14,3042.61,3043.14,0.92751116,3042.35000000,3042.64000000,3042.34000000,3042.64000000,23.03040000,,,,,,3042.34,3042.66,3042.34,3042.64,55.04132,3042.86,3042.86,3042.86,3042.86,0.00187219
2025-12-07 12:39,3043.14,3043.34,3042.45,3043.34,12.02148097,3042.64000000,3042.70000000,3041.54000000,3042.70000000,85.66680000,,,,,,3042.64,3042.64,3041.5,3042.36,57.74823,3042.86,3042.86,3042.86,3042.86,0.01638193
2025-12-07 12:40,3043.35,3044.72,3043.06,3043.3,21.16920574,3042.70000000,3043.71000000,3042.15000000,3042.46000000,45.29060000,3043.8,3045.0,3043.8,3045.0,0.12488834,3042.36,3043.72,3042.36,3042.47,31.58486,3042.86,3042.99,3042.85,3042.99,0.49290324
2025-12-07 12:41,3043.31,3043.31,3043.06,3043.21,8.23994936,3042.47000000,3042.47000000,3042.46000000,3042.46000000,14.62700000,,,,,,3042.47,3042.47,3042.46,3042.47,10.27087,3042.99,3042.99,3042.85,3042.89,0.02826229
2025-12-07 12:42,3043.2,3043.5,3042.46,3043.5,9.23978535,3042.47000000,3042.83000000,3042.06000000,3042.83000000,127.37280000,,,,,,3042.47,3042.75,3042.06,3042.75,58.2683,,,,,0.0
2025-12-07 12:43,3043.55,3043.55,3043.01,3043.21,9.92305267,3042.84000000,3042.92000000,3042.52000000,3042.53000000,58.36820000,,,,,,3042.75,3042.93,3042.51,3042.53,69.08874,3042.99,3042.99,3042.98,3042.98,0.07324558
2025-12-07 12:44,3043.21,3043.5,3042.99,3043.5,4.22003809,3042.53000000,3042.83000000,3042.53000000,3042.82000000,10.67690000,,,,,,3042.53,3042.83,3042.52,3042.81,13.3862,3042.99,3042.99,3042.99,3042.99,0.00394349
2025-12-07 12:45,3043.41,3046.92,3043.21,3046.92,38.98664268,3042.82000000,3046.10000000,3042.81000000,3046.10000000,296.27770000,3045.0,3046.3,3045.0,3046.3,9.912111659999999,3042.81,3045.88,3042.78,3045.85,185.96303,3042.99,3045.62,3042.99,3045.62,2.02136594
2025-12-07 12:46,3046.95,3050.76,3046.51,3047.7,148.62256729,3046.11000000,3049.97000000,3046.11000000,3047.44000000,487.70360000,3046.6,3048.5,3046.6,3048.5,0.008,3045.85,3049.82,3045.85,3047.06,351.30202,3046.29,3049.96,3046.29,3048.85,16.340763210000002
2025-12-07 12:47,3047.84,3049.95,3047.71,3048.45,21.67160963,3047.45000000,3049.41000000,3047.44000000,3047.99000000,101.76000000,,,,,,3047.06,3049.4,3047.06,3047.99,79.14987,3048.86,3048.86,3048.86,3048.86,0.04662784
2025-12-07 12:48,3048.45,3051.44,3048.22,3050.78,75.29679613,3047.98000000,3050.96000000,3047.97000000,3050.19000000,226.08400000,3049.8,3051.5,3049.8,3051.5,0.016826960000000002,3047.99,3050.95,3047.91,3050.19,126.86915,3049.21,3050.0,3049.21,3050.0,0.78394613
2025-12-07 12:49,3050.41,3050.76,3047.45,3050.15,54.4850145,3050.19000000,3050.20000000,3047.33000000,3049.63000000,560.38910000,,,,,,3050.19,3050.2,3047.31,3049.63,424.50489,3050.0,3050.0,3049.78,3049.78,13.21677287
2025-12-07 12:50,3050.14,3050.25,3049.17,3049.3,17.79864058,3049.64000000,3050.29000000,3048.74000000,3048.74000000,106.57440000,3050.6,3050.6,3050.6,3050.6,0.0008,3049.63,3050.2,3048.74,3048.74,73.33738,3049.74,3049.92,3049.74,3049.74,0.37859318
2025-12-07 12:51,3049.3,3049.38,3046.51,3047.06,57.76376535,3048.74000000,3048.75000000,3046.12000000,3046.60000000,253.90000000,3049.1,3049.1,3048.5,3048.5,0.007,3048.74,3048.75,3046.92,3047.38,82.37613,3049.74,3049.74,3049.21,3049.21,40.61260485
2025-12-07 12:52,3047.12,3048.9,3046.81,3048.9,51.29813111,3046.60000000,3048.32000000,3046.17000000,3048.31000000,116.06300000,,,,,,3047.38,3048.36,3046.16,3048.36,176.53986,3048.33,3048.33,3048.33,3048.33,0.00975239
2025-12-07 12:53,3049.03,3049.65,3048.31,3048.54,18.29443727,3048.31000000,3049.01000000,3047.97000000,3047.97000000,82.75240000,,,,,,3048.36,3049.04,3047.94,3047.98,58.06849,3049.06,3049.06,3048.32,3048.33,0.14543389
2025-12-07 12:54,3048.54,3050.1,3048.31,3050.1,19.73294108,3047.98000000,3049.82000000,3047.95000000,3049.81000000,106.50400000,3049.8,3050.4,3049.8,3050.4,0.008,3047.98,3048.07,3047.95,3047.97,47.41127,3048.33,3048.33,3048.33,3048.33,0.00452658
2025-12-07 12:55,3050.33,3050.33,3048.61,3048.61,16.67359771,3049.82000000,3049.82000000,3048.25000000,3048.25000000,119.21760000,,,,,,3047.97,3049.81,3047.97,3048.25,81.90013,3049.79,3049.79,3049.79,3049.79,0.33279097
2025-12-07 12:56,3048.61,3048.84,3048.45,3048.68,5.19156145,3048.26000000,3048.42000000,3047.65000000,3048.42000000,117.10170000,,,,,,3048.25,3048.29,3047.94,3048.28,76.74302,3049.79,3049.79,3049.78,3049.79,0.2512627
2025-12-07 12:57,3048.9,3048.9,3047.81,3048.17,6.914344,3048.42000000,3048.43000000,3047.66000000,3047.67000000,73.69400000,,,,,,3048.28,3048.43,3047.66,3047.67,57.08255,3049.79,3049.79,3049.79,3049.79,0.20395607
2025-12-07 12:58,3048.16,3048.36,3048.11,3048.25,2.85912303,3047.68000000,3047.80000000,3047.67000000,3047.80000000,27.72230000,,,,,,3047.67,3047.8,3047.67,3047.8,19.18784,3049.79,3049.79,3049.79,3049.79,1.6895308800000002
2025-12-07 12:59,3048.24,3049.8,3048.24,3049.5,8.0358205,3047.80000000,3049.12000000,3047.79000000,3049.12000000,34.88080000,,,,,,3047.8,3049.13,3047.79,3049.11,24.67497,3049.79,3049.79,3049.79,3049.79,0.00299011
2025-12-07 13:00,3049.5,3050.31,3048.16,3048.56,16.82438254,3049.12000000,3049.44000000,3047.79000000,3047.80000000,193.66360000,3050.4,3050.4,3050.4,3050.4,0.05,3049.11,3049.44,3047.77,3047.79,132.82204,3049.79,3050.0,3049.79,3049.79,1.23055957
2025-12-07 13:01,3048.45,3050.25,3048.45,3050.25,11.06141164,3047.80000000,3049.56000000,3047.79000000,3049.56000000,70.45260000,3050.5,3050.5,3050.5,3050.5,0.02559723,3047.79,3049.58,3047.79,3049.56,49.3548,3049.79,3049.99,3049.79,3049.79,0.24674002
2025-12-07 13:02,3050.25,3053.9,3050.25,3053.4,73.46138453,3049.55000000,3053.49000000,3049.55000000,3053.00000000,456.02770000,3050.6,3053.1,3050.6,3053.1,0.030000000000000002,3049.56,3053.36,3049.55,3053.01,318.95783,3050.0,3051.01,3049.99,3051.01,7.99334615
2025-12-07 13:03,3053.38,3053.38,3051.0,3051.68,25.88093651,3053.00000000,3053.01000000,3050.61000000,3051.23000000,134.20010000,,,,,,3053.01,3053.01,3050.57,3051.23,94.32801,3051.87,3051.97,3051.72,3051.73,16.379995750000003
2025-12-07 13:04,3051.68,3051.68,3047.51,3047.85,44.61650231,3051.22000000,3051.23000000,3047.24000000,3047.41000000,164.57640000,3051.8,3051.8,3049.5,3049.5,0.012,3051.23,3051.23,3047.23,3047.4,115.32099,3051.73,3051.73,3049.35,3049.35,15.49176691
2025-12-07 13:05,3047.86,3048.3,3047.47,3048.14,10.40406398,3047.40000000,3048.06000000,3047.00000000,3047.69000000,82.58440000,,,,,,3047.4,3047.93,3047,3047.69,56.88058,3049.35,3049.35,3049.35,3049.35,0.05127081
2025-12-07 13:06,3048.14,3049.5,3048.05,3049.34,30.11279804,3047.69000000,3049.43000000,3047.67000000,3049.19000000,118.99920000,,,,,,3047.69,3049.21,3047.68,3049.19,83.05408,3049.34,3049.35,3049.34,3049.35,0.0505433
2025-12-07 13:07,3049.35,3049.9,3048.61,3048.61,12.29675274,3049.19000000,3049.38000000,3048.00000000,3048.00000000,151.82040000,,,,,,3049.19,3049.39,3047.98,3048.01,106.53089,3049.35,3049.35,3049.34,3049.35,0.18017378
2025-12-07 13:08,3048.61,3048.83,3048.0,3048.64,8.08885464,3048.00000000,3048.06000000,3047.35000000,3048.06000000,41.84510000,3049.2,3049.2,3048.7,3048.7,4.69077,3048.01,3048.09,3047.33,3048.09,29.18116,3049.35,3049.35,3049.34,3049.35,4.6383954
2025-12-07 13:09,3048.73,3049.49,3047.85,3048.25,7.84178934,3048.06000000,3049.26000000,3047.82000000,3047.83000000,74.52610000,,,,,,3048.09,3049.26,3047.82,3047.83,52.07796,3049.35,3049.35,3049.35,3049.35,0.14155199
2025-12-07 13:10,3048.4,3050.06,3041.72,3042.1,91.963525,3047.83000000,3049.00000000,3041.05000000,3041.67000000,365.33880000,3048.5,3048.5,3043.1,3043.1,0.016,3047.83,3049,3041.7,3041.7,50.74106,3049.34,3049.34,3042.65,3042.65,10.279020919999999
2025-12-07 13:11,3042.16,3042.74,3038.76,3041.22,130.81401756,3041.67000000,3042.36000000,3038.00000000,3040.73000000,397.35880000,3043.1,3043.1,3041.4,3041.4,0.00582177,3041.7,3042.05,3039.5,3040.73,480.0073,3042.65,3042.65,3040.41,3040.58,2.63874655
2025-12-07 13:12,3041.24,3042.3,3040.22,3041.11,25.35574039,3040.73000000,3042.05000000,3039.78000000,3040.71000000,148.37930000,,,,,,3040.73,3042.05,3039.79,3040.67,98.1796,3040.66,3040.66,3040.65,3040.66,0.71696775
2025-12-07 13:13,3041.1,3043.8,3040.81,3043.67,13.41053065,3040.70000000,3043.49000000,3040.41000000,3043.29000000,64.38390000,3043.5,3044.0,3043.5,3044.0,0.006,3040.67,3043.3,3040.42,3043.3,56.07536,3040.66,3042.22,3040.66,3042.21,0.47653829000000003
2025-12-07 13:14,3043.67,3043.91,3043.05,3043.05,13.54112164,3043.30000000,3043.56000000,3042.61000000,3042.62000000,50.94000000,,,,,,3043.3,3043.56,3042.61,3042.61,35.96639,3042.22,3042.22,3042.22,3042.22,0.009139089999999999
2025-12-07 13:15,3043.14,3044.48,3042.95,3043.31,35.56263337,3042.62000000,3044.32000000,3042.61000000,3042.92000000,73.45600000,3044.3,3044.3,3044.3,3044.3,0.4803,3042.61,3044.32,3042.61,3042.93,51.33274,3042.22,3042.22,3042.21,3042.21,0.009041740000000001
2025-12-07 13:16,3043.34,3044.5,3042.46,3042.89,15.05916866,3042.93000000,3044.11000000,3041.99000000,3042.42000000,55.56390000,,,,,,3042.93,3044.11,3041.97,3042.42,38.91291,3042.22,3042.22,3042.22,3042.22,0.10341085
2025-12-07 13:17,3042.9,3045.92,3042.9,3045.44,9.80019109,3042.41000000,3045.00000000,3042.41000000,3044.99000000,42.75310000,3044.6,3045.2,3044.6,3045.2,0.00399999,3042.42,3045.01,3042.41,3044.99,29.902,3042.22,3042.64,3042.21,3042.64,58.08829351999999
2025-12-07 13:18,3045.44,3045.68,3045.01,3045.68,12.3139473,3044.99000000,3045.18000000,3044.69000000,3045.18000000,22.25200000,3045.2,3045.7,3045.2,3045.7,0.00400001,3044.99,3045.18,3044.68,3045.17,17.6719,3043.65,3045.55,3043.64,3045.55,0.21116511999999998
2025-12-07 13:19,3045.68,3045.77,3045.05,3045.59,6.87758437,3045.18000000,3045.25000000,3045.04000000,3045.22000000,71.76820000,,,,,,3045.17,3045.25,3045.03,3045.04,49.70347,3045.56,3045.56,3045.55,3045.55,0.01288039
2025-12-07 13:20,3045.6,3046.23,3044.25,3044.26,14.87948968,3045.22000000,3045.82000000,3043.83000000,3043.94000000,56.84210000,3045.9,3046.2,3045.9,3046.2,0.004,3045.04,3045.82,3043.94,3043.94,39.42013,3045.55,3045.55,3045.55,3045.55,0.09517173
2025-12-07 13:21,3044.26,3044.26,3038.69,3038.69,53.34832373,3043.95000000,3043.95000000,3038.11000000,3038.21000000,140.87820000,3044.9,3044.9,3040.7,3040.7,0.019,3043.94,3043.95,3039.86,3039.86,80.6257,3045.54,3045.54,3041.53,3041.53,6.21191733
2025-12-07 13:22,3038.55,3038.55,3027.01,3028.55,142.73592996,3038.21000000,3038.21000000,3026.98000000,3028.52000000,1101.67490000,3040.4,3040.4,3029.2,3029.2,0.94542739,3039.86,3039.86,3028,3028.57,491.8347,3040.49,3040.49,3029.11,3029.11,21.26353376
2025-12-07 13:23,3028.8,3037.84,3028.69,3036.37,130.21014765,3028.60000000,3037.82000000,3028.28000000,3036.24000000,832.83300000,3030.7,3037.0,3030.7,3037.0,0.66026774,3028.57,3037,3028.57,3034.14,485.74965,3032.69,3036.13,3032.69,3035.02,14.080713889999998
2025-12-07 13:24,3036.45,3036.75,3030.24,3031.42,79.10616908,3036.25000000,3036.25000000,3029.76000000,3030.76000000,431.71880000,3037.3,3037.3,3032.5,3032.5,10.08751,3034.14,3034.25,3029.75,3030.77,359.23498,3035.94,3035.94,3030.7,3030.7,11.836578840000001
2025-12-07 13:25,3031.18,3035.09,3031.18,3032.12,52.70994579,3030.76000000,3034.76000000,3030.61000000,3032.03000000,131.07540000,3034.5,3035.0,3033.4,3033.4,0.10321989000000001,3030.77,3034.57,3030.67,3031.66,345.11787,3031.56,3034.07,3031.56,3033.86,2.6409554
2025-12-07 13:26,3032.16,3035.39,3031.9,3035.31,24.13441098,3032.04000000,3034.99000000,3031.63000000,3034.78000000,81.08530000,3034.4,3035.5,3034.4,3035.5,0.050199999999999995,3031.66,3035,3031.63,3035,62.68825,3032.7,3033.3,3032.7,3033.3,0.01114698
2025-12-07 13:27,3034.9,3034.93,3032.42,3032.71,25.64135093,3034.78000000,3034.78000000,3031.54000000,3032.44000000,123.63420000,3034.0,3034.0,3034.0,3034.0,0.0384,3035,3035,3032.85,3032.86,50.43043,3033.86,3033.86,3033.17,3033.33,0.03916263
2025-12-07 13:28,3032.74,3033.16,3032.15,3032.27,24.4182906,3032.44000000,3032.62000000,3031.70000000,3031.85000000,88.69820000,,,,,,3032.86,3032.86,3031.6,3031.86,119.5216,3032.69,3032.99,3032.69,3032.77,0.15701515000000002
2025-12-07 13:29,3032.26,3032.84,3029.74,3030.64,81.91155721,3031.86000000,3032.43000000,3029.90000000,3030.31000000,221.76850000,3033.8,3033.8,3032.1,3032.1,0.0484,3031.86,3032.4,3029.86,3030.31,155.1789,3032.77,3032.77,3031.52,3031.52,1.8134367200000001
2025-12-07 13:30,3030.58,3033.0,3030.58,3031.95,23.09003966,3030.31000000,3032.61000000,3030.31000000,3031.52000000,87.43580000,,,,,,3030.31,3032.62,3030.31,3031.56,55.51119,3031.52,3031.52,3031.52,3031.52,0.0090765
2025-12-07 13:31,3031.65,3034.5,3031.51,3034.01,20.58801711,3031.51000000,3034.27000000,3030.98000000,3033.86000000,106.71870000,3033.4,3034.5,3033.4,3034.5,0.00599999,3031.56,3034.27,3030.95,3033.85,78.02456,3031.52,3034.3,3031.51,3033.77,21.010010519999998
2025-12-07 13:32,3034.11,3036.53,3034.11,3035.4,21.46723338,3033.87000000,3036.25000000,3033.87000000,3034.97000000,69.55360000,3034.5,3037.0,3034.5,3037.0,0.015000010000000001,3033.85,3036.04,3033.85,3034.97,49.02631,3033.99,3034.47,3033.99,3034.47,0.0903877
2025-12-07 13:33,3035.4,3037.34,3034.81,3035.94,82.52364732,3034.96000000,3036.84000000,3034.42000000,3035.73000000,104.43970000,3036.0,3036.2,3036.0,3036.2,0.98923384,3034.97,3036.08,3034.42,3035.73,100.67474,3034.47,3034.77,3034.47,3034.77,5.2231023599999995
2025-12-07 13:34,3035.95,3037.04,3034.66,3034.66,23.73113797,3035.73000000,3036.69000000,3034.44000000,3034.44000000,48.53680000,,,,,,3035.73,3036.47,3035.15,3035.16,20.63732,,,,,0.0
2025-12-07 13:35,3034.66,3035.1,3033.16,3033.16,10.48976723,3034.44000000,3034.85000000,3032.80000000,3032.80000000,41.77330000,,,,,,3035.16,3035.16,3032.8,3032.81,27.43338,3036.49,3036.49,3033.0,3033.0,6.78020144
2025-12-07 13:36,3033.16,3034.5,3032.7,3034.35,21.20061872,3032.81000000,3033.88000000,3032.40000000,3033.88000000,92.00790000,,,,,,3032.81,3033.96,3032.39,3033.96,37.83945,3032.69,3032.69,3032.69,3032.69,0.00114152
2025-12-07 13:37,3034.02,3035.1,3032.58,3034.79,10.74307167,3033.88000000,3034.50000000,3032.50000000,3034.50000000,33.38220000,,,,,,3033.96,3034.5,3032.49,3034.5,54.19402,3032.7,3032.7,3032.7,3032.7,0.00989218
2025-12-07 13:38,3034.87,3035.86,3031.19,3031.19,30.47991945,3034.49000000,3034.53000000,3031.06000000,3031.06000000,65.67200000,3034.7,3034.7,3033.5,3033.5,0.022,3034.5,3034.53,3031.66,3031.66,29.9159,3032.69,3032.7,3031.91,3031.91,20.01032292
2025-12-07 13:39,3031.13,3031.95,3028.98,3031.56,111.41516881,3031.05000000,3031.68000000,3029.16000000,3031.37000000,210.01000000,3033.4,3033.4,3033.1,3033.1,0.008,3031.66,3031.66,3029.16,3030.26,125.11252,3031.88,3032.04,3030.66,3030.66,1.6090018199999998
2025-12-07 13:40,3031.49,3033.89,3030.6,3033.89,19.69501028,3031.39000000,3033.66000000,3030.12000000,3033.65000000,81.56480000,,,,,,3030.26,3033.66,3030.25,3033.66,87.96095,3030.67,3030.8,3030.66,3030.8,1.04965383
2025-12-07 13:41,3033.89,3034.8,3033.42,3033.9,16.73194825,3033.65000000,3034.43000000,3033.35000000,3033.84000000,71.79090000,3034.4,3034.7,3034.4,3034.7,0.003,3033.66,3034.46,3033.35,3033.85,53.76065,3031.88,3034.75,3031.88,3034.74,20.378293409999998
2025-12-07 13:42,3033.9,3036.39,3033.6,3033.6,80.40317498,3033.85000000,3036.00000000,3033.47000000,3033.47000000,186.45090000,3034.9,3036.0,3034.9,3036.0,0.0280151,3033.85,3035.33,3033.47,3033.47,124.86037,3034.74,3035.07,3034.74,3035.07,0.01416247
2025-12-07 13:43,3033.6,3034.57,3032.25,3032.26,21.20740949,3033.47000000,3033.81000000,3032.04000000,3032.04000000,40.50010000,3034.9,3034.9,3034.7,3034.7,0.1012,3033.47,3033.82,3032.04,3032.05,30.32898,3034.74,3034.74,3034.73,3034.73,0.06521798
2025-12-07 13:44,3032.25,3032.6,3029.99,3031.2,89.61114362,3032.04000000,3032.17000000,3030.00000000,3030.89000000,344.55060000,3034.4,3034.4,3032.0,3032.0,0.24750142,3032.05,3032.19,3030,3030.26,233.8137,3034.28,3034.28,3033.01,3033.01,3.3616371899999997
2025-12-07 13:45,3030.75,3031.65,3030.73,3031.35,21.20118194,3030.90000000,3031.56000000,3030.43000000,3031.16000000,25.36320000,,,,,,3030.26,3031.2,3030.26,3031.17,16.31668,3032.81,3032.81,3032.81,3032.81,0.07073053
2025-12-07 13:46,3031.64,3035.62,3031.64,3034.35,44.34536718,3031.15000000,3034.99000000,3031.15000000,3033.57000000,174.48360000,3033.5,3034.9,3033.5,3034.9,0.012,3031.17,3034.65,3031.15,3034.64,114.3861,3032.8,3033.67,3032.8,3033.67,3.3010268499999995
2025-12-07 13:47,3034.21,3034.53,3031.21,3031.55,39.23801968,3033.57000000,3034.33000000,3030.69000000,3031.53000000,58.99630000,3033.6,3033.6,3032.5,3032.5,0.008,3034.64,3034.64,3030.69,3030.69,45.17045,3034.0,3034.0,3032.81,3032.81,0.25543306
2025-12-07 13:48,3031.64,3031.64,3029.33,3029.59,28.73464794,3031.53000000,3031.53000000,3028.86000000,3029.24000000,107.82580000,3032.3,3032.3,3030.9,3030.9,0.02,3030.69,3031.57,3029,3029.25,79.27995,3032.81,3032.81,3029.95,3030.4,20.072680560000002
2025-12-07 13:49,3029.58,3032.25,3029.33,3031.81,10.72468327,3029.24000000,3031.79000000,3029.00000000,3031.78000000,99.59740000,3032.0,3032.0,3032.0,3032.0,5.0,3029.25,3031.8,3028.97,3031.76,69.43425,3029.61,3031.81,3029.61,3031.81,0.20622729
2025-12-07 13:50,3032.25,3032.7,3031.25,3032.05,12.16024167,3031.78000000,3032.08000000,3030.74000000,3031.60000000,16.31220000,3032.4,3032.8,3032.4,3032.5,0.03739111,3031.76,3031.76,3030.74,3031.6,10.22407,3031.89,3032.05,3031.88,3031.89,1.01499219
2025-12-07 13:51,3032.1,3033.44,3031.82,3033.44,38.85735656,3031.60000000,3033.03000000,3031.46000000,3033.02000000,175.69910000,,,,,,3031.6,3032.25,3031.59,3032.06,37.01268,3032.34,3032.34,3032.32,3032.32,0.01402168
2025-12-07 13:52,3033.45,3034.2,3032.55,3032.56,22.68555041,3033.01000000,3034.00000000,3031.88000000,3031.88000000,45.59190000,3033.0,3033.9,3033.0,3033.9,0.006,3032.06,3034,3032.06,3032.17,116.91806,3032.14,3033.44,3032.14,3033.01,10.098835670000001
2025-12-07 13:53,3032.55,3033.26,3032.4,3033.13,9.57737933,3031.88000000,3032.76000000,3031.80000000,3032.75000000,50.34660000,,,,,,3032.17,3032.8,3031.79,3032.76,36.43682,3033.01,3033.01,3032.21,3032.26,0.24410053999999998
2025-12-07 13:54,3033.05,3033.45,3032.44,3032.51,26.0387252,3032.75000000,3032.82000000,3031.96000000,3032.04000000,35.00220000,,,,,,3032.76,3032.82,3031.92,3032.03,23.65436,3032.38,3032.39,3032.38,3032.39,0.03359838
2025-12-07 13:55,3032.69,3033.75,3032.6,3033.75,6.16603045,3032.03000000,3033.26000000,3032.03000000,3033.26000000,48.33290000,,,,,,3032.03,3033.27,3032.03,3033.27,30.22569,3032.99,3032.99,3032.99,3032.99,0.00148289
2025-12-07 13:56,3033.9,3034.19,3033.33,3033.94,7.60816086,3033.25000000,3033.25000000,3032.65000000,3033.04000000,40.78260000,,,,,,3033.27,3033.27,3032.65,3033.05,28.58713,3032.99,3033.71,3032.99,3033.38,13.32250299
2025-12-07 13:57,3033.87,3034.7,3033.45,3033.45,16.80958088,3033.04000000,3034.21000000,3032.92000000,3032.93000000,36.76960000,3034.0,3034.4,3034.0,3034.4,0.004,3033.05,3034.16,3032.65,3032.93,25.72048,3034.2,3034.2,3033.54,3033.55,0.06644296
2025-12-07 13:58,3033.39,3033.5,3033.03,3033.25,6.71770877,3032.93000000,3032.97000000,3032.63000000,3032.74000000,47.16220000,,,,,,3032.93,3032.96,3032.62,3032.74,32.96872,3033.55,3033.55,3033.55,3033.55,0.00646366
2025-12-07 13:59,3033.26,3033.34,3031.22,3032.35,22.25884409,3032.75000000,3032.75000000,3030.68000000,3031.55000000,45.51620000,3033.0,3033.0,3033.0,3033.0,0.002,3032.74,3032.75,3030.67,3031.07,30.28793,3033.54,3033.55,3033.54,3033.55,0.013603210000000001
2025-12-07 14:00,3032.45,3032.45,3030.62,3030.63,15.18662134,3031.55000000,3031.57000000,3030.08000000,3030.09000000,46.86100000,3032.7,3032.7,3031.9,3031.9,0.06558036,3031.07,3031.59,3030.04,3030.04,24.02909,3033.52,3033.52,3030.61,3030.61,3.35238705
2025-12-07 14:01,3030.94,3035.86,3030.94,3035.41,36.58930857,3030.09000000,3035.22000000,3030.09000000,3035.12000000,155.52190000,3032.4,3035.3,3032.4,3035.3,0.0106491,3030.04,3035.22,3030.04,3035.09,114.97092,3030.64,3033.52,3030.64,3033.52,3.2669362
2025-12-07 14:02,3035.4,3035.4,3032.85,3032.86,22.63897358,3035.12000000,3035.12000000,3032.26000000,3032.26000000,41.93570000,,,,,,3035.09,3035.09,3032.18,3032.18,33.83798,3033.52,3033.8,3033.2,3033.8,0.18562437
2025-12-07 14:03,3032.86,3033.89,3028.21,3028.26,116.62009547,3032.26000000,3033.23000000,3027.55000000,3027.56000000,1105.33280000,3033.8,3033.8,3030.7,3030.7,0.03699858,3032.18,3033.12,3027.48,3027.48,726.35089,3033.24,3033.24,3030.93,3030.93,20.503663109999998
2025-12-07 14:04,3028.32,3029.66,3024.0,3024.25,155.43190431,3027.56000000,3029.00000000,3022.46000000,3023.41000000,646.64520000,3030.4,3030.4,3025.0,3025.0,0.162,3027.48,3029.01,3023,3023,268.01818,3027.0,3027.0,3025.0,3025.01,4.65414576
2025-12-07 14:05,3024.12,3035.34,3024.12,3034.27,101.96595408,3023.41000000,3034.99000000,3023.23000000,3033.69000000,2420.57520000,3029.2,3035.0,3029.2,3035.0,0.016,3023,3034.48,3023,3033.7,1318.90323,3025.0,3032.93,3025.0,3032.93,4.5320043
2025-12-07 14:06,3034.05,3034.59,3027.76,3029.1,71.15073808,3033.70000000,3033.92000000,3027.06000000,3028.17000000,386.31020000,3031.9,3031.9,3031.3,3031.3,0.006,3033.7,3033.88,3027.06,3028.49,284.34213,3031.7,3031.7,3028.92,3029.06,0.21376409999999998
2025-12-07 14:07,3028.81,3031.98,3028.81,3031.17,21.43821614,3028.18000000,3031.18000000,3028.18000000,3030.47000000,127.33760000,,,,,,3028.49,3031.18,3028.17,3030.76,131.29911,3030.43,3031.63,3030.43,3031.63,0.04779281
2025-12-07 14:08,3030.96,3031.26,3028.9,3030.38,23.75857051,3030.47000000,3030.47000000,3028.33000000,3029.73000000,110.01960000,,,,,,3030.76,3030.76,3028.34,3029.74,77.92135,3029.17,3030.13,3029.17,3030.13,0.31876346
2025-12-07 14:09,3030.38,3030.38,3027.91,3028.06,25.82653639,3029.73000000,3029.74000000,3027.39000000,3027.39000000,48.14110000,3030.0,3030.0,3029.1,3029.1,0.008,3029.74,3029.74,3027.47,3027.48,31.06732,3029.3,3029.86,3029.15,3029.15,1.6599073000000002
2025-12-07 14:10,3027.9,3028.36,3024.24,3026.77,102.7355515,3027.38000000,3027.57000000,3023.00000000,3026.25000000,244.32530000,3028.8,3028.8,3026.0,3026.0,0.146,3027.48,3027.58,3023.61,3026.26,146.66103,3029.16,3029.16,3024.36,3025.19,20.90594431
2025-12-07 14:11,3026.87,3030.26,3026.87,3029.81,41.21805587,3026.25000000,3029.23000000,3026.25000000,3029.15000000,98.25160000,3027.7,3029.3,3027.7,3029.3,0.005,3026.26,3029.25,3026.25,3029.15,93.44953,3025.19,3029.7,3025.19,3029.69,42.31164045
2025-12-07 14:12,3029.91,3029.91,3026.23,3026.23,29.14602934,3029.16000000,3029.16000000,3025.38000000,3025.39000000,89.41980000,3028.0,3028.0,3028.0,3028.0,0.002,3029.15,3029.16,3026.03,3026.43,57.37911,3029.59,3029.59,3027.86,3027.86,0.01219595
2025-12-07 14:13,3026.1,3028.34,3025.53,3026.71,27.36602721,3025.39000000,3027.92000000,3025.03000000,3026.05000000,91.59130000,3027.7,3027.7,3027.7,3027.7,0.002,3026.43,3027.92,3025.03,3026.06,73.1526,3027.85,3028.11,3027.85,3027.86,3.3659172999999996
2025-12-07 14:14,3026.7,3026.97,3025.22,3025.99,24.35188085,3026.05000000,3026.17000000,3024.72000000,3025.58000000,58.09550000,3027.4,3027.4,3027.4,3027.4,0.002,3026.06,3026.17,3024.97,3025.57,39.69124,3027.85,3027.86,3027.85,3027.86,0.0191712
2025-12-07 14:15,3025.98,3029.85,3025.51,3028.01,48.78797577,3025.57000000,3029.32000000,3024.98000000,3027.46000000,122.11470000,3028.7,3030.0,3028.7,3030.0,0.009000000000000001,3025.57,3029.07,3024.98,3027.46,70.68293,3027.86,3028.09,3027.86,3027.86,5.02726715
2025-12-07 14:16,3028.06,3028.65,3026.11,3027.46,23.7999343,3027.47000000,3027.79000000,3025.37000000,3027.05000000,129.62820000,,,,,,3027.46,3027.82,3026.43,3027.04,89.63684,3027.97,3027.97,3027.85,3027.86,0.04199148
2025-12-07 14:17,3027.6,3027.74,3024.46,3024.46,31.39183261,3027.05000000,3027.16000000,3023.83000000,3023.93000000,62.19520000,3027.5,3027.5,3026.7,3026.7,0.1,3027.04,3027.18,3024.36,3024.45,50.02537,3027.86,3027.86,3026.86,3026.86,0.39676639999999996
2025-12-07 14:18,3024.61,3026.11,3016.2,3019.06,286.99356645,3023.93000000,3025.44000000,3015.01000000,3018.18000000,1665.04190000,3026.6,3026.6,3016.8,3018.8,11.43358802,3024.45,3025.34,3015.04,3018.6,422.08885,3026.86,3026.86,3015.52,3018.84,79.48902299
2025-12-07 14:19,3019.05,3021.61,3017.71,3017.81,125.22491703,3018.17000000,3021.32000000,3017.13000000,3017.13000000,401.21220000,3022.5,3022.5,3022.5,3022.5,0.01215397,3018.6,3021,3018.13,3019.22,1031.48168,3019.99,3020.0,3019.38,3019.38,17.72640825
2025-12-07 14:20,3017.8,3021.3,3017.41,3019.09,87.7313306,3017.12000000,3020.37000000,3016.83000000,3018.47000000,254.08980000,3017.9,3017.9,3017.9,3017.9,0.0008,3019.22,3019.24,3016.82,3018.58,172.75589,3017.64,3019.39,3017.64,3018.6,11.5517683
2025-12-07 14:21,3018.87,3019.04,3012.93,3017.06,206.21961501,3018.46000000,3018.46000000,3013.28000000,3016.42000000,612.93550000,3018.2,3018.2,3015.0,3017.1,0.52552685,3018.58,3018.58,3014.03,3016.57,413.34087,3018.42,3018.42,3015.85,3017.22,2.91091841
2025-12-07 14:22,3016.5,3016.5,3008.65,3010.68,166.31242449,3016.41000000,3016.41000000,3007.81000000,3010.35000000,1051.29000000,3015.5,3015.5,3010.3,3011.5,2.97805636,3016.57,3016.57,3010,3010.53,198.50493,3015.37,3015.37,3009.94,3011.05,77.88205044
2025-12-07 14:23,3011.24,3011.94,3005.7,3009.99,107.62931234,3010.63000000,3011.25000000,3004.91000000,3009.36000000,987.10760000,3010.1,3010.1,3006.2,3009.5,1.34011849,3010.53,3011.29,3005.24,3009.84,628.03987,3011.04,3011.44,3006.03,3008.18,39.78501612
2025-12-07 14:24,3009.94,3009.94,2958.72,2970.0,1629.53206377,3009.35000000,3009.35000000,2959.00000000,2971.37000000,10036.64490000,3007.6,3007.6,2957.4,2970.8,197.39575221,3009.84,3009.84,2959.86,2972.76,1187.13941,3006.38,3006.38,2961.0,2970.82,703.12936012
2025-12-07 14:25,2970.0,2975.41,2910.08,2948.52,1821.30339691,2971.36000000,2974.98000000,2907.52000000,2947.23000000,17346.67430000,2968.0,2974.6,2911.9,2950.6,393.88144746,2972.76,2974.79,2915,2946.52,3103.88495,2970.83,2974.75,2914.0,2951.7,885.5840640700001
2025-12-07 14:26,2948.71,2955.31,2937.5,2954.62,496.54229862,2947.22000000,2955.32000000,2935.99000000,2954.99000000,4991.94470000,2947.2,2954.8,2940.5,2954.8,6.714707199999999,2946.52,2955.24,2935.21,2954.15,3433.96278,2948.22,2955.5,2936.13,2954.32,390.66600313
2025-12-07 14:27,2954.94,2960.5,2950.54,2957.86,334.08195188,2954.99000000,2960.37000000,2950.06000000,2957.65000000,2357.84840000,2953.7,2960.6,2953.6,2956.6,8.15496988,2954.15,2959.22,2950.25,2955.73,1226.93029,2952.19,2960.71,2952.19,2957.49,152.20475150000001
2025-12-07 14:28,2957.81,2958.14,2952.31,2952.62,117.33320005,2957.65000000,2958.22000000,2951.54000000,2952.73000000,1311.95960000,2956.5,2957.9,2954.1,2954.1,4.18493928,2955.73,2958.1,2954,2954,517.05324,2954.61,2958.47,2954.34,2954.82,120.96163362
2025-12-07 14:29,2952.81,2954.94,2938.68,2940.87,207.05027184,2952.73000000,2954.92000000,2937.30000000,2940.00000000,1580.24810000,2954.9,2954.9,2939.5,2939.5,13.52083535,2954,2954.52,2938.89,2940.63,514.17182,2954.33,2954.33,2936.21,2940.02,230.74647881
2025-12-07 14:30,2940.58,2948.4,2937.49,2941.08,133.02660032,2940.00000000,2948.40000000,2936.18000000,2939.60000000,1221.43940000,2940.6,2948.2,2938.2,2941.9,8.28726239,2940.63,2948.47,2938.45,2939.99,343.90511,2940.95,2947.05,2938.46,2943.39,74.74970651
2025-12-07 14:31,2940.58,2944.19,2938.12,2938.12,76.6656685,2939.60000000,2943.92000000,2937.93000000,2937.93000000,932.21710000,2943.9,2944.1,2940.9,2940.9,7.59872629,2939.99,2943.14,2939.57,2940,580.8931,2941.18,2943.44,2939.48,2941.18,35.41230683
2025-12-07 14:32,2938.8,2941.79,2933.1,2933.89,195.33131652,2937.94000000,2940.86000000,2932.18000000,2933.07000000,1834.96890000,2941.5,2941.5,2934.9,2937.7,14.557365429999999,2940,2940.93,2933.48,2933.48,859.84794,2941.2,2941.2,2933.36,2933.36,51.480624739999996
2025-12-07 14:33,2934.01,2939.5,2928.12,2937.44,250.99718387,2933.07000000,2939.34000000,2927.52000000,2937.15000000,1642.96000000,2933.6,2940.3,2929.9,2938.9,31.841074189999997,2933.48,2939.43,2928.09,2939.43,685.44001,2933.38,2938.75,2928.49,2938.75,62.539856209999996
2025-12-07 14:34,2936.89,2943.47,2932.78,2942.5,133.4577768,2937.15000000,2943.11000000,2931.90000000,2942.08000000,1331.94300000,2937.6,2943.2,2934.5,2942.5,19.32714098,2939.43,2943.48,2933.37,2942.43,652.89102,2936.49,2941.18,2934.3,2941.17,9.58004834
2025-12-07 14:35,2942.51,2950.94,2940.17,2950.06,168.85843347,2942.08000000,2949.61000000,2939.94000000,2949.29000000,1085.84600000,2943.3,2950.3,2942.1,2950.3,7.801701329999999,2942.43,2949.48,2940.4,2948.4,314.13552,2941.18,2949.91,2940.56,2949.86,24.41796027
2025-12-07 14:36,2948.99,2958.9,2948.94,2957.79,127.42249066,2949.29000000,2958.50000000,2948.99000000,2957.34000000,1522.28340000,2950.5,2959.0,2950.5,2958.8,12.24983589,2948.4,2957.24,2948.4,2957.24,818.07275,2948.88,2958.82,2948.26,2958.82,209.07259196
2025-12-07 14:37,2957.5,2958.1,2948.14,2949.15,89.73115437,2957.34000000,2957.45000000,2948.11000000,2949.10000000,907.22450000,2954.3,2954.4,2950.3,2950.3,0.67199241,2957.24,2957.63,2948.08,2948.26,406.0668,2957.41,2957.84,2948.66,2948.9,23.16371261
2025-12-07 14:38,2949.3,2949.55,2945.79,2949.32,58.33133752,2949.11000000,2949.11000000,2945.19000000,2948.17000000,467.71760000,2950.2,2950.2,2946.6,2949.3,1.02599326,2948.26,2948.26,2945.5,2948.17,395.17098,2948.82,2949.38,2947.61,2948.3,8.43769641
2025-12-07 14:39,2948.54,2952.94,2947.61,2948.1,73.83991899,2948.17000000,2952.00000000,2947.14000000,2947.50000000,852.69920000,2948.7,2952.9,2948.7,2952.9,0.5243224099999999,2948.17,2951.99,2947.1,2948.08,469.61048,2948.72,2951.9,2948.0,2950.59,0.7548805199999999
2025-12-07 14:40,2947.8,2947.8,2939.63,2942.91,94.00347852,2947.50000000,2947.50000000,2938.54000000,2942.48000000,857.37030000,2948.3,2948.3,2940.9,2942.7,3.25297396,2948.08,2948.08,2938.96,2942.59,140.76583,2948.0,2948.0,2940.58,2942.47,57.960036290000005
2025-12-07 14:41,2942.84,2949.3,2942.17,2944.81,112.36866728,2942.48000000,2948.35000000,2941.59000000,2944.15000000,917.58880000,2943.8,2948.6,2943.8,2945.5,6.908924099999999,2942.59,2947.38,2942.04,2944.37,771.01708,2943.18,2948.28,2942.87,2945.49,8.05912277
2025-12-07 14:42,2944.44,2945.94,2942.03,2945.03,104.7319157,2944.14000000,2945.50000000,2942.09000000,2944.91000000,617.37510000,2945.4,2945.7,2944.3,2945.7,0.20600000000000002,2944.37,2945,2942.67,2944.91,472.20436,2945.28,2945.28,2942.95,2944.99,12.032074750000001
2025-12-07 14:43,2945.44,2949.53,2943.92,2949.01,58.53892451,2944.91000000,2948.50000000,2943.21000000,2948.47000000,742.87260000,2946.9,2948.8,2946.9,2948.8,0.30332000000000003,2944.91,2948.78,2942.97,2948.48,271.98681,2944.11,2946.29,2943.74,2946.29,52.91514034
2025-12-07 14:44,2949.05,2950.38,2947.49,2948.71,173.48281953,2948.48000000,2949.26000000,2946.94000000,2948.06000000,572.54760000,2949.8,2949.8,2948.7,2948.7,2.36069152,2948.48,2949.26,2946.93,2947.63,651.85894,2946.84,2949.44,2946.84,2947.77,7.17905283
2025-12-07 14:45,2948.55,2955.5,2947.97,2955.33,47.52063549,2948.06000000,2954.84000000,2947.17000000,2954.83000000,694.93700000,2949.2,2953.0,2949.2,2953.0,0.6159924099999999,2947.63,2954.52,2947.48,2954.48,312.06406,2947.88,2954.46,2947.88,2954.46,3.9418339000000002
2025-12-07 14:46,2955.38,2955.51,2945.94,2946.31,130.9922516,2954.83000000,2954.84000000,2945.24000000,2946.08000000,1186.04140000,2953.5,2954.8,2950.1,2950.1,18.69468259,2954.48,2954.5,2945.85,2946.94,821.47775,2954.46,2954.52,2947.25,2947.25,23.30169698
2025-12-07 14:47,2946.41,2946.75,2941.2,2943.35,113.51972625,2946.08000000,2946.18000000,2940.94000000,2943.18000000,654.69900000,2948.5,2948.5,2944.5,2944.7,1.3479848199999998,2946.94,2946.94,2941.18,2943.19,735.84833,2946.72,2946.72,2943.01,2943.97,0.16607204
2025-12-07 14:48,2943.61,2947.38,2942.61,2945.3,25.33376475,2943.19000000,2945.72000000,2942.00000000,2944.61000000,391.05550000,,,,,,2943.19,2945.54,2942.72,2944.51,295.59259,2944.68,2946.02,2944.68,2944.86,7.167279780000001
2025-12-07 14:49,2945.35,2955.89,2945.35,2953.5,97.75891649,2944.61000000,2955.00000000,2944.56000000,2952.34000000,1198.52850000,2946.6,2955.4,2946.6,2955.4,4.182939279999999,2944.51,2954.67,2944.51,2952.39,447.54615,2945.13,2954.55,2945.13,2954.03,52.3908349
2025-12-07 14:50,2953.51,2955.02,2951.99,2953.8,97.53563394,2952.34000000,2953.83000000,2950.99000000,2953.05000000,480.55830000,2954.1,2954.1,2954.1,2954.1,0.002,2952.39,2953.82,2951.34,2953.31,748.56112,2953.09,2953.09,2952.96,2952.97,1.97131556
2025-12-07 14:51,2953.81,2953.81,2949.1,2950.49,92.03459756,2953.05000000,2953.05000000,2948.03000000,2949.71000000,766.26940000,2953.8,2953.8,2951.2,2951.2,0.056898069999999995,2953.31,2953.31,2948.81,2949.71,568.14006,2952.97,2952.97,2949.33,2949.77,0.061958980000000004
2025-12-07 14:52,2950.5,2951.46,2948.25,2948.25,41.84858876,2949.71000000,2950.58000000,2947.04000000,2947.24000000,439.40700000,2951.1,2951.1,2950.9,2950.9,0.01057922,2949.71,2949.71,2947.21,2947.21,261.59182,2949.9,2949.9,2948.46,2949.39,10.40637235
2025-12-07 14:53,2948.13,2949.07,2943.61,2946.39,70.53560902,2947.23000000,2948.07000000,2942.86000000,2945.50000000,638.82430000,2950.8,2950.8,2945.5,2945.5,8.18903197,2947.21,2948.01,2943.86,2945.5,506.27168,2949.23,2949.23,2944.81,2945.79,2.68632998
2025-12-07 14:54,2946.67,2946.72,2942.1,2943.44,44.06336656,2945.50000000,2945.78000000,2941.22000000,2942.72000000,573.78990000,2944.7,2944.7,2944.0,2944.0,0.01377393,2945.5,2945.81,2942,2942,337.8831,2945.56,2945.79,2944.32,2944.34,1.28664044
2025-12-07 14:55,2943.43,2946.29,2943.39,2944.7,45.36665544,2942.73000000,2945.34000000,2942.46000000,2943.77000000,533.69050000,2946.0,2946.0,2946.0,2946.0,0.001,2942,2945.25,2942,2943.76,374.07485,2943.19,2944.0,2943.19,2944.0,0.30907802999999995
2025-12-07 14:56,2944.68,2944.8,2941.71,2944.2,51.82322349,2943.77000000,2943.78000000,2940.90000000,2942.93000000,427.43480000,2945.1,2945.1,2943.7,2943.7,0.34155857,2943.76,2943.78,2940.9,2942.37,290.75467,2943.61,2943.97,2943.61,2943.97,0.04646851
2025-12-07 14:57,2943.96,2945.09,2941.35,2942.25,97.90218853,2942.93000000,2943.96000000,2940.64000000,2941.31000000,506.83950000,2943.4,2943.4,2943.4,2943.4,0.002,2942.37,2944,2940.63,2941.86,379.93527,2943.01,2944.72,2941.12,2942.0,23.55853373
2025-12-07 14:58,2942.2,2946.66,2942.11,2945.7,92.14058256,2941.31000000,2945.16000000,2941.25000000,2944.75000000,462.22540000,2944.6,2946.4,2944.6,2946.4,2.18374413,2941.86,2945.16,2941.24,2944.75,368.38671,2942.3,2945.26,2942.29,2945.26,1.86106573
2025-12-07 14:59,2945.71,2945.82,2943.46,2944.2,78.77311599,2944.75000000,2944.77000000,2942.65000000,2942.65000000,551.31810000,2945.8,2945.8,2945.3,2945.3,0.24881139000000002,2944.75,2944.77,2942.63,2943.49,274.33235,2944.29,2945.23,2943.77,2944.97,16.21303196
2025-12-07 15:00,2943.9,2944.71,2940.99,2944.71,80.28057036,2942.65000000,2943.30000000,2940.00000000,2943.30000000,1125.08210000,2945.2,2945.2,2943.0,2943.0,0.63916,2943.49,2943.49,2940.01,2943.35,500.00806,2943.76,2943.76,2940.94,2941.88,7.86121638
2025-12-07 15:01,2944.54,2948.7,2943.59,2944.0,61.41248493,2943.36000000,2947.93000000,2943.16000000,2943.16000000,426.53920000,2944.8,2948.3,2944.8,2946.1,0.019999990000000002,2943.35,2946.12,2943.12,2943.16,552.18192,2941.88,2946.21,2941.88,2944.98,1.74320718
2025-12-07 15:02,2943.9,2947.56,2943.42,2943.9,87.298808,2943.16000000,2946.91000000,2942.89000000,2943.24000000,424.79160000,2945.8,2946.7,2945.5,2945.5,0.01518278,2943.16,2945.87,2942.9,2943.25,307.26941,2944.97,2946.1,2943.82,2943.82,0.11438562999999999
2025-12-07 15:03,2943.83,2943.88,2941.22,2942.08,68.84174509,2943.23000000,2943.24000000,2940.90000000,2941.43000000,442.20150000,2945.2,2945.2,2943.7,2943.7,0.024,2943.25,2943.25,2940.9,2941.46,304.96695,2943.82,2943.82,2941.52,2941.77,2.7435131200000002
2025-12-07 15:04,2942.25,2944.43,2941.0,2941.46,65.92828421,2941.44000000,2942.57000000,2940.34000000,2940.62000000,413.61100000,,,,,,2941.46,2942.58,2940.61,2940.61,243.52714,2942.14,2942.73,2942.14,2942.17,1.1791871999999999
2025-12-07 15:05,2941.32,2943.57,2941.1,2941.38,81.24720673,2940.62000000,2942.94000000,2940.61000000,2940.75000000,299.14420000,2943.6,2943.9,2943.5,2943.9,6.7919446599999995,2940.61,2942.6,2940.55,2941,149.67866,2942.16,2942.17,2940.9,2940.9,6.40551305
2025-12-07 15:06,2941.35,2950.74,2941.35,2947.9,220.00749345,2940.75000000,2950.01000000,2940.75000000,2947.35000000,729.66430000,2944.9,2950.2,2944.9,2950.2,15.620401150000001,2941,2949.45,2940.73,2947.36,561.2859,2941.23,2948.37,2941.23,2948.37,7.47455407
2025-12-07 15:07,2947.64,2965.74,2947.25,2955.7,176.26241957,2947.35000000,2964.70000000,2946.90000000,2954.87000000,1948.59330000,2951.5,2964.7,2951.5,2957.7,23.94105936,2947.36,2964.29,2946.8,2955.04,501.52165,2948.56,2963.51,2948.56,2958.16,88.67894806
2025-12-07 15:08,2955.71,2957.98,2950.39,2950.39,171.08354037,2954.86000000,2957.33000000,2950.00000000,2950.00000000,974.38870000,2955.8,2955.8,2954.0,2954.0,0.01,2955.04,2956.6,2952.74,2952.74,443.00431,2957.43,2957.94,2953.03,2953.03,5.64189208
2025-12-07 15:09,2950.2,2963.79,2950.0,2961.19,59.65281353,2950.00000000,2963.17000000,2949.06000000,2960.01000000,1022.61380000,2957.1,2963.2,2957.1,2963.2,0.26,2952.74,2963.43,2950,2960.02,366.85262,2951.95,2963.42,2951.89,2960.78,15.144072210000001
2025-12-07 15:10,2960.93,2965.45,2957.41,2960.59,375.77680637,2960.02000000,2979.51000000,2956.70000000,2959.95000000,3498.21500000,2963.4,2965.1,2958.5,2964.4,28.70272706,2960.02,2970,2956.7,2959.95,522.03381,2961.88,2964.71,2957.96,2960.5,174.09907633
2025-12-07 15:11,2960.46,2964.52,2958.16,2963.41,149.02392048,2959.96000000,2964.00000000,2957.30000000,2962.80000000,2412.67860000,2959.9,2964.5,2959.9,2964.5,0.02799155,2959.95,2962.88,2957.35,2962.88,751.79959,2962.25,2962.82,2958.2,2962.62,334.34058806999997
2025-12-07 15:12,2963.4,2976.71,2962.91,2973.17,208.09751918,2962.80000000,2976.46000000,2962.13000000,2972.23000000,5532.07380000,2964.7,2976.2,2964.7,2974.8,6.65684385,2962.88,2976.42,2962.88,2972.97,289.30548,2962.87,2975.0,2962.87,2974.99,14.71039523
2025-12-07 15:13,2972.6,2973.69,2962.8,2964.12,146.99308563,2972.23000000,2972.64000000,2962.28000000,2963.95000000,1693.77500000,2971.8,2971.8,2964.8,2964.8,1.94348123,2972.97,2972.97,2963.02,2963.84,1153.0472,2972.06,2972.26,2963.3,2964.77,63.37015703
2025-12-07 15:14,2964.22,2967.0,2961.9,2962.35,31.61777946,2963.96000000,2966.41000000,2960.99000000,2961.58000000,889.94310000,2964.2,2964.2,2963.6,2964.0,0.17151,2963.84,2966.45,2961.85,2961.91,600.41489,2964.77,2964.78,2962.98,2962.98,0.16027338000000002
2025-12-07 15:15,2962.2,2971.08,2961.61,2970.0,145.51317562,2961.58000000,2971.36000000,2961.01000000,2969.70000000,1489.36530000,2963.5,2968.3,2963.2,2968.3,5.79113975,2961.91,2969.85,2961.47,2969.29,442.21799,2962.98,2968.44,2962.98,2968.44,132.32704922
2025-12-07 15:16,2970.09,2970.09,2955.57,2957.32,222.92817058,2969.70000000,2969.71000000,2954.84000000,2957.02000000,1388.69090000,2963.9,2963.9,2958.1,2958.1,5.3653255699999995,2969.29,2969.29,2955.8,2956.36,940.46923,2969.16,2969.16,2956.53,2956.53,23.33204316
2025-12-07 15:17,2957.4,2959.04,2954.12,2955.24,176.27192594,2957.01000000,2958.75000000,2953.49000000,2954.63000000,612.38690000,2959.4,2959.4,2956.1,2956.1,10.14303109,2956.36,2958.03,2954.33,2954.33,124.78839,2958.08,2958.08,2954.25,2954.63,41.65886566
2025-12-07 15:18,2955.36,2957.09,2951.77,2956.27,95.28584786,2954.64000000,2956.66000000,2950.91000000,2954.42000000,645.06170000,2956.7,2956.7,2953.7,2954.3,35.79934361,2954.33,2956.12,2951.4,2954.84,564.37733,2956.24,2956.67,2954.13,2954.13,69.9478081
2025-12-07 15:19,2955.22,2956.19,2952.91,2953.6,27.85586425,2954.42000000,2955.80000000,2952.10000000,2952.69000000,428.36420000,,,,,,2954.84,2955.03,2952.1,2952.7,568.28272,2955.74,2956.14,2952.86,2953.5,73.47823833999999
2025-12-07 15:20,2953.81,2956.65,2952.76,2955.6,74.4005136,2952.70000000,2955.73000000,2951.95000000,2955.31000000,546.16280000,2956.1,2956.1,2956.1,2956.1,0.001,2952.7,2956.41,2952.7,2954.74,266.08598,2953.49,2954.04,2952.91,2954.04,2.78849926
2025-12-07 15:21,2955.75,2958.0,2955.46,2956.65,55.26320935,2955.30000000,2956.99000000,2954.50000000,2955.83000000,287.46910000,2957.1,2957.6,2956.8,2956.8,0.07455995,2954.74,2956.99,2954.74,2955.72,229.47534,2954.03,2956.24,2954.03,2955.59,0.38866843
2025-12-07 15:22,2956.7,2960.2,2956.7,2959.35,18.72342608,2955.84000000,2959.35000000,2955.84000000,2958.48000000,286.35290000,2957.8,2959.8,2957.8,2959.8,0.015,2955.72,2959.39,2955.72,2958.09,220.52343,2956.24,2958.61,2956.24,2958.6,0.24255258
2025-12-07 15:23,2959.11,2961.74,2958.13,2958.13,26.21250543,2958.50000000,2960.25000000,2957.10000000,2957.11000000,257.05450000,2960.0,2960.4,2960.0,2960.4,0.004,2958.09,2960.25,2957.44,2957.44,177.22806,2958.61,2959.71,2958.61,2959.59,0.20947919
2025-12-07 15:24,2958.01,2958.56,2955.91,2957.44,34.20200114,2957.10000000,2957.33000000,2955.10000000,2956.68000000,330.58380000,2958.6,2958.6,2957.7,2957.7,0.016,2957.44,2957.44,2955.1,2956.46,227.73036,2959.58,2959.58,2958.5,2958.5,5.04848728
2025-12-07 15:25,2957.49,2961.9,2957.19,2958.29,26.82607795,2956.69000000,2961.00000000,2956.54000000,2957.37000000,195.98040000,2958.9,2961.9,2958.9,2961.9,0.008,2956.46,2960.9,2956.46,2957.38,109.62916,2959.17,2960.79,2958.28,2958.28,3.5701731
2025-12-07 15:26,2958.29,2960.7,2957.63,2960.7,12.21174195,2957.37000000,2959.97000000,2956.91000000,2959.97000000,139.65550000,2959.3,2959.3,2959.3,2959.3,0.03312162,2957.38,2959.98,2956.98,2959.98,94.56056,2957.84,2958.55,2957.5,2958.55,19.00755249
2025-12-07 15:27,2960.85,2962.05,2960.19,2960.94,8.2905298,2959.96000000,2961.00000000,2959.32000000,2960.10000000,87.38840000,2961.8,2962.3,2961.6,2961.6,0.13,2959.98,2960.99,2959.32,2960.11,76.7556,2958.61,2960.31,2958.61,2960.31,1.70901696
2025-12-07 15:28,2960.7,2960.7,2956.42,2956.94,22.11903307,2960.09000000,2960.09000000,2955.42000000,2956.41000000,219.02000000,2960.8,2960.8,2958.7,2958.7,0.018000000000000002,2960.11,2960.11,2955.32,2956.43,153.18008,2960.17,2960.17,2956.91,2956.91,0.062206080000000004
2025-12-07 15:29,2957.1,2958.95,2954.58,2955.91,104.76103255,2956.41000000,2958.31000000,2953.57000000,2954.96000000,463.89720000,2958.4,2958.4,2955.1,2956.5,6.730828000000001,2956.43,2956.64,2954.05,2954.05,295.63246,2958.58,2958.58,2955.0,2955.0,2.35039873
2025-12-07 15:30,2955.71,2965.19,2955.16,2963.4,135.20858931,2954.97000000,2964.35000000,2954.41000000,2962.47000000,1346.13500000,2957.0,2963.6,2955.9,2963.6,0.40479992000000004,2954.05,2963.9,2954.05,2961.83,905.30575,2955.47,2963.33,2955.47,2963.3,2.94176419
2025-12-07 15:31,2963.44,2967.89,2962.06,2966.92,84.65863156,2962.46000000,2966.60000000,2961.00000000,2966.59000000,262.66720000,2965.2,2967.6,2965.2,2967.6,0.009000000000000001,2961.83,2966.25,2961.53,2965.38,190.26174,2963.29,2963.92,2962.83,2963.92,2.78139349
2025-12-07 15:32,2966.51,2967.3,2961.45,2962.94,108.83159513,2966.58000000,2966.63000000,2961.00000000,2962.62000000,383.45900000,2966.3,2966.3,2963.7,2963.7,5.63072612,2965.38,2966.52,2960.8,2962.68,313.00364,2965.09,2965.78,2963.01,2963.41,211.56224113
2025-12-07 15:33,2963.25,2965.11,2961.09,2965.11,28.4711057,2962.62000000,2965.00000000,2960.01000000,2964.93000000,282.56120000,2964.3,2964.9,2963.4,2964.9,0.784,2962.68,2964.03,2961.27,2963.95,186.26135,2963.41,2965.53,2962.43,2965.53,111.18001327000002
2025-12-07 15:34,2965.13,2972.35,2965.13,2971.2,29.40663039,2964.92000000,2972.02000000,2964.92000000,2970.02000000,336.71730000,2965.6,2971.1,2965.6,2971.1,0.013000000000000001,2963.95,2972,2963.95,2972,113.13997,2965.55,2970.02,2965.54,2970.02,301.94637186
2025-12-07 15:35,2971.05,2976.9,2969.1,2975.4,75.03658255,2970.02000000,2976.10000000,2968.56000000,2974.34000000,796.07380000,2973.0,2976.3,2973.0,2976.3,0.14577563,2972,2975.78,2968.92,2974.27,555.99746,2971.88,2976.18,2971.88,2974.94,2.0463894
2025-12-07 15:36,2975.4,2977.13,2973.01,2976.6,36.57741479,2974.35000000,2976.30000000,2972.15000000,2976.30000000,310.97060000,2975.9,2976.9,2975.9,2976.9,0.32935903,2974.27,2976.38,2973.25,2976.38,98.04209,2976.0,2976.85,2975.01,2976.85,79.11399202999999
2025-12-07 15:37,2976.82,2983.79,2975.56,2981.12,196.66154425,2976.30000000,2983.13000000,2974.73000000,2980.77000000,1046.17090000,2978.1,2984.4,2978.1,2983.3,4.81415123,2976.38,2981.79,2975,2980.19,680.35471,2976.86,2983.46,2976.86,2981.14,25.03537964
2025-12-07 15:38,2981.08,2983.55,2978.7,2982.7,76.56999038,2980.78000000,2982.33000000,2978.17000000,2981.94000000,682.17090000,2982.0,2982.0,2982.0,2982.0,0.19910798000000002,2980.19,2981.61,2978.41,2980.18,355.00106,2981.13,2982.17,2978.84,2980.9,127.73620436
2025-12-07 15:39,2982.06,2982.64,2971.51,2972.47,116.80874888,2981.93000000,2981.93000000,2970.67000000,2971.92000000,508.97650000,2980.2,2980.2,2974.0,2974.0,3.55744153,2980.18,2981.44,2971.52,2971.71,490.13808,2980.71,2981.31,2972.47,2972.47,23.49415079
2025-12-07 15:40,2972.59,2977.87,2971.64,2975.0,104.63109289,2971.92000000,2976.83000000,2970.63000000,2973.86000000,487.49920000,2976.3,2976.7,2976.3,2976.3,0.50156993,2971.71,2975.84,2971.55,2973.86,625.63858,2972.62,2976.37,2972.62,2974.85,8.843247550000001
2025-12-07 15:41,2974.8,2978.84,2974.8,2978.1,52.12799586,2973.86000000,2977.77000000,2973.86000000,2977.27000000,242.99840000,2977.8,2979.0,2977.8,2979.0,0.005932,2973.86,2977.32,2973.86,2976.81,165.1466,2975.73,2977.55,2975.73,2977.55,3.70936721
2025-12-07 15:42,2978.2,2981.95,2978.1,2978.24,100.50849111,2977.27000000,2981.42000000,2977.00000000,2977.00000000,260.36140000,2979.1,2980.5,2979.1,2980.5,5.59131041,2976.81,2981.42,2976.81,2976.98,185.51968,2977.56,2980.33,2977.56,2979.54,1.16276279
2025-12-07 15:43,2978.11,2978.11,2971.83,2971.83,127.75931469,2977.00000000,2977.00000000,2970.78000000,2970.79000000,950.07260000,2979.2,2979.2,2973.9,2973.9,0.034,2976.98,2977.01,2971.46,2972.03,656.90855,2979.55,2979.55,2975.47,2975.47,0.78986682
2025-12-07 15:44,2971.8,2974.05,2971.21,2973.59,21.92797307,2970.79000000,2973.22000000,2969.00000000,2972.76000000,960.58460000,2973.8,2973.8,2973.2,2973.2,0.01,2972.03,2973.26,2969.76,2972.56,681.09117,2973.59,2973.59,2973.0,2973.2,38.02915036
2025-12-07 15:45,2973.58,2973.58,2969.86,2970.3,87.43008684,2972.75000000,2972.76000000,2968.70000000,2969.66000000,592.07120000,2975.0,2975.3,2971.8,2973.5,1.6857854300000001,2972.56,2972.56,2969,2971.31,63.32526,2973.1,2973.11,2971.53,2971.53,7.35979306
2025-12-07 15:46,2970.99,2977.05,2970.99,2976.56,28.74073481,2969.67000000,2976.16000000,2969.67000000,2976.16000000,179.92290000,2974.7,2977.2,2974.7,2977.2,0.014,2971.31,2976.01,2971.23,2975.99,484.84975,2970.6,2974.15,2970.6,2974.15,8.22137288
2025-12-07 15:47,2976.94,2977.91,2975.96,2977.63,42.68306942,2976.15000000,2977.50000000,2975.19000000,2976.79000000,159.29240000,2977.3,2978.7,2977.3,2978.7,0.005,2975.99,2977.11,2975.22,2976.79,104.44018,2975.39,2977.43,2975.39,2977.43,0.86427471
2025-12-07 15:48,2977.64,2978.55,2972.51,2972.86,29.20086714,2976.79000000,2978.00000000,2971.94000000,2972.20000000,283.12750000,2977.1,2977.1,2975.3,2975.3,0.02,2976.79,2977.5,2972.82,2972.82,90.36791,2977.45,2978.77,2975.47,2975.47,1.11823588
2025-12-07 15:49,2973.11,2978.53,2973.11,2978.1,106.68890534,2972.19000000,2977.98000000,2972.19000000,2977.11000000,333.70970000,2975.2,2978.2,2975.2,2978.2,0.81599241,2972.82,2974.36,2972.82,2973.84,171.92703,2973.59,2977.89,2973.58,2977.89,92.34041605
2025-12-07 15:50,2978.07,2979.11,2977.35,2977.7,24.30508033,2977.11000000,2978.54000000,2976.66000000,2977.28000000,307.48680000,2979.0,2979.0,2979.0,2979.0,0.101,2973.84,2978.53,2973.84,2977.27,379.67395,2977.63,2978.95,2977.61,2977.89,1.75425717
2025-12-07 15:51,2977.89,2980.35,2977.74,2979.4,30.20719907,2977.28000000,2979.38000000,2977.26000000,2978.98000000,103.48880000,2979.9,2980.5,2979.9,2980.5,0.005,2977.27,2979.4,2977.26,2977.83,67.26096,2978.96,2979.02,2978.21,2979.02,0.75266231
2025-12-07 15:52,2979.45,2985.63,2979.45,2984.21,91.00421111,2978.99000000,2984.84000000,2978.68000000,2983.79000000,546.94640000,2980.8,2985.8,2980.8,2985.8,0.7924377499999999,2977.83,2983.71,2977.83,2983.66,246.12402,2979.54,2982.66,2979.54,2982.05,0.58161515
2025-12-07 15:53,2984.21,2989.02,2981.28,2989.02,61.80966312,2983.79000000,2988.56000000,2980.60000000,2988.30000000,692.53000000,2984.2,2989.0,2984.2,2989.0,1.4321739199999999,2983.66,2988.16,2980.59,2988.09,326.92514,2983.64,2987.1,2981.5,2987.1,32.87490298
2025-12-07 15:54,2988.99,3000.39,2988.65,2997.65,147.82454633,2988.30000000,2999.96000000,2988.29000000,2997.12000000,1515.85610000,2992.3,3000.2,2992.3,3000.2,15.42346171,2988.09,2999.43,2988.09,2995.82,618.53331,2988.39,2999.1,2988.39,2998.11,217.65289081
2025-12-07 15:55,2997.3,3033.61,2997.3,3023.11,571.0053077,2997.11000000,3035.26000000,2997.11000000,3021.41000000,6719.06200000,3001.3,3033.9,3001.3,3022.4,95.12811585,2995.82,3030.95,2995.82,3024.46,1083.69665,2998.26,3033.79,2998.26,3023.53,223.28825199
2025-12-07 15:56,3022.69,3024.59,3011.3,3012.01,181.47196407,3021.42000000,3023.96000000,3011.00000000,3011.57000000,3103.17750000,3024.0,3024.0,3014.1,3015.7,1.37453482,3024.46,3024.46,3011.34,3014.11,341.53512,3021.37,3023.41,3012.4,3015.04,31.74645111
2025-12-07 15:57,3012.0,3038.45,3011.29,3021.36,447.14605245,3011.57000000,3038.92000000,3010.51000000,3021.95000000,3463.82870000,3018.0,3039.0,3018.0,3022.3,93.91780169,3014.11,3039.01,3011,3021.31,1381.05768,3013.53,3040.24,3013.53,3020.52,62.22018356
2025-12-07 15:58,3021.9,3029.92,3018.9,3019.6,392.15686072,3021.96000000,3029.36000000,3019.54000000,3020.00000000,1329.23260000,3024.4,3029.7,3021.8,3022.1,44.77954657,3021.31,3029,3019.96,3020.03,741.64697,3020.6,3028.43,3020.22,3020.24,68.81746046
2025-12-07 15:59,3019.5,3033.71,3019.35,3026.89,230.38805929,3020.00000000,3033.28000000,3019.55000000,3027.01000000,1080.27130000,3023.3,3032.8,3023.3,3029.2,14.62875392,3020.03,3033,3020.03,3026.85,564.62396,3020.17,3032.26,3020.06,3026.97,24.318364719999998
2025-12-07 16:00,3027.3,3027.5,3016.15,3018.7,292.85504324,3027.00000000,3027.48000000,3016.16000000,3018.71000000,2154.53140000,3028.6,3028.8,3019.4,3022.4,13.92856836,3026.85,3026.95,3018.59,3018.79,929.08352,3027.94,3027.94,3018.47,3019.76,87.12561398
2025-12-07 16:01,3019.09,3022.43,3014.64,3014.99,230.45914254,3018.71000000,3022.77000000,3014.50000000,3015.00000000,1364.09330000,3020.5,3020.9,3017.2,3017.2,5.02083805,3018.79,3022.46,3014.67,3014.67,133.64923,3020.9,3020.9,3016.46,3016.46,0.9346723
2025-12-07 16:02,3015.09,3016.8,3011.79,3012.8,120.89118324,3014.99000000,3016.45000000,3011.41000000,3012.71000000,983.56890000,3017.2,3017.2,3015.1,3015.1,0.16176341,3014.67,3016.14,3011.6,3011.6,330.35234,3016.37,3016.37,3013.53,3013.53,3.65168917
2025-12-07 16:03,3012.61,3012.91,3007.2,3009.31,84.89540957,3012.71000000,3012.72000000,3005.73000000,3009.81000000,3523.45490000,3013.8,3013.8,3008.9,3009.7,4.95144585,3011.6,3012.48,3007.1,3008.15,351.68119,3013.52,3013.52,3008.64,3009.13,22.47560599
2025-12-07 16:04,3009.71,3011.9,3008.85,3009.6,63.59876522,3009.81000000,3012.00000000,3008.56000000,3009.15000000,931.29550000,3011.9,3012.7,3011.9,3012.7,0.10200000000000001,3008.15,3011.99,3008.15,3009.79,642.94715,3008.96,3010.96,3008.96,3009.97,6.0040901700000004
2025-12-07 16:05,3009.45,3013.4,3007.1,3012.29,59.31700838,3009.12000000,3012.45000000,3006.77000000,3012.13000000,424.11220000,3009.5,3013.8,3009.5,3013.8,0.006,3009.79,3012.41,3009.07,3012.12,143.64549,3009.77,3012.97,3008.64,3012.34,101.67484154
2025-12-07 16:06,3012.6,3012.9,3007.03,3007.52,32.97313819,3012.13000000,3012.90000000,3006.65000000,3006.65000000,242.64300000,3013.9,3013.9,3009.4,3009.4,0.12754885,3012.12,3012.12,3007.03,3007.07,293.85009,3011.5,3011.5,3008.53,3008.53,1.10929522
2025-12-07 16:07,3007.28,3009.58,3004.7,3005.88,127.92940032,3006.65000000,3009.49000000,3004.65000000,3005.62000000,245.61540000,3008.9,3008.9,3007.3,3007.4,0.11800000000000001,3007.07,3009.04,3004.56,3005.66,150.11024,3008.62,3009.39,3007.64,3007.64,0.13533572
2025-12-07 16:08,3005.55,3006.75,3003.33,3003.92,96.26152218,3005.60000000,3006.90000000,3002.90000000,3003.41000000,352.04370000,3007.0,3007.0,3007.0,3007.0,0.002,3005.66,3006.44,3003.45,3003.45,164.4153,3007.01,3007.01,3006.29,3006.29,0.25569764
2025-12-07 16:09,3003.65,3006.14,2999.85,3002.61,121.94500476,3003.41000000,3006.06000000,2999.63000000,3002.25000000,679.68140000,3005.9,3005.9,3004.0,3004.0,0.18171259,3003.45,3005.29,2999.13,3000.73,375.47828,3005.58,3005.83,3002.38,3002.38,3.48240815
2025-12-07 16:10,3002.7,3003.8,3000.3,3003.39,143.45861546,3002.22000000,3003.48000000,2999.92000000,3003.12000000,737.73290000,3003.5,3003.5,3002.8,3003.1,0.6310033500000001,3000.73,3003.14,3000.28,3002.99,170.41969,3002.71,3003.39,3002.51,3002.51,1.04102776
2025-12-07 16:11,3003.08,3007.14,3002.49,3003.89,46.08687638,3003.01000000,3005.88000000,3002.07000000,3003.71000000,485.87300000,3004.2,3006.7,3004.2,3006.7,15.005107839999999,3002.99,3005.79,3002.09,3003.4,837.2818,3004.1,3004.14,3002.89,3002.9,5.14155119
2025-12-07 16:12,3003.9,3011.24,3002.56,3009.5,81.71349765,3003.71000000,3010.20000000,3001.95000000,3009.26000000,556.93160000,3004.9,3011.0,3004.6,3011.0,1.14959411,3003.4,3009.94,3001.96,3009.94,199.65046,3003.64,3010.2,3003.64,3010.2,4.5637781
2025-12-07 16:13,3009.61,3013.36,3006.0,3006.0,138.48462865,3009.26000000,3012.37000000,3005.29000000,3005.30000000,830.65580000,3011.3,3012.7,3008.2,3008.2,0.87261172,3009.94,3012.03,3006.5,3006.7,851.50281,3009.53,3010.87,3007.93,3007.93,51.71705507
2025-12-07 16:14,3005.92,3007.41,3003.95,3006.69,76.08187017,3005.30000000,3006.85000000,3002.85000000,3006.31000000,291.71340000,3007.9,3007.9,3006.7,3006.7,0.01,3006.7,3006.85,3003.3,3006.32,183.35261,3007.2,3007.2,3005.66,3006.52,85.36815466
2025-12-07 16:15,3006.69,3008.8,3001.64,3008.29,118.2574336,3006.32000000,3008.11000000,3000.81000000,3008.01000000,352.03930000,3008.0,3009.3,3003.6,3009.3,0.036000000000000004,3006.32,3008.04,3002.83,3008.02,194.47514,3006.52,3008.64,3004.07,3008.64,0.34438735
2025-12-07 16:16,3008.29,3011.27,3007.35,3010.09,48.07260563,3008.02000000,3010.38000000,3006.89000000,3009.60000000,379.11800000,3009.6,3010.9,3009.6,3010.9,0.004,3008.02,3010.39,3007.69,3009.6,316.97139,3008.13,3010.0,3008.13,3010.0,0.46000087
2025-12-07 16:17,3010.12,3012.39,3008.25,3011.99,76.99182512,3009.59000000,3011.74000000,3009.43000000,3011.45000000,227.56360000,3011.2,3011.8,3011.2,3011.8,0.003,3009.6,3011.45,3009.4,3011.45,154.88771,3010.0,3010.0,3009.99,3010.0,1.11639788
2025-12-07 16:18,3011.85,3026.11,3011.44,3018.62,259.9543799,3011.45000000,3024.43000000,3011.03000000,3018.00000000,2864.02780000,3012.5,3024.6,3012.5,3024.6,6.2684595199999995,3011.45,3020.62,3011.28,3018.01,58.33798,3010.0,3022.55,3010.0,3019.83,14.29609295
2025-12-07 16:19,3018.28,3024.02,3015.9,3018.55,306.36729734,3018.00000000,3023.83000000,3015.06000000,3017.71000000,1651.71530000,3018.5,3023.6,3018.5,3022.1,47.42572519,3018.01,3022.48,3015.89,3020,461.57815,3019.82,3023.04,3017.03,3021.2,89.78917569000001
2025-12-07 16:20,3018.58,3021.74,3017.4,3019.93,69.56642788,3017.71000000,3020.88000000,3016.77000000,3019.03000000,481.53030000,3019.7,3021.8,3019.4,3021.8,0.05276565,3020,3020.29,3017.6,3019.03,909.70183,3019.82,3019.82,3018.44,3019.82,5.55650218
2025-12-07 16:21,3019.82,3021.99,3018.36,3018.36,42.70763621,3019.04000000,3022.01000000,3017.68000000,3017.68000000,1185.96660000,3020.7,3020.9,3020.2,3020.2,0.3815,3019.03,3021.93,3018,3018,748.88529,3019.82,3019.83,3019.82,3019.83,28.19795753
2025-12-07 16:22,3018.36,3020.18,3016.55,3019.42,20.04659443,3017.68000000,3019.37000000,3016.17000000,3018.53000000,284.37150000,3019.9,3019.9,3018.9,3018.9,0.008,3018,3019.37,3016.21,3018.79,257.77477,3019.82,3019.82,3018.44,3019.22,3.46094664
2025-12-07 16:23,3019.05,3019.6,3017.43,3018.09,11.66553798,3018.53000000,3019.11000000,3017.62000000,3017.64000000,319.54020000,3020.9,3020.9,3020.9,3020.9,0.05,3018.79,3019.02,3017.61,3017.83,238.66942,3019.23,3019.23,3018.43,3018.5,0.3184145
2025-12-07 16:24,3018.08,3018.08,3014.34,3016.49,73.4709418,3017.63000000,3017.63000000,3014.05000000,3016.15000000,362.45470000,3018.8,3018.8,3017.4,3017.4,10.26613894,3017.83,3017.83,3014.05,3016.15,258.08199,3018.49,3018.49,3014.9,3015.38,15.28360299
2025-12-07 16:25,3016.5,3017.31,3015.16,3015.3,44.71497702,3016.15000000,3016.90000000,3014.36000000,3014.63000000,1099.85980000,,,,,,3016.15,3016.88,3014.5,3014.62,161.66351,3015.39,3015.39,3015.38,3015.38,0.051806410000000004
2025-12-07 16:26,3015.16,3015.99,3013.54,3015.53,49.85152732,3014.62000000,3015.44000000,3013.00000000,3015.06000000,232.68520000,3017.3,3017.3,3016.3,3016.3,0.01,3014.62,3015.45,3013.03,3015.07,764.62827,3014.68,3014.98,3014.02,3014.87,0.07978015
2025-12-07 16:27,3015.6,3017.54,3015.45,3017.3,24.29179383,3015.06000000,3017.17000000,3015.04000000,3016.90000000,84.23270000,3017.5,3017.9,3017.1,3017.9,1.17256,3015.07,3016.91,3015.02,3016.91,49.56893,3014.87,3016.74,3014.86,3016.74,17.391020049999998
2025-12-07 16:28,3017.55,3017.9,3016.96,3017.55,28.92412743,3016.91000000,3017.21000000,3016.54000000,3016.93000000,45.63660000,,,,,,3016.91,3017.22,3016.53,3016.94,45.06906,3016.74,3016.74,3016.74,3016.74,0.00454739
2025-12-07 16:29,3017.58,3018.01,3017.09,3017.7,6.54795393,3016.93000000,3017.42000000,3016.93000000,3017.19000000,35.61910000,3018.2,3018.6,3018.2,3018.6,0.003,3016.94,3017.41,3016.92,3017.19,23.80233,3016.75,3017.75,3016.75,3017.6,0.92610056
2025-12-07 16:30,3017.69,3019.84,3016.95,3019.84,22.13544419,3017.18000000,3019.49000000,3016.92000000,3019.49000000,413.42070000,3018.7,3020.0,3018.7,3020.0,0.013000000000000001,3017.19,3019.19,3016.92,3019.19,288.13242,3017.08,3019.23,3016.8,3019.23,1.19931489
2025-12-07 16:31,3019.84,3020.27,3015.0,3015.61,36.4639288,3019.49000000,3019.79000000,3014.53000000,3015.40000000,320.22820000,3018.5,3018.5,3017.2,3017.2,0.018000000000000002,3019.19,3019.8,3014.53,3015.4,224.5152,3019.25,3019.25,3016.75,3016.75,0.0593262
2025-12-07 16:32,3015.75,3016.94,3011.15,3011.55,26.78268953,3015.40000000,3016.84000000,3010.69000000,3011.05000000,344.64780000,3017.1,3017.1,3012.6,3012.6,0.07400000000000001,3015.4,3015.41,3010.67,3011.07,190.50603,3016.76,3016.76,3013.24,3013.24,5.16500875
2025-12-07 16:33,3011.54,3017.97,3011.54,3017.21,27.53995922,3011.05000000,3018.06000000,3011.05000000,3016.86000000,234.70180000,3015.4,3017.5,3015.4,3017.5,0.007,3011.07,3016.87,3011.05,3016.87,119.94472,3013.15,3015.04,3012.68,3015.04,0.02948949
2025-12-07 16:34,3017.42,3018.02,3013.22,3015.09,53.1718042,3016.86000000,3017.26000000,3013.47000000,3014.45000000,507.40330000,3017.8,3017.8,3017.8,3017.8,0.001,3016.87,3017.01,3013.48,3014.59,454.21544,3015.39,3015.76,3014.58,3015.17,0.76037638
2025-12-07 16:35,3015.0,3015.6,3013.94,3014.76,12.78737916,3014.45000000,3014.98000000,3013.47000000,3014.27000000,324.30520000,,,,,,3014.59,3014.83,3013.46,3014.27,227.15301,3014.57,3014.57,3014.57,3014.57,0.0061591
2025-12-07 16:36,3014.78,3022.2,3014.66,3020.49,39.31925428,3014.27000000,3021.78000000,3014.25000000,3020.43000000,538.45230000,3018.5,3023.3,3018.5,3023.3,0.62719999,3014.27,3021.49,3014.24,3021.49,62.98317,3014.56,3021.56,3014.56,3021.56,8.38156582
2025-12-07 16:37,3020.4,3020.4,3017.44,3018.15,15.22899291,3020.44000000,3020.44000000,3017.56000000,3018.17000000,159.05650000,3021.0,3021.0,3020.4,3020.4,0.006,3021.49,3021.49,3017.56,3017.82,428.60671,3019.85,3019.85,3019.77,3019.78,1.15112663
2025-12-07 16:38,3018.45,3020.39,3018.31,3018.91,9.54046002,3018.17000000,3019.50000000,3017.78000000,3018.13000000,293.44990000,,,,,,3017.82,3019.51,3017.82,3018.13,205.82401,3019.78,3019.78,3019.78,3019.78,0.00703926
2025-12-07 16:39,3018.9,3020.25,3018.01,3020.1,46.43971035,3018.13000000,3019.94000000,3017.27000000,3019.39000000,144.88520000,,,,,,3018.13,3019.96,3017.51,3019.96,91.89949,3019.78,3019.96,3019.78,3019.96,0.031930429999999996
2025-12-07 16:40,3019.9,3020.25,3015.1,3015.9,60.7799465,3019.39000000,3019.51000000,3014.61000000,3015.55000000,394.44210000,3019.4,3019.4,3017.5,3017.5,3.8200000000000003,3019.96,3019.96,3014.62,3015.57,258.3404,3019.78,3019.78,3017.1,3017.1,0.48239869
2025-12-07 16:41,3016.05,3016.97,3013.9,3015.75,47.37912813,3015.54000000,3016.20000000,3013.47000000,3015.07000000,370.60440000,3015.6,3017.1,3015.1,3017.1,0.20500000000000002,3015.57,3016.04,3013.48,3014.9,266.9675,3017.09,3017.09,3015.54,3015.56,0.3320804
2025-12-07 16:42,3015.61,3016.89,3014.1,3016.89,10.2578562,3015.07000000,3016.32000000,3013.75000000,3016.31000000,127.49700000,,,,,,3014.9,3016.31,3013.74,3016.3,83.35105,3015.44,3015.44,3014.1,3014.75,0.71517121
2025-12-07 16:43,3016.94,3020.29,3016.94,3019.0,20.77707475,3016.31000000,3020.01000000,3016.31000000,3019.09000000,1392.45970000,3018.0,3020.5,3018.0,3020.5,0.008,3016.3,3020.05,3016.3,3019.07,986.6803,3014.76,3019.51,3014.76,3019.51,6.7253811400000005
2025-12-07 16:44,3019.04,3020.59,3018.54,3018.54,18.71514444,3019.09000000,3021.01000000,3018.12000000,3018.12000000,873.04210000,3020.3,3020.8,3020.3,3020.8,0.101,3019.07,3019.95,3018.11,3018.13,609.38471,3018.99,3019.36,3018.99,3019.34,0.1450476
2025-12-07 16:45,3018.45,3018.45,3016.44,3016.71,18.6823442,3018.12000000,3018.13000000,3016.51000000,3016.53000000,353.94540000,,,,,,3018.13,3018.13,3016.51,3016.54,247.72458,3018.08,3018.08,3018.08,3018.08,0.00565591
2025-12-07 16:46,3016.88,3018.0,3016.88,3017.8,5.58661794,3016.54000000,3017.45000000,3016.53000000,3017.44000000,134.29380000,,,,,,3016.54,3017.45,3016.53,3017.02,81.46355,3018.02,3018.02,3017.51,3017.51,1.34514722
2025-12-07 16:47,3017.84,3018.0,3014.85,3015.01,10.66180395,3017.45000000,3017.45000000,3014.38000000,3014.53000000,544.19450000,3018.9,3018.9,3017.6,3017.6,0.014,3017.02,3017.45,3014.35,3014.53,392.87655,3017.09,3017.09,3014.56,3014.56,0.34261429
2025-12-07 16:48,3015.24,3016.04,3014.55,3014.71,10.13125124,3014.53000000,3015.62000000,3014.11000000,3014.25000000,296.01750000,3017.4,3017.4,3017.3,3017.3,0.004,3014.53,3015.51,3014.08,3014.26,207.78488,3014.89,3014.89,3014.89,3014.89,0.01914992
2025-12-07 16:49,3014.7,3016.04,3013.8,3015.46,25.59799227,3014.25000000,3016.05000000,3013.69000000,3015.14000000,358.56860000,3017.1,3017.1,3017.0,3017.0,0.004,3014.26,3015.54,3013.93,3015.27,188.17994,3014.89,3014.89,3014.89,3014.89,0.56233382
2025-12-07 16:50,3015.45,3016.79,3015.01,3016.0,10.84225194,3015.13000000,3016.34000000,3014.42000000,3015.62000000,63.32820000,,,,,,3015.27,3016.34,3014.44,3015.61,51.24612,3014.57,3014.89,3014.57,3014.89,0.17379251
2025-12-07 16:51,3016.0,3019.8,3015.98,3019.43,19.58236489,3015.61000000,3019.02000000,3015.61000000,3018.76000000,239.47810000,3017.6,3020.2,3017.6,3020.2,1.0565524099999999,3015.61,3019.02,3015.61,3018.76,167.63045,3014.89,3017.08,3014.89,3017.08,8.94870623
2025-12-07 16:52,3019.3,3019.3,3016.15,3016.19,9.90628389,3018.75000000,3018.76000000,3015.71000000,3015.82000000,286.62170000,,,,,,3018.76,3018.76,3015.81,3015.82,198.39785,3017.09,3017.86,3016.89,3016.93,0.68779692
2025-12-07 16:53,3016.3,3016.81,3014.0,3014.41,27.46477543,3015.81000000,3016.35000000,3013.82000000,3013.90000000,326.03040000,3017.5,3017.5,3016.9,3016.9,0.006,3015.82,3016.35,3013.81,3013.92,230.47324,3015.96,3015.96,3014.89,3014.89,0.17440568
2025-12-07 16:54,3014.4,3015.75,3014.26,3015.75,17.84317735,3013.91000000,3015.47000000,3013.90000000,3015.47000000,51.10330000,,,,,,3013.92,3015.04,3013.9,3015.04,26.6247,3014.88,3015.32,3014.88,3015.32,0.6044762100000001
2025-12-07 16:55,3015.89,3018.29,3014.53,3018.29,28.39365004,3015.49000000,3017.78000000,3014.45000000,3017.78000000,217.67400000,3018.2,3018.8,3018.2,3018.8,0.005,3015.04,3017.79,3014.42,3017.78,149.41073,3016.11,3016.17,3016.11,3016.11,3.24585599
2025-12-07 16:56,3018.29,3021.3,3017.49,3021.3,20.51414864,3017.78000000,3021.00000000,3017.07000000,3021.00000000,189.40390000,3019.1,3020.8,3019.1,3020.8,0.009000000000000001,3017.78,3020.71,3017.07,3020.71,101.0675,3016.11,3017.83,3016.11,3017.83,4.34270088
2025-12-07 16:57,3021.36,3027.29,3021.36,3026.97,55.47385214,3021.00000000,3026.74000000,3021.00000000,3026.74000000,678.86920000,3021.7,3026.9,3021.7,3026.9,10.18482253,3020.71,3026.76,3020.71,3026.75,423.10558,3018.6,3024.93,3018.6,3024.93,10.28705765
2025-12-07 16:58,3026.79,3032.4,3024.94,3029.7,89.93900338,3026.74000000,3032.00000000,3024.86000000,3029.60000000,885.79850000,3027.2,3029.2,3027.2,3029.2,1.38636653,3026.75,3031.99,3024.93,3029.08,454.62999,3025.0,3030.09,3025.0,3029.14,101.05120889999999
2025-12-07 16:59,3030.0,3040.33,3030.0,3040.19,302.13496962,3029.53000000,3040.50000000,3029.52000000,3039.97000000,1889.59540000,3032.4,3040.8,3032.4,3040.8,0.77261259,3029.08,3040.16,3029.08,3039.59,1039.64543,3029.69,3040.08,3029.69,3040.08,10.96146068
2025-12-07 17:00,3040.4,3044.13,3034.46,3036.75,261.29568388,3039.98000000,3043.00000000,3033.97000000,3036.73000000,1067.32380000,3042.1,3044.5,3035.3,3035.3,1.36210623,3039.59,3042.36,3034.53,3037.29,228.84891,3039.95,3042.36,3034.35,3035.57,25.32945101
2025-12-07 17:01,3036.89,3036.89,3025.08,3026.8,233.47865299,3036.73000000,3036.73000000,3025.01000000,3026.40000000,1949.37630000,3034.4,3034.4,3027.6,3027.6,3.04506964,3037.29,3037.29,3025.26,3026.4,1007.18651,3035.26,3035.26,3026.14,3026.14,21.60094446
2025-12-07 17:02,3026.6,3036.75,3025.88,3033.95,70.24403543,3026.40000000,3036.66000000,3025.82000000,3034.00000000,917.53070000,3028.1,3035.4,3028.1,3035.4,3.05915446,3026.4,3035.92,3026.4,3033.33,304.75812,3026.71,3034.33,3026.71,3034.33,6.1237206
2025-12-07 17:03,3034.41,3037.1,3031.28,3034.21,25.08248457,3034.01000000,3037.00000000,3030.60000000,3033.31000000,348.56060000,3035.7,3035.7,3034.1,3034.1,0.01354,3033.33,3035.39,3030.78,3032.53,554.06895,3035.22,3037.17,3033.08,3033.09,11.858191519999998
2025-12-07 17:04,3033.94,3037.65,3033.94,3036.19,35.52461853,3033.32000000,3037.48000000,3033.32000000,3035.75000000,344.35040000,3035.8,3037.6,3035.8,3037.6,0.008,3032.53,3037.35,3032.53,3035.76,273.82606,3034.18,3036.01,3034.18,3036.01,0.08267849
2025-12-07 17:05,3035.9,3037.8,3033.03,3033.3,34.85935343,3035.75000000,3037.76000000,3032.35000000,3032.70000000,506.38410000,3035.5,3035.5,3035.5,3035.5,0.0147,3035.76,3035.76,3033.06,3033.57,319.45391,3036.01,3036.01,3035.27,3035.27,30.173519199999998
2025-12-07 17:06,3033.31,3037.2,3032.7,3036.46,40.22066719,3032.70000000,3037.09000000,3032.19000000,3035.80000000,349.65100000,3035.2,3037.4,3035.0,3037.4,16.02198482,3033.57,3036.51,3032.67,3036.46,237.12942,3035.27,3035.27,3034.94,3034.94,2.96394629
2025-12-07 17:07,3036.45,3036.75,3030.41,3034.32,90.76097544,3035.78000000,3036.58000000,3030.03000000,3033.94000000,562.03240000,3035.8,3035.8,3033.3,3033.3,3.8000000000000003,3036.46,3036.6,3030.03,3034.1,454.94968,3036.31,3036.77,3031.97,3032.62,5.14021225
2025-12-07 17:08,3034.51,3037.58,3033.29,3035.27,30.29988614,3033.94000000,3037.43000000,3032.64000000,3034.74000000,395.23030000,3035.5,3036.2,3035.5,3036.2,0.008,3034.1,3035.65,3033.11,3034.45,249.76761,3033.09,3035.27,3033.09,3035.03,0.76671704
2025-12-07 17:09,3035.26,3035.28,3030.59,3031.3,122.67086186,3034.74000000,3034.74000000,3030.17000000,3030.67000000,488.39080000,3034.9,3034.9,3033.2,3033.5,1.21379702,3034.45,3034.76,3030.23,3030.67,371.84406,3034.49,3034.49,3031.98,3032.18,0.95331231
2025-12-07 17:10,3031.09,3033.01,3031.0,3031.88,16.51949738,3030.66000000,3032.30000000,3030.66000000,3031.30000000,126.51220000,,,,,,3030.67,3032.31,3030.67,3031.78,58.06003,3032.18,3032.18,3031.11,3031.86,1.1348119399999999
2025-12-07 17:11,3031.81,3038.62,3031.81,3037.9,85.68985831,3031.29000000,3037.95000000,3031.13000000,3037.94000000,395.29880000,3034.8,3038.0,3034.8,3038.0,0.057,3031.78,3037.94,3031.11,3037.67,239.491,3033.0,3035.55,3033.0,3035.55,0.26690565
2025-12-07 17:12,3038.08,3042.35,3037.0,3041.86,52.02984946,3037.95000000,3041.89000000,3037.26000000,3041.66000000,420.24210000,3040.0,3043.2,3040.0,3043.2,0.168,3037.67,3042,3037.5,3042,258.52872,3035.55,3040.25,3035.55,3040.24,2.5874853399999997
2025-12-07 17:13,3042.18,3045.01,3038.16,3039.55,167.36688512,3041.66000000,3044.40000000,3037.62000000,3039.01000000,505.37000000,3043.5,3043.8,3040.3,3040.3,0.10400000000000001,3042,3044,3037.76,3039.31,432.64599,3040.25,3042.88,3040.0,3040.01,15.88184806
2025-12-07 17:14,3039.46,3040.65,3035.35,3040.29,89.98040967,3039.01000000,3040.42000000,3035.12000000,3039.70000000,500.98570000,3040.1,3040.6,3036.9,3040.6,1.65195882,3039.31,3040.1,3035.6,3039.7,349.76842,3040.17,3040.18,3037.25,3038.49,3.7246298600000003
2025-12-07 17:15,3040.28,3043.95,3038.92,3043.21,41.81454374,3039.71000000,3043.58000000,3039.36000000,3042.95000000,511.40040000,3040.7,3043.2,3040.7,3043.2,0.054,3039.7,3043.6,3039.7,3042.93,309.41341,3038.49,3042.88,3038.49,3042.88,0.27911790999999997
2025-12-07 17:16,3043.27,3063.17,3043.27,3059.77,482.60943606,3042.96000000,3062.50000000,3042.95000000,3060.43000000,3870.19830000,3043.9,3064.0,3043.9,3060.1,38.05965057,3042.93,3061.74,3042.93,3058.48,409.88054,3042.88,3061.76,3042.88,3057.81,126.54675435
2025-12-07 17:17,3060.47,3062.92,3056.37,3059.4,127.80260563,3060.44000000,3062.75000000,3056.04000000,3059.00000000,624.85700000,3059.7,3062.1,3058.3,3061.0,0.04037955,3058.48,3062.74,3058,3059.2,107.54929,3060.19,3061.04,3059.04,3060.18,9.89131268
2025-12-07 17:18,3058.77,3079.7,3057.5,3076.8,520.30186323,3059.01000000,3077.75000000,3057.47000000,3077.01000000,3719.43980000,3060.2,3086.2,3060.0,3077.6,31.80761528,3059.2,3077.55,3058.61,3074.4,875.72525,3060.18,3077.27,3059.63,3075.33,363.41995424
2025-12-07 17:19,3077.09,3081.79,3066.71,3070.6,1924.84017531,3077.01000000,3081.47000000,3066.44000000,3070.70000000,3383.97010000,3079.2,3082.9,3067.4,3069.0,268.48709028,3074.4,3080,3067.13,3070.38,113.51929,3076.62,3078.22,3068.3,3070.41,182.49426657
2025-12-07 17:20,3070.95,3076.95,3066.6,3075.6,155.29520703,3070.73000000,3076.52000000,3066.10000000,3075.00000000,825.44480000,3070.9,3075.8,3068.0,3075.4,0.91248062,3070.38,3076.13,3067.06,3076.13,66.24226,3070.67,3074.95,3068.3,3074.95,11.39846155
2025-12-07 17:21,3075.46,3078.66,3071.11,3078.3,83.17361158,3075.01000000,3078.81000000,3070.74000000,3078.19000000,479.10290000,3075.5,3078.0,3073.0,3078.0,0.5239,3076.13,3078.19,3070.96,3078.19,434.90653,3073.94,3078.16,3071.08,3076.71,98.32096593
2025-12-07 17:22,3078.41,3082.71,3076.12,3080.65,114.21895275,3078.19000000,3082.28000000,3075.50000000,3079.72000000,1279.78110000,3079.1,3084.2,3077.7,3084.2,10.30555571,3078.19,3080.81,3076.41,3080.39,417.72355,3078.27,3081.4,3075.38,3079.8,25.57355283
2025-12-07 17:23,3080.26,3089.49,3076.01,3089.49,245.83240489,3079.73000000,3089.53000000,3075.50000000,3089.53000000,1807.12000000,3083.8,3089.0,3078.3,3089.0,9.88189972,3080.39,3089,3075.53,3089,291.77895,3081.46,3087.27,3077.57,3087.27,34.84837199
2025-12-07 17:24,3089.69,3100.0,3089.37,3092.74,373.13395324,3089.53000000,3099.00000000,3089.03000000,3092.38000000,5674.59520000,3091.0,3101.0,3091.0,3094.3,63.77600315,3089,3098.59,3089,3095.73,1860.35399,3088.02,3097.52,3088.02,3093.0,77.0596746
2025-12-07 17:25,3093.08,3099.65,3091.51,3095.41,59.62000519,3092.39000000,3098.50000000,3090.32000000,3095.20000000,909.90890000,3094.9,3097.4,3093.6,3093.6,1.72308405,3095.73,3098.09,3090.77,3094.51,128.99752,3092.42,3096.19,3092.42,3092.66,8.70313972
2025-12-07 17:26,3095.7,3096.9,3092.41,3096.05,55.77002098,3095.20000000,3096.60000000,3091.50000000,3095.33000000,498.26550000,3096.0,3097.3,3094.2,3094.2,0.99561,3094.51,3094.72,3092.17,3094.72,489.18008,3093.5,3094.39,3092.67,3094.02,0.75964071
2025-12-07 17:27,3095.71,3095.93,3091.81,3094.08,22.77542562,3095.33000000,3095.33000000,3090.63000000,3093.87000000,230.71910000,3094.5,3094.5,3093.9,3094.1,5.5,3094.72,3095.31,3091.2,3093.04,498.16849,3094.01,3096.09,3092.21,3093.08,18.87216184
2025-12-07 17:28,3094.2,3105.0,3092.25,3101.69,182.1427736,3093.88000000,3105.63000000,3091.82000000,3101.30000000,2522.74710000,3095.4,3103.3,3095.4,3103.3,2.48815,3093.04,3103.92,3091.81,3099.58,502.99351,3092.75,3103.0,3092.3,3101.15,557.06033038
2025-12-07 17:29,3101.59,3106.68,3100.2,3105.3,93.53121277,3101.30000000,3105.90000000,3099.75000000,3104.31000000,910.30750000,3104.5,3105.8,3103.6,3105.8,0.03268663,3099.58,3105,3099.58,3105,770.85027,3101.57,3106.52,3101.14,3106.52,33.906247539999995
2025-12-07 17:30,3104.79,3121.6,3104.79,3114.3,319.69616524,3104.31000000,3120.93000000,3104.31000000,3113.37000000,4440.71800000,3107.2,3122.7,3107.2,3117.1,10.5920973,3105,3120.66,3105,3115.88,618.3092,3104.8,3121.53,3104.8,3113.32,35.44961612
2025-12-07 17:31,3114.0,3117.45,3110.37,3110.8,115.68921107,3113.38000000,3117.35000000,3109.58000000,3110.70000000,897.45670000,3115.4,3116.8,3112.0,3112.0,0.6510095899999999,3115.88,3116.75,3110,3110.01,510.95432,3113.26,3116.84,3111.88,3111.88,8.11439334
2025-12-07 17:32,3111.02,3112.43,3108.31,3111.67,165.30013376,3110.71000000,3112.04000000,3107.78000000,3111.49000000,580.88130000,3110.5,3112.0,3110.2,3112.0,3.0095,3110.01,3111.75,3107.79,3111.49,211.43828,3111.88,3111.88,3108.94,3111.37,13.91798215
2025-12-07 17:33,3111.66,3120.0,3111.66,3119.89,47.15838466,3111.49000000,3119.62000000,3111.49000000,3119.48000000,440.93380000,3112.8,3119.7,3112.8,3119.5,14.506211290000001,3111.49,3119.79,3111.49,3119.49,471.27945,3110.76,3118.11,3110.76,3118.11,20.89677085
2025-12-07 17:34,3119.89,3126.72,3116.87,3124.29,227.94532802,3119.48000000,3126.00000000,3117.16000000,3124.00000000,1239.82310000,3119.8,3127.2,3118.4,3126.1,5.33921954,3119.49,3125.78,3117.59,3124.17,631.73195,3118.11,3125.0,3117.59,3124.19,17.70283309
2025-12-07 17:35,3124.3,3133.7,3123.53,3133.2,258.05570554,3124.00000000,3133.33000000,3123.23000000,3132.81000000,1780.60790000,3126.3,3132.9,3126.3,3132.9,23.29153018,3124.17,3132.76,3123.12,3132.76,717.70359,3124.05,3131.25,3123.92,3131.25,228.34760264
2025-12-07 17:36,3133.25,3134.93,3114.9,3116.58,390.64205901,3132.81000000,3134.57000000,3113.79000000,3116.08000000,3040.05860000,3133.4,3133.4,3116.3,3118.0,37.75153109,3132.76,3133.55,3114.52,3115.41,245.36151,3131.67,3134.32,3114.98,3115.77,175.44653639
2025-12-07 17:37,3116.38,3117.39,3111.89,3114.19,275.29876992,3116.09000000,3117.23000000,3112.50000000,3114.54000000,1076.21490000,3116.0,3117.4,3114.7,3116.3,5.95776288,3115.41,3116.34,3113.64,3115.74,594.19885,3115.63,3115.91,3113.07,3114.43,27.00449568
2025-12-07 17:38,3115.09,3117.29,3110.75,3111.84,126.27775212,3114.54000000,3116.88000000,3110.43000000,3111.10000000,731.17560000,3115.1,3117.8,3111.9,3113.2,19.79881747,3115.74,3116.56,3111.22,3112.5,421.22484,3114.43,3115.91,3110.89,3113.47,4.68315422
2025-12-07 17:39,3111.86,3119.1,3111.3,3113.1,88.19380098,3111.10000000,3118.99000000,3110.74000000,3112.69000000,472.80290000,3117.2,3118.8,3114.8,3114.8,10.78121857,3112.5,3118.98,3111.47,3112.06,257.50976,3113.47,3116.9,3111.82,3111.82,108.61723116000002
2025-12-07 17:40,3113.1,3116.1,3112.39,3115.2,37.25540174,3112.69000000,3115.85000000,3112.06000000,3114.54000000,437.69740000,3116.3,3116.3,3116.3,3116.3,10.0,3112.06,3115.64,3112.06,3113.65,550.9661,3111.82,3113.47,3111.82,3113.46,0.78630079
2025-12-07 17:41,3115.19,3115.19,3108.72,3110.29,196.70502731,3114.53000000,3114.54000000,3108.18000000,3109.88000000,999.98410000,3114.8,3114.8,3110.2,3110.2,8.35245286,3113.65,3113.65,3108.41,3110.01,549.43716,3113.46,3113.47,3110.0,3110.0,8.43552119
2025-12-07 17:42,3110.44,3119.99,3110.11,3117.2,113.73740422,3109.82000000,3118.70000000,3109.40000000,3117.13000000,1062.34360000,3111.9,3118.3,3111.9,3118.3,3.12264209,3110.01,3118.06,3110.01,3116.71,710.46687,3110.01,3118.51,3110.0,3117.09,49.95956555
2025-12-07 17:43,3117.3,3118.5,3112.87,3114.74,74.86704949,3117.13000000,3118.03000000,3112.79000000,3114.96000000,397.09900000,3118.5,3118.5,3114.9,3114.9,9.05009525,3116.71,3118.05,3113.43,3114.55,686.93063,3117.09,3117.9,3114.47,3114.68,23.43073443
2025-12-07 17:44,3115.05,3117.6,3112.26,3112.26,68.81013287,3114.96000000,3117.26000000,3112.30000000,3112.30000000,291.81690000,3116.7,3117.0,3114.6,3114.6,0.8865765600000001,3114.55,3117.26,3112.53,3112.61,195.42749,3114.68,3115.51,3112.46,3112.46,0.22227948
2025-12-07 17:45,3112.83,3115.33,3110.0,3115.1,88.37106988,3112.30000000,3114.87000000,3109.42000000,3114.46000000,546.91970000,3113.9,3116.0,3111.7,3116.0,1.94445424,3112.61,3114.72,3110.63,3114.46,339.25652,3112.59,3113.38,3111.83,3112.93,6.62756515
2025-12-07 17:46,3114.99,3115.96,3110.61,3111.72,135.02410605,3114.47000000,3115.52000000,3110.18000000,3111.27000000,704.97220000,3115.7,3115.7,3113.2,3113.2,1.88839947,3114.46,3115.51,3110.21,3111.26,497.02626,3112.94,3115.05,3110.8,3111.11,27.85511336
2025-12-07 17:47,3111.71,3118.59,3106.27,3117.8,158.96130071,3111.26000000,3118.43000000,3106.73000000,3117.99000000,474.10910000,3111.4,3119.2,3110.0,3119.2,251.02937845,3111.26,3118.03,3107.23,3118.03,219.56917,3111.12,3115.55,3107.45,3115.55,38.9037261
2025-12-07 17:48,3117.98,3121.28,3117.16,3120.0,74.19956742,3117.99000000,3119.89000000,3116.63000000,3119.66000000,462.38720000,3118.8,3119.6,3118.4,3119.4,0.91242579,3118.03,3119.89,3117.23,3119.89,381.18849,3116.03,3118.67,3116.03,3118.67,13.07787895
2025-12-07 17:49,3119.99,3121.2,3112.65,3114.7,202.7870159,3119.66000000,3120.79000000,3111.55000000,3114.13000000,1556.47780000,3120.5,3121.2,3114.4,3115.3,57.18367233,3119.89,3120.01,3112.33,3114.14,1114.35931,3118.69,3120.16,3114.47,3114.47,94.96481528
2025-12-07 17:50,3114.7,3121.5,3114.01,3118.28,175.52506124,3114.13000000,3121.31000000,3113.53000000,3117.77000000,416.80810000,3116.6,3117.6,3116.6,3117.6,0.138,3114.14,3120.49,3113.52,3117.78,344.27868,3114.48,3119.58,3114.48,3119.24,19.04524486
2025-12-07 17:51,3118.5,3119.29,3116.11,3116.88,73.60077329,3117.78000000,3118.52000000,3115.66000000,3116.58000000,169.52350000,3119.1,3119.1,3119.1,3119.1,0.5,3117.78,3118.62,3116.32,3116.33,121.44543,3119.24,3119.24,3117.78,3117.78,9.67819446
2025-12-07 17:52,3116.84,3119.07,3116.57,3116.8,42.50749326,3116.57000000,3118.88000000,3116.26000000,3116.27000000,116.99410000,,,,,,3116.33,3118.36,3116.26,3116.27,80.11805,3117.79,3118.2,3117.78,3117.79,0.1306603
2025-12-07 17:53,3116.85,3117.3,3114.1,3114.1,23.2738023,3116.26000000,3117.17000000,3113.99000000,3113.99000000,119.90720000,3116.9,3116.9,3116.9,3116.9,0.05,3116.27,3117.19,3113.98,3113.99,75.59513,3117.79,3117.79,3117.08,3117.08,0.2958781
2025-12-07 17:54,3114.16,3116.69,3112.61,3114.5,47.00531314,3113.99000000,3115.93000000,3112.09000000,3113.93000000,361.34790000,3116.8,3117.1,3115.2,3117.1,3.046,3113.99,3115.84,3112.25,3114,229.97347,3116.56,3116.56,3114.47,3114.47,2.0148010100000002
2025-12-07 17:55,3114.5,3116.39,3111.79,3114.19,86.77280067,3113.93000000,3115.93000000,3113.01000000,3113.59000000,101.89220000,3117.2,3117.9,3117.2,3117.9,2.14829145,3114,3115.93,3113.01,3113.6,99.62707,3115.12,3115.64,3115.0,3115.01,0.57019319
2025-12-07 17:56,3114.2,3114.48,3110.85,3111.5,42.89807555,3113.58000000,3113.69000000,3110.60000000,3111.12000000,112.89260000,3115.1,3115.1,3113.5,3113.5,0.00899999,3113.6,3113.6,3111.06,3111.12,78.96109,3115.0,3115.01,3111.42,3111.46,11.583539
2025-12-07 17:57,3111.73,3116.4,3111.73,3116.0,50.01098294,3111.12000000,3115.49000000,3111.12000000,3115.49000000,125.85890000,3113.8,3116.1,3113.8,3116.1,1.50861356,3111.12,3115.34,3111.12,3115.32,86.67187,3111.46,3114.96,3111.46,3114.3,0.0401187
2025-12-07 17:58,3115.94,3117.51,3113.1,3113.1,16.45261299,3115.50000000,3116.36000000,3112.54000000,3112.55000000,175.97870000,3116.4,3117.0,3116.4,3117.0,0.006,3115.32,3116.39,3112.55,3112.98,126.58019,3114.44,3115.73,3114.44,3114.44,1.76133957
2025-12-07 17:59,3113.11,3114.43,3112.96,3113.48,77.01648483,3112.55000000,3113.48000000,3112.46000000,3112.96000000,39.74940000,,,,,,3112.98,3113.48,3112.49,3113.06,24.0597,3114.44,3114.44,3114.43,3114.44,0.58295316
2025-12-07 18:00,3113.26,3118.93,3113.26,3118.93,84.01714321,3112.95000000,3118.44000000,3112.85000000,3118.16000000,739.57450000,3117.4,3120.1,3117.4,3119.4,0.42730599999999996,3113.06,3118.16,3113.06,3118.16,508.66921,3114.44,3117.08,3114.44,3117.08,3.84044419
2025-12-07 18:01,3118.91,3119.3,3116.87,3117.33,30.23496213,3118.15000000,3118.70000000,3115.93000000,3116.98000000,266.12790000,,,,,,3118.16,3118.72,3116.55,3116.99,186.63694,3117.07,3117.09,3117.07,3117.09,0.0809016
2025-12-07 18:02,3117.32,3119.18,3117.03,3118.67,47.7224722,3116.97000000,3118.47000000,3116.56000000,3118.00000000,142.40230000,,,,,,3116.99,3118.51,3116.57,3118.22,108.64406,3117.09,3117.9,3117.08,3117.67,16.96557258
2025-12-07 18:03,3118.67,3128.08,3118.67,3125.6,102.83932683,3117.99000000,3127.61000000,3117.99000000,3125.30000000,763.25840000,3120.6,3129.4,3120.6,3129.4,0.78959411,3118.22,3127.28,3117.98,3126.9,380.55705,3118.16,3127.37,3118.16,3127.37,203.72160866000002
2025-12-07 18:04,3125.98,3128.09,3121.84,3126.19,54.76363315,3125.30000000,3127.68000000,3121.28000000,3125.72000000,326.73010000,3124.3,3124.3,3124.1,3124.1,0.002,3126.9,3127.15,3121.81,3125.71,356.51251,3125.67,3126.45,3124.24,3126.45,23.35700475
2025-12-07 18:05,3126.25,3128.64,3122.71,3122.71,64.5290746,3125.72000000,3127.95000000,3121.85000000,3122.33000000,322.71900000,3126.3,3126.3,3126.3,3126.3,0.13695,3125.71,3127.88,3122.73,3122.73,170.36325,3126.48,3127.16,3124.88,3124.88,27.55359466
2025-12-07 18:06,3122.84,3128.13,3122.41,3127.42,79.94140488,3122.33000000,3127.69000000,3121.53000000,3127.04000000,331.16300000,3123.9,3127.7,3123.6,3127.7,0.20830892,3122.73,3127.04,3122.33,3127.03,236.97953,3124.31,3126.03,3124.31,3126.03,74.25052613
2025-12-07 18:07,3127.41,3130.05,3127.3,3129.24,33.74688281,3127.03000000,3129.75000000,3126.56000000,3128.99000000,498.76540000,3128.6,3131.3,3128.6,3130.0,5.765194,3127.03,3129.5,3126.55,3128.99,457.78458,3126.03,3129.74,3126.03,3129.58,31.7525782
2025-12-07 18:08,3129.25,3129.59,3126.64,3127.05,52.67840379,3129.00000000,3129.00000000,3126.00000000,3126.40000000,242.01340000,3128.7,3128.7,3128.0,3128.0,0.46402,3128.99,3129,3126.46,3127.17,163.75608,3129.48,3129.48,3127.02,3127.2,29.10055492
2025-12-07 18:09,3126.9,3131.2,3126.76,3129.28,64.05601268,3126.40000000,3130.51000000,3125.70000000,3128.80000000,164.65060000,3129.2,3131.5,3129.2,3131.5,15.724139999999998,3127.17,3130.54,3125.72,3128.8,124.66662,3127.67,3130.38,3127.67,3130.0,12.24486949
2025-12-07 18:10,3129.0,3133.09,3128.85,3129.91,83.61668957,3128.80000000,3132.60000000,3128.27000000,3130.14000000,373.23380000,3129.5,3132.6,3129.5,3132.6,1.050176,3128.8,3132,3128.8,3130.28,227.13515,3130.07,3130.81,3130.07,3130.8,0.09811287
2025-12-07 18:11,3130.28,3130.47,3123.1,3126.73,132.60490256,3130.14000000,3130.14000000,3122.17000000,3126.23000000,469.32260000,3131.0,3131.0,3125.1,3127.0,6.66503711,3130.28,3130.28,3123.22,3126.24,360.48757,3130.8,3130.8,3125.35,3125.35,214.23911277000002
2025-12-07 18:12,3126.75,3127.45,3122.7,3122.71,76.49150395,3126.24000000,3126.55000000,3121.85000000,3122.16000000,386.48870000,3127.7,3127.7,3124.6,3124.6,0.01204922,3126.24,3126.54,3122.15,3122.15,225.86726,3125.45,3125.47,3123.27,3123.5,5.00892643
2025-12-07 18:13,3122.57,3124.96,3121.54,3122.3,84.63748123,3122.16000000,3123.18000000,3120.94000000,3121.71000000,285.81060000,3124.5,3124.5,3124.1,3124.1,0.004,3122.15,3123.04,3121.44,3121.67,240.53459,3123.21,3123.21,3122.58,3122.85,0.14318604000000001
2025-12-07 18:14,3122.47,3125.6,3122.47,3125.25,45.89471146,3121.72000000,3124.66000000,3121.72000000,3124.62000000,108.40550000,3125.5,3125.5,3125.5,3125.5,0.002,3121.67,3124.68,3121.67,3124.62,79.72718,3122.34,3122.9,3122.21,3122.9,3.18523318
2025-12-07 18:15,3125.24,3126.8,3122.26,3122.26,353.91129486,3124.61000000,3126.40000000,3121.14000000,3121.33000000,252.49850000,3125.8,3126.5,3123.1,3123.1,0.08695164,3124.62,3126.08,3121.32,3121.33,167.18419,3122.9,3124.05,3122.9,3124.04,0.99539453
2025-12-07 18:16,3122.26,3123.45,3120.62,3123.45,86.77380276,3121.32000000,3123.00000000,3119.22000000,3123.00000000,408.09860000,,,,,,3121.33,3121.95,3119.72,3121.92,287.18361,3124.04,3124.04,3122.35,3122.35,6.08713199
2025-12-07 18:17,3123.6,3129.41,3123.6,3128.85,85.68664608,3123.00000000,3128.50000000,3123.00000000,3128.20000000,336.94270000,3124.4,3129.9,3124.4,3129.9,0.128,3121.92,3128.51,3121.92,3128.51,234.43096,3122.91,3125.87,3122.9,3125.87,16.047333820000002
2025-12-07 18:18,3128.7,3141.39,3127.8,3135.15,428.64701629,3128.20000000,3139.24000000,3127.18000000,3135.13000000,1139.01650000,3129.9,3139.6,3129.9,3138.0,4.70646772,3128.51,3138.24,3128.51,3133.25,754.19621,3126.37,3138.01,3126.37,3133.7,18.31689281
2025-12-07 18:19,3135.3,3135.59,3130.2,3130.5,90.03671626,3135.13000000,3135.32000000,3129.51000000,3129.51000000,294.80110000,3136.6,3136.6,3131.8,3133.4,0.12212,3133.25,3133.25,3130,3130.79,145.73457,3133.64,3133.64,3132.4,3132.4,0.55281108
2025-12-07 18:20,3130.5,3130.5,3126.0,3126.0,73.85669532,3129.51000000,3130.03000000,3125.50000000,3125.59000000,198.47520000,3131.5,3131.5,3127.1,3127.1,0.16557,3130.79,3130.79,3125.5,3126.13,207.47276,3131.79,3131.79,3127.56,3127.56,32.00276936
2025-12-07 18:21,3126.3,3128.85,3126.12,3128.25,8.27868511,3125.58000000,3128.24000000,3125.58000000,3127.54000000,104.27120000,,,,,,3126.13,3128.27,3125.59,3127.53,76.39853,3127.56,3128.29,3127.56,3128.02,4.07814299
2025-12-07 18:22,3128.25,3128.74,3126.67,3127.49,13.88141076,3127.53000000,3128.02000000,3126.40000000,3126.73000000,68.96700000,,,,,,3127.53,3127.94,3126.43,3126.74,45.45297,3127.98,3128.19,3127.87,3127.88,0.28452744
2025-12-07 18:23,3127.49,3135.14,3127.31,3134.29,186.80577255,3126.74000000,3134.89000000,3126.74000000,3133.77000000,474.22750000,3129.6,3135.5,3129.6,3135.5,18.85650385,3126.74,3133.98,3126.73,3133.77,312.96566,3127.88,3134.88,3127.88,3134.31,27.32397751
2025-12-07 18:24,3134.17,3146.57,3134.16,3142.8,95.96873261,3133.77000000,3146.16000000,3133.77000000,3142.33000000,1295.25180000,3136.9,3147.0,3136.9,3146.6,8.386649590000001,3133.77,3145.73,3133.76,3143.44,263.98911,3135.06,3146.45,3135.06,3145.45,25.7319447
2025-12-07 18:25,3142.8,3149.94,3138.61,3148.9,257.09068967,3142.32000000,3150.00000000,3138.04000000,3148.46000000,943.52750000,3143.1,3150.3,3140.9,3146.6,14.04361411,3143.44,3148.82,3138.26,3148.82,456.40889,3145.0,3149.01,3139.16,3147.36,12.40024416
2025-12-07 18:26,3148.89,3150.2,3145.22,3147.5,130.49311849,3148.47000000,3150.00000000,3145.08000000,3147.09000000,365.74430000,3149.2,3150.8,3148.2,3148.2,0.56540488,3148.82,3149.38,3145.47,3146.78,227.8114,3147.37,3149.11,3147.37,3148.08,7.8071378
2025-12-07 18:27,3147.74,3148.3,3144.82,3146.22,52.07286189,3147.10000000,3148.01000000,3144.39000000,3145.69000000,491.11680000,3148.3,3148.3,3146.8,3148.0,0.81099,3146.78,3147.6,3144.38,3145.69,327.90755,3148.09,3148.09,3145.97,3145.98,1.0799826399999999
2025-12-07 18:28,3146.22,3150.01,3144.61,3145.7,59.45211559,3145.69000000,3149.52000000,3143.63000000,3144.94000000,209.47260000,3147.5,3150.2,3147.1,3147.1,0.056,3145.69,3149.54,3145.08,3145.12,151.91096,3145.97,3148.22,3145.75,3145.98,1.89683134
2025-12-07 18:29,3145.36,3145.51,3141.33,3144.0,34.71986673,3144.93000000,3145.19000000,3141.67000000,3143.53000000,217.61290000,3146.1,3146.1,3144.8,3144.8,0.007,3145.12,3145.15,3141.75,3143.53,205.63092,3145.98,3145.98,3143.22,3143.87,4.372971649999999
2025-12-07 18:30,3144.15,3146.55,3143.6,3144.6,25.35524191,3143.53000000,3146.24000000,3143.05000000,3143.95000000,214.12790000,3146.1,3146.4,3144.4,3144.4,4.004,3143.53,3146.23,3143.33,3143.96,128.97582,3144.21,3144.21,3143.87,3143.9,0.1254456
2025-12-07 18:31,3144.47,3149.4,3143.9,3144.09,86.38978291,3143.96000000,3149.04000000,3143.83000000,3143.83000000,514.42030000,3145.7,3148.9,3145.7,3146.2,0.23337901,3143.96,3148.72,3143.95,3144.63,86.39536,3143.9,3149.02,3143.9,3146.67,10.31890842
2025-12-07 18:32,3144.1,3147.48,3140.71,3140.73,399.89008291,3143.84000000,3146.58000000,3140.55000000,3141.23000000,726.01160000,3145.7,3146.9,3142.6,3142.6,1.72620767,3144.63,3146.38,3140.59,3141.59,790.62864,3145.97,3146.96,3141.17,3142.66,14.5005884
2025-12-07 18:33,3140.75,3142.75,3139.76,3141.01,1328.05998177,3141.23000000,3143.70000000,3140.09000000,3140.56000000,342.19670000,3143.1,3144.1,3142.1,3142.1,4.76146671,3141.59,3142.3,3140.06,3140.58,282.65598,3141.07,3141.84,3141.07,3141.11,5.75708976
2025-12-07 18:34,3141.01,3141.32,3136.64,3136.9,64.34469488,3140.57000000,3140.86000000,3136.21000000,3136.63000000,444.48060000,3141.3,3142.5,3139.7,3139.7,0.34929,3140.58,3140.88,3136.47,3136.47,221.97556,3141.08,3141.42,3138.07,3138.07,23.07893596
2025-12-07 18:35,3137.16,3139.38,3136.9,3138.16,66.25586006,3136.64000000,3139.14000000,3136.63000000,3137.80000000,157.62920000,3140.1,3140.1,3140.1,3140.1,0.25,3136.47,3139.14,3136.47,3137.81,183.88143,3138.07,3138.4,3138.07,3138.4,3.47099264
2025-12-07 18:36,3138.15,3140.25,3136.83,3139.65,43.61634196,3137.81000000,3139.64000000,3136.57000000,3139.25000000,347.49700000,3140.9,3140.9,3140.6,3140.6,0.32365,3137.81,3139.64,3136.78,3139.25,249.63273,3138.39,3139.48,3137.11,3139.32,420.456419
2025-12-07 18:37,3139.5,3139.5,3137.63,3137.91,18.99079989,3139.25000000,3139.26000000,3137.36000000,3137.79000000,91.89350000,,,,,,3139.25,3139.26,3137.58,3137.85,53.06486,3139.1,3139.11,3139.1,3139.11,0.29988629
2025-12-07 18:38,3137.92,3138.15,3132.7,3134.24,84.18219231,3137.79000000,3137.79000000,3132.01000000,3133.98000000,462.69350000,3138.8,3138.8,3135.0,3135.0,1.86746429,3137.85,3137.9,3132.74,3133.99,172.89283,3139.1,3139.1,3135.62,3135.62,1.17815191
2025-12-07 18:39,3134.25,3134.87,3130.44,3132.89,102.17602833,3133.99000000,3133.99000000,3129.50000000,3132.28000000,460.22310000,3135.1,3135.1,3133.7,3133.7,0.237473,3133.99,3133.99,3130.95,3131.46,344.78704,3135.01,3135.02,3131.24,3131.55,1.25506042
2025-12-07 18:40,3132.89,3134.64,3131.03,3134.01,61.59844676,3132.28000000,3133.82000000,3130.66000000,3133.65000000,323.75920000,3135.5,3135.5,3133.2,3134.9,2.05384473,3131.46,3133.82,3131.46,3133.66,362.02996,3131.33,3133.96,3131.33,3132.84,2.5548802
2025-12-07 18:41,3134.07,3136.5,3133.1,3136.05,49.91013256,3133.65000000,3136.46000000,3132.76000000,3135.76000000,292.78270000,3134.8,3136.9,3134.8,3136.9,289.624775,3133.66,3135.99,3132.64,3135.76,204.84521,3132.84,3136.05,3132.84,3135.88,3.57539837
2025-12-07 18:42,3136.05,3137.69,3135.0,3135.01,37.25493297,3135.76000000,3137.58000000,3134.54000000,3134.84000000,195.84310000,3137.3,3137.6,3137.3,3137.6,0.30380669,3135.76,3137.05,3134.85,3134.86,135.0712,3135.88,3136.16,3135.88,3135.96,2.96571666
2025-12-07 18:43,3135.05,3135.52,3131.89,3133.51,51.46556125,3134.83000000,3134.85000000,3132.23000000,3132.87000000,200.36990000,3136.0,3136.0,3133.8,3135.2,3.49018692,3134.86,3134.86,3132.24,3132.88,141.84423,3135.96,3135.96,3134.71,3134.72,34.62272272
2025-12-07 18:44,3133.51,3134.2,3131.57,3133.36,26.92783227,3132.88000000,3134.02000000,3131.31000000,3133.38000000,200.90120000,3134.2,3134.2,3134.1,3134.1,0.78116401,3132.88,3134.01,3131.31,3132.67,120.12795,3134.71,3134.71,3133.38,3133.38,0.52049827
2025-12-07 18:45,3133.5,3137.57,3133.2,3137.57,36.6459055,3133.38000000,3137.10000000,3132.92000000,3137.10000000,188.33000000,3134.8,3137.0,3134.8,3137.0,0.21200000000000002,3132.67,3137.1,3132.67,3137.1,148.62529,3133.37,3134.71,3133.32,3134.71,6.73958567
2025-12-07 18:46,3137.69,3137.7,3134.42,3136.05,61.46191108,3137.10000000,3137.26000000,3134.18000000,3135.73000000,230.19770000,3137.3,3137.4,3135.8,3135.8,3.21683442,3137.1,3137.26,3134.18,3135.44,142.09896,3135.38,3137.41,3135.38,3136.66,3.1090675199999995
2025-12-07 18:47,3136.05,3137.65,3135.9,3135.9,20.16726649,3135.74000000,3137.30000000,3135.34000000,3135.34000000,120.87000000,3137.7,3137.8,3137.7,3137.8,0.004,3135.44,3137.03,3135.3,3135.32,139.3168,3136.73,3136.74,3136.65,3136.66,0.5705487899999999
2025-12-07 18:48,3135.91,3136.9,3134.73,3136.03,14.85374948,3135.35000000,3136.30000000,3134.27000000,3135.51000000,63.04210000,,,,,,3135.32,3136.31,3134.27,3135.51,44.12415,3136.65,3136.66,3136.65,3136.66,0.04767724
2025-12-07 18:49,3136.06,3139.34,3135.64,3138.74,15.12530618,3135.51000000,3138.63000000,3135.25000000,3138.18000000,137.54730000,3138.0,3139.7,3138.0,3139.7,6.5367484,3135.51,3138.62,3135.51,3138.18,95.46479,3136.66,3136.66,3136.65,3136.65,0.28889329
2025-12-07 18:50,3138.71,3140.85,3136.95,3136.95,31.05165025,3138.17000000,3140.27000000,3136.66000000,3136.67000000,105.34630000,3139.9,3140.9,3139.9,3140.8,0.04133,3138.18,3140.27,3136.65,3136.66,73.51882,3136.66,3140.9,3136.66,3138.17,4.786630440000001
2025-12-07 18:51,3136.98,3138.61,3135.45,3137.73,21.59279056,3136.66000000,3137.63000000,3135.14000000,3137.41000000,98.14190000,3138.6,3138.6,3136.7,3136.7,0.009000000000000001,3136.66,3137.63,3136.21,3137.4,68.76587,3138.18,3138.18,3136.79,3137.85,8.16011355
2025-12-07 18:52,3138.2,3138.8,3136.51,3137.54,23.10658142,3137.41000000,3138.19000000,3135.88000000,3136.84000000,62.28390000,,,,,,3137.4,3138.19,3135.88,3137.17,32.29038,3137.85,3137.93,3137.66,3137.66,0.14715406
2025-12-07 18:53,3137.54,3137.54,3133.95,3133.96,41.55287053,3136.84000000,3136.84000000,3133.50000000,3133.51000000,87.24960000,3136.5,3136.5,3135.9,3135.9,0.005,3137.17,3137.17,3133.5,3133.51,72.45288,3137.48,3137.49,3136.05,3136.05,5.12733276
2025-12-07 18:54,3133.96,3134.52,3133.02,3133.35,52.80942053,3133.51000000,3133.82000000,3132.64000000,3132.71000000,97.16430000,3135.9,3135.9,3135.3,3135.3,0.155,3133.51,3133.83,3132.6,3133.1,69.26279,3136.05,3136.05,3133.38,3133.38,3.3629433200000003
2025-12-07 18:55,3133.35,3133.35,3128.37,3128.72,69.17002824,3132.70000000,3132.71000000,3127.32000000,3128.55000000,302.19630000,3135.2,3135.2,3130.7,3130.7,1.455,3133.1,3133.1,3128.8,3128.8,176.68188,3132.94,3132.94,3130.14,3130.14,10.77642537
2025-12-07 18:56,3129.09,3130.5,3127.03,3129.83,62.19820028,3128.56000000,3129.92000000,3127.40000000,3129.42000000,321.96310000,3130.5,3131.6,3130.4,3130.4,1.565,3128.8,3129.85,3127.96,3128.99,248.06168,3130.0,3130.01,3130.0,3130.01,2.09996665
2025-12-07 18:57,3129.84,3130.8,3128.55,3130.8,97.03541351,3129.42000000,3130.49000000,3127.74000000,3130.49000000,167.03950000,3130.8,3130.8,3130.8,3130.8,0.00920596,3128.99,3130.5,3127.81,3130.5,129.64632,3130.0,3130.01,3130.0,3130.01,0.25944511
2025-12-07 18:58,3130.8,3132.27,3128.14,3129.52,37.34176227,3130.49000000,3131.98000000,3127.80000000,3129.01000000,824.16600000,3131.7,3132.1,3130.2,3130.2,0.005,3130.5,3131.31,3127.81,3128.25,573.30789,3130.0,3130.01,3127.89,3128.53,11.346209870000001
2025-12-07 18:59,3129.44,3130.21,3129.3,3129.49,12.61222705,3129.00000000,3129.79000000,3128.77000000,3128.78000000,66.06580000,3131.2,3131.2,3130.1,3130.1,2.1327316,3128.25,3129.57,3128.25,3128.77,49.82939,3128.64,3129.28,3128.63,3129.28,1.17025864
2025-12-07 19:00,3129.49,3133.64,3129.49,3133.46,30.48294663,3128.78000000,3133.46000000,3128.78000000,3132.98000000,405.10250000,3131.7,3134.1,3131.7,3134.1,0.434,3128.77,3133.47,3128.77,3132.98,233.899,3129.27,3133.7,3129.27,3133.48,5.9953737700000005
2025-12-07 19:01,3133.48,3134.55,3132.02,3133.2,32.37290793,3132.98000000,3134.31000000,3132.11000000,3132.77000000,183.87600000,3134.4,3134.5,3134.4,3134.5,0.004,3132.98,3134.36,3132.74,3132.76,175.58098,3133.48,3133.92,3133.48,3133.92,0.11770643
2025-12-07 19:02,3133.21,3133.36,3129.51,3129.75,19.85715776,3132.77000000,3132.78000000,3129.18000000,3129.19000000,105.18640000,3133.2,3133.2,3131.6,3131.6,0.37402074,3132.76,3132.77,3129.58,3129.61,58.98487,3133.92,3133.92,3131.92,3131.92,5.99274636
2025-12-07 19:03,3129.76,3131.24,3129.75,3131.24,24.64077905,3129.19000000,3130.63000000,3129.18000000,3130.60000000,217.45560000,,,,,,3129.61,3130.34,3129,3130.24,159.68668,3131.93,3131.93,3131.92,3131.93,0.35010328
2025-12-07 19:04,3131.24,3132.07,3129.61,3129.88,66.77999669,3130.61000000,3131.31000000,3129.14000000,3129.57000000,70.68590000,,,,,,3130.24,3131,3129.24,3129.57,56.62929,3131.93,3131.93,3131.25,3131.25,2.70529668
2025-12-07 19:05,3129.87,3129.87,3122.38,3124.21,248.67426833,3129.57000000,3129.57000000,3122.57000000,3124.01000000,796.23100000,3131.5,3131.5,3123.1,3123.1,28.76147276,3129.57,3129.57,3122.58,3123.73,429.90698,3131.25,3131.25,3125.0,3125.0,63.85053823
2025-12-07 19:06,3124.34,3125.1,3121.12,3124.04,65.24233574,3124.02000000,3124.64000000,3121.59000000,3123.62000000,165.29410000,3124.4,3125.2,3124.4,3125.2,0.15563751,3123.73,3124.56,3122.04,3123.62,241.63747,3125.01,3125.01,3121.73,3122.46,41.55018984
2025-12-07 19:07,3124.05,3124.8,3122.12,3124.8,45.88230267,3123.63000000,3124.20000000,3121.98000000,3124.20000000,279.77670000,,,,,,3123.62,3124.01,3122.99,3123.98,185.13572,3122.45,3122.46,3122.45,3122.45,1.19622216
2025-12-07 19:08,3124.8,3125.91,3123.57,3124.79,51.52814557,3124.20000000,3125.26000000,3123.25000000,3124.28000000,220.47840000,3125.9,3125.9,3125.9,3125.9,0.8462000000000001,3123.98,3125.02,3123.25,3124.29,166.56796,3122.46,3125.06,3122.46,3124.28,1.33142591
2025-12-07 19:09,3124.8,3128.24,3124.8,3127.3,31.63140258,3124.29000000,3127.30000000,3124.28000000,3126.64000000,132.01940000,3126.0,3127.8,3126.0,3127.1,0.03727,3124.29,3127.3,3124.28,3126.64,87.43668,3124.32,3125.05,3124.31,3125.05,0.13044391
2025-12-07 19:10,3127.5,3130.0,3127.5,3129.42,55.77435418,3126.64000000,3129.50000000,3126.64000000,3128.70000000,95.30440000,3128.1,3130.0,3128.1,3130.0,0.4708,3126.64,3129.3,3126.64,3128.7,63.69586,3125.06,3129.3,3125.06,3129.3,8.94459719
2025-12-07 19:11,3129.42,3129.42,3127.3,3127.5,53.72279374,3128.70000000,3128.89000000,3126.74000000,3126.91000000,76.06420000,,,,,,3128.7,3128.9,3126.71,3126.92,51.13559,3129.31,3129.31,3128.92,3128.92,4.74103451
2025-12-07 19:12,3127.51,3129.45,3127.5,3129.0,24.51475514,3126.92000000,3128.77000000,3126.91000000,3128.44000000,107.46340000,3128.8,3128.8,3128.8,3128.8,0.02,3126.92,3128.85,3126.91,3128.44,72.62932,3128.92,3128.92,3128.91,3128.92,0.26889070000000004
2025-12-07 19:13,3129.0,3131.21,3128.79,3131.21,190.83791754,3128.45000000,3130.73000000,3128.44000000,3130.72000000,115.21390000,3130.7,3131.4,3130.7,3131.2,0.060000000000000005,3128.44,3130.73,3128.44,3130.73,85.08701,3129.0,3130.96,3129.0,3130.96,0.52684884
2025-12-07 19:14,3131.21,3133.1,3130.5,3130.7,83.66169151,3130.72000000,3132.50000000,3129.44000000,3130.32000000,182.74070000,3131.5,3133.4,3131.5,3132.4,1.11993155,3130.73,3132.49,3129.59,3130.07,187.60082,3131.08,3132.5,3130.91,3131.02,2.6296419699999998
2025-12-07 19:15,3130.69,3134.12,3130.27,3131.05,64.90124547,3130.31000000,3133.18000000,3130.00000000,3130.72000000,116.53140000,,,,,,3130.07,3133.18,3130.07,3130.72,40.49279,3130.22,3132.75,3130.22,3131.21,1.1604811899999998
2025-12-07 19:16,3131.05,3132.32,3129.92,3129.92,60.76494506,3130.72000000,3131.58000000,3129.66000000,3129.66000000,69.39580000,3132.2,3132.2,3132.1,3132.1,1.0,3130.72,3131.45,3129.65,3129.65,48.01074,3130.89,3131.84,3130.89,3130.89,2.60631954
2025-12-07 19:17,3129.92,3131.39,3129.63,3130.79,24.62153617,3129.66000000,3130.95000000,3129.03000000,3130.45000000,83.68460000,3131.8,3131.8,3131.8,3131.8,0.101,3129.65,3130.96,3128.99,3130.51,57.81689,3130.89,3130.95,3130.88,3130.94,0.1279828
2025-12-07 19:18,3130.79,3133.19,3129.72,3133.19,38.13073684,3130.44000000,3132.48000000,3129.29000000,3132.47000000,33.58720000,3132.9,3132.9,3132.9,3132.9,0.001,3130.51,3132.4,3129.62,3132.36,24.13368,3130.94,3131.05,3130.94,3131.05,0.016661850000000002
2025-12-07 19:19,3133.19,3133.19,3130.26,3130.72,71.49610444,3132.47000000,3132.47000000,3129.31000000,3129.85000000,55.24600000,3132.4,3132.4,3131.2,3131.2,1.5097,3132.36,3132.47,3129.31,3129.87,39.36586,3131.05,3131.05,3131.04,3131.04,0.41863251
2025-12-07 19:20,3130.71,3131.85,3130.61,3131.12,55.01902348,3129.86000000,3131.19000000,3129.86000000,3130.32000000,40.72100000,,,,,,3129.87,3131.21,3129.87,3130.32,27.34352,3131.04,3131.17,3131.04,3131.04,1.15317738
2025-12-07 19:21,3131.12,3132.07,3128.0,3128.0,108.33327192,3130.32000000,3131.10000000,3127.22000000,3127.22000000,45.41420000,3131.6,3131.6,3129.7,3129.7,0.020111,3130.32,3131.13,3127.95,3128.01,29.50955,3131.09,3131.09,3130.09,3130.09,9.11571002
2025-12-07 19:22,3127.95,3128.85,3126.62,3128.25,54.96746217,3127.22000000,3127.99000000,3126.00000000,3127.55000000,95.63870000,3129.6,3129.6,3128.5,3128.8,6.003,3128.01,3128.01,3126.73,3126.73,66.26926,3129.85,3129.85,3127.5,3127.66,2.14395773
2025-12-07 19:23,3128.33,3129.11,3127.22,3127.51,154.29992287,3127.57000000,3128.20000000,3126.42000000,3126.96000000,65.38520000,,,,,,3126.73,3128.21,3126.72,3126.94,50.06997,3128.12,3128.73,3127.92,3127.92,0.12534801
2025-12-07 19:24,3127.51,3127.8,3126.45,3126.95,67.29299075,3126.96000000,3126.96000000,3125.71000000,3126.25000000,68.68190000,,,,,,3126.94,3126.94,3125.7,3126.26,44.28084,3127.92,3127.92,3126.81,3126.82,0.26615098
2025-12-07 19:25,3126.95,3127.22,3124.87,3125.59,81.34079343,3126.25000000,3126.25000000,3124.12000000,3124.98000000,300.11490000,3128.3,3128.3,3126.4,3126.4,0.008,3126.26,3126.26,3124.31,3124.98,211.28207,3126.75,3126.76,3126.75,3126.75,2.74682108
2025-12-07 19:26,3125.56,3125.7,3124.65,3125.7,53.75990381,3124.98000000,3125.03000000,3124.01000000,3125.02000000,58.15640000,,,,,,3124.98,3125.06,3124.1,3125.03,40.84757,3126.76,3126.76,3126.75,3126.76,0.31966246000000004
2025-12-07 19:27,3125.7,3129.0,3125.7,3127.46,79.55866859,3125.02000000,3128.20000000,3125.02000000,3127.09000000,236.67730000,3127.7,3128.1,3127.7,3128.1,0.02878589,3125.03,3127.25,3125.03,3127.24,161.00055,3126.76,3126.76,3126.76,3126.76,0.03665326
2025-12-07 19:28,3127.47,3128.83,3127.35,3127.5,36.41633187,3127.10000000,3127.86000000,3126.77000000,3127.14000000,36.50110000,,,,,,3127.24,3127.87,3126.75,3127.14,28.94041,3126.75,3126.76,3126.75,3126.75,0.07307598
2025-12-07 19:29,3127.49,3127.95,3127.01,3127.95,28.55458736,3127.14000000,3127.15000000,3126.65000000,3127.15000000,37.39560000,,,,,,3127.14,3127.15,3126.65,3127.14,26.16927,3126.75,3126.76,3126.75,3126.75,19.206120849999998
2025-12-07 19:30,3127.94,3130.04,3127.48,3129.37,50.57926577,3127.14000000,3129.36000000,3126.76000000,3128.72000000,251.62400000,3128.2,3129.9,3128.2,3129.9,0.060000000000000005,3127.14,3129.35,3126.76,3129,168.94816,3126.76,3126.76,3126.75,3126.75,43.66689646
2025-12-07 19:31,3129.24,3134.81,3129.24,3134.3,103.17063302,3128.72000000,3133.94000000,3128.64000000,3133.93000000,203.34560000,3130.0,3134.1,3130.0,3134.1,0.026000000000000002,3129,3133.94,3128.63,3133.93,149.01428,3126.76,3131.63,3126.76,3131.63,13.87702497
2025-12-07 19:32,3134.3,3135.78,3134.25,3134.25,34.48698373,3133.93000000,3135.32000000,3133.91000000,3135.30000000,161.35500000,3134.4,3135.4,3134.4,3135.4,0.006,3133.93,3135.33,3133.88,3135.3,107.48048,3131.63,3133.62,3131.63,3133.61,1.1192370600000001
2025-12-07 19:33,3135.75,3136.0,3135.01,3135.9,33.97395183,3135.30000000,3135.58000000,3134.53000000,3135.32000000,174.72760000,3135.7,3136.2,3135.7,3136.2,0.01594387,3135.3,3135.61,3134.46,3134.79,89.3493,3133.61,3135.52,3133.61,3135.37,5.75772059
2025-12-07 19:34,3135.73,3136.09,3133.0,3133.8,83.95587051,3135.32000000,3135.32000000,3132.52000000,3132.80000000,57.29270000,,,,,,3134.79,3135.32,3132.52,3132.8,78.78186,3135.56,3135.56,3132.6,3133.41,117.85171186000001
2025-12-07 19:35,3133.52,3134.19,3133.2,3133.85,33.84550463,3132.80000000,3133.30000000,3132.37000000,3133.30000000,111.14400000,,,,,,3132.8,3133.04,3132.39,3133.03,74.4606,3133.31,3133.32,3133.31,3133.31,3.5524806599999996
2025-12-07 19:36,3134.01,3137.46,3133.1,3137.06,194.05034508,3133.30000000,3136.77000000,3132.77000000,3136.59000000,371.87110000,3135.7,3137.0,3135.7,3137.0,4.90475298,3133.03,3137.02,3132.75,3136.6,259.81327,3134.88,3135.01,3134.33,3135.01,0.40426282
2025-12-07 19:37,3137.07,3137.07,3134.14,3134.15,50.172326,3136.59000000,3136.59000000,3133.58000000,3133.58000000,119.24270000,3137.3,3137.3,3135.7,3135.7,0.35,3136.6,3136.6,3133.57,3133.59,87.81312,3135.64,3135.64,3135.64,3135.64,0.041069839999999996
2025-12-07 19:38,3134.15,3134.98,3132.75,3132.83,32.12033819,3133.59000000,3134.38000000,3132.03000000,3132.03000000,136.66700000,3135.6,3135.6,3134.4,3134.4,0.007,3133.59,3134.38,3132.15,3132.22,90.22176,3135.65,3135.65,3134.99,3134.99,7.5688973299999995
2025-12-07 19:39,3132.76,3133.78,3132.76,3133.66,7.06362085,3132.03000000,3133.00000000,3132.03000000,3132.98000000,99.37240000,,,,,,3132.22,3133.02,3132.03,3132.97,75.00488,3134.34,3134.34,3133.4,3133.46,0.2275019
2025-12-07 19:40,3133.66,3135.19,3133.36,3134.71,8.96580652,3132.97000000,3134.10000000,3132.61000000,3134.10000000,62.85720000,3135.6,3135.8,3135.6,3135.8,10.0,3132.97,3134.1,3132.61,3134.1,43.98797,3133.49,3134.79,3133.46,3134.63,2.08627829
2025-12-07 19:41,3134.78,3134.78,3133.59,3134.55,27.80104148,3134.10000000,3134.10000000,3133.65000000,3133.92000000,45.34050000,,,,,,3134.1,3134.1,3133.65,3133.65,30.73535,3134.62,3134.63,3134.62,3134.63,0.49425294000000003
2025-12-07 19:42,3134.7,3134.78,3133.6,3134.6,6.1533122,3133.96000000,3133.97000000,3133.24000000,3133.89000000,35.15210000,,,,,,3133.65,3133.99,3133.2,3133.9,25.62049,3134.63,3134.63,3134.62,3134.63,0.02264453
2025-12-07 19:43,3134.6,3137.63,3134.6,3136.94,19.46634796,3133.90000000,3137.50000000,3133.90000000,3136.42000000,109.22720000,3135.9,3137.7,3135.9,3137.6,4.3431,3133.9,3137.19,3133.9,3136.41,76.39265,3134.63,3135.13,3134.63,3135.12,5.03368999
2025-12-07 19:44,3136.89,3140.25,3136.5,3139.4,66.59422689,3136.42000000,3139.87000000,3136.41000000,3139.00000000,205.40950000,3137.8,3140.8,3137.8,3140.7,1.13376034,3136.41,3139.93,3136.41,3139.21,140.97821,3135.13,3137.84,3135.13,3137.84,0.16333796
2025-12-07 19:45,3139.4,3143.2,3138.61,3139.28,41.4930468,3139.01000000,3142.53000000,3138.55000000,3138.86000000,253.42570000,3141.5,3143.2,3140.5,3140.5,0.058,3139.21,3142.55,3138.55,3138.86,174.2594,3137.83,3140.5,3137.83,3140.49,101.33786184
2025-12-07 19:46,3139.28,3141.32,3138.1,3140.38,62.9840719,3138.87000000,3140.00000000,3137.55000000,3139.86000000,113.17280000,3139.7,3139.7,3139.7,3139.7,0.5,3138.86,3140.01,3137.55,3139.86,75.18109,3140.49,3140.5,3140.49,3140.49,23.82330792
2025-12-07 19:47,3140.11,3140.11,3137.46,3138.2,7.09498255,3139.85000000,3139.85000000,3137.06000000,3137.87000000,52.77560000,,,,,,3139.86,3139.86,3137.04,3137.86,42.22117,3139.53,3139.53,3139.53,3139.53,0.00233374
2025-12-07 19:48,3138.49,3139.8,3138.16,3139.16,24.74060693,3137.87000000,3138.75000000,3137.65000000,3138.49000000,112.78610000,3140.0,3140.0,3139.7,3139.7,1.5,3137.86,3138.52,3137.64,3138.49,77.5655,3138.52,3138.87,3138.52,3138.53,1.74754971
2025-12-07 19:49,3139.25,3139.8,3136.51,3136.56,9.96769331,3138.50000000,3139.00000000,3136.17000000,3136.17000000,74.09290000,3139.2,3139.2,3138.4,3138.4,0.006,3138.49,3139.04,3136.14,3136.17,52.01705,3139.15,3139.44,3139.14,3139.24,8.41476571
2025-12-07 19:50,3136.55,3138.2,3136.55,3137.45,8.97577992,3136.18000000,3137.50000000,3136.17000000,3137.12000000,90.05980000,3138.6,3138.6,3138.6,3138.6,0.7964319799999999,3136.17,3137.53,3136.17,3137.11,60.27775,3138.52,3138.53,3138.52,3138.53,0.025852270000000004
2025-12-07 19:51,3137.49,3137.7,3134.11,3134.86,18.6300688,3137.12000000,3137.12000000,3133.93000000,3134.39000000,62.47180000,3138.3,3138.3,3136.0,3136.0,0.03361364,3137.11,3137.12,3133.93,3133.93,46.03825,3138.53,3138.53,3135.94,3135.94,7.8347187
2025-12-07 19:52,3135.0,3137.06,3133.79,3136.46,47.43532905,3134.40000000,3136.00000000,3134.40000000,3135.86000000,60.11490000,,,,,,3133.93,3136,3133.93,3135.7,40.00986,3135.95,3136.35,3135.95,3136.33,0.67777859
2025-12-07 19:53,3136.19,3137.99,3135.4,3135.73,23.38879614,3135.85000000,3136.33000000,3135.07000000,3135.43000000,65.53380000,,,,,,3135.7,3136.32,3135.05,3135.44,47.01245,3136.23,3136.61,3135.94,3135.94,5.3399284
2025-12-07 19:54,3135.9,3136.6,3134.7,3135.37,13.09821531,3135.44000000,3136.02000000,3134.09000000,3134.93000000,46.78950000,,,,,,3135.44,3136.04,3134.3,3134.93,32.8213,3136.44,3136.44,3135.94,3135.95,0.78341133
2025-12-07 19:55,3135.37,3137.85,3135.37,3136.72,14.22942286,3134.94000000,3136.78000000,3134.94000000,3136.22000000,49.94730000,,,,,,3134.93,3136.78,3134.93,3136.53,30.97926,3135.95,3136.32,3135.94,3136.32,0.9979963199999999
2025-12-07 19:56,3136.96,3136.96,3135.38,3135.38,8.89121187,3136.21000000,3136.21000000,3135.00000000,3135.00000000,32.60270000,,,,,,3136.53,3136.53,3134.98,3135.01,26.03668,3136.11,3136.12,3136.11,3136.12,3.0776642
2025-12-07 19:57,3135.54,3137.55,3135.38,3136.9,5.84096469,3135.00000000,3136.95000000,3135.00000000,3136.57000000,38.87750000,3137.5,3138.2,3137.5,3138.2,0.05,3135.01,3136.95,3135.01,3136.7,26.18383,3136.12,3136.12,3136.11,3136.11,8.1093571
2025-12-07 19:58,3136.89,3136.89,3135.42,3136.5,8.43360803,3136.58000000,3136.58000000,3135.00000000,3136.18000000,30.50680000,,,,,,3136.7,3136.7,3135,3136,24.02745,3136.19,3136.39,3136.18,3136.18,24.58838614
2025-12-07 19:59,3136.5,3138.3,3136.5,3138.3,9.21762152,3136.19000000,3137.92000000,3136.19000000,3137.92000000,48.01060000,,,,,,3136,3137.36,3136,3137.36,31.511,3136.18,3137.35,3136.18,3137.32,0.14268551000000002
2025-12-07 20:00,3138.42,3141.76,3136.65,3136.65,71.24433695,3137.91000000,3141.23000000,3136.20000000,3136.21000000,344.88020000,3138.3,3141.7,3138.3,3139.0,8.39743632,3137.36,3140.9,3137.36,3138.47,101.22767,3137.46,3140.0,3137.46,3138.44,28.44249323
2025-12-07 20:01,3136.65,3138.49,3136.65,3138.01,14.09072057,3136.20000000,3137.98000000,3136.20000000,3137.50000000,158.50650000,3138.4,3138.4,3138.4,3138.4,1.96793817,3138.47,3138.47,3136.37,3137.51,386.47449,3138.16,3138.16,3138.15,3138.15,0.1271101
2025-12-07 20:02,3138.02,3138.6,3136.05,3136.06,9.28022686,3137.50000000,3138.02000000,3135.51000000,3135.51000000,92.38900000,3138.3,3138.3,3138.3,3138.3,0.001,3137.51,3138.04,3135.49,3135.52,64.46112,3138.54,3138.54,3138.03,3138.03,11.3757425
2025-12-07 20:03,3136.06,3137.65,3135.92,3137.49,18.30959156,3135.52000000,3136.76000000,3135.42000000,3136.28000000,56.47800000,3138.0,3138.3,3138.0,3138.3,0.30000000000000004,3135.52,3136.8,3135.44,3136.63,38.50222,3137.78,3137.78,3136.06,3137.28,0.5701268
2025-12-07 20:04,3137.3,3137.3,3134.41,3134.63,32.15335611,3136.27000000,3136.27000000,3134.01000000,3134.01000000,59.31960000,3137.7,3137.7,3134.9,3134.9,2.3761900000000002,3136.63,3136.63,3134.19,3134.19,38.67048,3136.1,3136.1,3136.09,3136.09,0.26651454999999996
2025-12-07 20:05,3134.62,3135.36,3133.6,3133.65,22.00089731,3134.01000000,3134.44000000,3132.46000000,3133.12000000,156.24360000,3135.1,3135.1,3135.1,3135.1,0.02311096,3134.19,3134.36,3133.1,3133.12,91.1388,3135.94,3135.94,3133.74,3134.64,1.7140364
2025-12-07 20:06,3133.65,3136.1,3133.5,3135.69,27.07206763,3133.12000000,3135.18000000,3132.53000000,3135.18000000,108.58120000,,,,,,3133.12,3135.18,3132.51,3135.17,77.47143,3134.63,3134.64,3134.63,3134.64,0.023898290000000003
2025-12-07 20:07,3135.69,3136.5,3134.85,3134.85,143.12509413,3135.17000000,3135.18000000,3134.12000000,3134.14000000,74.10120000,,,,,,3135.17,3135.18,3134.12,3134.12,46.69095,3134.64,3134.64,3134.63,3134.63,71.42518392
2025-12-07 20:08,3134.7,3134.7,3132.46,3133.81,37.99352565,3134.13000000,3134.13000000,3132.00000000,3133.30000000,45.11230000,,,,,,3134.12,3134.12,3132,3133.3,37.3222,3134.63,3134.64,3133.74,3133.74,0.41176732000000005
2025-12-07 20:09,3133.81,3135.9,3133.81,3134.5,14.33784604,3133.30000000,3135.37000000,3133.30000000,3133.92000000,119.74880000,,,,,,3133.3,3134.91,3133.3,3133.9,83.22299,3133.74,3133.75,3133.74,3133.75,20.08251339
2025-12-07 20:10,3134.61,3135.55,3134.09,3134.5,16.02205658,3133.93000000,3134.63000000,3133.34000000,3133.72000000,76.10070000,,,,,,3133.9,3134.63,3133.33,3133.73,50.37602,3134.2,3134.2,3134.19,3134.2,0.35456565999999995
2025-12-07 20:11,3134.51,3134.9,3134.25,3134.26,13.51963633,3133.72000000,3134.44000000,3133.72000000,3133.81000000,39.98500000,3135.4,3135.4,3134.7,3134.7,0.095,3133.73,3134.45,3133.72,3133.81,28.04732,3134.19,3134.2,3134.19,3134.2,0.28582332
2025-12-07 20:12,3134.26,3136.36,3134.26,3136.1,16.97994934,3133.82000000,3135.43000000,3133.82000000,3135.42000000,69.58140000,3136.1,3136.1,3136.1,3136.1,0.02,3133.81,3135.43,3133.81,3135.43,48.6353,3134.19,3134.2,3134.1,3134.19,4.05926958
2025-12-07 20:13,3136.1,3136.8,3135.82,3135.82,13.16252406,3135.43000000,3136.00000000,3135.42000000,3135.85000000,52.80140000,3136.4,3136.4,3136.4,3136.4,0.05,3135.43,3136.01,3135.42,3135.86,36.68043,3134.2,3134.2,3134.19,3134.2,0.09140596000000001
2025-12-07 20:14,3136.21,3136.55,3136.02,3136.52,4.42995637,3135.86000000,3135.86000000,3135.60000000,3135.84000000,11.81530000,3136.4,3136.4,3136.4,3136.4,0.0240038,3135.86,3135.86,3135.58,3135.85,8.61225,3134.2,3134.2,3134.2,3134.2,0.00082505
2025-12-07 20:15,3136.54,3138.31,3136.2,3136.71,18.51650081,3135.85000000,3137.43000000,3135.77000000,3136.09000000,86.46370000,3136.5,3137.7,3136.5,3137.7,0.024,3135.85,3137.43,3135.74,3136.08,60.27915,3134.34,3135.69,3134.34,3135.69,2.9244211000000004
2025-12-07 20:16,3136.61,3139.74,3136.61,3139.3,24.58123126,3136.08000000,3139.04000000,3136.08000000,3138.66000000,106.00700000,3137.8,3139.1,3137.8,3139.1,0.018000000000000002,3136.08,3139.05,3136.08,3138.66,67.95018,3135.69,3138.78,3135.69,3138.78,0.47635657
2025-12-07 20:17,3139.31,3140.55,3137.76,3137.76,32.71856833,3138.67000000,3140.00000000,3137.50000000,3137.50000000,108.32580000,3139.3,3139.7,3138.2,3138.2,0.16752,3138.66,3140.01,3137.5,3137.51,82.30877,3138.46,3138.46,3137.5,3137.5,1.04614079
2025-12-07 20:18,3137.96,3137.96,3136.08,3136.7,8.61942453,3137.50000000,3137.50000000,3136.09000000,3136.12000000,42.44750000,3138.2,3138.2,3138.2,3138.2,0.00753664,3137.51,3137.51,3136.08,3136.11,29.71395,3137.24,3137.24,3136.47,3136.47,3.1300534
2025-12-07 20:19,3136.7,3139.34,3136.7,3139.18,15.04754626,3136.12000000,3138.89000000,3136.12000000,3138.88000000,72.57550000,3139.5,3139.5,3139.5,3139.5,0.00194367,3136.11,3138.91,3136.11,3138.88,50.80762,3136.74,3137.24,3136.74,3137.24,1.08291631
2025-12-07 20:20,3139.19,3139.35,3138.17,3138.38,11.46233667,3138.88000000,3139.00000000,3138.00000000,3138.00000000,95.59720000,,,,,,3138.88,3139,3137.99,3138.01,56.84384,3137.24,3137.24,3137.23,3137.24,0.10728601
2025-12-07 20:21,3138.39,3139.4,3138.39,3139.17,6.28348436,3138.01000000,3138.70000000,3138.01000000,3138.70000000,32.56570000,,,,,,3138.01,3138.74,3138,3138.69,23.04787,3137.23,3137.24,3137.23,3137.23,0.5843094500000001
2025-12-07 20:22,3139.17,3141.45,3139.17,3141.16,17.03771823,3138.70000000,3140.71000000,3138.70000000,3140.71000000,139.93910000,3139.5,3141.1,3139.5,3141.1,0.01405633,3138.69,3140.73,3138.69,3140.71,107.76241,3137.24,3139.15,3137.24,3139.15,34.89145094
2025-12-07 20:23,3141.17,3145.9,3141.17,3143.57,84.09313666,3140.71000000,3145.58000000,3140.71000000,3143.74000000,350.36800000,3142.4,3144.8,3142.4,3144.8,0.01535368,3140.71,3145.57,3140.7,3144.49,235.2628,3139.15,3144.81,3139.15,3144.59,38.12770672
2025-12-07 20:24,3143.98,3146.97,3143.57,3146.4,27.17501419,3143.74000000,3146.42000000,3143.18000000,3145.79000000,412.70920000,3145.8,3147.0,3145.8,3146.4,0.9653043299999999,3144.49,3146.18,3143.18,3145.55,287.03979,3144.58,3145.0,3144.36,3144.99,301.90120175
2025-12-07 20:25,3146.35,3147.3,3144.01,3144.17,15.05980918,3145.78000000,3147.36000000,3143.63000000,3143.63000000,147.01910000,3147.0,3147.0,3147.0,3147.0,0.049999999999999996,3145.55,3146.86,3143.63,3143.63,101.21191,3145.0,3145.0,3144.9,3144.9,12.9784449
2025-12-07 20:26,3144.11,3145.68,3144.11,3145.4,7.01172542,3143.64000000,3144.83000000,3143.64000000,3144.68000000,49.59630000,3146.2,3146.2,3146.2,3146.2,0.05,3143.63,3144.83,3143.63,3144.67,34.68844,3144.91,3144.91,3144.9,3144.91,2.03756769
2025-12-07 20:27,3145.38,3145.38,3143.56,3143.56,9.9515467,3144.68000000,3144.68000000,3143.18000000,3143.18000000,47.11000000,3145.5,3145.5,3145.5,3145.5,0.00754291,3144.67,3144.68,3143.18,3143.18,31.84936,3144.91,3144.91,3144.9,3144.9,0.5838322699999999
2025-12-07 20:28,3143.57,3144.74,3143.31,3144.39,34.18505724,3143.19000000,3144.06000000,3142.83000000,3143.65000000,117.94610000,,,,,,3143.18,3144.06,3142.82,3144,82.3642,3144.9,3144.91,3144.9,3144.9,0.29932149
2025-12-07 20:29,3144.28,3144.95,3143.4,3143.4,28.81976263,3143.65000000,3144.00000000,3142.83000000,3142.84000000,72.08570000,3145.5,3145.5,3145.5,3145.5,0.00097144,3144,3144.05,3142.81,3142.84,51.79927,3144.9,3144.91,3144.9,3144.9,0.52761163
2025-12-07 20:30,3143.41,3144.0,3138.63,3139.65,82.70260679,3142.83000000,3143.45000000,3138.03000000,3139.06000000,375.23970000,3145.4,3145.4,3140.7,3140.7,10.25411101,3142.84,3143.45,3138.02,3139.66,229.12212,3144.9,3144.9,3138.68,3139.03,22.42397559
2025-12-07 20:31,3139.65,3140.23,3136.89,3136.89,73.32114523,3139.07000000,3139.59000000,3136.41000000,3136.41000000,130.39040000,3140.4,3140.4,3137.1,3137.1,2.11633999,3139.66,3139.66,3136.41,3136.42,114.46093,3138.71,3138.76,3138.44,3138.45,17.18488075
2025-12-07 20:32,3136.9,3138.88,3136.66,3138.73,23.3347115,3136.41000000,3138.22000000,3136.11000000,3137.65000000,30.30250000,,,,,,3136.42,3138.26,3136.11,3137.64,22.21343,3138.45,3138.45,3138.44,3138.45,0.22054505000000002
2025-12-07 20:33,3138.53,3138.56,3136.67,3137.33,47.57619549,3137.65000000,3137.65000000,3136.09000000,3136.49000000,54.86110000,3138.4,3138.4,3138.4,3138.4,0.00537,3137.64,3137.65,3136.09,3136.48,38.40501,3138.45,3138.45,3136.84,3136.97,7.912128979999999
2025-12-07 20:34,3136.96,3139.41,3136.96,3138.88,10.68084411,3136.49000000,3138.21000000,3136.48000000,3138.21000000,46.60730000,,,,,,3136.48,3138.21,3136.48,3138.21,32.61644,3137.03,3137.81,3136.78,3137.81,0.25471669
2025-12-07 20:35,3138.89,3141.0,3138.89,3140.39,29.7805906,3138.21000000,3140.31000000,3138.21000000,3139.49000000,81.90700000,3139.4,3140.4,3139.4,3140.4,0.014,3138.21,3140.31,3138.21,3139.5,51.98933,3137.82,3139.09,3137.82,3139.09,0.20545806
2025-12-07 20:36,3140.38,3142.64,3140.38,3141.3,39.17695413,3139.50000000,3141.91000000,3139.50000000,3140.53000000,91.60000000,3140.6,3142.0,3140.6,3142.0,0.014,3139.5,3141.94,3139.5,3140.86,63.69247,3139.08,3139.95,3139.08,3139.94,5.15086689
2025-12-07 20:37,3141.31,3141.82,3140.7,3141.81,25.69133216,3140.54000000,3140.86000000,3140.06000000,3140.86000000,26.36070000,,,,,,3140.86,3141.05,3140.02,3140.85,18.95093,3139.95,3141.36,3139.95,3140.99,40.55350597
2025-12-07 20:38,3141.88,3141.89,3138.52,3139.21,69.8065573,3140.86000000,3140.86000000,3138.00000000,3138.51000000,191.44520000,3142.0,3142.0,3139.8,3139.8,1.00210436,3140.85,3140.86,3138,3138.51,133.83599,3140.91,3140.91,3140.11,3140.11,0.11134739
2025-12-07 20:39,3139.37,3140.76,3139.37,3140.71,11.22401273,3138.51000000,3139.95000000,3138.51000000,3139.95000000,42.53610000,,,,,,3138.51,3139.97,3138.51,3139.95,30.55647,3140.12,3140.12,3139.49,3139.8,0.35845839
2025-12-07 20:40,3140.71,3140.99,3140.71,3140.92,13.53896656,3139.94000000,3139.95000000,3139.94000000,3139.95000000,8.46680000,3141.1,3141.3,3141.1,3141.3,0.5,3139.95,3139.95,3139.94,3139.94,5.60612,3140.11,3140.11,3140.11,3140.11,0.032046929999999994
2025-12-07 20:41,3140.71,3141.6,3140.0,3140.57,44.72138066,3139.95000000,3140.93000000,3139.94000000,3140.25000000,78.37890000,3141.0,3141.0,3141.0,3141.0,0.09110321,3139.94,3140.54,3139.94,3140.25,55.19062,3140.1,3140.11,3140.1,3140.11,0.496541
2025-12-07 20:42,3140.56,3141.62,3139.82,3141.29,16.75002443,3140.25000000,3140.87000000,3139.46000000,3140.86000000,63.39470000,3141.3,3141.3,3141.3,3141.3,0.00494,3140.25,3140.87,3139.46,3140.87,43.81633,3140.1,3140.12,3139.33,3140.12,3.0769664
2025-12-07 20:43,3141.3,3143.36,3141.29,3143.35,29.26404821,3140.87000000,3142.71000000,3140.86000000,3142.70000000,58.04580000,3141.4,3142.9,3141.4,3142.9,0.026000000000000002,3140.87,3142.72,3140.86,3142.7,40.14065,3140.12,3140.12,3140.12,3140.12,0.77652265
2025-12-07 20:44,3143.36,3144.31,3142.32,3143.26,56.95937173,3142.71000000,3143.69000000,3141.71000000,3142.78000000,188.22740000,3143.0,3144.3,3143.0,3144.3,0.01500624,3142.7,3143.69,3141.71,3143.25,130.53153,3140.62,3141.34,3140.62,3141.34,0.06
2025-12-07 20:45,3143.25,3143.25,3141.75,3142.2,40.75692004,3142.77000000,3142.77000000,3141.37000000,3141.66000000,32.92020000,,,,,,3143.25,3143.25,3141.37,3141.65,20.6892,3142.07,3142.07,3142.0,3142.0,1.0650833599999998
2025-12-07 20:46,3142.21,3143.69,3142.12,3142.36,13.85229341,3141.66000000,3143.05000000,3141.60000000,3141.61000000,50.14460000,,,,,,3141.65,3143.07,3141.58,3141.6,26.18538,3142.0,3142.01,3142.0,3142.01,0.08541565
2025-12-07 20:47,3142.36,3143.0,3141.91,3142.95,24.00907734,3141.61000000,3142.50000000,3141.59000000,3142.49000000,67.14480000,,,,,,3141.6,3142.51,3141.59,3142.49,51.72637,3142.0,3142.0,3141.58,3141.99,1.59524026
2025-12-07 20:48,3142.98,3143.25,3141.45,3142.07,27.80104739,3142.49000000,3142.68000000,3141.01000000,3141.33000000,56.04300000,3142.5,3142.5,3142.5,3142.5,0.01743192,3142.49,3142.7,3141.01,3141.32,43.42136,3141.44,3141.51,3140.95,3141.06,2.05561214
2025-12-07 20:49,3141.93,3142.34,3140.04,3141.35,67.96367891,3141.32000000,3141.61000000,3141.00000000,3141.00000000,58.84020000,3142.4,3142.4,3142.4,3142.4,0.15317,3141.32,3141.63,3141,3141,41.19441,3141.07,3141.46,3140.73,3140.73,1.50902775
2025-12-07 20:50,3141.35,3141.51,3139.8,3140.28,79.07390966,3141.01000000,3141.01000000,3139.28000000,3139.85000000,65.61580000,3142.3,3142.3,3141.8,3141.8,0.005,3141,3141,3139.29,3139.85,43.49909,3140.73,3140.73,3140.72,3140.73,0.03388619
2025-12-07 20:51,3140.29,3143.1,3140.29,3141.3,45.41584833,3139.85000000,3142.86000000,3139.84000000,3140.95000000,125.81130000,3142.5,3143.1,3142.5,3143.1,3.8472159,3139.85,3141.53,3139.84,3140.95,88.0581,3140.72,3141.67,3140.72,3141.37,3.55447537
2025-12-07 20:52,3141.3,3141.31,3138.9,3139.25,30.99410652,3140.95000000,3140.95000000,3138.63000000,3138.76000000,84.66910000,3141.7,3141.7,3140.8,3140.8,0.01,3140.95,3140.95,3138.59,3138.76,53.18767,3141.38,3141.38,3140.72,3140.72,4.31906409
2025-12-07 20:53,3139.05,3139.98,3138.76,3139.74,27.40805966,3138.76000000,3139.46000000,3138.34000000,3139.45000000,80.43030000,,,,,,3138.76,3139.48,3138.34,3139.45,62.37944,3140.73,3140.73,3138.71,3139.72,112.43434092
2025-12-07 20:54,3139.83,3141.15,3139.83,3140.7,15.08221046,3139.46000000,3140.55000000,3139.45000000,3140.54000000,87.77980000,,,,,,3139.45,3140.55,3139.45,3140.54,64.19461,3139.73,3140.61,3139.73,3140.61,0.004028739999999999
2025-12-07 20:55,3140.95,3142.95,3140.46,3142.95,46.67011054,3140.55000000,3142.88000000,3140.39000000,3142.87000000,113.61370000,3142.1,3142.9,3142.1,3142.9,0.014,3140.54,3142.35,3140.39,3142.35,77.13147,3140.62,3140.62,3140.62,3140.62,0.01771541
2025-12-07 20:56,3142.95,3143.0,3142.18,3142.55,13.03604843,3142.87000000,3142.88000000,3142.24000000,3142.25000000,39.96560000,,,,,,3142.35,3142.88,3142.25,3142.25,30.33457,3140.61,3140.62,3140.61,3140.62,0.06678730000000001
2025-12-07 20:57,3142.56,3143.1,3142.55,3143.0,2.04138942,3142.24000000,3142.64000000,3142.24000000,3142.64000000,19.03780000,,,,,,3142.25,3142.64,3142.25,3142.64,12.23412,3140.62,3140.62,3140.61,3140.61,0.10099477999999999
2025-12-07 20:58,3142.99,3142.99,3142.51,3142.94,9.70881802,3142.64000000,3142.64000000,3142.13000000,3142.40000000,36.12940000,,,,,,3142.64,3142.64,3142.12,3142.39,24.15012,3140.62,3140.62,3140.61,3140.62,0.20621319
2025-12-07 20:59,3142.95,3142.95,3141.45,3141.46,26.04456129,3142.39000000,3142.40000000,3141.19000000,3141.19000000,20.21280000,3143.0,3143.0,3143.0,3143.0,0.4,3142.39,3142.4,3141.2,3141.2,19.37283,3140.61,3140.62,3140.61,3140.61,0.47259969
2025-12-07 21:00,3141.45,3141.45,3138.51,3138.99,36.38468857,3141.20000000,3141.20000000,3138.31000000,3138.63000000,93.29680000,3141.8,3141.8,3139.9,3139.9,0.19738999999999998,3141.2,3141.2,3138.31,3138.62,54.23203,3140.62,3140.62,3138.4,3138.42,7.68127606
2025-12-07 21:01,3139.01,3139.39,3134.71,3134.8,162.07631644,3138.62000000,3138.63000000,3134.50000000,3134.50000000,121.33500000,3139.1,3139.1,3137.5,3137.5,0.008,3138.62,3138.63,3134.49,3134.51,102.64113,3138.41,3138.41,3134.56,3134.56,4.10339494
2025-12-07 21:02,3134.79,3134.79,3129.74,3131.4,132.69276154,3134.49000000,3134.49000000,3129.43000000,3130.94000000,470.47320000,3134.9,3134.9,3131.4,3132.2,0.8041,3134.51,3134.51,3129.23,3131.3,330.38262,3134.56,3134.56,3130.09,3130.96,18.28476834
2025-12-07 21:03,3131.25,3133.19,3129.47,3132.17,149.94937441,3130.95000000,3132.39000000,3129.50000000,3131.85000000,245.71570000,3131.6,3131.6,3131.0,3131.0,5.16695614,3131.3,3132.39,3129.5,3132.39,168.20322,3130.94,3131.18,3130.94,3131.17,0.5341811
2025-12-07 21:04,3132.17,3133.95,3132.17,3133.92,29.13623865,3131.86000000,3133.50000000,3131.85000000,3133.50000000,131.86380000,3133.0,3134.1,3133.0,3134.1,0.004,3132.39,3133.3,3131.85,3133.25,83.83262,3131.18,3131.21,3131.17,3131.21,17.204692859999998
2025-12-07 21:05,3134.09,3134.39,3133.43,3133.95,24.34965119,3133.49000000,3134.00000000,3133.44000000,3133.54000000,73.44560000,3134.3,3134.7,3134.3,3134.7,0.008,3133.25,3133.82,3133.25,3133.69,46.83644,3131.85,3131.85,3131.84,3131.84,0.36419333
2025-12-07 21:06,3133.81,3133.89,3129.02,3130.58,191.81987999,3133.53000000,3133.53000000,3128.61000000,3130.21000000,359.71610000,3133.9,3133.9,3129.2,3130.5,17.19050371,3133.69,3133.69,3128.72,3130.21,244.42572,3131.85,3131.85,3130.01,3130.53,15.57210306
2025-12-07 21:07,3130.58,3130.58,3127.69,3128.7,109.88678288,3130.21000000,3130.22000000,3127.68000000,3127.77000000,217.08730000,3129.1,3129.1,3128.5,3128.5,0.128,3130.21,3130.22,3127.66,3128.52,133.85918,3130.52,3130.52,3130.0,3130.01,1.30131299
2025-12-07 21:08,3128.55,3131.1,3128.46,3131.1,25.74215661,3127.77000000,3130.36000000,3127.76000000,3130.34000000,130.49650000,3130.8,3131.2,3130.8,3131.2,0.00673586,3128.52,3130.2,3127.74,3130.2,105.93771,3130.0,3130.01,3130.0,3130.01,0.43907084
2025-12-07 21:09,3131.25,3132.9,3131.25,3132.9,57.79295902,3130.36000000,3132.50000000,3130.36000000,3132.50000000,61.14500000,3131.8,3132.5,3131.8,3132.5,0.008,3130.2,3131.99,3130.2,3131.98,50.51141,3130.01,3130.01,3130.0,3130.01,2.1563665000000003
2025-12-07 21:10,3133.05,3137.25,3133.05,3137.1,24.56142219,3132.50000000,3136.54000000,3132.50000000,3136.54000000,122.83330000,3132.7,3137.7,3132.7,3137.7,1.61124497,3131.98,3136.53,3131.98,3136.53,68.09465,3130.45,3134.56,3130.45,3134.55,1.6962099700000002
2025-12-07 21:11,3137.09,3137.09,3134.55,3134.55,51.50048662,3136.53000000,3136.53000000,3133.73000000,3133.73000000,63.41860000,,,,,,3136.53,3136.54,3134.15,3134.2,59.69867,3134.56,3135.25,3134.3,3134.31,1.14626568
2025-12-07 21:12,3134.4,3134.4,3132.3,3132.51,38.71965734,3133.72000000,3133.72000000,3131.81000000,3131.82000000,51.77010000,3135.3,3135.3,3133.4,3133.8,10.001,3134.2,3134.2,3131.77,3131.81,37.3008,3133.82,3133.82,3133.81,3133.82,0.05904815
2025-12-07 21:13,3132.51,3133.2,3130.65,3131.03,46.49344379,3131.81000000,3132.58000000,3130.29000000,3130.30000000,122.55640000,3133.2,3133.2,3131.9,3131.9,0.0142592,3131.81,3132.61,3130.29,3130.29,85.6788,3133.81,3133.81,3132.46,3132.46,0.11140800000000001
2025-12-07 21:14,3131.03,3132.18,3130.9,3131.8,22.48545737,3130.30000000,3131.53000000,3130.29000000,3131.16000000,56.73920000,,,,,,3130.29,3131.56,3130.29,3131.53,33.83876,3132.45,3132.45,3130.49,3131.41,22.803036419999998
2025-12-07 21:15,3131.81,3131.82,3129.76,3131.56,48.00798026,3131.16000000,3131.16000000,3128.86000000,3130.67000000,98.85490000,3131.8,3131.8,3131.3,3131.3,0.003,3131.53,3131.53,3128.86,3130.68,60.6801,3130.0,3130.26,3130.0,3130.26,0.32956558
2025-12-07 21:16,3131.54,3133.65,3131.32,3133.64,59.78066191,3130.67000000,3133.13000000,3130.67000000,3133.13000000,153.03800000,3133.2,3133.7,3133.2,3133.7,0.012,3130.68,3133.09,3130.67,3132.88,94.50931,3130.26,3131.22,3130.25,3131.21,3.25260515
2025-12-07 21:17,3133.6,3133.61,3131.5,3132.15,49.9852455,3133.12000000,3133.12000000,3131.51000000,3131.51000000,45.75030000,,,,,,3132.88,3133.13,3131.47,3131.51,44.84962,3131.22,3132.87,3131.22,3131.94,0.41888135
2025-12-07 21:18,3132.0,3133.25,3130.97,3133.25,30.45900515,3131.51000000,3132.60000000,3130.27000000,3132.60000000,116.86800000,,,,,,3131.51,3132.62,3130.28,3132.6,81.80449,3131.06,3131.89,3131.06,3131.89,0.05081945
2025-12-07 21:19,3133.25,3133.49,3131.71,3131.71,42.28187054,3132.60000000,3132.95000000,3131.20000000,3131.21000000,84.51330000,,,,,,3132.6,3132.61,3131.2,3131.21,57.68273,3131.66,3131.89,3131.66,3131.88,0.13892703
2025-12-07 21:20,3131.7,3131.8,3128.75,3130.31,42.15377597,3131.21000000,3131.21000000,3128.32000000,3129.66000000,102.55890000,3131.9,3131.9,3129.9,3129.9,0.014,3131.21,3131.21,3128.29,3129.66,71.59719,3131.67,3131.67,3130.56,3130.56,1.28135225
2025-12-07 21:21,3130.46,3130.94,3125.98,3126.51,108.42440646,3129.67000000,3130.11000000,3125.35000000,3126.13000000,192.11380000,3129.6,3129.6,3128.2,3128.2,0.03391061,3129.66,3129.67,3125.81,3126.13,103.4089,3130.55,3130.55,3125.71,3126.0,3.37351563
2025-12-07 21:22,3126.53,3128.7,3126.53,3127.5,57.63089833,3126.13000000,3127.98000000,3126.13000000,3126.77000000,117.18980000,3127.7,3127.7,3127.7,3127.7,0.08,3126.13,3127.99,3126.13,3126.77,113.28337,3126.84,3126.85,3126.63,3126.63,3.46175234
2025-12-07 21:23,3127.5,3127.95,3121.71,3125.25,253.63764141,3126.78000000,3127.23000000,3122.82000000,3124.67000000,485.88460000,3127.7,3127.7,3124.8,3125.8,18.72479014,3126.77,3127.23,3122.65,3124.53,334.76667,3126.63,3126.63,3124.08,3124.08,21.168030950000002
2025-12-07 21:24,3125.16,3125.61,3121.87,3124.95,116.20713619,3124.66000000,3124.82000000,3122.91000000,3124.79000000,190.72460000,3125.5,3125.7,3124.4,3125.7,0.300978,3124.53,3124.84,3123.52,3124.79,123.71905,3124.09,3124.09,3123.7,3123.71,0.23936273000000002
2025-12-07 21:25,3124.99,3124.99,3122.67,3122.67,62.42506308,3124.79000000,3124.79000000,3122.06000000,3122.07000000,214.18370000,3124.1,3124.1,3124.1,3124.1,0.05,3124.79,3124.79,3122.51,3122.55,99.37599,3123.71,3123.71,3123.7,3123.71,7.05573713
2025-12-07 21:26,3122.56,3123.1,3118.14,3119.01,172.27547535,3122.06000000,3122.73000000,3117.61000000,3118.26000000,518.42480000,3123.8,3123.8,3120.6,3120.6,15.563,3122.55,3122.55,3118.36,3118.8,417.04761,3123.71,3123.71,3119.55,3119.55,49.40112454
2025-12-07 21:27,3119.01,3119.43,3116.99,3118.8,57.17124114,3118.27000000,3118.85000000,3116.55000000,3118.44000000,240.80080000,3118.7,3119.2,3118.0,3119.2,4.57251566,3118.8,3118.86,3116.94,3118.45,120.40213,3119.17,3119.17,3116.25,3116.74,11.6417687
2025-12-07 21:28,3118.8,3118.8,3116.14,3118.15,65.07436556,3118.44000000,3118.44000000,3116.62000000,3117.92000000,105.78400000,,,,,,3118.45,3118.45,3116.62,3117.93,127.8733,3116.73,3116.74,3116.73,3116.74,2.07575641
2025-12-07 21:29,3118.33,3120.49,3118.33,3118.55,33.83584748,3117.93000000,3119.82000000,3117.93000000,3118.18000000,206.55370000,3119.1,3119.8,3119.1,3119.3,3.1941785,3117.93,3119.73,3117.92,3118.15,150.84449,3116.74,3119.02,3116.74,3119.01,3.2136883800000002
2025-12-07 21:30,3118.55,3121.3,3117.61,3121.3,36.04410261,3118.18000000,3120.96000000,3117.14000000,3120.94000000,191.84540000,3120.5,3121.4,3120.5,3121.4,0.01873,3118.15,3120.98,3118.15,3120.95,131.78297,3119.01,3119.01,3119.0,3119.01,0.83386753
2025-12-07 21:31,3121.19,3124.64,3121.19,3124.48,28.16414154,3120.94000000,3124.39000000,3120.93000000,3124.10000000,230.69340000,3121.5,3124.4,3121.5,3124.4,0.016,3120.95,3124.39,3120.93,3124.09,162.45643,3119.01,3122.73,3119.01,3122.73,7.05243023
2025-12-07 21:32,3124.44,3125.74,3123.0,3125.74,20.30816358,3124.09000000,3124.96000000,3122.84000000,3124.96000000,145.03890000,3124.3,3124.9,3123.7,3124.9,1.4712,3124.09,3124.98,3122.81,3124.95,121.08855,3122.72,3122.73,3122.72,3122.72,6.36006607
2025-12-07 21:33,3125.36,3130.1,3124.58,3130.1,57.00810956,3124.95000000,3129.36000000,3124.49000000,3129.31000000,397.05630000,3125.2,3129.4,3125.2,3129.4,0.32355,3124.95,3129.23,3124.48,3129.23,254.93342,3122.73,3127.19,3122.72,3127.19,1.9153186599999998
2025-12-07 21:34,3129.91,3130.47,3128.25,3129.17,58.11494679,3129.32000000,3129.89000000,3127.64000000,3128.78000000,130.59060000,3129.7,3129.8,3129.4,3129.4,1.70562716,3129.23,3129.89,3127.6,3128.79,113.8429,3127.19,3127.84,3127.19,3127.84,0.03047681
2025-12-07 21:35,3129.01,3129.01,3126.71,3126.97,37.99047124,3128.78000000,3128.79000000,3126.50000000,3126.51000000,59.25950000,3129.0,3129.0,3129.0,3129.0,0.00479386,3128.79,3128.79,3126.72,3126.74,39.13872,3127.8,3127.8,3127.8,3127.8,0.23951289
2025-12-07 21:36,3126.78,3128.18,3124.04,3124.38,36.39667818,3126.50000000,3127.84000000,3123.66000000,3123.66000000,77.97680000,3128.5,3128.5,3126.6,3126.6,0.011,3126.74,3127.88,3123.99,3123.99,52.35708,3127.21,3127.22,3124.51,3124.51,5.2340736
2025-12-07 21:37,3124.04,3124.92,3121.0,3122.7,47.83898013,3123.67000000,3124.51000000,3120.50000000,3122.44000000,155.67590000,3126.3,3126.3,3123.0,3123.0,0.64735496,3123.99,3124.2,3120.97,3122.44,60.75598,3123.99,3123.99,3122.1,3122.1,4.89919011
2025-12-07 21:38,3122.7,3123.1,3119.01,3120.0,87.77810767,3122.44000000,3122.73000000,3118.40000000,3119.38000000,234.60700000,3122.9,3122.9,3121.1,3121.1,1.44300807,3122.44,3122.74,3119.67,3119.67,97.54114,3122.1,3122.1,3120.15,3120.15,3.10202596
2025-12-07 21:39,3120.01,3120.01,3114.36,3116.16,136.59301637,3119.38000000,3119.38000000,3113.78000000,3115.79000000,649.56850000,3120.7,3120.7,3115.2,3115.6,8.37793106,3119.67,3119.67,3114.47,3115.49,532.25445,3119.65,3119.65,3114.43,3114.51,69.35763104
2025-12-07 21:40,3116.17,3117.92,3115.81,3116.5,60.29869007,3115.80000000,3117.67000000,3115.32000000,3115.98000000,66.55690000,3116.8,3117.4,3116.8,3117.4,0.2,3115.49,3117.71,3115.49,3116.21,70.79757,3115.35,3115.35,3115.34,3115.35,4.9792974999999995
2025-12-07 21:41,3116.25,3116.5,3112.75,3113.3,77.12525033,3115.98000000,3115.98000000,3112.87000000,3112.87000000,186.23650000,3116.1,3116.1,3115.5,3115.5,0.003,3116.21,3116.21,3112.88,3112.88,148.20744,3115.34,3115.35,3114.43,3114.43,0.57284852
2025-12-07 21:42,3113.3,3113.84,3104.0,3104.98,222.55813656,3112.88000000,3113.54000000,3103.59000000,3104.57000000,1430.04630000,3115.2,3115.2,3105.9,3105.9,0.70284323,3112.88,3113.55,3103.93,3104.25,711.32765,3114.43,3114.43,3105.0,3105.0,205.77468425
2025-12-07 21:43,3105.14,3107.78,3104.94,3106.69,56.79190762,3104.57000000,3107.30000000,3104.57000000,3106.44000000,351.93950000,3107.3,3108.0,3107.3,3108.0,0.052000000000000005,3104.25,3107.31,3104.25,3107.07,566.50604,3105.0,3105.01,3105.0,3105.01,4.36231413
2025-12-07 21:44,3106.89,3109.34,3106.65,3107.56,56.16536647,3106.43000000,3108.81000000,3106.43000000,3107.02000000,67.34320000,3108.6,3108.6,3107.6,3108.1,0.32624703,3107.07,3108.83,3106.39,3107.01,47.68461,3105.01,3106.82,3105.01,3106.54,9.85342125
2025-12-07 21:45,3107.52,3108.1,3096.33,3098.11,264.17319177,3107.02000000,3107.64000000,3097.37000000,3097.72000000,447.21390000,3107.3,3107.3,3101.0,3101.0,0.16626226,3107.01,3107.14,3098,3098,110.92228,3106.22,3106.47,3096.95,3096.95,122.94884989
2025-12-07 21:46,3098.08,3105.77,3093.3,3104.29,322.28051142,3097.71000000,3105.39000000,3091.54000000,3105.39000000,1298.48250000,3100.0,3106.2,3096.2,3106.2,12.20010516,3098,3104.16,3093.89,3104.16,404.28531,3096.95,3103.03,3093.3,3103.02,17.57622113
2025-12-07 21:47,3105.58,3105.58,3099.0,3099.74,81.95557804,3105.38000000,3105.38000000,3098.50000000,3099.30000000,257.33030000,3101.5,3101.5,3100.2,3100.2,0.18955216,3104.16,3105.3,3098.47,3098.82,155.8346,3103.03,3103.03,3099.86,3099.86,1.40138076
2025-12-07 21:48,3099.73,3099.73,3086.64,3087.76,299.53973624,3099.29000000,3099.29000000,3085.56000000,3088.08000000,2025.70830000,3099.4,3099.4,3089.1,3089.6,37.79004887,3098.82,3098.82,3086.98,3088.3,69.41122,3099.62,3099.62,3086.78,3088.95,30.53705366
2025-12-07 21:49,3088.34,3092.59,3085.69,3090.08,141.55776206,3088.07000000,3092.65000000,3085.52000000,3089.97000000,979.86060000,3092.5,3092.5,3088.0,3091.2,24.36769246,3088.3,3092.01,3085.23,3089.96,53.16007,3089.96,3090.25,3086.29,3086.33,17.26040676
2025-12-07 21:50,3089.86,3091.35,3086.25,3087.16,23.60084978,3089.96000000,3091.25000000,3085.67000000,3086.98000000,319.33340000,3091.9,3092.2,3088.8,3088.8,0.23452001,3089.96,3091.55,3086.02,3086.98,258.2964,3087.77,3090.73,3087.77,3090.07,5.12975982
2025-12-07 21:51,3087.15,3087.2,3084.1,3084.6,18.96253357,3086.99000000,3086.99000000,3084.07000000,3084.87000000,393.99220000,3087.7,3087.7,3087.2,3087.2,0.509,3086.98,3086.98,3084.07,3084.07,265.99138,3086.04,3086.44,3086.03,3086.03,1.42319764
2025-12-07 21:52,3084.31,3086.09,3082.09,3083.27,65.51089917,3084.86000000,3085.91000000,3081.50000000,3083.00000000,321.40830000,3086.3,3086.3,3083.9,3084.9,6.074242,3084.07,3085.5,3082.29,3082.98,144.32286,3086.03,3086.03,3082.93,3084.14,3.3925175
2025-12-07 21:53,3083.26,3085.96,3081.8,3084.7,33.20662926,3083.01000000,3085.64000000,3081.84000000,3084.62000000,130.65690000,3083.6,3086.2,3083.6,3086.2,0.252,3082.98,3085.3,3081.81,3084.61,237.6876,3083.48,3083.6,3082.97,3083.6,0.32983447
2025-12-07 21:54,3084.78,3084.79,3076.83,3078.16,90.82304748,3084.63000000,3084.63000000,3076.08000000,3077.90000000,477.95250000,3084.8,3084.8,3078.7,3080.2,2.90818864,3084.61,3084.63,3077.02,3077.87,327.98216,3084.0,3084.0,3077.3,3078.5,62.42366535
2025-12-07 21:55,3078.17,3082.6,3073.58,3080.25,1751.74033009,3077.90000000,3082.50000000,3072.80000000,3079.93000000,677.14070000,3077.1,3082.0,3074.7,3082.0,5.27694079,3077.87,3082.01,3072.99,3079.95,225.71962,3077.29,3080.59,3073.23,3080.5,323.19796088000004
2025-12-07 21:56,3080.22,3081.14,3071.91,3072.03,66.39306848,3079.94000000,3080.99000000,3071.05000000,3071.27000000,297.99670000,3079.4,3079.4,3072.5,3072.9,6.92177552,3079.95,3081.03,3071.24,3071.25,219.27332,3079.92,3080.39,3074.22,3074.22,12.83267121
2025-12-07 21:57,3072.0,3075.21,3070.5,3075.21,38.24821977,3071.26000000,3074.94000000,3069.40000000,3074.94000000,1203.22320000,3071.3,3075.6,3071.3,3075.6,13.87635068,3071.25,3072.73,3070,3072.73,1062.10575,3072.76,3072.76,3070.35,3072.21,9.28077558
2025-12-07 21:58,3075.3,3081.9,3073.42,3080.89,96.91520616,3074.94000000,3080.92000000,3073.50000000,3079.79000000,395.51670000,3077.1,3081.6,3077.1,3081.6,2.44294785,3072.73,3080.92,3072.73,3080.92,197.60473,3073.7,3079.08,3073.7,3079.08,20.84494405
2025-12-07 21:59,3080.41,3089.72,3078.0,3085.62,91.76586699,3079.79000000,3089.14000000,3077.21000000,3085.35000000,587.15280000,3081.1,3090.1,3081.1,3086.9,11.027025309999999,3080.92,3088.69,3078,3085.36,428.33321,3079.08,3086.96,3078.25,3086.37,59.513238799999996
2025-12-07 22:00,3085.61,3086.4,3081.85,3083.2,42.79412246,3085.34000000,3086.37000000,3081.60000000,3082.63000000,330.32210000,3085.7,3086.3,3082.9,3084.3,8.26981148,3085.36,3086.2,3082.24,3082.6,155.3634,3086.37,3086.37,3081.29,3082.89,1.18421834
2025-12-07 22:01,3083.1,3083.1,3075.2,3077.16,53.3072299,3082.63000000,3082.64000000,3074.63000000,3076.48000000,441.31120000,3083.4,3083.4,3076.7,3077.7,17.27007877,3082.6,3082.64,3075.01,3075.01,177.58036,3082.82,3082.82,3076.34,3076.34,5.3801656200000005
2025-12-07 22:02,3077.05,3077.19,3074.15,3074.56,38.51543506,3076.48000000,3076.83000000,3073.68000000,3073.88000000,278.13830000,3077.8,3077.8,3076.5,3076.5,2.83365185,3075.01,3076.48,3074.14,3074.15,442.34202,3076.33,3076.33,3074.03,3075.27,0.32279001
2025-12-07 22:03,3074.55,3075.0,3067.76,3069.01,198.9238886,3073.89000000,3074.55000000,3066.39000000,3067.83000000,530.92430000,3075.4,3075.4,3071.0,3072.4,1.55276403,3074.15,3074.15,3067.4,3070.08,175.48161,3074.05,3074.06,3069.0,3071.35,18.49791385
2025-12-07 22:04,3069.0,3070.57,3064.14,3064.9,106.352193,3067.83000000,3070.08000000,3064.12000000,3064.26000000,568.87310000,3070.1,3070.1,3066.5,3066.5,12.36165975,3070.08,3070.08,3063.67,3064.52,563.0221,3070.0,3070.01,3065.75,3065.75,9.204797639999999
2025-12-07 22:05,3064.75,3065.69,3046.9,3047.55,424.92723232,3064.26000000,3065.02000000,3045.70000000,3047.16000000,2938.95260000,3066.4,3066.4,3049.8,3051.0,9.76438232,3064.52,3065.02,3046.33,3046.57,1086.05188,3065.45,3065.45,3048.07,3048.44,62.09595658
2025-12-07 22:06,3047.89,3048.89,3038.8,3039.34,549.95697881,3047.17000000,3048.44000000,3038.64000000,3038.68000000,1090.50860000,3048.0,3048.9,3041.5,3042.8,37.48672503,3046.57,3047.97,3039.85,3040.49,285.34419,3048.43,3048.43,3038.91,3039.57,61.42503273
2025-12-07 22:07,3039.66,3039.66,3022.93,3025.69,346.43600199,3038.68000000,3038.68000000,3023.20000000,3024.92000000,2667.29920000,3041.7,3041.7,3025.3,3027.1,34.88030678,3040.49,3040.49,3023.96,3025.89,702.85136,3039.34,3039.34,3024.72,3025.31,64.32157593
2025-12-07 22:08,3025.29,3041.61,3025.29,3040.23,172.87893345,3024.93000000,3039.59000000,3024.92000000,3039.49000000,851.41400000,3027.9,3039.6,3027.9,3038.1,2.52794785,3025.89,3039.76,3025.89,3037.51,437.17526,3028.27,3040.14,3026.65,3039.79,10.09706184
2025-12-07 22:09,3040.18,3042.15,3032.92,3040.81,103.74247661,3039.50000000,3042.31000000,3031.78000000,3040.50000000,859.02810000,3041.6,3042.2,3036.3,3042.2,0.0215,3037.51,3041.54,3031.94,3040.48,404.51636,3039.27,3041.35,3034.72,3040.91,6.78452702
2025-12-07 22:10,3040.88,3054.99,3039.9,3053.82,77.1503456,3040.50000000,3057.36000000,3038.90000000,3055.94000000,1128.89370000,3043.2,3056.7,3043.2,3056.7,2.66599707,3040.48,3055.21,3040,3055.04,400.49064,3040.68,3054.7,3040.43,3054.7,28.45604748
2025-12-07 22:11,3051.0,3059.92,3051.0,3057.49,54.89827764,3055.95000000,3059.28000000,3049.38000000,3056.97000000,723.46130000,3051.7,3058.6,3051.7,3058.6,2.69971375,3055.04,3058.69,3051.74,3058.69,614.6218,3054.69,3056.94,3051.62,3056.94,21.48068597
2025-12-07 22:12,3057.41,3057.49,3042.16,3042.7,108.99256707,3056.97000000,3056.98000000,3041.58000000,3042.00000000,881.70240000,3055.2,3058.1,3044.9,3044.9,12.56642383,3058.69,3058.69,3041.58,3041.75,677.14343,3056.93,3056.93,3044.3,3044.3,19.94870385
2025-12-07 22:13,3042.74,3045.72,3038.04,3041.79,142.63963808,3042.04000000,3044.56000000,3037.32000000,3040.98000000,761.97030000,3044.6,3045.3,3040.6,3042.8,1.17136493,3041.75,3043.61,3039.2,3040.97,686.84599,3043.71,3044.28,3039.95,3042.24,12.203939740000001
2025-12-07 22:14,3041.79,3046.95,3040.65,3044.25,104.23285808,3040.97000000,3046.72000000,3040.29000000,3043.62000000,550.07470000,3042.8,3047.8,3042.8,3045.3,3.6870000000000003,3040.97,3046.54,3040.41,3044.7,385.70409,3042.24,3045.49,3042.24,3044.43,1.08123286
2025-12-07 22:15,3044.25,3045.6,3033.29,3037.9,129.34272001,3043.62000000,3045.34000000,3032.84000000,3036.96000000,529.79970000,3045.0,3045.0,3036.5,3036.5,0.0262,3044.7,3044.7,3035.52,3036.97,323.27708,3044.42,3044.42,3035.85,3036.07,6.17288066
2025-12-07 22:16,3037.42,3037.48,3030.96,3036.24,116.0848582,3036.97000000,3036.97000000,3030.22000000,3035.77000000,409.48580000,3035.3,3036.9,3033.6,3036.9,0.556,3036.97,3036.97,3029.98,3033.4,409.43492,3035.24,3035.24,3033.1,3033.69,7.206977309999999
2025-12-07 22:17,3036.6,3043.67,3035.75,3041.4,243.83801679,3035.78000000,3043.00000000,3035.14000000,3041.06000000,402.26970000,3037.4,3043.5,3037.4,3043.5,3.79203773,3033.4,3042.5,3033.4,3041.51,368.8923,3034.04,3041.97,3034.04,3041.07,6.31065461
2025-12-07 22:18,3041.41,3042.9,3032.89,3032.89,32.67300875,3041.06000000,3042.60000000,3032.01000000,3032.01000000,275.14390000,3041.6,3041.6,3035.2,3035.2,0.02,3041.51,3041.51,3032.09,3032.17,147.49235,3041.02,3041.02,3034.05,3034.05,1.84644912
2025-12-07 22:19,3032.85,3036.17,3030.13,3034.15,36.82370197,3032.00000000,3035.00000000,3029.71000000,3033.00000000,431.52350000,3033.7,3033.7,3033.7,3033.7,0.80831595,3032.17,3033.5,3030.11,3033,375.26003,3034.04,3034.04,3031.91,3033.22,3.06859106
2025-12-07 22:20,3033.71,3036.03,3031.36,3036.03,25.62132077,3033.01000000,3035.38000000,3030.89000000,3035.20000000,372.93230000,3035.6,3036.5,3035.6,3036.5,0.005,3033,3033.61,3031.76,3033.21,257.82716,3033.21,3033.22,3033.21,3033.22,0.35142931
2025-12-07 22:21,3035.49,3039.98,3031.68,3038.94,60.40436501,3035.21000000,3039.50000000,3031.15000000,3038.44000000,332.45720000,3036.9,3040.4,3035.1,3040.3,1.32131595,3033.21,3039,3031.12,3038.14,214.31915,3033.22,3039.72,3033.22,3039.72,3.69458266
2025-12-07 22:22,3038.85,3040.94,3036.55,3036.55,15.71829315,3038.44000000,3040.20000000,3036.07000000,3036.08000000,179.84020000,3041.3,3041.9,3041.3,3041.9,0.003,3038.14,3038.59,3036.06,3036.08,151.05148,3039.03,3039.04,3037.8,3037.8,1.67028622
2025-12-07 22:23,3036.52,3036.68,3033.0,3036.09,31.92947177,3036.07000000,3036.07000000,3032.17000000,3035.43000000,297.78490000,3037.8,3037.8,3035.8,3037.6,0.021,3036.08,3036.08,3032.17,3035.42,208.54354,3037.79,3037.79,3033.31,3034.86,0.5685619199999999
2025-12-07 22:24,3035.48,3035.79,3032.71,3034.5,34.73159155,3035.42000000,3035.47000000,3032.00000000,3033.71000000,241.56070000,3036.0,3036.0,3035.5,3035.7,0.03201332,3035.42,3035.5,3031.97,3033.52,131.50925,3033.42,3033.74,3032.83,3033.74,2.4300311900000002
2025-12-07 22:25,3034.29,3040.15,3033.31,3039.59,22.10035569,3033.71000000,3039.52000000,3032.40000000,3039.52000000,243.76050000,3036.8,3041.3,3036.8,3041.3,0.115,3033.52,3039.1,3032.4,3039.1,119.20152,3033.27,3038.0,3033.27,3038.0,3.91157584
2025-12-07 22:26,3039.75,3049.79,3039.75,3043.36,119.7152965,3039.52000000,3049.74000000,3039.52000000,3042.84000000,816.05950000,3041.7,3049.4,3041.7,3047.5,0.96431595,3039.1,3049.38,3039.1,3043.02,646.84566,3038.01,3048.41,3038.01,3045.89,6.34633743
2025-12-07 22:27,3043.35,3043.35,3038.2,3041.41,49.66224691,3042.84000000,3042.84000000,3037.50000000,3040.45000000,328.55530000,3045.0,3045.0,3043.6,3043.6,0.055,3043.02,3043.02,3038.32,3040.52,279.6053,3045.27,3045.27,3040.29,3041.82,1.60691067
2025-12-07 22:28,3041.41,3042.15,3038.41,3041.23,30.26371158,3040.44000000,3041.49000000,3037.58000000,3040.62000000,245.66610000,3041.7,3041.7,3041.1,3041.1,0.004,3040.52,3040.84,3038.18,3040.59,119.37845,3041.81,3041.81,3039.64,3040.31,0.77700415
2025-12-07 22:29,3041.24,3046.35,3041.24,3046.19,26.55763662,3040.62000000,3046.51000000,3040.62000000,3045.77000000,296.43840000,3043.2,3046.9,3043.2,3046.9,0.19649988000000002,3040.59,3045.79,3040.59,3045.79,264.85826,3040.31,3045.26,3040.31,3045.26,10.26171536
2025-12-07 22:30,3046.34,3046.34,3041.41,3044.7,41.53261846,3045.76000000,3045.76000000,3040.95000000,3044.06000000,233.32080000,3044.9,3045.2,3044.3,3045.2,0.20674815,3045.79,3045.79,3041.06,3043.32,152.16717,3044.5,3044.5,3041.82,3042.86,0.86332925
2025-12-07 22:31,3044.76,3047.4,3042.67,3043.75,97.25301643,3044.07000000,3046.94000000,3042.09000000,3043.17000000,333.11520000,3046.5,3048.5,3045.7,3045.7,45.542629149999996,3043.32,3046.98,3042.08,3043.21,140.96089,3042.86,3045.27,3042.53,3042.71,7.16244925
2025-12-07 22:32,3043.75,3044.3,3037.38,3043.51,65.89324124,3043.17000000,3044.49000000,3037.00000000,3042.59000000,414.59290000,3045.6,3045.6,3040.5,3044.8,0.022,3043.21,3043.65,3038,3042.54,355.95564,3042.95,3044.19,3039.95,3044.19,0.5678094100000001
2025-12-07 22:33,3043.51,3048.22,3043.51,3048.01,49.87713743,3042.59000000,3047.46000000,3042.59000000,3046.64000000,349.18400000,3046.1,3048.8,3046.1,3048.8,0.060000000000000005,3042.54,3047.05,3042.54,3046.64,275.06717,3044.07,3047.06,3044.06,3047.06,1.75683153
2025-12-07 22:34,3047.29,3065.22,3047.29,3059.58,201.21399356,3046.65000000,3063.99000000,3046.65000000,3059.36000000,1123.50450000,3049.8,3056.1,3049.8,3056.1,3.2452638,3046.64,3063.38,3046.64,3059.01,433.91261,3047.42,3064.83,3047.42,3059.69,95.52629654
2025-12-07 22:35,3059.58,3059.58,3050.1,3052.81,48.53868058,3059.37000000,3059.37000000,3049.35000000,3052.26000000,361.15470000,3054.8,3054.8,3054.2,3054.2,0.003,3059.01,3059.36,3050.02,3050.13,586.52957,3059.68,3059.68,3052.16,3052.16,1.09638989
2025-12-07 22:36,3052.93,3055.95,3048.85,3048.85,81.23962229,3052.27000000,3055.50000000,3047.82000000,3047.83000000,317.96420000,3056.0,3056.2,3051.0,3051.0,4.12654967,3050.13,3055.53,3050.05,3050.05,163.31588,3052.16,3055.77,3048.04,3048.04,7.3609827899999996
2025-12-07 22:37,3048.67,3052.2,3046.8,3049.31,82.12957521,3047.82000000,3051.49000000,3046.00000000,3048.77000000,300.66860000,3050.7,3050.7,3050.4,3050.4,0.003,3050.05,3051.45,3047.32,3049.24,290.73222,3050.59,3051.6,3049.19,3051.6,1.4655501900000003
2025-12-07 22:38,3049.31,3051.51,3048.61,3050.15,33.28277434,3048.77000000,3050.78000000,3047.94000000,3049.47000000,176.52420000,,,,,,3049.24,3050.8,3047.93,3049.42,149.75431,3051.59,3051.59,3050.83,3050.83,0.25331342
2025-12-07 22:39,3050.15,3059.99,3049.92,3056.23,64.29919547,3049.47000000,3058.50000000,3049.06000000,3055.61000000,204.29780000,3052.2,3058.2,3052.2,3056.8,0.4915,3049.42,3056.45,3049.07,3055.62,142.6369,3050.83,3057.13,3050.83,3055.75,11.32466131
2025-12-07 22:40,3056.35,3057.27,3050.11,3050.71,37.10344311,3055.62000000,3055.88000000,3049.02000000,3049.97000000,241.21840000,3055.1,3055.1,3053.2,3053.2,1.006,3055.62,3055.62,3049.05,3049.05,155.03149,3055.74,3055.74,3052.15,3052.15,20.996003010000003
2025-12-07 22:41,3050.5,3054.9,3048.03,3048.03,57.52379502,3049.96000000,3054.22000000,3047.04000000,3047.04000000,307.87380000,3054.5,3055.3,3050.7,3050.7,3.89970822,3049.05,3053.69,3047.03,3047.05,229.21592,3051.61,3052.7,3050.23,3050.23,4.8353500700000005
2025-12-07 22:42,3048.0,3051.9,3045.91,3051.29,33.67241402,3047.04000000,3051.42000000,3045.22000000,3051.00000000,144.62950000,3049.9,3049.9,3048.2,3048.4,0.8173,3047.05,3051.42,3045.84,3051,104.82183,3049.88,3050.5,3048.08,3049.63,3.61646207
2025-12-07 22:43,3051.51,3052.8,3051.51,3052.64,46.22365976,3051.00000000,3052.36000000,3051.00000000,3052.27000000,75.73600000,3053.0,3053.3,3053.0,3053.3,0.604,3051,3052.27,3050.97,3052.26,53.70083,3050.23,3051.97,3050.23,3051.97,0.09785246
2025-12-07 22:44,3052.64,3056.2,3052.05,3054.57,27.97617491,3052.26000000,3055.50000000,3051.95000000,3053.90000000,134.48130000,3053.6,3056.3,3053.6,3056.3,0.23262058,3052.26,3055.53,3051.94,3053.6,93.97267,3051.96,3053.74,3051.96,3053.39,2.61502081
2025-12-07 22:45,3054.53,3056.27,3053.7,3053.97,11.15441226,3053.91000000,3055.86000000,3053.16000000,3053.72000000,63.88830000,,,,,,3053.6,3055.88,3053.15,3053.71,43.28683,3053.75,3053.75,3053.74,3053.75,0.74078683
2025-12-07 22:46,3054.14,3054.55,3052.45,3053.14,5.58164718,3053.72000000,3054.48000000,3051.71000000,3052.63000000,68.39610000,,,,,,3053.71,3054.51,3051.86,3052.64,48.53674,3053.63,3053.63,3053.61,3053.62,0.08715319999999999
2025-12-07 22:47,3053.14,3063.15,3053.14,3062.3,83.52163672,3052.64000000,3062.57000000,3052.64000000,3061.73000000,193.53850000,3055.1,3060.7,3055.1,3060.7,0.111,3052.64,3062.49,3052.63,3061.76,134.99526,3053.61,3060.78,3053.61,3060.78,26.9183765
2025-12-07 22:48,3062.26,3062.26,3053.86,3053.88,152.06089106,3061.72000000,3061.72000000,3053.32000000,3053.32000000,143.39940000,3059.4,3059.4,3057.4,3057.4,0.003,3061.76,3061.76,3053.39,3053.39,97.58217,3059.84,3059.84,3056.22,3056.22,5.2492232
2025-12-07 22:49,3053.86,3054.66,3050.84,3052.57,34.92190749,3053.31000000,3053.66000000,3050.10000000,3052.04000000,224.13130000,3056.3,3056.3,3053.5,3054.8,0.11700304,3053.39,3053.66,3050.45,3052.35,108.93929,3056.21,3056.21,3053.15,3054.21,9.53186457
2025-12-07 22:50,3052.57,3055.71,3052.57,3055.68,5.93613712,3052.04000000,3055.00000000,3052.04000000,3055.00000000,46.98100000,3055.1,3055.4,3055.1,3055.4,0.004,3052.35,3055.03,3052.35,3054.99,48.76785,3053.16,3053.16,3053.15,3053.16,1.48102749
2025-12-07 22:51,3055.68,3056.47,3051.41,3053.33,22.65531175,3054.99000000,3055.86000000,3050.60000000,3052.66000000,62.70640000,3056.2,3056.7,3053.4,3053.4,0.537,3054.99,3055.88,3050.6,3052.67,47.51627,3053.16,3054.03,3053.16,3053.16,2.86393931
2025-12-07 22:52,3052.95,3053.51,3047.17,3048.72,31.56455115,3052.67000000,3053.00000000,3046.53000000,3047.86000000,239.34230000,3053.2,3053.2,3048.1,3048.1,0.015,3052.67,3053.01,3049,3049,87.58161,3053.16,3053.2,3049.13,3049.13,2.4108196399999997
2025-12-07 22:53,3048.72,3048.72,3042.0,3046.04,103.9791015,3047.86000000,3047.86000000,3041.40000000,3045.29000000,312.75810000,3049.3,3049.3,3046.4,3046.4,2.5474043799999997,3049,3049,3042.73,3045.29,298.86457,3049.12,3049.12,3042.87,3043.87,3.53486572
2025-12-07 22:54,3046.04,3047.7,3039.01,3040.8,90.51033655,3045.29000000,3047.50000000,3038.15000000,3040.89000000,241.08950000,3048.4,3048.4,3043.8,3043.8,0.006,3045.29,3047.21,3038,3040.04,160.93709,3043.88,3044.57,3040.4,3040.41,1.03549345
2025-12-07 22:55,3041.1,3041.1,3013.2,3026.71,350.49820151,3040.88000000,3040.97000000,3013.73000000,3025.98000000,2219.50520000,3041.3,3041.3,3017.0,3029.2,19.27157118,3040.04,3040.04,3012.48,3025.98,488.35685,3040.4,3040.4,3013.71,3026.65,60.62004117
2025-12-07 22:56,3027.6,3035.99,3027.6,3031.8,68.59157488,3025.98000000,3036.06000000,3025.98000000,3031.81000000,524.69500000,3033.0,3036.1,3030.9,3030.9,1.16352495,3025.98,3034.5,3025.98,3029.82,293.02092,3028.37,3033.12,3028.37,3032.03,7.8041187
2025-12-07 22:57,3030.9,3034.35,3028.49,3034.35,97.31496554,3031.80000000,3034.31000000,3028.04000000,3034.16000000,264.56360000,3031.0,3035.6,3030.9,3035.3,0.36000000000000004,3029.82,3034.16,3028.05,3034.15,186.86621,3031.27,3032.03,3030.56,3032.03,0.51806464
2025-12-07 22:58,3034.5,3040.18,3031.34,3037.98,34.54126648,3034.16000000,3039.44000000,3031.05000000,3038.06000000,227.03390000,3034.4,3038.5,3034.3,3038.5,0.92697758,3034.15,3037.64,3031.68,3037.64,74.36882,3032.27,3037.2,3032.27,3037.2,4.71578276
2025-12-07 22:59,3037.97,3038.49,3032.38,3034.21,27.10091248,3038.06000000,3038.70000000,3032.03000000,3033.59000000,207.72230000,3036.1,3036.1,3036.1,3036.1,0.002,3037.64,3037.64,3032.26,3034.13,335.31986,3035.48,3035.48,3033.73,3033.73,0.11332303
2025-12-07 23:00,3034.21,3039.05,3032.41,3038.69,68.98081174,3033.59000000,3038.23000000,3031.78000000,3038.18000000,189.98880000,3035.8,3039.8,3034.6,3039.8,1.7120000000000002,3034.13,3038.29,3032.23,3038.29,115.06988,3033.73,3036.34,3033.72,3036.34,8.498778190000001
2025-12-07 23:01,3038.69,3044.29,3038.2,3038.5,94.4761415,3038.18000000,3043.43000000,3037.86000000,3038.13000000,265.83480000,3039.9,3044.9,3039.9,3044.9,1.07047144,3038.29,3043.42,3038.05,3038.14,146.05985,3036.34,3041.75,3036.34,3040.47,0.7799845999999999
2025-12-07 23:02,3038.51,3041.01,3034.62,3039.84,60.75713798,3038.14000000,3040.50000000,3034.35000000,3039.54000000,186.47730000,3040.4,3041.6,3037.4,3041.6,0.06919646,3038.14,3039.54,3036.3,3039.52,59.00398,3040.47,3041.25,3037.12,3040.33,4.4906552
2025-12-07 23:03,3039.76,3043.06,3038.41,3039.5,61.54417446,3039.54000000,3042.42000000,3038.09000000,3039.07000000,277.97830000,3041.5,3043.3,3040.5,3040.8,0.58892354,3039.52,3042.68,3037.99,3039.06,316.30911,3040.17,3040.67,3039.89,3039.9,1.70510383
2025-12-07 23:04,3039.5,3039.9,3035.1,3039.47,69.20288752,3039.06000000,3039.60000000,3034.69000000,3039.08000000,105.51580000,3040.3,3040.6,3038.4,3040.6,0.11888,3039.06,3039.61,3034.66,3038.27,69.78563,3039.89,3039.89,3037.47,3038.27,0.12260883
2025-12-07 23:05,3039.47,3039.47,3030.88,3031.95,82.3042529,3039.08000000,3039.26000000,3030.02000000,3031.18000000,236.91580000,3038.6,3038.6,3034.3,3034.3,0.25302242,3038.27,3038.27,3030.03,3030.03,41.91737,3037.47,3037.47,3032.3,3032.3,0.36941517
2025-12-07 23:06,3031.65,3031.65,3025.8,3026.9,62.60283622,3031.19000000,3031.19000000,3025.50000000,3025.75000000,375.80570000,3033.0,3033.0,3027.2,3027.2,0.326,3030.03,3030.03,3026.05,3026.05,286.24335,3032.3,3032.3,3027.69,3027.69,104.72063353
2025-12-07 23:07,3026.27,3033.15,3026.11,3031.66,40.67042071,3025.76000000,3032.40000000,3025.63000000,3031.00000000,278.72520000,3027.7,3033.7,3027.7,3033.7,0.40900000000000003,3026.05,3032.42,3026.05,3030.92,269.75458,3027.7,3032.14,3027.69,3031.08,7.894443659999999
2025-12-07 23:08,3031.58,3032.34,3029.41,3031.1,65.19924265,3031.01000000,3031.63000000,3028.97000000,3030.54000000,166.95780000,3032.1,3032.1,3031.8,3031.8,1.66674558,3030.92,3031.8,3028.98,3030.53,145.8441,3030.55,3031.16,3030.5,3031.16,0.01582209
2025-12-07 23:09,3030.76,3032.4,3027.3,3027.3,80.32384251,3030.53000000,3031.53000000,3026.68000000,3026.68000000,311.08960000,3032.9,3032.9,3030.2,3030.2,0.01498536,3030.53,3031.54,3027.96,3028.01,58.10914,3031.46,3031.71,3029.56,3029.56,20.15791231
2025-12-07 23:10,3027.29,3035.7,3026.11,3035.7,88.61139035,3026.68000000,3035.75000000,3025.50000000,3035.74000000,215.04320000,3030.0,3036.6,3029.6,3036.6,6.60384422,3028.01,3032.63,3027.17,3032.63,235.35502,3028.63,3033.19,3028.63,3033.19,2.68931905
2025-12-07 23:11,3035.84,3036.45,3031.88,3032.22,47.09454864,3035.74000000,3035.85000000,3031.40000000,3031.82000000,147.41280000,3036.9,3037.2,3034.0,3034.0,0.006,3032.63,3035.22,3031.37,3031.82,127.23195,3034.07,3034.07,3034.05,3034.05,0.00073964
2025-12-07 23:12,3032.22,3035.01,3032.22,3033.78,25.05829886,3031.82000000,3034.38000000,3031.65000000,3032.81000000,83.63080000,,,,,,3031.82,3033.72,3031.64,3033.72,98.4463,3033.82,3033.87,3033.01,3033.02,3.1624559199999998
2025-12-07 23:13,3033.6,3037.75,3032.99,3035.42,86.0720032,3032.81000000,3036.42000000,3032.51000000,3034.78000000,80.93410000,3035.3,3037.7,3035.3,3037.3,22.81183411,3033.72,3035.99,3032.52,3034.77,66.67753,3033.4,3035.79,3033.4,3035.01,0.61251737
2025-12-07 23:14,3035.51,3036.15,3033.22,3033.85,45.38607133,3034.78000000,3035.45000000,3032.75000000,3033.37000000,286.67530000,3035.9,3035.9,3034.7,3034.7,0.506,3034.77,3034.78,3032.76,3033.37,201.84935,3035.09,3035.09,3034.98,3034.98,0.21570163
2025-12-07 23:15,3033.85,3037.86,3033.73,3037.79,101.21689709,3033.38000000,3037.49000000,3033.38000000,3037.13000000,191.02710000,3037.0,3038.7,3036.4,3038.7,0.11199999999999999,3033.37,3036.74,3033.37,3036.73,115.52757,3034.99,3036.67,3034.98,3036.67,3.36501766
2025-12-07 23:16,3037.51,3041.4,3035.41,3039.98,52.87582221,3037.14000000,3040.88000000,3035.54000000,3039.57000000,168.94100000,3038.8,3041.6,3038.8,3041.6,0.10800000000000001,3036.73,3039.58,3035.54,3039.58,59.25443,3037.01,3039.01,3037.0,3039.01,0.15612035999999999
2025-12-07 23:17,3039.89,3039.93,3036.82,3038.43,94.72422132,3039.57000000,3039.57000000,3035.99000000,3037.97000000,169.98610000,3040.2,3040.2,3039.4,3039.8,6.15677336,3039.58,3039.58,3035.89,3037.98,180.93468,3039.81,3039.82,3038.2,3038.43,0.03391765
2025-12-07 23:18,3038.49,3038.49,3034.5,3036.18,85.48185873,3037.98000000,3037.98000000,3034.03000000,3035.97000000,199.20320000,3039.1,3039.1,3037.5,3037.5,0.014,3037.98,3037.98,3034.03,3035.97,140.45322,3038.18,3038.18,3034.99,3035.14,1.9254992299999998
2025-12-07 23:19,3036.44,3036.44,3034.18,3036.3,50.94967907,3035.96000000,3035.97000000,3033.74000000,3035.97000000,73.26160000,3037.2,3037.2,3036.7,3036.7,0.004,3035.97,3035.99,3033.73,3035.5,48.05116,3035.18,3035.28,3035.17,3035.27,0.07854218
2025-12-07 23:20,3036.45,3041.0,3036.07,3039.5,82.32143038,3035.97000000,3040.10000000,3035.71000000,3039.14000000,161.91870000,3038.0,3041.0,3038.0,3041.0,0.011,3035.5,3040.08,3035.5,3039.35,107.37634,3035.84,3038.57,3035.84,3038.57,3.4339419899999997
2025-12-07 23:21,3039.49,3041.55,3039.41,3041.55,112.5430727,3039.14000000,3041.25000000,3038.84000000,3041.25000000,148.72050000,3041.3,3042.6,3041.3,3042.6,1.2713535599999999,3039.35,3040.92,3039.09,3040.71,97.6984,3039.36,3040.95,3039.36,3040.95,0.08169642
2025-12-07 23:22,3041.7,3046.3,3040.9,3045.51,101.19975496,3041.24000000,3045.25000000,3040.78000000,3045.25000000,571.90700000,3043.5,3045.2,3043.5,3045.2,0.007,3040.71,3045.24,3040.71,3045.24,312.3347,3040.95,3043.97,3040.69,3043.97,0.67622171
2025-12-07 23:23,3045.61,3046.04,3043.41,3045.8,43.57101929,3045.25000000,3045.50000000,3042.96000000,3045.41000000,79.73790000,,,,,,3045.24,3045.44,3043.11,3045.41,151.3174,3043.98,3045.43,3043.98,3045.42,0.2150917
2025-12-07 23:24,3045.8,3048.51,3045.76,3046.74,58.25164971,3045.42000000,3048.15000000,3045.29000000,3046.39000000,200.56550000,3048.3,3048.4,3048.3,3048.4,0.10200000000000001,3045.41,3048.44,3045.13,3046.19,139.18639,3045.43,3046.82,3045.43,3046.82,14.49240044
2025-12-07 23:25,3046.8,3047.13,3044.13,3045.75,40.02320678,3046.40000000,3046.58000000,3043.77000000,3045.38000000,117.80290000,3047.1,3047.1,3046.7,3046.7,0.10300000000000001,3046.19,3046.32,3043.87,3045.38,80.50076,3046.83,3046.83,3046.01,3046.01,3.74329292
2025-12-07 23:26,3045.75,3046.61,3043.33,3045.98,24.16704132,3045.37000000,3046.00000000,3043.13000000,3045.56000000,103.15030000,3046.5,3047.4,3045.9,3047.4,0.681,3045.38,3046.01,3043.56,3045.39,72.79996,3045.44,3045.44,3045.43,3045.44,0.34455142
2025-12-07 23:27,3046.12,3049.5,3046.12,3049.5,101.02461106,3045.57000000,3049.00000000,3045.57000000,3048.99000000,229.77890000,3047.3,3050.3,3047.3,3050.1,1.78147963,3045.39,3049.01,3045.39,3049,161.33746,3045.44,3048.04,3045.44,3048.04,3.67991269
2025-12-07 23:28,3049.49,3050.7,3048.23,3048.95,43.42397933,3049.00000000,3049.81000000,3048.00000000,3048.66000000,160.39060000,3050.5,3051.0,3050.5,3051.0,0.15000000000000002,3049,3049.78,3048,3048.38,110.99583,3048.04,3049.49,3048.04,3049.49,1.63072687
2025-12-07 23:29,3049.13,3049.13,3047.1,3047.8,33.31463412,3048.67000000,3049.15000000,3046.91000000,3047.59000000,95.62370000,3049.3,3049.3,3049.3,3049.3,0.1,3048.38,3048.7,3046.91,3047.59,67.93377,3049.5,3049.51,3049.5,3049.51,1.33279302
2025-12-07 23:30,3047.79,3047.79,3045.22,3045.4,12.99955794,3047.58000000,3047.58000000,3044.70000000,3044.92000000,174.33330000,3049.2,3049.2,3048.0,3048.0,0.10400000000000001,3047.59,3047.59,3044.85,3044.89,98.07967,3049.5,3049.5,3047.15,3047.15,8.80791404
2025-12-07 23:31,3045.31,3046.5,3043.81,3044.41,41.60287235,3044.93000000,3046.12000000,3043.75000000,3044.13000000,104.67530000,3047.9,3048.4,3047.1,3048.4,3.202,3044.89,3045.99,3043.75,3044.63,69.51732,3047.15,3047.15,3044.94,3045.07,1.45085284
2025-12-07 23:32,3044.41,3049.34,3044.41,3048.68,37.36092455,3044.14000000,3048.50000000,3044.14000000,3047.99000000,69.68250000,3048.8,3050.0,3048.8,3050.0,0.022,3044.63,3048.5,3044.12,3048.02,49.74038,3045.77,3047.15,3045.77,3047.15,2.59189555
2025-12-07 23:33,3048.61,3050.73,3047.26,3050.17,65.15854819,3047.98000000,3049.96000000,3046.90000000,3049.66000000,157.27080000,3050.1,3051.5,3050.1,3051.5,0.01,3048.02,3049.96,3046.89,3049.96,110.5312,3047.15,3050.0,3047.15,3050.0,1.19543318
2025-12-07 23:34,3050.15,3050.15,3048.01,3048.28,16.79814387,3049.65000000,3049.85000000,3047.53000000,3047.79000000,71.77990000,,,,,,3049.96,3049.96,3047.54,3047.78,52.72773,3050.0,3050.0,3049.99,3049.99,1.3929974600000001
2025-12-07 23:35,3048.29,3050.09,3047.41,3047.71,58.56804618,3047.79000000,3049.83000000,3047.15000000,3047.34000000,67.58770000,3050.8,3050.8,3049.1,3049.1,0.30000000000000004,3047.78,3049.39,3047.76,3047.82,42.50936,3050.0,3050.0,3049.99,3049.99,43.52494666
2025-12-07 23:36,3047.71,3050.57,3047.41,3049.3,27.46876423,3047.33000000,3049.96000000,3047.01000000,3049.16000000,318.03970000,3051.0,3051.6,3051.0,3051.0,0.10569345000000001,3047.82,3049.7,3046.98,3049.17,222.65891,3049.99,3049.99,3049.62,3049.62,3.7893593099999996
2025-12-07 23:37,3049.31,3050.87,3047.87,3048.49,58.47761462,3049.17000000,3049.94000000,3048.00000000,3048.52000000,459.78240000,,,,,,3049.17,3049.94,3047.99,3048.52,321.93154,3049.63,3049.63,3049.63,3049.63,0.017592359999999998
2025-12-07 23:38,3048.48,3048.48,3044.26,3044.8,74.4714234,3048.51000000,3048.51000000,3043.90000000,3044.75000000,607.72300000,3049.7,3049.7,3047.5,3047.5,0.015,3048.52,3048.52,3044.46,3044.5,298.57984,3049.62,3049.62,3046.29,3046.29,0.15912377
2025-12-07 23:39,3044.85,3045.65,3039.31,3043.37,97.11620123,3044.75000000,3044.76000000,3038.84000000,3042.83000000,362.41280000,3047.2,3047.2,3041.3,3044.4,0.25381655000000003,3044.5,3044.5,3040.01,3042.82,380.47772,3046.28,3046.28,3039.43,3039.43,20.289151399999998
2025-12-07 23:40,3043.11,3043.11,3039.7,3039.7,16.70987502,3042.83000000,3042.83000000,3039.59000000,3039.60000000,61.02470000,,,,,,3042.82,3042.82,3039.58,3039.59,38.78348,3041.9,3041.9,3040.36,3040.36,54.043069190000004
2025-12-07 23:41,3039.9,3039.9,3036.37,3038.99,29.18620127,3039.60000000,3039.60000000,3036.18000000,3038.81000000,242.43130000,3041.9,3041.9,3039.1,3039.1,20.006999999999998,3039.59,3039.59,3036.38,3038.81,169.68717,3040.36,3040.36,3038.75,3038.76,0.08609292
2025-12-07 23:42,3038.99,3039.01,3036.89,3038.38,22.40830883,3038.81000000,3038.81000000,3036.83000000,3038.11000000,93.37130000,,,,,,3038.81,3038.82,3036.84,3038.11,65.39386,3038.76,3038.76,3038.76,3038.76,0.46278590000000003
2025-12-07 23:43,3038.37,3040.2,3038.11,3040.2,12.7469287,3038.11000000,3039.84000000,3037.74000000,3039.84000000,40.72280000,3040.4,3040.4,3040.4,3040.4,0.001,3038.11,3039.84,3037.75,3039.84,28.28892,3038.76,3038.76,3038.75,3038.75,0.14710362
2025-12-07 23:44,3040.0,3041.1,3039.31,3040.88,17.64101555,3039.83000000,3040.96000000,3039.09000000,3040.85000000,239.45120000,3041.2,3041.7,3041.2,3041.7,0.01157462,3039.84,3040.98,3039.48,3040.85,167.83458,3038.76,3038.76,3038.76,3038.76,3.91821151
2025-12-07 23:45,3040.88,3041.75,3039.38,3040.5,61.59646233,3040.85000000,3041.38000000,3039.00000000,3040.54000000,177.85520000,3041.9,3042.4,3041.9,3042.4,0.31749,3040.85,3041.39,3038.99,3039.67,115.84881,3039.56,3040.35,3039.56,3039.89,0.08671264
2025-12-07 23:46,3040.65,3043.98,3040.35,3043.67,9.81887996,3040.54000000,3043.40000000,3040.04000000,3043.21000000,98.68070000,3042.5,3044.3,3042.5,3044.3,0.013000000000000001,3039.67,3043.41,3039.67,3043.4,65.14741,3039.89,3041.9,3039.89,3041.9,2.3357378900000003
2025-12-07 23:47,3043.64,3046.5,3043.45,3046.39,11.88858659,3043.20000000,3045.90000000,3043.20000000,3045.90000000,56.55270000,3044.4,3046.3,3044.4,3046.3,0.018000000000000002,3043.4,3045.85,3043.2,3045.79,46.13767,3042.66,3044.87,3042.66,3044.87,0.0992112
2025-12-07 23:48,3046.4,3050.22,3046.4,3049.47,20.99211682,3045.91000000,3049.45000000,3045.91000000,3049.20000000,884.64910000,3048.5,3050.1,3048.5,3050.1,0.01,3045.79,3049.45,3045.79,3049.2,621.34555,3044.87,3048.83,3044.87,3048.83,0.30425749
2025-12-07 23:49,3049.48,3051.91,3048.76,3051.0,36.55282474,3049.20000000,3051.40000000,3048.40000000,3050.49000000,178.37010000,3050.4,3052.3,3050.4,3052.3,0.008,3049.2,3051.4,3048.4,3050.48,124.9555,3048.97,3050.22,3048.97,3050.22,0.026939260000000003
2025-12-07 23:50,3050.99,3052.95,3049.39,3052.1,82.20348807,3050.48000000,3052.43000000,3048.90000000,3051.52000000,206.71790000,,,,,,3050.48,3052.19,3048.88,3051.52,74.46422,3049.74,3050.83,3049.74,3050.83,2.8374396699999997
2025-12-07 23:51,3052.1,3055.05,3051.61,3053.86,76.36215415,3051.51000000,3054.33000000,3051.19000000,3053.29000000,169.77310000,3053.6,3054.9,3053.6,3054.9,0.15436938,3051.52,3054.33,3051.17,3053.29,142.7758,3050.84,3052.67,3050.84,3052.67,0.24456266
2025-12-07 23:52,3053.86,3053.86,3050.25,3050.85,125.15219903,3053.29000000,3053.29000000,3049.77000000,3050.33000000,239.18290000,3053.3,3053.3,3053.1,3053.1,0.99855575,3053.29,3053.3,3049.75,3049.77,195.08371,3052.09,3052.09,3050.85,3050.85,6.20217316
2025-12-07 23:53,3050.91,3052.6,3050.91,3052.19,24.00693338,3050.33000000,3051.74000000,3050.33000000,3051.62000000,73.88740000,,,,,,3049.77,3051.65,3049.77,3051.65,62.11013,3051.86,3051.86,3050.98,3051.8,1.99039159
2025-12-07 23:54,3052.1,3053.3,3051.71,3053.23,14.24426773,3051.62000000,3052.50000000,3051.18000000,3052.47000000,68.37400000,,,,,,3051.65,3052.5,3051.14,3052.47,40.80524,3051.79,3051.94,3051.4,3051.94,2.15817907
2025-12-07 23:55,3053.22,3061.19,3053.21,3059.74,124.95870665,3052.48000000,3060.55000000,3052.47000000,3059.04000000,1071.67980000,3054.4,3062.1,3054.4,3062.1,1.0166262099999999,3052.47,3060.67,3052.47,3059.48,481.48038,3052.08,3059.93,3052.08,3059.34,11.90769922
2025-12-07 23:56,3059.6,3062.01,3057.02,3057.16,81.686181,3059.04000000,3060.90000000,3056.50000000,3056.50000000,564.09080000,3062.0,3062.0,3060.4,3060.4,0.052000000000000005,3059.48,3060.63,3058.08,3058.09,503.18169,3059.99,3059.99,3058.45,3058.45,10.26483775
2025-12-07 23:57,3057.16,3061.2,3056.26,3061.0,106.88676225,3056.51000000,3060.89000000,3055.70000000,3060.42000000,279.44930000,3059.1,3063.0,3058.5,3063.0,1.03568061,3058.09,3059.6,3055.92,3059.58,289.89334,3058.44,3060.86,3057.02,3060.86,13.333457460000002
2025-12-07 23:58,3061.01,3062.76,3060.58,3062.75,32.69784585,3060.48000000,3062.57000000,3060.00000000,3062.10000000,333.67410000,3062.7,3063.2,3062.7,3063.2,0.5,3059.58,3061.55,3059.58,3061.52,260.30672,3060.91,3060.98,3060.91,3060.98,0.00606144
2025-12-07 23:59,3062.61,3065.65,3060.02,3061.0,174.36169548,3062.10000000,3064.88000000,3059.55000000,3059.85000000,666.29730000,3063.3,3064.8,3062.6,3062.6,0.25891154,3061.52,3063.81,3059.51,3059.63,504.3818,3062.0,3064.28,3060.35,3060.35,0.50470711
2025-12-08 00:00,3060.71,3061.12,3054.01,3054.71,83.87682746,3059.86000000,3060.42000000,3053.28000000,3054.05000000,635.14310000,3061.7,3061.7,3056.8,3056.8,0.016,3059.63,3060.41,3053.68,3054.06,358.1693,3060.19,3060.51,3055.49,3055.49,3.5508949000000003
2025-12-08 00:01,3054.7,3055.98,3050.61,3054.9,45.14621549,3054.04000000,3055.32000000,3050.11000000,3054.35000000,353.99420000,3056.6,3056.6,3052.9,3055.8,0.82996,3054.06,3054.06,3051.02,3054.06,283.99105,3055.48,3055.48,3052.08,3054.53,3.9576021399999997
2025-12-08 00:02,3054.89,3057.93,3054.11,3056.4,18.25797701,3054.36000000,3057.59000000,3053.44000000,3055.76000000,228.24980000,3056.1,3058.0,3056.1,3058.0,0.008,3054.06,3056.71,3053.98,3055.75,191.34539,3054.53,3056.21,3054.53,3056.21,0.31141016
2025-12-08 00:03,3056.41,3058.05,3056.16,3056.57,74.19709819,3055.76000000,3057.38000000,3055.56000000,3055.72000000,110.67260000,,,,,,3055.75,3057.39,3055.66,3056.26,77.282,3056.38,3056.65,3056.38,3056.65,1.26164105
2025-12-08 00:04,3056.31,3060.3,3056.31,3059.15,159.57427261,3055.73000000,3059.62000000,3055.73000000,3058.91000000,282.94490000,3058.1,3059.7,3058.1,3059.7,0.016,3056.26,3059.43,3055.88,3058.93,193.12699,3056.3,3059.74,3056.3,3059.48,14.44737022
2025-12-08 00:05,3059.1,3060.55,3057.52,3058.5,113.25660155,3058.91000000,3059.62000000,3057.06000000,3057.98000000,110.69410000,3060.8,3060.8,3060.8,3060.8,3.5,3058.93,3059.63,3057.25,3057.52,55.49177,3058.81,3058.88,3058.8,3058.81,0.0928496
2025-12-08 00:06,3058.65,3058.65,3052.8,3053.86,73.83133154,3057.97000000,3057.97000000,3051.88000000,3053.57000000,124.04020000,3058.4,3058.4,3055.4,3055.4,0.017,3057.52,3058,3052.4,3053.15,100.33544,3058.81,3058.81,3054.53,3054.53,1.66613022
2025-12-08 00:07,3054.0,3057.54,3054.0,3057.3,182.33017092,3053.56000000,3057.45000000,3053.56000000,3056.88000000,74.12770000,3057.0,3057.9,3057.0,3057.9,0.008,3053.15,3057.48,3053.15,3056.77,44.98913,3054.7,3055.37,3054.7,3055.37,1.9201323799999999
2025-12-08 00:08,3057.45,3059.22,3052.05,3052.05,104.84027174,3056.89000000,3058.53000000,3052.19000000,3052.19000000,122.29270000,3058.2,3058.9,3055.6,3055.6,0.016,3056.77,3058.53,3052.53,3052.53,73.7671,3055.37,3058.89,3053.88,3053.88,1.72926819
2025-12-08 00:09,3051.91,3055.19,3051.91,3054.5,85.10702979,3052.19000000,3055.31000000,3052.09000000,3054.48000000,79.82150000,,,,,,3052.53,3054.8,3052.53,3054.04,72.2334,3054.85,3054.88,3054.42,3054.42,0.72244597
2025-12-08 00:10,3054.6,3054.6,3050.5,3051.55,48.10337027,3054.47000000,3054.48000000,3050.11000000,3051.24000000,150.69320000,3054.7,3054.9,3053.9,3053.9,0.27863191,3054.04,3054.04,3050.72,3051.24,62.37422,3054.42,3054.42,3052.27,3052.27,19.99195053
2025-12-08 00:11,3051.55,3051.72,3048.15,3050.25,54.21910656,3051.24000000,3051.25000000,3048.10000000,3049.87000000,223.48450000,3052.6,3052.7,3052.0,3052.7,0.34558124,3051.24,3051.25,3049.37,3049.41,198.22243,3052.26,3052.26,3050.43,3050.44,5.05883663
2025-12-08 00:12,3050.29,3051.0,3047.86,3050.08,67.85466391,3049.86000000,3050.73000000,3047.69000000,3049.44000000,220.20130000,3051.5,3052.3,3050.4,3051.7,18.31132526,3049.41,3050.72,3048.46,3050.31,150.67835,3050.63,3050.63,3049.47,3050.01,1.08464779
2025-12-08 00:13,3049.96,3049.96,3046.06,3047.76,43.906418,3049.43000000,3049.43000000,3045.90000000,3047.09000000,149.35220000,3049.6,3049.6,3049.1,3049.1,0.003,3050.31,3050.31,3045.9,3046.7,82.77122,3050.0,3050.0,3048.0,3048.0,1.16773639
2025-12-08 00:14,3047.77,3048.75,3045.65,3047.85,135.17718371,3047.10000000,3047.80000000,3045.91000000,3047.08000000,221.58450000,3049.4,3049.4,3049.4,3049.4,0.5,3046.7,3047.8,3045.87,3047.8,180.92021,3048.01,3048.01,3048.0,3048.0,2.19099128
2025-12-08 00:15,3047.7,3050.91,3046.05,3048.46,267.11299106,3047.07000000,3050.03000000,3045.91000000,3048.51000000,116.08440000,3050.4,3051.0,3050.4,3051.0,0.04977976,3047.8,3049.4,3046.52,3049.37,54.09179,3048.01,3048.67,3048.01,3048.67,2.4136972699999997
2025-12-08 00:16,3048.59,3048.99,3045.62,3047.6,46.80938506,3048.50000000,3048.50000000,3045.10000000,3047.15000000,86.94460000,3048.8,3048.8,3048.2,3048.2,0.003,3049.37,3049.37,3045.53,3047.15,76.20263,3048.08,3048.08,3047.57,3047.57,0.97568035
2025-12-08 00:17,3047.46,3051.37,3047.46,3051.37,55.74568751,3047.16000000,3051.19000000,3047.16000000,3051.12000000,77.59730000,3050.0,3051.0,3050.0,3051.0,99.87085877,3047.15,3050.33,3047.15,3050.32,46.82621,3048.67,3050.61,3048.66,3050.61,0.12602184
2025-12-08 00:18,3051.18,3051.19,3046.51,3046.84,179.33149409,3051.11000000,3051.19000000,3046.17000000,3046.38000000,122.59440000,3049.7,3049.7,3048.9,3048.9,0.003,3050.32,3051.13,3046.15,3046.36,85.09882,3050.95,3050.95,3048.69,3048.7,1.11085468
2025-12-08 00:19,3046.73,3046.82,3042.46,3042.75,157.61886233,3046.37000000,3046.43000000,3042.00000000,3042.25000000,250.96360000,3048.6,3048.6,3045.6,3045.6,0.16576029,3046.36,3046.44,3042.03,3042.8,183.65807,3048.69,3048.69,3045.0,3045.0,37.22909526
2025-12-08 00:20,3042.6,3047.69,3040.27,3047.69,186.00648657,3042.25000000,3047.08000000,3040.87000000,3047.08000000,141.17260000,3044.3,3046.9,3043.6,3046.9,0.012,3042.8,3047.09,3040.96,3047.08,82.84346,3042.24,3045.59,3042.24,3045.59,2.95228213
2025-12-08 00:21,3047.69,3049.31,3045.87,3048.85,69.37232806,3047.08000000,3048.45000000,3045.71000000,3048.15000000,127.48560000,3047.5,3048.8,3047.5,3048.8,0.01768,3047.08,3048.19,3045.82,3048.07,87.79261,3045.59,3047.2,3045.59,3047.2,0.58255637
2025-12-08 00:22,3048.64,3051.07,3047.87,3051.0,77.14111524,3048.16000000,3050.72000000,3047.73000000,3050.33000000,71.68010000,3049.4,3051.3,3049.4,3051.3,0.022,3048.07,3050.74,3047.73,3050.01,44.67997,3047.61,3048.39,3047.61,3048.39,9.79603382
2025-12-08 00:23,3050.77,3057.8,3050.0,3057.5,72.4913779,3050.33000000,3057.48000000,3049.95000000,3057.27000000,263.70660000,3051.6,3057.0,3051.6,3057.0,0.018000000000000002,3050.01,3057.47,3049.92,3057.42,166.49635,3048.91,3055.96,3048.91,3055.96,0.55355728
2025-12-08 00:24,3057.5,3057.86,3054.88,3055.3,83.07011012,3057.27000000,3057.46000000,3054.89000000,3055.00000000,253.31030000,3057.7,3057.9,3057.3,3057.3,0.772,3057.42,3057.42,3054.88,3054.99,201.96371,3055.95,3056.83,3055.95,3056.41,6.62421225
2025-12-08 00:25,3055.3,3057.6,3055.0,3057.6,97.37556581,3055.00000000,3057.60000000,3055.00000000,3057.59000000,58.78480000,,,,,,3054.99,3056.8,3054.99,3056.79,30.75625,3056.42,3056.42,3056.42,3056.42,0.6171732
2025-12-08 00:26,3057.8,3057.8,3054.52,3056.64,55.8044258,3057.59000000,3057.59000000,3054.82000000,3056.58000000,121.02380000,3058.7,3058.7,3056.2,3056.6,0.503,3056.79,3057.59,3054.81,3056.58,92.96599,3056.41,3056.42,3056.41,3056.42,0.09353175
2025-12-08 00:27,3056.56,3057.42,3056.26,3057.42,19.00729512,3056.57000000,3057.02000000,3056.38000000,3057.01000000,48.34050000,3057.9,3058.3,3057.9,3058.3,0.29757684,3056.58,3057.04,3056.38,3057.02,34.60852,3056.42,3056.42,3056.41,3056.42,0.26008528
2025-12-08 00:28,3057.16,3058.5,3056.64,3057.13,18.11712723,3057.02000000,3057.99000000,3056.57000000,3056.61000000,93.43650000,,,,,,3057.02,3058,3056.57,3056.6,65.33379,3056.42,3056.42,3056.41,3056.41,0.05351771
2025-12-08 00:29,3056.9,3058.21,3056.4,3057.45,37.78412056,3056.60000000,3057.42000000,3056.50000000,3057.32000000,65.37520000,,,,,,3056.6,3057.46,3056.5,3057.41,45.09363,3056.42,3056.42,3056.41,3056.42,0.09688626
2025-12-08 00:30,3057.31,3057.31,3054.9,3056.14,36.86954186,3057.33000000,3057.33000000,3054.72000000,3055.76000000,96.30620000,3058.5,3058.5,3058.5,3058.5,0.01753,3057.41,3057.41,3054.72,3055.14,57.49758,3056.41,3056.42,3055.03,3055.03,4.39251512
2025-12-08 00:31,3056.21,3059.39,3055.06,3058.09,26.93502194,3055.76000000,3059.13000000,3054.78000000,3057.45000000,133.44030000,3057.1,3059.6,3057.1,3059.5,0.15071127,3055.14,3058.81,3054.78,3058.38,98.53288,3055.2,3059.62,3055.2,3058.53,3.63610564
2025-12-08 00:32,3057.9,3061.61,3057.31,3060.37,46.53261145,3057.46000000,3060.85000000,3056.91000000,3060.11000000,229.02160000,3059.8,3061.1,3059.8,3061.1,0.004,3058.38,3060.19,3056.91,3060.1,159.49489,3059.63,3060.46,3059.63,3060.46,5.64545443
2025-12-08 00:33,3060.59,3063.6,3059.41,3062.43,53.72509175,3060.10000000,3063.10000000,3059.43000000,3062.11000000,240.49520000,3061.4,3063.0,3061.4,3063.0,0.008,3060.1,3062.61,3059.6,3062.12,171.12114,3060.91,3063.08,3060.91,3062.57,0.11238925999999999
2025-12-08 00:34,3062.41,3066.29,3062.01,3066.07,95.82072108,3062.11000000,3066.06000000,3062.02000000,3065.47000000,246.00760000,3065.0,3065.5,3065.0,3065.5,0.008,3062.12,3066.08,3062.01,3065.04,160.61807,3063.68,3066.18,3063.68,3065.81,1.11182351
2025-12-08 00:35,3066.07,3076.93,3064.33,3074.09,149.99206938,3065.46000000,3076.42000000,3063.74000000,3073.85000000,1076.83530000,3066.3,3075.5,3066.3,3075.5,0.72206891,3065.04,3075.77,3063.9,3073.84,461.43513,3066.26,3075.91,3064.11,3072.39,183.21960778000002
2025-12-08 00:36,3074.1,3074.37,3068.1,3069.45,47.83084118,3073.85000000,3073.99000000,3067.67000000,3068.80000000,296.52350000,3072.7,3072.7,3072.4,3072.4,0.002,3073.84,3073.85,3067.66,3068.79,243.63489,3073.54,3073.54,3069.0,3069.48,61.79646534
2025-12-08 00:37,3069.32,3070.05,3067.4,3069.14,72.13290576,3068.80000000,3069.56000000,3066.85000000,3068.52000000,200.23120000,,,,,,3068.79,3069.63,3067.19,3068.4,332.91113,3069.1,3069.31,3068.58,3069.04,1.89793818
2025-12-08 00:38,3068.93,3070.9,3066.98,3070.27,32.72375391,3068.52000000,3070.41000000,3066.83000000,3069.25000000,141.33380000,,,,,,3068.4,3070.42,3067.6,3069.25,78.79094,3068.59,3070.15,3068.1,3070.15,0.44200465000000005
2025-12-08 00:39,3069.79,3073.44,3069.46,3071.3,226.97794071,3069.26000000,3072.38000000,3068.94000000,3070.48000000,385.65690000,3071.9,3071.9,3071.9,3071.9,0.003,3069.25,3072.06,3068.91,3070.64,288.23836,3069.9,3072.05,3069.9,3071.99,2.1732427899999998
2025-12-08 00:40,3071.25,3074.09,3069.75,3072.21,85.21424721,3070.47000000,3073.33000000,3069.10000000,3071.74000000,300.43580000,3073.2,3073.2,3073.2,3073.2,0.003,3070.64,3072.97,3069.06,3071.75,100.93072,3071.9,3072.13,3069.61,3072.13,10.88593271
2025-12-08 00:41,3072.21,3072.21,3069.16,3070.66,39.77516096,3071.74000000,3071.74000000,3068.53000000,3069.89000000,144.62040000,3071.8,3071.8,3071.5,3071.5,0.002,3071.75,3071.75,3068.53,3069.9,193.08692,3070.38,3070.51,3069.38,3069.57,2.12414304
2025-12-08 00:42,3070.51,3071.68,3069.91,3070.64,10.23790131,3069.90000000,3070.99000000,3069.41000000,3069.83000000,119.00570000,,,,,,3069.9,3070.99,3069.41,3069.82,83.92453,3071.36,3071.36,3070.0,3070.0,5.70240543
2025-12-08 00:43,3070.64,3070.64,3067.05,3067.05,51.4358259,3069.82000000,3069.82000000,3066.95000000,3066.96000000,126.46890000,3070.6,3070.6,3070.2,3070.2,0.003,3069.82,3069.83,3067.67,3067.67,74.58541,3070.0,3070.0,3068.1,3068.1,4.74772527
2025-12-08 00:44,3067.09,3067.95,3065.6,3066.68,81.50560231,3066.95000000,3067.46000000,3065.71000000,3066.33000000,211.23480000,3069.9,3069.9,3068.1,3068.1,0.11528873,3067.67,3067.67,3064.87,3066.33,169.27939,3067.3,3067.7,3066.32,3066.64,3.95130597
2025-12-08 00:45,3066.68,3066.68,3060.61,3061.15,152.64078324,3066.33000000,3066.33000000,3060.28000000,3060.87000000,345.00010000,3067.9,3067.9,3064.1,3064.1,0.261,3066.33,3066.33,3064.04,3064.61,85.71626,3066.05,3066.05,3060.92,3060.92,1.4270253099999999
2025-12-08 00:46,3061.2,3065.4,3059.26,3063.86,130.38471182,3060.87000000,3064.75000000,3058.89000000,3063.55000000,320.46580000,3065.3,3065.8,3065.3,3065.3,0.15400000000000003,3064.61,3064.76,3059.01,3063.56,376.71085,3060.95,3064.29,3059.68,3064.29,7.85847847
2025-12-08 00:47,3063.79,3065.99,3063.31,3064.25,38.78879687,3063.56000000,3065.23000000,3062.75000000,3063.86000000,135.88080000,3066.0,3066.6,3066.0,3066.6,0.05,3063.56,3065.39,3062.7,3064.1,95.73727,3065.02,3065.52,3063.77,3063.77,2.25868876
2025-12-08 00:48,3064.26,3067.72,3063.91,3067.67,27.65760757,3063.85000000,3066.99000000,3063.55000000,3066.99000000,113.04590000,3067.2,3067.9,3067.2,3067.9,0.006,3064.1,3067.34,3063.55,3067,72.55585,3063.77,3067.65,3063.77,3067.19,102.31758688000001
2025-12-08 00:49,3067.8,3069.0,3066.15,3068.41,26.10190891,3067.00000000,3068.38000000,3065.69000000,3068.17000000,106.74760000,3068.2,3069.3,3068.2,3069.3,0.01,3067,3068.39,3065.69,3068.16,80.81302,3066.93,3068.68,3066.93,3068.68,0.5870200600000001
2025-12-08 00:50,3068.56,3069.01,3067.36,3068.19,59.69125829,3068.16000000,3068.43000000,3066.66000000,3067.45000000,162.33720000,,,,,,3068.16,3068.45,3066.63,3067.44,106.3426,3067.74,3068.49,3067.72,3067.73,3.92309681
2025-12-08 00:51,3068.18,3068.4,3065.2,3065.7,42.75518957,3067.45000000,3067.45000000,3064.77000000,3065.28000000,58.11150000,3068.0,3068.0,3067.4,3067.4,0.006,3067.44,3067.45,3064.76,3065.31,42.97788,3067.73,3067.73,3064.6,3065.25,3.9433924200000003
2025-12-08 00:52,3065.71,3066.69,3064.2,3065.1,42.29692981,3065.29000000,3066.36000000,3063.61000000,3064.20000000,82.70070000,3067.3,3067.3,3066.0,3066.0,0.007,3065.31,3066.36,3064.04,3064.21,57.26394,3065.67,3065.78,3063.78,3065.78,5.0087582500000005
2025-12-08 00:53,3064.95,3066.75,3064.81,3066.6,19.00017508,3064.20000000,3066.09000000,3064.20000000,3066.09000000,149.21790000,,,,,,3064.21,3066.09,3064.2,3066.09,104.89927,3065.31,3066.14,3065.3,3065.94,2.2212897199999997
2025-12-08 00:54,3066.45,3067.5,3066.0,3066.23,24.82555384,3066.08000000,3066.77000000,3065.45000000,3065.70000000,121.18800000,3067.4,3067.4,3067.4,3067.4,0.1,3066.09,3066.8,3065.6,3066.12,82.44136,3065.95,3067.29,3065.94,3066.86,31.03854091
2025-12-08 00:55,3066.15,3066.29,3063.91,3064.95,21.43600928,3065.70000000,3065.70000000,3063.40000000,3064.43000000,143.84420000,3066.1,3066.1,3066.0,3066.0,0.101,3066.12,3066.12,3063.4,3064.43,97.32808,3066.85,3066.85,3063.78,3064.79,13.44678277
2025-12-08 00:56,3064.83,3065.34,3063.16,3064.82,12.81115558,3064.42000000,3064.74000000,3062.74000000,3064.13000000,68.95230000,3065.9,3065.9,3065.7,3065.7,0.003,3064.43,3064.76,3062.72,3064.14,63.39454,3063.78,3064.62,3063.77,3064.46,0.49606507
2025-12-08 00:57,3064.76,3066.74,3064.76,3066.01,8.75297836,3064.14000000,3066.30000000,3064.14000000,3065.30000000,128.26410000,,,,,,3064.14,3066.2,3064.13,3065.3,89.73098,3064.46,3066.14,3064.46,3066.14,0.4549294
2025-12-08 00:58,3066.0,3066.0,3064.43,3064.5,23.76654145,3065.30000000,3065.30000000,3063.98000000,3063.99000000,107.03230000,,,,,,3065.3,3065.3,3063.94,3063.98,74.88984,3066.13,3066.13,3064.36,3064.36,4.69525313
2025-12-08 00:59,3064.51,3065.85,3063.6,3063.78,10.72552311,3063.98000000,3065.23000000,3063.22000000,3063.23000000,128.09040000,,,,,,3063.98,3065.23,3063.21,3063.23,89.70069,3064.23,3064.43,3063.78,3063.78,0.8964363
2025-12-08 01:00,3063.78,3064.94,3062.85,3062.93,57.82886774,3063.23000000,3064.32000000,3062.74000000,3063.55000000,132.67220000,,,,,,3063.23,3064.02,3062.74,3063.86,81.45205,3063.78,3063.78,3063.77,3063.78,6.48821946
2025-12-08 01:01,3064.06,3065.25,3063.3,3065.08,14.49190736,3063.55000000,3064.84000000,3062.74000000,3064.83000000,106.41710000,3065.5,3065.5,3065.5,3065.5,0.03261951,3063.86,3064.87,3062.74,3064.84,74.97106,3063.77,3063.78,3063.77,3063.78,19.4017518
2025-12-08 01:02,3065.23,3066.71,3064.32,3066.3,22.04112865,3064.83000000,3066.00000000,3063.86000000,3066.00000000,73.06810000,,,,,,3064.84,3066.03,3063.82,3066.03,49.67497,3063.78,3065.54,3063.78,3065.14,16.1753194
2025-12-08 01:03,3066.4,3069.3,3066.31,3067.66,43.73276322,3066.00000000,3068.71000000,3065.80000000,3067.37000000,114.15980000,3066.8,3069.0,3066.8,3069.0,0.08195,3066.03,3068.71,3065.78,3067.38,81.38446,3065.54,3068.9,3065.54,3067.52,2.50028788
2025-12-08 01:04,3067.61,3068.02,3065.71,3065.71,106.2874661,3067.37000000,3067.41000000,3065.08000000,3065.08000000,47.09550000,,,,,,3067.38,3067.58,3065.07,3065.08,22.71508,3066.45,3067.33,3066.44,3067.17,101.41060037
2025-12-08 01:05,3065.7,3068.69,3065.26,3067.6,134.50582674,3065.08000000,3068.12000000,3064.51000000,3067.33000000,189.66110000,3067.7,3067.7,3067.2,3067.2,0.003,3065.08,3068.14,3064.49,3067.79,134.12561,3064.97,3068.22,3064.97,3068.22,2.42802166
2025-12-08 01:06,3067.77,3070.24,3066.63,3070.0,89.32009197,3067.33000000,3070.00000000,3066.95000000,3069.66000000,155.66930000,3070.3,3070.9,3070.3,3070.9,0.01,3067.79,3069.99,3066.95,3069.68,113.52058,3067.27,3069.99,3067.27,3069.99,0.15501506999999998
2025-12-08 01:07,3070.0,3073.71,3069.26,3069.61,187.93921948,3069.66000000,3073.49000000,3069.07000000,3069.26000000,321.20400000,3071.0,3071.8,3071.0,3071.8,0.01,3069.68,3073,3069.05,3069.61,267.93032,3069.96,3072.32,3069.96,3071.05,4.61809924
2025-12-08 01:08,3069.61,3072.0,3068.86,3069.11,53.3784672,3069.26000000,3071.17000000,3068.40000000,3068.63000000,112.69330000,,,,,,3069.61,3071.21,3068.36,3068.64,79.26748,3069.84,3071.08,3068.84,3068.87,8.63049841
2025-12-08 01:09,3069.21,3076.53,3069.21,3076.11,137.57572081,3068.64000000,3076.57000000,3068.64000000,3076.57000000,374.89740000,3073.1,3074.7,3073.1,3074.7,0.008,3068.64,3074.14,3068.64,3074.13,55.76291,3070.09,3075.01,3070.09,3075.01,3.60617731
2025-12-08 01:10,3076.78,3078.15,3074.81,3076.34,81.21358053,3076.57000000,3077.98000000,3074.76000000,3075.60000000,689.68980000,3077.1,3079.4,3076.5,3078.9,0.23881334,3074.13,3076.92,3074.13,3075.61,556.78305,3075.3,3076.8,3075.3,3075.97,11.639012300000001
2025-12-08 01:11,3076.22,3080.5,3076.22,3078.91,124.00780551,3075.61000000,3079.89000000,3075.60000000,3078.82000000,711.91170000,3080.2,3080.2,3080.2,3080.2,0.002,3075.61,3079.61,3075.6,3079.06,501.17398,3076.05,3079.7,3076.05,3078.73,0.81743444
2025-12-08 01:12,3079.31,3082.99,3078.3,3081.61,161.71313223,3078.83000000,3082.84000000,3078.20000000,3081.09000000,427.01860000,3081.5,3083.3,3081.5,3083.3,1.93225457,3079.06,3082,3078.29,3081.65,249.57367,3078.72,3082.59,3078.72,3081.24,8.91491958
2025-12-08 01:13,3081.6,3081.7,3077.61,3078.01,34.9238186,3081.08000000,3081.08000000,3077.41000000,3077.42000000,134.15330000,3082.0,3082.0,3080.8,3080.8,2.72873285,3081.65,3081.65,3077.4,3077.42,152.81866,3080.59,3080.92,3078.61,3078.61,0.7387377700000001
2025-12-08 01:14,3078.03,3079.18,3076.73,3078.62,17.83474624,3077.42000000,3078.30000000,3076.66000000,3077.72000000,79.39130000,3080.0,3080.0,3079.9,3079.9,0.004200000000000001,3077.42,3078.3,3076.66,3077.73,73.8331,3078.61,3078.61,3076.74,3077.65,5.78302882
2025-12-08 01:15,3078.62,3078.62,3073.69,3073.85,60.04288363,3077.72000000,3077.72000000,3073.00000000,3073.23000000,371.00560000,3078.9,3078.9,3076.0,3076.0,0.011,3077.73,3077.73,3073.17,3073.24,255.5832,3077.64,3077.65,3073.61,3073.83,0.38108613
2025-12-08 01:16,3073.85,3075.55,3072.92,3074.99,52.34187419,3073.23000000,3074.91000000,3072.46000000,3074.27000000,233.67660000,,,,,,3073.24,3074.76,3072.46,3074.29,146.21433,3073.2,3075.1,3072.59,3073.64,65.68668090999999
2025-12-08 01:17,3074.99,3077.67,3074.86,3075.8,38.44634896,3074.27000000,3076.64000000,3074.07000000,3075.26000000,268.70450000,3077.1,3077.8,3077.1,3077.8,0.060000000000000005,3074.29,3076.64,3074.07,3075.25,194.70556,3074.68,3077.01,3074.68,3075.95,2.15243108
2025-12-08 01:18,3075.66,3081.14,3075.31,3081.0,100.77514256,3075.25000000,3080.64000000,3074.85000000,3080.37000000,405.94350000,3078.0,3079.6,3078.0,3079.6,0.018000000000000002,3075.25,3080.67,3074.84,3079.58,286.07323,3077.22,3080.0,3077.07,3080.0,8.2836462
2025-12-08 01:19,3080.92,3081.15,3075.31,3075.87,192.31147265,3080.36000000,3080.64000000,3074.21000000,3075.12000000,488.62850000,3081.4,3081.4,3077.4,3077.4,3.51749577,3079.58,3080.59,3078.81,3078.81,83.38644,3079.98,3079.98,3075.81,3075.81,29.61416063
2025-12-08 01:20,3076.2,3078.45,3075.5,3078.39,14.51121186,3075.12000000,3077.87000000,3074.76000000,3077.73000000,146.24400000,3077.2,3077.2,3077.2,3077.2,0.6878244,3078.81,3078.81,3075.45,3077.74,357.80908,3075.07,3077.59,3075.06,3077.59,13.824970859999999
2025-12-08 01:21,3078.33,3078.33,3072.07,3072.17,128.29830813,3077.73000000,3077.73000000,3071.16000000,3071.68000000,712.32970000,3077.1,3077.1,3074.7,3074.7,9.78566032,3077.74,3077.74,3071.57,3071.69,498.72861,3075.81,3076.84,3072.3,3072.3,14.43536855
2025-12-08 01:22,3072.16,3077.85,3071.37,3077.85,36.20819199,3071.68000000,3077.03000000,3070.92000000,3077.02000000,1222.12500000,3076.0,3077.6,3076.0,3077.6,0.01,3071.69,3077.05,3071.07,3077.02,853.20492,3072.0,3075.69,3072.0,3075.69,1.84260194
2025-12-08 01:23,3077.85,3078.7,3077.11,3077.95,43.43547805,3077.03000000,3078.06000000,3076.57000000,3077.00000000,138.67460000,3078.3,3079.2,3078.3,3079.2,0.114,3077.02,3078.07,3076.56,3077.01,99.28077,3076.67,3076.67,3076.67,3076.67,0.00357536
2025-12-08 01:24,3077.81,3078.19,3075.43,3077.97,62.78908229,3077.01000000,3077.51000000,3076.25000000,3077.40000000,88.47510000,,,,,,3077.01,3077.32,3076.63,3076.91,52.1659,3077.33,3077.87,3076.95,3077.37,0.25634445
2025-12-08 01:25,3077.98,3083.0,3077.98,3082.37,52.02676889,3077.39000000,3082.08000000,3077.39000000,3081.53000000,181.74970000,3079.4,3081.8,3079.4,3081.8,0.018000000000000002,3076.91,3081.03,3076.91,3081,88.72472,3077.23,3082.51,3077.23,3082.51,202.03759534
2025-12-08 01:26,3082.2,3089.55,3081.99,3089.25,156.49688184,3081.53000000,3089.00000000,3081.44000000,3088.63000000,892.25310000,3083.1,3090.2,3083.1,3090.2,0.18646565,3081,3088.74,3081,3088.5,486.01178,3081.85,3089.53,3081.85,3089.53,4.53182484
2025-12-08 01:27,3089.23,3090.0,3086.75,3088.19,54.58981433,3088.63000000,3089.25000000,3086.29000000,3087.58000000,436.57350000,3088.7,3088.7,3088.7,3088.7,0.001,3088.5,3089.25,3086.77,3087.58,481.57816,3088.68,3089.13,3086.5,3087.91,7.39987728
2025-12-08 01:28,3088.05,3109.9,3087.91,3107.8,669.15537063,3087.58000000,3108.37000000,3087.58000000,3108.29000000,3413.74770000,3090.3,3110.4,3090.3,3110.0,41.02480896,3087.58,3107.59,3087.58,3107.59,362.98406,3087.41,3108.46,3087.41,3108.28,364.52218665
2025-12-08 01:29,3107.79,3109.91,3104.11,3104.78,170.96655832,3108.28000000,3110.68000000,3104.03000000,3104.41000000,1075.26080000,3110.8,3110.8,3105.5,3106.3,12.24495603,3107.59,3110,3104.37,3104.37,764.39042,3107.26,3111.06,3104.85,3105.27,10.10068364
2025-12-08 01:30,3105.11,3115.8,3105.01,3112.5,281.88009135,3104.40000000,3114.66000000,3104.40000000,3112.09000000,934.62500000,3108.8,3115.2,3108.8,3115.1,0.334,3104.37,3114.11,3104.37,3109.13,44.71472,3104.78,3113.65,3104.78,3110.92,23.87420839
2025-12-08 01:31,3112.51,3117.81,3112.21,3116.44,165.85923033,3112.09000000,3116.89000000,3112.08000000,3115.72000000,705.37280000,3115.4,3117.4,3114.2,3117.4,0.85349522,3109.13,3116.38,3109.13,3116.38,800.15615,3112.3,3115.89,3112.3,3115.89,1.60510644
2025-12-08 01:32,3116.2,3122.22,3115.81,3118.47,205.96840205,3115.73000000,3121.99000000,3115.09000000,3117.87000000,1047.10320000,3118.0,3121.5,3118.0,3121.0,2.84594086,3116.38,3121.08,3116.38,3118.13,742.72034,3115.89,3120.0,3115.89,3118.98,181.58209511
2025-12-08 01:33,3118.61,3123.96,3118.54,3123.7,111.91612689,3117.87000000,3123.29000000,3117.87000000,3123.28000000,626.05920000,3122.0,3124.0,3121.1,3121.1,0.3513656,3118.13,3123.01,3118.13,3120.8,390.62388,3118.28,3123.5,3118.28,3122.59,110.41846725
2025-12-08 01:34,3123.88,3123.88,3113.99,3115.0,106.15451614,3123.28000000,3123.28000000,3113.54000000,3114.72000000,1245.00140000,3121.3,3121.3,3116.3,3116.3,0.56,3120.8,3122.71,3113.53,3113.78,320.42731,3122.31,3123.15,3115.33,3115.33,5.4474966
2025-12-08 01:35,3115.33,3120.45,3114.42,3119.85,81.9421105,3114.72000000,3119.63000000,3114.19000000,3119.49000000,256.06760000,3120.3,3120.3,3118.9,3119.5,0.14498,3113.78,3119.41,3113.78,3119.41,810.64384,3114.92,3119.14,3114.92,3119.14,6.7322513
2025-12-08 01:36,3119.89,3123.7,3117.39,3120.28,283.21707596,3119.48000000,3123.29000000,3116.64000000,3119.58000000,905.04770000,3119.9,3124.5,3119.9,3123.9,8.58795993,3119.41,3123.29,3118.04,3119.55,335.38214,3119.14,3123.8,3118.18,3120.5,58.68052725
2025-12-08 01:37,3120.27,3120.27,3115.72,3118.2,118.72927462,3119.57000000,3119.57000000,3115.57000000,3118.05000000,286.09500000,3120.9,3120.9,3119.0,3119.0,0.005,3119.55,3119.57,3115.91,3117.43,400.90454,3120.49,3120.49,3116.46,3118.11,4.64860035
2025-12-08 01:38,3118.2,3128.29,3118.2,3127.88,86.95228539,3118.06000000,3127.30000000,3118.06000000,3127.29000000,926.09600000,3120.5,3126.0,3120.5,3126.0,0.056999999999999995,3117.43,3127,3117.43,3127,445.56381,3117.85,3126.52,3117.85,3126.52,5.4062996299999995
2025-12-08 01:39,3127.89,3132.87,3127.89,3132.01,190.8023966,3127.30000000,3132.16000000,3127.30000000,3131.74000000,689.01000000,3128.5,3132.7,3128.5,3132.7,0.19066242,3127,3132,3127,3131.78,407.92916,3126.86,3133.08,3126.86,3131.77,44.39993672
2025-12-08 01:40,3132.28,3135.14,3127.2,3128.4,99.40847381,3131.74000000,3134.73000000,3126.92000000,3127.39000000,813.94560000,3133.0,3135.6,3130.1,3130.1,0.6654100000000001,3131.78,3134.44,3127.97,3127.97,484.9653,3131.54,3134.04,3127.23,3129.01,2.43844386
2025-12-08 01:41,3128.25,3128.62,3123.58,3125.6,145.20416233,3127.38000000,3128.17000000,3124.54000000,3125.22000000,293.22650000,3129.5,3129.5,3127.4,3127.4,1.3597172100000001,3127.97,3128.55,3125,3125.2,547.83127,3129.01,3129.01,3124.63,3125.44,15.48633782
2025-12-08 01:42,3125.59,3127.0,3119.84,3119.84,255.23054718,3125.22000000,3125.23000000,3120.00000000,3120.00000000,403.58350000,3126.4,3126.9,3123.2,3123.2,5.26763659,3125.2,3125.23,3120.47,3120.59,298.12897,3125.44,3125.6,3120.91,3121.06,34.8271783
2025-12-08 01:43,3120.0,3122.9,3115.03,3117.85,108.16341347,3120.00000000,3122.24000000,3114.64000000,3117.74000000,1988.53660000,3122.2,3122.2,3116.2,3118.5,3.51703443,3120.59,3122.06,3115.89,3117.74,1479.44447,3120.79,3120.79,3115.25,3117.97,2.87045726
2025-12-08 01:44,3118.49,3118.7,3115.21,3117.58,54.70381229,3117.74000000,3117.79000000,3114.71000000,3117.06000000,243.23230000,,,,,,3117.74,3117.74,3114.72,3117.06,175.6016,3117.19,3117.42,3116.21,3117.41,6.957917899999999
2025-12-08 01:45,3117.57,3119.69,3115.25,3118.49,42.2753695,3117.06000000,3119.07000000,3114.60000000,3117.56000000,286.27780000,3117.2,3119.2,3117.2,3119.2,1.101,3117.06,3118.51,3115.79,3117.24,194.55432,3117.4,3118.0,3116.33,3117.96,0.51294079
2025-12-08 01:46,3117.9,3119.54,3116.71,3117.7,41.31203977,3117.57000000,3118.50000000,3116.01000000,3116.74000000,235.99520000,,,,,,3117.24,3118.52,3116.11,3116.98,165.13926,3117.98,3117.98,3117.43,3117.44,182.6966349
2025-12-08 01:47,3117.31,3117.31,3110.19,3113.7,126.66221668,3116.74000000,3116.74000000,3109.84000000,3113.22000000,838.62990000,3117.9,3117.9,3112.5,3114.3,2.62043443,3116.98,3116.98,3110.15,3113.22,335.81175,3117.43,3117.43,3111.29,3113.8,21.71958812
2025-12-08 01:48,3113.7,3114.3,3106.62,3109.4,252.83857699,3113.21000000,3113.85000000,3104.44000000,3109.06000000,698.54380000,3113.0,3113.0,3108.7,3109.5,36.63567736,3113.22,3113.86,3105,3108.19,309.87436,3113.27,3113.75,3108.21,3108.21,40.84854755
2025-12-08 01:49,3109.06,3114.44,3109.06,3113.35,39.3457366,3109.05000000,3113.70000000,3108.20000000,3112.60000000,364.31680000,3110.4,3113.9,3110.4,3113.9,0.152,3108.19,3113.57,3108.19,3113.57,262.92478,3110.13,3113.8,3110.13,3113.8,25.99344725
2025-12-08 01:50,3113.11,3114.3,3112.06,3113.53,25.28865321,3112.61000000,3113.61000000,3111.61000000,3112.72000000,97.51470000,,,,,,3113.57,3113.62,3111.61,3112.71,457.83219,3113.29,3113.29,3112.48,3113.28,0.65899896
2025-12-08 01:51,3113.26,3115.77,3112.68,3113.4,27.3446723,3112.71000000,3115.21000000,3112.01000000,3112.57000000,150.27280000,3114.1,3115.4,3114.1,3115.4,0.9220415000000001,3112.71,3115.02,3112.32,3112.57,104.44736,3113.29,3114.44,3113.29,3114.44,3.28854071
2025-12-08 01:52,3113.33,3114.3,3108.9,3109.29,68.30860823,3112.57000000,3113.21000000,3108.12000000,3108.69000000,319.66580000,3114.6,3114.6,3110.5,3110.5,1.05877476,3112.57,3113.25,3108.68,3108.68,138.66974,3113.81,3113.81,3109.96,3109.96,0.60005402
2025-12-08 01:53,3109.28,3111.26,3106.17,3108.9,37.66444565,3108.70000000,3110.70000000,3105.83000000,3108.75000000,350.43150000,3110.3,3110.3,3108.8,3108.8,0.058,3108.68,3110.71,3105.87,3108.76,322.99594,3109.61,3110.13,3107.08,3109.21,50.048903460000005
2025-12-08 01:54,3109.21,3112.5,3109.21,3110.92,152.72361184,3108.76000000,3112.30000000,3108.76000000,3110.79000000,248.90360000,3110.3,3111.9,3110.3,3111.9,15.55696016,3108.76,3112.01,3108.76,3110.48,180.16505,3109.13,3111.68,3109.13,3111.18,17.97863219
2025-12-08 01:55,3111.15,3112.44,3109.68,3109.78,127.56912925,3110.80000000,3111.52000000,3109.35000000,3109.36000000,147.42860000,3110.6,3110.6,3110.5,3110.5,0.05,3110.48,3111.16,3109.35,3109.36,106.07045,3111.17,3111.2,3110.06,3110.08,1.35761107
2025-12-08 01:56,3109.77,3109.77,3104.18,3104.4,173.33532251,3109.35000000,3109.35000000,3103.89000000,3103.90000000,530.68300000,3110.3,3110.3,3106.5,3106.5,1.37326862,3109.36,3109.36,3104.87,3104.89,115.35852,3109.61,3109.61,3105.12,3105.12,103.87596846
2025-12-08 01:57,3104.1,3104.1,3094.46,3095.84,439.17940023,3103.89000000,3103.89000000,3094.40000000,3095.61000000,2140.87440000,3101.0,3101.0,3097.2,3097.8,34.84468581,3104.89,3104.89,3095.14,3095.29,1138.22307,3105.11,3105.11,3095.62,3095.62,169.26903923
2025-12-08 01:58,3095.84,3100.04,3095.79,3100.04,172.17308636,3095.62000000,3100.00000000,3095.34000000,3100.00000000,314.25700000,3099.1,3099.5,3099.1,3099.5,0.006,3095.29,3100.02,3095.29,3100,236.50012,3096.05,3099.18,3096.05,3099.18,5.51954906
2025-12-08 01:59,3100.0,3100.5,3097.06,3098.25,74.10167423,3100.00000000,3101.28000000,3096.86000000,3098.25000000,215.71830000,3100.4,3100.4,3099.1,3099.1,0.00707214,3100,3100.59,3096.82,3098.29,150.40987,3099.18,3100.09,3097.82,3097.82,61.20715006
2025-12-08 02:00,3098.24,3099.22,3091.93,3093.06,134.00644592,3098.26000000,3098.85000000,3092.40000000,3092.78000000,472.24070000,3098.8,3098.8,3095.6,3095.6,0.006,3098.29,3098.85,3093.39,3093.39,108.93445,3098.49,3098.49,3093.49,3093.49,72.30690154
2025-12-08 02:01,3093.06,3100.94,3093.06,3098.43,54.81284418,3092.78000000,3100.58000000,3092.78000000,3098.33000000,328.83610000,3098.8,3100.9,3098.8,3100.9,0.019200000000000002,3093.39,3100.48,3092.69,3098.33,427.17722,3094.38,3100.6,3094.38,3098.16,7.5593825699999995
2025-12-08 02:02,3098.41,3101.7,3097.2,3100.18,74.25910102,3098.32000000,3100.95000000,3098.23000000,3099.56000000,185.15140000,3101.2,3101.4,3101.2,3101.4,0.004,3098.33,3100.98,3098.32,3100.07,114.52088,3098.63,3100.83,3098.37,3100.83,0.09862719
2025-12-08 02:03,3100.46,3104.84,3099.35,3104.84,194.61163548,3099.60000000,3104.59000000,3099.60000000,3104.35000000,470.73830000,3101.7,3105.1,3101.7,3105.1,0.076,3100.07,3104.61,3099.91,3104.58,376.61396,3099.94,3104.09,3099.94,3104.09,1.26727345
2025-12-08 02:04,3104.73,3104.73,3100.04,3100.73,77.70072225,3104.35000000,3104.35000000,3099.85000000,3100.45000000,86.00560000,3102.9,3102.9,3101.7,3101.7,0.10400000000000001,3104.58,3104.58,3100,3100.46,63.34498,3104.09,3104.09,3100.45,3100.45,2.98567116
2025-12-08 02:05,3100.68,3100.68,3097.05,3099.0,139.02090978,3100.46000000,3100.46000000,3098.34000000,3099.23000000,159.55230000,3101.5,3101.5,3100.5,3100.5,0.006,3100.46,3100.46,3098.34,3099.22,112.21418,3100.38,3100.38,3099.26,3099.26,5.96284533
2025-12-08 02:06,3099.19,3101.28,3097.15,3100.27,1578.02186204,3099.23000000,3100.99000000,3097.28000000,3100.67000000,186.06230000,3100.3,3100.3,3099.8,3099.8,1.502,3099.22,3099.9,3097.02,3099.89,117.22982,3099.14,3099.93,3098.59,3099.93,3.68071432
2025-12-08 02:07,3100.26,3101.24,3098.86,3099.7,69.14562273,3100.67000000,3101.30000000,3098.94000000,3099.85000000,120.73210000,3102.0,3102.4,3102.0,3102.4,0.00232183,3099.89,3101.36,3098.97,3099.85,105.80373,3100.36,3100.38,3099.93,3099.93,0.19902771000000002
2025-12-08 02:08,3099.7,3105.58,3099.69,3105.29,49.61703848,3099.85000000,3105.27000000,3099.85000000,3105.26000000,173.14900000,3102.4,3105.9,3102.4,3105.9,0.03167817,3099.85,3105.27,3099.84,3105.26,95.54184,3100.83,3104.09,3100.83,3104.09,1.95023907
2025-12-08 02:09,3105.59,3107.54,3101.26,3101.71,108.73962305,3105.26000000,3106.80000000,3101.00000000,3101.54000000,320.36320000,3106.6,3107.2,3102.3,3102.3,0.158,3105.26,3106.06,3101.03,3101.55,294.6429,3104.56,3105.54,3102.21,3102.21,0.34502067
2025-12-08 02:10,3101.85,3105.75,3099.91,3104.3,121.17226944,3101.54000000,3106.00000000,3099.75000000,3104.03000000,81.15490000,3102.2,3105.9,3102.2,3105.9,0.011,3101.55,3106.03,3101.55,3104.03,46.4716,3101.75,3104.59,3101.22,3104.38,1.4678581000000002
2025-12-08 02:11,3104.29,3109.34,3103.66,3105.75,78.41135194,3104.03000000,3109.14000000,3103.65000000,3105.51000000,167.19690000,3107.2,3108.5,3107.2,3108.5,0.008,3104.03,3109.15,3103.73,3105.51,114.58484,3105.04,3108.48,3105.04,3106.5,1.78699064
2025-12-08 02:12,3105.75,3105.75,3103.77,3104.85,43.03072213,3105.50000000,3105.50000000,3103.56000000,3104.35000000,82.43320000,3107.2,3107.2,3106.6,3106.6,0.003,3105.51,3105.51,3103.53,3105.3,52.45094,3106.01,3106.01,3104.39,3104.78,3.9802289699999998
2025-12-08 02:13,3104.71,3104.9,3101.16,3101.9,62.11343609,3104.36000000,3104.66000000,3100.99000000,3101.73000000,775.78530000,3105.9,3105.9,3103.5,3103.5,0.41096174,3105.3,3105.3,3101.01,3101.74,545.42822,3104.49,3104.49,3102.22,3102.22,2.27447354
2025-12-08 02:14,3101.99,3101.99,3099.35,3100.78,25.09258756,3101.73000000,3101.73000000,3099.00000000,3100.47000000,149.11250000,3103.2,3103.2,3101.4,3101.4,0.004,3101.74,3101.74,3099,3100.47,109.90883,3102.21,3102.21,3099.24,3100.28,6.99043307
2025-12-08 02:15,3100.2,3103.01,3099.4,3101.6,80.06994978,3100.47000000,3102.95000000,3099.45000000,3101.66000000,1376.50590000,3102.7,3103.0,3102.7,3103.0,0.004,3100.47,3102.57,3099.46,3101.52,905.22169,3100.28,3102.77,3100.28,3102.04,39.458326670000005
2025-12-08 02:16,3101.8,3102.3,3100.93,3101.4,34.1589311,3101.66000000,3102.16000000,3101.07000000,3101.48000000,144.34420000,,,,,,3101.52,3102.2,3101.07,3101.47,133.46773,3101.88,3101.99,3101.61,3101.61,0.1344262
2025-12-08 02:17,3101.69,3104.99,3100.61,3103.73,29.95140203,3101.47000000,3105.11000000,3101.11000000,3103.46000000,78.61450000,3103.3,3105.2,3103.3,3105.2,0.022,3101.47,3104.39,3101.1,3103.43,55.02947,3101.31,3104.96,3101.31,3104.48,6.150476439999999
2025-12-08 02:18,3103.72,3106.25,3103.48,3104.2,12.776569,3103.46000000,3106.12000000,3103.24000000,3104.15000000,66.65830000,3106.2,3106.5,3106.2,3106.5,2.004,3103.43,3105.91,3103.21,3104.61,45.73523,3105.66,3106.2,3105.59,3105.59,4.4497339
2025-12-08 02:19,3104.2,3104.2,3100.39,3102.89,43.29021829,3104.15000000,3104.15000000,3100.54000000,3102.79000000,97.75260000,3105.1,3105.1,3103.0,3103.0,0.011,3104.61,3104.61,3100.62,3102.77,42.21702,3105.13,3105.13,3101.83,3102.29,3.48937425
2025-12-08 02:20,3102.89,3102.89,3097.28,3098.58,85.80784208,3102.78000000,3102.78000000,3097.63000000,3098.04000000,295.04770000,3102.7,3102.7,3099.0,3099.1,2.51505052,3102.77,3102.77,3096.89,3097.99,220.96028,3102.58,3102.68,3098.43,3098.44,46.71762641
2025-12-08 02:21,3098.5,3100.05,3098.32,3100.05,12.01899783,3098.04000000,3099.85000000,3098.04000000,3099.84000000,85.06080000,,,,,,3097.99,3099.58,3097.99,3099.55,59.15,3098.44,3099.31,3098.44,3099.31,9.76706605
2025-12-08 02:22,3100.05,3102.9,3099.57,3102.79,22.62859394,3099.84000000,3102.83000000,3099.56000000,3102.51000000,50.54520000,3101.2,3103.9,3101.2,3103.9,0.7959690100000001,3099.55,3103.05,3099.54,3102.51,35.37725,3099.31,3102.58,3099.31,3102.58,3.77595918
2025-12-08 02:23,3102.49,3102.75,3100.5,3100.5,26.81782786,3102.51000000,3102.51000000,3100.19000000,3100.19000000,50.72250000,,,,,,3102.51,3102.52,3100.54,3100.59,38.32302,3102.05,3102.05,3101.47,3101.47,0.69057239
2025-12-08 02:24,3100.35,3102.9,3099.6,3102.8,45.46410436,3100.20000000,3102.33000000,3099.38000000,3102.33000000,73.54990000,3102.3,3102.3,3102.3,3102.3,0.001,3100.59,3102.34,3099.38,3102.34,61.17113,3101.12,3101.58,3100.22,3101.58,0.51554303
2025-12-08 02:25,3102.79,3103.05,3101.55,3102.01,15.7011207,3102.34000000,3102.69000000,3101.25000000,3101.50000000,42.79450000,3103.5,3103.5,3103.5,3103.5,0.02078,3102.34,3102.34,3101.22,3101.49,17.82679,3102.04,3102.49,3101.95,3101.95,1.17920099
2025-12-08 02:26,3102.01,3102.64,3100.39,3101.37,27.05463066,3101.49000000,3102.00000000,3100.14000000,3100.74000000,83.36200000,,,,,,3101.49,3102.16,3100.14,3100.96,57.29016,3101.58,3102.03,3100.88,3102.03,5.15601969
2025-12-08 02:27,3101.26,3103.2,3101.26,3101.26,19.51720777,3100.74000000,3102.68000000,3100.69000000,3101.09000000,67.44180000,3103.6,3103.6,3102.8,3102.8,1.0207344999999999,3100.96,3102.71,3100.73,3101.09,47.91495,3102.04,3102.04,3102.04,3102.04,0.03
2025-12-08 02:28,3101.52,3101.69,3100.02,3101.1,24.94173823,3101.10000000,3101.19000000,3100.00000000,3100.60000000,131.05560000,,,,,,3101.09,3101.22,3100,3100.86,91.02728,3101.58,3101.58,3101.12,3101.12,3.6911805799999997
2025-12-08 02:29,3101.09,3101.18,3099.76,3099.76,23.47233002,3100.59000000,3100.59000000,3099.38000000,3099.38000000,45.77930000,3102.2,3102.2,3102.0,3102.0,0.021789999999999997,3100.86,3100.86,3099.38,3099.38,32.38633,3101.12,3101.12,3100.22,3100.56,0.45432902000000003
2025-12-08 02:30,3099.75,3100.97,3097.3,3097.3,58.28234859,3099.38000000,3100.10000000,3096.61000000,3096.61000000,265.88550000,3101.9,3101.9,3099.4,3099.4,0.017,3099.38,3100.09,3096.6,3096.61,181.56223,3100.22,3100.22,3097.8,3097.8,0.83417862
2025-12-08 02:31,3097.26,3104.85,3096.16,3101.85,65.42477226,3096.61000000,3104.37000000,3095.47000000,3101.42000000,168.01490000,3098.7,3104.6,3098.2,3104.6,0.14166,3096.61,3103.27,3096.61,3103.27,66.91918,3097.56,3103.32,3096.49,3103.32,10.33871211
2025-12-08 02:32,3101.7,3101.85,3097.78,3097.78,24.21957999,3101.42000000,3101.42000000,3096.99000000,3097.00000000,107.78280000,3102.6,3102.6,3100.1,3100.1,0.004,3103.27,3103.27,3097.61,3097.62,122.82303,3100.51,3100.51,3098.69,3098.69,4.34505464
2025-12-08 02:33,3097.66,3100.2,3097.1,3097.1,20.51358242,3096.99000000,3099.15000000,3096.79000000,3096.96000000,110.08870000,,,,,,3097.62,3099.17,3096.94,3097.1,82.14075,3098.25,3099.77,3097.81,3097.81,0.55815965
2025-12-08 02:34,3097.21,3099.29,3096.85,3097.06,11.7702341,3096.95000000,3098.80000000,3096.57000000,3096.70000000,33.89770000,,,,,,3097.1,3098.8,3096.56,3096.7,20.29548,3097.81,3098.4,3097.81,3098.35,0.07042149
2025-12-08 02:35,3097.05,3097.05,3092.16,3094.49,74.03929334,3096.69000000,3096.69000000,3092.40000000,3094.09000000,305.83070000,3099.0,3099.0,3095.8,3095.8,0.016,3096.7,3096.7,3092.4,3094.09,174.4078,3097.8,3097.8,3092.82,3093.53,3.74049653
2025-12-08 02:36,3094.1,3100.9,3094.1,3099.4,47.70435746,3094.09000000,3100.50000000,3093.92000000,3098.92000000,149.58290000,3096.4,3101.4,3096.4,3099.9,1.39529311,3094.09,3100,3093.92,3098.9,90.43138,3094.14,3100.05,3094.14,3099.89,0.99859908
2025-12-08 02:37,3099.36,3102.15,3099.31,3100.65,32.6470186,3098.91000000,3101.94000000,3098.91000000,3100.00000000,84.35630000,3101.7,3102.8,3101.7,3102.8,0.018000000000000002,3098.9,3101.81,3098.9,3100.17,75.39774,3099.29,3101.63,3099.29,3100.65,1.80675558
2025-12-08 02:38,3100.5,3100.95,3096.75,3098.11,79.42834482,3099.99000000,3099.99000000,3096.00000000,3097.32000000,71.50600000,3100.9,3100.9,3099.3,3099.3,0.008,3100.17,3100.17,3096,3098.22,33.3357,3100.64,3100.64,3097.48,3097.49,0.37239199
2025-12-08 02:39,3098.11,3100.97,3098.11,3100.5,11.14717302,3097.33000000,3099.73000000,3097.33000000,3099.73000000,37.55570000,,,,,,3098.22,3099.77,3097.61,3099.73,42.41653,3097.94,3098.84,3097.94,3098.84,0.0923697
2025-12-08 02:40,3100.31,3101.1,3099.64,3100.53,13.73165813,3099.72000000,3100.30000000,3099.13000000,3100.04000000,44.80660000,3100.6,3100.9,3100.6,3100.9,0.006,3099.73,3100.3,3099.12,3100.03,28.84695,3099.28,3099.73,3099.28,3099.73,1.4753787900000002
2025-12-08 02:41,3100.53,3101.3,3096.93,3098.13,8.15440261,3100.03000000,3100.99000000,3096.36000000,3097.62000000,124.65100000,3101.2,3101.9,3098.8,3098.8,0.016,3100.03,3101,3096.35,3097.28,84.36937,3099.52,3100.64,3097.95,3097.95,1.46369513
2025-12-08 02:42,3098.0,3100.1,3095.8,3096.74,91.47555125,3097.63000000,3099.46000000,3095.27000000,3096.25000000,222.63400000,3100.2,3100.2,3097.7,3097.7,0.73259411,3097.28,3099.52,3095.3,3096.01,158.75195,3097.94,3097.94,3095.78,3096.56,0.15261575
2025-12-08 02:43,3096.75,3098.25,3094.82,3097.66,12.04503096,3096.26000000,3097.76000000,3095.00000000,3097.32000000,54.90630000,,,,,,3096.01,3097.78,3095,3097.75,37.08706,3096.14,3096.72,3095.27,3096.72,0.15013239
2025-12-08 02:44,3097.77,3101.09,3097.76,3100.07,13.03476564,3097.32000000,3100.18000000,3097.32000000,3099.64000000,42.19640000,3099.0,3100.9,3099.0,3100.9,0.012,3097.75,3099.69,3097.31,3099.46,28.1309,3098.71,3099.4,3098.61,3099.4,0.37643029000000006
2025-12-08 02:45,3100.01,3102.6,3100.01,3101.79,13.74166877,3099.63000000,3101.89000000,3099.39000000,3101.15000000,66.46110000,3101.4,3102.7,3101.4,3102.7,0.02,3099.46,3101.95,3099.39,3100.99,45.45347,3099.85,3101.23,3099.85,3100.31,1.5440422
2025-12-08 02:46,3101.79,3103.79,3101.79,3102.45,16.21957744,3101.15000000,3103.48000000,3101.15000000,3101.55000000,77.32810000,3102.6,3104.0,3102.6,3104.0,3.83091,3100.99,3103.12,3100.99,3101.54,55.02184,3101.7,3102.63,3101.7,3102.11,1.0779947600000002
2025-12-08 02:47,3102.46,3103.16,3101.04,3101.1,20.6132938,3101.55000000,3102.49000000,3100.50000000,3100.51000000,71.92180000,3102.7,3102.7,3102.7,3102.7,0.5,3101.54,3102.52,3100.5,3100.51,47.28883,3102.63,3102.63,3101.6,3101.6,0.1401061
2025-12-08 02:48,3101.09,3102.2,3099.6,3100.0,35.82684208,3100.51000000,3101.70000000,3099.10000000,3099.84000000,83.79540000,3102.3,3102.3,3101.1,3101.1,0.008,3100.51,3101.7,3099.06,3099.08,60.4112,3101.23,3101.7,3100.31,3100.31,2.75857965
2025-12-08 02:49,3100.05,3100.68,3098.71,3100.52,47.0717945,3099.84000000,3100.19000000,3098.12000000,3099.76000000,77.82640000,3101.0,3101.0,3100.4,3100.4,0.003,3099.08,3100.22,3098.13,3099.54,51.72242,3099.85,3100.1,3098.95,3099.18,3.5422162900000003
2025-12-08 02:50,3100.39,3102.75,3100.21,3101.1,37.67156713,3099.76000000,3101.99000000,3099.76000000,3100.78000000,142.02900000,3102.3,3102.7,3102.3,3102.7,0.02835203,3099.54,3101.74,3099.54,3100.8,101.58834,3099.85,3102.09,3099.85,3101.24,3.8514173900000004
2025-12-08 02:51,3100.95,3101.7,3100.17,3101.53,11.6716587,3100.78000000,3101.31000000,3099.68000000,3101.00000000,34.95590000,,,,,,3100.8,3101.28,3099.66,3101,26.96584,3101.23,3101.48,3100.78,3100.78,2.48791138
2025-12-08 02:52,3101.53,3103.62,3101.53,3103.62,26.0630774,3100.99000000,3102.93000000,3100.99000000,3102.93000000,65.49980000,3103.0,3103.3,3103.0,3103.3,0.006,3101,3102.95,3100.91,3102.93,75.26069,3101.61,3103.35,3101.61,3103.35,0.19399749
2025-12-08 02:53,3103.65,3104.71,3101.57,3102.32,32.47680109,3102.93000000,3103.88000000,3101.70000000,3101.79000000,57.37310000,3103.5,3104.3,3103.5,3104.3,0.014,3102.93,3103.87,3101.75,3101.8,39.6595,3103.58,3104.31,3102.51,3103.11,0.18651538
2025-12-08 02:54,3102.32,3106.05,3102.1,3106.05,25.0435113,3101.80000000,3105.50000000,3101.61000000,3105.49000000,165.26400000,3104.8,3106.2,3104.8,3106.2,0.012,3101.8,3105.54,3101.44,3105.49,60.14871,3102.64,3105.02,3102.63,3105.02,0.46776686
2025-12-08 02:55,3106.1,3115.19,3106.1,3113.7,108.16780286,3105.50000000,3114.99000000,3105.50000000,3113.56000000,839.21890000,3106.5,3113.6,3106.5,3113.6,1.1845408,3105.49,3115.34,3105.49,3112.39,604.33185,3105.03,3113.71,3105.03,3113.71,5.29722196
2025-12-08 02:56,3113.85,3114.7,3112.06,3113.43,34.81279639,3113.57000000,3113.95000000,3111.73000000,3112.73000000,132.80850000,3114.8,3114.8,3114.8,3114.8,0.002,3112.39,3114.07,3111.86,3112.73,95.31997,3113.33,3113.33,3113.33,3113.33,0.16879348000000002
2025-12-08 02:57,3113.4,3113.4,3111.47,3111.47,17.61788368,3112.72000000,3112.72000000,3111.00000000,3111.01000000,64.43500000,3113.4,3113.4,3113.4,3113.4,0.046123,3112.73,3112.73,3111,3111.01,41.23059,3113.11,3113.11,3112.07,3112.07,1.5509239400000001
2025-12-08 02:58,3111.47,3112.94,3111.47,3112.3,37.81651185,3111.00000000,3112.25000000,3111.00000000,3111.73000000,59.27700000,3112.9,3112.9,3112.9,3112.9,3.01552849,3111.01,3111.88,3111,3111.73,50.90737,3112.06,3112.27,3111.21,3112.21,1.27333633
2025-12-08 02:59,3112.2,3112.35,3109.65,3110.46,18.70228752,3111.73000000,3111.88000000,3109.12000000,3109.77000000,101.44060000,3112.8,3112.8,3111.5,3111.5,0.006,3111.73,3111.83,3109.11,3109.76,67.31487,3112.07,3112.07,3110.01,3110.01,1.14477754
2025-12-08 03:00,3110.42,3113.7,3110.11,3113.7,35.37597612,3109.78000000,3113.37000000,3109.78000000,3113.37000000,174.20550000,3111.3,3113.1,3111.3,3113.1,36.71507651,3109.76,3112.39,3109.76,3112.35,71.6493,3110.01,3112.35,3110.01,3112.35,3.0216896399999995
2025-12-08 03:01,3113.75,3114.6,3108.98,3110.61,39.8509346,3113.37000000,3113.75000000,3108.63000000,3109.87000000,117.23830000,3113.4,3113.9,3110.1,3110.1,0.013000000000000001,3112.35,3113.75,3108.63,3109.87,120.09107,3112.87,3112.87,3109.79,3111.61,36.14602091
2025-12-08 03:02,3110.33,3111.36,3104.62,3106.0,44.84178806,3109.86000000,3110.22000000,3105.39000000,3105.55000000,101.06250000,3111.6,3111.6,3107.4,3107.4,0.06849865,3109.87,3110.26,3105.53,3105.56,73.09191,3109.79,3109.79,3106.31,3106.31,1.29191135
2025-12-08 03:03,3105.99,3106.25,3104.14,3105.58,24.51936222,3105.55000000,3105.55000000,3104.11000000,3105.34000000,44.60270000,3107.3,3107.3,3107.0,3107.0,0.015194530000000001,3105.56,3105.56,3104.07,3105.34,31.29103,3106.31,3106.31,3105.21,3105.41,0.5894664
2025-12-08 03:04,3105.57,3110.37,3105.37,3108.78,17.74956033,3105.34000000,3109.79000000,3105.03000000,3108.42000000,110.03730000,3108.3,3109.9,3108.3,3109.9,0.022,3105.34,3109.8,3105.03,3108.55,79.98739,3105.45,3109.23,3105.45,3109.23,2.30572233
2025-12-08 03:05,3108.78,3108.78,3105.04,3105.04,13.44607182,3108.42000000,3108.42000000,3104.21000000,3104.68000000,123.52300000,3106.9,3106.9,3106.9,3106.9,0.001,3108.55,3108.55,3104.21,3104.68,73.81085,3108.28,3108.28,3105.51,3105.51,0.18074304
2025-12-08 03:06,3105.09,3106.67,3103.95,3106.67,12.73215861,3104.67000000,3105.80000000,3103.54000000,3105.80000000,132.87260000,3106.6,3106.6,3106.0,3106.0,0.004,3104.68,3105.71,3104.34,3105.12,92.27998,3105.35,3105.35,3105.0,3105.0,4.89382949
2025-12-08 03:07,3106.4,3108.59,3106.24,3108.03,18.41599465,3105.81000000,3108.00000000,3105.81000000,3107.98000000,60.54300000,3106.7,3108.8,3106.7,3108.8,10.012,3105.12,3108,3105.12,3107.55,48.14142,3105.35,3107.29,3105.35,3107.28,1.92240509
2025-12-08 03:08,3108.23,3108.23,3105.86,3106.3,18.25100239,3107.98000000,3107.98000000,3105.51000000,3106.09000000,76.08960000,,,,,,3107.55,3107.55,3105.51,3106.39,45.76995,3107.0,3107.15,3106.32,3106.71,0.09607755
2025-12-08 03:09,3106.34,3107.24,3104.2,3105.3,49.96274308,3106.08000000,3106.57000000,3103.79000000,3104.80000000,80.45790000,3107.5,3107.5,3106.2,3106.2,0.005,3106.39,3106.57,3103.77,3104.79,59.7099,3106.63,3106.91,3104.53,3104.83,1.37661847
2025-12-08 03:10,3105.3,3107.7,3105.01,3105.01,41.10524111,3104.79000000,3106.86000000,3104.18000000,3104.19000000,92.42490000,3106.4,3106.8,3106.4,3106.8,20.0,3104.79,3106.86,3104.14,3104.15,62.09575,3104.89,3106.6,3104.89,3105.54,1.3943327099999998
2025-12-08 03:11,3105.01,3106.03,3102.76,3104.25,46.51125242,3104.19000000,3105.51000000,3102.22000000,3103.45000000,65.62550000,3105.9,3105.9,3104.0,3104.0,0.015,3104.15,3105.52,3103.02,3103.45,43.52836,3105.58,3105.68,3103.14,3103.68,0.51801241
2025-12-08 03:12,3104.25,3104.54,3101.85,3104.54,52.24237794,3103.46000000,3104.00000000,3102.30000000,3103.94000000,38.39830000,3105.3,3105.3,3105.3,3105.3,0.015167040000000001,3103.45,3104,3102.27,3103.94,30.09929,3103.68,3104.16,3103.12,3104.16,0.41875183000000005
2025-12-08 03:13,3104.39,3104.55,3102.16,3103.32,46.5873931,3103.93000000,3104.00000000,3101.55000000,3102.96000000,55.77090000,,,,,,3103.94,3104,3101.54,3102.95,38.30593,3103.72,3104.15,3102.27,3102.27,3.27190241
2025-12-08 03:14,3103.31,3105.12,3102.23,3104.02,37.71527021,3102.96000000,3104.43000000,3101.93000000,3103.32000000,232.06340000,3104.7,3104.7,3104.7,3104.7,3.3367065399999998,3102.95,3104.42,3102.29,3103.32,164.48142,3102.85,3103.68,3102.72,3103.68,0.026151719999999996
2025-12-08 03:15,3104.01,3105.15,3102.85,3105.15,40.86100003,3103.31000000,3104.60000000,3102.41000000,3104.60000000,44.41290000,,,,,,3103.32,3104.6,3102.38,3104.6,29.86742,3103.26,3103.64,3103.26,3103.64,1.46993232
2025-12-08 03:16,3105.24,3107.6,3104.17,3106.65,32.46484635,3104.60000000,3107.01000000,3104.16000000,3106.48000000,79.24300000,3106.0,3107.5,3106.0,3107.5,0.02,3104.6,3107.02,3104.14,3107,47.37018,3104.12,3106.06,3104.11,3106.06,1.12558276
2025-12-08 03:17,3106.67,3107.2,3105.76,3107.1,34.67519625,3106.47000000,3106.47000000,3105.00000000,3106.32000000,47.95200000,,,,,,3107,3107,3104.96,3106.33,41.69307,3106.06,3106.4,3105.87,3106.4,0.59310978
2025-12-08 03:18,3107.1,3109.49,3106.96,3108.68,38.21252969,3106.33000000,3108.99000000,3106.05000000,3107.91000000,79.53740000,3107.6,3109.0,3107.6,3109.0,30.00799999,3106.33,3108.69,3106.05,3108.01,55.03874,3106.56,3108.06,3106.56,3108.06,0.10479089999999999
2025-12-08 03:19,3108.45,3111.51,3107.87,3110.25,63.36000304,3107.90000000,3110.90000000,3107.25000000,3109.61000000,204.14380000,3109.0,3112.0,3109.0,3112.0,0.16400001,3108.01,3110.06,3107.24,3109.73,55.95619,3108.06,3110.61,3108.05,3110.61,0.15610485
2025-12-08 03:20,3110.28,3112.99,3109.36,3112.84,77.09878977,3109.60000000,3112.11000000,3108.72000000,3112.10000000,222.13130000,3112.6,3112.6,3112.6,3112.6,0.05,3109.73,3112.14,3108.7,3112.11,244.88452,3109.58,3112.51,3109.58,3112.51,2.7221404899999997
2025-12-08 03:21,3112.84,3118.34,3112.84,3115.51,82.51305023,3112.10000000,3117.89000000,3112.10000000,3114.88000000,509.10370000,3113.3,3118.9,3113.3,3118.9,10.108,3112.11,3117.12,3112.1,3115,356.47187,3112.71,3116.49,3112.71,3116.49,1.7029597
2025-12-08 03:22,3115.51,3115.95,3113.09,3114.34,52.27417826,3114.87000000,3115.21000000,3113.04000000,3113.62000000,110.88670000,3115.2,3115.2,3115.2,3115.2,0.001,3115,3115.22,3113.04,3113.62,82.27658,3115.94,3115.94,3113.79,3114.08,0.33492072
2025-12-08 03:23,3114.34,3116.25,3113.43,3115.43,66.76540871,3113.62000000,3115.61000000,3113.62000000,3115.36000000,223.52800000,3115.6,3115.6,3115.6,3115.6,0.1,3113.62,3115.62,3113.62,3115.36,152.38292,3114.86,3115.4,3114.31,3115.4,10.22977313
2025-12-08 03:24,3115.8,3117.6,3115.02,3117.6,47.04459088,3115.35000000,3116.99000000,3114.58000000,3116.99000000,209.43930000,3116.1,3116.1,3116.1,3116.1,0.3232,3115.36,3116.19,3114.58,3116.15,147.02604,3114.73,3116.48,3114.73,3116.48,14.57073402
2025-12-08 03:25,3117.59,3120.97,3117.1,3118.95,84.88540605,3116.99000000,3119.95000000,3116.81000000,3118.26000000,226.49220000,3117.2,3119.4,3117.2,3119.4,0.052000000000000005,3116.15,3119.27,3116.15,3117.03,173.12941,3116.49,3119.28,3116.49,3119.03,1.76726822
2025-12-08 03:26,3118.82,3120.14,3117.61,3117.84,11.78714121,3118.26000000,3119.83000000,3116.84000000,3117.37000000,132.14860000,,,,,,3117.03,3119.41,3116.94,3117.29,119.75107,3118.69,3118.69,3117.76,3118.42,7.088635340000001
2025-12-08 03:27,3117.84,3120.15,3117.61,3119.0,9.98676271,3117.36000000,3119.34000000,3116.67000000,3118.64000000,89.36410000,3120.0,3120.0,3120.0,3120.0,0.05,3117.29,3119.33,3116.92,3118.62,56.69251,3117.26,3119.62,3117.26,3118.88,2.22519505
2025-12-08 03:28,3119.2,3120.45,3118.38,3118.54,9.13114436,3118.64000000,3119.94000000,3117.93000000,3117.93000000,95.23110000,3119.8,3119.8,3119.8,3119.8,3e-08,3118.62,3120.13,3118.26,3118.27,64.64258,3118.87,3119.84,3118.75,3118.75,2.1131046999999996
2025-12-08 03:29,3118.51,3119.65,3115.62,3115.62,60.00090979,3117.92000000,3118.37000000,3115.06000000,3115.12000000,168.75810000,3118.5,3118.5,3117.5,3117.5,0.007,3118.27,3118.37,3115.07,3115.07,109.16093,3118.75,3118.75,3116.46,3116.46,0.6655376399999999
2025-12-08 03:30,3115.96,3116.14,3114.4,3114.99,11.75414167,3115.13000000,3115.20000000,3113.84000000,3114.26000000,106.33420000,3117.4,3117.4,3116.9,3116.9,0.005,3115.07,3115.24,3113.84,3114.26,83.92003,3115.97,3115.97,3114.72,3114.72,2.18014367
2025-12-08 03:31,3114.98,3116.39,3114.47,3114.71,16.16292511,3114.26000000,3115.66000000,3113.86000000,3113.87000000,212.66180000,,,,,,3114.26,3115.39,3113.88,3114.04,180.80968,3114.87,3115.7,3114.72,3114.72,3.6672186699999996
2025-12-08 03:32,3114.69,3116.05,3114.01,3115.34,5.26279115,3113.88000000,3115.27000000,3113.27000000,3114.27000000,109.46490000,3116.1,3116.1,3115.5,3115.5,0.003,3114.04,3115.26,3113.31,3114.22,50.23144,3114.72,3115.11,3114.72,3114.72,174.81724377999998
2025-12-08 03:33,3115.34,3116.45,3114.91,3115.95,6.96885913,3114.27000000,3115.63000000,3114.27000000,3115.63000000,69.64520000,,,,,,3114.22,3115.67,3114.22,3115.67,56.44812,3114.72,3116.15,3114.72,3116.15,2.33111302
2025-12-08 03:34,3116.14,3117.89,3114.85,3117.44,44.73542553,3115.62000000,3117.12000000,3114.55000000,3116.81000000,211.37950000,3117.1,3117.5,3117.1,3117.5,0.008,3115.67,3117.11,3114.55,3116.39,143.57961,3115.24,3117.13,3114.72,3117.13,3.87047378
2025-12-08 03:35,3117.43,3119.1,3115.78,3119.1,11.82034446,3116.81000000,3118.49000000,3115.31000000,3118.49000000,84.45130000,3117.7,3118.7,3117.7,3118.7,0.02,3116.39,3118.51,3115.31,3118.51,49.91326,3116.35,3117.45,3116.35,3117.45,1.31223592
2025-12-08 03:36,3119.1,3121.33,3117.02,3117.32,21.69371198,3118.49000000,3120.50000000,3116.56000000,3116.89000000,272.40520000,3119.0,3119.6,3119.0,3119.6,0.006,3118.51,3119.51,3116.54,3116.96,194.62018,3118.0,3120.0,3117.45,3117.45,2.31374608
2025-12-08 03:37,3117.39,3118.71,3115.95,3116.39,25.2989547,3116.89000000,3117.84000000,3115.59000000,3115.68000000,239.07810000,3118.3,3118.3,3117.9,3117.9,0.003,3116.96,3117.84,3115.55,3115.7,204.08791,3117.46,3117.46,3116.83,3116.83,0.28106377
2025-12-08 03:38,3116.11,3116.55,3113.85,3113.97,20.61127673,3115.68000000,3115.97000000,3113.46000000,3113.49000000,237.05690000,3117.7,3117.7,3115.8,3115.8,0.012,3115.7,3115.93,3113.46,3113.48,116.4442,3116.34,3116.34,3114.16,3114.16,17.930709
2025-12-08 03:39,3114.27,3114.7,3111.85,3112.8,55.32017241,3113.49000000,3113.83000000,3111.32000000,3112.32000000,191.17070000,3115.6,3115.6,3113.3,3113.3,0.012,3113.48,3113.83,3111.31,3112,139.99366,3114.15,3114.15,3112.56,3112.56,0.15360773
2025-12-08 03:40,3112.94,3113.62,3105.58,3106.96,224.59314849,3112.32000000,3112.91000000,3104.76000000,3107.30000000,787.71640000,3113.1,3113.3,3108.5,3108.5,66.34027955,3112,3112.12,3105.06,3106.31,93.30069,3112.55,3112.55,3107.38,3107.38,88.1771464
2025-12-08 03:41,3107.79,3109.5,3104.26,3105.9,197.22866873,3107.30000000,3109.01000000,3104.53000000,3105.26000000,767.48710000,3109.2,3110.1,3107.1,3107.1,17.63863018,3106.31,3109.02,3104.87,3105.26,987.08257,3108.63,3108.98,3105.79,3105.8,59.880874309999996
2025-12-08 03:42,3105.75,3106.4,3105.54,3106.4,10.1026557,3105.25000000,3105.67000000,3104.87000000,3105.67000000,162.32540000,,,,,,3105.26,3105.67,3104.86,3105.66,131.13013,3105.79,3105.79,3105.29,3105.79,1.34999
2025-12-08 03:43,3106.39,3106.4,3104.69,3105.26,36.14495731,3105.67000000,3105.67000000,3104.50000000,3104.51000000,122.76080000,,,,,,3105.66,3105.67,3104.47,3104.5,96.82256,3105.78,3105.78,3105.29,3105.75,0.35815648
2025-12-08 03:44,3105.05,3105.45,3103.89,3105.45,29.31419946,3104.50000000,3104.95000000,3104.18000000,3104.95000000,77.88040000,,,,,,3104.5,3104.96,3104.18,3104.95,68.79835,3104.81,3104.81,3104.48,3104.48,0.32063963
2025-12-08 03:45,3105.57,3108.15,3103.51,3108.14,24.95686262,3104.94000000,3107.81000000,3103.03000000,3107.81000000,235.68860000,,,,,,3104.95,3107.83,3103.64,3107.83,150.73594,3105.3,3107.32,3103.94,3106.86,2.08062915
2025-12-08 03:46,3107.84,3110.32,3107.84,3110.09,9.19442033,3107.80000000,3109.75000000,3107.66000000,3109.75000000,74.47320000,3108.4,3109.7,3108.4,3109.7,0.012,3107.83,3109.75,3107.64,3109.75,55.61226,3107.92,3108.67,3107.92,3108.67,42.77826046
2025-12-08 03:47,3110.1,3110.73,3107.65,3109.62,65.56097421,3109.75000000,3110.20000000,3108.69000000,3109.21000000,78.43630000,3110.0,3110.6,3110.0,3110.6,0.006,3109.75,3110.16,3108.69,3109.31,54.45436,3108.78,3110.3,3108.78,3109.32,1.7809432900000002
2025-12-08 03:48,3109.63,3109.65,3107.64,3108.74,29.80265251,3109.20000000,3109.21000000,3107.71000000,3108.72000000,66.20390000,3109.4,3109.4,3109.4,3109.4,0.0804117,3109.31,3109.31,3107.7,3107.74,36.03668,3108.96,3108.96,3108.44,3108.45,0.060928630000000004
2025-12-08 03:49,3108.9,3111.3,3108.9,3111.08,7.55874466,3108.73000000,3110.93000000,3108.73000000,3110.50000000,40.20740000,3110.5,3110.5,3110.5,3110.5,0.05,3107.74,3110.94,3107.74,3110.5,64.11442,3108.93,3109.98,3108.93,3109.98,0.17603343999999999
2025-12-08 03:50,3111.07,3111.07,3108.17,3109.65,55.1168862,3110.49000000,3110.50000000,3107.80000000,3109.37000000,166.69590000,3111.3,3112.0,3110.0,3110.8,0.52909142,3110.5,3110.5,3107.91,3109.27,105.87317,3110.51,3110.51,3108.45,3108.45,5.58230168
2025-12-08 03:51,3109.8,3111.67,3109.8,3110.47,38.80446473,3109.37000000,3111.27000000,3109.37000000,3110.01000000,182.99650000,,,,,,3109.27,3110.79,3109.27,3110.01,139.64826,3108.98,3110.51,3108.98,3110.12,1.33953805
2025-12-08 03:52,3110.47,3112.2,3110.47,3111.47,15.7767165,3110.00000000,3111.63000000,3110.00000000,3111.16000000,64.50970000,3112.1,3112.8,3112.1,3112.8,0.016,3110.01,3111.65,3110,3111.25,43.99533,3110.51,3111.55,3110.51,3111.55,1.06974482
2025-12-08 03:53,3111.45,3111.5,3110.0,3111.3,13.04457063,3111.15000000,3111.15000000,3109.70000000,3110.71000000,34.93930000,,,,,,3111.25,3111.25,3109.69,3110.71,25.60735,3110.96,3110.96,3110.96,3110.96,0.04967967
2025-12-08 03:54,3111.29,3111.29,3109.77,3109.96,16.7281117,3110.71000000,3110.72000000,3109.31000000,3109.71000000,31.76160000,,,,,,3110.71,3110.72,3109.27,3109.7,20.04528,3110.51,3110.51,3109.47,3109.98,0.56160696
2025-12-08 03:55,3109.96,3109.97,3108.93,3109.47,13.1167961,3109.70000000,3109.70000000,3108.78000000,3109.35000000,11.73280000,,,,,,3109.7,3109.7,3108.76,3109.34,7.85281,3109.48,3109.66,3109.48,3109.66,2.07583272
2025-12-08 03:56,3109.48,3111.45,3108.9,3111.38,25.49072364,3109.34000000,3110.97000000,3108.80000000,3110.96000000,46.44060000,3111.0,3112.7,3111.0,3112.7,0.16091731,3109.34,3110.97,3108.8,3110.96,31.89945,3109.48,3110.86,3109.17,3110.86,0.70629567
2025-12-08 03:57,3111.37,3111.37,3108.55,3110.55,17.2365666,3110.97000000,3110.97000000,3108.64000000,3110.10000000,92.13110000,,,,,,3110.96,3110.97,3108.64,3110.54,67.36149,3109.57,3109.83,3109.31,3109.82,0.14501672000000002
2025-12-08 03:58,3110.41,3112.05,3109.7,3112.03,13.58644905,3110.09000000,3111.46000000,3109.57000000,3111.46000000,38.80110000,,,,,,3110.54,3111.42,3109.57,3111.42,28.53266,3109.83,3111.67,3109.83,3111.67,0.2050361
2025-12-08 03:59,3112.2,3113.7,3111.27,3111.41,32.63759935,3111.46000000,3113.23000000,3110.80000000,3111.01000000,212.79540000,3112.9,3113.7,3112.9,3113.7,0.01,3111.42,3113.11,3110.8,3111.01,149.15601,3111.91,3112.23,3111.39,3111.39,0.37458102
2025-12-08 04:00,3111.41,3117.14,3111.41,3114.72,30.94902179,3111.01000000,3116.66000000,3111.00000000,3114.33000000,158.25290000,3113.9,3116.9,3113.9,3116.9,0.0211222,3111.01,3115.8,3111.01,3114.32,106.8648,3111.03,3116.21,3111.03,3114.59,2.21334602
2025-12-08 04:01,3114.59,3117.15,3114.53,3116.3,10.96945983,3114.33000000,3116.71000000,3114.15000000,3115.84000000,220.58920000,3116.4,3116.4,3116.4,3116.4,0.00385196,3114.32,3116.51,3114.12,3115.84,153.93632,3114.59,3115.19,3114.59,3114.71,0.06943707
2025-12-08 04:02,3116.31,3117.74,3113.7,3113.7,26.22601473,3115.84000000,3117.72000000,3113.31000000,3113.37000000,314.01960000,,,,,,3115.84,3117.5,3113.3,3113.32,216.8834,3116.33,3116.33,3114.08,3114.08,1.9529279
2025-12-08 04:03,3113.56,3114.45,3111.3,3111.71,18.82467157,3113.37000000,3113.91000000,3110.35000000,3110.99000000,169.52870000,3115.2,3115.2,3113.3,3113.3,0.009000000000000001,3113.32,3113.91,3110.7,3110.98,123.89994,3113.55,3113.55,3111.92,3111.93,0.09380367
2025-12-08 04:04,3111.36,3111.41,3109.65,3110.55,561.26844468,3110.99000000,3111.00000000,3108.67000000,3109.83000000,154.64070000,3112.6,3112.6,3111.1,3111.1,0.01,3110.98,3111,3108.73,3109.82,106.65974,3111.92,3111.92,3109.78,3110.07,1.57588047
2025-12-08 04:05,3110.54,3115.49,3109.06,3115.05,88.62151991,3109.82000000,3114.66000000,3108.53000000,3114.65000000,133.78430000,3111.0,3115.3,3110.7,3115.3,0.032,3109.82,3114.67,3108.53,3114.65,80.33476,3109.77,3114.63,3109.77,3114.63,3.93236306
2025-12-08 04:06,3115.28,3115.28,3109.6,3111.38,68.46588507,3114.65000000,3114.65000000,3110.41000000,3110.52000000,98.78230000,,,,,,3114.65,3114.65,3110.38,3110.85,72.29656,3114.45,3114.45,3110.85,3111.12,6.19126839
2025-12-08 04:07,3111.0,3114.73,3110.89,3114.2,518.62988922,3110.53000000,3113.90000000,3110.53000000,3113.89000000,72.76500000,,,,,,3110.85,3113.9,3110.76,3113.62,36.29857,3110.85,3113.01,3110.85,3113.01,7.88391783
2025-12-08 04:08,3114.27,3114.9,3112.82,3113.26,20.9060854,3113.90000000,3114.44000000,3112.87000000,3112.87000000,88.86410000,,,,,,3113.62,3114.44,3112.83,3112.87,79.01269,3113.54,3113.57,3113.02,3113.11,0.25939956
2025-12-08 04:09,3113.42,3113.69,3112.2,3113.58,23.67076495,3112.87000000,3113.57000000,3111.84000000,3112.70000000,106.64240000,,,,,,3112.87,3113.56,3111.84,3112.51,74.24798,3113.01,3113.27,3112.47,3112.94,0.21548735
2025-12-08 04:10,3113.5,3115.87,3113.5,3114.0,19.58362491,3112.71000000,3115.22000000,3112.71000000,3113.55000000,177.63260000,3115.5,3115.8,3115.5,3115.8,0.004,3112.51,3115.25,3112.51,3113.55,124.16448,3113.17,3114.69,3113.17,3114.68,2.8970537899999997
2025-12-08 04:11,3114.03,3115.28,3114.01,3114.6,6.86278177,3113.55000000,3115.03000000,3113.53000000,3114.00000000,100.60050000,,,,,,3113.55,3115.03,3113.54,3114.01,70.98271,3114.23,3115.01,3114.21,3114.21,0.09700062999999999
2025-12-08 04:12,3114.6,3116.55,3113.88,3114.4,60.57595017,3114.01000000,3116.01000000,3114.00000000,3114.12000000,191.99610000,3116.1,3116.6,3116.1,3116.6,0.008,3114.01,3116.01,3114.01,3114.5,169.90116,3115.21,3115.78,3114.31,3114.55,53.26417068
2025-12-08 04:13,3114.39,3114.39,3113.11,3113.55,20.11153678,3114.12000000,3114.12000000,3112.87000000,3113.21000000,72.88100000,,,,,,3114.5,3114.5,3112.86,3113.48,48.00697,3114.2,3114.2,3113.55,3113.87,1.53430171
2025-12-08 04:14,3113.49,3114.9,3112.81,3112.81,20.12881385,3113.20000000,3114.41000000,3112.50000000,3112.50000000,120.11370000,3115.1,3115.1,3115.1,3115.1,0.001,3113.48,3114.41,3112.59,3112.62,84.95286,3114.57,3114.57,3113.55,3113.55,0.03907337
2025-12-08 04:15,3112.81,3113.4,3112.21,3112.8,34.09489268,3112.50000000,3112.63000000,3111.82000000,3112.34000000,109.15490000,3114.8,3114.8,3114.2,3114.2,0.004,3112.62,3112.63,3111.79,3112.35,41.22176,3113.01,3113.01,3112.73,3112.81,0.16017635
2025-12-08 04:16,3112.91,3112.99,3110.9,3112.99,240.19056216,3112.34000000,3112.78000000,3110.58000000,3112.49000000,155.91570000,3114.1,3114.1,3112.9,3112.9,0.21100000000000002,3112.35,3112.78,3110.79,3112.42,98.36863,3112.46,3112.46,3111.03,3111.7,137.70898768
2025-12-08 04:17,3112.67,3113.54,3111.33,3112.1,16.63573588,3112.48000000,3113.72000000,3111.18000000,3111.67000000,68.05260000,,,,,,3112.42,3112.49,3111.17,3111.67,58.19965,3112.13,3112.77,3111.49,3111.79,0.9513000600000001
2025-12-08 04:18,3112.0,3112.7,3109.48,3110.85,52.12221833,3111.67000000,3112.33000000,3110.24000000,3110.82000000,82.53940000,3112.8,3112.8,3112.8,3112.8,0.001,3111.67,3112.33,3110.24,3110.59,51.36965,3112.28,3112.28,3110.73,3110.73,0.6108219
2025-12-08 04:19,3110.85,3113.81,3110.85,3113.28,3.61343911,3110.83000000,3113.44000000,3110.83000000,3113.12000000,43.27070000,,,,,,3110.59,3113.47,3110.59,3113.11,37.42259,3111.79,3113.02,3111.79,3113.01,0.39057956
2025-12-08 04:20,3113.26,3114.69,3112.37,3112.94,22.90518635,3113.13000000,3114.44000000,3112.21000000,3112.50000000,71.20660000,3114.1,3114.7,3114.1,3114.7,1.5147,3113.11,3114.47,3112.21,3112.46,34.92271,3113.02,3113.96,3112.88,3112.88,3.15343761
2025-12-08 04:21,3112.81,3112.98,3110.67,3111.29,23.13596824,3112.49000000,3112.50000000,3110.78000000,3111.28000000,72.59460000,3113.2,3113.2,3112.6,3112.6,0.01074,3112.46,3112.5,3110.77,3111.29,58.36785,3112.87,3112.87,3111.26,3111.26,0.18339327
2025-12-08 04:22,3111.3,3112.33,3111.3,3111.76,6.92700506,3111.27000000,3111.68000000,3111.04000000,3111.52000000,21.41860000,,,,,,3111.29,3111.68,3111.08,3111.52,14.98662,3111.78,3111.78,3111.73,3111.73,0.04872418
2025-12-08 04:23,3111.75,3115.57,3111.75,3115.56,8.31158012,3111.52000000,3115.34000000,3111.52000000,3114.80000000,58.48290000,3114.4,3115.9,3114.4,3115.9,0.026000000000000002,3111.52,3115,3111.52,3115,34.57919,3112.32,3114.51,3112.32,3114.51,0.17428563
2025-12-08 04:24,3115.2,3115.8,3113.76,3113.76,29.82438502,3114.80000000,3115.33000000,3113.41000000,3113.41000000,78.65480000,,,,,,3115,3115.33,3113.41,3113.41,54.15106,3114.99,3114.99,3114.26,3114.59,1.10488155
2025-12-08 04:25,3113.71,3120.14,3113.71,3120.12,28.37610714,3113.42000000,3119.87000000,3113.42000000,3119.01000000,470.72880000,3116.0,3119.5,3116.0,3119.5,0.016,3113.41,3119.09,3113.41,3119,320.24285,3114.44,3119.64,3114.44,3119.64,273.91867663
2025-12-08 04:26,3119.58,3123.45,3119.01,3122.9,32.71097864,3119.01000000,3123.00000000,3118.80000000,3122.53000000,264.62870000,3119.8,3123.0,3119.8,3123.0,0.01940814,3119,3123,3119,3122.37,204.73367,3119.23,3123.36,3119.22,3122.71,5.52774506
2025-12-08 04:27,3122.89,3122.89,3118.43,3121.02,83.22677184,3122.54000000,3122.54000000,3118.00000000,3120.54000000,244.92990000,3123.4,3123.4,3119.2,3119.4,0.651,3122.37,3122.37,3117.96,3119.13,160.88074,3121.42,3121.42,3119.27,3119.43,5.4515689300000005
2025-12-08 04:28,3120.84,3120.84,3119.11,3119.14,38.69460525,3120.53000000,3120.53000000,3118.65000000,3118.66000000,113.21770000,,,,,,3119.13,3120.18,3118.65,3118.65,166.11061,3119.81,3119.81,3119.27,3119.28,0.02352287
2025-12-08 04:29,3119.26,3119.69,3118.3,3119.41,24.31099272,3118.65000000,3118.96000000,3118.05000000,3118.82000000,71.84640000,3120.2,3120.2,3120.2,3120.2,0.0069,3118.65,3118.96,3118.03,3118.96,49.78656,3119.27,3119.32,3118.03,3118.96,1.8263047
2025-12-08 04:30,3119.21,3125.24,3119.1,3124.94,44.9315278,3118.79000000,3124.55000000,3118.79000000,3124.32000000,246.08550000,3121.3,3124.8,3121.3,3124.8,0.064,3118.96,3124.54,3118.79,3124.54,131.86827,3119.59,3123.73,3119.59,3123.73,8.53983548
2025-12-08 04:31,3124.64,3131.32,3124.3,3130.5,213.86225111,3124.32000000,3131.10000000,3123.86000000,3130.45000000,1047.57050000,3125.1,3131.7,3125.1,3131.7,6.365,3124.54,3130.41,3123.86,3130.16,252.66434,3123.89,3130.18,3123.89,3130.05,229.98200205999999
2025-12-08 04:32,3131.05,3134.96,3129.73,3131.84,91.32393597,3130.45000000,3134.48000000,3129.17000000,3131.22000000,1060.40490000,3131.3,3133.3,3131.3,3131.6,0.5389887,3130.16,3132.79,3130.16,3131.72,456.47652,3130.91,3133.0,3130.24,3130.92,0.66325376
2025-12-08 04:33,3131.89,3138.0,3131.89,3134.41,48.10865439,3131.22000000,3138.05000000,3131.22000000,3134.25000000,871.83390000,3134.2,3138.6,3134.2,3136.3,0.18156,3131.72,3137.58,3131.72,3134.24,532.29345,3131.56,3136.76,3131.56,3135.22,2.58915023
2025-12-08 04:34,3134.55,3135.99,3130.36,3131.02,70.14654448,3134.24000000,3135.82000000,3130.06000000,3130.63000000,320.14790000,3134.6,3134.6,3133.0,3133.0,0.004,3134.24,3135.55,3130.35,3130.39,239.78846,3135.3,3135.62,3130.33,3130.33,47.78835908
2025-12-08 04:35,3131.26,3133.79,3130.26,3130.26,8.33005908,3130.62000000,3133.51000000,3130.53000000,3130.53000000,135.17750000,,,,,,3130.39,3133.27,3130.39,3130.53,135.38122,3131.27,3132.93,3131.27,3132.9,1.5526700500000001
2025-12-08 04:36,3130.95,3130.95,3125.7,3127.61,56.77918821,3130.54000000,3130.54000000,3125.14000000,3127.21000000,537.34190000,3132.0,3132.0,3129.0,3129.0,0.014,3130.53,3130.54,3125.4,3127.19,363.08415,3132.2,3132.2,3126.55,3126.55,11.37013009
2025-12-08 04:37,3127.88,3130.34,3126.62,3127.91,38.44121513,3127.22000000,3130.00000000,3126.32000000,3127.15000000,297.05610000,3130.3,3130.3,3130.3,3130.3,0.002,3127.19,3129.87,3126.3,3127.72,220.7569,3127.62,3129.33,3127.17,3127.95,0.7118054699999999
2025-12-08 04:38,3128.16,3130.24,3126.67,3127.06,46.28826393,3127.15000000,3129.58000000,3126.26000000,3126.63000000,195.82970000,3129.8,3129.8,3129.2,3129.2,0.05127832,3127.72,3128.96,3126.5,3126.87,144.19885,3128.36,3129.2,3127.78,3127.78,22.46265159
2025-12-08 04:39,3127.05,3128.24,3124.96,3125.39,34.94483035,3126.64000000,3127.86000000,3124.57000000,3124.58000000,169.07950000,3128.6,3128.6,3127.2,3127.2,1.006,3126.87,3127.11,3124.57,3124.57,129.30981,3127.17,3127.17,3124.52,3124.52,0.78827643
2025-12-08 04:40,3125.35,3126.32,3121.66,3121.74,47.97340346,3124.57000000,3125.76000000,3121.15000000,3121.17000000,372.57920000,3127.0,3127.0,3124.3,3124.3,0.014,3124.57,3125.74,3121.11,3121.16,225.16416,3124.6,3124.6,3122.2,3122.2,2.25674931
2025-12-08 04:41,3121.78,3125.1,3121.05,3125.1,64.96616236,3121.16000000,3124.88000000,3120.54000000,3124.87000000,173.14270000,3124.0,3125.6,3123.7,3125.6,0.03701,3121.16,3124.88,3120.54,3124.88,131.36068,3121.71,3124.71,3121.12,3124.71,1.42961995
2025-12-08 04:42,3125.1,3128.0,3124.51,3127.09,50.15949318,3124.88000000,3127.00000000,3124.26000000,3126.87000000,283.30140000,3125.9,3127.6,3125.9,3127.6,0.016,3124.88,3127.01,3124.53,3126.86,197.66626,3124.7,3126.02,3124.7,3126.02,1.19864723
2025-12-08 04:43,3127.09,3128.73,3126.85,3128.0,26.8621954,3126.86000000,3128.37000000,3126.78000000,3127.65000000,91.66180000,3127.8,3128.9,3127.8,3128.9,0.016,3126.86,3128.37,3126.77,3127.66,63.96133,3126.53,3127.72,3126.53,3127.72,0.16042994
2025-12-08 04:44,3127.98,3127.98,3124.31,3125.42,54.10952259,3127.65000000,3127.66000000,3124.39000000,3124.90000000,84.17380000,3127.0,3127.0,3126.7,3126.7,0.002,3127.66,3127.66,3124.36,3124.89,60.85326,3127.15,3127.15,3125.31,3125.31,0.92529239
2025-12-08 04:45,3125.42,3126.3,3122.88,3123.42,100.35639167,3124.90000000,3125.99000000,3122.65000000,3123.20000000,173.88660000,3126.4,3126.4,3125.7,3125.7,0.004,3124.89,3125,3122.64,3123.16,66.23926,3125.31,3125.31,3123.51,3123.51,0.22711827
2025-12-08 04:46,3123.42,3123.76,3121.89,3123.17,33.917602,3123.20000000,3123.27000000,3121.72000000,3122.61000000,88.36270000,3125.5,3125.5,3124.6,3124.6,0.007,3123.16,3123.19,3121.71,3122.61,67.88187,3123.5,3123.5,3122.91,3122.92,0.39889811
2025-12-08 04:47,3123.17,3124.95,3122.86,3123.62,27.5970676,3122.60000000,3124.47000000,3122.36000000,3123.40000000,87.45400000,3124.4,3124.4,3124.3,3124.3,0.01912,3122.61,3123.98,3122.6,3123.39,61.95273,3122.92,3123.52,3122.92,3123.52,1.20312212
2025-12-08 04:48,3123.62,3123.9,3122.7,3122.7,13.14161738,3123.40000000,3123.46000000,3121.93000000,3122.28000000,85.66690000,,,,,,3123.39,3123.45,3122.26,3122.28,59.85165,3123.52,3123.55,3122.97,3122.97,0.35958974
2025-12-08 04:49,3122.7,3123.61,3122.41,3123.23,169.1649343,3122.28000000,3123.24000000,3122.18000000,3122.67000000,106.28540000,,,,,,3122.28,3123.28,3122.17,3122.67,74.51673,3122.96,3123.13,3122.69,3122.93,0.96014708
2025-12-08 04:50,3123.34,3124.77,3123.01,3123.1,95.10432029,3122.67000000,3123.94000000,3122.54000000,3122.70000000,232.52660000,3124.5,3124.5,3124.5,3124.5,0.0092,3122.67,3123.98,3122.52,3122.69,125.21742,3122.91,3123.12,3122.91,3123.12,0.52894609
2025-12-08 04:51,3123.11,3123.45,3122.2,3122.2,34.98492859,3122.70000000,3122.89000000,3121.47000000,3121.47000000,57.48710000,,,,,,3122.69,3122.89,3121.47,3121.47,30.24918,3122.9,3122.9,3122.37,3122.37,1.02125105
2025-12-08 04:52,3122.11,3123.11,3120.61,3121.9,42.32279203,3121.48000000,3122.57000000,3120.00000000,3121.76000000,108.37950000,3124.2,3124.2,3122.6,3122.6,0.011,3121.47,3122.58,3120,3121.76,85.86905,3122.36,3122.36,3120.58,3121.44,32.35609367
2025-12-08 04:53,3122.11,3124.49,3121.36,3122.77,130.62127251,3121.76000000,3124.10000000,3121.13000000,3122.24000000,233.43920000,3123.4,3124.6,3123.4,3124.4,5.20849337,3121.76,3124.1,3121.13,3122.25,163.35321,3121.45,3122.96,3120.87,3122.96,11.26892397
2025-12-08 04:54,3122.58,3124.69,3122.58,3123.75,15.60218673,3122.24000000,3124.21000000,3122.24000000,3123.08000000,97.14510000,,,,,,3122.25,3124.23,3122.24,3123.09,67.95013,3122.91,3123.55,3122.91,3123.55,0.8618797300000001
2025-12-08 04:55,3123.61,3124.88,3123.1,3124.31,12.03414134,3123.08000000,3124.22000000,3123.01000000,3123.68000000,76.68860000,,,,,,3123.09,3124.23,3123,3123.67,48.88683,3123.04,3123.56,3123.04,3123.5,2.14153609
2025-12-08 04:56,3124.5,3126.74,3124.05,3126.59,21.12157691,3123.68000000,3126.00000000,3123.68000000,3126.00000000,210.62950000,3124.9,3126.5,3124.9,3126.5,0.06278,3123.67,3126.03,3123.67,3126,138.8088,3123.56,3125.38,3123.56,3125.38,0.23925419
2025-12-08 04:57,3126.6,3131.45,3126.32,3130.5,47.06159851,3126.00000000,3130.90000000,3125.93000000,3130.02000000,392.34450000,3126.6,3131.1,3126.6,3131.1,0.4746,3126,3130.79,3125.97,3130.03,287.9888,3125.38,3129.18,3125.38,3129.18,2.4629235
2025-12-08 04:58,3130.5,3130.5,3128.1,3128.1,40.39547046,3130.02000000,3130.02000000,3127.67000000,3127.67000000,135.40890000,,,,,,3130.03,3130.03,3127.7,3127.72,87.40199,3128.41,3128.41,3128.4,3128.4,0.04715675
2025-12-08 04:59,3128.07,3129.29,3128.07,3129.29,8.2240377,3127.67000000,3128.45000000,3127.67000000,3128.44000000,97.01360000,,,,,,3127.72,3128.51,3127.66,3128.45,75.57587,3128.41,3128.41,3128.41,3128.41,0.02220235
2025-12-08 05:00,3129.29,3129.3,3125.56,3127.66,48.05708605,3128.45000000,3128.54000000,3125.05000000,3127.25000000,221.10480000,3129.8,3129.8,3127.9,3127.9,0.008,3128.45,3128.45,3125.05,3127.26,148.07949,3128.41,3128.69,3125.88,3126.54,1.66194278
2025-12-08 05:01,3127.56,3128.4,3126.9,3126.92,15.98247066,3127.25000000,3127.59000000,3126.41000000,3126.42000000,83.60410000,3129.2,3129.5,3129.2,3129.5,0.0031957599999999997,3127.26,3127.61,3126.3,3126.41,59.25625,3126.55,3127.16,3126.35,3126.63,2.57228665
2025-12-08 05:02,3126.93,3126.93,3123.61,3124.9,66.53512917,3126.41000000,3126.42000000,3123.21000000,3124.00000000,116.07420000,3127.6,3127.6,3126.5,3126.5,0.007,3126.41,3126.42,3123.2,3124,80.01254,3125.94,3125.94,3124.17,3124.17,5.27557483
2025-12-08 05:03,3124.65,3124.65,3123.18,3123.65,29.36565204,3124.00000000,3124.00000000,3122.65000000,3123.22000000,76.21620000,3126.3,3126.3,3125.9,3125.9,0.004,3124,3124.01,3122.6,3123.23,54.57011,3123.52,3123.52,3122.76,3123.07,0.07345755
2025-12-08 05:04,3123.64,3126.59,3123.46,3126.59,52.45703398,3123.23000000,3126.00000000,3122.98000000,3126.00000000,161.41110000,3126.4,3126.4,3126.4,3126.4,0.68905315,3123.23,3125.56,3122.99,3125.56,92.64779,3123.08,3124.57,3123.08,3124.57,0.12407763999999999
2025-12-08 05:05,3126.6,3126.9,3124.87,3126.59,56.69498992,3126.00000000,3126.35000000,3124.57000000,3126.12000000,141.40250000,,,,,,3125.56,3126.36,3125.05,3126.13,95.79406,3125.18,3125.35,3125.18,3125.35,1.2423744399999999
2025-12-08 05:06,3126.6,3127.7,3125.25,3127.07,32.43946197,3126.13000000,3127.39000000,3124.83000000,3126.60000000,246.76960000,3127.2,3127.9,3127.2,3127.9,0.012,3126.13,3126.93,3124.83,3126.61,160.61992,3125.79,3126.4,3124.61,3124.61,4.78762979
2025-12-08 05:07,3127.07,3127.34,3125.31,3126.98,20.17147167,3126.59000000,3126.60000000,3125.21000000,3126.58000000,154.38970000,3126.8,3126.8,3126.4,3126.4,0.01603681,3126.61,3126.61,3125.17,3126.58,120.08455,3125.79,3126.6,3125.78,3126.47,0.14857901
2025-12-08 05:08,3126.98,3127.16,3125.5,3126.4,28.90063784,3126.57000000,3126.58000000,3125.17000000,3125.77000000,86.28830000,3127.0,3127.0,3127.0,3127.0,0.00765,3126.58,3126.58,3125.17,3125.7,46.86589,3125.8,3125.8,3125.8,3125.8,0.06284931
2025-12-08 05:09,3126.6,3128.84,3124.94,3125.21,74.82623078,3125.78000000,3128.26000000,3124.68000000,3124.68000000,83.09380000,3128.0,3128.9,3128.0,3128.9,0.0180992,3125.7,3127.55,3124.67,3124.68,72.94576,3127.02,3127.56,3125.78,3125.78,6.07634482
2025-12-08 05:10,3125.21,3126.74,3123.07,3123.12,110.64721849,3124.68000000,3126.05000000,3122.92000000,3122.92000000,125.62320000,3126.7,3126.7,3125.9,3125.9,0.005,3124.68,3125.92,3123.45,3123.48,66.91125,3125.18,3125.19,3124.57,3124.57,1.58295499
2025-12-08 05:11,3123.11,3126.6,3122.1,3124.53,156.41419928,3122.92000000,3126.38000000,3121.59000000,3124.31000000,592.25020000,3125.8,3127.3,3124.9,3124.9,35.081269739999996,3123.48,3126.38,3122.62,3124.31,416.85063,3123.97,3125.76,3123.2,3123.69,20.59207477
2025-12-08 05:12,3124.53,3125.25,3123.46,3125.1,38.83359289,3124.31000000,3125.08000000,3122.92000000,3124.99000000,96.65550000,,,,,,3124.31,3125.08,3122.92,3124.83,81.23166,3123.96,3123.96,3123.25,3123.96,10.04754195
2025-12-08 05:13,3125.37,3127.04,3125.26,3126.75,20.30742959,3125.00000000,3127.06000000,3125.00000000,3126.81000000,231.35880000,3127.0,3127.0,3127.0,3127.0,0.002,3124.83,3126.85,3124.83,3126.85,161.38647,3123.96,3125.43,3123.96,3125.43,32.17788682
2025-12-08 05:14,3127.04,3127.04,3125.23,3126.28,33.69791771,3126.81000000,3126.84000000,3124.80000000,3126.05000000,168.80330000,,,,,,3126.85,3126.85,3124.81,3125.27,102.04625,3125.79,3125.8,3124.76,3125.09,5.5712579799999995
2025-12-08 05:15,3126.27,3127.49,3124.66,3124.66,50.56061707,3126.06000000,3126.92000000,3124.31000000,3124.31000000,170.49510000,3127.1,3127.4,3127.1,3127.4,0.008,3125.27,3126.92,3124.28,3124.28,140.05868,3125.08,3125.98,3125.07,3125.07,3.06858315
2025-12-08 05:16,3124.65,3125.24,3122.41,3124.5,50.65815934,3124.31000000,3124.93000000,3122.32000000,3124.19000000,262.65210000,3126.1,3126.1,3124.7,3124.7,0.05796064,3124.28,3124.45,3122.42,3124.19,186.13338,3124.75,3124.75,3121.35,3122.6,269.14722861
2025-12-08 05:17,3124.5,3125.54,3123.45,3123.66,60.46525567,3124.19000000,3125.10000000,3122.99000000,3123.38000000,250.55000000,,,,,,3124.19,3125.13,3123.14,3123.39,177.41796,3123.52,3123.53,3123.39,3123.53,0.0053624599999999994
2025-12-08 05:18,3123.93,3125.54,3123.75,3125.54,33.41414793,3123.39000000,3124.89000000,3123.22000000,3124.89000000,247.21320000,,,,,,3123.39,3124.88,3123.22,3124.88,154.84022,3123.32,3124.53,3123.14,3123.74,0.75545223
2025-12-08 05:19,3125.33,3133.01,3125.33,3132.6,103.18237351,3124.88000000,3132.54000000,3124.88000000,3132.33000000,211.85610000,3126.0,3132.0,3126.0,3132.0,0.08962,3124.88,3130.37,3124.88,3130.37,132.12415,3123.92,3131.25,3123.92,3131.25,5.16086869
2025-12-08 05:20,3132.59,3135.31,3131.78,3134.25,51.84111868,3132.33000000,3135.06000000,3131.87000000,3134.13000000,268.83610000,3134.4,3134.7,3134.4,3134.7,0.004,3130.37,3135.05,3130.37,3134.12,180.62685,3131.42,3133.43,3131.42,3133.43,1.3646346299999998
2025-12-08 05:21,3134.25,3135.44,3132.92,3135.3,25.95278598,3134.12000000,3134.87000000,3132.83000000,3134.86000000,173.18600000,,,,,,3134.12,3134.89,3132.82,3134.86,123.64148,3134.03,3134.03,3133.93,3133.93,1.86377013
2025-12-08 05:22,3135.41,3137.7,3135.41,3136.33,28.24907253,3134.87000000,3137.21000000,3134.87000000,3135.92000000,219.21390000,3136.1,3136.8,3136.1,3136.8,0.011,3134.86,3137.27,3134.86,3135.92,153.31,3134.68,3136.01,3134.68,3136.01,3.10162093
2025-12-08 05:23,3136.33,3137.92,3135.23,3137.44,58.43838307,3135.92000000,3137.20000000,3134.73000000,3137.19000000,253.48130000,3137.7,3137.8,3137.7,3137.8,0.73149411,3135.92,3137.22,3135.38,3137.18,175.75839,3135.79,3136.64,3135.41,3136.64,62.554758389999996
2025-12-08 05:24,3137.6,3138.14,3134.4,3134.77,32.65916679,3137.19000000,3137.48000000,3134.12000000,3134.12000000,93.36200000,,,,,,3137.18,3137.48,3134.13,3134.14,57.7003,3136.67,3136.67,3134.63,3134.86,1.12245886
2025-12-08 05:25,3134.78,3134.99,3133.14,3133.41,22.7000329,3134.12000000,3134.39000000,3132.85000000,3133.05000000,65.73430000,3136.4,3136.4,3135.8,3135.8,0.003,3134.14,3134.39,3132.85,3133.05,45.62117,3134.05,3134.05,3133.39,3133.39,0.1444224
2025-12-08 05:26,3133.56,3134.1,3130.46,3132.44,60.14684716,3133.06000000,3133.38000000,3129.81000000,3131.99000000,181.28820000,3135.5,3135.5,3133.0,3133.4,0.11476103,3133.05,3133.38,3131.43,3132,126.813,3133.43,3133.43,3130.79,3130.8,2.49176158
2025-12-08 05:27,3132.42,3134.9,3132.42,3133.35,14.47281052,3131.99000000,3134.38000000,3131.99000000,3133.02000000,98.06090000,3134.8,3135.2,3134.8,3135.2,0.16712963,3132,3134.38,3131.99,3133.03,67.94893,3130.8,3133.38,3130.8,3133.38,1.21644432
2025-12-08 05:28,3133.35,3133.35,3132.83,3133.03,10.72759797,3133.02000000,3133.02000000,3132.49000000,3132.56000000,42.77400000,3134.4,3134.4,3133.9,3133.9,0.3882017,3133.03,3133.03,3132.49,3132.55,29.166,3132.56,3132.56,3132.41,3132.41,0.04227663
2025-12-08 05:29,3133.11,3133.2,3132.75,3133.2,12.45901147,3132.55000000,3132.58000000,3132.30000000,3132.57000000,96.93340000,,,,,,3132.55,3132.58,3132.26,3132.57,68.34194,3132.37,3132.37,3132.37,3132.37,2.0
2025-12-08 05:30,3133.35,3135.41,3133.34,3135.41,50.34701694,3132.58000000,3135.00000000,3132.57000000,3134.99000000,140.74890000,3135.5,3135.5,3135.5,3135.5,0.002,3132.57,3134.95,3132.57,3134.95,89.47128,3132.38,3134.0,3132.38,3134.0,1.22195891
2025-12-08 05:31,3135.41,3135.41,3132.44,3133.62,51.20077535,3134.99000000,3135.00000000,3132.06000000,3133.26000000,197.23200000,,,,,,3134.95,3135,3132.05,3133.26,137.27061,3133.99,3133.99,3132.37,3132.37,0.62118766
2025-12-08 05:32,3133.62,3133.85,3132.45,3133.04,17.58678867,3133.27000000,3133.37000000,3132.15000000,3132.23000000,72.54250000,,,,,,3133.26,3133.37,3132.15,3133.05,54.40481,3132.37,3133.31,3132.37,3132.62,0.15257323
2025-12-08 05:33,3132.9,3134.12,3131.56,3133.36,18.73328155,3132.22000000,3133.07000000,3130.91000000,3133.07000000,107.85220000,3134.8,3134.8,3134.8,3134.8,0.00907,3133.05,3133.07,3130.93,3133.06,79.26556,3132.37,3133.15,3131.85,3133.15,0.03397603
2025-12-08 05:34,3133.36,3136.62,3133.36,3136.61,7.63471848,3133.06000000,3136.43000000,3133.06000000,3136.43000000,111.03680000,3135.6,3136.5,3135.6,3136.5,0.014,3133.06,3136.43,3133.06,3136.43,74.312,3133.66,3134.34,3133.65,3134.34,7.80365546
2025-12-08 05:35,3136.62,3141.09,3135.46,3138.5,54.44441792,3136.43000000,3140.50000000,3135.17000000,3138.17000000,462.07660000,3136.7,3139.9,3136.7,3139.9,0.64891147,3136.43,3140.16,3135.7,3138.1,282.21509,3134.99,3138.34,3134.99,3138.34,1.6783575400000001
2025-12-08 05:36,3138.67,3140.1,3137.11,3137.99,45.34473818,3138.18000000,3139.78000000,3136.82000000,3137.68000000,235.61140000,3140.1,3140.1,3140.1,3140.1,0.02203618,3138.1,3139.41,3136.96,3137.51,263.25979,3137.8,3139.02,3137.67,3137.68,0.52990839
2025-12-08 05:37,3138.0,3138.29,3133.35,3133.35,43.27148754,3137.68000000,3138.00000000,3132.77000000,3132.77000000,277.27430000,3138.5,3138.5,3135.3,3135.3,0.01,3137.51,3137.51,3132.76,3132.78,138.53659,3137.68,3137.68,3134.31,3134.31,2.65912431
2025-12-08 05:38,3133.21,3134.7,3133.21,3134.26,10.64017602,3132.77000000,3134.18000000,3132.77000000,3133.81000000,160.97270000,,,,,,3132.78,3134.18,3132.77,3133.86,112.5204,3133.69,3133.69,3133.05,3133.43,0.0864496
2025-12-08 05:39,3134.26,3135.0,3133.72,3133.72,31.64209594,3133.81000000,3134.47000000,3133.39000000,3133.39000000,51.95250000,,,,,,3133.86,3134.48,3133.37,3133.37,36.52936,3133.82,3134.34,3133.28,3133.28,0.25733354
2025-12-08 05:40,3133.65,3135.48,3133.03,3133.03,36.03883756,3133.39000000,3134.96000000,3132.50000000,3132.50000000,88.95810000,,,,,,3133.37,3134.78,3132.9,3132.94,57.00385,3133.29,3134.34,3133.29,3133.47,1.05539845
2025-12-08 05:41,3132.91,3134.48,3131.85,3134.3,27.56257837,3132.50000000,3133.88000000,3131.57000000,3133.87000000,456.11380000,3135.2,3135.6,3134.6,3135.6,0.05903,3132.94,3133.91,3131.75,3133.87,324.12988,3133.46,3133.46,3132.39,3133.17,0.29405272
2025-12-08 05:42,3134.3,3136.18,3133.8,3133.8,24.24716255,3133.88000000,3135.96000000,3133.34000000,3133.34000000,174.88470000,3135.9,3137.1,3135.5,3135.5,0.116,3133.87,3135.96,3133.34,3133.34,172.48359,3133.17,3134.67,3133.17,3134.28,0.06660403
2025-12-08 05:43,3133.8,3133.8,3131.78,3132.54,57.53798427,3133.34000000,3133.36000000,3132.00000000,3132.50000000,294.67390000,3135.4,3135.4,3134.8,3134.8,0.003,3133.34,3133.37,3131.9,3132.54,204.75653,3133.69,3133.7,3133.04,3133.04,0.03611551
2025-12-08 05:44,3132.95,3133.49,3132.86,3132.87,12.90869122,3132.51000000,3132.74000000,3132.51000000,3132.74000000,18.46710000,,,,,,3132.54,3132.74,3132.51,3132.74,15.61893,3133.05,3133.05,3132.25,3132.25,0.14883502
2025-12-08 05:45,3133.09,3134.54,3131.26,3131.29,42.76482955,3132.74000000,3134.12000000,3131.34000000,3131.34000000,278.45220000,3134.5,3134.5,3133.8,3133.8,0.049999999999999996,3132.74,3134.13,3131.34,3131.34,182.44464,3132.26,3133.05,3132.26,3132.61,0.25004349
2025-12-08 05:46,3131.29,3136.2,3131.29,3136.08,31.35154586,3131.34000000,3136.00000000,3131.34000000,3135.72000000,118.27510000,3135.1,3136.1,3135.1,3136.1,0.58957,3131.34,3135.72,3131.34,3135.72,82.85326,3131.97,3134.58,3131.97,3134.58,1.12844702
2025-12-08 05:47,3136.08,3136.49,3135.3,3135.4,26.15957719,3135.71000000,3136.03000000,3134.72000000,3135.01000000,84.80790000,3136.4,3136.4,3136.4,3136.4,0.002,3135.72,3136.04,3134.73,3135.02,59.47255,3135.0,3135.24,3135.0,3135.24,0.0358984
2025-12-08 05:48,3135.16,3136.5,3135.0,3135.89,24.10757257,3135.00000000,3135.97000000,3134.51000000,3135.67000000,273.04040000,3136.6,3136.6,3136.6,3136.6,0.05,3135.02,3135.97,3134.5,3135.67,207.92741,3134.82,3135.24,3134.82,3134.82,0.39273238
2025-12-08 05:49,3135.9,3138.15,3135.9,3136.5,38.58077535,3135.67000000,3137.73000000,3135.67000000,3136.25000000,72.91050000,3136.7,3138.0,3136.7,3138.0,0.018000000000000002,3135.67,3137.69,3135.67,3136.51,39.19623,3135.24,3137.54,3135.24,3137.3,0.51027004
2025-12-08 05:50,3136.51,3138.3,3135.74,3138.3,296.82532716,3136.26000000,3138.17000000,3135.43000000,3138.16000000,491.82040000,,,,,,3136.51,3138.18,3135.61,3138.16,321.88525,3136.87,3136.92,3136.87,3136.92,1.2318596099999999
2025-12-08 05:51,3138.29,3138.3,3135.1,3137.1,84.01632791,3138.17000000,3138.17000000,3135.45000000,3136.86000000,353.14790000,3138.6,3138.6,3138.6,3138.6,0.00645,3138.16,3138.17,3135.93,3136.86,248.01799,3137.07,3137.07,3136.21,3136.21,0.5231673099999999
2025-12-08 05:52,3137.1,3137.69,3132.22,3132.72,69.52416296,3136.85000000,3137.61000000,3132.00000000,3132.56000000,546.51080000,3138.2,3138.2,3134.6,3134.6,1.61542644,3136.86,3137.21,3132.01,3132.01,215.83292,3136.2,3136.21,3132.28,3132.28,33.09057849
2025-12-08 05:53,3132.9,3133.2,3130.3,3130.61,50.68195665,3132.57000000,3132.91000000,3130.00000000,3130.18000000,482.72590000,3131.8,3131.8,3131.3,3131.4,0.15000000000000002,3132.01,3132.92,3130,3130.17,504.71274,3132.28,3132.41,3131.43,3131.43,0.09020265
2025-12-08 05:54,3130.61,3132.29,3130.61,3131.1,82.17870196,3130.18000000,3131.91000000,3130.17000000,3131.00000000,143.21310000,3132.5,3132.5,3132.5,3132.5,0.1,3130.17,3131.91,3130.17,3131,118.55937,3131.43,3131.43,3131.42,3131.43,0.35209703
2025-12-08 05:55,3130.81,3131.7,3130.35,3131.35,8.12498468,3131.00000000,3131.49000000,3130.08000000,3131.35000000,171.90760000,3131.3,3131.3,3131.3,3131.3,0.33167,3131,3131.36,3129.76,3131.36,92.72288,3131.42,3131.42,3129.8,3130.94,1.3909641700000002
2025-12-08 05:56,3131.34,3131.85,3129.6,3129.6,25.28947778,3131.35000000,3131.82000000,3129.41000000,3129.41000000,175.98890000,,,,,,3131.36,3131.83,3129.76,3129.88,116.50586,3130.97,3130.97,3129.7,3129.7,0.00869593
2025-12-08 05:57,3129.46,3130.42,3129.0,3129.89,36.59703456,3129.41000000,3130.04000000,3128.93000000,3130.01000000,560.17400000,3131.4,3131.4,3131.4,3131.4,0.66104,3129.88,3130.02,3128.94,3130,398.68428,3129.71,3129.71,3129.33,3129.33,0.157138
2025-12-08 05:58,3129.88,3130.87,3129.88,3130.35,7.20177888,3130.01000000,3130.49000000,3130.00000000,3130.07000000,91.01920000,3131.7,3131.7,3131.7,3131.7,0.01564495,3130,3130.49,3130,3130.01,79.97773,3129.32,3129.71,3129.32,3129.71,0.08510168
2025-12-08 05:59,3130.64,3130.91,3130.21,3130.47,6.53130363,3130.08000000,3130.65000000,3130.08000000,3130.63000000,34.75780000,3131.8,3131.8,3131.8,3131.8,0.05,3130.01,3130.65,3130.01,3130.48,59.10917,3129.71,3130.13,3129.71,3130.13,0.91001545
2025-12-08 06:00,3130.49,3132.9,3130.49,3132.9,30.54204892,3130.63000000,3132.91000000,3130.57000000,3132.90000000,147.04970000,3132.6,3133.4,3132.6,3133.4,0.014,3130.48,3132.9,3130.48,3132.9,90.92933,,,,,
2025-12-08 06:01,3132.9,3136.58,3132.9,3135.59,33.97262675,3132.90000000,3136.42000000,3132.90000000,3135.59000000,157.48120000,3133.6,3136.8,3133.6,3136.8,0.028,3132.9,3136.34,3132.9,3135.64,106.6001,,,,,
2025-12-08 06:02,3135.85,3135.85,3130.25,3130.3,56.51167324,3135.58000000,3135.59000000,3130.09000000,3130.09000000,552.70740000,3134.8,3134.8,3133.2,3133.2,0.007,3135.64,3135.64,3130.09,3130.1,392.04715,,,,,
2025-12-08 06:03,3130.44,3130.68,3126.75,3126.75,35.8875211,3130.10000000,3130.67000000,3126.15000000,3126.27000000,575.82510000,3133.1,3133.1,3129.9,3129.9,0.03000788,3130.1,3130.12,3126.28,3126.28,183.95473,,,,,
2025-12-08 06:04,3126.64,3128.95,3126.5,3127.77,28.32180777,3126.27000000,3128.69000000,3126.22000000,3127.49000000,57.19260000,3129.6,3129.6,3129.4,3129.5,0.58372644,3126.28,3128.7,3126.22,3127.52,263.83546,,,,,
2025-12-08 06:05,3127.83,3130.42,3127.83,3128.85,33.59904544,3127.49000000,3129.94000000,3127.48000000,3128.53000000,198.94140000,,,,,,3127.52,3129.96,3127.48,3128.53,139.19032,,,,,
2025-12-08 06:06,3128.73,3130.92,3128.73,3130.92,9.60407714,3128.53000000,3130.42000000,3128.53000000,3130.37000000,131.89050000,3130.7,3131.2,3130.7,3131.2,0.008,3128.53,3130.37,3128.53,3130.14,73.33629,,,,,
2025-12-08 06:07,3130.9,3131.9,3130.66,3130.66,46.90148665,3130.37000000,3131.56000000,3130.06000000,3130.53000000,147.02210000,3131.5,3132.7,3131.5,3132.7,0.19311539,3130.14,3131.58,3130.14,3130.37,113.91117,,,,,
2025-12-08 06:08,3130.8,3130.8,3128.56,3129.9,33.76710596,3130.53000000,3130.54000000,3128.51000000,3129.53000000,47.21250000,3131.2,3131.2,3130.6,3130.6,0.005,3130.37,3130.49,3128.5,3129.56,40.43391,,,,,
2025-12-08 06:09,3129.95,3130.49,3124.7,3125.25,86.33409379,3129.54000000,3130.74000000,3124.47000000,3124.48000000,3217.88880000,3130.9,3130.9,3127.5,3127.5,0.41300000000000003,3129.56,3130,3123.93,3124.47,269.22757,,,,,
2025-12-08 06:10,3125.11,3131.85,3125.11,3127.8,238.74375996,3124.48000000,3129.95000000,3124.48000000,3127.19000000,7360.76510000,3127.9,3132.2,3127.9,3132.2,0.10800000000000001,3124.47,3130,3124.47,3127.37,162.02248,,,,,
2025-12-08 06:11,3127.8,3128.26,3126.46,3127.04,34.97633015,3127.20000000,3127.85000000,3126.11000000,3126.58000000,273.25300000,,,,,,3127.37,3127.88,3126.41,3126.57,191.11482,,,,,
2025-12-08 06:12,3127.04,3128.39,3126.71,3127.65,35.80447311,3126.58000000,3127.79000000,3126.54000000,3127.28000000,142.27910000,,,,,,3126.57,3127.48,3126.57,3127,99.76457,,,,,
2025-12-08 06:13,3127.59,3127.9,3125.27,3126.29,44.56162301,3127.27000000,3127.28000000,3125.44000000,3125.44000000,346.75900000,,,,,,3127,3127.28,3125.43,3126.33,207.59234,,,,,
2025-12-08 06:14,3126.0,3128.26,3126.0,3127.51,29.77109438,3125.45000000,3127.51000000,3125.45000000,3127.21000000,264.32970000,,,,,,3126.33,3127.49,3125.43,3127.21,207.5634,,,,,
2025-12-08 06:15,3127.61,3130.64,3127.61,3130.49,38.29015624,3127.22000000,3129.95000000,3127.21000000,3129.95000000,209.35100000,3129.2,3129.5,3129.2,3129.5,0.55,3127.21,3129.95,3127.2,3129.95,151.58502,,,,,
2025-12-08 06:16,3130.5,3131.42,3130.5,3130.65,50.28764325,3129.95000000,3129.95000000,3129.94000000,3129.94000000,700.01240000,,,,,,3129.95,3129.95,3129.94,3129.95,490.01948,,,,,
2025-12-08 06:17,3130.66,3130.96,3129.16,3130.45,26.43986835,3129.95000000,3129.95000000,3128.68000000,3129.94000000,151.62950000,,,,,,3129.95,3129.95,3128.68,3129.94,107.4932,,,,,
2025-12-08 06:18,3130.45,3130.45,3127.81,3127.81,32.1689264,3129.95000000,3129.95000000,3127.31000000,3127.31000000,279.59980000,3129.4,3129.4,3129.4,3129.4,0.13951273,3129.94,3129.95,3127.52,3127.55,181.40517,,,,,
2025-12-08 06:19,3127.8,3128.74,3127.05,3128.38,9.15206282,3127.31000000,3128.23000000,3126.51000000,3128.10000000,260.81520000,3129.8,3129.8,3129.8,3129.8,0.02387,3127.55,3128.25,3126.51,3127.81,193.45564,,,,,
2025-12-08 06:20,3128.54,3129.67,3127.65,3127.66,11.72860716,3128.10000000,3129.12000000,3127.21000000,3127.33000000,189.23690000,,,,,,3127.81,3129.12,3127.2,3127.35,93.16308,,,,,
2025-12-08 06:21,3127.84,3128.1,3127.5,3127.51,13.73074168,3127.34000000,3127.44000000,3126.52000000,3127.15000000,176.92390000,,,,,,3127.35,3127.46,3126.98,3127.15,109.60004,,,,,
2025-12-08 06:22,3127.51,3127.8,3124.82,3124.95,153.02959827,3127.15000000,3127.16000000,3124.13000000,3124.21000000,354.89160000,3128.8,3128.8,3127.3,3127.3,0.615,3127.15,3127.16,3124.18,3124.21,230.95044,,,,,
2025-12-08 06:23,3124.81,3125.4,3123.91,3125.25,28.3477121,3124.21000000,3124.96000000,3123.22000000,3124.43000000,176.12290000,3127.2,3127.2,3127.0,3127.0,0.003,3124.21,3124.96,3124.2,3124.43,110.02277,,,,,
2025-12-08 06:24,3124.81,3124.97,3122.33,3123.45,52.02386312,3124.44000000,3124.44000000,3122.01000000,3123.17000000,248.02930000,3126.3,3126.3,3125.6,3125.6,0.004,3124.43,3124.44,3122.2,3122.91,210.57085,,,,,
2025-12-08 06:25,3123.6,3124.62,3123.16,3124.49,25.85779172,3123.16000000,3124.20000000,3122.37000000,3123.99000000,75.90120000,,,,,,3122.91,3124.2,3122.5,3123.99,33.85351,,,,,
2025-12-08 06:26,3124.49,3125.83,3123.91,3124.72,42.01288327,3124.00000000,3125.28000000,3123.82000000,3124.29000000,213.07170000,3126.4,3126.4,3126.4,3126.4,0.14419,3123.99,3125.05,3123.82,3124.27,154.35426,,,,,
2025-12-08 06:27,3124.66,3125.31,3124.2,3124.46,16.39944076,3124.29000000,3124.87000000,3123.91000000,3124.20000000,156.59410000,,,,,,3124.27,3124.8,3124.11,3124.11,115.1494,,,,,
2025-12-08 06:28,3124.64,3125.4,3124.2,3124.65,70.9654803,3124.21000000,3125.00000000,3123.50000000,3124.30000000,213.23120000,3126.0,3126.0,3125.9,3125.9,0.08937801999999999,3124.11,3125,3123.72,3124.29,153.35631,,,,,
2025-12-08 06:29,3124.81,3126.07,3124.34,3124.58,29.80683816,3124.30000000,3125.30000000,3124.09000000,3124.10000000,224.64150000,3126.0,3126.0,3126.0,3126.0,1.0,3124.29,3125.3,3124.08,3124.1,156.8041,,,,,
2025-12-08 06:30,3124.58,3126.01,3124.57,3125.77,13.62822725,3124.09000000,3125.15000000,3124.09000000,3125.14000000,118.06010000,3126.2,3126.2,3126.2,3126.2,0.16186782,3124.1,3125.15,3124.09,3125.14,72.12085,,,,,
2025-12-08 06:31,3125.78,3127.05,3125.41,3125.85,48.41831885,3125.15000000,3126.55000000,3124.40000000,3125.29000000,295.99190000,3126.9,3127.4,3126.9,3127.4,0.01349,3125.14,3126.57,3125.14,3125.37,209.60355,,,,,
2025-12-08 06:32,3125.85,3127.2,3125.57,3126.92,22.70966236,3125.30000000,3126.61000000,3125.29000000,3125.92000000,78.05720000,,,,,,3125.37,3126.61,3125.29,3125.93,61.62225,,,,,
2025-12-08 06:33,3126.33,3126.46,3124.44,3125.11,56.0131126,3125.93000000,3125.93000000,3124.43000000,3124.71000000,83.93650000,,,,,,3125.93,3125.93,3124.41,3124.71,59.86643,,,,,
2025-12-08 06:34,3125.11,3128.1,3125.11,3127.78,13.06047944,3124.71000000,3127.71000000,3124.70000000,3127.21000000,144.77160000,3127.5,3128.3,3127.5,3128.3,0.018000000000000002,3124.71,3127.47,3124.7,3126.9,96.30748,,,,,
2025-12-08 06:35,3127.59,3127.8,3124.65,3127.25,29.12889305,3127.21000000,3127.32000000,3124.50000000,3126.83000000,121.77690000,,,,,,3126.9,3127.33,3124.51,3126.78,86.99153,,,,,
2025-12-08 06:36,3127.27,3127.49,3125.5,3126.3,16.31730807,3126.83000000,3127.14000000,3125.22000000,3126.03000000,189.20990000,,,,,,3126.78,3127.17,3125.5,3125.51,91.37162,,,,,
2025-12-08 06:37,3126.47,3133.38,3126.47,3132.6,68.44534184,3126.06000000,3133.06000000,3126.06000000,3131.85000000,767.81720000,3128.5,3133.5,3128.5,3133.5,0.63833756,3125.51,3131.91,3125.51,3131.23,443.42097,,,,,
2025-12-08 06:38,3132.31,3136.75,3131.78,3136.5,174.77287008,3131.85000000,3136.97000000,3131.44000000,3136.35000000,545.75070000,3133.6,3135.3,3133.6,3135.3,3.81586642,3131.23,3136.49,3131.23,3136.49,272.89222,,,,,
2025-12-08 06:39,3136.49,3136.49,3133.95,3135.46,72.61297275,3136.34000000,3136.34000000,3133.57000000,3135.38000000,105.29410000,3136.9,3136.9,3135.8,3136.4,0.03999303,3136.49,3136.49,3133.55,3135.38,391.90438,,,,,
2025-12-08 06:40,3135.69,3135.69,3133.1,3133.5,61.8655339,3135.37000000,3135.38000000,3132.91000000,3132.98000000,147.36450000,3135.7,3135.7,3135.7,3135.7,0.1512,3135.38,3135.38,3132.96,3132.99,87.87626,,,,,
2025-12-08 06:41,3133.49,3136.35,3133.4,3136.35,20.67117337,3132.98000000,3136.14000000,3132.98000000,3136.14000000,53.39830000,,,,,,3132.99,3136.11,3132.98,3136.11,44.22781,,,,,
2025-12-08 06:42,3136.26,3136.64,3132.74,3134.55,133.33909864,3136.14000000,3136.23000000,3132.56000000,3134.52000000,251.76590000,3135.4,3135.4,3135.4,3135.4,0.001,3136.11,3136.23,3132.55,3134.54,172.4705,,,,,
2025-12-08 06:43,3134.69,3135.45,3134.2,3135.45,7.96861056,3134.52000000,3135.42000000,3134.14000000,3135.41000000,153.05810000,,,,,,3134.54,3135.42,3134.14,3135.42,123.12498,,,,,
2025-12-08 06:44,3135.6,3135.6,3134.11,3135.3,19.49582709,3135.42000000,3135.42000000,3133.89000000,3135.12000000,247.09360000,3136.1,3136.1,3135.7,3135.7,0.50194528,3135.42,3135.42,3133.96,3135.2,171.93786,,,,,
2025-12-08 06:45,3135.44,3140.9,3135.28,3139.17,112.26612823,3135.13000000,3140.20000000,3135.13000000,3138.69000000,397.03710000,3136.7,3140.7,3136.7,3140.7,0.078,3135.2,3140,3135.12,3140,126.76608,,,,,
2025-12-08 06:46,3139.05,3140.16,3135.01,3135.32,52.33758824,3138.68000000,3139.71000000,3134.60000000,3135.02000000,231.70760000,3138.6,3138.6,3136.9,3136.9,0.006,3140,3140,3134.59,3135.02,310.55004,,,,,
2025-12-08 06:47,3135.18,3139.04,3134.27,3138.48,107.20419395,3135.02000000,3138.94000000,3134.25000000,3138.26000000,319.67590000,3138.2,3139.4,3138.2,3139.4,0.049999999999999996,3135.02,3138.68,3134.24,3138.25,202.78577,,,,,
2025-12-08 06:48,3138.3,3139.37,3136.89,3139.37,20.60472215,3138.27000000,3139.25000000,3136.99000000,3139.11000000,140.12650000,,,,,,3138.25,3139.2,3136.91,3139.1,122.45598,,,,,
2025-12-08 06:49,3139.3,3139.56,3138.31,3138.71,38.10020397,3139.11000000,3139.20000000,3137.92000000,3138.43000000,86.31670000,3139.5,3140.4,3139.3,3139.3,0.1081,3139.1,3139.19,3138.05,3138.42,65.29536,,,,,
2025-12-08 06:50,3138.76,3139.13,3137.25,3137.25,33.50485969,3138.42000000,3138.88000000,3137.00000000,3137.01000000,75.87130000,,,,,,3138.42,3138.88,3137.07,3137.07,40.72305,,,,,
2025-12-08 06:51,3137.22,3138.45,3136.06,3136.06,25.94517107,3137.00000000,3138.08000000,3135.53000000,3135.54000000,48.75570000,,,,,,3137.07,3138.08,3135.53,3135.53,43.60557,,,,,
2025-12-08 06:52,3136.06,3137.54,3135.92,3136.9,25.8628346,3135.54000000,3137.08000000,3135.54000000,3136.73000000,72.16130000,,,,,,3135.53,3137,3135.53,3136.73,50.67489,,,,,
2025-12-08 06:53,3136.91,3137.84,3136.91,3137.73,10.93543752,3136.73000000,3137.57000000,3136.71000000,3137.33000000,58.74470000,,,,,,3136.73,3137.58,3136.7,3137.33,42.40424,,,,,
2025-12-08 06:54,3137.72,3137.72,3136.5,3136.89,13.25630123,3137.34000000,3137.34000000,3136.21000000,3136.63000000,117.93700000,3138.3,3138.3,3138.3,3138.3,0.07112,3137.33,3137.34,3136.18,3136.64,78.13392,,,,,
2025-12-08 06:55,3136.89,3138.0,3135.67,3135.75,22.3447565,3136.63000000,3137.43000000,3135.38000000,3135.38000000,65.70370000,,,,,,3136.64,3137.43,3135.5,3135.54,45.00472,,,,,
2025-12-08 06:56,3135.6,3136.05,3134.46,3136.05,10.96894188,3135.33000000,3135.65000000,3134.00000000,3135.64000000,208.02820000,3138.1,3138.1,3136.4,3136.4,0.017,3135.54,3135.7,3134,3135.7,144.81303,,,,,
2025-12-08 06:57,3136.2,3136.2,3131.73,3132.63,42.28542049,3135.64000000,3135.69000000,3131.80000000,3132.48000000,119.08850000,3136.3,3136.3,3134.2,3134.2,0.011,3135.7,3135.7,3131.79,3132.48,90.31596,,,,,
2025-12-08 06:58,3132.76,3132.87,3129.45,3130.06,70.12474855,3132.49000000,3132.49000000,3129.29000000,3129.82000000,248.95250000,3133.9,3133.9,3132.6,3132.6,0.06876686,3132.48,3132.48,3129.5,3129.82,168.58548,,,,,
2025-12-08 06:59,3130.25,3131.1,3129.41,3130.8,38.74334257,3129.82000000,3130.96000000,3128.66000000,3130.53000000,314.91630000,3132.3,3132.3,3132.3,3132.3,0.001,3129.82,3130.91,3129.01,3130.43,216.37558,,,,,
2025-12-08 07:00,3130.8,3131.09,3128.1,3128.59,15.92895691,3130.53000000,3130.61000000,3127.51000000,3128.11000000,203.47430000,3132.0,3132.0,3130.7,3130.7,0.004,3130.43,3130.43,3127.68,3128.14,129.22655,,,,,
2025-12-08 07:01,3128.5,3130.71,3128.25,3129.5,25.73392643,3128.12000000,3130.05000000,3128.11000000,3129.13000000,54.22910000,3130.7,3130.7,3130.7,3130.7,0.506,3128.14,3130.03,3128.11,3129.21,83.70618,,,,,
2025-12-08 07:02,3129.5,3129.51,3127.65,3128.55,27.55645429,3129.13000000,3129.14000000,3127.43000000,3128.01000000,135.35490000,3130.6,3130.6,3130.2,3130.2,0.05,3129.21,3129.21,3127.41,3128,76.38981,,,,,
2025-12-08 07:03,3128.7,3130.79,3128.7,3129.99,42.84232946,3128.01000000,3130.37000000,3128.01000000,3129.73000000,146.64880000,,,,,,3128,3130.18,3128,3129.73,124.55156,,,,,
2025-12-08 07:04,3129.99,3132.38,3129.31,3132.15,24.44161493,3129.73000000,3131.78000000,3129.09000000,3131.78000000,161.22480000,3131.5,3132.3,3131.5,3132.3,0.93017373,3129.73,3131.79,3129.09,3131.78,112.32757,,,,,
2025-12-08 07:05,3132.45,3134.39,3130.96,3131.39,64.18243726,3131.78000000,3133.94000000,3130.68000000,3131.23000000,248.32080000,3132.4,3134.2,3132.4,3134.2,0.026000000000000002,3131.78,3133.94,3130.67,3131.3,166.51535,,,,,
2025-12-08 07:06,3131.23,3131.23,3127.21,3127.29,82.69589749,3131.23000000,3131.23000000,3126.92000000,3127.24000000,584.45990000,3132.8,3132.8,3129.0,3129.0,0.017,3131.3,3131.3,3127,3127,402.32626,,,,,
2025-12-08 07:07,3127.47,3128.0,3124.93,3126.12,75.13583812,3127.25000000,3127.74000000,3125.00000000,3125.66000000,122.93680000,3128.9,3128.9,3128.3,3128.3,0.005,3127,3127.64,3125.01,3125.65,94.31367,,,,,
2025-12-08 07:08,3126.12,3127.7,3126.12,3126.74,41.06049532,3125.66000000,3127.45000000,3125.66000000,3126.58000000,145.40180000,,,,,,3125.65,3127.48,3125.65,3126.51,94.07374,,,,,
2025-12-08 07:09,3126.89,3127.49,3125.44,3127.05,56.7724692,3126.64000000,3127.05000000,3125.67000000,3126.83000000,123.01110000,,,,,,3126.51,3127.07,3125.67,3126.52,88.79142,,,,,
2025-12-08 07:10,3127.05,3127.25,3126.36,3126.59,20.66259463,3126.83000000,3127.03000000,3126.40000000,3126.40000000,56.90160000,,,,,,3126.52,3127.03,3126.37,3126.37,32.82354,,,,,
2025-12-08 07:11,3126.59,3127.5,3126.59,3127.5,22.28812034,3126.40000000,3127.24000000,3126.40000000,3127.02000000,44.99990000,,,,,,3126.37,3127.25,3126.37,3127.02,31.45445,,,,,
2025-12-08 07:12,3127.5,3127.51,3126.61,3127.35,35.08929677,3127.03000000,3127.41000000,3126.13000000,3127.40000000,68.01620000,,,,,,3127.02,3127.42,3126.09,3127.4,48.65011,,,,,
2025-12-08 07:13,3127.49,3127.49,3123.19,3124.99,137.42690241,3127.41000000,3127.41000000,3123.02000000,3124.76000000,155.06050000,3128.6,3128.6,3126.2,3126.2,0.1248314,3127.4,3127.41,3123.02,3124.76,106.71748,,,,,
2025-12-08 07:14,3124.99,3127.8,3124.99,3127.8,24.8125821,3124.77000000,3127.57000000,3124.77000000,3127.57000000,58.15200000,3127.6,3128.1,3127.6,3128.1,0.006,3124.76,3127.57,3124.76,3127.36,38.31189,,,,,
2025-12-08 07:15,3127.95,3128.24,3124.21,3125.25,71.4647084,3127.57000000,3128.00000000,3123.84000000,3124.98000000,131.28930000,3126.8,3126.8,3125.2,3125.2,0.00924,3127.36,3127.51,3123.84,3124.79,83.28807,,,,,
2025-12-08 07:16,3125.4,3126.9,3125.25,3126.9,52.16696753,3124.98000000,3126.66000000,3124.98000000,3126.39000000,97.21260000,,,,,,3124.79,3126.68,3124.79,3126.4,71.34633,,,,,
2025-12-08 07:17,3126.69,3126.7,3125.11,3125.32,24.86753704,3126.40000000,3126.40000000,3124.96000000,3125.00000000,46.89840000,3126.4,3126.4,3126.4,3126.4,0.03391597,3126.4,3126.4,3124.96,3124.99,33.06833,,,,,
2025-12-08 07:18,3125.32,3128.24,3125.32,3127.05,37.91864943,3125.00000000,3127.86000000,3124.99000000,3126.81000000,62.19180000,3127.8,3128.2,3127.8,3128.2,0.006,3124.99,3127.88,3124.99,3126.81,43.53143,,,,,
2025-12-08 07:19,3126.96,3127.59,3126.45,3126.81,42.02703922,3126.81000000,3127.22000000,3126.39000000,3126.40000000,57.82560000,,,,,,3126.81,3127.23,3126.39,3126.39,39.34312,,,,,
2025-12-08 07:20,3126.9,3128.09,3125.71,3126.84,78.26728892,3126.39000000,3128.01000000,3125.63000000,3126.45000000,121.44760000,3128.3,3128.3,3128.3,3128.3,0.049,3126.39,3128.01,3125.63,3126.45,61.44183,,,,,
2025-12-08 07:21,3126.84,3127.35,3125.71,3126.45,37.13753809,3126.46000000,3127.20000000,3125.87000000,3126.51000000,62.44380000,,,,,,3126.45,3127.23,3125.87,3126.5,65.70948,,,,,
2025-12-08 07:22,3126.46,3127.7,3126.31,3127.7,34.0990334,3126.50000000,3126.84000000,3126.10000000,3126.84000000,27.23080000,,,,,,3126.5,3126.86,3126.09,3126.83,18.8196,,,,,
2025-12-08 07:23,3127.39,3132.89,3127.21,3132.45,73.57217233,3126.83000000,3132.77000000,3126.83000000,3132.65000000,146.30950000,3128.4,3132.8,3128.4,3132.8,0.1159,3126.83,3132.7,3126.83,3131.93,96.85985,,,,,
2025-12-08 07:24,3132.6,3133.19,3131.25,3131.29,67.75372236,3132.64000000,3133.00000000,3131.01000000,3131.01000000,46.39380000,,,,,,3131.93,3133,3131.39,3131.4,32.42312,,,,,
2025-12-08 07:25,3131.29,3135.9,3131.29,3133.8,86.42579408,3131.01000000,3135.99000000,3131.01000000,3133.53000000,157.71930000,3134.1,3135.6,3134.1,3135.2,1.103137,3131.4,3135,3131.4,3133.53,102.47837,,,,,
2025-12-08 07:26,3133.81,3135.45,3133.51,3133.66,81.27383824,3133.53000000,3135.22000000,3133.49000000,3133.63000000,78.52700000,,,,,,3133.53,3135.26,3133.49,3133.49,52.90896,,,,,
2025-12-08 07:27,3133.95,3135.88,3133.66,3135.59,127.73251613,3133.64000000,3135.28000000,3133.64000000,3135.28000000,236.35770000,,,,,,3133.49,3135.28,3133.49,3135.27,166.68842,,,,,
2025-12-08 07:28,3135.6,3136.37,3134.26,3134.88,48.53845504,3135.27000000,3136.00000000,3134.06000000,3134.66000000,141.66680000,,,,,,3135.27,3136,3134.05,3134.66,99.91396,,,,,
2025-12-08 07:29,3134.9,3136.65,3133.83,3134.54,127.07462841,3134.66000000,3134.66000000,3133.71000000,3134.13000000,46.96780000,,,,,,3134.66,3134.66,3133.7,3134.13,41.02748,,,,,
2025-12-08 07:30,3134.47,3135.43,3133.24,3133.4,44.41786377,3134.14000000,3135.00000000,3132.96000000,3133.19000000,67.58100000,,,,,,3134.13,3134.61,3132.95,3133.5,29.72522,,,,,
2025-12-08 07:31,3133.35,3133.91,3131.11,3131.31,21.42193804,3133.18000000,3133.50000000,3131.07000000,3131.24000000,66.82110000,3133.9,3133.9,3133.3,3133.3,0.004,3133.5,3133.5,3132.04,3132.04,40.53176,,,,,
2025-12-08 07:32,3131.54,3133.79,3131.54,3133.58,12.40713038,3131.26000000,3133.57000000,3131.26000000,3133.45000000,214.68990000,,,,,,3132.04,3133.49,3131.26,3133.09,156.09513,,,,,
2025-12-08 07:33,3133.57,3133.8,3131.86,3133.8,14.66957882,3133.45000000,3133.45000000,3131.73000000,3133.37000000,106.57690000,,,,,,3133.09,3133.37,3131.99,3133.37,79.60601,,,,,
2025-12-08 07:34,3133.79,3135.6,3132.46,3134.85,72.30078196,3133.36000000,3135.46000000,3132.46000000,3134.57000000,1090.99960000,3135.1,3135.8,3135.1,3135.8,0.17249545,3133.37,3135.45,3133.37,3134.58,763.50474,,,,,
2025-12-08 07:35,3134.85,3136.35,3134.11,3136.16,44.13570491,3134.57000000,3136.00000000,3133.77000000,3136.00000000,201.94880000,3135.9,3135.9,3135.9,3135.9,0.002,3134.58,3136,3133.77,3135.99,141.01499,,,,,
2025-12-08 07:36,3136.17,3138.29,3135.15,3137.99,56.83599152,3135.99000000,3138.01000000,3135.19000000,3138.01000000,708.54830000,3136.1,3137.4,3136.1,3137.4,0.014,3135.99,3138.02,3135.19,3138.01,442.40679,,,,,
2025-12-08 07:37,3137.69,3138.3,3135.67,3136.94,27.75670582,3138.00000000,3138.15000000,3135.89000000,3136.52000000,842.15920000,,,,,,3138.01,3138.15,3136,3137,612.00826,,,,,
2025-12-08 07:38,3136.59,3138.62,3134.86,3137.26,19.98904592,3136.52000000,3138.01000000,3134.68000000,3136.85000000,357.03350000,,,,,,3137,3137.99,3134.7,3136.96,258.24923,,,,,
2025-12-08 07:39,3137.1,3137.1,3134.56,3135.9,49.55457878,3136.85000000,3136.86000000,3134.77000000,3135.93000000,117.22960000,3137.1,3137.1,3137.1,3137.1,0.06438623,3136.96,3136.96,3134.62,3135.19,71.01562,,,,,
2025-12-08 07:40,3136.04,3137.59,3135.01,3137.59,16.98398454,3135.92000000,3137.46000000,3134.92000000,3137.46000000,106.27150000,3138.1,3138.1,3138.0,3138.0,0.1,3135.19,3137.01,3134.86,3137,87.01941,,,,,
2025-12-08 07:41,3137.7,3137.7,3133.81,3134.56,54.22686745,3137.46000000,3137.58000000,3133.78000000,3134.66000000,525.93580000,3136.7,3136.7,3136.1,3136.1,0.003,3137,3137.01,3134,3134,267.29548,,,,,
2025-12-08 07:42,3134.55,3134.55,3131.21,3131.87,59.49242078,3134.65000000,3134.66000000,3131.00000000,3132.00000000,282.40730000,3136.0,3136.0,3134.1,3134.1,0.014,3134,3134.15,3131.21,3132,302.82261,,,,,
2025-12-08 07:43,3132.0,3134.06,3130.51,3133.84,67.77935645,3132.00000000,3133.74000000,3130.00000000,3133.73000000,1170.01890000,,,,,,3132,3133.77,3130.72,3133.74,819.42891,,,,,
2025-12-08 07:44,3133.84,3134.24,3132.72,3133.2,39.56500675,3133.73000000,3133.90000000,3132.61000000,3132.86000000,426.81420000,3134.3,3134.3,3134.3,3134.3,0.00097423,3133.74,3133.92,3132.61,3132.95,297.37168,,,,,
2025-12-08 07:45,3133.05,3133.05,3128.28,3129.49,104.04333916,3132.86000000,3133.01000000,3128.00000000,3129.11000000,793.00270000,3133.4,3133.4,3131.5,3131.5,0.512,3132.95,3132.95,3128.68,3128.69,422.77641,,,,,
2025-12-08 07:46,3129.1,3130.95,3128.41,3130.95,28.59859072,3129.11000000,3130.77000000,3128.42000000,3130.76000000,722.13940000,,,,,,3128.69,3130.42,3128.69,3130.28,626.17316,,,,,
2025-12-08 07:47,3131.04,3132.45,3129.77,3131.09,25.40840198,3130.76000000,3132.13000000,3129.70000000,3131.01000000,723.29260000,,,,,,3130.28,3132.13,3129.78,3130.68,365.43463,,,,,
2025-12-08 07:48,3130.94,3132.3,3130.21,3131.3,17.68125733,3131.01000000,3132.51000000,3130.35000000,3131.24000000,823.25550000,,,,,,3130.68,3132.55,3130.33,3131.47,686.10604,,,,,
2025-12-08 07:49,3131.27,3132.87,3129.78,3132.86,59.45457659,3131.23000000,3132.65000000,3130.37000000,3132.65000000,1061.96950000,3132.8,3132.8,3132.8,3132.8,0.002,3131.47,3132.6,3130.83,3132.6,757.88443,,,,,
2025-12-08 07:50,3132.89,3133.04,3129.08,3129.98,34.1509634,3132.64000000,3132.65000000,3129.08000000,3129.47000000,530.92960000,3131.5,3131.5,3130.4,3130.7,0.85,3132.6,3132.65,3129.05,3129.69,405.52585,,,,,
2025-12-08 07:51,3129.62,3134.79,3129.62,3134.06,65.73768287,3129.46000000,3135.28000000,3129.46000000,3134.03000000,772.23070000,3133.1,3134.8,3133.1,3134.8,0.047002,3129.69,3134.81,3129.46,3133.88,518.06445,,,,,
2025-12-08 07:52,3134.06,3134.4,3132.31,3133.18,25.42539892,3134.03000000,3134.35000000,3132.00000000,3133.48000000,626.60870000,3134.4,3134.4,3134.4,3134.4,0.5,3133.88,3134.37,3132,3133.61,459.66586,,,,,
2025-12-08 07:53,3133.45,3133.49,3132.0,3132.67,21.42196129,3133.48000000,3133.48000000,3131.84000000,3132.60000000,286.11080000,,,,,,3133.61,3133.61,3131.84,3132.6,203.22853,,,,,
2025-12-08 07:54,3132.67,3134.0,3131.88,3133.53,35.48906529,3132.60000000,3134.01000000,3132.59000000,3133.53000000,467.51920000,,,,,,3132.6,3134.04,3132.59,3133.54,321.96777,,,,,
2025-12-08 07:55,3133.56,3133.56,3132.0,3132.47,13.48503255,3133.53000000,3133.54000000,3132.19000000,3132.35000000,184.79700000,3133.5,3133.5,3133.3,3133.3,0.37571,3133.54,3133.54,3132.2,3132.34,128.34918,,,,,
2025-12-08 07:56,3132.48,3133.99,3131.98,3133.99,36.25597518,3132.34000000,3133.72000000,3132.34000000,3133.67000000,228.86910000,,,,,,3132.34,3133.69,3132.34,3133.68,160.42324,,,,,
2025-12-08 07:57,3133.96,3134.39,3132.37,3132.76,58.94607209,3133.66000000,3134.35000000,3132.55000000,3132.56000000,168.68400000,,,,,,3133.68,3134.12,3132.51,3132.56,118.11189,,,,,
2025-12-08 07:58,3132.75,3133.18,3132.01,3133.18,20.26147782,3132.55000000,3133.50000000,3131.67000000,3133.00000000,262.21840000,,,,,,3132.56,3133.03,3131.74,3133,183.56562,,,,,
2025-12-08 07:59,3133.18,3134.55,3133.11,3134.46,26.78182158,3133.00000000,3134.32000000,3133.00000000,3134.31000000,291.87820000,,,,,,3133,3134.33,3133,3134.32,203.64655,,,,,
2025-12-08 08:00,3134.39,3134.39,3131.63,3132.21,67.17510423,3134.31000000,3134.32000000,3131.05000000,3132.47000000,548.06680000,,,,,,3134.32,3134.32,3131.66,3132.49,385.94586,,,,,
2025-12-08 08:01,3132.21,3132.21,3130.8,3131.15,40.63320544,3132.47000000,3132.47000000,3130.98000000,3131.01000000,217.91420000,3133.3,3133.3,3133.3,3133.3,0.00354186,3132.49,3132.49,3130.98,3131,219.54077,,,,,
2025-12-08 08:02,3131.1,3133.38,3130.5,3133.15,33.97200367,3131.00000000,3133.15000000,3130.16000000,3133.15000000,181.56520000,3133.2,3133.2,3132.5,3132.8,0.11545,3131,3133.15,3130.47,3133.15,121.74755,,,,,
2025-12-08 08:03,3133.15,3135.45,3129.69,3130.55,65.4739826,3133.14000000,3134.99000000,3129.69000000,3130.40000000,171.18270000,3133.8,3135.2,3131.9,3131.9,1.009,3133.15,3135,3130,3130.4,128.84942,,,,,
2025-12-08 08:04,3130.64,3131.93,3130.64,3131.37,28.47635711,3130.40000000,3131.53000000,3130.40000000,3131.25000000,99.48180000,,,,,,3130.4,3131.52,3130.4,3131.26,70.35273,,,,,
2025-12-08 08:05,3131.37,3131.37,3128.79,3129.92,31.4910089,3131.25000000,3131.26000000,3128.84000000,3130.06000000,129.66240000,3131.6,3131.6,3131.1,3131.1,0.003,3131.26,3131.26,3128.84,3130.05,68.2087,,,,,
2025-12-08 08:06,3130.19,3131.08,3128.65,3128.89,40.22872736,3130.06000000,3130.91000000,3128.67000000,3128.95000000,102.77470000,,,,,,3130.05,3130.91,3128.67,3128.68,63.9684,,,,,
2025-12-08 08:07,3129.17,3131.83,3129.17,3131.24,30.34680567,3128.95000000,3131.67000000,3128.95000000,3131.30000000,109.99210000,,,,,,3128.68,3131.69,3128.68,3131.3,84.7438,,,,,
2025-12-08 08:08,3131.25,3132.9,3131.1,3131.41,43.345829,3131.30000000,3132.59000000,3131.30000000,3131.38000000,172.94740000,3132.5,3132.9,3132.5,3132.9,0.008,3131.3,3132.6,3131.3,3131.38,121.29568,,,,,
2025-12-08 08:09,3131.4,3131.9,3130.52,3130.86,27.08747946,3131.38000000,3131.47000000,3130.49000000,3130.62000000,177.46460000,3132.4,3132.4,3132.4,3132.4,0.21154479,3131.38,3131.46,3130.45,3130.64,123.9925,,,,,
2025-12-08 08:10,3130.57,3132.99,3130.57,3132.99,20.01834642,3130.62000000,3132.76000000,3130.62000000,3132.76000000,139.06350000,3131.8,3131.8,3131.8,3131.8,0.21881,3130.64,3132.67,3130.64,3132.67,70.25406,,,,,
2025-12-08 08:11,3133.16,3134.03,3131.13,3131.13,23.43805634,3132.76000000,3133.70000000,3131.00000000,3131.01000000,113.14530000,3133.2,3133.6,3133.2,3133.6,0.008,3132.67,3133.39,3131,3131,80.77022,,,,,
2025-12-08 08:12,3131.14,3131.96,3130.92,3131.19,9.65942397,3131.01000000,3132.01000000,3130.69000000,3130.72000000,125.68250000,,,,,,3131,3132.18,3130.71,3130.71,88.33843,,,,,
2025-12-08 08:13,3130.75,3132.07,3130.58,3131.05,22.24248164,3130.72000000,3131.42000000,3130.31000000,3130.78000000,88.27390000,3131.4,3131.4,3131.4,3131.4,1.4280300000000001,3130.71,3131.27,3130.28,3130.78,62.73925,,,,,
2025-12-08 08:14,3131.06,3132.15,3131.06,3131.23,11.58558136,3130.77000000,3131.75000000,3130.77000000,3131.11000000,44.52740000,,,,,,3130.78,3131.78,3130.77,3131.1,30.20383,,,,,
2025-12-08 08:15,3131.06,3134.11,3131.06,3134.03,33.37855522,3131.10000000,3133.54000000,3131.10000000,3133.53000000,100.33590000,,,,,,3131.1,3133.19,3131.1,3133.18,66.50819,,,,,
2025-12-08 08:16,3133.83,3137.01,3133.83,3136.45,49.33570544,3133.54000000,3136.61000000,3133.54000000,3136.60000000,91.29000000,3133.7,3135.3,3133.7,3135.3,0.026000000000000002,3133.18,3136.61,3133.18,3136.61,66.62027,,,,,
2025-12-08 08:17,3136.45,3136.45,3132.93,3133.27,49.52249824,3136.60000000,3136.60000000,3132.69000000,3133.03000000,108.75600000,,,,,,3136.61,3136.61,3132.66,3133.17,88.55268,,,,,
2025-12-08 08:18,3132.98,3134.96,3132.76,3133.67,33.58080641,3133.04000000,3134.66000000,3132.69000000,3133.27000000,139.57140000,,,,,,3133.17,3134.67,3132.69,3132.95,56.08461,,,,,
2025-12-08 08:19,3133.23,3134.11,3132.73,3132.89,14.08715701,3133.27000000,3133.86000000,3132.69000000,3132.85000000,80.42390000,3134.7,3134.7,3134.7,3134.7,0.0033155,3132.95,3133.86,3132.69,3132.71,96.6465,,,,,
2025-12-08 08:20,3133.1,3133.93,3130.86,3131.29,32.05309001,3132.85000000,3133.80000000,3130.89000000,3131.28000000,118.77030000,3134.0,3134.0,3132.7,3132.7,0.66493094,3132.71,3133.79,3130.89,3131.28,79.42322,,,,,
2025-12-08 08:21,3131.3,3133.76,3131.3,3132.77,31.78616191,3131.28000000,3133.20000000,3131.28000000,3132.62000000,213.99300000,3133.4,3133.4,3133.4,3133.4,0.38433,3131.28,3133.2,3131.28,3132.3,134.51188,,,,,
2025-12-08 08:22,3132.93,3133.65,3131.78,3133.53,24.78403597,3132.62000000,3133.28000000,3131.56000000,3133.27000000,235.58500000,3133.0,3134.6,3133.0,3134.6,0.03732,3132.3,3133.28,3131.52,3133.27,179.82223,,,,,
2025-12-08 08:23,3133.39,3134.28,3133.1,3133.83,12.82342066,3133.27000000,3133.65000000,3132.91000000,3133.63000000,77.08760000,,,,,,3133.27,3133.66,3132.85,3133.63,54.31953,,,,,
2025-12-08 08:24,3133.84,3133.95,3133.44,3133.78,9.7747547,3133.64000000,3133.64000000,3133.01000000,3133.59000000,53.36140000,,,,,,3133.63,3133.64,3133.01,3133.6,36.9028,,,,,
2025-12-08 08:25,3133.78,3134.18,3132.47,3132.86,19.29870423,3133.60000000,3133.60000000,3132.43000000,3132.45000000,162.23630000,3134.1,3134.1,3134.1,3134.1,0.04227791,3133.6,3133.6,3132.4,3132.45,112.70484,,,,,
2025-12-08 08:26,3132.86,3133.37,3129.73,3130.74,45.50501274,3132.44000000,3132.94000000,3129.51000000,3130.46000000,132.91380000,3133.3,3133.3,3132.1,3132.1,0.009000000000000001,3132.45,3132.93,3129.49,3130.02,82.64447,,,,,
2025-12-08 08:27,3130.88,3131.79,3130.05,3131.58,45.47906696,3130.46000000,3131.09000000,3129.82000000,3131.09000000,129.38000000,,,,,,3130.02,3131.11,3129.82,3131.09,102.23051,,,,,
2025-12-08 08:28,3131.39,3132.56,3131.39,3132.41,32.9427514,3131.09000000,3131.92000000,3131.05000000,3131.91000000,144.64450000,,,,,,3131.09,3131.92,3131.02,3131.91,64.51972,,,,,
2025-12-08 08:29,3132.41,3133.22,3132.25,3132.54,34.64836688,3131.92000000,3133.12000000,3131.91000000,3132.24000000,71.76870000,3133.3,3133.3,3133.3,3133.3,0.0705,3131.91,3133.08,3131.91,3132.24,85.70162,,,,,
2025-12-08 08:30,3132.54,3132.7,3131.62,3132.48,41.7778283,3132.24000000,3132.25000000,3131.27000000,3131.95000000,125.67030000,3133.4,3133.4,3133.0,3133.4,0.0024000000000000002,3132.24,3132.25,3131.27,3131.96,87.13574,,,,,
2025-12-08 08:31,3132.47,3132.47,3130.52,3130.52,30.59585096,3131.95000000,3131.96000000,3130.07000000,3130.09000000,141.28440000,3132.1,3132.1,3131.7,3131.7,0.0516,3131.96,3131.96,3130.04,3130.09,98.85535,,,,,
2025-12-08 08:32,3130.52,3130.73,3128.28,3130.62,61.45785863,3130.09000000,3130.30000000,3127.68000000,3130.29000000,399.60930000,3131.5,3131.5,3130.2,3130.4,0.04716508,3130.09,3130.34,3127.68,3130.3,274.71754,,,,,
2025-12-08 08:33,3130.54,3132.07,3128.69,3128.69,50.82325973,3130.29000000,3131.37000000,3128.70000000,3128.71000000,109.17090000,3131.7,3132.3,3131.0,3131.0,0.0056,3130.3,3131.38,3128.7,3128.7,81.46311,,,,,
2025-12-08 08:34,3128.83,3130.22,3127.84,3128.01,33.57898672,3128.71000000,3129.95000000,3127.48000000,3127.49000000,472.64050000,3130.9,3130.9,3130.2,3130.2,0.0054,3128.7,3129.68,3127.47,3127.48,326.09667,,,,,
2025-12-08 08:35,3128.0,3128.01,3125.66,3128.01,44.59880702,3127.48000000,3127.68000000,3125.10000000,3127.68000000,241.47800000,3130.1,3130.1,3127.5,3127.5,0.009600000000000001,3127.48,3127.48,3125.63,3126.74,165.36158,,,,,
2025-12-08 08:36,3128.15,3130.37,3128.15,3128.51,34.50958725,3127.69000000,3129.99000000,3127.68000000,3127.87000000,93.83820000,3129.5,3130.3,3129.5,3129.5,1.00804,3126.74,3129.21,3126.74,3127.86,67.5482,,,,,
2025-12-08 08:37,3128.39,3130.76,3128.24,3130.76,35.04621484,3127.87000000,3129.99000000,3127.86000000,3129.99000000,50.94570000,3130.0,3130.3,3130.0,3130.3,0.0028,3127.86,3129.99,3127.86,3129.99,35.6928,,,,,
2025-12-08 08:38,3130.61,3131.91,3129.37,3131.86,17.25774122,3129.99000000,3131.32000000,3128.68000000,3131.31000000,116.70090000,3130.6,3132.2,3130.3,3132.2,0.05559999,3129.99,3131.36,3128.67,3131.32,74.20387,,,,,
2025-12-08 08:39,3131.85,3132.76,3130.74,3131.13,24.65133117,3131.32000000,3132.00000000,3130.42000000,3130.54000000,75.95860000,3132.2,3132.8,3132.1,3132.1,0.014,3131.32,3132.03,3130.53,3130.54,61.18782,,,,,
2025-12-08 08:40,3131.12,3131.12,3130.33,3130.43,7.32392722,3130.54000000,3130.64000000,3129.97000000,3129.98000000,194.82740000,3131.8,3132.2,3131.8,3132.2,0.0016,3130.54,3130.65,3129.96,3129.97,129.47316,,,,,
2025-12-08 08:41,3130.38,3132.07,3130.22,3131.29,13.60616481,3129.97000000,3131.71000000,3129.76000000,3130.93000000,200.57130000,3130.9,3132.9,3130.9,3131.9,1.0928900000000001,3129.97,3131.55,3129.76,3130.93,140.05393,,,,,
2025-12-08 08:42,3131.29,3133.1,3131.29,3132.68,14.58953996,3130.92000000,3133.10000000,3130.92000000,3132.24000000,192.17580000,3132.9,3133.8,3132.9,3133.8,0.050699999999999995,3130.93,3133.11,3130.92,3132.15,134.16546,,,,,
2025-12-08 08:43,3132.67,3134.62,3132.26,3134.3,10.53833861,3132.24000000,3134.31000000,3132.24000000,3134.04000000,128.30580000,3133.5,3134.5,3133.5,3134.5,0.0108,3132.15,3133.93,3132.15,3133.93,80.33685,,,,,
2025-12-08 08:44,3134.61,3136.41,3134.61,3135.87,27.65312925,3134.05000000,3136.19000000,3134.04000000,3135.50000000,419.36320000,3134.7,3136.3,3134.7,3136.3,0.0548,3133.93,3136.2,3133.93,3135.5,293.78736,,,,,
2025-12-08 08:45,3135.89,3136.25,3134.97,3135.52,40.85138041,3135.49000000,3135.88000000,3134.72000000,3135.03000000,132.27310000,3136.3,3136.3,3136.2,3136.3,0.0024000000000000002,3135.5,3135.72,3134.71,3135.02,75.17912,,,,,
2025-12-08 08:46,3135.28,3135.28,3132.96,3134.62,13.68566005,3135.02000000,3135.02000000,3132.77000000,3134.27000000,71.53940000,3135.0,3135.5,3135.0,3135.5,0.0016,3135.02,3135.03,3132.77,3134.28,51.71208,,,,,
2025-12-08 08:47,3134.59,3135.3,3132.96,3135.3,32.54839668,3134.27000000,3134.91000000,3132.72000000,3134.91000000,73.58590000,3135.5,3135.7,3135.0,3135.7,0.0024000000000000002,3134.28,3134.35,3132.72,3134.35,42.65216,,,,,
2025-12-08 08:48,3135.14,3138.76,3133.27,3133.3,50.29195997,3134.92000000,3138.13000000,3132.40000000,3132.40000000,282.45700000,3136.8,3137.3,3134.7,3134.7,0.0138,3134.35,3138,3133.05,3133.11,193.09656,,,,,
2025-12-08 08:49,3133.1,3133.61,3131.26,3131.26,48.40964015,3132.40000000,3133.00000000,3130.82000000,3130.82000000,46.65680000,3134.8,3134.8,3133.1,3133.1,0.0144,3133.11,3133.11,3130.79,3130.83,48.64146,,,,,
2025-12-08 08:50,3131.23,3132.54,3131.07,3132.3,18.46614654,3130.82000000,3132.00000000,3130.70000000,3131.99000000,41.77560000,3133.1,3133.5,3133.1,3133.5,0.0016,3130.83,3132,3130.83,3131.99,26.67582,,,,,
2025-12-08 08:51,3132.48,3133.44,3132.48,3133.13,15.71529031,3132.00000000,3133.00000000,3132.00000000,3132.78000000,98.63780000,3134.3,3134.5,3134.3,3134.5,0.0016,3131.99,3133.02,3131.99,3132.79,68.81978,,,,,
2025-12-08 08:52,3133.14,3133.61,3132.76,3133.11,8.07817346,3132.79000000,3133.14000000,3132.49000000,3132.81000000,80.88240000,3134.3,3134.5,3133.3,3134.5,8.0024,3132.79,3133.15,3132.49,3132.8,56.05977,,,,,
2025-12-08 08:53,3133.11,3134.97,3133.11,3134.1,29.12814718,3132.81000000,3134.30000000,3132.81000000,3133.75000000,49.29330000,3134.5,3134.8,3134.5,3134.8,0.0032,3132.8,3134.3,3132.8,3133.75,34.97458,,,,,
2025-12-08 08:54,3134.1,3139.89,3134.1,3139.89,30.24844472,3133.76000000,3139.67000000,3133.76000000,3139.67000000,146.55270000,3134.8,3139.7,3134.8,3139.7,1.04369296,3133.75,3138.59,3133.75,3138.51,72.84904,,,,,
2025-12-08 08:55,3139.9,3147.0,3139.9,3146.38,218.0257775,3139.68000000,3146.64000000,3139.68000000,3146.32000000,3097.99820000,3139.8,3146.3,3139.8,3146.3,0.35713079000000003,3138.51,3146.59,3138.51,3145.65,946.28879,,,,,
2025-12-08 08:56,3146.52,3146.86,3141.89,3143.3,78.69017232,3146.32000000,3146.60000000,3141.97000000,3142.84000000,367.99440000,3147.1,3147.1,3144.8,3144.8,0.0117593,3145.65,3145.65,3142.28,3142.83,492.95278,,,,,
2025-12-08 08:57,3143.12,3143.12,3141.2,3142.63,45.29092977,3142.84000000,3142.84000000,3141.08000000,3142.59000000,74.22530000,3144.7,3144.7,3143.8,3143.8,0.0026,3142.83,3142.84,3141.08,3142.6,51.3317,,,,,
2025-12-08 08:58,3142.63,3143.78,3141.95,3142.9,29.18972099,3142.59000000,3142.81000000,3141.61000000,3142.41000000,60.25380000,3143.7,3144.5,3143.7,3144.1,0.0024000000000000002,3142.6,3142.82,3141.61,3142.4,42.41465,,,,,
2025-12-08 08:59,3142.79,3146.52,3142.79,3144.32,58.71582575,3142.41000000,3146.34000000,3142.41000000,3143.77000000,318.68490000,3144.9,3145.9,3144.9,3145.3,0.8798644600000001,3142.4,3145.49,3142.4,3143.78,220.67231,,,,,
2025-12-08 09:00,3144.15,3145.5,3141.29,3144.17,58.39288013,3143.77000000,3144.78000000,3141.08000000,3144.04000000,173.85670000,3144.2,3144.6,3142.9,3144.6,0.0086,3143.78,3144.78,3141.46,3144.03,101.58711,,,,,
2025-12-08 09:01,3144.22,3149.89,3144.22,3149.41,150.27037061,3144.04000000,3149.42000000,3144.04000000,3149.15000000,433.21830000,3145.5,3151.0,3145.5,3150.2,0.35550188,3144.03,3149.42,3144.03,3149.04,242.12729,,,,,
2025-12-08 09:02,3149.41,3163.73,3149.41,3151.29,1252.15634468,3149.16000000,3165.03000000,3149.15000000,3151.02000000,5048.17960000,3151.4,3165.6,3151.4,3156.0,62.42595799,3149.04,3162,3149.04,3151.49,2071.7989,,,,,
2025-12-08 09:03,3151.12,3159.95,3149.76,3157.51,195.30363713,3151.03000000,3159.91000000,3150.54000000,3157.37000000,810.07580000,3153.9,3161.5,3153.9,3161.5,0.0044,3151.49,3159.61,3150.59,3158.01,389.585,,,,,
2025-12-08 09:04,3157.52,3160.91,3155.21,3155.54,88.34355872,3157.36000000,3160.74000000,3155.01000000,3155.02000000,476.67170000,3160.4,3160.4,3156.2,3156.2,0.00848821,3158.01,3160.53,3155.33,3155.33,433.40695,,,,,
2025-12-08 09:05,3155.37,3177.53,3155.21,3174.98,485.33527545,3155.02000000,3178.00000000,3155.02000000,3175.46000000,4116.71420000,3160.2,3178.6,3160.2,3178.1,123.12825101,3155.33,3177.74,3155.01,3175.45,611.04161,,,,,
2025-12-08 09:06,3174.14,3180.0,3170.24,3180.0,260.89183835,3175.46000000,3180.51000000,3171.08000000,3179.68000000,1871.48580000,3178.6,3180.0,3172.9,3179.3,1.08814471,3175.45,3180.5,3171.23,3179.51,180.42983,,,,,
2025-12-08 09:07,3179.26,3179.33,3170.33,3173.22,215.372912,3179.62000000,3179.62000000,3171.02000000,3173.51000000,565.74660000,3178.8,3178.8,3173.4,3175.7,1.09247796,3179.51,3179.51,3171.03,3173.84,264.15985,,,,,
2025-12-08 09:08,3173.07,3175.0,3171.06,3172.46,130.01445445,3173.51000000,3175.12000000,3171.37000000,3172.51000000,356.30740000,3176.3,3176.3,3173.6,3173.6,0.0046,3173.84,3174.92,3171.61,3172.57,260.46274,,,,,
2025-12-08 09:09,3172.2,3174.4,3167.69,3168.83,124.99456267,3172.50000000,3174.28000000,3167.57000000,3168.89000000,501.41970000,3175.2,3175.2,3170.1,3170.6,0.0202751,3172.57,3174.02,3167.91,3168.84,245.54679,,,,,
2025-12-08 09:10,3168.96,3171.34,3168.29,3168.29,132.72234142,3168.88000000,3171.23000000,3167.99000000,3167.99000000,174.19670000,3171.3,3171.3,3170.5,3170.5,0.0016,3168.84,3171.27,3168.08,3168.08,191.0156,,,,,
2025-12-08 09:11,3168.16,3172.03,3167.45,3172.01,122.22290899,3167.99000000,3172.07000000,3167.39000000,3171.55000000,968.70830000,3170.7,3173.3,3170.3,3173.3,0.1016,3168.08,3171.95,3168.08,3171.55,788.08373,,,,,
2025-12-08 09:12,3171.61,3171.61,3166.77,3168.61,53.66930196,3171.56000000,3171.56000000,3166.62000000,3168.27000000,292.75870000,3173.1,3173.1,3169.0,3170.6,0.0574,3171.55,3171.55,3166.63,3168.48,255.91903,,,,,
2025-12-08 09:13,3168.56,3171.01,3168.56,3170.91,30.29999014,3168.27000000,3170.77000000,3168.26000000,3170.56000000,156.66370000,3170.6,3170.6,3170.4,3170.4,0.0016,3168.48,3170.8,3168.22,3170.56,119.59692,,,,,
2025-12-08 09:14,3170.91,3171.01,3165.75,3165.75,74.64966391,3170.56000000,3170.56000000,3165.38000000,3165.39000000,468.23530000,3170.6,3170.9,3167.9,3167.9,0.96606234,3170.56,3170.56,3165.38,3165.38,325.61375,,,,,
2025-12-08 09:15,3165.92,3165.92,3160.36,3161.62,113.40352188,3165.39000000,3165.39000000,3160.24000000,3161.36000000,770.49460000,3167.8,3167.8,3162.7,3162.7,0.03986569,3165.38,3165.38,3160.67,3160.73,427.36507,,,,,
2025-12-08 09:16,3161.71,3163.62,3161.0,3161.66,42.14731323,3161.35000000,3163.15000000,3160.32000000,3161.65000000,391.01480000,3163.4,3164.7,3163.4,3163.6,0.45819,3160.73,3163.09,3160.64,3161.43,306.30184,,,,,
2025-12-08 09:17,3161.79,3162.67,3158.1,3158.6,48.89510351,3161.65000000,3162.36000000,3157.84000000,3158.29000000,612.93350000,3162.5,3162.5,3159.7,3159.7,0.1046,3161.43,3161.63,3157.84,3157.85,440.86893,,,,,
2025-12-08 09:18,3158.75,3160.97,3158.44,3159.28,39.05102529,3158.32000000,3160.64000000,3157.91000000,3159.20000000,397.50300000,3162.0,3162.0,3160.2,3160.2,0.00872711,3157.85,3160.63,3157.85,3158.76,381.23942,,,,,
2025-12-08 09:19,3159.45,3160.46,3158.44,3159.01,41.76154568,3159.20000000,3159.94000000,3157.79000000,3158.61000000,238.70790000,3159.6,3160.9,3159.6,3160.2,0.40710399999999997,3158.76,3159.58,3158.02,3158.62,199.66405,,,,,
2025-12-08 09:20,3159.0,3161.97,3158.85,3161.01,34.44775724,3158.61000000,3161.39000000,3157.92000000,3160.79000000,353.34420000,3161.8,3161.8,3161.7,3161.7,0.0516,3158.62,3161.28,3158.05,3160.8,229.82733,,,,,
2025-12-08 09:21,3161.14,3164.94,3160.81,3163.26,60.26827852,3160.80000000,3164.55000000,3160.58000000,3162.82000000,405.55950000,3162.0,3164.5,3162.0,3164.5,2.02,3160.8,3164.5,3160.58,3163.03,244.6181,,,,,
2025-12-08 09:22,3163.19,3163.19,3159.29,3159.96,34.64568053,3162.81000000,3162.81000000,3159.16000000,3159.37000000,242.32850000,3162.6,3162.6,3160.3,3160.3,0.8781611,3163.03,3163.03,3159.36,3159.36,221.91748,,,,,
2025-12-08 09:23,3159.79,3160.1,3156.71,3159.11,22.51914389,3159.36000000,3159.70000000,3156.50000000,3158.57000000,270.51600000,3160.1,3160.3,3159.2,3159.6,0.09896058,3159.36,3159.51,3156.49,3158.58,193.63855,,,,,
2025-12-08 09:24,3159.11,3160.8,3158.69,3159.04,36.20469865,3158.58000000,3160.27000000,3158.02000000,3158.52000000,218.07700000,3160.5,3160.8,3160.5,3160.7,0.0036,3158.58,3160.28,3158.17,3158.49,137.81111,,,,,
2025-12-08 09:25,3158.61,3159.03,3154.56,3156.56,16.73801307,3158.52000000,3158.69000000,3154.26000000,3156.52000000,396.55080000,3159.6,3159.6,3156.4,3158.0,1.0094,3158.49,3158.73,3154.51,3156.53,188.04884,,,,,
2025-12-08 09:26,3156.56,3157.58,3155.54,3157.39,28.70494205,3156.52000000,3157.44000000,3155.32000000,3156.50000000,246.79990000,3158.2,3158.5,3158.2,3158.5,0.0016,3156.53,3157.45,3155.29,3156.53,281.10889,,,,,
2025-12-08 09:27,3157.07,3158.75,3157.06,3158.1,43.57678625,3156.50000000,3158.20000000,3156.39000000,3158.01000000,226.71140000,3159.4,3159.4,3158.7,3158.9,0.0024000000000000002,3156.53,3158.13,3156.35,3158.01,140.35499,,,,,
2025-12-08 09:28,3158.09,3158.26,3157.07,3157.97,34.67595601,3158.01000000,3158.01000000,3156.48000000,3157.83000000,168.40460000,3158.3,3159.0,3158.3,3159.0,0.0016,3158.01,3158.01,3156.48,3157.84,151.53068,,,,,
2025-12-08 09:29,3157.82,3159.43,3157.75,3159.35,28.28090653,3157.83000000,3159.14000000,3156.96000000,3159.04000000,282.81450000,3158.8,3160.3,3158.8,3160.3,0.039869999999999996,3157.84,3159.14,3156.83,3159.13,217.37328,,,,,
2025-12-08 09:30,3158.94,3158.94,3155.25,3156.26,40.15488969,3159.03000000,3159.03000000,3155.14000000,3155.97000000,201.53340000,3158.4,3158.4,3157.5,3157.5,0.0046,3159.13,3159.13,3155.14,3155.96,114.73796,,,,,
2025-12-08 09:31,3156.25,3157.39,3155.0,3156.04,59.23353033,3155.96000000,3157.05000000,3154.62000000,3155.75000000,303.63380000,3158.0,3158.0,3157.2,3157.3,0.0036,3155.96,3157.06,3154.62,3155.83,253.1298,,,,,
2025-12-08 09:32,3156.05,3161.31,3156.05,3160.89,34.30577273,3155.74000000,3161.15000000,3155.74000000,3160.76000000,308.98880000,3157.6,3160.9,3157.6,3160.9,0.024,3155.83,3161.03,3155.75,3160.76,217.92546,,,,,
2025-12-08 09:33,3160.85,3164.03,3160.85,3162.45,74.01835692,3160.76000000,3164.00000000,3160.76000000,3162.40000000,286.20450000,3160.9,3165.0,3160.9,3164.4,0.83496904,3160.76,3163.91,3160.75,3162.4,168.72776,,,,,
2025-12-08 09:34,3162.45,3165.23,3162.34,3165.23,34.33127156,3162.40000000,3165.23000000,3162.35000000,3165.23000000,248.83260000,3163.3,3165.5,3163.3,3165.5,0.0024000000000000002,3162.4,3165.35,3162.32,3165.35,127.83658,,,,,
2025-12-08 09:35,3165.4,3167.03,3161.16,3161.16,53.31629412,3165.22000000,3167.66000000,3161.30000000,3161.30000000,556.24970000,3165.5,3167.4,3163.5,3163.5,1.69912,3165.35,3167.09,3161.6,3161.6,427.50728,,,,,
2025-12-08 09:36,3161.16,3164.72,3161.16,3164.21,35.28585261,3161.30000000,3164.50000000,3161.30000000,3164.12000000,85.13680000,3163.7,3165.6,3163.7,3164.5,0.0074,3161.6,3164.5,3161.26,3164.13,57.82208,,,,,
2025-12-08 09:37,3164.04,3164.38,3162.1,3163.91,17.40278823,3164.12000000,3164.28000000,3162.11000000,3164.08000000,93.57570000,3164.5,3165.7,3164.5,3165.7,0.0016,3164.13,3164.28,3162.11,3164.1,73.50317,,,,,
2025-12-08 09:38,3163.91,3163.91,3161.72,3162.64,21.04599481,3164.07000000,3164.07000000,3161.59000000,3161.64000000,69.31770000,3164.9,3164.9,3163.3,3163.3,0.0024000000000000002,3164.1,3164.1,3161.63,3161.63,49.14508,,,,,
2025-12-08 09:39,3162.64,3164.72,3162.64,3163.47,16.94734359,3161.63000000,3164.00000000,3161.63000000,3163.34000000,100.57790000,3164.2,3164.7,3164.2,3164.7,0.0016,3161.63,3164,3161.63,3163.18,66.15534,,,,,
2025-12-08 09:40,3163.46,3163.59,3162.17,3162.62,15.36862034,3163.34000000,3163.52000000,3162.03000000,3162.44000000,60.39900000,3164.0,3164.0,3163.8,3163.8,0.0024000000000000002,3163.18,3163.53,3162.01,3162.43,49.76516,,,,,
2025-12-08 09:41,3162.63,3162.63,3160.86,3161.68,14.95102495,3162.44000000,3162.44000000,3160.86000000,3161.64000000,253.95700000,3163.2,3163.3,3162.6,3163.3,0.056600000000000004,3162.43,3162.43,3160.86,3161.65,174.60064,,,,,
2025-12-08 09:42,3161.82,3161.91,3160.02,3160.47,28.69485792,3161.64000000,3161.64000000,3159.17000000,3160.24000000,219.51550000,3162.4,3162.4,3161.3,3161.7,0.0196465,3161.65,3161.65,3159.7,3160.22,193.88594,,,,,
2025-12-08 09:43,3160.47,3161.07,3157.88,3160.97,90.55340008,3160.24000000,3161.28000000,3157.57000000,3160.71000000,295.11140000,3161.7,3161.8,3160.0,3161.8,0.0104,3160.22,3161.04,3157.86,3161.04,215.24642,,,,,
2025-12-08 09:44,3160.62,3160.62,3158.78,3159.45,44.21296357,3160.69000000,3160.69000000,3158.59000000,3159.38000000,135.02820000,3160.5,3160.9,3160.5,3160.9,0.0016,3161.04,3161.04,3158.59,3159.37,115.46994,,,,,
2025-12-08 09:45,3159.44,3159.44,3154.86,3155.28,121.8387934,3159.37000000,3159.37000000,3154.05000000,3154.98000000,386.41770000,3160.0,3160.0,3156.0,3156.0,3.8784355600000002,3159.37,3159.37,3154.83,3154.98,266.81576,,,,,
2025-12-08 09:46,3155.24,3157.07,3155.24,3155.89,26.33043642,3154.98000000,3156.99000000,3154.60000000,3155.60000000,186.98900000,3157.3,3157.7,3157.3,3157.7,0.0016,3154.98,3157,3154.69,3155.61,131.62955,,,,,
2025-12-08 09:47,3155.88,3156.95,3155.21,3156.31,57.71156476,3155.60000000,3156.35000000,3155.01000000,3155.90000000,214.38740000,3157.0,3157.4,3157.0,3157.1,0.0024000000000000002,3155.61,3156.35,3155,3155.82,148.61561,,,,,
2025-12-08 09:48,3156.31,3158.6,3156.18,3157.75,36.22938015,3155.89000000,3158.00000000,3155.89000000,3157.43000000,114.70870000,3158.0,3158.0,3158.0,3158.0,0.0016,3155.82,3158.03,3155.82,3157.43,77.16301,,,,,
2025-12-08 09:49,3157.76,3157.77,3156.57,3156.57,19.6059765,3157.44000000,3157.44000000,3156.21000000,3156.31000000,53.74480000,3158.0,3158.3,3157.4,3157.4,0.0024000000000000002,3157.43,3157.44,3156.19,3156.31,43.35898,,,,,
2025-12-08 09:50,3156.57,3157.55,3156.36,3156.37,60.31225467,3156.31000000,3157.00000000,3155.86000000,3155.87000000,107.58830000,3157.5,3157.6,3157.5,3157.6,0.0016,3156.31,3157.01,3155.86,3155.86,67.51481,,,,,
2025-12-08 09:51,3156.37,3158.01,3156.05,3157.07,26.60321809,3155.87000000,3157.51000000,3155.65000000,3156.32000000,119.45480000,3158.0,3158.3,3157.0,3158.3,0.013204,3155.86,3157.66,3155.62,3156.31,72.70286,,,,,
2025-12-08 09:52,3156.91,3157.92,3156.5,3157.92,31.529856,3156.32000000,3157.50000000,3156.00000000,3157.50000000,117.43880000,3157.3,3158.3,3157.3,3158.3,0.0024000000000000002,3156.31,3157.38,3155.99,3157.38,89.49323,,,,,
2025-12-08 09:53,3157.87,3159.0,3155.71,3155.71,35.08078479,3157.50000000,3158.23000000,3154.99000000,3155.00000000,85.59420000,3158.5,3158.5,3157.2,3157.2,0.0016,3157.38,3158.22,3154.99,3154.99,60.7624,,,,,
2025-12-08 09:54,3155.72,3157.56,3155.72,3157.07,50.97986927,3155.00000000,3157.01000000,3155.00000000,3156.88000000,172.50400000,3157.4,3158.0,3157.4,3157.9,0.0024000000000000002,3154.99,3156.98,3154.99,3156.87,120.74183,,,,,
2025-12-08 09:55,3157.07,3158.09,3157.07,3157.71,23.098087,3156.88000000,3157.48000000,3156.87000000,3157.24000000,76.50490000,3158.3,3158.4,3158.3,3158.4,0.0016,3156.87,3157.48,3156.87,3157.24,59.39272,,,,,
2025-12-08 09:56,3157.7,3157.72,3157.59,3157.59,23.94367951,3157.24000000,3157.26000000,3157.24000000,3157.25000000,39.28260000,3158.4,3158.4,3158.4,3158.4,0.0024000000000000002,3157.24,3157.26,3157.24,3157.26,27.41968,,,,,
2025-12-08 09:57,3157.6,3158.77,3157.6,3158.48,34.89302541,3157.25000000,3158.29000000,3157.25000000,3158.15000000,118.01120000,3158.4,3158.4,3158.4,3158.4,3.86590686,3157.26,3158.29,3157.25,3158.17,82.75685,,,,,
2025-12-08 09:58,3158.3,3159.11,3157.93,3159.11,37.93583085,3158.15000000,3158.96000000,3157.52000000,3158.95000000,69.55470000,3158.4,3159.2,3158.4,3159.2,1.14569314,3158.17,3158.96,3157.52,3158.95,48.92483,,,,,
2025-12-08 09:59,3159.09,3159.62,3157.71,3158.94,42.99354018,3158.96000000,3159.57000000,3157.73000000,3158.69000000,184.65900000,3159.2,3159.2,3159.2,3159.2,0.0016,3158.95,3159.57,3157.66,3159.16,127.56941,,,,,
2025-12-08 10:00,3158.95,3161.67,3158.95,3159.62,53.49753758,3158.69000000,3161.00000000,3158.69000000,3159.51000000,125.57790000,3159.3,3161.6,3159.3,3160.0,0.0236,,,,,,,,,,
