time,COINBASE:open,COINBASE:high,COINBASE:low,COINBASE:close,COINBASE:volume,BINANCE:open,BINANCE:high,BINANCE:low,BINANCE:close,BINANCE:volume,BITFINEX:open,BITFINEX:high,BITFINEX:low,BITFINEX:close,BITFINEX:volume
2022-03-04 10:00,0.1272,0.1273,0.1272,0.1273,21574.6,0.12720000,0.12730000,0.12710000,0.12720000,44064.00000000,0.1273,0.1273,0.1273,0.1273,204.90501627
2022-03-04 10:01,0.1272,0.1273,0.1271,0.1272,2215.7,0.12730000,0.12730000,0.12710000,0.12710000,61245.00000000,,,,,
2022-03-04 10:02,0.1271,0.1273,0.1271,0.1273,179143.1,0.12720000,0.12740000,0.12710000,0.12730000,258317.00000000,,,,,
2022-03-04 10:03,0.1273,0.1274,0.1273,0.1274,42016.9,0.12740000,0.12750000,0.12730000,0.12750000,65210.00000000,0.12742,0.12742,0.12742,0.12742,8.19242883
2022-03-04 10:04,0.1275,0.1275,0.1273,0.1275,49652.6,0.12750000,0.12750000,0.12730000,0.12750000,541685.00000000,,,,,
2022-03-04 10:05,0.1274,0.1275,0.1273,0.1275,21907.6,0.12740000,0.12750000,0.12730000,0.12750000,193701.00000000,,,,,
2022-03-04 10:06,0.1274,0.1275,0.1273,0.1274,9690.9,0.12740000,0.12750000,0.12730000,0.12750000,117765.00000000,,,,,
2022-03-04 10:07,0.1274,0.1275,0.1273,0.1275,127.2,0.12740000,0.12750000,0.12740000,0.12750000,30575.00000000,,,,,
2022-03-04 10:08,0.1275,0.1275,0.1274,0.1274,40208.6,0.12740000,0.12750000,0.12740000,0.12740000,88946.00000000,,,,,
2022-03-04 10:09,0.1274,0.1275,0.1273,0.1274,80985.5,0.12740000,0.12750000,0.12730000,0.12730000,130999.00000000,,,,,
2022-03-04 10:10,0.1274,0.1275,0.1273,0.1274,165460.0,0.12740000,0.12750000,0.12730000,0.12740000,286048.00000000,0.12734,0.12734,0.12734,0.12734,100.0
2022-03-04 10:11,0.1275,0.1277,0.1275,0.1277,118893.1,0.12750000,0.12770000,0.12750000,0.12770000,316116.00000000,0.12752,0.12752,0.12752,0.12752,12.4031553
2022-03-04 10:12,0.1277,0.1278,0.1276,0.1278,22536.4,0.12770000,0.12780000,0.12770000,0.12770000,154863.00000000,0.12771,0.12778,0.12771,0.12778,173.29681042
2022-03-04 10:13,0.1276,0.1278,0.1276,0.1277,9521.9,0.12770000,0.12780000,0.12770000,0.12780000,408985.00000000,0.12777,0.12777,0.12777,0.12777,200.0
2022-03-04 10:14,0.1277,0.128,0.1277,0.128,28833.7,0.12780000,0.12800000,0.12770000,0.12790000,376099.00000000,,,,,
2022-03-04 10:15,0.128,0.128,0.1277,0.1278,113061.7,0.12790000,0.12800000,0.12770000,0.12770000,348632.00000000,0.12792,0.12792,0.12782,0.12782,29583.17360651
2022-03-04 10:16,0.1277,0.1278,0.1277,0.1277,50456.3,0.12770000,0.12780000,0.12760000,0.12780000,294905.00000000,0.12778,0.12778,0.12778,0.12778,200.0
2022-03-04 10:17,0.1278,0.1279,0.1277,0.1278,44244.5,0.12780000,0.12790000,0.12770000,0.12780000,154701.00000000,0.12786,0.12786,0.12786,0.12786,50.0
2022-03-04 10:18,0.1278,0.1279,0.1277,0.1278,44417.8,0.12780000,0.12790000,0.12770000,0.12770000,149116.00000000,,,,,
2022-03-04 10:19,0.1278,0.1279,0.1278,0.1279,47713.5,0.12780000,0.12790000,0.12770000,0.12790000,132836.00000000,0.12778,0.12801,0.12778,0.12801,450.0
2022-03-04 10:20,0.1279,0.1281,0.1278,0.1278,584257.1,0.12800000,0.12810000,0.12780000,0.12790000,2959438.00000000,0.12797,0.12811,0.12797,0.12802,74790.0362959
2022-03-04 10:21,0.128,0.1281,0.1279,0.128,42244.8,0.12800000,0.12810000,0.12790000,0.12790000,139538.00000000,,,,,
2022-03-04 10:22,0.128,0.128,0.1277,0.1277,325413.8,0.12800000,0.12800000,0.12760000,0.12760000,1051480.00000000,0.12784,0.12784,0.12777,0.12781,16396.68059757
2022-03-04 10:23,0.1276,0.1277,0.1276,0.1277,37691.1,0.12760000,0.12770000,0.12750000,0.12770000,203483.00000000,0.1277,0.1277,0.1277,0.1277,7972.19647516
2022-03-04 10:24,0.1277,0.1277,0.1276,0.1276,126545.2,0.12760000,0.12770000,0.12760000,0.12770000,116944.00000000,,,,,
2022-03-04 10:25,0.1278,0.1278,0.1277,0.1277,4282.0,0.12770000,0.12780000,0.12770000,0.12780000,158099.00000000,0.12787,0.12787,0.12787,0.12787,396.66103474
2022-03-04 10:26,0.1278,0.1278,0.1276,0.1278,42745.8,0.12770000,0.12780000,0.12760000,0.12770000,167256.00000000,,,,,
2022-03-04 10:27,0.1278,0.1278,0.1277,0.1278,2663.0,0.12770000,0.12780000,0.12770000,0.12770000,8555.00000000,,,,,
2022-03-04 10:28,0.1278,0.1279,0.1277,0.1277,16030.8,0.12770000,0.12780000,0.12770000,0.12780000,313447.00000000,,,,,
2022-03-04 10:29,0.1278,0.1279,0.1278,0.1278,25932.4,0.12770000,0.12780000,0.12770000,0.12770000,107253.00000000,,,,,
2022-03-04 10:30,0.1278,0.1278,0.1277,0.1278,14962.5,0.12770000,0.12780000,0.12770000,0.12780000,151690.00000000,0.12787,0.12787,0.12787,0.12787,100.0
2022-03-04 10:31,0.1278,0.1278,0.1277,0.1278,2079.9,0.12780000,0.12780000,0.12770000,0.12780000,41117.00000000,,,,,
2022-03-04 10:32,0.1277,0.1278,0.1276,0.1278,27161.2,0.12780000,0.12780000,0.12760000,0.12780000,173805.00000000,,,,,
2022-03-04 10:33,0.1278,0.128,0.1277,0.128,112846.4,0.12770000,0.12800000,0.12770000,0.12800000,368327.00000000,0.12809,0.12809,0.12809,0.12809,50.0
2022-03-04 10:34,0.128,0.128,0.1278,0.1279,35970.0,0.12790000,0.12790000,0.12780000,0.12790000,14163.00000000,0.12787,0.12787,0.12787,0.12787,14.71897031
2022-03-04 10:35,0.1279,0.1279,0.1278,0.1279,14668.2,0.12780000,0.12790000,0.12770000,0.12790000,133794.00000000,,,,,
2022-03-04 10:36,0.1279,0.128,0.1278,0.128,44207.3,0.12790000,0.12800000,0.12780000,0.12800000,113392.00000000,0.12798,0.12798,0.12798,0.12798,103.7953493
2022-03-04 10:37,0.128,0.1281,0.128,0.128,4865.8,0.12790000,0.12810000,0.12790000,0.12810000,226173.00000000,0.1281,0.1281,0.1281,0.1281,3552.7679443
2022-03-04 10:38,0.1281,0.1281,0.128,0.1281,19262.2,0.12810000,0.12810000,0.12790000,0.12810000,296721.00000000,0.1281,0.1281,0.1281,0.1281,900.0
2022-03-04 10:39,0.1281,0.1281,0.128,0.128,10758.3,0.12810000,0.12810000,0.12800000,0.12800000,285343.00000000,0.1281,0.12815,0.1281,0.12815,28988.84608614
2022-03-04 10:40,0.1281,0.1281,0.1279,0.128,50181.5,0.12800000,0.12810000,0.12800000,0.12810000,152087.00000000,0.12814,0.12815,0.12814,0.12815,310.0
2022-03-04 10:41,0.1281,0.1281,0.1279,0.1281,40935.4,0.12800000,0.12810000,0.12790000,0.12810000,151671.00000000,,,,,
2022-03-04 10:42,0.1281,0.1281,0.128,0.1281,145557.1,0.12800000,0.12820000,0.12800000,0.12800000,345251.00000000,0.12814,0.12826,0.12814,0.12825,7441.24590679
2022-03-04 10:43,0.128,0.1281,0.128,0.128,6225.4,0.12790000,0.12810000,0.12790000,0.12800000,47499.00000000,0.12813,0.12813,0.12813,0.12813,12.60875923
2022-03-04 10:44,0.1281,0.1281,0.128,0.1281,28950.5,0.12810000,0.12810000,0.12800000,0.12800000,84536.00000000,0.12818,0.12818,0.12818,0.12818,203.54659588
2022-03-04 10:45,0.1281,0.1281,0.1281,0.1281,19460.6,0.12810000,0.12810000,0.12800000,0.12810000,169527.00000000,,,,,
2022-03-04 10:46,0.1281,0.1281,0.128,0.1281,2810.8,0.12810000,0.12810000,0.12800000,0.12810000,29497.00000000,,,,,
2022-03-04 10:47,0.1281,0.1281,0.128,0.1281,590.9,0.12800000,0.12810000,0.12800000,0.12800000,137785.00000000,0.12815,0.12815,0.12805,0.12805,100.0
2022-03-04 10:48,0.128,0.128,0.1279,0.128,1777.4,0.12800000,0.12800000,0.12790000,0.12800000,21617.00000000,,,,,
2022-03-04 10:49,0.128,0.128,0.128,0.128,23496.6,0.12790000,0.12800000,0.12790000,0.12800000,35920.00000000,,,,,
2022-03-04 10:50,0.128,0.128,0.1279,0.128,90649.1,0.12790000,0.12800000,0.12790000,0.12800000,8057.00000000,,,,,
2022-03-04 10:51,0.128,0.1281,0.1279,0.1281,16124.8,0.12800000,0.12810000,0.12790000,0.12800000,350120.00000000,0.12811,0.12814,0.12811,0.12814,20010.65882592
2022-03-04 10:52,0.1281,0.1281,0.128,0.1281,47808.1,0.12810000,0.12810000,0.12790000,0.12800000,79635.00000000,,,,,
2022-03-04 10:53,0.1281,0.1281,0.128,0.128,20333.3,0.12800000,0.12810000,0.12800000,0.12810000,10422.00000000,,,,,
2022-03-04 10:54,0.128,0.128,0.1279,0.128,37664.7,0.12800000,0.12800000,0.12790000,0.12790000,101354.00000000,0.12804,0.12804,0.12804,0.12804,3190.7867
2022-03-04 10:55,0.1279,0.1279,0.1276,0.1277,29257.7,0.12790000,0.12800000,0.12760000,0.12770000,1584748.00000000,0.12797,0.12797,0.12778,0.12778,12163.6771547
2022-03-04 10:56,0.1276,0.1277,0.1276,0.1277,18651.5,0.12770000,0.12770000,0.12760000,0.12760000,1871.00000000,,,,,
2022-03-04 10:57,0.1277,0.1277,0.1276,0.1276,68015.8,0.12770000,0.12770000,0.12760000,0.12760000,12131.00000000,0.12781,0.12781,0.12781,0.12781,1060.0
2022-03-04 10:58,0.1277,0.1277,0.1276,0.1277,38996.4,0.12770000,0.12770000,0.12760000,0.12770000,1026009.00000000,0.12778,0.12778,0.12763,0.12777,3467.0
2022-03-04 10:59,0.1277,0.1277,0.1275,0.1276,154887.2,0.12770000,0.12770000,0.12760000,0.12770000,82447.00000000,0.12774,0.12774,0.12774,0.12774,50.0
2022-03-04 11:00,0.1277,0.1278,0.1277,0.1278,71623.3,0.12770000,0.12780000,0.12760000,0.12770000,941942.00000000,0.1278,0.12781,0.12777,0.12777,4442.49451428
2022-03-04 11:01,0.1277,0.1277,0.1275,0.1276,72040.8,0.12770000,0.12780000,0.12750000,0.12760000,199171.00000000,0.12781,0.12781,0.12769,0.12769,7109.03827686
2022-03-04 11:02,0.1276,0.1277,0.1275,0.1275,9040.0,0.12770000,0.12770000,0.12740000,0.12740000,101755.00000000,0.12768,0.12768,0.12751,0.12751,58.80862976
2022-03-04 11:03,0.1274,0.1276,0.1274,0.1275,1248.1,0.12750000,0.12760000,0.12740000,0.12750000,87944.00000000,0.12749,0.12767,0.12749,0.12757,124.60783465
2022-03-04 11:04,0.1277,0.128,0.1277,0.128,61478.7,0.12760000,0.12790000,0.12750000,0.12780000,328321.00000000,0.12772,0.12794,0.12772,0.12794,13197.558058
2022-03-04 11:05,0.128,0.128,0.1279,0.1279,139415.0,0.12790000,0.12810000,0.12790000,0.12790000,336093.00000000,,,,,
2022-03-04 11:06,0.1279,0.128,0.1278,0.1278,20825.9,0.12800000,0.12800000,0.12790000,0.12790000,155877.00000000,0.12805,0.12805,0.12805,0.12805,100.0
2022-03-04 11:07,0.1279,0.1279,0.1278,0.1278,4685.9,0.12790000,0.12790000,0.12780000,0.12780000,17777.00000000,,,,,
2022-03-04 11:08,0.1279,0.1279,0.1278,0.1278,6416.2,0.12790000,0.12790000,0.12780000,0.12790000,136729.00000000,0.12794,0.12794,0.12794,0.12794,14.84340717
2022-03-04 11:09,0.1279,0.1279,0.1277,0.1278,33982.2,0.12780000,0.12790000,0.12780000,0.12780000,183451.00000000,0.12798,0.12798,0.12798,0.12798,43.61641343
2022-03-04 11:10,0.1279,0.128,0.1277,0.128,7360.1,0.12790000,0.12790000,0.12770000,0.12780000,529169.00000000,,,,,
2022-03-04 11:11,0.1279,0.1279,0.1278,0.1279,973.0,0.12780000,0.12790000,0.12780000,0.12790000,38276.00000000,0.128,0.128,0.128,0.128,203.84866275
2022-03-04 11:12,0.1279,0.128,0.1278,0.1279,3769.3,0.12790000,0.12790000,0.12780000,0.12780000,29590.00000000,,,,,
2022-03-04 11:13,0.1279,0.128,0.1279,0.1279,1158.4,0.12780000,0.12790000,0.12780000,0.12790000,3783.00000000,0.12801,0.12803,0.12801,0.12803,2500.0
2022-03-04 11:14,0.1279,0.128,0.1279,0.128,259493.4,0.12780000,0.12790000,0.12780000,0.12780000,107185.00000000,,,,,
2022-03-04 11:15,0.128,0.1281,0.1279,0.128,189155.9,0.12780000,0.12810000,0.12780000,0.12800000,307923.00000000,0.12813,0.12813,0.12813,0.12813,11.54979815
2022-03-04 11:16,0.128,0.1281,0.128,0.1281,11360.6,0.12800000,0.12800000,0.12790000,0.12790000,13853.00000000,,,,,
2022-03-04 11:17,0.1281,0.1281,0.128,0.128,1526.2,0.12800000,0.12800000,0.12790000,0.12790000,123281.00000000,0.12803,0.12803,0.12803,0.12803,86.2862171
2022-03-04 11:18,0.1281,0.1282,0.128,0.1281,130338.1,0.12790000,0.12810000,0.12790000,0.12810000,133607.00000000,,,,,
2022-03-04 11:19,0.1282,0.1282,0.1281,0.1282,3831.1,0.12800000,0.12810000,0.12800000,0.12810000,121669.00000000,0.1282,0.1282,0.1282,0.1282,50.0
2022-03-04 11:20,0.1282,0.1282,0.128,0.1281,33159.6,0.12810000,0.12810000,0.12790000,0.12800000,285048.00000000,0.12802,0.12802,0.12802,0.12802,9.74870789
2022-03-04 11:21,0.1281,0.1281,0.128,0.128,3842.5,0.12800000,0.12800000,0.12790000,0.12790000,60210.00000000,,,,,
2022-03-04 11:22,0.1281,0.1281,0.1279,0.128,53677.1,0.12800000,0.12800000,0.12780000,0.12780000,124703.00000000,0.12812,0.12812,0.12803,0.12803,64.46671323
2022-03-04 11:23,0.1279,0.1282,0.1279,0.1282,107150.7,0.12790000,0.12810000,0.12780000,0.12810000,144597.00000000,,,,,
2022-03-04 11:24,0.1282,0.1282,0.128,0.1282,3566.7,0.12810000,0.12820000,0.12810000,0.12810000,160704.00000000,0.12819,0.12819,0.12819,0.12819,3784.93471473
2022-03-04 11:25,0.1282,0.1283,0.1281,0.1282,28514.4,0.12810000,0.12820000,0.12800000,0.12810000,290974.00000000,,,,,
2022-03-04 11:26,0.1281,0.1282,0.128,0.1281,21831.7,0.12810000,0.12810000,0.12800000,0.12800000,30502.00000000,,,,,
2022-03-04 11:27,0.1281,0.1281,0.128,0.128,16423.5,0.12800000,0.12810000,0.12800000,0.12810000,8802.00000000,,,,,
2022-03-04 11:28,0.1281,0.1281,0.1281,0.1281,688.3,0.12810000,0.12810000,0.12800000,0.12800000,68686.00000000,,,,,
2022-03-04 11:29,0.1281,0.1282,0.128,0.1281,19577.5,0.12810000,0.12820000,0.12800000,0.12820000,133303.00000000,,,,,
2022-03-04 11:30,0.1282,0.1282,0.1281,0.1282,35140.0,0.12820000,0.12820000,0.12810000,0.12820000,68382.00000000,0.12826,0.12828,0.12817,0.12817,2413.87810942
2022-03-04 11:31,0.1282,0.1283,0.128,0.1282,24714.6,0.12810000,0.12820000,0.12800000,0.12810000,184933.00000000,0.12826,0.12833,0.12823,0.12823,200.0
2022-03-04 11:32,0.128,0.1282,0.1279,0.1281,10309.1,0.12810000,0.12810000,0.12790000,0.12810000,252094.00000000,0.1281,0.1281,0.1281,0.1281,3210.88179813
2022-03-04 11:33,0.1282,0.1282,0.1281,0.1282,26641.9,0.12800000,0.12820000,0.12800000,0.12810000,138551.00000000,0.12829,0.12833,0.12829,0.12833,100.0
2022-03-04 11:34,0.1283,0.1283,0.1281,0.1282,9848.6,0.12820000,0.12820000,0.12810000,0.12810000,359240.00000000,0.12816,0.12816,0.12816,0.12816,12.24627771
2022-03-04 11:35,0.1282,0.1283,0.128,0.1281,25851.0,0.12810000,0.12810000,0.12800000,0.12800000,67551.00000000,0.1282,0.1282,0.1282,0.1282,100.0
2022-03-04 11:36,0.1281,0.1282,0.128,0.128,1609.9,0.12800000,0.12810000,0.12800000,0.12800000,46914.00000000,,,,,
2022-03-04 11:37,0.1281,0.1282,0.128,0.128,37882.9,0.12800000,0.12810000,0.12790000,0.12800000,478630.00000000,,,,,
2022-03-04 11:38,0.1281,0.1281,0.128,0.1281,8607.3,0.12800000,0.12800000,0.12790000,0.12790000,199922.00000000,0.12803,0.12803,0.12803,0.12803,11.48998442
2022-03-04 11:39,0.1281,0.1281,0.128,0.1281,5271.0,0.12800000,0.12800000,0.12790000,0.12790000,66415.00000000,,,,,
2022-03-04 11:40,0.128,0.1281,0.128,0.128,6662.7,0.12800000,0.12810000,0.12790000,0.12800000,73639.00000000,,,,,
2022-03-04 11:41,0.128,0.1282,0.128,0.1281,29589.3,0.12800000,0.12810000,0.12790000,0.12800000,120497.00000000,,,,,
2022-03-04 11:42,0.1282,0.1282,0.1281,0.1281,3215.7,0.12810000,0.12820000,0.12800000,0.12820000,105637.00000000,0.12815,0.12815,0.12815,0.12815,15.5393658
2022-03-04 11:43,0.1282,0.1282,0.1281,0.1282,8075.5,0.12820000,0.12820000,0.12810000,0.12820000,24049.00000000,,,,,
2022-03-04 11:44,0.1283,0.1283,0.1278,0.1278,73697.8,0.12820000,0.12820000,0.12790000,0.12790000,366656.00000000,0.12819,0.12819,0.12806,0.12806,33677.81345151
2022-03-04 11:45,0.1279,0.128,0.1278,0.128,25402.5,0.12790000,0.12800000,0.12780000,0.12800000,260041.00000000,0.12801,0.12801,0.12799,0.12799,5411.8122971
2022-03-04 11:46,0.1279,0.1281,0.1279,0.1281,64752.2,0.12790000,0.12800000,0.12790000,0.12790000,184850.00000000,0.12807,0.12807,0.12799,0.12799,251.60922019
2022-03-04 11:47,0.128,0.1281,0.128,0.128,120.0,0.12800000,0.12800000,0.12790000,0.12800000,93802.00000000,0.12811,0.12811,0.12811,0.12811,20.35942529
2022-03-04 11:48,0.1281,0.1282,0.128,0.1282,22645.3,0.12800000,0.12810000,0.12790000,0.12810000,34636.00000000,,,,,
2022-03-04 11:49,0.1283,0.1283,0.1282,0.1282,3800.9,0.12820000,0.12830000,0.12810000,0.12820000,127039.00000000,0.12827,0.12839,0.12827,0.12839,3366.04032181
2022-03-04 11:50,0.1283,0.1283,0.1282,0.1283,1779.4,0.12820000,0.12830000,0.12820000,0.12830000,232435.00000000,,,,,
2022-03-04 11:51,0.1284,0.1284,0.1282,0.1283,38514.3,0.12830000,0.12830000,0.12820000,0.12830000,14020.00000000,,,,,
2022-03-04 11:52,0.1284,0.1284,0.1283,0.1284,466.1,0.12820000,0.12830000,0.12820000,0.12830000,63597.00000000,,,,,
2022-03-04 11:53,0.1284,0.1286,0.1284,0.1286,15449.6,0.12830000,0.12860000,0.12830000,0.12850000,646254.00000000,0.12853,0.1287,0.12853,0.12856,3724.8026252500003
2022-03-04 11:54,0.1286,0.1286,0.1284,0.1285,13024.5,0.12850000,0.12860000,0.12840000,0.12850000,503867.00000000,0.12868,0.12868,0.1286,0.1286,162.20271064
2022-03-04 11:55,0.1285,0.1285,0.1283,0.1285,60135.1,0.12850000,0.12850000,0.12830000,0.12840000,296210.00000000,0.12843,0.12851,0.12843,0.12848,45.036496910000004
2022-03-04 11:56,0.1284,0.1285,0.1283,0.1284,19985.4,0.12840000,0.12850000,0.12820000,0.12840000,218824.00000000,0.12841,0.12841,0.12841,0.12841,4278.30770035
2022-03-04 11:57,0.1283,0.1284,0.1283,0.1284,15516.1,0.12840000,0.12840000,0.12830000,0.12840000,29366.00000000,0.12847,0.12847,0.12847,0.12847,500.0
2022-03-04 11:58,0.1284,0.1284,0.1279,0.128,275061.8,0.12830000,0.12840000,0.12790000,0.12800000,594419.00000000,0.12846,0.12846,0.12808,0.12816,15125.55576946
2022-03-04 11:59,0.1281,0.1281,0.1278,0.128,49761.7,0.12800000,0.12810000,0.12780000,0.12800000,393258.00000000,0.12816,0.12816,0.12789,0.12796,17039.74855041
2022-03-04 12:00,0.128,0.1282,0.128,0.1281,11643.8,0.12790000,0.12810000,0.12790000,0.12800000,453239.00000000,0.12817,0.12817,0.128,0.128,1758.57558921
2022-03-04 12:01,0.1281,0.1281,0.128,0.128,40328.0,0.12800000,0.12800000,0.12790000,0.12800000,151607.00000000,0.12803,0.12803,0.12803,0.12803,500.0
2022-03-04 12:02,0.128,0.1281,0.128,0.128,1685.3,0.12800000,0.12800000,0.12790000,0.12790000,123638.00000000,,,,,
2022-03-04 12:03,0.128,0.1281,0.1279,0.128,46094.4,0.12790000,0.12800000,0.12780000,0.12790000,246433.00000000,0.12801,0.12804,0.12788,0.12804,900.0
2022-03-04 12:04,0.128,0.1281,0.1279,0.128,11488.6,0.12790000,0.12810000,0.12790000,0.12810000,57808.00000000,0.1282,0.1282,0.12819,0.12819,440.28399529
2022-03-04 12:05,0.128,0.1281,0.128,0.128,4931.0,0.12810000,0.12810000,0.12800000,0.12810000,140482.00000000,0.12819,0.12823,0.12819,0.12823,72.68392072
2022-03-04 12:06,0.128,0.1281,0.1279,0.128,7467.9,0.12800000,0.12800000,0.12790000,0.12800000,455193.00000000,0.12812,0.12812,0.12812,0.12812,10.96941863
2022-03-04 12:07,0.128,0.128,0.1278,0.1278,4907.6,0.12790000,0.12800000,0.12770000,0.12770000,430818.00000000,0.12802,0.12802,0.12793,0.12793,26.20487545
2022-03-04 12:08,0.1278,0.1278,0.1275,0.1275,4817.7,0.12770000,0.12770000,0.12750000,0.12750000,211649.00000000,0.12784,0.12784,0.12759,0.12759,2370.03608183
2022-03-04 12:09,0.1276,0.1277,0.1274,0.1274,87739.8,0.12750000,0.12750000,0.12730000,0.12730000,398709.00000000,0.12759,0.12759,0.12743,0.12743,902.91841717
2022-03-04 12:10,0.1273,0.1275,0.1273,0.1274,12538.6,0.12740000,0.12740000,0.12730000,0.12730000,243225.00000000,0.12743,0.12743,0.12743,0.12743,100.0
2022-03-04 12:11,0.1274,0.1275,0.1273,0.1273,28688.3,0.12730000,0.12750000,0.12730000,0.12730000,192267.00000000,0.12744,0.12758,0.12743,0.12743,1542.32470217
2022-03-04 12:12,0.1273,0.1275,0.1273,0.1274,89202.6,0.12720000,0.12740000,0.12720000,0.12730000,334083.00000000,0.12733,0.12744,0.12729,0.12742,4221.0
2022-03-04 12:13,0.1274,0.1275,0.1273,0.1274,28658.4,0.12720000,0.12740000,0.12720000,0.12730000,244447.00000000,0.12732,0.12745,0.12732,0.12745,565.46391839
2022-03-04 12:14,0.1274,0.1275,0.1274,0.1275,29561.5,0.12730000,0.12750000,0.12730000,0.12750000,427990.00000000,0.12744,0.12753,0.12744,0.12753,708.00022364
2022-03-04 12:15,0.1274,0.1276,0.1274,0.1275,10550.9,0.12750000,0.12750000,0.12740000,0.12740000,208451.00000000,,,,,
2022-03-04 12:16,0.1275,0.1275,0.1274,0.1275,8662.2,0.12740000,0.12750000,0.12730000,0.12740000,305188.00000000,,,,,
2022-03-04 12:17,0.1276,0.1277,0.1275,0.1277,18984.6,0.12740000,0.12760000,0.12740000,0.12760000,273223.00000000,0.12769,0.12769,0.12769,0.12769,200.0
2022-03-04 12:18,0.1275,0.1276,0.1275,0.1276,13641.3,0.12760000,0.12760000,0.12750000,0.12760000,193889.00000000,,,,,
2022-03-04 12:19,0.1275,0.1278,0.1275,0.1276,22596.8,0.12760000,0.12780000,0.12750000,0.12770000,354719.00000000,0.12778,0.12781,0.12778,0.12781,250.0
2022-03-04 12:20,0.1277,0.1277,0.1276,0.1276,2648.4,0.12770000,0.12770000,0.12750000,0.12770000,120014.00000000,0.12768,0.12781,0.12768,0.12781,24.7348733
2022-03-04 12:21,0.1277,0.1278,0.1275,0.1276,21708.2,0.12770000,0.12770000,0.12750000,0.12750000,85661.00000000,0.12763,0.12763,0.12763,0.12763,14.70984676
2022-03-04 12:22,0.1275,0.1276,0.1274,0.1275,108311.0,0.12760000,0.12760000,0.12730000,0.12740000,411079.00000000,0.12769,0.12769,0.12758,0.12758,64.19218495
2022-03-04 12:23,0.1274,0.1275,0.1273,0.1274,57730.5,0.12740000,0.12740000,0.12720000,0.12730000,624933.00000000,0.12744,0.12744,0.12744,0.12744,14.3910712
2022-03-04 12:24,0.1273,0.1275,0.1273,0.1275,6179.3,0.12730000,0.12740000,0.12730000,0.12740000,28150.00000000,,,,,
2022-03-04 12:25,0.1274,0.1275,0.1271,0.1271,119126.5,0.12740000,0.12740000,0.12710000,0.12710000,870622.00000000,0.12741,0.12741,0.12709,0.12709,36761.6208425
2022-03-04 12:26,0.1272,0.1273,0.1271,0.1271,29648.1,0.12710000,0.12720000,0.12710000,0.12720000,369920.00000000,0.12718,0.12719,0.12718,0.12719,150.0
2022-03-04 12:27,0.1272,0.1272,0.1271,0.1272,44952.8,0.12720000,0.12730000,0.12700000,0.12730000,548218.00000000,0.12723,0.12725,0.12716,0.12725,15104.308253969999
2022-03-04 12:28,0.1273,0.1274,0.1272,0.1272,25499.0,0.12730000,0.12740000,0.12710000,0.12730000,220079.00000000,0.12735,0.12735,0.12734,0.12734,162.54513655
2022-03-04 12:29,0.1274,0.1274,0.1273,0.1273,16825.6,0.12730000,0.12740000,0.12720000,0.12730000,259063.00000000,0.12737,0.12742,0.12726,0.12726,419.98464294
2022-03-04 12:30,0.1272,0.1274,0.1271,0.1271,31206.3,0.12730000,0.12740000,0.12700000,0.12710000,1462533.00000000,0.12736,0.12736,0.12729,0.12729,540.615779
2022-03-04 12:31,0.1272,0.1272,0.127,0.1271,13260.9,0.12710000,0.12720000,0.12700000,0.12700000,125203.00000000,0.12718,0.12718,0.12718,0.12718,4312.88624636
2022-03-04 12:32,0.1271,0.1271,0.1268,0.1268,10947.4,0.12700000,0.12710000,0.12680000,0.12680000,838544.00000000,0.12716,0.12716,0.1268,0.1269,52160.85480063
2022-03-04 12:33,0.1267,0.127,0.1267,0.127,28698.9,0.12680000,0.12690000,0.12660000,0.12680000,500019.00000000,0.12693,0.12693,0.12673,0.12684,5621.33310855
2022-03-04 12:34,0.127,0.1271,0.1269,0.1269,2452.7,0.12680000,0.12710000,0.12680000,0.12700000,173594.00000000,0.12692,0.12705,0.12692,0.12705,26.878527769999998
2022-03-04 12:35,0.127,0.1273,0.1269,0.1272,7543.8,0.12700000,0.12720000,0.12700000,0.12710000,252933.00000000,0.12718,0.12721,0.12718,0.12721,11628.561165070001
2022-03-04 12:36,0.1272,0.1275,0.1272,0.1274,170217.9,0.12720000,0.12740000,0.12720000,0.12720000,348837.00000000,0.12726,0.12741,0.12726,0.12741,11334.760211879999
2022-03-04 12:37,0.1274,0.1274,0.1273,0.1273,8363.3,0.12720000,0.12740000,0.12720000,0.12730000,48349.00000000,,,,,
2022-03-04 12:38,0.1274,0.1274,0.1273,0.1274,5379.4,0.12730000,0.12740000,0.12730000,0.12730000,71916.00000000,,,,,
2022-03-04 12:39,0.1273,0.1276,0.1273,0.1276,30427.3,0.12740000,0.12760000,0.12730000,0.12760000,813453.00000000,0.1275,0.12751,0.1275,0.12751,14950.982120820001
2022-03-04 12:40,0.1274,0.1277,0.1274,0.1276,16497.5,0.12750000,0.12770000,0.12740000,0.12770000,193717.00000000,0.12758,0.1278,0.12758,0.1278,4403.18093558
2022-03-04 12:41,0.1276,0.1277,0.1275,0.1276,3850.9,0.12760000,0.12760000,0.12750000,0.12760000,87212.00000000,0.1278,0.1278,0.12757,0.12757,4589.23303513
2022-03-04 12:42,0.1277,0.1277,0.1275,0.1276,37177.4,0.12760000,0.12770000,0.12750000,0.12750000,187314.00000000,0.12763,0.12763,0.12763,0.12763,1500.0
2022-03-04 12:43,0.1276,0.1277,0.1275,0.1276,35247.7,0.12760000,0.12770000,0.12740000,0.12750000,372759.00000000,0.12769,0.12769,0.12768,0.12768,6268.0
2022-03-04 12:44,0.1277,0.1277,0.1275,0.1277,54302.6,0.12750000,0.12770000,0.12750000,0.12770000,623762.00000000,0.12772,0.12772,0.12772,0.12772,100.0
2022-03-04 12:45,0.1278,0.1278,0.1278,0.1278,1575.3,0.12770000,0.12790000,0.12760000,0.12790000,244825.00000000,0.12783,0.12783,0.12783,0.12783,8.80205442
2022-03-04 12:46,0.1278,0.128,0.1278,0.1279,78078.6,0.12790000,0.12800000,0.12770000,0.12780000,492231.00000000,0.12787,0.12787,0.12783,0.12783,1250.0
2022-03-04 12:47,0.1279,0.1279,0.1277,0.1277,45813.8,0.12780000,0.12790000,0.12760000,0.12770000,135739.00000000,,,,,
2022-03-04 12:48,0.1277,0.1277,0.1276,0.1276,34497.2,0.12770000,0.12770000,0.12750000,0.12760000,140200.00000000,0.12768,0.1277,0.12761,0.12761,68.07294462
2022-03-04 12:49,0.1277,0.1277,0.1275,0.1275,3691.8,0.12760000,0.12770000,0.12750000,0.12760000,90610.00000000,0.12771,0.12771,0.12769,0.12769,1473.44349302
2022-03-04 12:50,0.1275,0.1276,0.1273,0.1274,58144.8,0.12750000,0.12760000,0.12720000,0.12740000,557025.00000000,0.12758,0.12758,0.12743,0.12747,2431.90113205
2022-03-04 12:51,0.1275,0.1276,0.1274,0.1275,19950.5,0.12750000,0.12750000,0.12740000,0.12740000,99458.00000000,0.12748,0.12748,0.12748,0.12748,10.86458168
2022-03-04 12:52,0.1274,0.1275,0.1272,0.1274,12950.9,0.12750000,0.12750000,0.12730000,0.12730000,435901.00000000,0.12742,0.12742,0.12734,0.12739,4514.311103919999
2022-03-04 12:53,0.1274,0.1274,0.1273,0.1274,5932.4,0.12740000,0.12740000,0.12720000,0.12720000,43373.00000000,,,,,
2022-03-04 12:54,0.1273,0.1274,0.1272,0.1274,17342.7,0.12730000,0.12730000,0.12720000,0.12730000,144474.00000000,0.12736,0.12736,0.12736,0.12736,1572.77960825
2022-03-04 12:55,0.1275,0.1275,0.1274,0.1274,29467.2,0.12740000,0.12760000,0.12730000,0.12740000,277917.00000000,0.12742,0.12752,0.12742,0.12752,715.2965300000001
2022-03-04 12:56,0.1275,0.1275,0.127,0.1271,26773.5,0.12740000,0.12740000,0.12700000,0.12710000,308269.00000000,0.12746,0.12746,0.12724,0.12724,7980.2433508
2022-03-04 12:57,0.1273,0.1273,0.1271,0.1272,8068.7,0.12720000,0.12730000,0.12710000,0.12710000,92137.00000000,0.12723,0.12723,0.12723,0.12723,50.0
2022-03-04 12:58,0.1273,0.1273,0.1271,0.1272,37896.8,0.12710000,0.12720000,0.12710000,0.12710000,270643.00000000,0.12714,0.12714,0.12714,0.12714,250.0
2022-03-04 12:59,0.1271,0.1275,0.1271,0.1274,22069.0,0.12710000,0.12750000,0.12700000,0.12740000,270667.00000000,0.12722,0.12749,0.12722,0.12749,26.41977465
2022-03-04 13:00,0.1275,0.1277,0.1274,0.1275,19202.0,0.12740000,0.12770000,0.12730000,0.12760000,294352.00000000,0.12768,0.12768,0.12758,0.12758,24.91893894
2022-03-04 13:01,0.1276,0.1276,0.1272,0.1273,42196.8,0.12760000,0.12760000,0.12710000,0.12730000,322545.00000000,0.12739,0.12739,0.12739,0.12739,15.92209537
2022-03-04 13:02,0.1273,0.1273,0.1271,0.1273,23118.6,0.12720000,0.12730000,0.12710000,0.12730000,224350.00000000,0.12731,0.12731,0.12731,0.12731,10.11659982
2022-03-04 13:03,0.1272,0.1274,0.1272,0.1273,8065.5,0.12730000,0.12740000,0.12720000,0.12730000,163593.00000000,0.12746,0.12746,0.12726,0.12726,2180.85610724
2022-03-04 13:04,0.1273,0.1274,0.1271,0.1274,9976.6,0.12730000,0.12730000,0.12720000,0.12720000,5645.00000000,,,,,
2022-03-04 13:05,0.1272,0.1274,0.1272,0.1272,45055.1,0.12720000,0.12730000,0.12720000,0.12720000,568498.00000000,,,,,
2022-03-04 13:06,0.1273,0.1274,0.1273,0.1273,16499.7,0.12720000,0.12740000,0.12720000,0.12740000,79125.00000000,0.12748,0.1275,0.12736,0.12736,3015.08925432
2022-03-04 13:07,0.1273,0.1275,0.1273,0.1274,11138.8,0.12730000,0.12750000,0.12730000,0.12740000,167392.00000000,0.12748,0.12759,0.12748,0.12759,325.0
2022-03-04 13:08,0.1274,0.1276,0.1273,0.1274,12661.0,0.12740000,0.12760000,0.12730000,0.12730000,387073.00000000,,,,,
2022-03-04 13:09,0.1273,0.1274,0.1272,0.1272,25385.8,0.12730000,0.12740000,0.12730000,0.12740000,24050.00000000,0.1275,0.1275,0.12742,0.12742,563.96952017
2022-03-04 13:10,0.1273,0.1275,0.1273,0.1274,10920.4,0.12740000,0.12750000,0.12730000,0.12740000,321601.00000000,,,,,
2022-03-04 13:11,0.1274,0.1276,0.1273,0.1276,60055.0,0.12740000,0.12760000,0.12730000,0.12760000,311121.00000000,0.12756,0.12756,0.12756,0.12756,11.81024676
2022-03-04 13:12,0.1275,0.1276,0.1275,0.1275,10577.3,0.12760000,0.12760000,0.12750000,0.12750000,94525.00000000,,,,,
2022-03-04 13:13,0.1274,0.1275,0.1274,0.1274,1434.4,0.12750000,0.12750000,0.12740000,0.12740000,319459.00000000,,,,,
2022-03-04 13:14,0.1274,0.1274,0.1271,0.1271,8595.8,0.12740000,0.12740000,0.12710000,0.12710000,151994.00000000,0.1274,0.1274,0.12731,0.12733,3530.54940751
2022-03-04 13:15,0.1273,0.1277,0.1272,0.1276,56295.6,0.12710000,0.12760000,0.12710000,0.12740000,224034.00000000,0.12731,0.12762,0.12731,0.12751,1240.72681051
2022-03-04 13:16,0.1275,0.1275,0.1273,0.1275,4390.6,0.12740000,0.12750000,0.12730000,0.12740000,178343.00000000,0.12759,0.12759,0.12738,0.12738,1129.1915043899999
2022-03-04 13:17,0.1273,0.1275,0.1273,0.1274,4271.8,0.12740000,0.12740000,0.12730000,0.12730000,33515.00000000,0.12738,0.12738,0.12738,0.12738,150.0
2022-03-04 13:18,0.1273,0.1274,0.1272,0.1274,26151.5,0.12720000,0.12740000,0.12720000,0.12740000,144251.00000000,0.12741,0.12741,0.1273,0.12731,416.36377914
2022-03-04 13:19,0.1274,0.1274,0.1272,0.1272,22126.6,0.12730000,0.12740000,0.12720000,0.12720000,103711.00000000,,,,,
2022-03-04 13:20,0.1273,0.1274,0.1272,0.1273,8515.3,0.12730000,0.12740000,0.12720000,0.12740000,328216.00000000,,,,,
2022-03-04 13:21,0.1274,0.1274,0.1273,0.1274,12032.5,0.12730000,0.12740000,0.12730000,0.12740000,61593.00000000,,,,,
2022-03-04 13:22,0.1276,0.1276,0.1274,0.1275,2009.4,0.12740000,0.12750000,0.12730000,0.12740000,166996.00000000,0.12746,0.12746,0.12746,0.12746,13.79317165
2022-03-04 13:23,0.1274,0.1276,0.1273,0.1275,25673.8,0.12740000,0.12750000,0.12730000,0.12750000,323224.00000000,,,,,
2022-03-04 13:24,0.1276,0.1276,0.1274,0.1274,54283.7,0.12750000,0.12760000,0.12730000,0.12730000,253705.00000000,0.12756,0.12756,0.12745,0.12745,5010.45484109
2022-03-04 13:25,0.1274,0.1276,0.1273,0.1276,76169.6,0.12730000,0.12750000,0.12730000,0.12750000,47519.00000000,,,,,
2022-03-04 13:26,0.1274,0.1277,0.1274,0.1276,59152.9,0.12740000,0.12770000,0.12740000,0.12770000,486457.00000000,0.12757,0.1277,0.12757,0.1277,27.58863363
2022-03-04 13:27,0.1276,0.1278,0.1276,0.1278,4828.3,0.12770000,0.12770000,0.12760000,0.12770000,14475.00000000,0.12775,0.12775,0.12769,0.12769,161.40124259
2022-03-04 13:28,0.1278,0.1278,0.1278,0.1278,9027.3,0.12770000,0.12780000,0.12760000,0.12780000,13652.00000000,,,,,
2022-03-04 13:29,0.1277,0.1279,0.1277,0.1279,7653.6,0.12780000,0.12780000,0.12770000,0.12780000,35765.00000000,0.12787,0.12787,0.12787,0.12787,50.0
2022-03-04 13:30,0.1279,0.1284,0.1279,0.1283,299170.8,0.12780000,0.12830000,0.12780000,0.12830000,2249409.00000000,0.12804,0.12851,0.12804,0.12835,1941.5872992
2022-03-04 13:31,0.1284,0.1285,0.1283,0.1284,25099.0,0.12840000,0.12840000,0.12820000,0.12830000,258282.00000000,0.12834,0.12845,0.12834,0.12836,183.2234007
2022-03-04 13:32,0.1283,0.1286,0.1283,0.1284,219569.0,0.12830000,0.12860000,0.12830000,0.12850000,1304854.00000000,0.12841,0.12878,0.12841,0.12868,23870.97149268
2022-03-04 13:33,0.1285,0.1286,0.1282,0.1282,194618.8,0.12840000,0.12850000,0.12810000,0.12820000,619955.00000000,0.12859,0.12859,0.12831,0.12831,14127.56545815
2022-03-04 13:34,0.1282,0.1284,0.1279,0.1279,49512.5,0.12820000,0.12830000,0.12780000,0.12780000,797528.00000000,0.12831,0.12831,0.12789,0.12789,17780.6530968
2022-03-04 13:35,0.1279,0.128,0.1272,0.1274,163732.7,0.12780000,0.12790000,0.12720000,0.12730000,1040691.00000000,0.12801,0.12801,0.12744,0.12749,36251.42774781
2022-03-04 13:36,0.1272,0.1276,0.1271,0.1275,89894.2,0.12730000,0.12750000,0.12700000,0.12750000,1973760.00000000,0.12735,0.12748,0.12702,0.12748,20506.873407479998
2022-03-04 13:37,0.1275,0.1278,0.1275,0.1277,63855.5,0.12750000,0.12770000,0.12750000,0.12760000,458687.00000000,0.12759,0.12773,0.12758,0.12765,16719.24083274
2022-03-04 13:38,0.1276,0.1276,0.1274,0.1276,30740.9,0.12760000,0.12760000,0.12740000,0.12750000,49481.00000000,0.12759,0.12766,0.12745,0.12757,4250.11928
2022-03-04 13:39,0.1275,0.1276,0.1274,0.1276,46521.6,0.12750000,0.12760000,0.12740000,0.12760000,387139.00000000,0.12755,0.12767,0.12755,0.12767,3216.9171236300003
2022-03-04 13:40,0.1277,0.1279,0.1277,0.1277,64446.5,0.12760000,0.12790000,0.12760000,0.12770000,271921.00000000,0.12765,0.12787,0.12765,0.12779,13071.50437878
2022-03-04 13:41,0.1278,0.1278,0.1276,0.1276,46493.6,0.12770000,0.12780000,0.12760000,0.12770000,286294.00000000,0.12778,0.12778,0.12778,0.12778,1661.12876389
2022-03-04 13:42,0.1278,0.1278,0.1275,0.1276,41529.3,0.12770000,0.12770000,0.12750000,0.12770000,325882.00000000,0.12755,0.12766,0.12755,0.12766,159.78603025
2022-03-04 13:43,0.1276,0.1277,0.1275,0.1277,59609.2,0.12760000,0.12770000,0.12750000,0.12750000,272608.00000000,,,,,
2022-03-04 13:44,0.1277,0.1277,0.1275,0.1275,1938.6,0.12760000,0.12770000,0.12760000,0.12760000,209635.00000000,0.12768,0.12768,0.12763,0.12768,11194.0
2022-03-04 13:45,0.1277,0.1278,0.1276,0.1278,45339.5,0.12750000,0.12780000,0.12750000,0.12770000,448226.00000000,0.12784,0.12784,0.12784,0.12784,847.17298
2022-03-04 13:46,0.1278,0.1278,0.1276,0.1276,34347.3,0.12770000,0.12770000,0.12750000,0.12760000,131227.00000000,0.12774,0.12774,0.12774,0.12774,750.0
2022-03-04 13:47,0.1277,0.1277,0.1275,0.1275,48745.7,0.12750000,0.12760000,0.12740000,0.12750000,268617.00000000,0.12753,0.12763,0.12751,0.12763,211.05503612
2022-03-04 13:48,0.1275,0.1276,0.1274,0.1276,37356.9,0.12740000,0.12750000,0.12740000,0.12750000,200383.00000000,,,,,
2022-03-04 13:49,0.1275,0.1276,0.1275,0.1276,5113.0,0.12750000,0.12750000,0.12750000,0.12750000,81831.00000000,0.12767,0.12767,0.12767,0.12767,500.0
2022-03-04 13:50,0.1275,0.1277,0.1275,0.1277,9901.7,0.12750000,0.12770000,0.12750000,0.12770000,235420.00000000,0.12753,0.12767,0.12753,0.12767,869.27303301
2022-03-04 13:51,0.1277,0.1277,0.1275,0.1277,45955.7,0.12760000,0.12770000,0.12750000,0.12750000,142394.00000000,,,,,
2022-03-04 13:52,0.1277,0.1277,0.1275,0.1277,14581.5,0.12760000,0.12760000,0.12750000,0.12750000,118877.00000000,,,,,
2022-03-04 13:53,0.1276,0.1277,0.1274,0.1275,38378.4,0.12750000,0.12760000,0.12730000,0.12740000,699533.00000000,0.12757,0.12757,0.12757,0.12757,9.5920945
2022-03-04 13:54,0.1274,0.1275,0.1273,0.1274,55408.4,0.12740000,0.12750000,0.12730000,0.12740000,332078.00000000,0.12737,0.12745,0.12734,0.12745,36.06181142
2022-03-04 13:55,0.1275,0.1275,0.1273,0.1274,15086.1,0.12740000,0.12750000,0.12730000,0.12740000,323143.00000000,0.1275,0.1275,0.1275,0.1275,12.93489922
2022-03-04 13:56,0.1274,0.1275,0.1272,0.1273,35804.4,0.12740000,0.12750000,0.12720000,0.12730000,578689.00000000,0.12723,0.1273,0.12723,0.1273,1108.5552434200001
2022-03-04 13:57,0.1272,0.1274,0.1272,0.1272,109510.9,0.12720000,0.12740000,0.12720000,0.12720000,193947.00000000,,,,,
2022-03-04 13:58,0.1273,0.1274,0.1273,0.1273,56824.0,0.12730000,0.12740000,0.12720000,0.12740000,230053.00000000,,,,,
2022-03-04 13:59,0.1274,0.1275,0.1273,0.1275,65374.6,0.12730000,0.12750000,0.12730000,0.12750000,150263.00000000,0.12737,0.12748,0.12737,0.12745,728.34178213
2022-03-04 14:00,0.1275,0.1275,0.1274,0.1275,16022.8,0.12750000,0.12750000,0.12740000,0.12750000,235392.00000000,0.1275,0.1275,0.12748,0.12748,300.0
2022-03-04 14:01,0.1275,0.1276,0.1274,0.1276,28014.5,0.12750000,0.12760000,0.12740000,0.12750000,162098.00000000,0.1276,0.12768,0.12759,0.12759,863.61043044
2022-03-04 14:02,0.1274,0.1277,0.1274,0.1276,31156.7,0.12740000,0.12770000,0.12740000,0.12750000,1014783.00000000,0.12755,0.12773,0.12755,0.12769,4183.26766192
2022-03-04 14:03,0.1276,0.1277,0.1276,0.1276,8882.0,0.12760000,0.12760000,0.12750000,0.12760000,23001.00000000,,,,,
2022-03-04 14:04,0.1277,0.1277,0.1275,0.1277,6550.7,0.12750000,0.12770000,0.12750000,0.12770000,31205.00000000,0.12755,0.12766,0.12755,0.12766,511.41501788
2022-03-04 14:05,0.1276,0.1278,0.1275,0.1275,93278.0,0.12770000,0.12780000,0.12750000,0.12750000,554067.00000000,0.12758,0.12761,0.12758,0.12759,2784.41765059
2022-03-04 14:06,0.1276,0.1276,0.1272,0.1274,12603.2,0.12750000,0.12750000,0.12730000,0.12730000,311036.00000000,0.12738,0.12744,0.12738,0.12742,5918.47696421
2022-03-04 14:07,0.1273,0.1273,0.127,0.127,44247.7,0.12730000,0.12730000,0.12700000,0.12710000,368860.00000000,0.1274,0.12745,0.12709,0.12709,25076.68014843
2022-03-04 14:08,0.1271,0.1271,0.1267,0.1268,179428.8,0.12700000,0.12700000,0.12680000,0.12690000,1133090.00000000,0.12713,0.12721,0.12677,0.12677,7012.7209800400005
2022-03-04 14:09,0.1269,0.127,0.1268,0.127,102685.3,0.12680000,0.12700000,0.12680000,0.12680000,363245.00000000,0.12706,0.12706,0.12695,0.12695,244.66111034
2022-03-04 14:10,0.127,0.1271,0.1269,0.1269,6764.1,0.12690000,0.12710000,0.12680000,0.12710000,365936.00000000,0.12686,0.12721,0.12686,0.127,10314.0395299
2022-03-04 14:11,0.1271,0.1271,0.1268,0.127,14830.2,0.12710000,0.12710000,0.12680000,0.12690000,375365.00000000,0.12713,0.12713,0.12706,0.12706,48.8365067
2022-03-04 14:12,0.1269,0.127,0.1268,0.1268,77764.1,0.12690000,0.12700000,0.12670000,0.12670000,1367342.00000000,0.12694,0.12694,0.12692,0.12692,15040.42357827
2022-03-04 14:13,0.1268,0.1271,0.1268,0.1269,244105.1,0.12680000,0.12700000,0.12670000,0.12690000,172991.00000000,0.12693,0.12693,0.12693,0.12693,109.16778458
2022-03-04 14:14,0.1268,0.127,0.1268,0.127,50155.4,0.12690000,0.12700000,0.12680000,0.12690000,479396.00000000,0.12689,0.12701,0.12689,0.12701,15052.78476954
2022-03-04 14:15,0.127,0.127,0.1265,0.1266,64571.8,0.12690000,0.12700000,0.12650000,0.12660000,671885.00000000,0.12691,0.12691,0.12658,0.12658,850.0
2022-03-04 14:16,0.1266,0.1267,0.1256,0.126,1209556.5,0.12660000,0.12670000,0.12560000,0.12620000,5799196.00000000,0.12665,0.12689,0.12578,0.12621,278806.0459332
2022-03-04 14:17,0.1261,0.1263,0.1258,0.1263,336972.8,0.12620000,0.12640000,0.12560000,0.12630000,3466509.00000000,0.12592,0.12636,0.12579,0.12632,32753.917683490003
2022-03-04 14:18,0.1264,0.1268,0.1264,0.1266,311157.3,0.12630000,0.12680000,0.12630000,0.12660000,1966374.00000000,0.12645,0.12684,0.12645,0.12662,37663.46023683
2022-03-04 14:19,0.1266,0.1266,0.126,0.126,152805.1,0.12660000,0.12660000,0.12600000,0.12600000,954096.00000000,0.12645,0.12645,0.12619,0.12619,128.15514602
2022-03-04 14:20,0.126,0.1264,0.126,0.1263,145748.3,0.12600000,0.12640000,0.12600000,0.12630000,1076985.00000000,0.12613,0.12648,0.12613,0.12628,4407.26077222
2022-03-04 14:21,0.1263,0.1267,0.1263,0.1267,45387.5,0.12630000,0.12660000,0.12620000,0.12660000,554127.00000000,0.12627,0.12664,0.12627,0.12664,215.0
2022-03-04 14:22,0.1266,0.1268,0.1265,0.1267,49730.8,0.12660000,0.12680000,0.12640000,0.12670000,689828.00000000,0.12649,0.12685,0.12649,0.12685,4874.57433539
2022-03-04 14:23,0.1267,0.1267,0.1266,0.1266,100571.1,0.12670000,0.12670000,0.12660000,0.12660000,255746.00000000,0.12667,0.12685,0.12667,0.12667,32.75614597
2022-03-04 14:24,0.1267,0.1268,0.1265,0.1266,62049.9,0.12670000,0.12670000,0.12650000,0.12660000,362759.00000000,0.12683,0.12684,0.12668,0.12684,2600.0
2022-03-04 14:25,0.1266,0.1268,0.1265,0.1268,105828.7,0.12660000,0.12680000,0.12650000,0.12670000,221958.00000000,0.12669,0.12671,0.12669,0.12671,115.79636476
2022-03-04 14:26,0.1268,0.1268,0.1264,0.1265,271267.1,0.12680000,0.12680000,0.12650000,0.12650000,537906.00000000,0.12674,0.12674,0.12657,0.12657,1000.0
2022-03-04 14:27,0.1266,0.1267,0.1264,0.1266,40351.9,0.12650000,0.12670000,0.12650000,0.12660000,810067.00000000,0.12668,0.12668,0.12668,0.12668,8.67383852
2022-03-04 14:28,0.1267,0.1267,0.1265,0.1266,65425.1,0.12660000,0.12670000,0.12650000,0.12660000,334589.00000000,,,,,
2022-03-04 14:29,0.1266,0.1267,0.1264,0.1267,52860.4,0.12660000,0.12670000,0.12650000,0.12660000,227855.00000000,0.1266,0.12665,0.1266,0.12665,600.0
2022-03-04 14:30,0.1267,0.1271,0.1266,0.127,423681.5,0.12660000,0.12710000,0.12660000,0.12680000,1665803.00000000,0.12685,0.12725,0.12685,0.12703,3602.4886751100003
2022-03-04 14:31,0.1268,0.127,0.1267,0.1268,76194.0,0.12690000,0.12690000,0.12660000,0.12670000,887128.00000000,0.12694,0.12705,0.12678,0.12678,3304.4949995399998
2022-03-04 14:32,0.1268,0.1268,0.1264,0.1265,85508.4,0.12670000,0.12680000,0.12640000,0.12640000,990649.00000000,0.12672,0.12672,0.12652,0.12652,9044.52455553
2022-03-04 14:33,0.1265,0.1265,0.1262,0.1264,118956.1,0.12630000,0.12650000,0.12620000,0.12650000,1064449.00000000,0.12652,0.12652,0.12649,0.12649,4313.70565163
2022-03-04 14:34,0.1265,0.1268,0.1264,0.1267,428801.0,0.12640000,0.12690000,0.12640000,0.12680000,1850793.00000000,0.12642,0.12691,0.12642,0.12691,15180.03722832
2022-03-04 14:35,0.1268,0.1272,0.1268,0.1271,391735.7,0.12680000,0.12720000,0.12670000,0.12710000,1972964.00000000,0.12702,0.12731,0.12695,0.1273,21831.693740979998
2022-03-04 14:36,0.1271,0.1272,0.127,0.1271,82023.1,0.12710000,0.12720000,0.12700000,0.12710000,478253.00000000,0.12722,0.12723,0.12707,0.12707,1403.63731295
2022-03-04 14:37,0.1271,0.1273,0.1271,0.1273,288055.7,0.12710000,0.12730000,0.12710000,0.12720000,110690.00000000,0.12722,0.12722,0.12722,0.12722,4295.97883951
2022-03-04 14:38,0.1272,0.1273,0.127,0.1272,137763.6,0.12720000,0.12720000,0.12700000,0.12720000,248577.00000000,,,,,
2022-03-04 14:39,0.1272,0.1272,0.127,0.127,227138.6,0.12710000,0.12710000,0.12690000,0.12700000,245296.00000000,0.12703,0.12705,0.12703,0.12705,4309.683558909999
2022-03-04 14:40,0.127,0.1271,0.1268,0.127,130891.7,0.12700000,0.12700000,0.12680000,0.12700000,820726.00000000,0.12692,0.12723,0.12684,0.12723,9887.485905919999
2022-03-04 14:41,0.1269,0.127,0.1268,0.127,57680.0,0.12690000,0.12700000,0.12690000,0.12690000,278724.00000000,0.12698,0.12698,0.12698,0.12698,12.21026008
2022-03-04 14:42,0.127,0.127,0.1267,0.1269,55295.2,0.12680000,0.12690000,0.12660000,0.12670000,231303.00000000,0.12678,0.1268,0.12678,0.1268,387.79104921
2022-03-04 14:43,0.1268,0.1269,0.1268,0.1269,4353.3,0.12680000,0.12690000,0.12670000,0.12680000,293145.00000000,,,,,
2022-03-04 14:44,0.1268,0.1269,0.1266,0.1267,53259.1,0.12680000,0.12680000,0.12650000,0.12660000,641515.00000000,,,,,
2022-03-04 14:45,0.1266,0.1267,0.1264,0.1264,35749.2,0.12660000,0.12670000,0.12630000,0.12640000,336994.00000000,0.12662,0.12662,0.12635,0.12635,569.3625535900001
2022-03-04 14:46,0.1265,0.1265,0.126,0.1262,204499.4,0.12630000,0.12630000,0.12600000,0.12620000,2155523.00000000,0.12626,0.12639,0.12625,0.12634,33319.42014909
2022-03-04 14:47,0.1262,0.1264,0.1261,0.1262,52830.4,0.12610000,0.12630000,0.12610000,0.12620000,401678.00000000,0.12622,0.12642,0.12622,0.12624,300.0
2022-03-04 14:48,0.126,0.1261,0.1257,0.1259,413289.9,0.12610000,0.12610000,0.12560000,0.12570000,1974803.00000000,0.12606,0.12606,0.12566,0.12595,27540.56580032
2022-03-04 14:49,0.1257,0.126,0.1257,0.1257,98397.8,0.12570000,0.12600000,0.12570000,0.12580000,863063.00000000,0.12601,0.12612,0.12594,0.12594,62.19963144
2022-03-04 14:50,0.1256,0.126,0.1256,0.1257,417719.2,0.12580000,0.12600000,0.12550000,0.12550000,634896.00000000,0.12574,0.12614,0.12567,0.12567,4332.61828925
2022-03-04 14:51,0.1256,0.1259,0.1255,0.1258,165333.6,0.12560000,0.12590000,0.12550000,0.12570000,760502.00000000,0.12575,0.1259,0.12575,0.1259,3727.02447683
2022-03-04 14:52,0.1257,0.126,0.1257,0.1259,47740.6,0.12580000,0.12600000,0.12570000,0.12580000,518285.00000000,0.12596,0.12596,0.12596,0.12596,4331.92739511
2022-03-04 14:53,0.1259,0.126,0.1257,0.126,53454.2,0.12580000,0.12600000,0.12570000,0.12590000,484034.00000000,0.12586,0.12596,0.12586,0.12596,3299.70137891
2022-03-04 14:54,0.126,0.126,0.1258,0.1259,81925.0,0.12600000,0.12600000,0.12580000,0.12590000,256751.00000000,,,,,
2022-03-04 14:55,0.1259,0.1261,0.1258,0.1261,34199.9,0.12580000,0.12610000,0.12570000,0.12610000,513912.00000000,0.12604,0.1262,0.12604,0.1262,4918.43569267
2022-03-04 14:56,0.1262,0.1263,0.126,0.1261,70616.5,0.12620000,0.12630000,0.12600000,0.12610000,474684.00000000,0.12626,0.12626,0.12605,0.12605,4334.41519265
2022-03-04 14:57,0.1261,0.1262,0.126,0.1262,378619.6,0.12610000,0.12620000,0.12600000,0.12610000,194780.00000000,0.1262,0.1262,0.1262,0.1262,28.64501486
2022-03-04 14:58,0.1262,0.127,0.1262,0.1269,9361078.0,0.12610000,0.12690000,0.12610000,0.12670000,3483674.00000000,0.12628,0.12695,0.12627,0.12686,186721.51369438
2022-03-04 14:59,0.1268,0.1273,0.1268,0.1269,511368.3,0.12670000,0.12720000,0.12670000,0.12690000,994423.00000000,0.12708,0.12734,0.12699,0.12699,1119.58969348
2022-03-04 15:00,0.1269,0.1275,0.1269,0.1272,547782.7,0.12690000,0.12740000,0.12690000,0.12720000,1005679.00000000,0.12721,0.12734,0.12715,0.12716,4960.83378726
2022-03-04 15:01,0.1273,0.1275,0.1269,0.1271,147557.8,0.12730000,0.12750000,0.12690000,0.12700000,957926.00000000,0.1274,0.12751,0.12715,0.12715,9729.2468314
2022-03-04 15:02,0.127,0.1271,0.1268,0.127,1315314.6,0.12700000,0.12700000,0.12670000,0.12690000,1185419.00000000,0.12705,0.12715,0.12677,0.12703,24520.28934299
2022-03-04 15:03,0.127,0.1271,0.1267,0.1267,251558.1,0.12690000,0.12700000,0.12670000,0.12670000,273627.00000000,0.12694,0.12694,0.12693,0.12693,4299.80396381
2022-03-04 15:04,0.1268,0.127,0.1266,0.1266,273011.1,0.12670000,0.12690000,0.12660000,0.12670000,797942.00000000,0.12692,0.12692,0.12677,0.12677,110.57751992
2022-03-04 15:05,0.1266,0.1268,0.1266,0.1267,136415.3,0.12670000,0.12670000,0.12650000,0.12650000,289606.00000000,0.12661,0.12661,0.12661,0.12661,250.0
2022-03-04 15:06,0.1267,0.1268,0.1264,0.1265,126940.4,0.12660000,0.12670000,0.12640000,0.12650000,591890.00000000,0.12679,0.12685,0.12637,0.12637,1815.44081371
2022-03-04 15:07,0.1265,0.1267,0.1264,0.1265,41822.8,0.12650000,0.12660000,0.12640000,0.12650000,143286.00000000,0.12667,0.12667,0.12667,0.12667,11.03311723
2022-03-04 15:08,0.1266,0.1268,0.1265,0.1268,21646.2,0.12650000,0.12670000,0.12650000,0.12660000,147718.00000000,0.12655,0.12678,0.12655,0.12678,110.85266523
2022-03-04 15:09,0.1266,0.1269,0.1266,0.1267,83329.4,0.12660000,0.12680000,0.12660000,0.12660000,383614.00000000,0.12686,0.12686,0.12686,0.12686,88.0
2022-03-04 15:10,0.1266,0.1268,0.1264,0.1265,691211.0,0.12670000,0.12670000,0.12640000,0.12640000,506350.00000000,0.12667,0.12679,0.12656,0.12656,4380.71383306
2022-03-04 15:11,0.1264,0.1264,0.1262,0.1263,301655.4,0.12640000,0.12640000,0.12620000,0.12630000,498562.00000000,0.1263,0.12643,0.12628,0.12629,3065.37989883
2022-03-04 15:12,0.1264,0.1264,0.126,0.1263,226694.7,0.12630000,0.12630000,0.12600000,0.12630000,1190955.00000000,0.12628,0.12628,0.12627,0.12627,21801.02026442
2022-03-04 15:13,0.1263,0.1264,0.1261,0.1263,297709.2,0.12630000,0.12640000,0.12610000,0.12630000,893289.00000000,0.12632,0.12634,0.12617,0.1263,8343.79718546
2022-03-04 15:14,0.1264,0.1265,0.1263,0.1263,285788.9,0.12630000,0.12650000,0.12630000,0.12630000,221920.00000000,0.12643,0.12654,0.12638,0.12652,2462.97932855
2022-03-04 15:15,0.1264,0.1265,0.1262,0.1264,47076.1,0.12630000,0.12650000,0.12630000,0.12640000,299973.00000000,0.12632,0.12655,0.12629,0.12637,229.43737823
2022-03-04 15:16,0.1264,0.1266,0.1261,0.1261,291983.5,0.12630000,0.12650000,0.12610000,0.12610000,721063.00000000,0.12656,0.12656,0.12637,0.12637,169.11075437
2022-03-04 15:17,0.1262,0.1262,0.1258,0.1259,257023.5,0.12610000,0.12610000,0.12580000,0.12580000,1699690.00000000,0.12624,0.12624,0.12576,0.12576,15798.45486061
2022-03-04 15:18,0.1258,0.1261,0.1258,0.126,263796.2,0.12580000,0.12600000,0.12570000,0.12590000,733673.00000000,0.12603,0.12603,0.12595,0.12595,599.70909
2022-03-04 15:19,0.126,0.1261,0.1258,0.1261,85624.7,0.12590000,0.12610000,0.12580000,0.12610000,523928.00000000,0.12609,0.12609,0.12588,0.12604,1160.54936807
2022-03-04 15:20,0.126,0.1261,0.1254,0.1255,1727676.0,0.12610000,0.12610000,0.12540000,0.12560000,3559263.00000000,0.12624,0.12624,0.12541,0.12552,296654.46448261
2022-03-04 15:21,0.1256,0.1259,0.1253,0.1255,1226994.8,0.12560000,0.12580000,0.12540000,0.12550000,2046310.00000000,0.12572,0.12605,0.12541,0.12564,72251.77571858
2022-03-04 15:22,0.1257,0.1259,0.1256,0.1256,287873.0,0.12560000,0.12590000,0.12560000,0.12570000,1276617.00000000,0.12577,0.12589,0.12577,0.12585,79.79659074
2022-03-04 15:23,0.1257,0.126,0.1257,0.1259,448853.3,0.12570000,0.12600000,0.12570000,0.12590000,714146.00000000,0.12569,0.12603,0.12569,0.12582,20595.0
2022-03-04 15:24,0.1258,0.126,0.1257,0.126,115888.6,0.12580000,0.12600000,0.12570000,0.12600000,215459.00000000,0.12593,0.12609,0.1259,0.12596,16025.28078292
2022-03-04 15:25,0.1259,0.1262,0.1258,0.1259,741814.5,0.12590000,0.12620000,0.12580000,0.12600000,2093317.00000000,0.12609,0.12612,0.12601,0.12611,69614.54657964
2022-03-04 15:26,0.126,0.1262,0.126,0.1261,117661.9,0.12600000,0.12620000,0.12590000,0.12600000,909777.00000000,0.12613,0.12615,0.12613,0.12615,3249.45059325
2022-03-04 15:27,0.1261,0.1262,0.126,0.1261,129183.8,0.12600000,0.12620000,0.12600000,0.12610000,96839.00000000,0.12626,0.12626,0.12626,0.12626,50.0
2022-03-04 15:28,0.126,0.1262,0.126,0.1262,245696.7,0.12610000,0.12620000,0.12590000,0.12620000,463705.00000000,0.12608,0.12623,0.12603,0.12623,27156.3597282
2022-03-04 15:29,0.1262,0.1263,0.126,0.1261,60924.6,0.12620000,0.12630000,0.12610000,0.12610000,195880.00000000,0.12628,0.12628,0.12628,0.12628,250.0
2022-03-04 15:30,0.1262,0.1263,0.1259,0.1259,87914.5,0.12620000,0.12620000,0.12580000,0.12590000,302062.00000000,0.12622,0.12622,0.12608,0.12608,3972.59715983
2022-03-04 15:31,0.1259,0.126,0.1258,0.1258,46753.4,0.12580000,0.12590000,0.12570000,0.12580000,186772.00000000,0.1259,0.1259,0.12581,0.12581,4451.80261162
2022-03-04 15:32,0.1258,0.1259,0.1257,0.1257,44127.7,0.12580000,0.12590000,0.12570000,0.12570000,99277.00000000,0.12598,0.12598,0.12579,0.12579,400.0
2022-03-04 15:33,0.1258,0.1259,0.1256,0.1257,734729.4,0.12570000,0.12590000,0.12550000,0.12560000,2150495.00000000,0.12579,0.1259,0.12569,0.12569,129860.3378263
2022-03-04 15:34,0.1257,0.1258,0.1256,0.1257,169983.6,0.12570000,0.12580000,0.12560000,0.12570000,136159.00000000,0.12567,0.12576,0.12567,0.12576,62.44042661
2022-03-04 15:35,0.1258,0.1259,0.1257,0.1259,63136.2,0.12570000,0.12590000,0.12570000,0.12590000,113811.00000000,0.12593,0.12593,0.12582,0.12582,560.3829452
2022-03-04 15:36,0.1259,0.126,0.1258,0.126,118524.8,0.12590000,0.12600000,0.12580000,0.12590000,548804.00000000,0.12595,0.12609,0.12594,0.12609,4010.05306577
2022-03-04 15:37,0.126,0.1261,0.1258,0.1259,63698.6,0.12600000,0.12610000,0.12590000,0.12590000,82983.00000000,0.12597,0.12597,0.12597,0.12597,10.45708268
2022-03-04 15:38,0.1259,0.126,0.1257,0.1257,168771.7,0.12600000,0.12600000,0.12570000,0.12580000,812934.00000000,0.12581,0.12594,0.12581,0.12589,1908.863702
2022-03-04 15:39,0.1258,0.126,0.1257,0.1257,130844.1,0.12580000,0.12600000,0.12570000,0.12570000,532422.00000000,0.12589,0.12598,0.12578,0.12578,1210.31021518
2022-03-04 15:40,0.1256,0.126,0.1256,0.1257,208553.4,0.12570000,0.12600000,0.12560000,0.12560000,1791499.00000000,0.12571,0.126,0.12571,0.12581,79412.18296096
2022-03-04 15:41,0.1257,0.1257,0.1256,0.1257,35947.2,0.12570000,0.12570000,0.12560000,0.12560000,197110.00000000,0.1257,0.1257,0.12565,0.12565,3302.98581748
2022-03-04 15:42,0.1256,0.1257,0.1255,0.1255,202304.2,0.12560000,0.12570000,0.12560000,0.12560000,396461.00000000,,,,,
2022-03-04 15:43,0.1254,0.1258,0.1254,0.1257,59229.3,0.12550000,0.12570000,0.12540000,0.12560000,516473.00000000,0.12551,0.12578,0.12548,0.12578,518.63562698
2022-03-04 15:44,0.1257,0.1257,0.1255,0.1255,102557.1,0.12550000,0.12570000,0.12550000,0.12560000,219398.00000000,0.12564,0.1258,0.12562,0.12562,475.20673033
2022-03-04 15:45,0.1255,0.1258,0.1255,0.1256,153127.7,0.12560000,0.12570000,0.12550000,0.12560000,372873.00000000,,,,,
2022-03-04 15:46,0.1257,0.1258,0.1256,0.1258,53064.7,0.12570000,0.12580000,0.12570000,0.12570000,427392.00000000,0.12572,0.12588,0.12572,0.12574,35.30846303
2022-03-04 15:47,0.1258,0.1258,0.1256,0.1257,37083.2,0.12580000,0.12580000,0.12550000,0.12560000,398627.00000000,0.12582,0.12582,0.12582,0.12582,100.0
2022-03-04 15:48,0.1257,0.126,0.1256,0.126,101507.6,0.12570000,0.12600000,0.12570000,0.12590000,587713.00000000,0.12594,0.12605,0.12594,0.12601,190.0
2022-03-04 15:49,0.126,0.126,0.1258,0.1259,9467.0,0.12590000,0.12590000,0.12580000,0.12580000,247861.00000000,,,,,
2022-03-04 15:50,0.1258,0.1259,0.1257,0.1259,35714.1,0.12580000,0.12590000,0.12570000,0.12580000,137589.00000000,0.12582,0.12582,0.12582,0.12582,14.242720669999999
2022-03-04 15:51,0.1258,0.126,0.1258,0.1259,85970.3,0.12580000,0.12600000,0.12580000,0.12600000,203950.00000000,0.12591,0.12591,0.12591,0.12591,15.27194992
2022-03-04 15:52,0.126,0.1261,0.1259,0.1259,27326.2,0.12590000,0.12610000,0.12590000,0.12590000,323710.00000000,0.12609,0.12609,0.12609,0.12609,104.32312
2022-03-04 15:53,0.1261,0.1261,0.126,0.1261,39384.5,0.12600000,0.12610000,0.12600000,0.12600000,316516.00000000,,,,,
2022-03-04 15:54,0.126,0.1262,0.126,0.126,23436.5,0.12610000,0.12610000,0.12600000,0.12610000,69625.00000000,0.12607,0.12607,0.12607,0.12607,50.0
2022-03-04 15:55,0.1261,0.1261,0.1259,0.126,53979.0,0.12610000,0.12610000,0.12590000,0.12590000,92241.00000000,,,,,
2022-03-04 15:56,0.126,0.126,0.1259,0.126,1992.8,0.12590000,0.12600000,0.12590000,0.12600000,119701.00000000,0.12609,0.12609,0.12609,0.12609,211.3034677
2022-03-04 15:57,0.126,0.1261,0.1259,0.1261,65677.0,0.12590000,0.12610000,0.12590000,0.12610000,86122.00000000,,,,,
2022-03-04 15:58,0.1261,0.1261,0.1257,0.1258,89383.8,0.12600000,0.12610000,0.12570000,0.12570000,967756.00000000,0.12598,0.12598,0.12577,0.1259,4705.03890925
2022-03-04 15:59,0.1258,0.1259,0.1257,0.1257,22418.3,0.12570000,0.12590000,0.12570000,0.12580000,230640.00000000,,,,,
2022-03-04 16:00,0.1257,0.126,0.1256,0.126,76792.1,0.12570000,0.12600000,0.12560000,0.12590000,624457.00000000,0.1258,0.12595,0.1258,0.12595,109.77680148
2022-03-04 16:01,0.126,0.1261,0.1259,0.1261,184421.6,0.12590000,0.12610000,0.12590000,0.12610000,913981.00000000,0.12615,0.12615,0.12615,0.12615,12.5088009
2022-03-04 16:02,0.1261,0.1262,0.1256,0.1257,350300.9,0.12620000,0.12620000,0.12560000,0.12570000,800721.00000000,0.12595,0.12611,0.12581,0.12586,26072.84877038
2022-03-04 16:03,0.1257,0.1261,0.1255,0.1261,113158.3,0.12570000,0.12600000,0.12550000,0.12600000,988816.00000000,0.12579,0.12592,0.12562,0.12592,9417.96295387
2022-03-04 16:04,0.126,0.1261,0.1258,0.1261,42473.5,0.12600000,0.12620000,0.12590000,0.12610000,928625.00000000,0.12628,0.12628,0.12596,0.12608,72.533613
2022-03-04 16:05,0.126,0.1267,0.1259,0.1263,462219.2,0.12610000,0.12670000,0.12590000,0.12640000,3970677.00000000,0.12616,0.12661,0.12616,0.12642,6217.07104747
2022-03-04 16:06,0.1265,0.1265,0.126,0.1261,167412.6,0.12640000,0.12660000,0.12600000,0.12610000,1928157.00000000,0.12655,0.12655,0.12624,0.12626,14769.729175679999
2022-03-04 16:07,0.126,0.1262,0.1258,0.126,368671.2,0.12600000,0.12610000,0.12580000,0.12580000,1068859.00000000,0.12615,0.12619,0.126,0.126,11943.12895264
2022-03-04 16:08,0.1259,0.1261,0.1258,0.1261,62817.8,0.12590000,0.12610000,0.12580000,0.12600000,607834.00000000,0.12621,0.12621,0.12619,0.12619,1764.97745908
2022-03-04 16:09,0.1261,0.1261,0.1259,0.126,35718.3,0.12610000,0.12610000,0.12590000,0.12600000,265964.00000000,0.12604,0.12604,0.12604,0.12604,8.99563645
2022-03-04 16:10,0.1259,0.1259,0.1257,0.1257,114312.6,0.12600000,0.12600000,0.12570000,0.12570000,1533995.00000000,0.12586,0.12589,0.12581,0.12589,28391.50933163
2022-03-04 16:11,0.1257,0.1257,0.1255,0.1257,58252.5,0.12560000,0.12570000,0.12550000,0.12570000,656846.00000000,0.12582,0.12582,0.12582,0.12582,15.46035483
2022-03-04 16:12,0.1256,0.1258,0.1255,0.1258,166230.9,0.12570000,0.12580000,0.12550000,0.12570000,995582.00000000,,,,,
2022-03-04 16:13,0.1257,0.1258,0.1257,0.1258,77713.5,0.12570000,0.12590000,0.12570000,0.12580000,1426461.00000000,0.12588,0.1259,0.12571,0.1259,6496.3920319
2022-03-04 16:14,0.1258,0.126,0.1257,0.126,77809.2,0.12590000,0.12600000,0.12570000,0.12590000,2592810.00000000,,,,,
2022-03-04 16:15,0.1261,0.1261,0.1258,0.1261,133675.5,0.12600000,0.12600000,0.12580000,0.12590000,496038.00000000,0.12613,0.12613,0.1259,0.12613,910.5120766
2022-03-04 16:16,0.1261,0.1263,0.126,0.1263,31295.2,0.12600000,0.12630000,0.12590000,0.12620000,538166.00000000,,,,,
2022-03-04 16:17,0.1262,0.1263,0.1261,0.1262,72317.6,0.12630000,0.12630000,0.12610000,0.12610000,153368.00000000,,,,,
2022-03-04 16:18,0.1262,0.1262,0.126,0.1261,45918.9,0.12610000,0.12620000,0.12600000,0.12610000,539467.00000000,,,,,
2022-03-04 16:19,0.1261,0.1262,0.126,0.1261,51303.0,0.12610000,0.12620000,0.12600000,0.12600000,301754.00000000,,,,,
2022-03-04 16:20,0.126,0.1261,0.1259,0.1259,62209.1,0.12600000,0.12610000,0.12590000,0.12590000,839077.00000000,0.12623,0.12623,0.126,0.12606,4844.233810559999
2022-03-04 16:21,0.126,0.1261,0.1258,0.1258,238440.8,0.12590000,0.12600000,0.12580000,0.12580000,270979.00000000,0.12601,0.12601,0.12601,0.12601,265.76699186999997
2022-03-04 16:22,0.1258,0.1259,0.1257,0.1257,39774.4,0.12570000,0.12580000,0.12570000,0.12570000,36031.00000000,0.12582,0.12593,0.12581,0.12581,11448.59757258
2022-03-04 16:23,0.1257,0.1259,0.1256,0.1259,271551.5,0.12570000,0.12590000,0.12560000,0.12580000,324777.00000000,0.12585,0.12586,0.12583,0.12586,923.3521819
2022-03-04 16:24,0.1258,0.126,0.1258,0.126,30386.9,0.12580000,0.12590000,0.12580000,0.12580000,238188.00000000,0.12594,0.12594,0.12594,0.12594,207.19934856
2022-03-04 16:25,0.1259,0.1259,0.1256,0.1257,83163.9,0.12580000,0.12580000,0.12560000,0.12570000,376403.00000000,0.12575,0.12589,0.12575,0.12589,4626.04050691
2022-03-04 16:26,0.1257,0.1259,0.1256,0.1257,62367.2,0.12570000,0.12580000,0.12560000,0.12570000,257612.00000000,0.12574,0.1258,0.12574,0.1258,215.22292
2022-03-04 16:27,0.1259,0.126,0.1259,0.126,9278.0,0.12580000,0.12600000,0.12570000,0.12590000,442586.00000000,0.12589,0.12596,0.12589,0.12596,1604.3527
2022-03-04 16:28,0.126,0.1262,0.1259,0.126,190066.3,0.12600000,0.12610000,0.12590000,0.12600000,336650.00000000,0.126,0.12616,0.126,0.12616,6518.06464875
2022-03-04 16:29,0.1259,0.1262,0.1259,0.126,150935.9,0.12610000,0.12610000,0.12590000,0.12600000,404425.00000000,0.126,0.12617,0.126,0.12601,3366.65564044
2022-03-04 16:30,0.126,0.1261,0.1258,0.1258,233346.0,0.12590000,0.12620000,0.12580000,0.12590000,915091.00000000,0.12621,0.12621,0.12602,0.12602,1782.03503499
2022-03-04 16:31,0.1258,0.1259,0.1256,0.1256,127084.5,0.12580000,0.12590000,0.12560000,0.12570000,769269.00000000,0.12602,0.12602,0.12576,0.12576,24817.69055329
2022-03-04 16:32,0.1257,0.1257,0.1254,0.1255,629318.0,0.12560000,0.12570000,0.12540000,0.12540000,495911.00000000,0.1258,0.1258,0.12556,0.12562,16413.461946670002
2022-03-04 16:33,0.1255,0.1256,0.1254,0.1255,200355.1,0.12540000,0.12550000,0.12540000,0.12540000,414130.00000000,0.12557,0.12557,0.12557,0.12557,1244.90363691
2022-03-04 16:34,0.1255,0.1257,0.1255,0.1256,58326.3,0.12550000,0.12570000,0.12550000,0.12560000,149171.00000000,0.12572,0.12572,0.12572,0.12572,100.0
2022-03-04 16:35,0.1256,0.1257,0.1255,0.1257,18704.7,0.12560000,0.12570000,0.12550000,0.12560000,169404.00000000,0.12581,0.12581,0.12581,0.12581,50.0
2022-03-04 16:36,0.1256,0.1258,0.1256,0.1258,41241.6,0.12560000,0.12570000,0.12560000,0.12570000,394443.00000000,0.12577,0.12577,0.12563,0.12573,161549.8349416
2022-03-04 16:37,0.1257,0.126,0.1257,0.126,116154.2,0.12580000,0.12600000,0.12570000,0.12600000,142657.00000000,0.12585,0.126,0.12585,0.126,23.15272008
2022-03-04 16:38,0.1261,0.1262,0.126,0.1261,20863.2,0.12600000,0.12620000,0.12600000,0.12620000,140767.00000000,0.12621,0.12621,0.12621,0.12621,3247.49330767
2022-03-04 16:39,0.1262,0.1264,0.1261,0.1263,244074.5,0.12610000,0.12640000,0.12610000,0.12630000,168819.00000000,0.12638,0.12638,0.12638,0.12638,4319.38224026
2022-03-04 16:40,0.1263,0.1264,0.1262,0.1264,179876.3,0.12630000,0.12640000,0.12620000,0.12640000,259068.00000000,0.12647,0.12647,0.12647,0.12647,458.21682
2022-03-04 16:41,0.1265,0.1266,0.1263,0.1264,468974.5,0.12640000,0.12660000,0.12630000,0.12660000,907580.00000000,0.12648,0.12664,0.12648,0.12664,58590.97565652
2022-03-04 16:42,0.1266,0.1266,0.1264,0.1265,91490.7,0.12650000,0.12650000,0.12630000,0.12650000,496723.00000000,0.12649,0.12649,0.12649,0.12649,8.52668089
2022-03-04 16:43,0.1265,0.1265,0.1263,0.1265,45693.2,0.12640000,0.12650000,0.12640000,0.12640000,336977.00000000,0.12647,0.12647,0.12647,0.12647,3205.52415668
2022-03-04 16:44,0.1265,0.1266,0.1264,0.1265,4936.9,0.12650000,0.12660000,0.12640000,0.12650000,146250.00000000,0.12647,0.12672,0.12647,0.12672,838.96973344
2022-03-04 16:45,0.1266,0.1268,0.1265,0.1267,31583.7,0.12660000,0.12680000,0.12660000,0.12670000,433467.00000000,0.12673,0.12688,0.12663,0.12688,3763.79616577
2022-03-04 16:46,0.1267,0.1267,0.1265,0.1267,103174.8,0.12660000,0.12670000,0.12660000,0.12670000,223475.00000000,0.12668,0.12682,0.12668,0.12669,1429.24450918
2022-03-04 16:47,0.1267,0.1268,0.1266,0.1266,244907.0,0.12670000,0.12690000,0.12660000,0.12670000,393857.00000000,0.12677,0.12698,0.12676,0.12676,150.0
2022-03-04 16:48,0.1267,0.1269,0.1266,0.1269,63619.6,0.12670000,0.12690000,0.12660000,0.12680000,370617.00000000,0.12699,0.12701,0.12699,0.12701,250.0
2022-03-04 16:49,0.1269,0.1273,0.1267,0.1273,1171851.0,0.12680000,0.12730000,0.12680000,0.12720000,2167892.00000000,0.12684,0.12748,0.12684,0.12746,139774.52453592
2022-03-04 16:50,0.1273,0.1273,0.127,0.1271,147607.8,0.12720000,0.12720000,0.12700000,0.12700000,522573.00000000,0.12747,0.12747,0.12712,0.12712,35696.58540497
2022-03-04 16:51,0.127,0.1271,0.1269,0.1269,244228.3,0.12710000,0.12710000,0.12680000,0.12690000,352921.00000000,0.1272,0.1272,0.12699,0.12699,10814.53947077
2022-03-04 16:52,0.1268,0.1269,0.1268,0.1269,80249.6,0.12690000,0.12690000,0.12670000,0.12680000,377541.00000000,0.12701,0.12701,0.127,0.127,8702.86762015
2022-03-04 16:53,0.1269,0.127,0.1268,0.1269,103813.6,0.12680000,0.12700000,0.12670000,0.12670000,291597.00000000,,,,,
2022-03-04 16:54,0.1268,0.1269,0.1267,0.1268,322345.1,0.12680000,0.12690000,0.12670000,0.12680000,156744.00000000,0.12692,0.12692,0.12692,0.12692,9.98212024
2022-03-04 16:55,0.1267,0.1268,0.1267,0.1267,94529.5,0.12680000,0.12680000,0.12670000,0.12670000,409413.00000000,,,,,
2022-03-04 16:56,0.1266,0.1267,0.1266,0.1267,39294.5,0.12670000,0.12670000,0.12660000,0.12660000,31206.00000000,0.12682,0.12682,0.12671,0.12682,1084.02308442
2022-03-04 16:57,0.1266,0.1267,0.1266,0.1266,4633.9,0.12670000,0.12670000,0.12660000,0.12670000,39716.00000000,,,,,
2022-03-04 16:58,0.1266,0.1266,0.1264,0.1266,562388.6,0.12660000,0.12660000,0.12640000,0.12650000,156114.00000000,0.12665,0.12665,0.12665,0.12665,11.17435005
2022-03-04 16:59,0.1266,0.1266,0.1264,0.1265,41086.9,0.12650000,0.12660000,0.12640000,0.12640000,258313.00000000,0.12658,0.12658,0.12658,0.12658,50.0
2022-03-04 17:00,0.1265,0.1266,0.1263,0.1263,262650.9,0.12640000,0.12650000,0.12620000,0.12630000,268398.00000000,0.12652,0.12652,0.1264,0.1264,556.57542747
2022-03-04 17:01,0.1263,0.1264,0.1262,0.1263,48771.9,0.12640000,0.12640000,0.12610000,0.12620000,198355.00000000,0.12635,0.12635,0.12626,0.12626,3228.07815094
2022-03-04 17:02,0.1262,0.1263,0.1262,0.1263,45938.9,0.12630000,0.12640000,0.12620000,0.12640000,244515.00000000,0.12628,0.12637,0.12628,0.12637,165.8601017
2022-03-04 17:03,0.1264,0.1264,0.1262,0.1264,5201.2,0.12640000,0.12640000,0.12630000,0.12640000,27029.00000000,0.1265,0.1265,0.1265,0.1265,13.34209534
2022-03-04 17:04,0.1263,0.1266,0.1263,0.1266,17947.1,0.12640000,0.12660000,0.12640000,0.12650000,248804.00000000,,,,,
2022-03-04 17:05,0.1265,0.1267,0.1265,0.1266,11120.0,0.12660000,0.12670000,0.12650000,0.12660000,383179.00000000,0.12657,0.12678,0.12657,0.12678,65.26846808
2022-03-04 17:06,0.1267,0.1268,0.1265,0.1267,109151.5,0.12660000,0.12680000,0.12660000,0.12670000,155903.00000000,0.12666,0.12666,0.12666,0.12666,14.86214419
2022-03-04 17:07,0.1268,0.1268,0.1266,0.1268,75207.9,0.12670000,0.12670000,0.12660000,0.12670000,177951.00000000,0.1268,0.1268,0.1268,0.1268,9.50491922
2022-03-04 17:08,0.1268,0.1268,0.1266,0.1267,124128.7,0.12670000,0.12680000,0.12670000,0.12670000,132596.00000000,0.1269,0.1269,0.12675,0.12675,2600.0
2022-03-04 17:09,0.1268,0.1269,0.1267,0.1269,34183.7,0.12670000,0.12690000,0.12670000,0.12680000,162053.00000000,0.12692,0.12692,0.12687,0.12687,100.0
2022-03-04 17:10,0.1268,0.127,0.1267,0.1269,118923.4,0.12680000,0.12700000,0.12670000,0.12680000,763035.00000000,0.12703,0.12703,0.12703,0.12703,50.0
2022-03-04 17:11,0.127,0.127,0.1268,0.127,103447.6,0.12680000,0.12700000,0.12680000,0.12690000,216041.00000000,,,,,
2022-03-04 17:12,0.127,0.1271,0.1269,0.127,70723.5,0.12700000,0.12710000,0.12700000,0.12700000,181510.00000000,0.12718,0.12718,0.12706,0.12706,550.0
2022-03-04 17:13,0.1271,0.1271,0.1269,0.1269,24864.9,0.12690000,0.12710000,0.12690000,0.12700000,315589.00000000,,,,,
2022-03-04 17:14,0.127,0.1271,0.127,0.127,45929.5,0.12700000,0.12710000,0.12700000,0.12700000,610507.00000000,0.1272,0.1272,0.12701,0.12701,65.85878556
2022-03-04 17:15,0.127,0.1271,0.1269,0.127,95605.5,0.12700000,0.12710000,0.12690000,0.12690000,81246.00000000,,,,,
2022-03-04 17:16,0.127,0.1272,0.1269,0.1269,23290.0,0.12690000,0.12710000,0.12690000,0.12700000,118408.00000000,,,,,
2022-03-04 17:17,0.127,0.1271,0.1268,0.1268,123135.3,0.12700000,0.12700000,0.12680000,0.12690000,540889.00000000,,,,,
2022-03-04 17:18,0.1269,0.127,0.1268,0.1268,15677.7,0.12690000,0.12700000,0.12690000,0.12690000,126163.00000000,,,,,
2022-03-04 17:19,0.1269,0.1269,0.1268,0.1269,58093.6,0.12690000,0.12690000,0.12680000,0.12680000,50082.00000000,,,,,
2022-03-04 17:20,0.1269,0.1269,0.1267,0.1267,15405.6,0.12690000,0.12690000,0.12670000,0.12670000,332786.00000000,0.1269,0.12698,0.1269,0.12698,153.15885339
2022-03-04 17:21,0.1267,0.1268,0.1267,0.1267,106336.6,0.12680000,0.12680000,0.12660000,0.12670000,176101.00000000,0.12687,0.12687,0.12669,0.12672,175.77910214
2022-03-04 17:22,0.1267,0.1268,0.1266,0.1268,105681.8,0.12670000,0.12670000,0.12660000,0.12670000,135747.00000000,0.12672,0.12672,0.12672,0.12672,50.0
2022-03-04 17:23,0.1268,0.1268,0.1265,0.1267,19432.1,0.12670000,0.12670000,0.12660000,0.12670000,104198.00000000,,,,,
2022-03-04 17:24,0.1267,0.1268,0.1266,0.1267,168188.4,0.12670000,0.12680000,0.12660000,0.12670000,104618.00000000,,,,,
2022-03-04 17:25,0.1266,0.1268,0.1265,0.1267,31391.5,0.12660000,0.12680000,0.12660000,0.12680000,32643.00000000,0.12666,0.12676,0.12666,0.12676,765.2527895
2022-03-04 17:26,0.1268,0.1269,0.1267,0.1269,86891.1,0.12680000,0.12690000,0.12670000,0.12690000,387336.00000000,,,,,
2022-03-04 17:27,0.1268,0.1269,0.1267,0.1269,62501.0,0.12680000,0.12690000,0.12670000,0.12680000,55546.00000000,0.12678,0.12678,0.12678,0.12678,50.0
2022-03-04 17:28,0.1267,0.1269,0.1266,0.1269,45399.4,0.12670000,0.12690000,0.12670000,0.12680000,253108.00000000,,,,,
2022-03-04 17:29,0.1269,0.1269,0.1267,0.1269,10929.0,0.12680000,0.12690000,0.12680000,0.12680000,12893.00000000,,,,,
2022-03-04 17:30,0.1269,0.127,0.1267,0.1269,155856.6,0.12680000,0.12700000,0.12670000,0.12690000,717409.00000000,0.12689,0.12689,0.12689,0.12689,11.39508043
2022-03-04 17:31,0.1269,0.127,0.1268,0.1269,31013.0,0.12690000,0.12700000,0.12680000,0.12690000,338589.00000000,0.12705,0.12705,0.12705,0.12705,50.0
2022-03-04 17:32,0.127,0.1271,0.1268,0.1269,5412.5,0.12690000,0.12710000,0.12690000,0.12690000,321615.00000000,0.12716,0.12716,0.12716,0.12716,2500.0
2022-03-04 17:33,0.1269,0.1269,0.1268,0.1268,363103.7,0.12690000,0.12690000,0.12680000,0.12680000,194614.00000000,0.127,0.127,0.127,0.127,11.74854433
2022-03-04 17:34,0.1269,0.1269,0.1267,0.1269,26647.1,0.12680000,0.12680000,0.12670000,0.12680000,75464.00000000,0.12686,0.12686,0.12686,0.12686,1250.0
2022-03-04 17:35,0.1268,0.1269,0.1267,0.1268,12627.3,0.12680000,0.12690000,0.12670000,0.12670000,219785.00000000,,,,,
2022-03-04 17:36,0.1269,0.1269,0.1269,0.1269,9460.2,0.12670000,0.12690000,0.12670000,0.12680000,68302.00000000,,,,,
2022-03-04 17:37,0.1268,0.127,0.1268,0.1268,19496.2,0.12690000,0.12690000,0.12680000,0.12690000,18654.00000000,0.12699,0.12699,0.12699,0.12699,500.0
2022-03-04 17:38,0.1269,0.1269,0.1268,0.1268,13798.8,0.12690000,0.12690000,0.12680000,0.12680000,52836.00000000,0.1269,0.1269,0.1269,0.1269,50.0
2022-03-04 17:39,0.1269,0.127,0.1268,0.127,90201.8,0.12690000,0.12690000,0.12680000,0.12690000,293798.00000000,,,,,
2022-03-04 17:40,0.1269,0.127,0.1267,0.1267,43953.7,0.12700000,0.12700000,0.12670000,0.12670000,175669.00000000,0.12693,0.12693,0.12693,0.12693,50.0
2022-03-04 17:41,0.1268,0.1268,0.1265,0.1267,10637.2,0.12670000,0.12670000,0.12650000,0.12650000,825083.00000000,0.1268,0.1268,0.1266,0.12673,8832.12141037
2022-03-04 17:42,0.1267,0.1267,0.1265,0.1265,11971.7,0.12660000,0.12660000,0.12650000,0.12660000,296577.00000000,0.12664,0.12664,0.1266,0.1266,250.0
2022-03-04 17:43,0.1266,0.1266,0.1262,0.1263,757587.0,0.12660000,0.12660000,0.12620000,0.12630000,373140.00000000,0.1265,0.1265,0.12627,0.12627,852.07608989
2022-03-04 17:44,0.1262,0.1263,0.126,0.1262,122571.9,0.12620000,0.12630000,0.12610000,0.12620000,386911.00000000,0.1263,0.1263,0.12626,0.12626,4476.24887965
2022-03-04 17:45,0.1262,0.1263,0.1261,0.1263,76108.7,0.12610000,0.12630000,0.12610000,0.12620000,128650.00000000,,,,,
2022-03-04 17:46,0.1262,0.1263,0.1261,0.1263,15640.6,0.12620000,0.12630000,0.12610000,0.12620000,82461.00000000,,,,,
2022-03-04 17:47,0.1263,0.1264,0.1262,0.1262,34530.3,0.12630000,0.12640000,0.12620000,0.12630000,209662.00000000,0.12628,0.12631,0.12628,0.12629,4633.77788418
2022-03-04 17:48,0.1264,0.1264,0.1263,0.1264,23196.7,0.12630000,0.12640000,0.12630000,0.12630000,91009.00000000,0.12642,0.12642,0.12642,0.12642,50.0
2022-03-04 17:49,0.1264,0.1264,0.1262,0.1262,39131.4,0.12630000,0.12640000,0.12630000,0.12630000,111498.00000000,0.12637,0.12637,0.12637,0.12637,550.0
2022-03-04 17:50,0.1262,0.1264,0.1262,0.1264,49512.8,0.12630000,0.12640000,0.12630000,0.12640000,358042.00000000,,,,,
2022-03-04 17:51,0.1264,0.1264,0.1262,0.1263,27671.2,0.12630000,0.12640000,0.12630000,0.12630000,580951.00000000,,,,,
2022-03-04 17:52,0.1264,0.1264,0.1263,0.1264,15076.3,0.12640000,0.12640000,0.12630000,0.12640000,23488.00000000,,,,,
2022-03-04 17:53,0.1264,0.1266,0.1263,0.1264,45808.6,0.12640000,0.12650000,0.12630000,0.12650000,105564.00000000,0.12649,0.12649,0.12649,0.12649,11.32602662
2022-03-04 17:54,0.1266,0.1267,0.1265,0.1266,33764.7,0.12650000,0.12670000,0.12650000,0.12660000,197059.00000000,0.12666,0.12672,0.12657,0.12657,343.08966394
2022-03-04 17:55,0.1266,0.1267,0.1265,0.1267,28611.9,0.12660000,0.12660000,0.12650000,0.12660000,410402.00000000,,,,,
2022-03-04 17:56,0.1266,0.1267,0.1265,0.1265,10398.1,0.12660000,0.12670000,0.12660000,0.12660000,157738.00000000,,,,,
2022-03-04 17:57,0.1266,0.1267,0.1265,0.1267,141850.3,0.12660000,0.12670000,0.12650000,0.12670000,134515.00000000,0.12667,0.12677,0.12667,0.12677,210.63150311
2022-03-04 17:58,0.1266,0.1267,0.1265,0.1266,49905.9,0.12670000,0.12670000,0.12650000,0.12670000,148345.00000000,,,,,
2022-03-04 17:59,0.1266,0.1267,0.1265,0.1266,5163.9,0.12670000,0.12670000,0.12660000,0.12670000,39604.00000000,,,,,
2022-03-04 18:00,0.1267,0.1268,0.1266,0.1267,38823.7,0.12670000,0.12680000,0.12650000,0.12660000,422201.00000000,0.12675,0.12675,0.12675,0.12675,50.0
2022-03-04 18:01,0.1266,0.1268,0.1266,0.1268,48854.2,0.12660000,0.12670000,0.12650000,0.12670000,196004.00000000,0.12666,0.12666,0.12666,0.12666,150.0
2022-03-04 18:02,0.1267,0.1269,0.1267,0.1268,12985.2,0.12670000,0.12680000,0.12670000,0.12670000,224676.00000000,0.12678,0.12693,0.12678,0.12679,116086.6925383
2022-03-04 18:03,0.1268,0.1269,0.1268,0.1268,29403.1,0.12670000,0.12680000,0.12670000,0.12670000,196577.00000000,0.12693,0.12693,0.12693,0.12693,100.0
2022-03-04 18:04,0.1268,0.1269,0.1267,0.1268,110386.5,0.12680000,0.12690000,0.12670000,0.12680000,251248.00000000,0.12691,0.12693,0.12691,0.12693,100.0
2022-03-04 18:05,0.1268,0.1269,0.1267,0.1268,330342.1,0.12680000,0.12690000,0.12670000,0.12670000,365445.00000000,0.12693,0.12693,0.12693,0.12693,9334.74398924
2022-03-04 18:06,0.1268,0.1269,0.1267,0.1267,3756.2,0.12670000,0.12690000,0.12670000,0.12680000,347563.00000000,,,,,
2022-03-04 18:07,0.1268,0.1268,0.1267,0.1268,2605.3,0.12680000,0.12680000,0.12670000,0.12670000,78280.00000000,0.1268,0.12692,0.1268,0.12692,310.61561088
2022-03-04 18:08,0.1268,0.1268,0.1267,0.1267,2953.7,0.12670000,0.12680000,0.12670000,0.12670000,64339.00000000,,,,,
2022-03-04 18:09,0.1268,0.1268,0.1267,0.1268,10646.1,0.12670000,0.12680000,0.12670000,0.12670000,84943.00000000,,,,,
2022-03-04 18:10,0.1268,0.1268,0.1265,0.1266,86290.0,0.12670000,0.12680000,0.12650000,0.12650000,739936.00000000,0.12679,0.12679,0.12678,0.12678,3943.84423485
2022-03-04 18:11,0.1266,0.1266,0.1264,0.1265,43648.7,0.12650000,0.12660000,0.12640000,0.12640000,94149.00000000,0.12662,0.12662,0.12662,0.12662,10.5924012
2022-03-04 18:12,0.1265,0.1265,0.1263,0.1264,81172.6,0.12640000,0.12650000,0.12630000,0.12630000,280314.00000000,0.12653,0.12653,0.12653,0.12653,1750.0
2022-03-04 18:13,0.1263,0.1264,0.1263,0.1263,3867.4,0.12630000,0.12640000,0.12630000,0.12640000,108920.00000000,0.12642,0.12642,0.12642,0.12642,1000.0
2022-03-04 18:14,0.1263,0.1265,0.1263,0.1263,314030.5,0.12630000,0.12640000,0.12620000,0.12620000,359620.00000000,0.12653,0.12659,0.12641,0.12641,3736.8534381699997
2022-03-04 18:15,0.1263,0.1264,0.1263,0.1264,299265.9,0.12620000,0.12650000,0.12620000,0.12650000,381364.00000000,,,,,
2022-03-04 18:16,0.1264,0.1265,0.1262,0.1263,31818.4,0.12640000,0.12650000,0.12620000,0.12630000,219420.00000000,0.12654,0.1266,0.12631,0.12631,3843.98696428
2022-03-04 18:17,0.1262,0.1262,0.126,0.1262,126433.0,0.12620000,0.12620000,0.12600000,0.12610000,628273.00000000,0.1263,0.1263,0.12619,0.12619,14631.055833080001
2022-03-04 18:18,0.1261,0.1262,0.126,0.1262,55359.2,0.12610000,0.12620000,0.12610000,0.12610000,41366.00000000,0.12619,0.12619,0.12617,0.12617,30000.0
2022-03-04 18:19,0.1261,0.1263,0.1261,0.1263,29774.1,0.12610000,0.12620000,0.12610000,0.12620000,159219.00000000,,,,,
2022-03-04 18:20,0.1262,0.1264,0.1262,0.1264,16052.1,0.12620000,0.12630000,0.12610000,0.12620000,832504.00000000,0.12632,0.12642,0.12631,0.12631,4158.20139
2022-03-04 18:21,0.1264,0.1264,0.1263,0.1263,66155.0,0.12630000,0.12640000,0.12630000,0.12630000,132552.00000000,,,,,
2022-03-04 18:22,0.1264,0.1264,0.1261,0.1262,20018.3,0.12630000,0.12640000,0.12620000,0.12620000,216367.00000000,0.12631,0.12631,0.12631,0.12631,1250.0
2022-03-04 18:23,0.1263,0.1263,0.126,0.1262,44826.8,0.12620000,0.12630000,0.12610000,0.12620000,213115.00000000,,,,,
2022-03-04 18:24,0.1261,0.1262,0.126,0.1261,6134.6,0.12610000,0.12620000,0.12600000,0.12600000,117032.00000000,0.12623,0.12623,0.12623,0.12623,450.0
2022-03-04 18:25,0.1261,0.1262,0.1261,0.1262,15529.2,0.12610000,0.12620000,0.12610000,0.12610000,53723.00000000,0.12622,0.12622,0.12622,0.12622,450.0
2022-03-04 18:26,0.1262,0.1263,0.1261,0.1263,26559.4,0.12620000,0.12630000,0.12610000,0.12620000,147760.00000000,0.12623,0.12623,0.12623,0.12623,189.69100597
2022-03-04 18:27,0.1262,0.1262,0.1261,0.1262,9984.2,0.12620000,0.12630000,0.12610000,0.12610000,282912.00000000,0.12632,0.12632,0.12632,0.12632,1000.0
2022-03-04 18:28,0.1263,0.1264,0.1262,0.1263,53779.5,0.12620000,0.12630000,0.12620000,0.12620000,33380.00000000,,,,,
2022-03-04 18:29,0.1262,0.1263,0.1262,0.1262,19318.2,0.12630000,0.12630000,0.12610000,0.12620000,106408.00000000,,,,,
2022-03-04 18:30,0.1262,0.1263,0.1262,0.1262,21701.8,0.12630000,0.12630000,0.12620000,0.12620000,17312.00000000,,,,,
2022-03-04 18:31,0.1262,0.1264,0.1261,0.1263,3474.2,0.12620000,0.12640000,0.12620000,0.12640000,214443.00000000,,,,,
2022-03-04 18:32,0.1264,0.1264,0.1262,0.1262,11589.1,0.12640000,0.12640000,0.12630000,0.12630000,48724.00000000,0.12644,0.12645,0.12644,0.12645,150.0
2022-03-04 18:33,0.1264,0.1265,0.1263,0.1265,3094.3,0.12630000,0.12650000,0.12630000,0.12650000,163878.00000000,,,,,
2022-03-04 18:34,0.1265,0.1265,0.1263,0.1263,9802.4,0.12650000,0.12650000,0.12640000,0.12650000,101369.00000000,0.12662,0.12662,0.12652,0.12652,1259.47595187
2022-03-04 18:35,0.1264,0.1265,0.1264,0.1264,34622.0,0.12650000,0.12650000,0.12640000,0.12640000,63222.00000000,0.1265,0.12662,0.12648,0.12648,489.70151262
2022-03-04 18:36,0.1263,0.1265,0.1263,0.1263,6344.4,0.12640000,0.12640000,0.12630000,0.12630000,19671.00000000,0.12653,0.12653,0.12653,0.12653,140.0
2022-03-04 18:37,0.1264,0.1264,0.1263,0.1264,2146.8,0.12640000,0.12640000,0.12630000,0.12640000,6370.00000000,0.1264,0.12652,0.1264,0.12652,300.0
2022-03-04 18:38,0.1264,0.1265,0.1263,0.1264,89874.4,0.12640000,0.12650000,0.12630000,0.12640000,115389.00000000,,,,,
2022-03-04 18:39,0.1265,0.1266,0.1265,0.1266,35243.8,0.12650000,0.12660000,0.12650000,0.12650000,81888.00000000,0.1265,0.12665,0.1265,0.12665,585.0304456199999
2022-03-04 18:40,0.1265,0.1265,0.1264,0.1265,71584.7,0.12650000,0.12650000,0.12640000,0.12640000,100545.00000000,0.1265,0.1265,0.12648,0.12648,62.13981646
2022-03-04 18:41,0.1264,0.1264,0.126,0.126,12709.8,0.12640000,0.12640000,0.12610000,0.12610000,321930.00000000,0.12658,0.12658,0.12629,0.12629,4266.61072477
2022-03-04 18:42,0.126,0.1262,0.1259,0.1259,239944.4,0.12610000,0.12620000,0.12590000,0.12590000,478567.00000000,0.12622,0.12625,0.12606,0.12606,9479.22619288
2022-03-04 18:43,0.1259,0.126,0.1257,0.1259,35484.0,0.12590000,0.12600000,0.12580000,0.12590000,349692.00000000,0.12593,0.126,0.12593,0.126,8638.13699786
2022-03-04 18:44,0.1259,0.126,0.1258,0.126,47996.2,0.12590000,0.12600000,0.12580000,0.12600000,187657.00000000,0.12592,0.126,0.12592,0.126,2032.9571
2022-03-04 18:45,0.126,0.126,0.1257,0.1259,16782.2,0.12600000,0.12600000,0.12580000,0.12590000,99369.00000000,0.126,0.126,0.126,0.126,8e-05
2022-03-04 18:46,0.1258,0.1259,0.1257,0.1257,3119.9,0.12590000,0.12590000,0.12580000,0.12580000,46181.00000000,0.12601,0.12601,0.12588,0.12588,1967.67693809
2022-03-04 18:47,0.1258,0.1258,0.1255,0.1256,189238.0,0.12580000,0.12580000,0.12550000,0.12560000,587733.00000000,0.12573,0.12578,0.12559,0.12578,2225.33155081
2022-03-04 18:48,0.1257,0.1257,0.1256,0.1257,210732.9,0.12570000,0.12570000,0.12560000,0.12570000,43773.00000000,0.12566,0.1257,0.12566,0.1257,256.871555
2022-03-04 18:49,0.1257,0.1258,0.1255,0.1256,89249.7,0.12570000,0.12580000,0.12550000,0.12580000,714996.00000000,0.12582,0.12587,0.1257,0.1257,314.02444465
2022-03-04 18:50,0.1256,0.1258,0.1256,0.1258,108382.6,0.12570000,0.12580000,0.12570000,0.12570000,81117.00000000,0.12578,0.12578,0.12578,0.12578,50.0
2022-03-04 18:51,0.1258,0.1259,0.1257,0.1258,1746.8,0.12580000,0.12590000,0.12570000,0.12590000,132528.00000000,0.12598,0.126,0.12588,0.126,1721.20148165
2022-03-04 18:52,0.1259,0.126,0.1258,0.1258,19711.1,0.12580000,0.12600000,0.12580000,0.12590000,205684.00000000,0.12588,0.12597,0.12588,0.12594,4600.0
2022-03-04 18:53,0.1259,0.126,0.1258,0.126,34263.9,0.12580000,0.12600000,0.12580000,0.12580000,124067.00000000,0.12589,0.12606,0.12589,0.12603,4906.0
2022-03-04 18:54,0.1258,0.126,0.1258,0.1259,1738.9,0.12590000,0.12600000,0.12580000,0.12590000,86352.00000000,,,,,
2022-03-04 18:55,0.126,0.126,0.1258,0.126,11713.2,0.12590000,0.12600000,0.12590000,0.12590000,189289.00000000,0.126,0.126,0.12594,0.12594,93.068811
2022-03-04 18:56,0.126,0.126,0.1258,0.1258,45654.6,0.12600000,0.12600000,0.12590000,0.12590000,71856.00000000,,,,,
2022-03-04 18:57,0.126,0.126,0.1258,0.1258,60550.7,0.12590000,0.12590000,0.12580000,0.12580000,240203.00000000,0.12594,0.12594,0.12594,0.12594,4492.5558685000005
2022-03-04 18:58,0.1258,0.1258,0.1255,0.1257,173421.9,0.12570000,0.12570000,0.12550000,0.12560000,756941.00000000,0.12583,0.12583,0.12558,0.12562,58243.19131035
2022-03-04 18:59,0.1256,0.1256,0.1252,0.1253,120116.7,0.12560000,0.12560000,0.12510000,0.12530000,1174692.00000000,0.12562,0.12562,0.12525,0.12544,12795.600466
2022-03-04 19:00,0.1252,0.1256,0.1252,0.1254,106637.8,0.12530000,0.12550000,0.12520000,0.12550000,288377.00000000,0.12534,0.12562,0.12534,0.12562,161.25433741
2022-03-04 19:01,0.1253,0.1254,0.1252,0.1253,5789.3,0.12540000,0.12550000,0.12520000,0.12530000,202499.00000000,0.1256,0.1256,0.1254,0.1254,2508.6300943
2022-03-04 19:02,0.1253,0.1253,0.1251,0.1251,13311.4,0.12530000,0.12530000,0.12510000,0.12520000,481092.00000000,0.12544,0.12544,0.12533,0.12533,1022.63042227
2022-03-04 19:03,0.125,0.1252,0.1244,0.1244,875126.4,0.12510000,0.12510000,0.12430000,0.12450000,3509918.00000000,0.12513,0.12513,0.12441,0.12441,59974.63489011
2022-03-04 19:04,0.1245,0.1249,0.1245,0.1248,1148341.1,0.12450000,0.12480000,0.12450000,0.12480000,2026893.00000000,0.12463,0.12481,0.12463,0.12475,650.0
2022-03-04 19:05,0.1248,0.1252,0.1248,0.125,794647.7,0.12480000,0.12510000,0.12470000,0.12500000,1111767.00000000,0.12488,0.12521,0.12482,0.12499,647633.87812129
2022-03-04 19:06,0.125,0.1251,0.1249,0.125,72847.2,0.12500000,0.12500000,0.12490000,0.12500000,207248.00000000,0.12506,0.12518,0.12506,0.12514,41734.43938093
2022-03-04 19:07,0.125,0.1251,0.1249,0.1249,16654.8,0.12500000,0.12510000,0.12490000,0.12500000,229679.00000000,0.12497,0.1252,0.12497,0.12506,623.59698251
2022-03-04 19:08,0.125,0.125,0.1247,0.1247,107242.2,0.12490000,0.12490000,0.12470000,0.12470000,265736.00000000,0.12492,0.12492,0.12492,0.12492,3278.77484527
2022-03-04 19:09,0.1246,0.1247,0.124,0.1243,432389.3,0.12460000,0.12460000,0.12400000,0.12440000,2937230.00000000,0.12473,0.12473,0.12406,0.12431,72744.18727204
2022-03-04 19:10,0.1244,0.1244,0.1238,0.1239,479330.7,0.12430000,0.12430000,0.12370000,0.12380000,2039605.00000000,0.12431,0.12431,0.12378,0.12381,41528.51996437
2022-03-04 19:11,0.1239,0.1242,0.1236,0.1237,196545.2,0.12390000,0.12420000,0.12360000,0.12370000,1709643.00000000,0.12411,0.12424,0.12368,0.12392,14289.43494232
2022-03-04 19:12,0.1237,0.1238,0.1235,0.1236,377162.0,0.12370000,0.12380000,0.12340000,0.12350000,2227196.00000000,0.1238,0.12381,0.12347,0.12364,8892.69351845
2022-03-04 19:13,0.1235,0.1236,0.1231,0.1235,2664626.8,0.12350000,0.12360000,0.12320000,0.12350000,2109887.00000000,0.12357,0.12372,0.12335,0.12358,6527.8375855
2022-03-04 19:14,0.1235,0.1238,0.1235,0.1236,177745.8,0.12350000,0.12380000,0.12350000,0.12370000,700964.00000000,0.12371,0.1238,0.12364,0.12364,27554.12256427
2022-03-04 19:15,0.1237,0.1238,0.1235,0.1236,131415.7,0.12370000,0.12380000,0.12350000,0.12360000,665329.00000000,0.12378,0.12387,0.1237,0.12381,22783.14919543
2022-03-04 19:16,0.1236,0.1238,0.1236,0.1238,42653.7,0.12370000,0.12380000,0.12360000,0.12380000,215390.00000000,0.12381,0.12381,0.12373,0.12378,15303.57230197
2022-03-04 19:17,0.1239,0.1239,0.1233,0.1234,59069.8,0.12390000,0.12390000,0.12340000,0.12340000,756014.00000000,0.12381,0.12381,0.12351,0.12351,1050.0
2022-03-04 19:18,0.1233,0.1238,0.1233,0.1238,147125.7,0.12340000,0.12370000,0.12340000,0.12370000,456465.00000000,0.12357,0.12389,0.12348,0.12389,850.0
2022-03-04 19:19,0.1238,0.1239,0.1236,0.1238,77346.3,0.12370000,0.12390000,0.12360000,0.12380000,441774.00000000,0.12378,0.124,0.12371,0.12399,4142.63523195
2022-03-04 19:20,0.1238,0.124,0.1236,0.1238,338730.4,0.12390000,0.12400000,0.12370000,0.12390000,781614.00000000,0.12388,0.12388,0.12372,0.12372,4423.14546486
2022-03-04 19:21,0.1239,0.1242,0.1238,0.1242,58379.3,0.12390000,0.12410000,0.12380000,0.12410000,267182.00000000,0.12388,0.1242,0.12388,0.12416,519.07954064
2022-03-04 19:22,0.1241,0.1242,0.1239,0.124,138873.1,0.12410000,0.12420000,0.12390000,0.12400000,666393.00000000,0.12429,0.12429,0.12408,0.12408,725.65541321
2022-03-04 19:23,0.1239,0.1241,0.1238,0.124,64171.4,0.12390000,0.12410000,0.12380000,0.12410000,454996.00000000,0.12396,0.12396,0.12396,0.12396,100.0
2022-03-04 19:24,0.1241,0.1242,0.1239,0.1241,304902.6,0.12400000,0.12410000,0.12390000,0.12400000,415630.00000000,0.12413,0.12426,0.12411,0.12411,125.36549667
2022-03-04 19:25,0.1241,0.1244,0.1241,0.1244,92344.9,0.12400000,0.12450000,0.12400000,0.12440000,851542.00000000,0.12414,0.12448,0.12414,0.12448,5432.02662123
2022-03-04 19:26,0.1245,0.1245,0.1242,0.1244,25499.8,0.12440000,0.12450000,0.12430000,0.12440000,347129.00000000,0.12456,0.12456,0.12456,0.12456,100.0
2022-03-04 19:27,0.1244,0.1244,0.1242,0.1242,58194.9,0.12440000,0.12440000,0.12410000,0.12420000,297111.00000000,0.12436,0.12446,0.12436,0.12444,187.74283493
2022-03-04 19:28,0.1243,0.1243,0.124,0.1243,41258.3,0.12420000,0.12420000,0.12400000,0.12420000,390969.00000000,0.12432,0.12436,0.12423,0.12428,4518.222803430001
2022-03-04 19:29,0.1243,0.1243,0.1239,0.124,265052.3,0.12430000,0.12430000,0.12400000,0.12410000,497434.00000000,0.12414,0.12414,0.12414,0.12414,4413.833489889999
2022-03-04 19:30,0.1241,0.1242,0.1239,0.124,22939.2,0.12420000,0.12420000,0.12390000,0.12420000,457375.00000000,0.12406,0.12429,0.12406,0.12429,63.47925855
2022-03-04 19:31,0.1242,0.1244,0.124,0.1244,42350.8,0.12410000,0.12440000,0.12410000,0.12430000,278328.00000000,0.12428,0.12448,0.12428,0.12448,1557.73734406
2022-03-04 19:32,0.1243,0.1244,0.1242,0.1244,20174.1,0.12440000,0.12440000,0.12420000,0.12430000,104831.00000000,0.12428,0.12428,0.12428,0.12428,508.08151929
2022-03-04 19:33,0.1243,0.1244,0.1242,0.1243,169354.4,0.12430000,0.12430000,0.12420000,0.12430000,33782.00000000,0.12444,0.12444,0.12433,0.12441,378.85928269
2022-03-04 19:34,0.1243,0.1243,0.1241,0.1243,12288.7,0.12430000,0.12430000,0.12410000,0.12430000,276053.00000000,0.12424,0.1243,0.12424,0.1243,65.39913139
2022-03-04 19:35,0.1242,0.1244,0.124,0.124,168422.2,0.12430000,0.12430000,0.12400000,0.12410000,157509.00000000,0.12441,0.12441,0.12414,0.12414,664.47706932
2022-03-04 19:36,0.124,0.1242,0.124,0.1241,31104.2,0.12400000,0.12420000,0.12390000,0.12410000,340409.00000000,0.12403,0.12413,0.12403,0.12412,5206.89772704
2022-03-04 19:37,0.1241,0.1242,0.1241,0.1242,64783.3,0.12400000,0.12420000,0.12400000,0.12410000,303802.00000000,0.12431,0.12431,0.1241,0.1241,61.38500532
2022-03-04 19:38,0.1242,0.1243,0.1242,0.1243,18126.9,0.12410000,0.12420000,0.12400000,0.12420000,444405.00000000,0.12421,0.1244,0.12421,0.1244,114.42584433
2022-03-04 19:39,0.1241,0.1243,0.124,0.1242,45425.7,0.12410000,0.12420000,0.12400000,0.12400000,162863.00000000,0.12421,0.12421,0.12421,0.12421,14.14244979
2022-03-04 19:40,0.1239,0.1241,0.1239,0.1241,21500.4,0.12400000,0.12400000,0.12390000,0.12390000,212831.00000000,0.12412,0.12421,0.12398,0.12413,808.4205706
2022-03-04 19:41,0.124,0.1241,0.1239,0.124,22807.5,0.12400000,0.12410000,0.12380000,0.12390000,203974.00000000,0.12399,0.12399,0.12399,0.12399,13.32301427
2022-03-04 19:42,0.124,0.124,0.1237,0.1238,99776.8,0.12400000,0.12400000,0.12370000,0.12380000,399486.00000000,0.12389,0.12389,0.12389,0.12389,50.0
2022-03-04 19:43,0.1239,0.1239,0.1236,0.1237,123734.8,0.12370000,0.12380000,0.12360000,0.12370000,180308.00000000,0.1238,0.1238,0.12369,0.12379,1033.26484293
2022-03-04 19:44,0.1238,0.1239,0.1236,0.1238,76156.7,0.12370000,0.12390000,0.12360000,0.12390000,229722.00000000,0.12383,0.12391,0.12373,0.12379,5847.98409248
2022-03-04 19:45,0.1237,0.1239,0.1237,0.1238,22094.9,0.12380000,0.12390000,0.12370000,0.12380000,497246.00000000,0.12375,0.12392,0.12375,0.12391,553.89892062
2022-03-04 19:46,0.1238,0.124,0.1237,0.124,54753.7,0.12380000,0.12390000,0.12370000,0.12390000,355098.00000000,0.12395,0.12399,0.12395,0.12397,150.0
2022-03-04 19:47,0.1238,0.1241,0.1238,0.1239,174330.5,0.12390000,0.12410000,0.12380000,0.12400000,392636.00000000,0.12405,0.1242,0.12397,0.1241,2897.36696828
2022-03-04 19:48,0.1239,0.124,0.1238,0.1238,114058.6,0.12400000,0.12410000,0.12370000,0.12390000,819112.00000000,0.12413,0.12413,0.12394,0.12394,570.31523533
2022-03-04 19:49,0.1239,0.1239,0.1232,0.1232,287367.4,0.12390000,0.12390000,0.12330000,0.12330000,845638.00000000,0.12387,0.12402,0.12349,0.12354,16828.99472638
2022-03-04 19:50,0.1234,0.1238,0.1233,0.1237,195138.4,0.12340000,0.12380000,0.12330000,0.12370000,704154.00000000,0.12338,0.1238,0.12338,0.1238,5862.96118133
2022-03-04 19:51,0.1238,0.124,0.1238,0.1239,119491.0,0.12370000,0.12400000,0.12370000,0.12390000,365107.00000000,0.12373,0.12404,0.12373,0.12391,353.35906325
2022-03-04 19:52,0.1238,0.1238,0.1235,0.1235,246568.7,0.12380000,0.12390000,0.12340000,0.12350000,432245.00000000,0.12402,0.12402,0.12371,0.12371,33.186960140000004
2022-03-04 19:53,0.1236,0.1237,0.1232,0.1237,189860.5,0.12340000,0.12360000,0.12310000,0.12360000,980330.00000000,0.12359,0.12368,0.12319,0.12368,8102.95474235
2022-03-04 19:54,0.1237,0.1239,0.1236,0.1236,24187.2,0.12360000,0.12390000,0.12360000,0.12370000,1220044.00000000,0.12381,0.12389,0.12375,0.12375,6378.41058207
2022-03-04 19:55,0.1236,0.1238,0.1235,0.1236,60996.3,0.12370000,0.12380000,0.12350000,0.12360000,309805.00000000,0.12359,0.12372,0.12359,0.12372,265.47902591999997
2022-03-04 19:56,0.1236,0.1238,0.1236,0.1237,25443.0,0.12350000,0.12380000,0.12350000,0.12370000,267421.00000000,,,,,
2022-03-04 19:57,0.1236,0.1238,0.1236,0.1237,78863.8,0.12360000,0.12370000,0.12360000,0.12370000,135262.00000000,0.12373,0.12373,0.12373,0.12373,200.0
2022-03-04 19:58,0.1237,0.1238,0.1233,0.1233,298024.3,0.12370000,0.12380000,0.12330000,0.12340000,501955.00000000,0.12364,0.12364,0.1234,0.1234,11475.18065848
2022-03-04 19:59,0.1232,0.1234,0.123,0.1234,111429.7,0.12340000,0.12340000,0.12300000,0.12340000,1059326.00000000,0.1234,0.12352,0.1231,0.12352,13203.86329727
2022-03-04 20:00,0.1233,0.1233,0.1227,0.1227,419934.7,0.12330000,0.12340000,0.12260000,0.12260000,3117599.00000000,0.12311,0.12311,0.1227,0.1227,10405.58202
2022-03-04 20:01,0.1226,0.1228,0.1226,0.1227,179672.6,0.12270000,0.12280000,0.12260000,0.12270000,596304.00000000,0.12267,0.12285,0.12265,0.12285,260.37654707
2022-03-04 20:02,0.1228,0.1233,0.1228,0.1233,206599.7,0.12280000,0.12330000,0.12270000,0.12320000,759954.00000000,0.12293,0.12336,0.12293,0.12331,18555.1449271
2022-03-04 20:03,0.1232,0.1234,0.1231,0.1233,190215.1,0.12330000,0.12340000,0.12320000,0.12330000,316383.00000000,0.12332,0.12344,0.12326,0.12336,12156.8885479
2022-03-04 20:04,0.1234,0.1234,0.1231,0.1231,15859.2,0.12330000,0.12340000,0.12310000,0.12310000,173507.00000000,0.12348,0.12348,0.12316,0.12316,270.96287426
2022-03-04 20:05,0.1232,0.1233,0.1231,0.1232,57194.8,0.12320000,0.12330000,0.12310000,0.12320000,185182.00000000,0.12333,0.12333,0.12331,0.12332,208.06214801
2022-03-04 20:06,0.1232,0.1235,0.1232,0.1233,98935.7,0.12320000,0.12340000,0.12320000,0.12340000,300886.00000000,0.12348,0.12348,0.12348,0.12348,174.54210913
2022-03-04 20:07,0.1233,0.1234,0.1231,0.1232,68835.0,0.12340000,0.12340000,0.12310000,0.12310000,300295.00000000,0.12332,0.12332,0.12332,0.12332,9.78639104
2022-03-04 20:08,0.1232,0.1233,0.1231,0.1233,94399.8,0.12320000,0.12330000,0.12300000,0.12320000,480177.00000000,0.12332,0.12332,0.12332,0.12332,3352.09290562
2022-03-04 20:09,0.1233,0.1233,0.1231,0.1232,76873.7,0.12310000,0.12330000,0.12310000,0.12320000,175058.00000000,0.12318,0.12318,0.12318,0.12318,250.0
2022-03-04 20:10,0.1232,0.1233,0.1231,0.1233,17012.8,0.12320000,0.12330000,0.12310000,0.12320000,106480.00000000,0.12325,0.12325,0.12325,0.12325,15.72274412
2022-03-04 20:11,0.1233,0.1234,0.1232,0.1233,234728.7,0.12320000,0.12340000,0.12320000,0.12330000,512671.00000000,0.12336,0.12343,0.12336,0.12343,59.02496578
2022-03-04 20:12,0.1232,0.1232,0.1229,0.123,308368.4,0.12320000,0.12320000,0.12290000,0.12290000,515310.00000000,0.12332,0.12332,0.1231,0.1231,29217.79618009
2022-03-04 20:13,0.1229,0.1229,0.1226,0.1227,64646.4,0.12290000,0.12290000,0.12260000,0.12270000,891484.00000000,0.12299,0.12299,0.12278,0.12278,16049.09447191
2022-03-04 20:14,0.1226,0.1228,0.1222,0.1225,208393.4,0.12280000,0.12280000,0.12220000,0.12260000,1839482.00000000,0.12277,0.12277,0.12231,0.12277,12976.53273177
2022-03-04 20:15,0.1225,0.1227,0.1223,0.1225,335183.2,0.12260000,0.12270000,0.12230000,0.12250000,924956.00000000,0.12262,0.12262,0.1225,0.1225,3278.70298737
2022-03-04 20:16,0.1224,0.1225,0.1221,0.1223,394500.3,0.12250000,0.12250000,0.12200000,0.12230000,1678780.00000000,0.12245,0.12245,0.12207,0.12226,1085.11410835
2022-03-04 20:17,0.1222,0.1225,0.1222,0.1222,187765.1,0.12230000,0.12250000,0.12220000,0.12230000,725444.00000000,0.1225,0.12251,0.12235,0.12235,11684.74225528
2022-03-04 20:18,0.1223,0.1225,0.1222,0.1223,102713.9,0.12230000,0.12250000,0.12230000,0.12230000,227088.00000000,0.12249,0.12252,0.12238,0.12238,11160.92394254
2022-03-04 20:19,0.1222,0.1224,0.1221,0.1221,104804.2,0.12230000,0.12250000,0.12210000,0.12210000,567284.00000000,0.12242,0.12256,0.12224,0.12224,4543.01303085
2022-03-04 20:20,0.1221,0.1222,0.1217,0.1222,865259.5,0.12210000,0.12220000,0.12170000,0.12220000,3185467.00000000,0.1221,0.12219,0.12179,0.12219,14721.612
2022-03-04 20:21,0.1222,0.1225,0.1221,0.1224,163866.7,0.12220000,0.12250000,0.12200000,0.12240000,808676.00000000,0.12236,0.12259,0.12219,0.12239,30497.02506941
2022-03-04 20:22,0.1224,0.1226,0.1221,0.1222,269582.1,0.12250000,0.12260000,0.12220000,0.12220000,1719328.00000000,0.12249,0.12265,0.1224,0.1224,16170.25478075
2022-03-04 20:23,0.1222,0.1224,0.1221,0.1223,54367.0,0.12220000,0.12240000,0.12220000,0.12220000,641080.00000000,0.12232,0.12241,0.12232,0.12241,4859.7993480000005
2022-03-04 20:24,0.1222,0.1222,0.1219,0.1219,266859.3,0.12220000,0.12220000,0.12190000,0.12200000,650452.00000000,0.12222,0.12222,0.12207,0.12208,20564.77796158
2022-03-04 20:25,0.1221,0.1222,0.1219,0.122,78147.6,0.12200000,0.12210000,0.12190000,0.12190000,173428.00000000,0.12211,0.12211,0.12211,0.12211,4091.31822
2022-03-04 20:26,0.122,0.1222,0.1219,0.1219,238473.2,0.12190000,0.12210000,0.12180000,0.12180000,625042.00000000,0.12218,0.12222,0.12195,0.12195,8234.87931173
2022-03-04 20:27,0.1218,0.1223,0.1217,0.1223,453584.4,0.12180000,0.12230000,0.12180000,0.12230000,1515254.00000000,0.12193,0.12229,0.12193,0.12225,47350.09366431
2022-03-04 20:28,0.1224,0.1227,0.1223,0.1226,568162.6,0.12230000,0.12260000,0.12230000,0.12250000,871518.00000000,0.12238,0.12263,0.12238,0.12262,21457.97065776
2022-03-04 20:29,0.1226,0.1226,0.1223,0.1226,187670.1,0.12260000,0.12260000,0.12230000,0.12260000,673969.00000000,0.12237,0.12254,0.12237,0.12254,17.771185449999997
2022-03-04 20:30,0.1225,0.1227,0.1223,0.1223,410219.5,0.12260000,0.12260000,0.12220000,0.12230000,587729.00000000,0.12251,0.12251,0.12238,0.12238,23187.62078915
2022-03-04 20:31,0.1222,0.1223,0.1222,0.1223,57484.7,0.12220000,0.12230000,0.12220000,0.12220000,327910.00000000,0.12238,0.12238,0.12233,0.12233,4719.33134878
2022-03-04 20:32,0.1223,0.1225,0.1222,0.1223,191511.7,0.12220000,0.12250000,0.12220000,0.12240000,717065.00000000,0.12254,0.12254,0.12254,0.12254,15.41098784
2022-03-04 20:33,0.1225,0.1226,0.1223,0.1223,311370.6,0.12250000,0.12250000,0.12220000,0.12240000,255159.00000000,0.12238,0.12238,0.12238,0.12238,14.0
2022-03-04 20:34,0.1223,0.1225,0.1222,0.1225,59675.5,0.12230000,0.12250000,0.12220000,0.12240000,262357.00000000,0.12238,0.12252,0.12238,0.12252,50.1409556
2022-03-04 20:35,0.1225,0.1229,0.1225,0.1229,34343.1,0.12250000,0.12290000,0.12250000,0.12280000,1165211.00000000,0.12262,0.12291,0.12262,0.12291,583.6118566800001
2022-03-04 20:36,0.1228,0.1229,0.1226,0.1228,85798.1,0.12280000,0.12290000,0.12270000,0.12270000,258869.00000000,0.12279,0.12292,0.12279,0.12292,900.0
2022-03-04 20:37,0.1227,0.1228,0.1225,0.1226,46560.4,0.12280000,0.12280000,0.12250000,0.12250000,155611.00000000,0.12283,0.12283,0.1227,0.12276,71.10678967
2022-03-04 20:38,0.1225,0.1226,0.1224,0.1225,28355.6,0.12250000,0.12250000,0.12240000,0.12250000,348545.00000000,0.12265,0.1227,0.12251,0.1227,4822.31012569
2022-03-04 20:39,0.1226,0.1226,0.1225,0.1226,52343.6,0.12250000,0.12260000,0.12240000,0.12250000,72965.00000000,0.12268,0.12268,0.12268,0.12268,150.0
2022-03-04 20:40,0.1226,0.1226,0.1222,0.1225,208763.5,0.12260000,0.12260000,0.12210000,0.12240000,1580480.00000000,0.12251,0.12251,0.12239,0.12239,30.48265644
2022-03-04 20:41,0.1224,0.123,0.1224,0.123,266043.4,0.12240000,0.12290000,0.12240000,0.12290000,478200.00000000,0.12248,0.12293,0.12248,0.12285,3797.3943375000003
2022-03-04 20:42,0.1227,0.123,0.1227,0.1228,64473.1,0.12280000,0.12300000,0.12270000,0.12290000,447868.00000000,0.12291,0.12304,0.12291,0.12304,14128.19880243
2022-03-04 20:43,0.1229,0.123,0.1228,0.123,52774.7,0.12290000,0.12300000,0.12280000,0.12290000,174796.00000000,0.12295,0.12304,0.12291,0.12291,4797.88000019
2022-03-04 20:44,0.123,0.123,0.1228,0.1228,105790.7,0.12280000,0.12290000,0.12280000,0.12280000,276748.00000000,0.123,0.12301,0.12291,0.12296,250.0
2022-03-04 20:45,0.1227,0.123,0.1227,0.1229,110803.2,0.12270000,0.12290000,0.12270000,0.12280000,136320.00000000,0.12289,0.12299,0.12281,0.12281,158.98783915
2022-03-04 20:46,0.1229,0.1229,0.1227,0.1228,113575.6,0.12280000,0.12290000,0.12270000,0.12290000,117084.00000000,0.12288,0.12288,0.12288,0.12288,14.73743986
2022-03-04 20:47,0.1228,0.1229,0.1226,0.1226,138036.5,0.12290000,0.12290000,0.12250000,0.12260000,194961.00000000,0.12302,0.12302,0.12273,0.12274,2229.94367861
2022-03-04 20:48,0.1226,0.1227,0.1224,0.1225,224982.2,0.12250000,0.12260000,0.12240000,0.12250000,254811.00000000,0.12274,0.12278,0.12256,0.1226,14905.88455364
2022-03-04 20:49,0.1226,0.1227,0.1225,0.1226,62682.2,0.12260000,0.12270000,0.12250000,0.12260000,54854.00000000,,,,,
2022-03-04 20:50,0.1226,0.1229,0.1226,0.1228,83054.2,0.12270000,0.12290000,0.12260000,0.12280000,425190.00000000,0.12269,0.12282,0.12269,0.12282,3374.13779411
2022-03-04 20:51,0.1229,0.1229,0.1227,0.1229,28749.8,0.12280000,0.12280000,0.12270000,0.12280000,51695.00000000,0.12281,0.12281,0.12281,0.12281,150.0
2022-03-04 20:52,0.1228,0.123,0.1228,0.1229,186295.1,0.12290000,0.12290000,0.12280000,0.12290000,189709.00000000,0.12296,0.12301,0.12296,0.12301,9850.186023100001
2022-03-04 20:53,0.1229,0.123,0.1228,0.123,54067.3,0.12290000,0.12300000,0.12280000,0.12290000,305654.00000000,0.12311,0.12311,0.12298,0.12298,98.28860616
2022-03-04 20:54,0.123,0.1231,0.1229,0.123,3755.7,0.12300000,0.12310000,0.12290000,0.12300000,165735.00000000,0.12314,0.12318,0.12312,0.12318,4531.98274984
2022-03-04 20:55,0.123,0.1232,0.123,0.1231,468072.2,0.12310000,0.12320000,0.12300000,0.12300000,220521.00000000,0.12309,0.12309,0.12309,0.12309,2500.0
2022-03-04 20:56,0.1231,0.1232,0.123,0.1232,589575.7,0.12310000,0.12310000,0.12290000,0.12310000,178509.00000000,0.12322,0.12329,0.12309,0.12329,350.0
2022-03-04 20:57,0.1231,0.1233,0.1231,0.1232,815994.5,0.12320000,0.12320000,0.12310000,0.12320000,50083.00000000,,,,,
2022-03-04 20:58,0.1232,0.1232,0.123,0.1231,80065.6,0.12320000,0.12320000,0.12300000,0.12310000,221611.00000000,0.12318,0.12318,0.12318,0.12318,10266.14977764
2022-03-04 20:59,0.1231,0.1232,0.123,0.1231,84918.4,0.12310000,0.12310000,0.12290000,0.12290000,127748.00000000,0.12306,0.12322,0.12306,0.12307,450.0
2022-03-04 21:00,0.123,0.1232,0.1229,0.1231,288143.9,0.12290000,0.12310000,0.12290000,0.12310000,533020.00000000,0.12305,0.12309,0.12305,0.12309,7455.57682
2022-03-04 21:01,0.1231,0.1232,0.123,0.1231,71679.3,0.12310000,0.12320000,0.12310000,0.12310000,158603.00000000,0.12318,0.12318,0.12318,0.12318,82.4021886
2022-03-04 21:02,0.1231,0.1231,0.1229,0.1229,36409.4,0.12310000,0.12310000,0.12290000,0.12290000,619539.00000000,0.12326,0.12326,0.12308,0.1231,1024.92533246
2022-03-04 21:03,0.123,0.123,0.1228,0.1228,475938.8,0.12290000,0.12300000,0.12270000,0.12270000,481590.00000000,0.12299,0.12299,0.12294,0.12294,4462.58350734
2022-03-04 21:04,0.1227,0.123,0.1226,0.1229,207419.5,0.12270000,0.12290000,0.12260000,0.12280000,687029.00000000,0.12294,0.12298,0.12266,0.12296,1938.65334885
2022-03-04 21:05,0.1229,0.1231,0.1229,0.1229,74310.1,0.12290000,0.12310000,0.12280000,0.12290000,249829.00000000,0.12318,0.12318,0.12301,0.12307,1300.0
2022-03-04 21:06,0.123,0.123,0.1228,0.123,176849.6,0.12300000,0.12300000,0.12280000,0.12290000,327242.00000000,0.1229,0.12312,0.1229,0.12312,70.2050435
2022-03-04 21:07,0.123,0.1231,0.1228,0.1231,80288.0,0.12290000,0.12290000,0.12280000,0.12290000,113195.00000000,0.12292,0.12292,0.12292,0.12292,46.56481103
2022-03-04 21:08,0.1229,0.123,0.1228,0.123,33823.2,0.12290000,0.12290000,0.12280000,0.12290000,44303.00000000,,,,,
2022-03-04 21:09,0.123,0.123,0.1228,0.1229,29850.2,0.12280000,0.12290000,0.12270000,0.12290000,170026.00000000,0.12302,0.12302,0.12302,0.12302,150.0
2022-03-04 21:10,0.1228,0.123,0.1227,0.1229,40452.4,0.12280000,0.12290000,0.12270000,0.12290000,261466.00000000,0.12299,0.12299,0.12291,0.12291,62.04296419
2022-03-04 21:11,0.123,0.1231,0.1229,0.1229,157166.8,0.12280000,0.12310000,0.12280000,0.12280000,619885.00000000,0.12306,0.12312,0.12306,0.12312,41647.0689282
2022-03-04 21:12,0.123,0.123,0.1227,0.1229,476981.8,0.12290000,0.12300000,0.12270000,0.12280000,776418.00000000,0.123,0.123,0.12281,0.12281,20251.88741877
2022-03-04 21:13,0.1229,0.1229,0.1228,0.1229,39158.3,0.12280000,0.12290000,0.12270000,0.12270000,129300.00000000,0.1229,0.12298,0.1229,0.12298,158.6687469
2022-03-04 21:14,0.1229,0.1229,0.1228,0.1229,117593.7,0.12270000,0.12280000,0.12270000,0.12270000,60461.00000000,0.12291,0.12291,0.12291,0.12291,9.71329959
2022-03-04 21:15,0.1228,0.1229,0.1227,0.1228,87935.3,0.12270000,0.12290000,0.12270000,0.12290000,100507.00000000,,,,,
2022-03-04 21:16,0.1228,0.1229,0.1226,0.1226,41007.1,0.12280000,0.12290000,0.12260000,0.12260000,372254.00000000,0.12281,0.12281,0.12281,0.12281,10.04197051
2022-03-04 21:17,0.1227,0.1229,0.1227,0.1229,594100.5,0.12250000,0.12280000,0.12250000,0.12270000,337201.00000000,0.12291,0.12291,0.12275,0.12275,513.80746202
2022-03-04 21:18,0.1227,0.1228,0.1225,0.1227,288231.4,0.12270000,0.12270000,0.12240000,0.12250000,910060.00000000,0.12274,0.12274,0.12253,0.12253,8176.6053161
2022-03-04 21:19,0.1227,0.1228,0.1226,0.1228,37771.1,0.12250000,0.12270000,0.12250000,0.12270000,577057.00000000,0.12269,0.12269,0.12269,0.12269,10.05489113
2022-03-04 21:20,0.1228,0.1229,0.1226,0.1228,58982.0,0.12270000,0.12280000,0.12260000,0.12270000,199818.00000000,0.12282,0.1229,0.12282,0.1229,61.64778965
2022-03-04 21:21,0.1227,0.123,0.1227,0.1229,14283.5,0.12270000,0.12290000,0.12270000,0.12280000,367640.00000000,0.12289,0.12301,0.12289,0.12301,7086.90506773
2022-03-04 21:22,0.1228,0.1229,0.1227,0.1227,64596.8,0.12290000,0.12290000,0.12270000,0.12270000,201498.00000000,0.12309,0.12309,0.1229,0.1229,160.31161351
2022-03-04 21:23,0.1228,0.1229,0.1227,0.1229,50954.9,0.12280000,0.12280000,0.12270000,0.12270000,22702.00000000,0.12291,0.12291,0.12291,0.12291,11.54164911
2022-03-04 21:24,0.1229,0.123,0.1228,0.1229,45896.7,0.12270000,0.12300000,0.12270000,0.12290000,198114.00000000,0.12299,0.12299,0.12299,0.12299,13.1859867
2022-03-04 21:25,0.1229,0.1233,0.1229,0.1233,4392583.6,0.12290000,0.12320000,0.12280000,0.12310000,498362.00000000,0.12311,0.12315,0.12308,0.12315,22259.97997642
2022-03-04 21:26,0.1232,0.1236,0.1232,0.1234,1932098.0,0.12310000,0.12340000,0.12310000,0.12330000,504767.00000000,0.12332,0.1236,0.12332,0.12355,13927.72787062
2022-03-04 21:27,0.1235,0.1235,0.1233,0.1234,258019.2,0.12330000,0.12340000,0.12320000,0.12330000,226347.00000000,0.12351,0.12351,0.1233,0.12331,3075.46009233
2022-03-04 21:28,0.1234,0.1234,0.1231,0.1232,536908.2,0.12330000,0.12330000,0.12300000,0.12310000,426156.00000000,0.1232,0.1232,0.1232,0.1232,4042.93265872
2022-03-04 21:29,0.1231,0.1232,0.1231,0.1232,59252.3,0.12310000,0.12320000,0.12300000,0.12320000,419201.00000000,0.1231,0.1231,0.1231,0.1231,50.0
2022-03-04 21:30,0.1232,0.1242,0.123,0.1239,15339598.8,0.12310000,0.12410000,0.12300000,0.12370000,5792283.00000000,0.12317,0.1243,0.12317,0.1239,614179.13426379
2022-03-04 21:31,0.1238,0.1239,0.1237,0.1238,409484.5,0.12370000,0.12370000,0.12350000,0.12360000,1310661.00000000,0.12391,0.12392,0.12366,0.1238,53713.4588525
2022-03-04 21:32,0.1238,0.1239,0.1235,0.1236,2456229.0,0.12370000,0.12370000,0.12340000,0.12350000,699287.00000000,0.1238,0.1238,0.1236,0.1237,13272.56947969
2022-03-04 21:33,0.1236,0.1238,0.1234,0.1234,623676.5,0.12350000,0.12360000,0.12320000,0.12320000,711108.00000000,0.12371,0.12371,0.12344,0.12345,50835.49409557
2022-03-04 21:34,0.1235,0.1235,0.1232,0.1233,123477.4,0.12330000,0.12330000,0.12310000,0.12320000,1013144.00000000,0.12344,0.12344,0.12335,0.12335,22774.38374374
2022-03-04 21:35,0.1232,0.1234,0.1232,0.1233,118195.5,0.12320000,0.12330000,0.12310000,0.12320000,332050.00000000,0.12334,0.12334,0.12331,0.12334,30139.46559028
2022-03-04 21:36,0.1233,0.1234,0.1233,0.1234,143742.5,0.12310000,0.12330000,0.12310000,0.12330000,235376.00000000,0.12341,0.12341,0.12331,0.12331,4482.0
2022-03-04 21:37,0.1234,0.1234,0.1233,0.1233,176159.1,0.12330000,0.12330000,0.12320000,0.12330000,41815.00000000,0.12338,0.12338,0.12331,0.12331,116.59925476000001
2022-03-04 21:38,0.1233,0.1235,0.1233,0.1234,55405.1,0.12320000,0.12340000,0.12320000,0.12340000,86921.00000000,0.12331,0.12339,0.12331,0.12339,8572.3135362
2022-03-04 21:39,0.1234,0.1239,0.1234,0.1237,543428.1,0.12330000,0.12380000,0.12330000,0.12370000,417788.00000000,0.12353,0.12393,0.12353,0.12393,50071.15560811
2022-03-04 21:40,0.1239,0.1239,0.1237,0.1239,15961.7,0.12370000,0.12380000,0.12370000,0.12370000,28804.00000000,0.12392,0.12392,0.12379,0.1238,3190.60905788
2022-03-04 21:41,0.1238,0.1239,0.1237,0.1239,95096.9,0.12370000,0.12390000,0.12360000,0.12390000,478668.00000000,0.1238,0.12384,0.1238,0.12384,300.0
2022-03-04 21:42,0.124,0.124,0.1237,0.1238,87080.1,0.12380000,0.12380000,0.12360000,0.12370000,172426.00000000,,,,,
2022-03-04 21:43,0.1239,0.124,0.1239,0.1239,145981.9,0.12370000,0.12390000,0.12370000,0.12380000,717622.00000000,0.12385,0.12385,0.12385,0.12385,15.43643813
2022-03-04 21:44,0.1239,0.1239,0.1237,0.1238,103064.4,0.12380000,0.12380000,0.12360000,0.12360000,496403.00000000,0.1238,0.12383,0.1238,0.12383,4218.9417085
2022-03-04 21:45,0.1239,0.1239,0.1237,0.1237,94707.1,0.12370000,0.12370000,0.12360000,0.12360000,19364.00000000,0.12383,0.12383,0.1238,0.1238,600.0
2022-03-04 21:46,0.1238,0.1239,0.1237,0.1237,87464.4,0.12360000,0.12370000,0.12360000,0.12360000,47781.00000000,,,,,
2022-03-04 21:47,0.1238,0.1238,0.1236,0.1237,44075.1,0.12350000,0.12360000,0.12350000,0.12350000,127189.00000000,0.12373,0.12373,0.12363,0.12363,159.66406467
2022-03-04 21:48,0.1237,0.1238,0.1236,0.1236,54221.0,0.12350000,0.12370000,0.12350000,0.12360000,505775.00000000,0.12381,0.12381,0.12381,0.12381,200.0
2022-03-04 21:49,0.1237,0.1238,0.1236,0.1237,101977.0,0.12350000,0.12370000,0.12350000,0.12360000,240618.00000000,0.12372,0.1238,0.12369,0.1238,210.62642355
2022-03-04 21:50,0.1237,0.1238,0.1236,0.1236,64470.6,0.12350000,0.12370000,0.12350000,0.12350000,273368.00000000,0.12366,0.12366,0.12366,0.12366,8.73521596
2022-03-04 21:51,0.1237,0.1238,0.1236,0.1236,373805.3,0.12350000,0.12360000,0.12340000,0.12340000,1273674.00000000,0.12373,0.12373,0.12373,0.12373,219.85948457
2022-03-04 21:52,0.1235,0.1236,0.1235,0.1236,102094.4,0.12340000,0.12350000,0.12340000,0.12350000,173335.00000000,,,,,
2022-03-04 21:53,0.1236,0.1237,0.1234,0.1235,54068.1,0.12350000,0.12350000,0.12330000,0.12330000,180908.00000000,0.12354,0.12354,0.12354,0.12354,50.0
2022-03-04 21:54,0.1234,0.1236,0.1233,0.1234,311049.8,0.12340000,0.12340000,0.12320000,0.12330000,142028.00000000,0.12355,0.12355,0.12341,0.12341,150.0
2022-03-04 21:55,0.1233,0.1235,0.1233,0.1234,63438.1,0.12330000,0.12340000,0.12330000,0.12340000,27253.00000000,0.12349,0.12349,0.12349,0.12349,50.0
2022-03-04 21:56,0.1234,0.1236,0.1234,0.1236,134829.0,0.12340000,0.12350000,0.12330000,0.12350000,147630.00000000,0.12353,0.1237,0.1234,0.1237,258.11989579
2022-03-04 21:57,0.1236,0.1236,0.1235,0.1236,95258.4,0.12350000,0.12350000,0.12340000,0.12340000,121678.00000000,0.12345,0.12345,0.12345,0.12345,150.0
2022-03-04 21:58,0.1235,0.1236,0.1234,0.1236,136232.3,0.12340000,0.12360000,0.12340000,0.12350000,80475.00000000,0.12348,0.12358,0.12348,0.12357,19933.26366257
2022-03-04 21:59,0.1237,0.1237,0.1235,0.1236,36820.3,0.12350000,0.12360000,0.12340000,0.12350000,282090.00000000,0.1237,0.1237,0.1235,0.1235,2800.0
2022-03-04 22:00,0.1236,0.1236,0.1235,0.1236,12266.6,0.12350000,0.12360000,0.12340000,0.12340000,150664.00000000,0.12347,0.12363,0.12347,0.12361,506.68598
2022-03-04 22:01,0.1236,0.1237,0.1235,0.1237,121688.7,0.12340000,0.12360000,0.12340000,0.12360000,74878.00000000,0.12368,0.1237,0.12368,0.1237,100.0
2022-03-04 22:02,0.1236,0.1237,0.1235,0.1236,50792.9,0.12360000,0.12360000,0.12340000,0.12340000,31502.00000000,0.12355,0.12355,0.12355,0.12355,13.64906378
2022-03-04 22:03,0.1236,0.1236,0.1235,0.1235,6318.1,0.12340000,0.12350000,0.12340000,0.12350000,59150.00000000,0.12347,0.12347,0.12347,0.12347,50.0
2022-03-04 22:04,0.1236,0.1236,0.1235,0.1236,7255.2,0.12340000,0.12350000,0.12340000,0.12350000,35891.00000000,,,,,
2022-03-04 22:05,0.1236,0.1237,0.1235,0.1237,69642.0,0.12350000,0.12360000,0.12340000,0.12360000,211083.00000000,0.12358,0.12358,0.12358,0.12358,14.79061639
2022-03-04 22:06,0.1238,0.1238,0.1237,0.1237,7877.1,0.12360000,0.12370000,0.12350000,0.12350000,74965.00000000,0.12382,0.12382,0.12365,0.12365,159.06212678
2022-03-04 22:07,0.1236,0.1238,0.1234,0.1234,104178.2,0.12360000,0.12370000,0.12330000,0.12340000,264488.00000000,0.12357,0.12357,0.12347,0.12347,181.09239387
2022-03-04 22:08,0.1235,0.1235,0.1233,0.1235,69667.6,0.12330000,0.12340000,0.12320000,0.12340000,224859.00000000,0.12341,0.1235,0.12338,0.1235,23461.38174651
2022-03-04 22:09,0.1234,0.1234,0.1233,0.1233,30613.7,0.12330000,0.12340000,0.12320000,0.12320000,43942.00000000,0.12334,0.12334,0.12332,0.12334,28956.90246655
2022-03-04 22:10,0.1233,0.1234,0.1232,0.1233,27000.4,0.12330000,0.12330000,0.12320000,0.12320000,36986.00000000,0.12334,0.12334,0.12329,0.12329,4582.26700855
2022-03-04 22:11,0.1233,0.1233,0.1231,0.1232,219501.1,0.12310000,0.12310000,0.12290000,0.12310000,612253.00000000,0.1232,0.1232,0.12311,0.12316,9677.90595988
2022-03-04 22:12,0.1233,0.1233,0.1231,0.1231,14606.2,0.12310000,0.12320000,0.12300000,0.12300000,28671.00000000,0.12323,0.12323,0.12323,0.12323,100.0
2022-03-04 22:13,0.1232,0.1232,0.1231,0.1231,5005.2,0.12300000,0.12310000,0.12300000,0.12300000,85541.00000000,0.1232,0.1232,0.1232,0.1232,100.0
2022-03-04 22:14,0.1232,0.1232,0.123,0.1232,61028.0,0.12300000,0.12310000,0.12300000,0.12300000,59436.00000000,0.12312,0.12314,0.12312,0.12314,12285.0
2022-03-04 22:15,0.1232,0.1233,0.1231,0.1232,17103.6,0.12310000,0.12320000,0.12310000,0.12310000,86682.00000000,,,,,
2022-03-04 22:16,0.1232,0.1232,0.1228,0.123,269865.1,0.12310000,0.12310000,0.12280000,0.12290000,523510.00000000,0.12314,0.12314,0.12289,0.12289,109.83114096999999
2022-03-04 22:17,0.1229,0.1232,0.1229,0.1232,82863.4,0.12290000,0.12310000,0.12280000,0.12310000,206527.00000000,0.12295,0.12317,0.12295,0.12317,59.756321729999996
2022-03-04 22:18,0.1232,0.1232,0.1228,0.1229,59249.3,0.12310000,0.12310000,0.12270000,0.12270000,369241.00000000,0.12299,0.12299,0.12299,0.12299,14.43861459
2022-03-04 22:19,0.1228,0.1229,0.1225,0.1228,272489.6,0.12280000,0.12280000,0.12240000,0.12270000,950413.00000000,0.12289,0.12289,0.12256,0.12281,63582.93815694
2022-03-04 22:20,0.1227,0.123,0.1227,0.1229,466529.4,0.12270000,0.12290000,0.12260000,0.12280000,242414.00000000,0.12271,0.1229,0.12271,0.1229,9102.22174007
2022-03-04 22:21,0.1229,0.123,0.1227,0.1228,418087.3,0.12290000,0.12290000,0.12270000,0.12270000,64022.00000000,0.12293,0.12293,0.12278,0.12278,84782.77217964
2022-03-04 22:22,0.1228,0.1228,0.1225,0.1225,121389.3,0.12270000,0.12280000,0.12240000,0.12240000,1768546.00000000,0.12278,0.12278,0.12241,0.12242,74287.99314422
2022-03-04 22:23,0.1225,0.1226,0.1223,0.1225,272321.1,0.12240000,0.12250000,0.12220000,0.12240000,1672714.00000000,0.12243,0.12262,0.12243,0.12243,14358.04844
2022-03-04 22:24,0.1225,0.1226,0.1224,0.1224,128516.5,0.12240000,0.12250000,0.12230000,0.12230000,83941.00000000,0.12249,0.12263,0.12245,0.12245,597.73274368
2022-03-04 22:25,0.1224,0.1225,0.1222,0.1223,498863.9,0.12240000,0.12240000,0.12220000,0.12230000,227267.00000000,0.12245,0.12245,0.12236,0.12236,550.0
2022-03-04 22:26,0.1223,0.1225,0.1223,0.1224,13761.3,0.12230000,0.12240000,0.12230000,0.12230000,179918.00000000,0.12238,0.12254,0.12238,0.12254,300.0
2022-03-04 22:27,0.1225,0.1225,0.122,0.122,200974.1,0.12230000,0.12240000,0.12190000,0.12190000,843550.00000000,0.12254,0.12254,0.12187,0.12187,14022.10288941
2022-03-04 22:28,0.1219,0.1219,0.1217,0.1218,201760.4,0.12190000,0.12190000,0.12160000,0.12180000,4867210.00000000,0.1219,0.12194,0.12176,0.12188,18266.45952188
2022-03-04 22:29,0.1218,0.1218,0.1211,0.1212,516278.2,0.12180000,0.12180000,0.12090000,0.12120000,3721037.00000000,0.1218,0.12193,0.12117,0.12118,52987.85628939
2022-03-04 22:30,0.1211,0.1211,0.1201,0.1201,505516.5,0.12110000,0.12120000,0.12000000,0.12010000,3429110.00000000,0.12133,0.12133,0.12009,0.12009,98634.93725813
2022-03-04 22:31,0.1202,0.1206,0.1202,0.1206,214402.5,0.12010000,0.12060000,0.12010000,0.12060000,949536.00000000,0.12042,0.12078,0.12027,0.12061,6512.521886760001
2022-03-04 22:32,0.1206,0.1213,0.1206,0.1212,716272.0,0.12060000,0.12140000,0.12050000,0.12110000,5625058.00000000,0.12061,0.12147,0.12061,0.12125,34045.48339844
2022-03-04 22:33,0.1211,0.1211,0.121,0.1211,28278.1,0.12100000,0.12110000,0.12100000,0.12100000,129015.00000000,0.12121,0.12122,0.1211,0.1212,10602.446353520001
2022-03-04 22:34,0.1211,0.1212,0.121,0.1212,24395.0,0.12100000,0.12120000,0.12100000,0.12110000,227834.00000000,0.12122,0.12127,0.12122,0.12127,250.0
2022-03-04 22:35,0.1212,0.1215,0.1211,0.1215,21820.1,0.12120000,0.12150000,0.12100000,0.12140000,583357.00000000,0.1213,0.12155,0.1212,0.12148,32005.41715572
2022-03-04 22:36,0.1215,0.1217,0.1214,0.1216,361382.8,0.12140000,0.12150000,0.12140000,0.12150000,56489.00000000,0.12154,0.12161,0.12152,0.12154,23904.74547879
2022-03-04 22:37,0.1215,0.1219,0.1215,0.1219,144306.0,0.12150000,0.12190000,0.12150000,0.12180000,811631.00000000,0.12154,0.122,0.12154,0.122,36338.26026116
2022-03-04 22:38,0.1218,0.122,0.1218,0.1218,259506.7,0.12190000,0.12200000,0.12170000,0.12170000,1026301.00000000,0.12191,0.12208,0.12186,0.12186,4788.5893284
2022-03-04 22:39,0.1218,0.1218,0.1212,0.1214,922893.1,0.12170000,0.12170000,0.12110000,0.12140000,5574961.00000000,0.12178,0.12178,0.12132,0.12156,91287.45111482
2022-03-04 22:40,0.1215,0.1216,0.1215,0.1215,81904.2,0.12140000,0.12150000,0.12130000,0.12150000,54493.00000000,0.12163,0.12163,0.12163,0.12163,50.0
2022-03-04 22:41,0.1215,0.1216,0.1213,0.1214,546057.7,0.12140000,0.12150000,0.12130000,0.12150000,1394128.00000000,0.12159,0.12159,0.12141,0.12152,750.0
2022-03-04 22:42,0.1216,0.1217,0.1215,0.1217,34634.3,0.12150000,0.12160000,0.12140000,0.12160000,76700.00000000,0.12163,0.12177,0.12163,0.12177,450.0
2022-03-04 22:43,0.1217,0.1218,0.1215,0.1216,24498.5,0.12160000,0.12170000,0.12150000,0.12150000,90389.00000000,0.12174,0.12186,0.12171,0.12173,17689.55590063
2022-03-04 22:44,0.1215,0.1218,0.1215,0.1216,46184.0,0.12160000,0.12170000,0.12150000,0.12160000,154109.00000000,0.12172,0.12182,0.1216,0.12182,300.0
2022-03-04 22:45,0.1217,0.1218,0.1216,0.1217,65545.9,0.12160000,0.12170000,0.12160000,0.12170000,69129.00000000,0.12181,0.12181,0.12168,0.12177,700.0
2022-03-04 22:46,0.1218,0.1218,0.1216,0.1217,57356.7,0.12170000,0.12170000,0.12160000,0.12170000,31340.00000000,0.12179,0.12183,0.12179,0.12183,2250.0
2022-03-04 22:47,0.1218,0.1218,0.1216,0.1218,28746.0,0.12170000,0.12170000,0.12160000,0.12170000,160107.00000000,0.12182,0.12182,0.12182,0.12182,50.0
2022-03-04 22:48,0.1218,0.1218,0.1216,0.1216,100700.1,0.12170000,0.12170000,0.12150000,0.12160000,647166.00000000,0.12174,0.12174,0.1216,0.12171,5114.78310867
2022-03-04 22:49,0.1216,0.1216,0.1215,0.1216,20289.5,0.12150000,0.12160000,0.12150000,0.12160000,22939.00000000,0.1216,0.12169,0.1216,0.12169,114.27483832
2022-03-04 22:50,0.1215,0.122,0.1215,0.122,83822.8,0.12150000,0.12210000,0.12150000,0.12200000,360935.00000000,0.12176,0.12205,0.12176,0.12201,40546.41962191
2022-03-04 22:51,0.1221,0.1222,0.1219,0.122,37694.4,0.12200000,0.12210000,0.12190000,0.12190000,101237.00000000,0.12213,0.12222,0.12199,0.12199,31849.630688560002
2022-03-04 22:52,0.122,0.1223,0.1219,0.1223,71464.3,0.12190000,0.12230000,0.12190000,0.12220000,300037.00000000,0.12213,0.12223,0.12213,0.12219,435.6623032
2022-03-04 22:53,0.1223,0.1224,0.1221,0.1224,24251.1,0.12220000,0.12230000,0.12210000,0.12220000,158635.00000000,0.12222,0.12231,0.12222,0.12229,3800.0
2022-03-04 22:54,0.1224,0.1225,0.1223,0.1224,68792.4,0.12220000,0.12240000,0.12220000,0.12230000,148687.00000000,0.12235,0.12253,0.12235,0.12253,4573.05024483
2022-03-04 22:55,0.1224,0.1225,0.1223,0.1224,45287.1,0.12240000,0.12240000,0.12230000,0.12240000,150939.00000000,,,,,
2022-03-04 22:56,0.1223,0.1225,0.1222,0.1223,20794.3,0.12240000,0.12240000,0.12220000,0.12220000,172969.00000000,0.12237,0.12241,0.12228,0.12228,1861.35705113
2022-03-04 22:57,0.1223,0.1224,0.1222,0.1224,7461.4,0.12220000,0.12230000,0.12220000,0.12230000,33640.00000000,0.12229,0.12231,0.12229,0.12231,900.0
2022-03-04 22:58,0.1224,0.1226,0.1224,0.1225,120112.4,0.12230000,0.12250000,0.12220000,0.12250000,537860.00000000,0.12245,0.12262,0.12245,0.12262,7981.61063465
2022-03-04 22:59,0.1225,0.1226,0.1224,0.1225,70788.7,0.12250000,0.12260000,0.12240000,0.12250000,184856.00000000,0.1225,0.1225,0.1225,0.1225,11.34622334
2022-03-04 23:00,0.1225,0.1226,0.1222,0.1225,281096.8,0.12240000,0.12250000,0.12210000,0.12250000,780586.00000000,0.12258,0.12263,0.12234,0.12263,11654.803303
2022-03-04 23:01,0.1225,0.1225,0.1223,0.1225,164417.2,0.12250000,0.12250000,0.12230000,0.12240000,172478.00000000,0.12249,0.12253,0.12247,0.12253,6785.14729563
2022-03-04 23:02,0.1225,0.1226,0.1224,0.1224,20766.7,0.12250000,0.12250000,0.12240000,0.12250000,30320.00000000,0.12247,0.12247,0.12247,0.12247,4446.0
2022-03-04 23:03,0.1223,0.1225,0.1223,0.1224,18747.9,0.12240000,0.12240000,0.12220000,0.12230000,294447.00000000,0.12232,0.12232,0.12232,0.12232,100.0
2022-03-04 23:04,0.1223,0.1224,0.1223,0.1224,19013.6,0.12240000,0.12240000,0.12230000,0.12230000,11772.00000000,0.1225,0.1225,0.1225,0.1225,250.0
2022-03-04 23:05,0.1224,0.1225,0.1222,0.1223,84644.6,0.12230000,0.12230000,0.12220000,0.12220000,199503.00000000,0.12239,0.12239,0.12239,0.12239,1250.0
2022-03-04 23:06,0.1223,0.1223,0.1222,0.1223,9119.3,0.12220000,0.12230000,0.12210000,0.12220000,247022.00000000,,,,,
2022-03-04 23:07,0.1222,0.1223,0.1222,0.1222,30138.9,0.12210000,0.12230000,0.12210000,0.12230000,157049.00000000,0.12238,0.12238,0.12229,0.12238,291.0
2022-03-04 23:08,0.1222,0.1223,0.1221,0.1223,110622.5,0.12230000,0.12230000,0.12210000,0.12230000,128373.00000000,0.12237,0.12237,0.12224,0.12224,200.0
2022-03-04 23:09,0.1222,0.1223,0.1221,0.1221,93685.4,0.12220000,0.12220000,0.12210000,0.12210000,225310.00000000,0.12209,0.12209,0.12209,0.12209,50.0
2022-03-04 23:10,0.1221,0.1223,0.122,0.1221,47131.9,0.12210000,0.12220000,0.12200000,0.12210000,107614.00000000,0.12211,0.12211,0.12211,0.12211,250.0
2022-03-04 23:11,0.1222,0.1224,0.1222,0.1223,112025.2,0.12220000,0.12220000,0.12220000,0.12220000,234316.00000000,0.12223,0.12243,0.12223,0.12224,1672.37210545
2022-03-04 23:12,0.1223,0.1223,0.1221,0.1222,26534.0,0.12220000,0.12220000,0.12210000,0.12210000,20853.00000000,0.12233,0.12233,0.12232,0.12233,110.47987321
2022-03-04 23:13,0.1221,0.1223,0.1221,0.1222,74626.3,0.12210000,0.12220000,0.12210000,0.12220000,210124.00000000,0.12216,0.12227,0.12216,0.12227,21.069276629999997
2022-03-04 23:14,0.1223,0.1224,0.1223,0.1224,30962.7,0.12220000,0.12240000,0.12220000,0.12230000,156526.00000000,0.12231,0.12243,0.12231,0.1224,2074.42740772
2022-03-04 23:15,0.1223,0.1224,0.1223,0.1224,20534.2,0.12230000,0.12240000,0.12220000,0.12240000,78450.00000000,0.1224,0.1224,0.12235,0.12235,7194.27535127
2022-03-04 23:16,0.1224,0.1227,0.1224,0.1227,134433.8,0.12240000,0.12260000,0.12240000,0.12260000,487921.00000000,0.12245,0.12271,0.12245,0.1227,4591.605564570001
2022-03-04 23:17,0.1227,0.1227,0.1225,0.1226,95716.8,0.12260000,0.12270000,0.12250000,0.12250000,296471.00000000,0.12272,0.12283,0.12269,0.12269,12890.78876013
2022-03-04 23:18,0.1226,0.1226,0.1223,0.1224,153353.9,0.12250000,0.12250000,0.12220000,0.12220000,113219.00000000,0.12263,0.12263,0.12242,0.12242,4476.74841319
2022-03-04 23:19,0.1222,0.1223,0.1217,0.1218,63146.4,0.12230000,0.12230000,0.12170000,0.12170000,886404.00000000,0.12232,0.12232,0.12175,0.12175,8911.61548912
2022-03-04 23:20,0.1218,0.1221,0.1218,0.1221,194935.0,0.12170000,0.12190000,0.12170000,0.12190000,378563.00000000,0.12194,0.12201,0.1219,0.12201,75.93971757
2022-03-04 23:21,0.1221,0.1223,0.122,0.1221,194587.0,0.12200000,0.12220000,0.12190000,0.12210000,500246.00000000,0.12215,0.12224,0.12215,0.12224,13685.35211218
2022-03-04 23:22,0.1222,0.1223,0.1221,0.1223,10332.1,0.12220000,0.12220000,0.12210000,0.12220000,12373.00000000,0.12228,0.12228,0.12226,0.12226,7825.67371675
2022-03-04 23:23,0.1223,0.1223,0.122,0.1222,119277.4,0.12210000,0.12210000,0.12200000,0.12210000,141610.00000000,0.12214,0.12232,0.12214,0.12232,1200.0
2022-03-04 23:24,0.1223,0.1224,0.1221,0.1224,30735.4,0.12220000,0.12220000,0.12210000,0.12220000,79568.00000000,0.12233,0.12233,0.12233,0.12233,50.0
2022-03-04 23:25,0.1223,0.1225,0.1223,0.1224,41516.7,0.12230000,0.12240000,0.12230000,0.12240000,310403.00000000,0.1224,0.1224,0.1224,0.1224,100.0
2022-03-04 23:26,0.1224,0.1225,0.1223,0.1224,101143.1,0.12240000,0.12240000,0.12230000,0.12240000,162635.00000000,0.1224,0.1224,0.1224,0.1224,100.0
2022-03-04 23:27,0.1224,0.1224,0.1222,0.1223,57274.8,0.12230000,0.12230000,0.12210000,0.12210000,140690.00000000,0.12239,0.12239,0.12233,0.12233,8168.0
2022-03-04 23:28,0.1223,0.1223,0.1222,0.1223,7975.4,0.12220000,0.12230000,0.12210000,0.12230000,203178.00000000,0.12234,0.12234,0.12234,0.12234,100.0
2022-03-04 23:29,0.1223,0.1224,0.1222,0.1223,22692.4,0.12220000,0.12230000,0.12220000,0.12230000,14480.00000000,0.12243,0.12243,0.12232,0.12232,174.0
2022-03-04 23:30,0.1224,0.1224,0.1222,0.1222,59635.8,0.12230000,0.12230000,0.12210000,0.12220000,251514.00000000,0.12232,0.12238,0.12226,0.12226,316.0
2022-03-04 23:31,0.1223,0.1224,0.1222,0.1224,6428.6,0.12220000,0.12230000,0.12220000,0.12230000,302840.00000000,0.12237,0.12243,0.12237,0.12243,4227.377397
2022-03-04 23:32,0.1224,0.1225,0.1223,0.1225,92747.8,0.12230000,0.12240000,0.12230000,0.12230000,13792.00000000,0.12252,0.12252,0.12252,0.12252,100.0
2022-03-04 23:33,0.1225,0.1226,0.1223,0.1225,77394.5,0.12230000,0.12250000,0.12230000,0.12250000,56716.00000000,0.12255,0.12259,0.12255,0.12259,289.24099
2022-03-04 23:34,0.1226,0.1226,0.1225,0.1225,63181.8,0.12250000,0.12260000,0.12250000,0.12260000,80980.00000000,0.12256,0.12272,0.12256,0.12272,100.0
2022-03-04 23:35,0.1226,0.1226,0.1225,0.1226,247526.1,0.12260000,0.12260000,0.12240000,0.12240000,211741.00000000,0.12259,0.12266,0.12259,0.12266,300.0
2022-03-04 23:36,0.1226,0.1226,0.1225,0.1225,130018.7,0.12250000,0.12250000,0.12240000,0.12250000,3663.00000000,0.12256,0.12256,0.12256,0.12256,100.0
2022-03-04 23:37,0.1225,0.1226,0.1224,0.1225,34900.8,0.12250000,0.12250000,0.12240000,0.12240000,2445.00000000,0.12256,0.1226,0.1225,0.1226,2233.0
2022-03-04 23:38,0.1224,0.1225,0.1224,0.1225,55233.2,0.12240000,0.12250000,0.12240000,0.12250000,14864.00000000,0.1226,0.1226,0.1226,0.1226,50.0
2022-03-04 23:39,0.1225,0.1225,0.1224,0.1225,11555.6,0.12250000,0.12250000,0.12240000,0.12240000,37565.00000000,,,,,
2022-03-04 23:40,0.1225,0.1226,0.1224,0.1225,109794.6,0.12250000,0.12260000,0.12240000,0.12250000,376962.00000000,0.1225,0.1225,0.1225,0.1225,100.0
2022-03-04 23:41,0.1225,0.1226,0.1224,0.1225,88977.8,0.12240000,0.12250000,0.12240000,0.12250000,186474.00000000,,,,,
2022-03-04 23:42,0.1225,0.1226,0.1224,0.1226,61833.4,0.12250000,0.12250000,0.12250000,0.12250000,65767.00000000,,,,,
2022-03-04 23:43,0.1226,0.1227,0.1225,0.1227,70518.6,0.12250000,0.12270000,0.12250000,0.12260000,930807.00000000,0.12263,0.12278,0.12263,0.12271,21777.78066145
2022-03-04 23:44,0.1227,0.1227,0.1226,0.1227,35469.3,0.12260000,0.12260000,0.12250000,0.12250000,25332.00000000,,,,,
2022-03-04 23:45,0.1227,0.1227,0.1223,0.1224,151519.6,0.12250000,0.12260000,0.12220000,0.12230000,882393.00000000,0.1225,0.1225,0.12238,0.12248,4487.49646792
2022-03-04 23:46,0.1224,0.1224,0.1222,0.1222,31863.7,0.12230000,0.12230000,0.12220000,0.12230000,309474.00000000,0.12242,0.12242,0.12242,0.12242,3326.89173012
2022-03-04 23:47,0.1222,0.1224,0.1222,0.1224,25806.5,0.12220000,0.12230000,0.12220000,0.12220000,119893.00000000,0.12231,0.12231,0.12231,0.12231,150.0
2022-03-04 23:48,0.1224,0.1224,0.1221,0.1223,20668.6,0.12220000,0.12230000,0.12210000,0.12210000,85895.00000000,,,,,
2022-03-04 23:49,0.1223,0.1223,0.1221,0.1221,36250.3,0.12220000,0.12220000,0.12210000,0.12210000,168215.00000000,0.12224,0.12224,0.12224,0.12224,50.0
2022-03-04 23:50,0.1222,0.1222,0.1221,0.1222,33227.0,0.12210000,0.12220000,0.12200000,0.12200000,238338.00000000,,,,,
2022-03-04 23:51,0.1221,0.1223,0.1221,0.1221,33334.4,0.12210000,0.12220000,0.12200000,0.12220000,161002.00000000,,,,,
2022-03-04 23:52,0.1222,0.1223,0.1221,0.1223,40399.0,0.12210000,0.12220000,0.12210000,0.12220000,19843.00000000,,,,,
2022-03-04 23:53,0.1223,0.1223,0.1221,0.1223,25031.0,0.12220000,0.12230000,0.12210000,0.12230000,23621.00000000,,,,,
2022-03-04 23:54,0.1223,0.1223,0.1222,0.1223,14310.3,0.12230000,0.12230000,0.12220000,0.12220000,7375.00000000,,,,,
2022-03-04 23:55,0.1223,0.1225,0.1223,0.1224,8176.5,0.12220000,0.12230000,0.12220000,0.12230000,78370.00000000,0.12233,0.12241,0.12233,0.12241,1445.76949082
2022-03-04 23:56,0.1224,0.1224,0.1223,0.1223,9077.0,0.12230000,0.12240000,0.12230000,0.12230000,22804.00000000,,,,,
2022-03-04 23:57,0.1223,0.1224,0.1223,0.1223,9624.9,0.12240000,0.12240000,0.12230000,0.12240000,52362.00000000,0.12247,0.12247,0.12247,0.12247,10.8774632
2022-03-04 23:58,0.1224,0.1225,0.1223,0.1225,33335.0,0.12240000,0.12250000,0.12230000,0.12240000,473676.00000000,0.12248,0.12249,0.12248,0.12249,312.11769
2022-03-04 23:59,0.1226,0.1227,0.1225,0.1227,12209.9,0.12250000,0.12260000,0.12250000,0.12260000,67900.00000000,0.12269,0.12269,0.12269,0.12269,200.0
2022-03-05 00:00,0.1226,0.1227,0.1225,0.1227,329442.0,0.12260000,0.12270000,0.12250000,0.12260000,249195.00000000,0.12267,0.12269,0.12267,0.12269,400.0
2022-03-05 00:01,0.1227,0.1227,0.1222,0.1222,294843.2,0.12260000,0.12260000,0.12230000,0.12230000,834275.00000000,0.1227,0.1227,0.12235,0.12235,130660.85256638
2022-03-05 00:02,0.1224,0.1224,0.1217,0.1217,285090.9,0.12220000,0.12230000,0.12160000,0.12160000,3029703.00000000,0.12229,0.12229,0.12167,0.12182,20538.14931054
2022-03-05 00:03,0.1216,0.1221,0.1214,0.1219,608707.2,0.12170000,0.12190000,0.12140000,0.12190000,1919696.00000000,0.12163,0.12187,0.12141,0.12187,33028.1384001
2022-03-05 00:04,0.1219,0.1222,0.1218,0.1221,96259.7,0.12190000,0.12220000,0.12180000,0.12210000,1117694.00000000,0.12195,0.12217,0.12195,0.12217,4301.85942863
2022-03-05 00:05,0.122,0.1221,0.1218,0.122,108618.6,0.12200000,0.12210000,0.12180000,0.12180000,414937.00000000,0.12201,0.12201,0.12201,0.12201,14.504837890000001
2022-03-05 00:06,0.1219,0.1219,0.1215,0.1216,57209.3,0.12190000,0.12190000,0.12150000,0.12150000,613593.00000000,0.12195,0.12195,0.12171,0.12171,4219.19802763
2022-03-05 00:07,0.1215,0.1218,0.1214,0.1218,64472.2,0.12140000,0.12160000,0.12130000,0.12160000,477699.00000000,0.12149,0.12173,0.1214,0.12173,4990.69404551
2022-03-05 00:08,0.1218,0.1218,0.1215,0.1215,41553.6,0.12170000,0.12170000,0.12140000,0.12150000,147807.00000000,0.12169,0.12172,0.12161,0.12161,4600.0
2022-03-05 00:09,0.1215,0.1218,0.1215,0.1216,34318.2,0.12150000,0.12170000,0.12150000,0.12170000,153233.00000000,0.12167,0.12167,0.12167,0.12167,50.0
2022-03-05 00:10,0.1216,0.1222,0.1216,0.122,333297.1,0.12160000,0.12220000,0.12160000,0.12200000,833627.00000000,0.12179,0.12218,0.12179,0.12216,8979.56923674
2022-03-05 00:11,0.122,0.1221,0.1219,0.1219,185113.6,0.12190000,0.12200000,0.12190000,0.12190000,194182.00000000,0.12199,0.12208,0.12191,0.12191,39.24535411
2022-03-05 00:12,0.1219,0.1222,0.1216,0.1222,148084.1,0.12180000,0.12220000,0.12170000,0.12220000,1126027.00000000,0.12197,0.12197,0.12197,0.12197,200.0
2022-03-05 00:13,0.1221,0.1223,0.1221,0.1221,51315.0,0.12210000,0.12220000,0.12190000,0.12190000,259052.00000000,0.12219,0.12222,0.12214,0.12214,9440.70419974
2022-03-05 00:14,0.122,0.1223,0.1219,0.1222,96223.9,0.12190000,0.12220000,0.12190000,0.12210000,747478.00000000,0.12201,0.1223,0.12201,0.1222,4393.0
2022-03-05 00:15,0.1222,0.1223,0.1218,0.1218,271099.8,0.12220000,0.12230000,0.12180000,0.12180000,404236.00000000,0.12209,0.12209,0.12198,0.12198,263.60417093
2022-03-05 00:16,0.1218,0.1219,0.1216,0.1217,195449.0,0.12180000,0.12190000,0.12160000,0.12170000,2190815.00000000,0.12177,0.12186,0.12162,0.12162,23127.50349717
2022-03-05 00:17,0.1217,0.1219,0.1217,0.1219,126410.6,0.12160000,0.12190000,0.12160000,0.12190000,677898.00000000,0.12191,0.12191,0.1218,0.1218,327.97087771
2022-03-05 00:18,0.122,0.1221,0.122,0.1221,105621.3,0.12200000,0.12210000,0.12200000,0.12200000,67685.00000000,0.12204,0.12209,0.12204,0.12209,4690.3783269
2022-03-05 00:19,0.122,0.1221,0.1219,0.1219,170510.2,0.12200000,0.12210000,0.12190000,0.12200000,189405.00000000,,,,,
2022-03-05 00:20,0.122,0.122,0.1219,0.1219,13044.5,0.12190000,0.12190000,0.12180000,0.12180000,76562.00000000,0.12197,0.122,0.12185,0.12187,1600.0
2022-03-05 00:21,0.1219,0.122,0.1218,0.1218,486760.4,0.12190000,0.12200000,0.12180000,0.12190000,216524.00000000,0.12188,0.12188,0.12188,0.12188,50.0
2022-03-05 00:22,0.1218,0.122,0.1218,0.122,63781.6,0.12190000,0.12200000,0.12190000,0.12200000,83906.00000000,0.12208,0.12208,0.12192,0.12192,1113.5430000000001
2022-03-05 00:23,0.122,0.122,0.1219,0.122,20101.8,0.12190000,0.12200000,0.12190000,0.12200000,54557.00000000,,,,,
2022-03-05 00:24,0.122,0.122,0.1219,0.122,9537.4,0.12190000,0.12200000,0.12190000,0.12200000,599679.00000000,0.12201,0.12211,0.12201,0.12211,160.45623876
2022-03-05 00:25,0.122,0.1222,0.1219,0.1222,56632.5,0.12190000,0.12220000,0.12190000,0.12220000,154948.00000000,0.12209,0.12228,0.12209,0.12228,3494.32846325
2022-03-05 00:26,0.1222,0.1225,0.1222,0.1225,224841.7,0.12210000,0.12240000,0.12210000,0.12240000,400485.00000000,0.1223,0.12248,0.1223,0.12248,34365.02220059
2022-03-05 00:27,0.1224,0.1226,0.1224,0.1226,99273.0,0.12250000,0.12260000,0.12240000,0.12250000,191645.00000000,,,,,
2022-03-05 00:28,0.1226,0.1226,0.1222,0.1222,263791.5,0.12250000,0.12260000,0.12220000,0.12220000,638569.00000000,0.12257,0.12257,0.1225,0.1225,150.0
2022-03-05 00:29,0.1222,0.1224,0.1222,0.1223,25657.8,0.12230000,0.12230000,0.12220000,0.12220000,640203.00000000,0.12228,0.12241,0.12228,0.12233,606.3956370000001
2022-03-05 00:30,0.1223,0.1223,0.122,0.122,143964.3,0.12220000,0.12220000,0.12200000,0.12200000,892967.00000000,0.12233,0.12233,0.1221,0.12213,4393.75192528
2022-03-05 00:31,0.1221,0.1221,0.1219,0.122,88392.1,0.12200000,0.12200000,0.12190000,0.12190000,397123.00000000,0.122,0.122,0.12194,0.12194,300.0
2022-03-05 00:32,0.1219,0.1219,0.1216,0.1216,53296.7,0.12190000,0.12190000,0.12150000,0.12150000,204957.00000000,0.12189,0.12189,0.12157,0.12157,6493.84673906
2022-03-05 00:33,0.1215,0.1216,0.1212,0.1214,80144.2,0.12150000,0.12160000,0.12120000,0.12140000,484633.00000000,0.12147,0.12159,0.12137,0.12145,3350.0
2022-03-05 00:34,0.1215,0.1218,0.1215,0.1218,116102.6,0.12140000,0.12180000,0.12140000,0.12160000,430827.00000000,0.12171,0.1219,0.12156,0.12177,1104.74708999
2022-03-05 00:35,0.1216,0.1221,0.1216,0.1219,429290.1,0.12170000,0.12210000,0.12170000,0.12190000,415302.00000000,0.12179,0.1221,0.12179,0.12201,9035.48625931
2022-03-05 00:36,0.1219,0.1221,0.1218,0.122,36550.4,0.12180000,0.12200000,0.12180000,0.12200000,291689.00000000,0.12202,0.1222,0.12202,0.12205,4542.91869955
2022-03-05 00:37,0.1221,0.1222,0.1218,0.1218,52815.4,0.12210000,0.12220000,0.12180000,0.12200000,467102.00000000,0.1222,0.1222,0.12197,0.12197,2132.2932951
2022-03-05 00:38,0.122,0.122,0.1215,0.1218,140373.0,0.12200000,0.12200000,0.12150000,0.12160000,1089172.00000000,0.12197,0.12197,0.1218,0.1218,29427.80674359
2022-03-05 00:39,0.1216,0.1218,0.1216,0.1216,76739.5,0.12170000,0.12170000,0.12150000,0.12150000,123533.00000000,0.12185,0.12188,0.12176,0.12176,5012.19390511
2022-03-05 00:40,0.1215,0.1217,0.1215,0.1216,40993.0,0.12150000,0.12160000,0.12140000,0.12150000,267761.00000000,0.12168,0.1217,0.12151,0.1217,5005.6286499
2022-03-05 00:41,0.1216,0.1218,0.1215,0.1218,16423.9,0.12160000,0.12180000,0.12160000,0.12170000,120499.00000000,0.12158,0.12185,0.12158,0.12174,359.33497598
2022-03-05 00:42,0.1218,0.1218,0.1216,0.1217,18786.6,0.12170000,0.12180000,0.12160000,0.12160000,151487.00000000,0.12184,0.12186,0.12168,0.12168,311.85913626
2022-03-05 00:43,0.1216,0.1217,0.1215,0.1216,79929.5,0.12160000,0.12160000,0.12140000,0.12140000,939063.00000000,0.12159,0.12168,0.12154,0.12154,1370.4235459499998
2022-03-05 00:44,0.1215,0.1216,0.1211,0.1214,341796.0,0.12150000,0.12150000,0.12110000,0.12130000,658561.00000000,0.1215,0.1215,0.12106,0.1213,16081.04259195
2022-03-05 00:45,0.1214,0.1215,0.1214,0.1215,24654.0,0.12130000,0.12150000,0.12130000,0.12140000,441029.00000000,0.12159,0.1216,0.12152,0.12152,457.37701573
2022-03-05 00:46,0.1215,0.1216,0.1215,0.1216,35852.8,0.12140000,0.12150000,0.12140000,0.12150000,106008.00000000,0.1216,0.1216,0.1216,0.1216,50.0
2022-03-05 00:47,0.1215,0.1217,0.1215,0.1217,70793.1,0.12150000,0.12170000,0.12140000,0.12160000,460107.00000000,0.12163,0.1218,0.12163,0.1218,100.0
2022-03-05 00:48,0.1216,0.1219,0.1216,0.1219,53799.5,0.12160000,0.12180000,0.12160000,0.12180000,181193.00000000,0.12172,0.1218,0.12172,0.1218,951.82432341
2022-03-05 00:49,0.1218,0.1218,0.1217,0.1218,24941.8,0.12180000,0.12180000,0.12170000,0.12180000,45854.00000000,,,,,
2022-03-05 00:50,0.1218,0.122,0.1217,0.122,23160.3,0.12170000,0.12200000,0.12170000,0.12200000,162633.00000000,0.12188,0.12203,0.12188,0.12203,3364.89456543
2022-03-05 00:51,0.122,0.1222,0.122,0.1222,24075.4,0.12200000,0.12210000,0.12200000,0.12210000,14093.00000000,0.12216,0.12223,0.12216,0.12223,850.0
2022-03-05 00:52,0.1221,0.1222,0.122,0.1221,15623.1,0.12200000,0.12210000,0.12200000,0.12210000,61965.00000000,0.12209,0.12222,0.12209,0.1222,4715.03847463
2022-03-05 00:53,0.1222,0.1222,0.1219,0.122,15483.9,0.12200000,0.12210000,0.12190000,0.12200000,381277.00000000,0.12208,0.12217,0.12201,0.12201,1195.86032
2022-03-05 00:54,0.122,0.122,0.1218,0.1219,55666.1,0.12200000,0.12200000,0.12170000,0.12190000,157030.00000000,0.12181,0.12197,0.12181,0.12197,300.0
2022-03-05 00:55,0.1219,0.1219,0.1218,0.1219,146966.5,0.12180000,0.12190000,0.12180000,0.12190000,244861.00000000,0.122,0.12205,0.12198,0.12198,12501.8
2022-03-05 00:56,0.1219,0.1219,0.1216,0.1218,74478.1,0.12190000,0.12190000,0.12160000,0.12170000,298276.00000000,0.12198,0.12199,0.12169,0.12169,16578.88600126
2022-03-05 00:57,0.1216,0.1218,0.1215,0.1215,17889.9,0.12170000,0.12170000,0.12140000,0.12150000,349073.00000000,0.12164,0.12164,0.12152,0.12158,1781.574
2022-03-05 00:58,0.1215,0.1216,0.1213,0.1214,144741.2,0.12140000,0.12140000,0.12130000,0.12140000,42100.00000000,0.12159,0.12159,0.12144,0.12144,5409.4809000000005
2022-03-05 00:59,0.1215,0.1216,0.1213,0.1213,48226.2,0.12140000,0.12150000,0.12130000,0.12130000,108934.00000000,0.12149,0.12149,0.12142,0.12142,150.0
2022-03-05 01:00,0.1214,0.1217,0.1214,0.1217,57215.3,0.12140000,0.12180000,0.12130000,0.12180000,928724.00000000,0.12151,0.1218,0.12151,0.1218,3650.10169518
2022-03-05 01:01,0.1218,0.122,0.1217,0.1217,64382.4,0.12170000,0.12190000,0.12170000,0.12180000,417522.00000000,0.12195,0.122,0.12188,0.12192,9778.335813489999
2022-03-05 01:02,0.1218,0.1218,0.1213,0.1213,214411.3,0.12170000,0.12170000,0.12120000,0.12130000,2986798.00000000,0.12179,0.12179,0.12133,0.12133,35096.60885667
2022-03-05 01:03,0.1212,0.1216,0.1208,0.1216,571126.8,0.12120000,0.12150000,0.12090000,0.12150000,1508760.00000000,0.12135,0.12156,0.12084,0.12156,26654.61296414
2022-03-05 01:04,0.1216,0.1219,0.1216,0.1218,248992.7,0.12160000,0.12190000,0.12160000,0.12190000,629553.00000000,0.12172,0.12192,0.12171,0.12187,19054.93162652
2022-03-05 01:05,0.1219,0.1222,0.1219,0.1221,73251.4,0.12190000,0.12220000,0.12190000,0.12210000,860361.00000000,0.12198,0.12231,0.12198,0.12219,35381.2936816
2022-03-05 01:06,0.1221,0.1222,0.1219,0.1221,84013.6,0.12200000,0.12210000,0.12180000,0.12210000,427558.00000000,0.12198,0.1222,0.12187,0.1222,4955.44693975
2022-03-05 01:07,0.122,0.1221,0.1219,0.1219,40214.2,0.12200000,0.12200000,0.12180000,0.12190000,191354.00000000,0.1222,0.1222,0.12195,0.12211,1381.0
2022-03-05 01:08,0.1218,0.1221,0.1218,0.1221,25251.1,0.12180000,0.12210000,0.12180000,0.12200000,316269.00000000,0.12212,0.1222,0.12212,0.1222,500.0
2022-03-05 01:09,0.1221,0.1222,0.1219,0.122,63709.2,0.12200000,0.12210000,0.12190000,0.12210000,260391.00000000,0.122,0.122,0.122,0.122,11.26463666
2022-03-05 01:10,0.1222,0.1222,0.1219,0.122,148669.9,0.12210000,0.12210000,0.12200000,0.12210000,182070.00000000,0.12212,0.12221,0.12201,0.12217,371.23714944
2022-03-05 01:11,0.1222,0.1222,0.122,0.122,9851.9,0.12210000,0.12210000,0.12200000,0.12200000,162471.00000000,,,,,
2022-03-05 01:12,0.1221,0.1222,0.122,0.1222,40651.7,0.12210000,0.12210000,0.12190000,0.12210000,370171.00000000,0.12224,0.12224,0.12222,0.12222,100.0
2022-03-05 01:13,0.1221,0.1222,0.1221,0.1221,164400.6,0.12200000,0.12210000,0.12200000,0.12200000,29559.00000000,0.12222,0.12222,0.12208,0.12208,750.0
2022-03-05 01:14,0.1222,0.1224,0.1221,0.1223,200633.0,0.12200000,0.12230000,0.12200000,0.12220000,1389763.00000000,0.12221,0.12251,0.12221,0.12251,16875.41855275
2022-03-05 01:15,0.1223,0.1224,0.1219,0.122,173600.2,0.12230000,0.12240000,0.12190000,0.12200000,626496.00000000,0.12241,0.12242,0.12213,0.12213,22898.942353270002
2022-03-05 01:16,0.122,0.122,0.1217,0.1217,67788.3,0.12200000,0.12200000,0.12160000,0.12170000,804893.00000000,0.12203,0.12203,0.12194,0.12194,24.01239859
2022-03-05 01:17,0.1217,0.1219,0.1217,0.1218,103812.7,0.12170000,0.12180000,0.12160000,0.12180000,213940.00000000,0.12183,0.12194,0.12176,0.12194,70.24670375
2022-03-05 01:18,0.1218,0.1218,0.1217,0.1218,4891.5,0.12180000,0.12180000,0.12170000,0.12180000,16475.00000000,0.12189,0.12189,0.12189,0.12189,100.0
2022-03-05 01:19,0.1218,0.1218,0.1217,0.1217,34571.4,0.12180000,0.12180000,0.12170000,0.12180000,74409.00000000,0.12172,0.12172,0.12172,0.12172,11.30829427
2022-03-05 01:20,0.1217,0.122,0.1217,0.122,99811.3,0.12180000,0.12190000,0.12180000,0.12180000,76911.00000000,0.12189,0.12203,0.12189,0.12202,328.11760411
2022-03-05 01:21,0.122,0.1221,0.1219,0.122,22406.1,0.12190000,0.12200000,0.12190000,0.12200000,49780.00000000,0.12212,0.12213,0.12212,0.12213,650.0
2022-03-05 01:22,0.122,0.1221,0.1219,0.1221,4798.7,0.12200000,0.12200000,0.12190000,0.12200000,42321.00000000,,,,,
2022-03-05 01:23,0.1221,0.1221,0.1218,0.1219,29528.9,0.12200000,0.12200000,0.12180000,0.12180000,456406.00000000,0.12198,0.12198,0.12198,0.12198,8.08484945
2022-03-05 01:24,0.1219,0.122,0.1219,0.122,14039.6,0.12190000,0.12200000,0.12180000,0.12200000,173980.00000000,,,,,
2022-03-05 01:25,0.122,0.1221,0.1219,0.1221,15159.9,0.12200000,0.12200000,0.12190000,0.12200000,58093.00000000,0.12209,0.12212,0.12209,0.12212,691.25446473
2022-03-05 01:26,0.1221,0.1221,0.1218,0.1218,80411.3,0.12200000,0.12200000,0.12170000,0.12170000,156766.00000000,0.12199,0.12204,0.1219,0.1219,39.92747793
2022-03-05 01:27,0.1218,0.1219,0.1216,0.1218,51096.8,0.12170000,0.12190000,0.12160000,0.12190000,493025.00000000,0.12185,0.12185,0.12185,0.12185,10.98589993
2022-03-05 01:28,0.1219,0.122,0.1218,0.122,6977.1,0.12190000,0.12190000,0.12180000,0.12190000,255458.00000000,0.12199,0.12199,0.12199,0.12199,979.06724397
2022-03-05 01:29,0.122,0.1221,0.1219,0.122,40586.6,0.12200000,0.12200000,0.12190000,0.12200000,149841.00000000,0.12212,0.12212,0.12212,0.12212,50.0
2022-03-05 01:30,0.122,0.1221,0.1219,0.1219,45665.6,0.12200000,0.12210000,0.12190000,0.12190000,205690.00000000,0.12222,0.12222,0.12209,0.12209,61.54398561
2022-03-05 01:31,0.122,0.122,0.1217,0.1219,20601.7,0.12190000,0.12200000,0.12170000,0.12170000,331580.00000000,0.12199,0.12199,0.12184,0.12184,833.25542021
2022-03-05 01:32,0.1218,0.1219,0.1217,0.1218,28647.4,0.12170000,0.12180000,0.12170000,0.12170000,253794.00000000,0.12189,0.1219,0.12189,0.1219,150.0
2022-03-05 01:33,0.1218,0.1219,0.1217,0.1219,9348.6,0.12170000,0.12190000,0.12170000,0.12180000,123570.00000000,,,,,
2022-03-05 01:34,0.1219,0.122,0.1218,0.1218,18809.5,0.12180000,0.12180000,0.12180000,0.12180000,135715.00000000,0.12189,0.12201,0.12189,0.12201,3429.0535402
2022-03-05 01:35,0.1219,0.1219,0.1217,0.1217,88256.7,0.12190000,0.12190000,0.12160000,0.12160000,141274.00000000,0.1219,0.1219,0.12174,0.12174,508.16442
2022-03-05 01:36,0.1217,0.1217,0.1214,0.1214,75004.3,0.12160000,0.12160000,0.12130000,0.12140000,747330.00000000,0.12168,0.12168,0.12155,0.12155,11280.80232778
2022-03-05 01:37,0.1215,0.1216,0.1213,0.1214,68744.0,0.12130000,0.12150000,0.12130000,0.12130000,311747.00000000,0.12144,0.12144,0.12129,0.12129,1472.73657
2022-03-05 01:38,0.1214,0.1215,0.1213,0.1213,52850.5,0.12120000,0.12140000,0.12120000,0.12130000,171198.00000000,0.12136,0.12144,0.12136,0.12144,462.66804
2022-03-05 01:39,0.1214,0.1218,0.1214,0.1218,61527.4,0.12130000,0.12180000,0.12130000,0.12180000,1103586.00000000,0.12143,0.12191,0.12143,0.12191,4169.08135092
2022-03-05 01:40,0.1217,0.122,0.1217,0.1219,594046.8,0.12180000,0.12200000,0.12170000,0.12190000,543513.00000000,0.12193,0.12201,0.12189,0.12189,5361.3128132
2022-03-05 01:41,0.1219,0.122,0.1218,0.1219,44181.4,0.12190000,0.12200000,0.12180000,0.12180000,435763.00000000,0.12194,0.12202,0.12193,0.12202,6619.0
2022-03-05 01:42,0.1218,0.122,0.1218,0.1219,33678.1,0.12180000,0.12190000,0.12180000,0.12180000,8048.00000000,,,,,
2022-03-05 01:43,0.122,0.122,0.1218,0.122,37169.6,0.12180000,0.12200000,0.12180000,0.12190000,324932.00000000,0.122,0.122,0.122,0.122,300.0
2022-03-05 01:44,0.122,0.1221,0.1219,0.1219,82784.3,0.12190000,0.12200000,0.12190000,0.12200000,279128.00000000,,,,,
2022-03-05 01:45,0.1219,0.122,0.1219,0.122,18064.2,0.12190000,0.12200000,0.12190000,0.12200000,35963.00000000,,,,,
2022-03-05 01:46,0.122,0.122,0.1219,0.122,51307.6,0.12200000,0.12200000,0.12180000,0.12200000,487153.00000000,,,,,
2022-03-05 01:47,0.122,0.122,0.1218,0.1219,57910.9,0.12190000,0.12200000,0.12190000,0.12190000,218715.00000000,,,,,
2022-03-05 01:48,0.1219,0.1219,0.1217,0.1218,222257.4,0.12200000,0.12200000,0.12170000,0.12180000,205674.00000000,0.12192,0.12192,0.12192,0.12192,8.26665094
2022-03-05 01:49,0.1219,0.1219,0.1217,0.1218,43414.6,0.12170000,0.12180000,0.12170000,0.12180000,8685.00000000,,,,,
2022-03-05 01:50,0.1218,0.1218,0.1216,0.1217,25455.9,0.12180000,0.12180000,0.12160000,0.12170000,145560.00000000,0.12182,0.12182,0.12181,0.12181,81241.78782451
2022-03-05 01:51,0.1218,0.1218,0.1217,0.1217,14096.8,0.12170000,0.12180000,0.12160000,0.12170000,161235.00000000,0.1219,0.1219,0.1219,0.1219,200.0
2022-03-05 01:52,0.1218,0.1218,0.1217,0.1218,3262.7,0.12180000,0.12180000,0.12170000,0.12170000,18587.00000000,,,,,
2022-03-05 01:53,0.1218,0.1219,0.1217,0.1218,36436.5,0.12170000,0.12180000,0.12170000,0.12170000,26159.00000000,0.12189,0.12189,0.12189,0.12189,50.0
2022-03-05 01:54,0.1218,0.1218,0.1217,0.1218,9408.3,0.12170000,0.12180000,0.12170000,0.12170000,41931.00000000,,,,,
2022-03-05 01:55,0.1217,0.1218,0.1217,0.1217,38126.9,0.12170000,0.12180000,0.12160000,0.12180000,248682.00000000,0.12176,0.12176,0.12173,0.12173,7500.0
2022-03-05 01:56,0.1218,0.1219,0.1217,0.1219,151932.2,0.12170000,0.12180000,0.12170000,0.12180000,1060943.00000000,0.12178,0.12194,0.12176,0.12194,7803.1412762
2022-03-05 01:57,0.1219,0.1219,0.1218,0.1218,42569.1,0.12180000,0.12190000,0.12180000,0.12180000,19437.00000000,,,,,
2022-03-05 01:58,0.1219,0.122,0.1219,0.122,29746.8,0.12190000,0.12200000,0.12180000,0.12200000,70368.00000000,0.12188,0.12209,0.12188,0.12209,2250.0
2022-03-05 01:59,0.1219,0.122,0.1219,0.1219,18439.1,0.12200000,0.12200000,0.12190000,0.12200000,236716.00000000,0.1221,0.1221,0.1219,0.1219,263.69428903
2022-03-05 02:00,0.122,0.122,0.1218,0.1219,12145.8,0.12200000,0.12200000,0.12180000,0.12190000,89327.00000000,0.12189,0.12189,0.12189,0.12189,100.0
2022-03-05 02:01,0.1219,0.122,0.1218,0.1219,44108.9,0.12190000,0.12190000,0.12180000,0.12190000,142395.00000000,,,,,
2022-03-05 02:02,0.1218,0.122,0.1218,0.1219,7436.5,0.12190000,0.12200000,0.12180000,0.12190000,17584.00000000,,,,,
2022-03-05 02:03,0.1219,0.122,0.1217,0.1217,63124.4,0.12180000,0.12190000,0.12170000,0.12180000,336818.00000000,0.12202,0.12202,0.12189,0.12189,1108.30374007
2022-03-05 02:04,0.1218,0.1218,0.1217,0.1217,45395.1,0.12170000,0.12180000,0.12170000,0.12180000,7171.00000000,0.1218,0.1218,0.1218,0.1218,1500.0
2022-03-05 02:05,0.1218,0.122,0.1218,0.122,159860.6,0.12180000,0.12190000,0.12180000,0.12180000,439440.00000000,0.12192,0.12192,0.12188,0.12188,362.37067317
2022-03-05 02:06,0.1219,0.1221,0.1219,0.1219,24709.0,0.12190000,0.12200000,0.12180000,0.12200000,23386.00000000,0.12198,0.12212,0.12198,0.12212,512.57540478
2022-03-05 02:07,0.1219,0.1221,0.1219,0.122,30098.4,0.12200000,0.12200000,0.12190000,0.12200000,33115.00000000,0.12212,0.12212,0.1221,0.1221,59.40748757
2022-03-05 02:08,0.1219,0.122,0.1218,0.1218,52776.7,0.12190000,0.12190000,0.12180000,0.12190000,352460.00000000,0.12196,0.1221,0.12196,0.12196,525.81521661
2022-03-05 02:09,0.1219,0.122,0.1218,0.1218,14809.1,0.12180000,0.12190000,0.12180000,0.12190000,157782.00000000,0.12196,0.12196,0.12195,0.12195,200.0
2022-03-05 02:10,0.122,0.122,0.1219,0.122,60564.1,0.12180000,0.12200000,0.12180000,0.12190000,284390.00000000,0.12205,0.12205,0.12203,0.12203,3102.39503
2022-03-05 02:11,0.122,0.122,0.1219,0.1219,11174.8,0.12190000,0.12200000,0.12180000,0.12190000,198946.00000000,,,,,
2022-03-05 02:12,0.122,0.1222,0.1219,0.1221,15858.6,0.12200000,0.12210000,0.12190000,0.12200000,1387183.00000000,0.1221,0.12218,0.1221,0.12218,3409.66269196
2022-03-05 02:13,0.1221,0.1222,0.122,0.1222,22314.2,0.12210000,0.12210000,0.12200000,0.12210000,5958.00000000,,,,,
2022-03-05 02:14,0.1221,0.1224,0.1221,0.1223,366137.2,0.12210000,0.12230000,0.12210000,0.12230000,605728.00000000,0.12231,0.12236,0.12218,0.12236,27527.14430596
2022-03-05 02:15,0.1222,0.1223,0.1222,0.1223,3123.5,0.12230000,0.12230000,0.12220000,0.12220000,285045.00000000,0.12241,0.12241,0.12241,0.12241,50.0
2022-03-05 02:16,0.1224,0.1224,0.1222,0.1222,35111.9,0.12230000,0.12230000,0.12220000,0.12230000,13542.00000000,0.12243,0.12246,0.12243,0.12243,350.0
2022-03-05 02:17,0.1223,0.1223,0.1222,0.1223,61780.1,0.12220000,0.12230000,0.12220000,0.12230000,210817.00000000,0.12229,0.12234,0.12229,0.12234,341.38552311
2022-03-05 02:18,0.1223,0.1224,0.1222,0.1222,161427.3,0.12220000,0.12230000,0.12220000,0.12220000,1390481.00000000,0.12238,0.12239,0.12234,0.12234,149.0
2022-03-05 02:19,0.1222,0.1223,0.1221,0.1222,8459.4,0.12220000,0.12220000,0.12200000,0.12200000,447787.00000000,0.12234,0.12234,0.12225,0.12225,550.03377053
2022-03-05 02:20,0.1222,0.1222,0.1218,0.1219,39992.3,0.12200000,0.12200000,0.12190000,0.12190000,219376.00000000,0.12209,0.12209,0.12201,0.12202,172.62186631
2022-03-05 02:21,0.1219,0.1219,0.1217,0.1217,569487.6,0.12190000,0.12190000,0.12160000,0.12170000,459362.00000000,0.12193,0.12193,0.12181,0.12184,16210.63942654
2022-03-05 02:22,0.1218,0.1219,0.1217,0.1218,58016.7,0.12170000,0.12180000,0.12160000,0.12180000,364300.00000000,0.12181,0.12181,0.12181,0.12181,12316.8
2022-03-05 02:23,0.1218,0.1219,0.1217,0.1219,21050.6,0.12170000,0.12180000,0.12170000,0.12180000,76015.00000000,,,,,
2022-03-05 02:24,0.1219,0.122,0.1219,0.122,21347.7,0.12170000,0.12200000,0.12170000,0.12190000,65397.00000000,0.12201,0.12204,0.12191,0.12191,1030.99896683
2022-03-05 02:25,0.1219,0.1219,0.1217,0.1217,76307.7,0.12190000,0.12190000,0.12160000,0.12170000,654016.00000000,0.1217,0.1217,0.1216,0.1216,65.06341153
2022-03-05 02:26,0.1217,0.1219,0.1216,0.1219,16884.0,0.12170000,0.12190000,0.12160000,0.12190000,319278.00000000,0.12169,0.12189,0.12169,0.12189,26.25719653
2022-03-05 02:27,0.1219,0.1221,0.1219,0.122,35779.7,0.12180000,0.12200000,0.12180000,0.12200000,763598.00000000,0.12207,0.12207,0.12195,0.12195,159.46535516
2022-03-05 02:28,0.122,0.1221,0.1219,0.122,24493.4,0.12200000,0.12200000,0.12190000,0.12200000,88676.00000000,0.12206,0.12206,0.12206,0.12206,8.69948013
2022-03-05 02:29,0.1221,0.1221,0.1219,0.122,51568.2,0.12200000,0.12210000,0.12190000,0.12190000,143194.00000000,,,,,
2022-03-05 02:30,0.1221,0.1221,0.122,0.122,59227.8,0.12190000,0.12200000,0.12190000,0.12190000,153699.00000000,0.12209,0.12209,0.12209,0.12209,3863.56318869
2022-03-05 02:31,0.122,0.1221,0.1219,0.122,11616.2,0.12200000,0.12200000,0.12190000,0.12190000,36860.00000000,0.12209,0.12209,0.12209,0.12209,50.0
2022-03-05 02:32,0.1219,0.1221,0.1219,0.122,23224.9,0.12200000,0.12200000,0.12190000,0.12190000,80725.00000000,,,,,
2022-03-05 02:33,0.122,0.122,0.1219,0.1219,9664.4,0.12190000,0.12200000,0.12180000,0.12180000,81142.00000000,0.12206,0.12206,0.12206,0.12206,150.0
2022-03-05 02:34,0.122,0.122,0.1218,0.1218,27110.5,0.12180000,0.12190000,0.12170000,0.12170000,156450.00000000,0.12191,0.12196,0.12179,0.12179,88.40041958
2022-03-05 02:35,0.1218,0.122,0.1217,0.122,58693.7,0.12170000,0.12190000,0.12160000,0.12180000,434401.00000000,0.1217,0.122,0.1217,0.122,950.0
2022-03-05 02:36,0.1219,0.122,0.1219,0.122,11848.4,0.12190000,0.12200000,0.12180000,0.12200000,836434.00000000,0.122,0.12201,0.122,0.12201,3362.35055784
2022-03-05 02:37,0.1221,0.1221,0.122,0.1221,13493.6,0.12200000,0.12210000,0.12200000,0.12200000,64770.00000000,,,,,
2022-03-05 02:38,0.122,0.1221,0.1219,0.1219,86805.7,0.12200000,0.12200000,0.12190000,0.12190000,1023730.00000000,,,,,
2022-03-05 02:39,0.1219,0.1221,0.1219,0.1221,189282.5,0.12190000,0.12210000,0.12190000,0.12190000,1242806.00000000,0.12207,0.12207,0.12207,0.12207,200.0
2022-03-05 02:40,0.1219,0.122,0.1219,0.122,143915.5,0.12200000,0.12200000,0.12180000,0.12180000,34522.00000000,0.12208,0.12208,0.12199,0.12199,4128.71418402
2022-03-05 02:41,0.122,0.122,0.1217,0.1219,49269.5,0.12190000,0.12190000,0.12180000,0.12190000,247992.00000000,0.12183,0.12183,0.12183,0.12183,12.48207586
2022-03-05 02:42,0.1218,0.122,0.1218,0.122,68612.2,0.12190000,0.12190000,0.12180000,0.12190000,49739.00000000,,,,,
2022-03-05 02:43,0.122,0.1221,0.1219,0.1219,11431.8,0.12190000,0.12200000,0.12190000,0.12190000,108699.00000000,0.12202,0.12202,0.12202,0.12202,250.0
2022-03-05 02:44,0.122,0.122,0.1219,0.1219,49222.6,0.12190000,0.12190000,0.12180000,0.12190000,199688.00000000,,,,,
2022-03-05 02:45,0.1218,0.122,0.1218,0.122,12187.8,0.12190000,0.12200000,0.12180000,0.12180000,142328.00000000,0.12198,0.12207,0.12189,0.12189,111.05613244
2022-03-05 02:46,0.122,0.122,0.1219,0.122,11413.8,0.12180000,0.12200000,0.12180000,0.12190000,127822.00000000,0.12201,0.12208,0.12201,0.12208,110.75606446
2022-03-05 02:47,0.1219,0.122,0.1219,0.122,65158.0,0.12200000,0.12200000,0.12180000,0.12180000,42585.00000000,0.12192,0.12192,0.12192,0.12192,10.47404945
2022-03-05 02:48,0.1219,0.122,0.1218,0.1218,18960.0,0.12190000,0.12190000,0.12180000,0.12190000,57847.00000000,0.12192,0.12202,0.12192,0.12202,500.0
2022-03-05 02:49,0.1219,0.122,0.1218,0.1219,54611.2,0.12180000,0.12190000,0.12180000,0.12190000,5550.00000000,0.122,0.122,0.122,0.122,50.0
2022-03-05 02:50,0.1218,0.122,0.1218,0.122,51492.9,0.12190000,0.12190000,0.12180000,0.12190000,41069.00000000,,,,,
2022-03-05 02:51,0.1219,0.122,0.1219,0.122,5292.8,0.12190000,0.12190000,0.12180000,0.12180000,7948.00000000,0.12202,0.12202,0.12202,0.12202,1137.51174494
2022-03-05 02:52,0.1219,0.122,0.1219,0.122,9037.9,0.12190000,0.12200000,0.12180000,0.12190000,172149.00000000,0.12202,0.12202,0.12202,0.12202,3362.35225563
2022-03-05 02:53,0.122,0.1221,0.1219,0.1221,69923.9,0.12190000,0.12200000,0.12190000,0.12190000,47666.00000000,,,,,
2022-03-05 02:54,0.1221,0.1221,0.122,0.1221,42198.3,0.12200000,0.12220000,0.12190000,0.12210000,539227.00000000,0.12212,0.12227,0.12212,0.12227,650.0
2022-03-05 02:55,0.1221,0.1222,0.1221,0.1222,65133.7,0.12210000,0.12220000,0.12210000,0.12220000,213342.00000000,0.12217,0.12231,0.12217,0.12231,111.90809124
2022-03-05 02:56,0.1222,0.1223,0.1222,0.1223,15311.6,0.12220000,0.12230000,0.12220000,0.12230000,237342.00000000,,,,,
2022-03-05 02:57,0.1224,0.1225,0.1223,0.1223,35700.6,0.12220000,0.12240000,0.12220000,0.12230000,93907.00000000,,,,,
2022-03-05 02:58,0.1223,0.1224,0.1221,0.1222,239758.1,0.12230000,0.12240000,0.12220000,0.12220000,3327006.00000000,0.12242,0.1225,0.12224,0.12224,43265.52636843
2022-03-05 02:59,0.1222,0.1222,0.1219,0.1219,157584.8,0.12210000,0.12220000,0.12180000,0.12190000,421148.00000000,0.12213,0.12213,0.12201,0.12201,4182.5594223200005
2022-03-05 03:00,0.1218,0.122,0.1218,0.122,23446.0,0.12180000,0.12190000,0.12180000,0.12180000,314971.00000000,0.12191,0.12204,0.12182,0.12204,6796.88257974
2022-03-05 03:01,0.122,0.1223,0.122,0.1222,26987.1,0.12190000,0.12230000,0.12190000,0.12210000,755610.00000000,0.12211,0.1224,0.12211,0.12228,10709.07944464
2022-03-05 03:02,0.1221,0.1223,0.1221,0.1223,29395.1,0.12210000,0.12220000,0.12210000,0.12220000,75793.00000000,0.12232,0.12232,0.12229,0.12229,4725.86291697
2022-03-05 03:03,0.1223,0.1224,0.1222,0.1222,26576.4,0.12220000,0.12230000,0.12220000,0.12230000,76581.00000000,,,,,
2022-03-05 03:04,0.1223,0.1223,0.1222,0.1222,1448.2,0.12220000,0.12230000,0.12220000,0.12230000,5304.00000000,0.12228,0.12239,0.12228,0.12239,100.0
2022-03-05 03:05,0.1223,0.1224,0.1222,0.1224,51818.0,0.12230000,0.12240000,0.12230000,0.12240000,207020.00000000,0.12251,0.12251,0.12237,0.12237,261.78543448
2022-03-05 03:06,0.1223,0.1224,0.1222,0.1222,19130.6,0.12240000,0.12240000,0.12220000,0.12220000,602571.00000000,0.12243,0.12243,0.12227,0.12227,300.0
2022-03-05 03:07,0.1223,0.1223,0.1221,0.1223,21531.6,0.12220000,0.12230000,0.12210000,0.12220000,233582.00000000,0.12225,0.12225,0.12225,0.12225,2500.0
2022-03-05 03:08,0.1222,0.1223,0.1221,0.1221,3709.9,0.12220000,0.12220000,0.12210000,0.12210000,411099.00000000,,,,,
2022-03-05 03:09,0.1221,0.1222,0.1221,0.1222,167825.4,0.12210000,0.12220000,0.12200000,0.12210000,280909.00000000,0.1223,0.1223,0.12218,0.12218,413.53454422
2022-03-05 03:10,0.1221,0.1222,0.1221,0.1222,4808.8,0.12200000,0.12220000,0.12200000,0.12210000,62157.00000000,,,,,
2022-03-05 03:11,0.1222,0.1222,0.1221,0.1221,9204.6,0.12210000,0.12220000,0.12200000,0.12210000,159571.00000000,0.12223,0.12228,0.12223,0.12228,300.0
2022-03-05 03:12,0.122,0.1221,0.122,0.1221,32047.7,0.12200000,0.12210000,0.12190000,0.12190000,84205.00000000,0.12206,0.12217,0.122,0.12201,409.21088585
2022-03-05 03:13,0.1221,0.1221,0.122,0.1221,23387.8,0.12200000,0.12210000,0.12190000,0.12210000,207560.00000000,0.12211,0.12213,0.12202,0.12213,3000.0
2022-03-05 03:14,0.1221,0.1223,0.1221,0.1222,16858.3,0.12210000,0.12220000,0.12210000,0.12210000,64202.00000000,0.12218,0.12228,0.12218,0.12228,300.0
2022-03-05 03:15,0.1221,0.1224,0.1221,0.1224,5844.0,0.12220000,0.12230000,0.12210000,0.12220000,45234.00000000,0.12233,0.12243,0.12233,0.12243,16327.795828119999
2022-03-05 03:16,0.1223,0.1225,0.1223,0.1223,31885.2,0.12230000,0.12250000,0.12230000,0.12230000,296027.00000000,0.12243,0.12243,0.12243,0.12243,1220.0
2022-03-05 03:17,0.1224,0.1225,0.1224,0.1225,31688.2,0.12240000,0.12250000,0.12240000,0.12240000,186622.00000000,0.12248,0.12248,0.12248,0.12248,50.0
2022-03-05 03:18,0.1225,0.1226,0.1224,0.1225,6766.3,0.12240000,0.12250000,0.12240000,0.12240000,4819.00000000,0.12254,0.12264,0.12248,0.1225,900.0
2022-03-05 03:19,0.1224,0.1225,0.1224,0.1224,79933.7,0.12250000,0.12250000,0.12240000,0.12240000,18640.00000000,0.12248,0.12258,0.12248,0.12258,250.0
2022-03-05 03:20,0.1224,0.1226,0.1223,0.1224,306288.0,0.12250000,0.12250000,0.12240000,0.12240000,587695.00000000,0.12246,0.12246,0.1224,0.1224,4280.0
2022-03-05 03:21,0.1225,0.1227,0.1224,0.1227,45959.8,0.12240000,0.12260000,0.12230000,0.12240000,1370182.00000000,0.12253,0.12274,0.12252,0.1226,2448.57086683
2022-03-05 03:22,0.1226,0.1227,0.1225,0.1226,22398.1,0.12250000,0.12260000,0.12250000,0.12260000,32352.00000000,0.12269,0.12269,0.12258,0.12258,152.90982895
2022-03-05 03:23,0.1226,0.1227,0.1225,0.1226,12026.5,0.12250000,0.12260000,0.12250000,0.12260000,301086.00000000,,,,,
2022-03-05 03:24,0.1226,0.1226,0.1225,0.1226,5058.7,0.12260000,0.12260000,0.12240000,0.12240000,206537.00000000,0.12264,0.12264,0.12262,0.12262,100.0
2022-03-05 03:25,0.1226,0.1228,0.1226,0.1226,161190.9,0.12240000,0.12280000,0.12240000,0.12260000,1011381.00000000,0.12262,0.1229,0.12262,0.1229,500.0
2022-03-05 03:26,0.1228,0.1229,0.1227,0.1229,70936.1,0.12270000,0.12280000,0.12260000,0.12280000,57351.00000000,0.12268,0.12295,0.12268,0.12295,6309.0
2022-03-05 03:27,0.1228,0.123,0.1228,0.1228,28959.1,0.12280000,0.12290000,0.12270000,0.12280000,390820.00000000,0.12298,0.12298,0.12282,0.12297,262.79975845
2022-03-05 03:28,0.1229,0.1229,0.1227,0.1229,16737.4,0.12280000,0.12290000,0.12270000,0.12280000,105387.00000000,0.12285,0.12285,0.12285,0.12285,100.0
2022-03-05 03:29,0.1228,0.1229,0.1227,0.1228,10169.5,0.12280000,0.12280000,0.12280000,0.12280000,17617.00000000,,,,,
2022-03-05 03:30,0.1228,0.1228,0.1226,0.1226,9663.2,0.12270000,0.12280000,0.12260000,0.12270000,113466.00000000,0.12286,0.12286,0.12286,0.12286,420.35512
2022-03-05 03:31,0.1228,0.1228,0.1227,0.1228,33257.3,0.12260000,0.12280000,0.12260000,0.12280000,248753.00000000,,,,,
2022-03-05 03:32,0.1228,0.1229,0.1227,0.1228,23669.8,0.12280000,0.12280000,0.12270000,0.12280000,141686.00000000,0.12288,0.12291,0.12288,0.12291,1000.0
2022-03-05 03:33,0.1229,0.1229,0.1228,0.1228,11918.9,0.12270000,0.12280000,0.12270000,0.12270000,18204.00000000,0.1228,0.12291,0.1228,0.12291,886.89
2022-03-05 03:34,0.1227,0.123,0.1227,0.1229,87109.0,0.12280000,0.12300000,0.12270000,0.12280000,452034.00000000,0.12291,0.1231,0.12288,0.12288,3350.0
2022-03-05 03:35,0.1229,0.123,0.1228,0.1228,81579.9,0.12280000,0.12290000,0.12280000,0.12280000,230904.00000000,0.12301,0.12301,0.12288,0.12288,350.0
2022-03-05 03:36,0.1229,0.123,0.1229,0.123,11715.9,0.12290000,0.12290000,0.12280000,0.12290000,34973.00000000,0.12291,0.12291,0.12291,0.12291,50.0
2022-03-05 03:37,0.123,0.1231,0.1229,0.123,259799.9,0.12280000,0.12300000,0.12280000,0.12290000,737602.00000000,0.12311,0.12318,0.12297,0.12297,159.2063146
2022-03-05 03:38,0.123,0.123,0.123,0.123,31218.6,0.12290000,0.12300000,0.12280000,0.12290000,200616.00000000,0.1231,0.1231,0.12293,0.12293,1326.09144141
2022-03-05 03:39,0.1231,0.1231,0.1229,0.123,36099.6,0.12300000,0.12310000,0.12290000,0.12300000,185038.00000000,0.12306,0.12309,0.12299,0.12299,277.99107694
2022-03-05 03:40,0.123,0.123,0.1228,0.123,15595.4,0.12300000,0.12300000,0.12280000,0.12280000,96493.00000000,0.1231,0.1231,0.12291,0.12291,613.38972671
2022-03-05 03:41,0.123,0.1231,0.1229,0.1229,23243.4,0.12290000,0.12300000,0.12280000,0.12290000,26599.00000000,0.12294,0.12294,0.12294,0.12294,50.0
2022-03-05 03:42,0.123,0.1231,0.1228,0.1229,103301.7,0.12290000,0.12290000,0.12280000,0.12290000,321462.00000000,0.12307,0.12309,0.12289,0.12289,650.0
2022-03-05 03:43,0.1229,0.123,0.1229,0.123,3340.9,0.12280000,0.12290000,0.12280000,0.12280000,5827.00000000,,,,,
2022-03-05 03:44,0.1229,0.123,0.1229,0.123,13612.1,0.12290000,0.12290000,0.12280000,0.12290000,11145.00000000,0.12303,0.12303,0.12303,0.12303,500.0
2022-03-05 03:45,0.1229,0.123,0.1228,0.1229,7050.1,0.12280000,0.12290000,0.12270000,0.12280000,333339.00000000,0.12295,0.12295,0.12295,0.12295,226.89311492000002
2022-03-05 03:46,0.1229,0.123,0.1228,0.1229,44845.7,0.12270000,0.12290000,0.12270000,0.12280000,39866.00000000,0.12284,0.12303,0.12284,0.12303,3050.0
2022-03-05 03:47,0.1228,0.1229,0.1228,0.1229,2643.7,0.12290000,0.12290000,0.12280000,0.12280000,93536.00000000,0.12301,0.12301,0.12301,0.12301,100.0
2022-03-05 03:48,0.1229,0.1229,0.1228,0.1228,2810.2,0.12290000,0.12290000,0.12260000,0.12270000,237239.00000000,0.12293,0.12293,0.12271,0.12271,172.5087476
2022-03-05 03:49,0.1227,0.1229,0.1227,0.1228,100637.3,0.12270000,0.12280000,0.12270000,0.12270000,317623.00000000,0.12269,0.12286,0.12269,0.12274,3250.0
2022-03-05 03:50,0.1228,0.1228,0.1227,0.1228,239668.2,0.12280000,0.12280000,0.12260000,0.12270000,174745.00000000,0.12288,0.12288,0.12268,0.12268,500.0
2022-03-05 03:51,0.1228,0.1228,0.1227,0.1227,12168.9,0.12270000,0.12270000,0.12260000,0.12270000,86591.00000000,0.12283,0.12287,0.12272,0.12272,115.83446748
2022-03-05 03:52,0.1228,0.1228,0.1227,0.1228,10073.7,0.12260000,0.12270000,0.12260000,0.12270000,18163.00000000,0.1228,0.1228,0.1228,0.1228,1106.0
2022-03-05 03:53,0.1228,0.1228,0.1227,0.1228,17250.0,0.12270000,0.12270000,0.12260000,0.12270000,6528.00000000,,,,,
2022-03-05 03:54,0.1228,0.1228,0.1227,0.1227,8342.3,0.12270000,0.12270000,0.12260000,0.12260000,11406.00000000,0.12285,0.12285,0.12285,0.12285,50.0
2022-03-05 03:55,0.1228,0.1228,0.1226,0.1227,8634.0,0.12260000,0.12270000,0.12260000,0.12270000,21348.00000000,0.1228,0.1228,0.1228,0.1228,0.05056066
2022-03-05 03:56,0.1226,0.1228,0.1226,0.1228,32424.8,0.12270000,0.12270000,0.12260000,0.12270000,23263.00000000,0.12271,0.12271,0.12271,0.12271,250.0
2022-03-05 03:57,0.1227,0.1228,0.1227,0.1228,7760.5,0.12270000,0.12280000,0.12260000,0.12270000,248350.00000000,0.12273,0.12289,0.12273,0.12289,2900.0
2022-03-05 03:58,0.1227,0.1228,0.1226,0.1228,39660.9,0.12270000,0.12270000,0.12260000,0.12270000,1336.00000000,0.12271,0.12271,0.12271,0.12271,15.99051832
2022-03-05 03:59,0.1228,0.1228,0.1227,0.1228,18854.0,0.12260000,0.12280000,0.12260000,0.12270000,139416.00000000,0.12281,0.12281,0.12281,0.12281,13.30526843
2022-03-05 04:00,0.1228,0.1228,0.1227,0.1227,7161.2,0.12280000,0.12280000,0.12260000,0.12270000,101128.00000000,0.12285,0.12285,0.12285,0.12285,11.23759988
2022-03-05 04:01,0.1227,0.1228,0.1227,0.1228,4071.0,0.12270000,0.12270000,0.12260000,0.12260000,9665.00000000,,,,,
2022-03-05 04:02,0.1228,0.1228,0.1225,0.1225,50309.3,0.12270000,0.12270000,0.12240000,0.12250000,264159.00000000,0.1228,0.1228,0.12257,0.12257,5100.0
2022-03-05 04:03,0.1226,0.1226,0.1224,0.1226,140596.5,0.12250000,0.12250000,0.12230000,0.12250000,362641.00000000,,,,,
2022-03-05 04:04,0.1225,0.1227,0.1225,0.1226,28033.8,0.12240000,0.12260000,0.12240000,0.12240000,196254.00000000,,,,,
2022-03-05 04:05,0.1226,0.1227,0.1225,0.1225,24570.0,0.12250000,0.12260000,0.12250000,0.12260000,73770.00000000,0.12274,0.12274,0.12259,0.12259,59.04939712
2022-03-05 04:06,0.1226,0.1226,0.1225,0.1226,4060.2,0.12250000,0.12250000,0.12240000,0.12250000,102511.00000000,0.12251,0.12251,0.12251,0.12251,50.0
2022-03-05 04:07,0.1226,0.1226,0.1224,0.1226,49034.8,0.12240000,0.12250000,0.12240000,0.12250000,49922.00000000,0.12264,0.12264,0.12264,0.12264,93.0
2022-03-05 04:08,0.1225,0.1226,0.1221,0.1222,806005.7,0.12250000,0.12250000,0.12220000,0.12220000,1912953.00000000,0.12249,0.12249,0.1222,0.12238,153376.61730533
2022-03-05 04:09,0.1223,0.1224,0.1222,0.1223,85232.2,0.12230000,0.12240000,0.12220000,0.12230000,368351.00000000,0.1223,0.1223,0.1223,0.1223,100.0
2022-03-05 04:10,0.1223,0.1223,0.1221,0.1223,32355.1,0.12230000,0.12230000,0.12210000,0.12230000,169357.00000000,0.12219,0.12234,0.12219,0.12234,2554.44511714
2022-03-05 04:11,0.1223,0.1223,0.1222,0.1223,28131.1,0.12230000,0.12230000,0.12210000,0.12230000,208005.00000000,,,,,
2022-03-05 04:12,0.1222,0.1224,0.1222,0.1224,39774.7,0.12230000,0.12230000,0.12220000,0.12220000,21137.00000000,0.12241,0.12241,0.1224,0.1224,300.0
2022-03-05 04:13,0.1224,0.1224,0.1223,0.1223,3220.8,0.12220000,0.12240000,0.12220000,0.12220000,82844.00000000,0.12231,0.12238,0.12231,0.12238,657.2104
2022-03-05 04:14,0.1223,0.1224,0.1222,0.1222,31665.4,0.12220000,0.12230000,0.12220000,0.12230000,3184.00000000,,,,,
2022-03-05 04:15,0.1223,0.1223,0.1221,0.1221,19740.5,0.12230000,0.12230000,0.12210000,0.12210000,316305.00000000,0.12219,0.12219,0.12206,0.12206,4699.61648836
2022-03-05 04:16,0.1221,0.1223,0.1221,0.1222,24596.7,0.12210000,0.12230000,0.12210000,0.12220000,182910.00000000,0.12221,0.12221,0.12221,0.12221,50.0
2022-03-05 04:17,0.1221,0.1222,0.1221,0.1222,8807.4,0.12220000,0.12220000,0.12210000,0.12220000,18512.00000000,0.12215,0.12227,0.12215,0.12227,150.0
2022-03-05 04:18,0.1221,0.1223,0.1221,0.1221,12838.6,0.12220000,0.12220000,0.12210000,0.12210000,22688.00000000,,,,,
2022-03-05 04:19,0.1222,0.1223,0.1221,0.1222,6217.5,0.12220000,0.12220000,0.12210000,0.12220000,91864.00000000,0.12228,0.12228,0.12228,0.12228,50.0
2022-03-05 04:20,0.1221,0.1222,0.1221,0.1222,27247.7,0.12210000,0.12220000,0.12210000,0.12210000,6660.00000000,0.12216,0.12228,0.12216,0.12228,1550.0
2022-03-05 04:21,0.1222,0.1223,0.1221,0.1222,9092.1,0.12210000,0.12220000,0.12210000,0.12220000,12752.00000000,0.12217,0.12217,0.12217,0.12217,200.0
2022-03-05 04:22,0.1221,0.1222,0.122,0.1222,1506.5,0.12220000,0.12220000,0.12200000,0.12210000,119614.00000000,0.12221,0.12221,0.12221,0.12221,50.0
2022-03-05 04:23,0.1222,0.1222,0.122,0.1221,25814.2,0.12210000,0.12220000,0.12200000,0.12200000,202538.00000000,0.12211,0.12211,0.12211,0.12211,250.0
2022-03-05 04:24,0.1222,0.1222,0.1221,0.1222,4707.8,0.12210000,0.12220000,0.12200000,0.12210000,291438.00000000,0.12229,0.12229,0.12229,0.12229,750.0
2022-03-05 04:25,0.1221,0.1223,0.1221,0.1222,5580.4,0.12220000,0.12220000,0.12210000,0.12220000,30495.00000000,,,,,
2022-03-05 04:26,0.1222,0.1222,0.1221,0.1222,15102.9,0.12210000,0.12220000,0.12210000,0.12210000,38375.00000000,0.12229,0.12229,0.12229,0.12229,50.0
2022-03-05 04:27,0.1221,0.1222,0.1221,0.1222,21732.1,0.12210000,0.12220000,0.12210000,0.12210000,8034.00000000,0.12216,0.12218,0.12216,0.12218,750.0
2022-03-05 04:28,0.1221,0.1222,0.1221,0.1221,1366.3,0.12220000,0.12220000,0.12210000,0.12220000,4509.00000000,0.12227,0.12228,0.12227,0.12228,270.99871959
2022-03-05 04:29,0.1222,0.1222,0.1221,0.1222,293.3,0.12220000,0.12220000,0.12210000,0.12220000,132690.00000000,0.12219,0.12219,0.12219,0.12219,100.0
2022-03-05 04:30,0.1221,0.1222,0.1221,0.1221,103848.4,0.12220000,0.12220000,0.12210000,0.12220000,53490.00000000,,,,,
2022-03-05 04:31,0.1222,0.1223,0.1221,0.1222,61678.5,0.12210000,0.12220000,0.12210000,0.12220000,14425.00000000,0.12229,0.12229,0.12229,0.12229,200.0
2022-03-05 04:32,0.1222,0.1224,0.1222,0.1223,14702.0,0.12220000,0.12240000,0.12220000,0.12240000,191930.00000000,0.12239,0.12249,0.12239,0.12249,350.0
2022-03-05 04:33,0.1223,0.1224,0.1223,0.1224,51855.7,0.12240000,0.12240000,0.12230000,0.12240000,335460.00000000,0.12237,0.12248,0.12234,0.12248,311.27517081999997
2022-03-05 04:34,0.1224,0.1224,0.122,0.1221,175944.0,0.12230000,0.12230000,0.12200000,0.12210000,676672.00000000,0.12226,0.12226,0.122,0.122,3912.0
2022-03-05 04:35,0.1221,0.1221,0.1218,0.1218,97559.7,0.12210000,0.12210000,0.12180000,0.12190000,1106851.00000000,0.12195,0.12198,0.12184,0.12198,1500.0
2022-03-05 04:36,0.1219,0.122,0.1218,0.1219,83652.7,0.12190000,0.12190000,0.12180000,0.12190000,195666.00000000,0.122,0.122,0.12177,0.122,165.45843192
2022-03-05 04:37,0.122,0.1222,0.122,0.1222,15426.0,0.12190000,0.12220000,0.12190000,0.12210000,204606.00000000,0.12211,0.1223,0.12211,0.1223,4608.74718082
2022-03-05 04:38,0.1222,0.1225,0.1222,0.1224,34677.7,0.12220000,0.12240000,0.12220000,0.12240000,373018.00000000,0.12226,0.12241,0.12226,0.12241,9926.98652621
2022-03-05 04:39,0.1225,0.1226,0.1224,0.1225,18987.7,0.12240000,0.12250000,0.12240000,0.12240000,178868.00000000,0.1226,0.1226,0.12246,0.12256,108.74137372
2022-03-05 04:40,0.1225,0.1226,0.1224,0.1225,11114.1,0.12240000,0.12250000,0.12240000,0.12250000,37818.00000000,,,,,
2022-03-05 04:41,0.1225,0.1227,0.1225,0.1227,239583.4,0.12250000,0.12260000,0.12240000,0.12260000,238752.00000000,0.1226,0.1226,0.1226,0.1226,576.32320336
2022-03-05 04:42,0.1225,0.1226,0.1225,0.1226,10411.7,0.12260000,0.12260000,0.12240000,0.12260000,395737.00000000,0.12262,0.12262,0.12262,0.12262,150.0
2022-03-05 04:43,0.1226,0.1227,0.1224,0.1226,50013.1,0.12260000,0.12260000,0.12240000,0.12240000,122184.00000000,0.1226,0.1226,0.1226,0.1226,150.0
2022-03-05 04:44,0.1225,0.1225,0.1224,0.1224,190924.9,0.12240000,0.12250000,0.12230000,0.12230000,143028.00000000,0.12253,0.12253,0.12253,0.12253,15.39545845
2022-03-05 04:45,0.1224,0.1225,0.1222,0.1222,77807.3,0.12240000,0.12240000,0.12220000,0.12220000,509989.00000000,0.12242,0.12242,0.12223,0.12223,62.51344873
2022-03-05 04:46,0.1222,0.1223,0.1221,0.1221,44574.3,0.12210000,0.12220000,0.12200000,0.12210000,239943.00000000,0.12215,0.1223,0.12207,0.12207,114.34721028
2022-03-05 04:47,0.1222,0.1222,0.122,0.1221,96849.1,0.12200000,0.12210000,0.12190000,0.12210000,276347.00000000,0.12207,0.12207,0.12199,0.12207,262.54157613
2022-03-05 04:48,0.1221,0.1222,0.122,0.1222,18865.4,0.12200000,0.12210000,0.12200000,0.12210000,102927.00000000,0.12227,0.12227,0.12227,0.12227,50.0
2022-03-05 04:49,0.1222,0.1223,0.1221,0.1222,30950.4,0.12210000,0.12220000,0.12210000,0.12210000,253945.00000000,,,,,
2022-03-05 04:50,0.1221,0.1222,0.122,0.122,31446.8,0.12220000,0.12220000,0.12200000,0.12210000,93836.00000000,0.12211,0.12211,0.12206,0.12206,100.0
2022-03-05 04:51,0.1221,0.1222,0.122,0.1221,138581.8,0.12210000,0.12220000,0.12190000,0.12190000,2220577.00000000,0.12216,0.12217,0.12211,0.12211,31331.24234012
2022-03-05 04:52,0.1219,0.1223,0.1219,0.1223,70079.7,0.12190000,0.12230000,0.12190000,0.12230000,1012607.00000000,0.12221,0.12232,0.12221,0.12232,3340.1678435999997
2022-03-05 04:53,0.1224,0.1224,0.1222,0.1223,68988.0,0.12230000,0.12230000,0.12220000,0.12220000,255662.00000000,,,,,
2022-03-05 04:54,0.1223,0.1223,0.1221,0.1221,122042.0,0.12220000,0.12220000,0.12200000,0.12220000,255627.00000000,0.12216,0.12216,0.12216,0.12216,10.71026907
2022-03-05 04:55,0.1222,0.1223,0.1221,0.1223,13570.1,0.12220000,0.12220000,0.12210000,0.12220000,101089.00000000,,,,,
2022-03-05 04:56,0.1222,0.1223,0.1221,0.1223,139206.3,0.12220000,0.12230000,0.12210000,0.12220000,98452.00000000,0.12229,0.12229,0.12229,0.12229,100.0
2022-03-05 04:57,0.1223,0.1224,0.1222,0.1224,106657.5,0.12220000,0.12240000,0.12220000,0.12220000,258312.00000000,0.1223,0.1224,0.1223,0.1224,363.25535531
2022-03-05 04:58,0.1224,0.1224,0.1223,0.1224,34599.3,0.12220000,0.12240000,0.12220000,0.12230000,117041.00000000,0.1224,0.12247,0.12237,0.12237,214.20180369
2022-03-05 04:59,0.1224,0.1224,0.1222,0.1223,64833.3,0.12230000,0.12240000,0.12220000,0.12230000,295004.00000000,,,,,
2022-03-05 05:00,0.1223,0.1223,0.1222,0.1223,3709.8,0.12230000,0.12230000,0.12220000,0.12230000,48683.00000000,,,,,
2022-03-05 05:01,0.1223,0.1223,0.1222,0.1222,15010.5,0.12230000,0.12230000,0.12210000,0.12220000,24979.00000000,0.12218,0.12218,0.12218,0.12218,12.82012977
2022-03-05 05:02,0.1222,0.1223,0.1221,0.1222,10792.0,0.12220000,0.12220000,0.12210000,0.12210000,8496.00000000,,,,,
2022-03-05 05:03,0.1222,0.1223,0.1221,0.1221,9142.0,0.12220000,0.12220000,0.12210000,0.12210000,115009.00000000,0.12228,0.12228,0.12228,0.12228,10.89348351
2022-03-05 05:04,0.1222,0.1222,0.1221,0.1222,50448.7,0.12220000,0.12220000,0.12210000,0.12210000,70995.00000000,,,,,
2022-03-05 05:05,0.1221,0.1221,0.122,0.1221,27894.9,0.12210000,0.12210000,0.12190000,0.12190000,273540.00000000,0.12212,0.12218,0.12212,0.12218,25.717013469999998
2022-03-05 05:06,0.1221,0.1222,0.122,0.1222,143118.3,0.12200000,0.12210000,0.12190000,0.12200000,206945.00000000,,,,,
2022-03-05 05:07,0.1222,0.1225,0.1222,0.1223,296199.8,0.12200000,0.12240000,0.12200000,0.12230000,547406.00000000,0.12226,0.12236,0.12226,0.12236,45.49048636
2022-03-05 05:08,0.1223,0.1224,0.1223,0.1224,71263.4,0.12230000,0.12240000,0.12220000,0.12230000,402045.00000000,0.12242,0.1225,0.12242,0.12245,317.87725853
2022-03-05 05:09,0.1224,0.1224,0.1223,0.1224,35570.0,0.12220000,0.12240000,0.12220000,0.12240000,113680.00000000,,,,,
2022-03-05 05:10,0.1223,0.1224,0.1222,0.1224,25946.4,0.12230000,0.12230000,0.12220000,0.12230000,261324.00000000,0.12237,0.12237,0.12237,0.12237,50.0
2022-03-05 05:11,0.1224,0.1224,0.1223,0.1223,22247.3,0.12230000,0.12240000,0.12230000,0.12230000,8160.00000000,,,,,
2022-03-05 05:12,0.1224,0.1224,0.1222,0.1222,38563.5,0.12240000,0.12240000,0.12220000,0.12220000,107062.00000000,,,,,
2022-03-05 05:13,0.1223,0.1224,0.1222,0.1222,65538.1,0.12230000,0.12240000,0.12220000,0.12220000,272126.00000000,0.12229,0.12229,0.12229,0.12229,50.0
2022-03-05 05:14,0.1222,0.1223,0.1222,0.1223,55531.4,0.12220000,0.12230000,0.12220000,0.12220000,161578.00000000,0.12231,0.12231,0.12231,0.12231,200.0
2022-03-05 05:15,0.1222,0.1222,0.1221,0.1222,56087.6,0.12230000,0.12230000,0.12210000,0.12220000,69288.00000000,,,,,
2022-03-05 05:16,0.1222,0.1222,0.1221,0.1222,36097.6,0.12210000,0.12220000,0.12210000,0.12210000,58346.00000000,0.12217,0.12217,0.12217,0.12217,1250.0
2022-03-05 05:17,0.1221,0.1222,0.1221,0.1222,14034.7,0.12210000,0.12220000,0.12210000,0.12220000,13059.00000000,,,,,
2022-03-05 05:18,0.1223,0.1225,0.1222,0.1225,130123.3,0.12220000,0.12250000,0.12220000,0.12250000,745408.00000000,0.12229,0.1226,0.12229,0.1226,4843.44552775
2022-03-05 05:19,0.1225,0.1226,0.1224,0.1226,13782.3,0.12240000,0.12250000,0.12240000,0.12240000,71996.00000000,,,,,
2022-03-05 05:20,0.1226,0.1226,0.1224,0.1225,8750.2,0.12250000,0.12250000,0.12230000,0.12240000,210628.00000000,0.12242,0.12242,0.12242,0.12242,15.88805719
2022-03-05 05:21,0.1225,0.1226,0.1224,0.1225,209669.2,0.12240000,0.12250000,0.12230000,0.12240000,412753.00000000,0.12251,0.12251,0.12251,0.12251,3426.7659
2022-03-05 05:22,0.1225,0.1225,0.1224,0.1224,21986.4,0.12250000,0.12250000,0.12240000,0.12250000,49818.00000000,0.12258,0.12258,0.12258,0.12258,50.0
2022-03-05 05:23,0.1225,0.1225,0.1224,0.1225,11651.3,0.12250000,0.12250000,0.12240000,0.12250000,25579.00000000,,,,,
2022-03-05 05:24,0.1225,0.1225,0.1224,0.1225,4766.5,0.12240000,0.12250000,0.12240000,0.12240000,2809.00000000,,,,,
2022-03-05 05:25,0.1225,0.1225,0.1224,0.1225,25714.4,0.12250000,0.12250000,0.12230000,0.12250000,240934.00000000,0.12241,0.12241,0.12241,0.12241,15.00998524
2022-03-05 05:26,0.1225,0.1225,0.1224,0.1225,102420.1,0.12250000,0.12250000,0.12240000,0.12250000,50965.00000000,,,,,
2022-03-05 05:27,0.1225,0.1226,0.1224,0.1225,34675.1,0.12250000,0.12250000,0.12240000,0.12250000,81324.00000000,0.12253,0.12253,0.12253,0.12253,15.31669459
2022-03-05 05:28,0.1225,0.1225,0.1224,0.1225,2780.9,0.12240000,0.12240000,0.12240000,0.12240000,169451.00000000,,,,,
2022-03-05 05:29,0.1224,0.1225,0.1224,0.1225,3388.5,0.12250000,0.12250000,0.12240000,0.12240000,74012.00000000,,,,,
2022-03-05 05:30,0.1224,0.1226,0.1224,0.1225,79679.1,0.12240000,0.12250000,0.12240000,0.12250000,6696.00000000,,,,,
2022-03-05 05:31,0.1224,0.1225,0.1224,0.1225,5791.9,0.12240000,0.12250000,0.12240000,0.12240000,5681.00000000,,,,,
2022-03-05 05:32,0.1224,0.1225,0.1224,0.1225,4525.1,0.12250000,0.12250000,0.12240000,0.12250000,71158.00000000,,,,,
2022-03-05 05:33,0.1224,0.1225,0.1224,0.1225,8657.3,0.12250000,0.12250000,0.12250000,0.12250000,53804.00000000,0.12258,0.12258,0.12258,0.12258,110.0
2022-03-05 05:34,0.1225,0.1226,0.1224,0.1225,49253.6,0.12250000,0.12260000,0.12240000,0.12260000,273629.00000000,,,,,
2022-03-05 05:35,0.1225,0.1227,0.1225,0.1227,17048.1,0.12250000,0.12260000,0.12250000,0.12250000,8774.00000000,0.12269,0.12271,0.12269,0.12271,300.0
2022-03-05 05:36,0.1227,0.1227,0.1226,0.1227,5870.2,0.12250000,0.12270000,0.12250000,0.12260000,136328.00000000,,,,,
2022-03-05 05:37,0.1227,0.1227,0.1225,0.1226,243171.7,0.12260000,0.12260000,0.12250000,0.12260000,308527.00000000,,,,,
2022-03-05 05:38,0.1225,0.1226,0.1224,0.1225,15171.9,0.12250000,0.12260000,0.12240000,0.12250000,157201.00000000,0.12257,0.12257,0.12257,0.12257,13.01067803
2022-03-05 05:39,0.1225,0.1225,0.1224,0.1225,10389.2,0.12250000,0.12250000,0.12240000,0.12250000,3089.00000000,,,,,
2022-03-05 05:40,0.1225,0.1225,0.1223,0.1225,25783.6,0.12240000,0.12250000,0.12230000,0.12230000,135940.00000000,,,,,
2022-03-05 05:41,0.1225,0.1225,0.1224,0.1225,12349.6,0.12240000,0.12250000,0.12230000,0.12250000,130588.00000000,0.12262,0.12262,0.12262,0.12262,217.28313513
2022-03-05 05:42,0.1225,0.1225,0.1224,0.1224,3213.8,0.12240000,0.12250000,0.12240000,0.12250000,5236.00000000,,,,,
2022-03-05 05:43,0.1224,0.1224,0.1223,0.1224,7195.7,0.12240000,0.12240000,0.12230000,0.12230000,239682.00000000,0.12247,0.12247,0.12247,0.12247,10.19369552
2022-03-05 05:44,0.1223,0.1223,0.1222,0.1222,15496.4,0.12240000,0.12240000,0.12220000,0.12230000,215154.00000000,0.12238,0.12238,0.12238,0.12238,9.6869547
2022-03-05 05:45,0.1223,0.1224,0.1222,0.1222,51721.6,0.12220000,0.12230000,0.12220000,0.12230000,215335.00000000,,,,,
2022-03-05 05:46,0.1223,0.1224,0.1223,0.1224,4935.0,0.12230000,0.12240000,0.12220000,0.12240000,123942.00000000,0.12251,0.12251,0.12251,0.12251,50.0
2022-03-05 05:47,0.1224,0.1225,0.1224,0.1225,29957.9,0.12240000,0.12250000,0.12240000,0.12250000,150227.00000000,,,,,
2022-03-05 05:48,0.1224,0.1226,0.1224,0.1226,7420.0,0.12250000,0.12260000,0.12240000,0.12260000,113784.00000000,0.1226,0.12265,0.12259,0.12265,3374.05285452
2022-03-05 05:49,0.1226,0.1226,0.1226,0.1226,5238.7,0.12260000,0.12260000,0.12250000,0.12250000,1149.00000000,,,,,
2022-03-05 05:50,0.1226,0.1226,0.1225,0.1226,16800.0,0.12260000,0.12260000,0.12240000,0.12250000,83826.00000000,0.12267,0.12267,0.12249,0.12249,65.32030524
2022-03-05 05:51,0.1226,0.1226,0.1225,0.1226,2732.0,0.12240000,0.12250000,0.12240000,0.12240000,21843.00000000,,,,,
2022-03-05 05:52,0.1226,0.1226,0.1225,0.1226,1732.3,0.12250000,0.12250000,0.12240000,0.12240000,13155.00000000,,,,,
2022-03-05 05:53,0.1226,0.1226,0.1224,0.1224,11263.6,0.12250000,0.12250000,0.12240000,0.12240000,55556.00000000,,,,,
2022-03-05 05:54,0.1225,0.1225,0.1223,0.1223,47253.9,0.12240000,0.12240000,0.12220000,0.12220000,118057.00000000,0.12243,0.12243,0.12243,0.12243,59.347206
2022-03-05 05:55,0.1223,0.1225,0.1223,0.1224,31814.4,0.12230000,0.12230000,0.12220000,0.12230000,102599.00000000,,,,,
2022-03-05 05:56,0.1224,0.1225,0.1224,0.1225,46155.6,0.12230000,0.12250000,0.12230000,0.12250000,64587.00000000,0.12243,0.12243,0.12243,0.12243,50.0
2022-03-05 05:57,0.1225,0.1226,0.1224,0.1225,13251.0,0.12250000,0.12250000,0.12240000,0.12240000,13843.00000000,,,,,
2022-03-05 05:58,0.1225,0.1226,0.1225,0.1226,1677.5,0.12250000,0.12250000,0.12240000,0.12250000,161498.00000000,0.12254,0.12254,0.12254,0.12254,15.65985986
2022-03-05 05:59,0.1226,0.1227,0.1225,0.1226,23476.2,0.12250000,0.12270000,0.12250000,0.12260000,80069.00000000,0.12256,0.12268,0.12256,0.12268,262.81899838
2022-03-05 06:00,0.1228,0.1228,0.1227,0.1228,10279.8,0.12260000,0.12280000,0.12260000,0.12280000,105582.00000000,,,,,
2022-03-05 06:01,0.1227,0.1228,0.1227,0.1228,11746.6,0.12280000,0.12280000,0.12270000,0.12270000,18929.00000000,0.12284,0.12284,0.12284,0.12284,50.0
2022-03-05 06:02,0.1228,0.1228,0.1226,0.1227,18519.6,0.12280000,0.12280000,0.12260000,0.12260000,240067.00000000,0.12277,0.12277,0.12268,0.12268,688.79792654
2022-03-05 06:03,0.1227,0.1227,0.1226,0.1227,19207.0,0.12260000,0.12270000,0.12260000,0.12270000,196248.00000000,,,,,
2022-03-05 06:04,0.1227,0.1228,0.1226,0.1227,15041.3,0.12270000,0.12270000,0.12260000,0.12270000,39340.00000000,,,,,
2022-03-05 06:05,0.1226,0.1227,0.1225,0.1226,40175.4,0.12260000,0.12270000,0.12240000,0.12260000,372200.00000000,0.12259,0.12259,0.12259,0.12259,12.32763723
2022-03-05 06:06,0.1226,0.1227,0.1226,0.1227,2313.2,0.12260000,0.12270000,0.12260000,0.12260000,150479.00000000,,,,,
2022-03-05 06:07,0.1228,0.1228,0.1227,0.1227,5031.7,0.12260000,0.12270000,0.12260000,0.12260000,3714.00000000,0.12271,0.12271,0.12271,0.12271,10.33193763
2022-03-05 06:08,0.1228,0.1229,0.1226,0.1229,259753.5,0.12270000,0.12280000,0.12260000,0.12270000,42119.00000000,0.12279,0.12279,0.12279,0.12279,550.0
2022-03-05 06:09,0.1229,0.1229,0.1227,0.1228,66575.9,0.12270000,0.12280000,0.12270000,0.12280000,10670.00000000,0.12291,0.12291,0.12291,0.12291,450.0
2022-03-05 06:10,0.1228,0.1228,0.1226,0.1227,206648.6,0.12270000,0.12270000,0.12260000,0.12270000,413449.00000000,0.12273,0.12282,0.12272,0.12272,32.28482432
2022-03-05 06:11,0.1227,0.1229,0.1227,0.1229,16473.7,0.12270000,0.12290000,0.12270000,0.12280000,94644.00000000,0.1229,0.1229,0.1229,0.1229,9.0761467
2022-03-05 06:12,0.123,0.123,0.1229,0.123,16742.1,0.12280000,0.12300000,0.12280000,0.12290000,628780.00000000,0.12288,0.12295,0.12288,0.12295,212.41576334
2022-03-05 06:13,0.1229,0.123,0.1229,0.123,2618.7,0.12300000,0.12300000,0.12290000,0.12290000,53525.00000000,0.12304,0.12304,0.12304,0.12304,50.0
2022-03-05 06:14,0.123,0.1231,0.1229,0.1231,271383.8,0.12300000,0.12300000,0.12280000,0.12300000,402904.00000000,0.12306,0.12315,0.12306,0.12315,5366.370599559999
2022-03-05 06:15,0.123,0.1232,0.123,0.1232,6227.0,0.12300000,0.12310000,0.12290000,0.12310000,778693.00000000,0.12316,0.12316,0.12316,0.12316,1247.26831321
2022-03-05 06:16,0.1231,0.1231,0.1229,0.123,61951.9,0.12310000,0.12310000,0.12290000,0.12290000,185836.00000000,0.12298,0.12298,0.12298,0.12298,50.0
2022-03-05 06:17,0.123,0.1231,0.1229,0.123,52260.9,0.12290000,0.12300000,0.12280000,0.12290000,388644.00000000,,,,,
2022-03-05 06:18,0.1229,0.123,0.1229,0.123,9567.2,0.12290000,0.12300000,0.12290000,0.12290000,124092.00000000,0.12298,0.12298,0.12298,0.12298,300.0
2022-03-05 06:19,0.123,0.1231,0.1229,0.1231,129879.6,0.12290000,0.12300000,0.12290000,0.12290000,74868.00000000,0.12299,0.12299,0.12299,0.12299,4970.91195136
2022-03-05 06:20,0.1231,0.1231,0.1229,0.1229,37883.1,0.12300000,0.12310000,0.12270000,0.12270000,582940.00000000,,,,,
2022-03-05 06:21,0.1228,0.1229,0.1227,0.1228,7085.2,0.12280000,0.12290000,0.12260000,0.12270000,317193.00000000,0.1229,0.1229,0.12282,0.12282,421.02205204
2022-03-05 06:22,0.1228,0.1229,0.1227,0.1228,18004.3,0.12260000,0.12270000,0.12260000,0.12260000,99303.00000000,0.12283,0.12283,0.12282,0.12282,299.37644997
2022-03-05 06:23,0.1228,0.1228,0.1226,0.1227,23279.2,0.12270000,0.12280000,0.12260000,0.12260000,121023.00000000,,,,,
2022-03-05 06:24,0.1228,0.1229,0.1227,0.1229,15316.4,0.12260000,0.12270000,0.12260000,0.12270000,112689.00000000,0.12282,0.12282,0.12282,0.12282,451.9868
2022-03-05 06:25,0.1229,0.1229,0.1228,0.1229,2391.0,0.12280000,0.12280000,0.12270000,0.12280000,16223.00000000,,,,,
2022-03-05 06:26,0.1229,0.123,0.1228,0.1229,254823.9,0.12280000,0.12280000,0.12270000,0.12280000,77569.00000000,0.12293,0.12293,0.12293,0.12293,3329.30598726
2022-03-05 06:27,0.1229,0.1229,0.1228,0.1228,4569.4,0.12290000,0.12290000,0.12270000,0.12270000,366050.00000000,0.12273,0.12273,0.12273,0.12273,12.14040104
2022-03-05 06:28,0.1228,0.1228,0.1227,0.1228,2901.7,0.12270000,0.12270000,0.12260000,0.12260000,64911.00000000,,,,,
2022-03-05 06:29,0.1228,0.1228,0.1227,0.1228,138334.6,0.12270000,0.12270000,0.12260000,0.12270000,201559.00000000,,,,,
2022-03-05 06:30,0.1229,0.1229,0.1228,0.1229,20440.1,0.12270000,0.12280000,0.12270000,0.12280000,73985.00000000,0.12284,0.12284,0.12284,0.12284,10.58596989
2022-03-05 06:31,0.1229,0.1229,0.1227,0.1228,22725.5,0.12280000,0.12280000,0.12260000,0.12260000,140822.00000000,0.12283,0.12284,0.12283,0.12284,111.24845488000001
2022-03-05 06:32,0.1228,0.1228,0.1227,0.1228,65556.8,0.12260000,0.12270000,0.12260000,0.12270000,105274.00000000,,,,,
2022-03-05 06:33,0.1229,0.1229,0.1228,0.1229,14206.3,0.12280000,0.12280000,0.12270000,0.12280000,15653.00000000,,,,,
2022-03-05 06:34,0.1229,0.1229,0.1228,0.1229,30099.9,0.12270000,0.12290000,0.12270000,0.12280000,280769.00000000,0.12296,0.12302,0.12296,0.12302,3938.90046775
2022-03-05 06:35,0.1229,0.1229,0.1227,0.1228,26697.4,0.12280000,0.12280000,0.12270000,0.12280000,29424.00000000,0.12284,0.12295,0.12284,0.12295,25.60389591
2022-03-05 06:36,0.1227,0.1228,0.1227,0.1228,19444.3,0.12280000,0.12280000,0.12270000,0.12270000,2492.00000000,,,,,
2022-03-05 06:37,0.1228,0.123,0.1228,0.1229,504302.1,0.12270000,0.12290000,0.12270000,0.12290000,25909.00000000,,,,,
2022-03-05 06:38,0.1229,0.123,0.1229,0.123,10801.5,0.12290000,0.12290000,0.12280000,0.12290000,87060.00000000,,,,,
2022-03-05 06:39,0.123,0.1231,0.1229,0.123,85108.9,0.12300000,0.12300000,0.12290000,0.12300000,526740.00000000,,,,,
2022-03-05 06:40,0.1229,0.123,0.1228,0.1229,218420.3,0.12300000,0.12300000,0.12270000,0.12290000,440227.00000000,0.1229,0.12299,0.1229,0.12299,3576.9303887
2022-03-05 06:41,0.1229,0.1231,0.1229,0.1231,19621.2,0.12280000,0.12300000,0.12280000,0.12300000,299849.00000000,,,,,
2022-03-05 06:42,0.1231,0.1231,0.1229,0.123,13438.8,0.12290000,0.12300000,0.12280000,0.12300000,135311.00000000,0.12309,0.12309,0.12309,0.12309,250.0
2022-03-05 06:43,0.123,0.123,0.1229,0.1229,38790.7,0.12300000,0.12300000,0.12290000,0.12290000,151571.00000000,,,,,
2022-03-05 06:44,0.1229,0.123,0.1229,0.123,27385.9,0.12290000,0.12290000,0.12280000,0.12290000,1625.00000000,0.12305,0.12305,0.12305,0.12305,20.0
2022-03-05 06:45,0.123,0.123,0.1228,0.1229,20862.9,0.12290000,0.12290000,0.12270000,0.12280000,72446.00000000,0.12295,0.12295,0.12295,0.12295,12.80583417
2022-03-05 06:46,0.1227,0.1228,0.1227,0.1228,15855.2,0.12270000,0.12280000,0.12270000,0.12280000,62742.00000000,0.12281,0.12281,0.1228,0.1228,61.752140819999994
2022-03-05 06:47,0.1228,0.1229,0.1228,0.1229,144285.5,0.12280000,0.12290000,0.12270000,0.12270000,160533.00000000,,,,,
2022-03-05 06:48,0.1227,0.1228,0.1227,0.1228,2878.8,0.12280000,0.12280000,0.12270000,0.12280000,95818.00000000,,,,,
2022-03-05 06:49,0.1228,0.1228,0.1227,0.1228,25223.7,0.12270000,0.12280000,0.12270000,0.12270000,39376.00000000,,,,,
2022-03-05 06:50,0.1228,0.1229,0.1227,0.1227,135036.3,0.12270000,0.12280000,0.12270000,0.12270000,425933.00000000,,,,,
2022-03-05 06:51,0.1227,0.1228,0.1226,0.1227,45793.6,0.12270000,0.12270000,0.12260000,0.12270000,68750.00000000,0.12276,0.12276,0.12267,0.12267,600.0
2022-03-05 06:52,0.1227,0.1228,0.1226,0.1227,49569.4,0.12260000,0.12270000,0.12260000,0.12260000,21587.00000000,,,,,
2022-03-05 06:53,0.1227,0.1228,0.1227,0.1227,25249.3,0.12260000,0.12270000,0.12260000,0.12270000,54352.00000000,0.12277,0.12277,0.12277,0.12277,199.62375262
2022-03-05 06:54,0.1226,0.1228,0.1226,0.1227,1870.1,0.12270000,0.12270000,0.12260000,0.12270000,23299.00000000,0.12277,0.12277,0.12277,0.12277,50.0
2022-03-05 06:55,0.1227,0.1228,0.1226,0.1228,5340.8,0.12270000,0.12270000,0.12260000,0.12260000,9136.00000000,,,,,
2022-03-05 06:56,0.1228,0.1228,0.1227,0.1228,18150.6,0.12270000,0.12280000,0.12270000,0.12270000,164392.00000000,0.12271,0.12271,0.12271,0.12271,50.0
2022-03-05 06:57,0.1228,0.1228,0.1227,0.1228,5783.2,0.12270000,0.12280000,0.12270000,0.12280000,116076.00000000,,,,,
2022-03-05 06:58,0.1228,0.1228,0.1227,0.1228,936.1,0.12280000,0.12280000,0.12280000,0.12280000,61960.00000000,,,,,
2022-03-05 06:59,0.1228,0.1229,0.1228,0.1229,708.1,0.12270000,0.12290000,0.12270000,0.12290000,443761.00000000,0.12279,0.12302,0.12279,0.12302,3359.40416456
2022-03-05 07:00,0.123,0.123,0.1228,0.1228,2746.1,0.12280000,0.12290000,0.12270000,0.12280000,236136.00000000,0.12304,0.12304,0.1228,0.1228,100.0
2022-03-05 07:01,0.1228,0.1229,0.1228,0.1229,1492.6,0.12280000,0.12280000,0.12270000,0.12280000,40278.00000000,,,,,
2022-03-05 07:02,0.1228,0.1229,0.1228,0.1228,21491.8,0.12270000,0.12290000,0.12270000,0.12280000,234753.00000000,0.12287,0.12287,0.12287,0.12287,9.20994371
2022-03-05 07:03,0.1228,0.1229,0.1228,0.1229,2937.4,0.12280000,0.12290000,0.12280000,0.12290000,50838.00000000,0.12299,0.12299,0.12289,0.12289,350.0
2022-03-05 07:04,0.1229,0.1229,0.1228,0.1229,1789.7,0.12290000,0.12290000,0.12270000,0.12290000,76719.00000000,0.12299,0.12299,0.12299,0.12299,50.0
2022-03-05 07:05,0.1228,0.1229,0.1228,0.1229,27219.6,0.12280000,0.12290000,0.12280000,0.12290000,140380.00000000,,,,,
2022-03-05 07:06,0.1229,0.1229,0.1227,0.1228,10431.0,0.12280000,0.12290000,0.12270000,0.12270000,140514.00000000,0.1229,0.1229,0.12278,0.12278,113.239068
2022-03-05 07:07,0.1227,0.1229,0.1227,0.1228,14629.2,0.12280000,0.12280000,0.12270000,0.12280000,7227.00000000,,,,,
2022-03-05 07:08,0.1229,0.1229,0.1227,0.1229,10491.5,0.12280000,0.12280000,0.12270000,0.12280000,142130.00000000,0.12286,0.12286,0.12286,0.12286,9.30402669
2022-03-05 07:09,0.1229,0.123,0.1228,0.123,18982.1,0.12280000,0.12290000,0.12270000,0.12280000,175625.00000000,,,,,
2022-03-05 07:10,0.123,0.1231,0.1229,0.123,2460.4,0.12290000,0.12310000,0.12280000,0.12310000,370681.00000000,0.12295,0.12312,0.12295,0.12312,503.42324138
2022-03-05 07:11,0.123,0.1232,0.123,0.1231,74466.2,0.12310000,0.12310000,0.12300000,0.12300000,81127.00000000,,,,,
2022-03-05 07:12,0.1231,0.1232,0.123,0.1231,52456.9,0.12300000,0.12310000,0.12300000,0.12310000,67493.00000000,,,,,
2022-03-05 07:13,0.1231,0.1233,0.1231,0.1233,29508.3,0.12310000,0.12320000,0.12300000,0.12310000,120140.00000000,0.12321,0.12334,0.12321,0.12334,4273.68145112
2022-03-05 07:14,0.1232,0.1233,0.1231,0.1233,5367.0,0.12310000,0.12320000,0.12310000,0.12320000,43127.00000000,0.12335,0.12335,0.12331,0.12331,321.24925410000003
2022-03-05 07:15,0.1233,0.1233,0.1231,0.1231,5788.8,0.12310000,0.12320000,0.12290000,0.12290000,415629.00000000,0.12323,0.12323,0.12313,0.12313,30.22484404
2022-03-05 07:16,0.1231,0.1232,0.1231,0.1232,3778.1,0.12300000,0.12310000,0.12300000,0.12310000,424965.00000000,0.12317,0.12317,0.12317,0.12317,50.0
2022-03-05 07:17,0.1232,0.1232,0.1232,0.1232,6550.1,0.12300000,0.12310000,0.12300000,0.12300000,386718.00000000,,,,,
2022-03-05 07:18,0.1233,0.1233,0.1232,0.1232,2950.8,0.12300000,0.12320000,0.12300000,0.12320000,426793.00000000,0.12327,0.12337,0.12325,0.12325,3430.14165558
2022-03-05 07:19,0.1232,0.1233,0.1231,0.1232,31797.8,0.12310000,0.12320000,0.12300000,0.12300000,331020.00000000,0.1231,0.1231,0.1231,0.1231,50.0
2022-03-05 07:20,0.1232,0.1233,0.123,0.1231,75190.0,0.12310000,0.12320000,0.12290000,0.12310000,573090.00000000,0.12319,0.12319,0.12319,0.12319,9.96475613
2022-03-05 07:21,0.1232,0.1232,0.1231,0.1231,191447.2,0.12300000,0.12310000,0.12300000,0.12300000,225630.00000000,0.12322,0.12322,0.12319,0.12319,550.0
2022-03-05 07:22,0.1231,0.1231,0.123,0.1231,4830.8,0.12300000,0.12300000,0.12290000,0.12290000,162969.00000000,,,,,
2022-03-05 07:23,0.1231,0.1231,0.1229,0.123,32333.8,0.12290000,0.12300000,0.12290000,0.12300000,60986.00000000,,,,,
2022-03-05 07:24,0.123,0.1231,0.123,0.1231,7319.2,0.12300000,0.12300000,0.12290000,0.12300000,347219.00000000,,,,,
2022-03-05 07:25,0.1231,0.1232,0.1231,0.1232,181152.4,0.12300000,0.12310000,0.12300000,0.12310000,1085578.00000000,,,,,
2022-03-05 07:26,0.1232,0.1232,0.1231,0.1231,6963.3,0.12310000,0.12310000,0.12300000,0.12310000,45879.00000000,,,,,
2022-03-05 07:27,0.1231,0.1232,0.1231,0.1232,1057.0,0.12310000,0.12310000,0.12300000,0.12310000,24432.00000000,0.12323,0.12323,0.12323,0.12323,500.0
2022-03-05 07:28,0.1232,0.1232,0.1231,0.1232,57231.4,0.12310000,0.12320000,0.12300000,0.12310000,201574.00000000,,,,,
2022-03-05 07:29,0.1231,0.1231,0.1231,0.1231,368.2,0.12310000,0.12310000,0.12300000,0.12300000,26586.00000000,,,,,
2022-03-05 07:30,0.123,0.123,0.1229,0.1229,3613.8,0.12310000,0.12310000,0.12280000,0.12300000,443155.00000000,0.12313,0.12313,0.12313,0.12313,4989.467183
2022-03-05 07:31,0.1231,0.1231,0.123,0.1231,4458.3,0.12290000,0.12300000,0.12290000,0.12300000,5385.00000000,0.12309,0.12315,0.123,0.12315,5758.6035546
2022-03-05 07:32,0.1229,0.1231,0.1229,0.1231,3681.1,0.12300000,0.12300000,0.12290000,0.12290000,30336.00000000,0.123,0.123,0.123,0.123,10.83314686
2022-03-05 07:33,0.1231,0.1231,0.1229,0.123,1783.1,0.12300000,0.12300000,0.12290000,0.12290000,24351.00000000,,,,,
2022-03-05 07:34,0.123,0.123,0.1229,0.123,19081.9,0.12290000,0.12300000,0.12290000,0.12290000,72787.00000000,,,,,
2022-03-05 07:35,0.123,0.123,0.1229,0.1229,4502.8,0.12290000,0.12300000,0.12290000,0.12300000,139010.00000000,,,,,
2022-03-05 07:36,0.123,0.123,0.1229,0.123,15355.7,0.12290000,0.12300000,0.12290000,0.12300000,193586.00000000,,,,,
2022-03-05 07:37,0.123,0.123,0.1229,0.123,5639.5,0.12300000,0.12300000,0.12290000,0.12300000,18248.00000000,0.123,0.123,0.123,0.123,1147.54426027
2022-03-05 07:38,0.123,0.123,0.1229,0.1229,1554.1,0.12290000,0.12300000,0.12290000,0.12300000,23850.00000000,0.123,0.123,0.123,0.123,50.0
2022-03-05 07:39,0.123,0.123,0.1229,0.123,57495.3,0.12300000,0.12300000,0.12290000,0.12300000,11007.00000000,,,,,
2022-03-05 07:40,0.123,0.1231,0.1229,0.1231,1177.7,0.12300000,0.12310000,0.12290000,0.12310000,581145.00000000,,,,,
2022-03-05 07:41,0.1231,0.1231,0.123,0.1231,1716.2,0.12310000,0.12310000,0.12300000,0.12310000,34793.00000000,0.12315,0.12315,0.12315,0.12315,353.93957931
2022-03-05 07:42,0.1231,0.1231,0.123,0.123,47580.4,0.12300000,0.12310000,0.12300000,0.12310000,195016.00000000,0.12319,0.12319,0.12319,0.12319,5000.0
2022-03-05 07:43,0.1231,0.1232,0.1231,0.1231,95152.8,0.12310000,0.12320000,0.12310000,0.12310000,179066.00000000,,,,,
2022-03-05 07:44,0.1231,0.1233,0.1231,0.1233,10163.8,0.12320000,0.12320000,0.12310000,0.12310000,29028.00000000,0.1233,0.1233,0.1233,0.1233,551.0
2022-03-05 07:45,0.1233,0.1234,0.1232,0.1232,54720.0,0.12310000,0.12330000,0.12310000,0.12320000,348316.00000000,0.12333,0.12333,0.12333,0.12333,1142.06426
2022-03-05 07:46,0.1232,0.1232,0.1232,0.1232,34928.9,0.12320000,0.12330000,0.12310000,0.12310000,142213.00000000,,,,,
2022-03-05 07:47,0.1231,0.1232,0.1231,0.1232,11681.4,0.12320000,0.12320000,0.12310000,0.12320000,14479.00000000,0.12322,0.12322,0.1232,0.1232,62.9046984
2022-03-05 07:48,0.1232,0.1233,0.1231,0.1232,75894.6,0.12310000,0.12320000,0.12310000,0.12320000,70254.00000000,,,,,
2022-03-05 07:49,0.1232,0.1233,0.1232,0.1233,17202.5,0.12310000,0.12330000,0.12310000,0.12330000,281778.00000000,0.12328,0.12328,0.12328,0.12328,15.13846057
2022-03-05 07:50,0.1233,0.1234,0.1232,0.1233,7224.6,0.12330000,0.12330000,0.12320000,0.12330000,45909.00000000,0.12343,0.12343,0.12343,0.12343,10.36821368
2022-03-05 07:51,0.1232,0.1233,0.1231,0.1232,27045.1,0.12330000,0.12330000,0.12310000,0.12320000,103049.00000000,0.12326,0.12326,0.1232,0.1232,168.87605581
2022-03-05 07:52,0.1232,0.1233,0.1231,0.1232,22986.9,0.12320000,0.12320000,0.12310000,0.12320000,69166.00000000,0.12323,0.12323,0.12322,0.12322,1050.0
2022-03-05 07:53,0.1231,0.1231,0.123,0.123,136356.9,0.12310000,0.12310000,0.12290000,0.12300000,433340.00000000,0.12307,0.12307,0.12307,0.12307,500.0
2022-03-05 07:54,0.1231,0.1231,0.123,0.1231,1170.9,0.12300000,0.12300000,0.12290000,0.12300000,70206.00000000,,,,,
2022-03-05 07:55,0.1231,0.1231,0.1229,0.1231,6428.1,0.12300000,0.12310000,0.12290000,0.12300000,28212.00000000,0.12304,0.12304,0.12304,0.12304,50.0
2022-03-05 07:56,0.123,0.1231,0.1229,0.1231,25895.3,0.12300000,0.12300000,0.12290000,0.12290000,5504.00000000,0.12302,0.12302,0.12302,0.12302,150.0
2022-03-05 07:57,0.1229,0.1231,0.1229,0.1229,21110.1,0.12300000,0.12300000,0.12290000,0.12300000,29748.00000000,,,,,
2022-03-05 07:58,0.123,0.1232,0.1229,0.1232,23657.2,0.12290000,0.12310000,0.12290000,0.12300000,171390.00000000,0.12311,0.12311,0.12311,0.12311,8.59913954
2022-03-05 07:59,0.1232,0.1232,0.123,0.1231,2124.5,0.12300000,0.12310000,0.12300000,0.12300000,331276.00000000,0.12319,0.12319,0.12319,0.12319,12.38978076
2022-03-05 08:00,0.1231,0.1232,0.123,0.1231,10003.5,0.12300000,0.12320000,0.12300000,0.12320000,318688.00000000,0.12319,0.12319,0.12319,0.12319,500.0
2022-03-05 08:01,0.1231,0.1232,0.123,0.1232,3437.3,0.12310000,0.12310000,0.12290000,0.12310000,662970.00000000,,,,,
2022-03-05 08:02,0.1231,0.1231,0.123,0.1231,522.3,0.12310000,0.12310000,0.12290000,0.12300000,156392.00000000,,,,,
2022-03-05 08:03,0.123,0.1231,0.123,0.1231,4055.2,0.12300000,0.12310000,0.12300000,0.12300000,137123.00000000,,,,,
2022-03-05 08:04,0.1231,0.1231,0.123,0.123,12170.1,0.12300000,0.12310000,0.12300000,0.12310000,85021.00000000,,,,,
2022-03-05 08:05,0.1231,0.1231,0.123,0.123,12952.8,0.12310000,0.12310000,0.12290000,0.12290000,305775.00000000,,,,,
2022-03-05 08:06,0.123,0.1231,0.1229,0.1231,8810.6,0.12290000,0.12310000,0.12290000,0.12310000,471112.00000000,0.1231,0.1231,0.12301,0.12309,73.17931546
2022-03-05 08:07,0.1232,0.1232,0.123,0.1232,23533.2,0.12310000,0.12310000,0.12310000,0.12310000,101941.00000000,0.12321,0.12322,0.12321,0.12322,246.00882417
2022-03-05 08:08,0.1231,0.1232,0.123,0.1232,3956.6,0.12310000,0.12310000,0.12300000,0.12310000,51388.00000000,,,,,
2022-03-05 08:09,0.1232,0.1232,0.1231,0.1231,11780.2,0.12310000,0.12310000,0.12300000,0.12300000,127081.00000000,,,,,
2022-03-05 08:10,0.123,0.1231,0.123,0.123,5623.5,0.12310000,0.12310000,0.12300000,0.12310000,95227.00000000,,,,,
2022-03-05 08:11,0.1231,0.1231,0.123,0.1231,2574.2,0.12310000,0.12310000,0.12300000,0.12300000,175696.00000000,0.12309,0.12309,0.12309,0.12309,13.36379879
2022-03-05 08:12,0.1231,0.1231,0.123,0.123,34378.8,0.12300000,0.12310000,0.12290000,0.12310000,73822.00000000,,,,,
2022-03-05 08:13,0.1231,0.1232,0.1231,0.1232,19333.8,0.12310000,0.12310000,0.12300000,0.12300000,75797.00000000,,,,,
2022-03-05 08:14,0.1232,0.1232,0.1231,0.1232,34518.4,0.12310000,0.12310000,0.12300000,0.12310000,73041.00000000,,,,,
2022-03-05 08:15,0.1231,0.1232,0.1231,0.1232,3007.8,0.12310000,0.12310000,0.12300000,0.12310000,51107.00000000,0.12312,0.12312,0.12312,0.12312,40.8813405
2022-03-05 08:16,0.1232,0.1232,0.123,0.1231,71852.9,0.12310000,0.12310000,0.12290000,0.12300000,281530.00000000,0.12299,0.12299,0.12299,0.12299,256.1136
2022-03-05 08:17,0.1231,0.1231,0.1231,0.1231,2758.2,0.12290000,0.12310000,0.12290000,0.12310000,217767.00000000,0.12316,0.12316,0.1231,0.1231,19.68537378
2022-03-05 08:18,0.1231,0.1231,0.123,0.1231,6181.4,0.12300000,0.12310000,0.12300000,0.12310000,94533.00000000,0.12322,0.12322,0.12311,0.1232,1103.42747
2022-03-05 08:19,0.1231,0.1231,0.123,0.1231,5571.6,0.12310000,0.12310000,0.12300000,0.12310000,41115.00000000,,,,,
2022-03-05 08:20,0.1231,0.1232,0.1231,0.1232,2264.9,0.12300000,0.12320000,0.12300000,0.12320000,224228.00000000,0.12329,0.12329,0.12329,0.12329,500.0
2022-03-05 08:21,0.1232,0.1233,0.1231,0.1233,968.1,0.12320000,0.12330000,0.12310000,0.12320000,247726.00000000,,,,,
2022-03-05 08:22,0.1233,0.1233,0.1231,0.1231,2381.3,0.12330000,0.12330000,0.12310000,0.12320000,217422.00000000,0.12339,0.12339,0.12334,0.12334,486.37779054
2022-03-05 08:23,0.1231,0.1232,0.1231,0.1232,1079.7,0.12320000,0.12320000,0.12310000,0.12320000,70825.00000000,0.1232,0.1232,0.1232,0.1232,8.76825112
2022-03-05 08:24,0.1232,0.1233,0.1231,0.1231,84672.0,0.12320000,0.12320000,0.12310000,0.12320000,929157.00000000,0.12327,0.12334,0.12321,0.12334,200.0
2022-03-05 08:25,0.1231,0.1232,0.1231,0.1231,1373.7,0.12320000,0.12320000,0.12310000,0.12310000,117163.00000000,0.1232,0.1232,0.1232,0.1232,64.89132115
2022-03-05 08:26,0.1232,0.1232,0.1229,0.1229,9620.2,0.12310000,0.12320000,0.12280000,0.12290000,225927.00000000,0.12326,0.12326,0.12289,0.12289,1577.16434939
2022-03-05 08:27,0.123,0.1231,0.1229,0.123,2810.3,0.12280000,0.12300000,0.12280000,0.12290000,235087.00000000,0.12289,0.12311,0.12289,0.12311,1008.58206125
2022-03-05 08:28,0.123,0.123,0.123,0.123,1764.1,0.12290000,0.12300000,0.12280000,0.12300000,132861.00000000,,,,,
2022-03-05 08:29,0.123,0.1231,0.123,0.123,1111.4,0.12290000,0.12300000,0.12290000,0.12300000,157491.00000000,,,,,
2022-03-05 08:30,0.123,0.1231,0.123,0.123,18511.5,0.12290000,0.12310000,0.12290000,0.12310000,143977.00000000,,,,,
2022-03-05 08:31,0.1231,0.1231,0.1231,0.1231,2581.6,0.12300000,0.12310000,0.12300000,0.12310000,77462.00000000,,,,,
2022-03-05 08:32,0.1232,0.1233,0.1231,0.1233,3053.2,0.12310000,0.12320000,0.12310000,0.12310000,39362.00000000,0.12318,0.12323,0.12318,0.12323,261.72270581
2022-03-05 08:33,0.1233,0.1233,0.1231,0.1231,51770.8,0.12320000,0.12330000,0.12310000,0.12320000,138545.00000000,0.12331,0.12331,0.1233,0.1233,3375.71312371
2022-03-05 08:34,0.1232,0.1234,0.1232,0.1234,28985.6,0.12310000,0.12340000,0.12310000,0.12330000,185331.00000000,0.12322,0.1235,0.12321,0.1235,1214.97184182
2022-03-05 08:35,0.1234,0.1234,0.1233,0.1234,2483.4,0.12340000,0.12340000,0.12320000,0.12330000,187431.00000000,0.12336,0.12349,0.12336,0.12349,24.12302841
2022-03-05 08:36,0.1234,0.1234,0.1232,0.1233,1532.6,0.12330000,0.12340000,0.12320000,0.12330000,90342.00000000,0.12339,0.12339,0.12339,0.12339,500.0
2022-03-05 08:37,0.1234,0.1235,0.1233,0.1235,21785.1,0.12340000,0.12340000,0.12330000,0.12330000,45293.00000000,0.12349,0.12354,0.12345,0.12354,5306.3799539
2022-03-05 08:38,0.1234,0.1236,0.1234,0.1236,13511.9,0.12330000,0.12350000,0.12330000,0.12350000,176685.00000000,0.12361,0.12362,0.12361,0.12362,600.0
2022-03-05 08:39,0.1236,0.1236,0.1234,0.1236,14410.1,0.12350000,0.12350000,0.12340000,0.12350000,19178.00000000,0.1235,0.1235,0.12349,0.12349,550.0
2022-03-05 08:40,0.1236,0.1236,0.1234,0.1234,34660.7,0.12350000,0.12350000,0.12330000,0.12340000,262869.00000000,0.12362,0.12362,0.12346,0.12346,200.0
2022-03-05 08:41,0.1233,0.1235,0.1233,0.1234,14955.1,0.12340000,0.12350000,0.12330000,0.12350000,214479.00000000,,,,,
2022-03-05 08:42,0.1236,0.1237,0.1235,0.1237,36865.3,0.12350000,0.12370000,0.12340000,0.12360000,331023.00000000,0.12357,0.12383,0.12357,0.12383,561.74024616
2022-03-05 08:43,0.1238,0.1239,0.1237,0.1238,3565.4,0.12370000,0.12390000,0.12360000,0.12380000,611453.00000000,0.12377,0.12399,0.12377,0.12392,1798.55072659
2022-03-05 08:44,0.1238,0.1241,0.1237,0.1241,19711.2,0.12380000,0.12410000,0.12370000,0.12400000,598153.00000000,0.12392,0.12418,0.12392,0.12418,3242.43643553
2022-03-05 08:45,0.1239,0.1239,0.1238,0.1239,65285.1,0.12390000,0.12400000,0.12370000,0.12390000,1052191.00000000,0.12398,0.12398,0.12387,0.12387,268.4411894
2022-03-05 08:46,0.1241,0.1241,0.124,0.124,57643.3,0.12390000,0.12410000,0.12380000,0.12410000,451710.00000000,0.12398,0.12421,0.12398,0.12418,1759.94340324
2022-03-05 08:47,0.1241,0.1241,0.124,0.1241,46197.6,0.12410000,0.12410000,0.12400000,0.12410000,111059.00000000,0.12406,0.12417,0.12405,0.12405,4506.18526938
2022-03-05 08:48,0.124,0.1241,0.1239,0.124,331156.8,0.12400000,0.12410000,0.12390000,0.12400000,762942.00000000,,,,,
2022-03-05 08:49,0.1239,0.124,0.1238,0.1238,853.4,0.12400000,0.12400000,0.12380000,0.12390000,167633.00000000,,,,,
2022-03-05 08:50,0.1238,0.1238,0.1236,0.1236,121301.6,0.12390000,0.12390000,0.12360000,0.12360000,158775.00000000,0.12388,0.12388,0.12379,0.12379,5523.44154239
2022-03-05 08:51,0.1237,0.1238,0.1237,0.1237,8136.8,0.12370000,0.12380000,0.12360000,0.12380000,228398.00000000,0.12382,0.12391,0.12382,0.12391,1046.91689597
2022-03-05 08:52,0.1237,0.1237,0.1236,0.1237,3664.5,0.12380000,0.12380000,0.12360000,0.12360000,196648.00000000,0.12382,0.12382,0.12369,0.12369,23.51127193
2022-03-05 08:53,0.1237,0.1238,0.1236,0.1237,19957.1,0.12370000,0.12380000,0.12360000,0.12370000,153035.00000000,,,,,
2022-03-05 08:54,0.1237,0.1238,0.1236,0.1237,4687.6,0.12360000,0.12370000,0.12360000,0.12370000,93820.00000000,,,,,
2022-03-05 08:55,0.1237,0.1237,0.1236,0.1237,1745.4,0.12370000,0.12370000,0.12360000,0.12360000,40219.00000000,0.1238,0.1238,0.1238,0.1238,2000.0
2022-03-05 08:56,0.1237,0.1237,0.1236,0.1237,2695.5,0.12370000,0.12370000,0.12360000,0.12370000,38985.00000000,,,,,
2022-03-05 08:57,0.1236,0.1236,0.1236,0.1236,373.8,0.12370000,0.12370000,0.12360000,0.12360000,69829.00000000,,,,,
2022-03-05 08:58,0.1236,0.1237,0.1236,0.1237,739.4,0.12360000,0.12370000,0.12360000,0.12370000,24824.00000000,0.12366,0.12366,0.12366,0.12366,50.0
2022-03-05 08:59,0.1237,0.1237,0.1236,0.1237,66759.8,0.12360000,0.12370000,0.12360000,0.12360000,72485.00000000,0.12379,0.12379,0.12379,0.12379,24.68684085
2022-03-05 09:00,0.1237,0.1238,0.1236,0.1238,41341.6,0.12370000,0.12380000,0.12360000,0.12380000,71845.00000000,,,,,
2022-03-05 09:01,0.1237,0.1237,0.1236,0.1237,1484.6,0.12380000,0.12380000,0.12360000,0.12370000,265707.00000000,0.12381,0.12381,0.12381,0.12381,50.0
2022-03-05 09:02,0.1237,0.1237,0.1235,0.1235,46885.0,0.12360000,0.12370000,0.12350000,0.12360000,389477.00000000,0.12368,0.12368,0.12357,0.12357,1750.0
2022-03-05 09:03,0.1235,0.1237,0.1234,0.1234,89492.0,0.12360000,0.12360000,0.12330000,0.12340000,342952.00000000,,,,,
2022-03-05 09:04,0.1234,0.1235,0.1233,0.1234,61097.6,0.12340000,0.12350000,0.12330000,0.12340000,349601.00000000,,,,,
2022-03-05 09:05,0.1234,0.1235,0.1233,0.1234,24816.2,0.12340000,0.12340000,0.12330000,0.12330000,47723.00000000,0.12352,0.12352,0.12352,0.12352,50.0
2022-03-05 09:06,0.1233,0.1235,0.1232,0.1235,41496.2,0.12340000,0.12340000,0.12320000,0.12340000,328422.00000000,,,,,
2022-03-05 09:07,0.1234,0.1234,0.1233,0.1233,17885.1,0.12340000,0.12340000,0.12330000,0.12330000,40645.00000000,,,,,
2022-03-05 09:08,0.1233,0.1234,0.1233,0.1233,2728.1,0.12340000,0.12340000,0.12330000,0.12340000,42842.00000000,,,,,
2022-03-05 09:09,0.1234,0.1235,0.1233,0.1233,35715.9,0.12340000,0.12340000,0.12330000,0.12340000,120679.00000000,,,,,
2022-03-05 09:10,0.1235,0.1235,0.1234,0.1234,2265.2,0.12330000,0.12340000,0.12330000,0.12330000,63101.00000000,0.12353,0.12353,0.12353,0.12353,550.0
2022-03-05 09:11,0.1234,0.1234,0.1233,0.1234,627.2,0.12330000,0.12340000,0.12320000,0.12320000,196547.00000000,0.12342,0.12342,0.12342,0.12342,11.0976193
2022-03-05 09:12,0.1233,0.1235,0.1233,0.1235,273.7,0.12330000,0.12340000,0.12320000,0.12340000,121845.00000000,0.12353,0.12353,0.12353,0.12353,908.0
2022-03-05 09:13,0.1235,0.1235,0.1233,0.1235,6177.6,0.12340000,0.12340000,0.12330000,0.12340000,32311.00000000,,,,,
2022-03-05 09:14,0.1234,0.1235,0.1234,0.1234,1637.8,0.12330000,0.12340000,0.12330000,0.12340000,23844.00000000,,,,,
2022-03-05 09:15,0.1235,0.1235,0.1233,0.1233,52562.4,0.12340000,0.12340000,0.12330000,0.12340000,519270.00000000,,,,,
2022-03-05 09:16,0.1234,0.1234,0.1233,0.1234,7577.3,0.12340000,0.12340000,0.12330000,0.12340000,22979.00000000,,,,,
2022-03-05 09:17,0.1235,0.1235,0.1233,0.1234,4235.6,0.12340000,0.12340000,0.12330000,0.12340000,26738.00000000,,,,,
2022-03-05 09:18,0.1235,0.1235,0.1234,0.1235,4577.8,0.12340000,0.12340000,0.12330000,0.12340000,85925.00000000,,,,,
2022-03-05 09:19,0.1235,0.1235,0.1234,0.1234,3343.9,0.12340000,0.12350000,0.12330000,0.12340000,155120.00000000,0.12345,0.12345,0.12345,0.12345,50.0
2022-03-05 09:20,0.1234,0.1235,0.1234,0.1235,8224.2,0.12340000,0.12340000,0.12330000,0.12330000,47531.00000000,,,,,
2022-03-05 09:21,0.1234,0.1235,0.1234,0.1234,34283.1,0.12340000,0.12340000,0.12330000,0.12330000,43488.00000000,0.1234,0.1234,0.1234,0.1234,218.4411894
2022-03-05 09:22,0.1234,0.1235,0.1234,0.1235,19319.9,0.12330000,0.12350000,0.12330000,0.12350000,186706.00000000,0.12349,0.12349,0.12349,0.12349,11.47855962
2022-03-05 09:23,0.1236,0.1237,0.1236,0.1237,16866.6,0.12340000,0.12360000,0.12340000,0.12360000,134541.00000000,0.12359,0.12366,0.12359,0.12366,131.62056433
2022-03-05 09:24,0.1236,0.1237,0.1236,0.1237,3511.6,0.12360000,0.12370000,0.12350000,0.12370000,249524.00000000,,,,,
2022-03-05 09:25,0.1236,0.1238,0.1236,0.1237,42956.3,0.12370000,0.12380000,0.12370000,0.12380000,212806.00000000,0.12378,0.12392,0.12378,0.12392,24.31006835
2022-03-05 09:26,0.1238,0.1238,0.1237,0.1238,3851.6,0.12380000,0.12380000,0.12360000,0.12360000,470255.00000000,0.12385,0.12385,0.12374,0.12374,25.76842593
2022-03-05 09:27,0.1237,0.1238,0.1237,0.1238,1512.1,0.12370000,0.12380000,0.12360000,0.12370000,127827.00000000,0.12391,0.12391,0.12391,0.12391,5150.0
2022-03-05 09:28,0.1237,0.1238,0.1237,0.1238,3596.4,0.12360000,0.12380000,0.12360000,0.12380000,178498.00000000,,,,,
2022-03-05 09:29,0.1238,0.1238,0.1236,0.1237,3436.0,0.12380000,0.12380000,0.12360000,0.12370000,419901.00000000,0.12375,0.12375,0.12375,0.12375,11.08327751
2022-03-05 09:30,0.1237,0.1238,0.1236,0.1237,9329.7,0.12370000,0.12370000,0.12360000,0.12360000,85187.00000000,,,,,
2022-03-05 09:31,0.1237,0.1237,0.1236,0.1237,9895.3,0.12350000,0.12360000,0.12350000,0.12360000,22084.00000000,0.12362,0.12362,0.12362,0.12362,22.174425
2022-03-05 09:32,0.1237,0.1237,0.1236,0.1237,7398.8,0.12360000,0.12370000,0.12350000,0.12360000,148908.00000000,,,,,
2022-03-05 09:33,0.1237,0.1237,0.1235,0.1236,24308.0,0.12360000,0.12360000,0.12350000,0.12350000,23677.00000000,,,,,
2022-03-05 09:34,0.1236,0.1237,0.1236,0.1236,2998.8,0.12360000,0.12360000,0.12360000,0.12360000,27042.00000000,,,,,
2022-03-05 09:35,0.1236,0.1236,0.1236,0.1236,1851.0,0.12360000,0.12360000,0.12350000,0.12360000,13932.00000000,,,,,
2022-03-05 09:36,0.1237,0.1237,0.1235,0.1236,7006.0,0.12360000,0.12360000,0.12350000,0.12350000,158756.00000000,,,,,
2022-03-05 09:37,0.1236,0.1236,0.1234,0.1234,42316.4,0.12350000,0.12350000,0.12340000,0.12350000,9074.00000000,,,,,
2022-03-05 09:38,0.1234,0.1236,0.1234,0.1234,3799.4,0.12350000,0.12350000,0.12330000,0.12340000,269975.00000000,,,,,
2022-03-05 09:39,0.1234,0.1235,0.1233,0.1235,21970.3,0.12340000,0.12340000,0.12330000,0.12330000,28096.00000000,0.12354,0.12354,0.12354,0.12354,12.56916492
2022-03-05 09:40,0.1234,0.1236,0.1234,0.1235,29545.2,0.12340000,0.12350000,0.12340000,0.12350000,144541.00000000,,,,,
2022-03-05 09:41,0.1236,0.1236,0.1235,0.1236,25099.5,0.12350000,0.12360000,0.12350000,0.12360000,54281.00000000,0.12363,0.12363,0.12363,0.12363,427.29857652
2022-03-05 09:42,0.1237,0.1237,0.1236,0.1237,3444.2,0.12360000,0.12370000,0.12350000,0.12370000,88260.00000000,0.12366,0.12378,0.12366,0.12378,4472.00958058
2022-03-05 09:43,0.1237,0.1237,0.1236,0.1237,11743.4,0.12360000,0.12370000,0.12360000,0.12370000,80042.00000000,0.12378,0.12378,0.12378,0.12378,250.0
2022-03-05 09:44,0.1237,0.1238,0.1236,0.1238,1855.0,0.12370000,0.12370000,0.12360000,0.12370000,38997.00000000,0.12375,0.12379,0.1237,0.1237,304.29676747999997
2022-03-05 09:45,0.1237,0.1237,0.1235,0.1236,72943.3,0.12370000,0.12370000,0.12350000,0.12360000,123132.00000000,0.1236,0.1236,0.12359,0.12359,2116.86747428
2022-03-05 09:46,0.1236,0.1236,0.1234,0.1235,6409.9,0.12350000,0.12350000,0.12340000,0.12350000,118156.00000000,0.12356,0.12356,0.12356,0.12356,6634.713362750001
2022-03-05 09:47,0.1235,0.1236,0.1234,0.1235,2915.2,0.12340000,0.12350000,0.12340000,0.12350000,27106.00000000,0.12353,0.12357,0.12353,0.12354,14271.42210492
2022-03-05 09:48,0.1234,0.1236,0.1234,0.1236,5045.3,0.12350000,0.12350000,0.12340000,0.12340000,13734.00000000,0.12354,0.12355,0.1235,0.1235,4438.50226624
2022-03-05 09:49,0.1234,0.1236,0.1234,0.1236,1270.2,0.12340000,0.12350000,0.12340000,0.12340000,13283.00000000,0.12351,0.12353,0.1235,0.12351,7766.5502898
2022-03-05 09:50,0.1236,0.1237,0.1236,0.1237,10378.8,0.12340000,0.12360000,0.12340000,0.12360000,102985.00000000,0.12354,0.12362,0.12353,0.12361,19140.80589873
2022-03-05 09:51,0.1236,0.1237,0.1236,0.1236,4231.8,0.12350000,0.12360000,0.12350000,0.12350000,18657.00000000,0.12361,0.12361,0.1236,0.1236,8846.94281933
2022-03-05 09:52,0.1235,0.1236,0.1235,0.1236,268.9,0.12350000,0.12360000,0.12350000,0.12360000,53583.00000000,0.12361,0.12361,0.12358,0.1236,7814.58500773
2022-03-05 09:53,0.1236,0.1237,0.1235,0.1237,15534.6,0.12360000,0.12370000,0.12350000,0.12370000,130624.00000000,0.12371,0.12371,0.12371,0.12371,6634.173
2022-03-05 09:54,0.1236,0.1236,0.1235,0.1235,31803.6,0.12370000,0.12370000,0.12350000,0.12360000,89859.00000000,0.12368,0.12368,0.12368,0.12368,4420.95560872
2022-03-05 09:55,0.1235,0.1237,0.1235,0.1236,6745.3,0.12350000,0.12360000,0.12350000,0.12360000,27398.00000000,0.12357,0.12362,0.12356,0.1236,14334.64901455
2022-03-05 09:56,0.1236,0.1236,0.1235,0.1235,396.3,0.12360000,0.12360000,0.12340000,0.12350000,141463.00000000,0.12361,0.12361,0.1236,0.1236,11.02858633
2022-03-05 09:57,0.1235,0.1236,0.1234,0.1236,7979.8,0.12340000,0.12350000,0.12340000,0.12350000,374910.00000000,,,,,
2022-03-05 09:58,0.1236,0.1236,0.1235,0.1235,5982.2,0.12350000,0.12350000,0.12340000,0.12340000,35705.00000000,0.12354,0.12356,0.12353,0.12356,7743.41827682
2022-03-05 09:59,0.1236,0.1236,0.1235,0.1235,5747.2,0.12350000,0.12360000,0.12350000,0.12360000,83099.00000000,0.12355,0.12359,0.12355,0.12358,13397.814351050001
2022-03-05 10:00,0.1236,0.1237,0.1236,0.1237,14995.4,0.12360000,0.12370000,0.12360000,0.12370000,173889.00000000,0.12361,0.1238,0.12359,0.1238,700.0
