time,BINANCE:open,BINANCE:high,BINANCE:low,BINANCE:close,BINANCE:volume,BITFINEX:open,BITFINEX:high,BITFINEX:low,BITFINEX:close,BITFINEX:volume,KRAKEN:open,KRAKEN:high,KRAKEN:low,KRAKEN:close,KRAKEN:volume
2022-03-04 10:00,0.73800000,0.73850000,0.73800000,0.73840000,45673.00000000,0.73861,0.7389,0.73851,0.7389,434.31194654,,,,,
2022-03-04 10:01,0.73840000,0.73840000,0.73780000,0.73790000,64430.00000000,0.73859,0.73859,0.73859,0.73859,5.4163,,,,,
2022-03-04 10:02,0.73790000,0.73810000,0.73740000,0.73800000,104014.00000000,0.73834,0.73834,0.73809,0.73809,56.7719,0.73828,0.73854,0.73761,0.73854,2210.4115208
2022-03-04 10:03,0.73800000,0.73870000,0.73800000,0.73870000,41102.00000000,0.73866,0.73909,0.73866,0.73909,100.0,0.73859,0.73881,0.73859,0.7388,964.64973559
2022-03-04 10:04,0.73860000,0.73890000,0.73850000,0.73880000,136165.00000000,0.73932,0.73932,0.73932,0.73932,286.039023,0.73904,0.73904,0.73904,0.73904,4054.9326
2022-03-04 10:05,0.73870000,0.73890000,0.73850000,0.73880000,65868.00000000,,,,,,0.73911,0.73911,0.73911,0.73911,1162.84005
2022-03-04 10:06,0.73890000,0.73900000,0.73870000,0.73890000,92874.00000000,0.7393,0.7393,0.7393,0.7393,148.18075083,,,,,0.0
2022-03-04 10:07,0.73900000,0.73940000,0.73890000,0.73920000,85039.00000000,,,,,,,,,,0.0
2022-03-04 10:08,0.73930000,0.73940000,0.73890000,0.73900000,153505.00000000,,,,,,0.73937,0.7394,0.73936,0.73938,2964.37765076
2022-03-04 10:09,0.73910000,0.73910000,0.73860000,0.73870000,28187.00000000,0.73971,0.73971,0.73955,0.73955,476.49852699999997,0.73905,0.73905,0.73905,0.73905,51.788
2022-03-04 10:10,0.73860000,0.73920000,0.73840000,0.73920000,60979.00000000,0.73946,0.73946,0.73946,0.73946,15.0,0.73905,0.73936,0.73905,0.73936,1767.33348583
2022-03-04 10:11,0.73920000,0.74000000,0.73910000,0.74000000,65731.00000000,0.74,0.74048,0.74,0.74048,686.7358735,,,,,0.0
2022-03-04 10:12,0.74000000,0.74050000,0.73970000,0.74050000,200348.00000000,0.74032,0.74086,0.74032,0.74086,659.32141179,0.74006,0.74006,0.74006,0.74006,223.0
2022-03-04 10:13,0.74040000,0.74050000,0.74020000,0.74050000,63574.00000000,,,,,,0.7403,0.74126,0.7403,0.74126,68572.50060225
2022-03-04 10:14,0.74050000,0.74060000,0.74040000,0.74060000,71384.00000000,0.74086,0.74086,0.74074,0.74074,2250.293176,0.74071,0.74078,0.74071,0.74078,358.3921
2022-03-04 10:15,0.74070000,0.74110000,0.74000000,0.74000000,225050.00000000,0.74086,0.74131,0.74086,0.74117,754.7237357,0.74114,0.74114,0.74114,0.74114,10.0
2022-03-04 10:16,0.74000000,0.74030000,0.73990000,0.74030000,60437.00000000,0.74013,0.74079,0.74013,0.74079,3433.70328,,,,,0.0
2022-03-04 10:17,0.74040000,0.74040000,0.74000000,0.74000000,98888.00000000,0.74065,0.74081,0.74064,0.74081,135.968376,,,,,0.0
2022-03-04 10:18,0.74000000,0.74020000,0.73970000,0.73980000,43897.00000000,0.74013,0.74013,0.74013,0.74013,34.768701,0.74058,0.74058,0.74006,0.74006,2157.095977
2022-03-04 10:19,0.73990000,0.74060000,0.73980000,0.74020000,69220.00000000,,,,,,0.74074,0.74074,0.74074,0.74074,29.196
2022-03-04 10:20,0.74030000,0.74100000,0.74020000,0.74100000,74745.00000000,0.74107,0.74107,0.74107,0.74107,50.0,0.74086,0.74086,0.74086,0.74086,5.54731555
2022-03-04 10:21,0.74090000,0.74140000,0.74070000,0.74070000,221732.00000000,0.7415,0.742,0.7415,0.74164,2842.0,,,,,0.0
2022-03-04 10:22,0.74070000,0.74100000,0.73900000,0.73910000,468787.00000000,0.74116,0.74116,0.73995,0.73995,21689.819938020002,0.74103,0.74126,0.74103,0.74126,21.6947481
2022-03-04 10:23,0.73900000,0.73900000,0.73860000,0.73890000,158550.00000000,0.73995,0.73995,0.73898,0.73964,186.27665939,0.73883,0.73931,0.73883,0.73931,7467.96916122
2022-03-04 10:24,0.73880000,0.74030000,0.73880000,0.74000000,366253.00000000,0.7395,0.73954,0.7395,0.73954,4252.76327,0.73931,0.73931,0.73931,0.73931,483.212
2022-03-04 10:25,0.74000000,0.74100000,0.74000000,0.74060000,459529.00000000,0.74075,0.74081,0.74075,0.74081,2701.9,0.74095,0.74095,0.74095,0.74095,109.22887
2022-03-04 10:26,0.74060000,0.74090000,0.74040000,0.74060000,101467.00000000,0.74098,0.74142,0.74098,0.74142,230.489512,,,,,0.0
2022-03-04 10:27,0.74050000,0.74080000,0.74050000,0.74080000,53239.00000000,0.74122,0.74122,0.74101,0.74122,221.991921,,,,,0.0
2022-03-04 10:28,0.74080000,0.74120000,0.74060000,0.74070000,137347.00000000,0.74117,0.74185,0.74117,0.74185,84.637726,0.74125,0.74125,0.74125,0.74125,15.0
2022-03-04 10:29,0.74070000,0.74130000,0.74070000,0.74120000,71796.00000000,0.74156,0.7419,0.74148,0.74148,442.02867082,,,,,0.0
2022-03-04 10:30,0.74120000,0.74120000,0.74080000,0.74080000,40379.00000000,0.74146,0.74146,0.74129,0.74129,100.0,,,,,0.0
2022-03-04 10:31,0.74090000,0.74130000,0.74070000,0.74130000,64410.00000000,,,,,,,,,,0.0
2022-03-04 10:32,0.74130000,0.74130000,0.74070000,0.74100000,57976.00000000,,,,,,0.74124,0.74124,0.74124,0.74124,674.54535642
2022-03-04 10:33,0.74100000,0.74230000,0.74070000,0.74210000,493369.00000000,0.74164,0.74264,0.74164,0.74264,12210.025691179999,0.74172,0.74174,0.74172,0.74174,3429.1603125
2022-03-04 10:34,0.74210000,0.74210000,0.74110000,0.74160000,146333.00000000,0.74219,0.74219,0.74217,0.74217,368.888988,0.74172,0.74175,0.74171,0.74171,10002.5
2022-03-04 10:35,0.74170000,0.74200000,0.74130000,0.74180000,126018.00000000,0.74185,0.74185,0.74185,0.74185,50.0,,,,,0.0
2022-03-04 10:36,0.74180000,0.74230000,0.74160000,0.74230000,107964.00000000,0.74247,0.74264,0.74247,0.74264,260.1721,,,,,0.0
2022-03-04 10:37,0.74230000,0.74240000,0.74200000,0.74210000,160809.00000000,0.74283,0.74283,0.74275,0.74275,135.871093,,,,,0.0
2022-03-04 10:38,0.74200000,0.74210000,0.74150000,0.74180000,58522.00000000,0.74275,0.74275,0.74275,0.74275,50.0,,,,,0.0
2022-03-04 10:39,0.74170000,0.74180000,0.74150000,0.74160000,42633.00000000,0.74224,0.74224,0.74224,0.74224,29.0,,,,,0.0
2022-03-04 10:40,0.74150000,0.74200000,0.74150000,0.74160000,69961.00000000,0.74196,0.74225,0.74196,0.74225,1173.99999999,,,,,0.0
2022-03-04 10:41,0.74160000,0.74180000,0.74140000,0.74180000,54530.00000000,,,,,,0.74187,0.74187,0.74187,0.74187,81.60934813
2022-03-04 10:42,0.74180000,0.74240000,0.74170000,0.74190000,179397.00000000,0.7423,0.74276,0.7423,0.74276,41.864789,0.74203,0.74203,0.74203,0.74203,41.1564
2022-03-04 10:43,0.74200000,0.74210000,0.74170000,0.74200000,70943.00000000,0.74257,0.74257,0.74257,0.74257,121.272199,,,,,0.0
2022-03-04 10:44,0.74200000,0.74200000,0.74090000,0.74090000,130057.00000000,0.74234,0.74236,0.74232,0.74236,3121.0837,0.74212,0.74212,0.74187,0.74187,7888.250378889999
2022-03-04 10:45,0.74090000,0.74120000,0.74070000,0.74070000,121251.00000000,0.74178,0.74178,0.7412,0.7412,470.0,,,,,0.0
2022-03-04 10:46,0.74070000,0.74070000,0.74050000,0.74050000,12371.00000000,0.74138,0.74138,0.74088,0.74088,1598.0228835100002,,,,,0.0
2022-03-04 10:47,0.74050000,0.74060000,0.74040000,0.74040000,25325.00000000,0.74118,0.74118,0.74118,0.74118,35.204201,,,,,0.0
2022-03-04 10:48,0.74040000,0.74040000,0.73980000,0.73990000,121697.00000000,0.74046,0.74049,0.74046,0.74049,170.0,0.74054,0.74056,0.74044,0.74044,12141.45003262
2022-03-04 10:49,0.73990000,0.74000000,0.73950000,0.73980000,185094.00000000,0.74036,0.74036,0.74036,0.74036,50.0,0.74039,0.74039,0.74039,0.74039,809.55146472
2022-03-04 10:50,0.73980000,0.73990000,0.73950000,0.73980000,66483.00000000,0.74015,0.74022,0.74015,0.74015,2135.871093,,,,,0.0
2022-03-04 10:51,0.73980000,0.75500000,0.73960000,0.74420000,5347227.00000000,0.74045,0.74798,0.74045,0.7439,265097.84211277,0.74016,0.746,0.74016,0.7449,209589.11251404
2022-03-04 10:52,0.74410000,0.74450000,0.74240000,0.74430000,703270.00000000,0.7439,0.74525,0.7432,0.74521,27906.5983469,0.74383,0.74383,0.74282,0.74329,3967.54016683
2022-03-04 10:53,0.74430000,0.74430000,0.74310000,0.74330000,411704.00000000,0.74466,0.74486,0.74389,0.744,8326.8141991,,,,,0.0
2022-03-04 10:54,0.74330000,0.74340000,0.74250000,0.74250000,83436.00000000,0.744,0.744,0.74329,0.74329,2618.58149776,,,,,0.0
2022-03-04 10:55,0.74250000,0.74250000,0.74150000,0.74160000,168505.00000000,0.7426,0.74305,0.74225,0.74225,7468.11004738,0.74295,0.74295,0.74193,0.74193,358.41871299
2022-03-04 10:56,0.74170000,0.74180000,0.74150000,0.74160000,82441.00000000,0.74237,0.74237,0.74158,0.74225,53050.65007734,,,,,0.0
2022-03-04 10:57,0.74160000,0.74160000,0.74070000,0.74070000,104728.00000000,0.74158,0.74158,0.74148,0.74155,5204.958699870001,0.74158,0.74158,0.74158,0.74158,50.53237777
2022-03-04 10:58,0.74070000,0.74130000,0.74070000,0.74130000,158447.00000000,,,,,,,,,,0.0
2022-03-04 10:59,0.74130000,0.74130000,0.74080000,0.74130000,128204.00000000,0.74135,0.74179,0.74135,0.74149,143.142671,,,,,0.0
2022-03-04 11:00,0.74130000,0.74190000,0.74120000,0.74180000,69298.00000000,0.74205,0.74205,0.74188,0.74188,796.0,0.74132,0.7417,0.74132,0.7417,2055.924345
2022-03-04 11:01,0.74180000,0.74220000,0.74040000,0.74120000,299241.00000000,0.74249,0.74259,0.7406,0.74161,9779.2931881,,,,,0.0
2022-03-04 11:02,0.74130000,0.74160000,0.74040000,0.74040000,213317.00000000,,,,,,,,,,0.0
2022-03-04 11:03,0.74030000,0.74100000,0.74030000,0.74090000,89808.00000000,0.74091,0.74091,0.74091,0.74091,50.0,,,,,0.0
2022-03-04 11:04,0.74100000,0.74280000,0.74100000,0.74220000,199482.00000000,,,,,,,,,,0.0
2022-03-04 11:05,0.74220000,0.74270000,0.74210000,0.74250000,174415.00000000,0.74317,0.74329,0.74308,0.74329,121.69923600000001,,,,,0.0
2022-03-04 11:06,0.74260000,0.74300000,0.74220000,0.74300000,203262.00000000,0.74309,0.74334,0.74298,0.74333,39560.32011919,0.74269,0.74269,0.74236,0.74236,896.6324947
2022-03-04 11:07,0.74300000,0.74330000,0.74250000,0.74310000,121751.00000000,0.74356,0.74356,0.74356,0.74356,1000.0,,,,,0.0
2022-03-04 11:08,0.74310000,0.74310000,0.74260000,0.74260000,48915.00000000,0.74368,0.74368,0.74315,0.74315,100.0,0.74289,0.74289,0.74289,0.74289,6.6
2022-03-04 11:09,0.74270000,0.74310000,0.74260000,0.74270000,70319.00000000,0.74351,0.74353,0.74351,0.74353,100.0,,,,,0.0
2022-03-04 11:10,0.74270000,0.74280000,0.74250000,0.74270000,148822.00000000,0.74339,0.74339,0.74339,0.74339,10.752071,,,,,0.0
2022-03-04 11:11,0.74270000,0.74280000,0.74250000,0.74250000,74770.00000000,,,,,,,,,,0.0
2022-03-04 11:12,0.74260000,0.74290000,0.74250000,0.74250000,52530.00000000,0.74296,0.74359,0.74296,0.74359,185.095723,0.74308,0.74308,0.74308,0.74308,150.0
2022-03-04 11:13,0.74260000,0.74270000,0.74240000,0.74270000,51457.00000000,,,,,,,,,,0.0
2022-03-04 11:14,0.74270000,0.74280000,0.74240000,0.74250000,48621.00000000,0.74345,0.74345,0.74345,0.74345,442.167559,,,,,0.0
2022-03-04 11:15,0.74250000,0.74270000,0.74220000,0.74220000,93080.00000000,0.74321,0.74322,0.74321,0.74322,71.617618,0.74308,0.74308,0.74307,0.74307,609.520136
2022-03-04 11:16,0.74220000,0.74240000,0.74210000,0.74230000,100989.00000000,0.74314,0.74314,0.74314,0.74314,250.0,,,,,0.0
2022-03-04 11:17,0.74230000,0.74250000,0.74200000,0.74200000,81428.00000000,0.74312,0.74312,0.74312,0.74312,71.706432,0.74267,0.74267,0.7425,0.74253,543.4673908
2022-03-04 11:18,0.74210000,0.74260000,0.74190000,0.74230000,306162.00000000,0.74297,0.74298,0.74297,0.74298,1304.86409561,,,,,0.0
2022-03-04 11:19,0.74240000,0.74280000,0.74240000,0.74280000,75240.00000000,,,,,,0.74297,0.74297,0.74297,0.74297,100.0
2022-03-04 11:20,0.74280000,0.74340000,0.74270000,0.74330000,192444.00000000,0.74395,0.74395,0.74365,0.74365,345.272538,0.74308,0.74315,0.74308,0.74315,309.8629735
2022-03-04 11:21,0.74330000,0.74340000,0.74290000,0.74320000,110658.00000000,0.74405,0.74405,0.74345,0.74395,357.448449,0.74333,0.74333,0.74333,0.74333,128.891403
2022-03-04 11:22,0.74320000,0.74340000,0.74240000,0.74250000,165332.00000000,0.74394,0.74394,0.74389,0.74389,69.507916,0.74313,0.74313,0.74313,0.74313,17.61454
2022-03-04 11:23,0.74260000,0.74390000,0.74260000,0.74380000,111912.00000000,0.74401,0.74428,0.74401,0.74428,135.070245,,,,,0.0
2022-03-04 11:24,0.74390000,0.74450000,0.74370000,0.74450000,146563.00000000,0.74483,0.74506,0.74483,0.74506,450.0,0.74342,0.74342,0.74342,0.74342,50.53237777
2022-03-04 11:25,0.74450000,0.74530000,0.74440000,0.74480000,293726.00000000,0.74477,0.74545,0.74477,0.74545,110.50527525000001,,,,,0.0
2022-03-04 11:26,0.74480000,0.74480000,0.74440000,0.74440000,80429.00000000,0.74524,0.74524,0.74478,0.74478,333.079,0.74448,0.74448,0.74448,0.74448,128.815071
2022-03-04 11:27,0.74450000,0.74460000,0.74410000,0.74410000,62311.00000000,0.74518,0.74518,0.74517,0.74517,200.0,,,,,0.0
2022-03-04 11:28,0.74410000,0.74410000,0.74340000,0.74360000,83876.00000000,0.74406,0.74406,0.74387,0.74387,300.0,,,,,0.0
2022-03-04 11:29,0.74360000,0.74490000,0.74360000,0.74480000,70563.00000000,0.74457,0.74465,0.74457,0.74465,121.57261199999999,,,,,0.0
2022-03-04 11:30,0.74470000,0.74510000,0.74450000,0.74480000,218265.00000000,0.74537,0.74538,0.74537,0.74538,400.677517,0.74457,0.74457,0.74457,0.74457,1.83876
2022-03-04 11:31,0.74470000,0.74500000,0.74440000,0.74460000,227450.00000000,0.74551,0.74551,0.74479,0.74479,820.7,,,,,0.0
2022-03-04 11:32,0.74450000,0.74470000,0.74400000,0.74450000,213844.00000000,0.74495,0.74518,0.7444,0.74513,877.0599271,0.74456,0.74456,0.74456,0.74456,1119.0
2022-03-04 11:33,0.74450000,0.74470000,0.74440000,0.74460000,143646.00000000,0.74518,0.74518,0.74518,0.74518,85.754126,,,,,0.0
2022-03-04 11:34,0.74470000,0.74470000,0.74430000,0.74440000,36442.00000000,,,,,,,,,,0.0
2022-03-04 11:35,0.74440000,0.74460000,0.74330000,0.74350000,211142.00000000,0.74459,0.74459,0.74354,0.7441,268.19658400000003,0.74379,0.74379,0.74379,0.74379,68.4406112
2022-03-04 11:36,0.74350000,0.74390000,0.74350000,0.74380000,43475.00000000,0.74427,0.74427,0.74402,0.74402,200.0,,,,,0.0
2022-03-04 11:37,0.74380000,0.74400000,0.74360000,0.74380000,73891.00000000,0.74438,0.74438,0.74408,0.74408,150.0,,,,,0.0
2022-03-04 11:38,0.74370000,0.74380000,0.74350000,0.74360000,92231.00000000,0.74427,0.74428,0.74401,0.74401,969.6263894800001,,,,,0.0
2022-03-04 11:39,0.74360000,0.74360000,0.74300000,0.74330000,300716.00000000,0.74396,0.74396,0.74391,0.74391,978.6642246,,,,,0.0
2022-03-04 11:40,0.74330000,0.74340000,0.74290000,0.74330000,29644.00000000,,,,,,0.7435,0.7435,0.7435,0.7435,1002.84
2022-03-04 11:41,0.74340000,0.74380000,0.74330000,0.74350000,151103.00000000,,,,,,0.74347,0.74347,0.74347,0.74347,335.43311
2022-03-04 11:42,0.74340000,0.74350000,0.74330000,0.74340000,52720.00000000,,,,,,,,,,0.0
2022-03-04 11:43,0.74340000,0.74390000,0.74340000,0.74390000,147825.00000000,0.74426,0.7444,0.74373,0.7444,23849.50897276,0.74348,0.7439,0.74348,0.7439,1277.77478883
2022-03-04 11:44,0.74390000,0.74390000,0.74220000,0.74250000,197248.00000000,0.74406,0.74406,0.74217,0.74228,13181.17018592,0.74252,0.74252,0.74252,0.74252,20.1673655
2022-03-04 11:45,0.74250000,0.74250000,0.74180000,0.74240000,75238.00000000,0.74276,0.74276,0.74241,0.74241,594.8134680000001,,,,,0.0
2022-03-04 11:46,0.74250000,0.74310000,0.74220000,0.74310000,102561.00000000,0.74293,0.7435,0.74293,0.7435,300.0,0.74267,0.74267,0.74267,0.74267,132.250514
2022-03-04 11:47,0.74300000,0.74340000,0.74300000,0.74340000,18508.00000000,0.74394,0.74394,0.74394,0.74394,50.0,,,,,0.0
2022-03-04 11:48,0.74330000,0.74410000,0.74330000,0.74400000,76702.00000000,0.74401,0.74401,0.74401,0.74401,35.805974,,,,,0.0
2022-03-04 11:49,0.74410000,0.74430000,0.74390000,0.74390000,79478.00000000,0.74433,0.74433,0.74433,0.74433,50.0,,,,,0.0
2022-03-04 11:50,0.74390000,0.74400000,0.74380000,0.74400000,33693.00000000,,,,,,,,,,0.0
2022-03-04 11:51,0.74390000,0.74410000,0.74380000,0.74380000,54447.00000000,0.74459,0.74459,0.74459,0.74459,35.779071,,,,,0.0
2022-03-04 11:52,0.74380000,0.74440000,0.74380000,0.74440000,57482.00000000,0.7446,0.7446,0.7446,0.7446,4106.78296279,,,,,0.0
2022-03-04 11:53,0.74440000,0.74550000,0.74410000,0.74540000,347551.00000000,0.74499,0.74617,0.74499,0.7459,8825.60460333,0.74452,0.74452,0.74452,0.74452,6.51062
2022-03-04 11:54,0.74550000,0.74590000,0.74540000,0.74580000,235107.00000000,0.74604,0.74632,0.746,0.74618,585.698094,0.74506,0.74585,0.74506,0.74585,350.87507401
2022-03-04 11:55,0.74580000,0.74590000,0.74460000,0.74550000,441442.00000000,0.74591,0.74594,0.74548,0.74548,289.610089,,,,,0.0
2022-03-04 11:56,0.74560000,0.74560000,0.74440000,0.74460000,94004.00000000,0.74525,0.74525,0.7451,0.7451,1596.14485287,0.74566,0.74566,0.74566,0.74566,143.99849
2022-03-04 11:57,0.74450000,0.74460000,0.74350000,0.74370000,297285.00000000,0.7449,0.7449,0.74385,0.74392,5785.15330618,0.74408,0.74408,0.74408,0.74408,2665.217675
2022-03-04 11:58,0.74360000,0.74370000,0.74040000,0.74140000,398285.00000000,0.7439,0.74429,0.74202,0.74202,14278.782472309998,0.74203,0.74203,0.74158,0.74158,1126.69310167
2022-03-04 11:59,0.74150000,0.74200000,0.74070000,0.74180000,407843.00000000,0.74201,0.74201,0.74201,0.74201,50.0,0.74143,0.74145,0.74143,0.74145,5391.62112932
2022-03-04 12:00,0.74170000,0.74320000,0.74170000,0.74230000,199236.00000000,0.74337,0.74337,0.74277,0.74277,1076.4927243299999,0.74221,0.74221,0.74221,0.74221,100.0
2022-03-04 12:01,0.74230000,0.74270000,0.74200000,0.74230000,95222.00000000,0.7432,0.7432,0.7432,0.7432,50.0,0.74222,0.74222,0.74222,0.74222,22.61029463
2022-03-04 12:02,0.74240000,0.74240000,0.74200000,0.74220000,66000.00000000,0.74297,0.74297,0.74273,0.74288,141.733954,,,,,0.0
2022-03-04 12:03,0.74210000,0.74210000,0.74110000,0.74160000,132891.00000000,0.74187,0.74227,0.74174,0.74227,455.83533309999996,0.74208,0.74208,0.74208,0.74208,8178.0
2022-03-04 12:04,0.74160000,0.74280000,0.74160000,0.74270000,164601.00000000,0.74203,0.74203,0.74203,0.74203,100.0,0.74277,0.74277,0.74277,0.74277,141.45000871
2022-03-04 12:05,0.74280000,0.74360000,0.74250000,0.74310000,519987.00000000,0.7433,0.7434,0.74304,0.7434,14667.44827993,0.74297,0.74297,0.74297,0.74297,369.799561
2022-03-04 12:06,0.74310000,0.74310000,0.74200000,0.74220000,74696.00000000,0.74337,0.74337,0.74232,0.74302,2842.6393670999996,,,,,0.0
2022-03-04 12:07,0.74220000,0.74220000,0.74080000,0.74090000,129644.00000000,0.74289,0.74289,0.74157,0.74157,150.0,,,,,0.0
2022-03-04 12:08,0.74090000,0.74110000,0.74010000,0.74020000,219449.00000000,0.74114,0.74114,0.74042,0.74042,150.0,,,,,0.0
2022-03-04 12:09,0.74020000,0.74070000,0.73900000,0.73900000,523688.00000000,0.74001,0.74001,0.73965,0.73965,10449.5459,0.74059,0.74059,0.74047,0.74047,210.00589184
2022-03-04 12:10,0.73910000,0.73990000,0.73900000,0.73960000,149301.00000000,0.74004,0.74004,0.73978,0.73978,136.006841,0.73975,0.73989,0.73975,0.73989,64.85040297
2022-03-04 12:11,0.73950000,0.74000000,0.73870000,0.73880000,159620.00000000,0.74005,0.74057,0.74005,0.7403,141.996433,,,,,0.0
2022-03-04 12:12,0.73880000,0.73970000,0.73880000,0.73900000,230635.00000000,0.73957,0.74039,0.73935,0.7399,2965.96530378,,,,,0.0
2022-03-04 12:13,0.73900000,0.73970000,0.73860000,0.73950000,195526.00000000,0.73995,0.73998,0.73973,0.73987,359.382739,,,,,0.0
2022-03-04 12:14,0.73950000,0.74000000,0.73930000,0.73940000,137594.00000000,0.74062,0.74087,0.74062,0.74087,23164.50897276,,,,,0.0
2022-03-04 12:15,0.73950000,0.74020000,0.73940000,0.74000000,184345.00000000,0.73987,0.74049,0.73987,0.74049,60.0,,,,,0.0
2022-03-04 12:16,0.74010000,0.74010000,0.73940000,0.73960000,100586.00000000,0.74066,0.74066,0.73975,0.73975,85.96798799999999,,,,,0.0
2022-03-04 12:17,0.73950000,0.74000000,0.73910000,0.73960000,364086.00000000,0.73982,0.73982,0.73963,0.73963,119.72,,,,,0.0
2022-03-04 12:18,0.73950000,0.73960000,0.73930000,0.73940000,111155.00000000,0.73981,0.74001,0.73981,0.74001,136.00347,,,,,0.0
2022-03-04 12:19,0.73940000,0.74050000,0.73940000,0.74000000,125459.00000000,0.74004,0.74004,0.73992,0.73992,85.845505,,,,,0.0
2022-03-04 12:20,0.74000000,0.74030000,0.73980000,0.74010000,42857.00000000,0.7408,0.7408,0.7408,0.7408,34.433399,,,,,0.0
2022-03-04 12:21,0.74020000,0.74030000,0.73930000,0.73940000,113092.00000000,0.73995,0.73995,0.73995,0.73995,100.0,0.74024,0.74024,0.74024,0.74024,279.29716516
2022-03-04 12:22,0.73940000,0.73940000,0.73870000,0.73900000,118287.00000000,0.73995,0.73995,0.73924,0.73924,748.42577304,,,,,0.0
2022-03-04 12:23,0.73900000,0.73920000,0.73870000,0.73910000,136135.00000000,0.73935,0.73935,0.73935,0.73935,90.0,0.73945,0.73945,0.73945,0.73945,11.80353212
2022-03-04 12:24,0.73920000,0.73930000,0.73910000,0.73930000,71707.00000000,0.73952,0.73989,0.73952,0.73952,7460.440195839999,0.73955,0.73955,0.73955,0.73955,51.8755
2022-03-04 12:25,0.73940000,0.73940000,0.73700000,0.73710000,526703.00000000,0.73902,0.7396,0.73789,0.73789,19610.70728079,0.73938,0.73938,0.73774,0.73774,13889.32863286
2022-03-04 12:26,0.73710000,0.73760000,0.73710000,0.73740000,137495.00000000,0.73713,0.73829,0.73713,0.73776,394.135841,,,,,0.0
2022-03-04 12:27,0.73740000,0.73810000,0.73700000,0.73800000,191654.00000000,0.73776,0.73776,0.73776,0.73776,503.0,,,,,0.0
2022-03-04 12:28,0.73800000,0.73820000,0.73710000,0.73740000,86835.00000000,0.7374,0.73779,0.7374,0.73779,132.521425,,,,,0.0
2022-03-04 12:29,0.73750000,0.73830000,0.73730000,0.73740000,138299.00000000,0.73806,0.73839,0.73806,0.73839,348.68913,0.73757,0.73757,0.73757,0.73757,1.69967
2022-03-04 12:30,0.73730000,0.73850000,0.73730000,0.73770000,166294.00000000,0.73844,0.73844,0.73787,0.73836,125.292799,0.73848,0.73848,0.73828,0.73828,5.09901
2022-03-04 12:31,0.73760000,0.73820000,0.73760000,0.73770000,128936.00000000,0.73833,0.73859,0.73833,0.73859,96.073084,,,,,0.0
2022-03-04 12:32,0.73770000,0.73790000,0.73690000,0.73710000,276296.00000000,0.73796,0.7383,0.73719,0.73719,171.435793,,,,,0.0
2022-03-04 12:33,0.73710000,0.73720000,0.73620000,0.73720000,433647.00000000,0.73643,0.73718,0.73643,0.73718,5068.91182242,0.73721,0.73721,0.73714,0.73714,75.83674839
2022-03-04 12:34,0.73720000,0.73830000,0.73720000,0.73790000,139176.00000000,,,,,,0.73788,0.73797,0.73788,0.73797,153.91176457
2022-03-04 12:35,0.73790000,0.73920000,0.73760000,0.73910000,155557.00000000,0.73935,0.73974,0.73935,0.73974,150.0,0.73826,0.7393,0.73826,0.7393,566.0
2022-03-04 12:36,0.73910000,0.74010000,0.73910000,0.73970000,95353.00000000,0.73992,0.7401,0.73992,0.7401,940.47031485,0.74002,0.74002,0.74002,0.74002,26.35796
2022-03-04 12:37,0.73970000,0.73980000,0.73950000,0.73970000,34319.00000000,0.74026,0.74027,0.74026,0.74027,150.0,0.74001,0.74005,0.73996,0.73997,3405.00306904
2022-03-04 12:38,0.73970000,0.74000000,0.73940000,0.73960000,179188.00000000,0.74025,0.74025,0.74025,0.74025,150.0,,,,,0.0
2022-03-04 12:39,0.73970000,0.74170000,0.73960000,0.74150000,421651.00000000,0.74044,0.74152,0.74044,0.74152,17268.88234,0.73997,0.7406,0.73996,0.7406,51706.59923935
2022-03-04 12:40,0.74140000,0.74250000,0.74130000,0.74190000,309810.00000000,0.74219,0.743,0.74219,0.743,450.0,0.741,0.74172,0.741,0.74172,550.7603125
2022-03-04 12:41,0.74200000,0.74200000,0.74080000,0.74120000,189603.00000000,0.74125,0.74125,0.74125,0.74125,259.783472,0.74147,0.74147,0.74147,0.74147,294.33891
2022-03-04 12:42,0.74110000,0.74130000,0.74070000,0.74120000,60149.00000000,0.74152,0.74152,0.74152,0.74152,35.930639,,,,,0.0
2022-03-04 12:43,0.74110000,0.74140000,0.74070000,0.74080000,27032.00000000,,,,,,,,,,0.0
2022-03-04 12:44,0.74080000,0.74150000,0.74080000,0.74150000,174226.00000000,0.74184,0.74211,0.74184,0.74211,465.44089899999994,,,,,0.0
2022-03-04 12:45,0.74150000,0.74250000,0.74150000,0.74250000,159847.00000000,0.74266,0.74301,0.74266,0.74285,284.954401,,,,,0.0
2022-03-04 12:46,0.74260000,0.74280000,0.74160000,0.74160000,147813.00000000,0.74303,0.74303,0.74265,0.74265,1152.82082763,0.742,0.742,0.742,0.742,1000.0
2022-03-04 12:47,0.74180000,0.74180000,0.74070000,0.74070000,83474.00000000,0.74125,0.74132,0.74125,0.74132,724.1,,,,,0.0
2022-03-04 12:48,0.74060000,0.74060000,0.73930000,0.73940000,701570.00000000,0.74115,0.74115,0.74064,0.74064,2044.69690756,,,,,0.0
2022-03-04 12:49,0.73940000,0.74000000,0.73820000,0.73860000,703135.00000000,0.74005,0.74042,0.73892,0.73892,2894.14501075,0.73891,0.73907,0.73891,0.73907,11999.999999999998
2022-03-04 12:50,0.73860000,0.73900000,0.73760000,0.73830000,409225.00000000,0.73821,0.73905,0.73792,0.73905,2022.2570561100001,,,,,0.0
2022-03-04 12:51,0.73850000,0.73890000,0.73840000,0.73880000,93923.00000000,0.73891,0.73952,0.73891,0.73952,895.136963,,,,,0.0
2022-03-04 12:52,0.73890000,0.73890000,0.73740000,0.73790000,490244.00000000,0.73878,0.73878,0.7385,0.7385,1794.87522007,,,,,0.0
2022-03-04 12:53,0.73800000,0.73830000,0.73750000,0.73760000,195748.00000000,0.73815,0.73886,0.73815,0.73837,1109.0382629,,,,,0.0
2022-03-04 12:54,0.73770000,0.73810000,0.73760000,0.73800000,85480.00000000,0.73873,0.73873,0.73831,0.73831,100.0,0.73826,0.73836,0.73826,0.73836,1353.0
2022-03-04 12:55,0.73810000,0.73890000,0.73810000,0.73810000,211560.00000000,0.73924,0.7395,0.73924,0.7395,107.348851,,,,,0.0
2022-03-04 12:56,0.73810000,0.73820000,0.73650000,0.73750000,204770.00000000,0.73881,0.73881,0.73664,0.73664,2634.64968812,0.73825,0.73825,0.73714,0.73714,100.58032592
2022-03-04 12:57,0.73750000,0.73770000,0.73720000,0.73740000,99471.00000000,0.73804,0.7382,0.73789,0.73789,108.036823,,,,,0.0
2022-03-04 12:58,0.73740000,0.73740000,0.73670000,0.73680000,27454.00000000,0.73802,0.73802,0.73704,0.73705,386.100952,,,,,0.0
2022-03-04 12:59,0.73680000,0.73850000,0.73670000,0.73820000,175355.00000000,0.73711,0.73787,0.73711,0.73787,350.0,,,,,0.0
2022-03-04 13:00,0.73830000,0.73960000,0.73800000,0.73840000,197255.00000000,0.73822,0.74008,0.73822,0.74008,188.484847,0.7381,0.73892,0.7381,0.73846,1044.832
2022-03-04 13:01,0.73840000,0.73850000,0.73630000,0.73670000,137767.00000000,0.73902,0.73902,0.73676,0.73676,2028.50578946,,,,,0.0
2022-03-04 13:02,0.73680000,0.73720000,0.73630000,0.73720000,187972.00000000,0.73672,0.73672,0.73668,0.73668,100.0,0.73714,0.73714,0.73714,0.73714,1.01673497
2022-03-04 13:03,0.73720000,0.73750000,0.73680000,0.73700000,153860.00000000,0.73788,0.73788,0.73788,0.73788,50.0,,,,,0.0
2022-03-04 13:04,0.73690000,0.73730000,0.73660000,0.73680000,281230.00000000,0.73727,0.73744,0.73669,0.73706,1759.78488535,0.73693,0.73693,0.73693,0.73693,10.0
2022-03-04 13:05,0.73680000,0.73730000,0.73650000,0.73670000,88559.00000000,0.73705,0.73717,0.73681,0.73717,764.240615,,,,,0.0
2022-03-04 13:06,0.73660000,0.73750000,0.73660000,0.73750000,73713.00000000,0.73764,0.73764,0.73764,0.73764,295.723791,0.73774,0.73774,0.73774,0.73774,33.9104
2022-03-04 13:07,0.73740000,0.73770000,0.73700000,0.73760000,47586.00000000,0.73792,0.73835,0.73764,0.73835,1450.933628,0.73795,0.73798,0.73795,0.73797,5494.0896
2022-03-04 13:08,0.73750000,0.73800000,0.73720000,0.73750000,129570.00000000,0.73786,0.73814,0.73752,0.73808,1954.43935234,,,,,0.0
2022-03-04 13:09,0.73750000,0.73780000,0.73730000,0.73760000,222885.00000000,0.73774,0.73774,0.7377,0.7377,160.02101693,,,,,0.0
2022-03-04 13:10,0.73760000,0.73770000,0.73730000,0.73760000,90289.00000000,,,,,,0.73785,0.73785,0.73785,0.73785,395.94542355
2022-03-04 13:11,0.73760000,0.73810000,0.73690000,0.73800000,265076.00000000,0.7379,0.73818,0.73777,0.73818,2335.24047295,0.73716,0.73766,0.73694,0.73766,7263.0
2022-03-04 13:12,0.73810000,0.73840000,0.73800000,0.73810000,94991.00000000,0.7387,0.7387,0.73837,0.73837,85.331444,0.73822,0.73822,0.73822,0.73822,250.95371
2022-03-04 13:13,0.73800000,0.73800000,0.73710000,0.73710000,60101.00000000,0.73814,0.73814,0.73747,0.73747,180.0,,,,,0.0
2022-03-04 13:14,0.73710000,0.73710000,0.73550000,0.73580000,147265.00000000,0.73747,0.73747,0.73555,0.73555,6661.53638376,,,,,0.0
2022-03-04 13:15,0.73590000,0.73780000,0.73580000,0.73740000,185686.00000000,0.73654,0.73779,0.73654,0.73779,1008.491777,0.73687,0.73687,0.73687,0.73687,499.999
2022-03-04 13:16,0.73740000,0.73740000,0.73700000,0.73710000,52624.00000000,,,,,,,,,,0.0
2022-03-04 13:17,0.73720000,0.73750000,0.73670000,0.73680000,112068.00000000,0.73744,0.73798,0.73704,0.73798,531.584843,0.73721,0.73721,0.73706,0.73706,11935.06699
2022-03-04 13:18,0.73680000,0.73700000,0.73640000,0.73700000,276848.00000000,0.73734,0.73734,0.73734,0.73734,36.129908,0.73679,0.73679,0.73652,0.73652,20738.53158
2022-03-04 13:19,0.73690000,0.73710000,0.73640000,0.73670000,103762.00000000,0.7372,0.73751,0.73714,0.73724,184.842119,,,,,0.0
2022-03-04 13:20,0.73670000,0.73690000,0.73660000,0.73680000,51733.00000000,0.73742,0.73742,0.73742,0.73742,50.0,,,,,0.0
2022-03-04 13:21,0.73690000,0.73730000,0.73660000,0.73730000,82646.00000000,0.73761,0.73761,0.73761,0.73761,50.0,,,,,0.0
2022-03-04 13:22,0.73730000,0.73760000,0.73720000,0.73750000,63314.00000000,,,,,,,,,,0.0
2022-03-04 13:23,0.73760000,0.73800000,0.73730000,0.73800000,143137.00000000,0.73794,0.73794,0.73794,0.73794,35.358678,,,,,0.0
2022-03-04 13:24,0.73790000,0.73840000,0.73750000,0.73750000,86159.00000000,0.7386,0.73905,0.73785,0.73785,1705.6657420000001,0.73765,0.73765,0.73765,0.73765,139.43503
2022-03-04 13:25,0.73750000,0.73790000,0.73730000,0.73760000,193661.00000000,0.73774,0.73837,0.73773,0.73837,487.341001,,,,,0.0
2022-03-04 13:26,0.73770000,0.73870000,0.73740000,0.73840000,128816.00000000,0.73832,0.73945,0.73832,0.73928,1796.52200375,0.73882,0.73882,0.73882,0.73882,9.0
2022-03-04 13:27,0.73840000,0.73860000,0.73800000,0.73840000,49410.00000000,0.73907,0.7394,0.7389,0.7394,602.884639,,,,,0.0
2022-03-04 13:28,0.73830000,0.73890000,0.73830000,0.73840000,132049.00000000,0.73924,0.73942,0.73924,0.73942,85.29988999999999,,,,,0.0
2022-03-04 13:29,0.73840000,0.73910000,0.73840000,0.73890000,66633.00000000,0.73937,0.73937,0.73937,0.73937,100.0,0.73901,0.73901,0.73901,0.73901,33.78
2022-03-04 13:30,0.73900000,0.74180000,0.73900000,0.74170000,860880.00000000,0.74138,0.74248,0.74044,0.74057,2499.0339171,0.7406,0.74121,0.74049,0.74049,2129.98074839
2022-03-04 13:31,0.74160000,0.74190000,0.74070000,0.74140000,376743.00000000,0.74223,0.74223,0.74223,0.74223,50.0,,,,,0.0
2022-03-04 13:32,0.74140000,0.74320000,0.74140000,0.74240000,716741.00000000,0.74295,0.74347,0.7427,0.74323,8689.01714637,0.74172,0.743,0.74172,0.74257,1050.75841863
2022-03-04 13:33,0.74240000,0.74270000,0.74130000,0.74200000,218731.00000000,0.74323,0.74335,0.74159,0.74299,471.681892,0.7415,0.74171,0.7415,0.74171,2033.06136497
2022-03-04 13:34,0.74200000,0.74200000,0.74010000,0.74010000,205815.00000000,0.7425,0.74251,0.74114,0.74137,5771.25218888,0.74169,0.74169,0.74169,0.74169,789.97815
2022-03-04 13:35,0.74010000,0.74040000,0.73620000,0.73620000,620532.00000000,0.74058,0.74112,0.73629,0.73717,15016.28848329,0.73936,0.73936,0.73714,0.73714,317.22377368
2022-03-04 13:36,0.73620000,0.73760000,0.73490000,0.73710000,895965.00000000,0.73557,0.7382,0.73495,0.7382,1634.6386931,0.7361,0.73722,0.73603,0.73713,1104.52143494
2022-03-04 13:37,0.73710000,0.73830000,0.73700000,0.73780000,169475.00000000,0.73833,0.73843,0.73819,0.73819,908.78552,,,,,0.0
2022-03-04 13:38,0.73780000,0.73790000,0.73690000,0.73730000,147624.00000000,0.73751,0.73751,0.73751,0.73751,50.0,0.73792,0.73792,0.7377,0.7377,44.73842951
2022-03-04 13:39,0.73730000,0.73850000,0.73690000,0.73840000,203292.00000000,0.73794,0.73794,0.73714,0.73778,134.0,,,,,0.0
2022-03-04 13:40,0.73850000,0.73990000,0.73850000,0.73920000,177978.00000000,0.73887,0.73993,0.73887,0.73993,100.0,0.73901,0.73965,0.73901,0.73965,224.34699243
2022-03-04 13:41,0.73930000,0.74000000,0.73920000,0.73940000,86660.00000000,0.74006,0.74059,0.74006,0.74019,1118.000244,,,,,0.0
2022-03-04 13:42,0.73950000,0.73950000,0.73860000,0.73920000,145534.00000000,0.73932,0.73977,0.73932,0.7395,622.020058,,,,,0.0
2022-03-04 13:43,0.73920000,0.73920000,0.73800000,0.73850000,254750.00000000,0.73952,0.73952,0.73858,0.73943,189.889346,0.73924,0.73924,0.73853,0.73853,3167.18819
2022-03-04 13:44,0.73870000,0.73910000,0.73840000,0.73840000,39453.00000000,,,,,,,,,,0.0
2022-03-04 13:45,0.73830000,0.73990000,0.73820000,0.73950000,169904.00000000,0.7402,0.74023,0.7402,0.74023,50.0,0.739,0.739,0.739,0.739,10000.0
2022-03-04 13:46,0.73950000,0.73960000,0.73840000,0.73860000,156344.00000000,0.74012,0.74012,0.74012,0.74012,35.986368,,,,,0.0
2022-03-04 13:47,0.73860000,0.73910000,0.73810000,0.73860000,90851.00000000,0.73889,0.73889,0.73881,0.73881,136.041361,,,,,0.0
2022-03-04 13:48,0.73870000,0.73880000,0.73820000,0.73860000,132449.00000000,0.73866,0.73917,0.73866,0.73917,84.603947,,,,,0.0
2022-03-04 13:49,0.73850000,0.73910000,0.73840000,0.73840000,113349.00000000,0.73925,0.7394,0.73925,0.73926,1550.0,,,,,0.0
2022-03-04 13:50,0.73830000,0.73910000,0.73810000,0.73910000,96523.00000000,0.7391,0.7395,0.7391,0.73929,1713.0,,,,,0.0
2022-03-04 13:51,0.73920000,0.73920000,0.73820000,0.73850000,128141.00000000,,,,,,0.73911,0.73911,0.73911,0.73911,880.21906291
2022-03-04 13:52,0.73860000,0.73880000,0.73800000,0.73870000,88005.00000000,0.73883,0.73883,0.73849,0.7385,242552.5132031,0.73856,0.73856,0.73856,0.73856,3121.41932797
2022-03-04 13:53,0.73870000,0.73870000,0.73720000,0.73750000,238202.00000000,0.73849,0.73849,0.73775,0.73775,20285.25371959,,,,,0.0
2022-03-04 13:54,0.73750000,0.73760000,0.73690000,0.73750000,262268.00000000,0.73755,0.73798,0.73705,0.73762,3662.469191,0.73713,0.73744,0.73705,0.73744,13195.39426431
2022-03-04 13:55,0.73750000,0.73760000,0.73650000,0.73650000,95502.00000000,0.73754,0.73754,0.73621,0.73621,251987.55957404998,0.73732,0.73732,0.73702,0.73702,998.02515824
2022-03-04 13:56,0.73640000,0.73700000,0.73550000,0.73600000,379896.00000000,0.7363,0.73699,0.73593,0.73651,8663.21208974,,,,,0.0
2022-03-04 13:57,0.73600000,0.73620000,0.73590000,0.73610000,90009.00000000,0.73603,0.73603,0.73599,0.73599,44007.18793911,0.73603,0.73603,0.73603,0.73603,50.91341481
2022-03-04 13:58,0.73620000,0.73640000,0.73590000,0.73610000,145505.00000000,0.736,0.736,0.73596,0.736,224581.3123875,0.73594,0.73601,0.73584,0.73584,7949.6830155
2022-03-04 13:59,0.73610000,0.73650000,0.73600000,0.73650000,103627.00000000,0.736,0.736,0.736,0.736,225101.33969723,0.73603,0.73603,0.73603,0.73603,814.36897952
2022-03-04 14:00,0.73650000,0.73730000,0.73620000,0.73720000,138057.00000000,0.73633,0.73763,0.73629,0.7372,19269.45853961,0.73603,0.73603,0.73603,0.73603,31646.16162567
2022-03-04 14:01,0.73720000,0.73800000,0.73720000,0.73760000,589968.00000000,0.73802,0.73802,0.73748,0.73764,4171.17600664,,,,,0.0
2022-03-04 14:02,0.73750000,0.73810000,0.73750000,0.73790000,47335.00000000,0.73765,0.73805,0.73765,0.73805,1841.27507403,0.73751,0.73751,0.73751,0.73751,325.49735
2022-03-04 14:03,0.73800000,0.73800000,0.73700000,0.73760000,126327.00000000,0.73832,0.73832,0.73728,0.73728,63.712817,0.73693,0.73693,0.73693,0.73693,5.59842
2022-03-04 14:04,0.73760000,0.73820000,0.73760000,0.73790000,63112.00000000,0.73809,0.73829,0.73809,0.73829,250.0,0.738,0.738,0.738,0.738,52.0
2022-03-04 14:05,0.73790000,0.73840000,0.73690000,0.73700000,113540.00000000,0.73773,0.73878,0.73773,0.73877,586.062416,0.73748,0.73748,0.73748,0.73748,613.41494778
2022-03-04 14:06,0.73690000,0.73700000,0.73580000,0.73620000,98315.00000000,0.73751,0.73751,0.73585,0.73668,3349.765178,0.73695,0.73696,0.73596,0.73603,12573.749659730001
2022-03-04 14:07,0.73630000,0.73630000,0.73460000,0.73460000,171614.00000000,0.73647,0.73647,0.73474,0.73518,1086.165711,0.73518,0.73518,0.73518,0.73518,323.35353754
2022-03-04 14:08,0.73470000,0.73480000,0.73300000,0.73310000,323830.00000000,0.73477,0.73477,0.73316,0.73316,1651.128087,0.73493,0.73493,0.73274,0.73274,27108.25760296
2022-03-04 14:09,0.73310000,0.73460000,0.73300000,0.73400000,254008.00000000,0.73372,0.73498,0.73372,0.73404,1316.11681319,0.73394,0.73394,0.73394,0.73394,487.896
2022-03-04 14:10,0.73390000,0.73550000,0.73380000,0.73480000,194658.00000000,0.73491,0.73596,0.73491,0.7357,29180.68501,0.73388,0.73491,0.73329,0.73491,41418.43884322
2022-03-04 14:11,0.73470000,0.73490000,0.73390000,0.73460000,99341.00000000,0.73413,0.73482,0.73413,0.73482,20050.0,,,,,0.0
2022-03-04 14:12,0.73450000,0.73460000,0.73410000,0.73440000,98932.00000000,0.735,0.73508,0.73459,0.73508,1090.368115,,,,,0.0
2022-03-04 14:13,0.73440000,0.73480000,0.73380000,0.73380000,96484.00000000,0.73481,0.73499,0.73481,0.73484,119.850679,,,,,0.0
2022-03-04 14:14,0.73390000,0.73420000,0.73380000,0.73420000,148451.00000000,0.73416,0.73416,0.73415,0.73415,150.0,,,,,0.0
2022-03-04 14:15,0.73410000,0.73420000,0.73260000,0.73280000,233512.00000000,0.73475,0.73475,0.73275,0.73275,17237.44156264,0.73426,0.73427,0.73313,0.73323,10498.01657929
2022-03-04 14:16,0.73290000,0.73340000,0.72930000,0.73120000,1253287.00000000,0.73296,0.73332,0.72975,0.73114,72839.72515783,0.73272,0.73272,0.72989,0.73083,37766.49874881
2022-03-04 14:17,0.73130000,0.73380000,0.72970000,0.73370000,819210.00000000,0.73072,0.73404,0.72983,0.73303,21831.69873982,0.73065,0.73116,0.73065,0.73116,16215.21714077
2022-03-04 14:18,0.73390000,0.73750000,0.73370000,0.73530000,627060.00000000,0.73381,0.73775,0.73381,0.73593,10348.27714927,0.73411,0.73713,0.73411,0.73537,14625.83102184
2022-03-04 14:19,0.73520000,0.73520000,0.73150000,0.73150000,307832.00000000,0.73521,0.73521,0.73201,0.73201,536.304097,0.7326,0.7326,0.7326,0.7326,954.49464273
2022-03-04 14:20,0.73140000,0.73320000,0.73130000,0.73270000,454196.00000000,0.73236,0.73378,0.73236,0.73282,1985.319378,,,,,0.0
2022-03-04 14:21,0.73260000,0.73470000,0.73240000,0.73470000,156463.00000000,0.73423,0.73546,0.73423,0.73546,135.52902699999999,,,,,0.0
2022-03-04 14:22,0.73460000,0.73630000,0.73400000,0.73620000,197566.00000000,0.73537,0.73657,0.73421,0.73657,12707.4966424,,,,,0.0
2022-03-04 14:23,0.73620000,0.73620000,0.73530000,0.73580000,344498.00000000,0.73617,0.73618,0.73617,0.73618,50.0,0.73535,0.73535,0.73535,0.73535,2406.77619039
2022-03-04 14:24,0.73570000,0.73610000,0.73510000,0.73540000,157411.00000000,0.73645,0.73677,0.73602,0.73677,409.594886,0.73578,0.73578,0.73578,0.73578,884.20276657
2022-03-04 14:25,0.73540000,0.73680000,0.73490000,0.73680000,187452.00000000,0.73543,0.73742,0.73543,0.73742,1014.3505,,,,,0.0
2022-03-04 14:26,0.73680000,0.73680000,0.73530000,0.73530000,205770.00000000,0.7371,0.7371,0.73643,0.73643,2775.76702918,,,,,0.0
2022-03-04 14:27,0.73540000,0.73640000,0.73520000,0.73570000,242869.00000000,0.73697,0.73697,0.73697,0.73697,300.0,,,,,0.0
2022-03-04 14:28,0.73580000,0.73650000,0.73550000,0.73640000,186662.00000000,0.737,0.737,0.73699,0.737,572.302397,,,,,0.0
2022-03-04 14:29,0.73640000,0.73710000,0.73620000,0.73660000,316587.00000000,0.737,0.737,0.73627,0.73627,2962.6152629999997,,,,,0.0
2022-03-04 14:30,0.73650000,0.73920000,0.73650000,0.73750000,502818.00000000,0.73825,0.73935,0.73825,0.73878,15849.79927221,0.73727,0.73911,0.73727,0.738,27187.438512760004
2022-03-04 14:31,0.73760000,0.73770000,0.73610000,0.73610000,362481.00000000,0.73784,0.73843,0.73689,0.73689,2456.223418,0.73763,0.73763,0.73709,0.73709,8053.068163579999
2022-03-04 14:32,0.73620000,0.73660000,0.73550000,0.73550000,306686.00000000,0.73696,0.73737,0.73604,0.73604,1000.0,0.73606,0.73606,0.7353,0.7353,102.27803411
2022-03-04 14:33,0.73560000,0.73570000,0.73410000,0.73490000,248584.00000000,0.73629,0.73636,0.73452,0.73575,375.876024,0.73446,0.73446,0.73446,0.73446,33.82672
2022-03-04 14:34,0.73480000,0.73550000,0.73460000,0.73520000,125011.00000000,0.73589,0.73589,0.73556,0.73556,3091.82993834,,,,,0.0
2022-03-04 14:35,0.73510000,0.73730000,0.73510000,0.73720000,302420.00000000,0.73722,0.73764,0.73666,0.73764,10996.33901022,0.73714,0.73741,0.73714,0.73741,70000.0
2022-03-04 14:36,0.73730000,0.73770000,0.73680000,0.73710000,152534.00000000,0.73785,0.73796,0.73777,0.73783,1028.154164,,,,,0.0
2022-03-04 14:37,0.73720000,0.73820000,0.73720000,0.73790000,152645.00000000,0.73823,0.73886,0.73768,0.73839,700.0,0.73844,0.73884,0.73844,0.73884,120000.0
2022-03-04 14:38,0.73780000,0.73790000,0.73690000,0.73740000,169727.00000000,0.73846,0.73846,0.73768,0.73768,488.86789,0.73767,0.73767,0.73767,0.73767,881.93733185
2022-03-04 14:39,0.73740000,0.73740000,0.73600000,0.73660000,119262.00000000,0.73655,0.7374,0.73631,0.73669,450.0,,,,,0.0
2022-03-04 14:40,0.73650000,0.73660000,0.73550000,0.73580000,120102.00000000,0.73653,0.73672,0.73625,0.73625,235.23346,0.73583,0.73583,0.73563,0.73563,2521.1211908
2022-03-04 14:41,0.73570000,0.73580000,0.73490000,0.73550000,155666.00000000,0.73595,0.73624,0.73573,0.73624,250.0,0.73548,0.73548,0.73547,0.73547,4478.842402820001
2022-03-04 14:42,0.73550000,0.73550000,0.73420000,0.73490000,131546.00000000,0.73541,0.73541,0.73478,0.73478,100.0,0.73526,0.73526,0.73526,0.73526,9929.55766437
2022-03-04 14:43,0.73490000,0.73510000,0.73470000,0.73490000,74121.00000000,0.73506,0.73557,0.73506,0.73543,186.221253,,,,,0.0
2022-03-04 14:44,0.73490000,0.73530000,0.73380000,0.73400000,138837.00000000,0.73556,0.73603,0.73432,0.73432,958.4114975,0.73521,0.73521,0.73407,0.73413,2999.7240891
2022-03-04 14:45,0.73410000,0.73440000,0.73280000,0.73280000,186944.00000000,0.73439,0.73439,0.73345,0.73345,251.34747456,0.73453,0.73453,0.73365,0.73365,30139.05636659
2022-03-04 14:46,0.73280000,0.73280000,0.73090000,0.73120000,516825.00000000,0.73263,0.73268,0.73109,0.73109,22613.090319439998,0.73272,0.73272,0.73162,0.73172,3252.94278241
2022-03-04 14:47,0.73110000,0.73270000,0.73080000,0.73120000,412212.00000000,0.73079,0.73332,0.73079,0.73323,119.613539,,,,,0.0
2022-03-04 14:48,0.73130000,0.73130000,0.72820000,0.72900000,1738708.00000000,0.73126,0.73126,0.72815,0.73023,23801.89365546,0.73087,0.73087,0.72869,0.72869,13615.21766021
2022-03-04 14:49,0.72910000,0.73020000,0.72870000,0.72910000,439166.00000000,0.72985,0.72989,0.72911,0.72972,4126.9587,0.73023,0.73062,0.72984,0.72984,25025.0
2022-03-04 14:50,0.72910000,0.73180000,0.72870000,0.72980000,635320.00000000,0.72942,0.73042,0.72942,0.73042,250.0,0.72899,0.73183,0.72899,0.73029,10691.78746288
2022-03-04 14:51,0.72980000,0.73040000,0.72910000,0.72980000,522978.00000000,0.73044,0.73044,0.73044,0.73044,142.55021,0.72963,0.73007,0.72963,0.73007,91.34362
2022-03-04 14:52,0.72980000,0.73010000,0.72900000,0.72950000,373758.00000000,0.72925,0.72977,0.72925,0.72941,200.0,0.72994,0.72994,0.72985,0.72985,374.05546999999996
2022-03-04 14:53,0.72950000,0.73020000,0.72900000,0.73010000,414759.00000000,0.72991,0.72996,0.72929,0.72963,400.0,0.73003,0.73003,0.73003,0.73003,272.75
2022-03-04 14:54,0.73010000,0.73020000,0.72880000,0.72880000,163287.00000000,0.73019,0.73019,0.72953,0.73018,5186.492088,,,,,0.0
2022-03-04 14:55,0.72890000,0.73130000,0.72880000,0.73130000,915762.00000000,0.72922,0.73076,0.72922,0.73076,7481.95311197,0.72977,0.72977,0.72977,0.72977,10169.64150523
2022-03-04 14:56,0.73130000,0.73150000,0.73030000,0.73030000,521842.00000000,0.73149,0.73174,0.73112,0.73136,2107.21300732,,,,,0.0
2022-03-04 14:57,0.73030000,0.73140000,0.73020000,0.73090000,150234.00000000,0.73106,0.73186,0.73106,0.73186,257.0865286,0.7312,0.7312,0.7312,0.7312,14.70033
2022-03-04 14:58,0.73100000,0.73350000,0.73100000,0.73250000,573188.00000000,0.73186,0.73399,0.73186,0.73329,22218.4888146,0.73283,0.73342,0.73283,0.7334,14312.0
2022-03-04 14:59,0.73240000,0.73520000,0.73240000,0.73380000,373755.00000000,0.73428,0.73588,0.73428,0.73515,1298.7274855,0.73395,0.73395,0.73395,0.73395,51.29743293
2022-03-04 15:00,0.73380000,0.73590000,0.73300000,0.73400000,728683.00000000,0.73392,0.73629,0.73392,0.734,7041.28142049,0.73481,0.73558,0.73481,0.73558,250.24219136
2022-03-04 15:01,0.73420000,0.73540000,0.73290000,0.73310000,489960.00000000,0.73615,0.73615,0.73343,0.7338,7319.1564441,,,,,0.0
2022-03-04 15:02,0.73310000,0.73340000,0.73180000,0.73220000,461656.00000000,0.73297,0.73359,0.73297,0.73359,595.286002,0.73318,0.73318,0.73268,0.73268,1230.00077659
2022-03-04 15:03,0.73230000,0.73270000,0.73150000,0.73150000,222920.00000000,0.7328,0.7328,0.73172,0.73172,1970.14625718,,,,,0.0
2022-03-04 15:04,0.73160000,0.73280000,0.73120000,0.73140000,192076.00000000,0.73172,0.73325,0.73141,0.73215,6004.338595,0.73208,0.73208,0.73087,0.73087,3327.59285309
2022-03-04 15:05,0.73140000,0.73180000,0.73070000,0.73120000,269006.00000000,0.73242,0.73242,0.73125,0.73173,1551.325502,,,,,0.0
2022-03-04 15:06,0.73120000,0.73170000,0.72980000,0.73110000,439552.00000000,0.73189,0.73219,0.73077,0.7308,1835.1204127400001,0.73148,0.73168,0.73148,0.73168,607.54521
2022-03-04 15:07,0.73110000,0.73140000,0.73040000,0.73100000,208047.00000000,0.732,0.73201,0.73125,0.73125,100.0,0.73095,0.73095,0.73095,0.73095,62.02385836
2022-03-04 15:08,0.73090000,0.73180000,0.73090000,0.73170000,92530.00000000,0.73133,0.73201,0.73125,0.73201,185.645159,,,,,0.0
2022-03-04 15:09,0.73160000,0.73220000,0.73160000,0.73160000,215479.00000000,0.73201,0.73276,0.73201,0.73232,2035.93869965,,,,,0.0
2022-03-04 15:10,0.73160000,0.73190000,0.73030000,0.73060000,167982.00000000,0.73249,0.73249,0.73206,0.73207,100.0,0.73186,0.73186,0.7308,0.7308,1091.38204728
2022-03-04 15:11,0.73050000,0.73050000,0.72960000,0.73050000,331545.00000000,0.73077,0.73099,0.73023,0.7308,2342.5969714,0.73052,0.73052,0.73021,0.73021,735.31912442
2022-03-04 15:12,0.73050000,0.73100000,0.72880000,0.73040000,408033.00000000,0.73114,0.73114,0.72923,0.73061,1495.40911102,0.73073,0.73073,0.72941,0.72941,21184.24725958
2022-03-04 15:13,0.73040000,0.73090000,0.72970000,0.73060000,252247.00000000,0.73054,0.73091,0.73054,0.73091,2038.73484086,0.73065,0.73065,0.73019,0.73019,4436.254580299999
2022-03-04 15:14,0.73060000,0.73190000,0.73060000,0.73140000,256304.00000000,0.73123,0.73239,0.73085,0.73239,4601.47704597,0.73178,0.73178,0.73178,0.73178,1111.55186
2022-03-04 15:15,0.73130000,0.73330000,0.73100000,0.73220000,455028.00000000,0.73161,0.73369,0.73143,0.73261,5438.5896443500005,0.73285,0.73319,0.73285,0.73319,196.21966999999998
2022-03-04 15:16,0.73220000,0.73290000,0.73100000,0.73100000,139458.00000000,0.73295,0.73295,0.73247,0.73247,2087.77369896,0.73265,0.73265,0.73191,0.73191,1436.86259633
2022-03-04 15:17,0.73100000,0.73100000,0.72870000,0.72890000,477256.00000000,0.73074,0.73074,0.72933,0.72994,15349.21478338,0.73133,0.73133,0.72942,0.72943,1278.5377851
2022-03-04 15:18,0.72900000,0.73060000,0.72800000,0.72980000,790679.00000000,0.72922,0.73075,0.72922,0.73048,11991.43609068,0.72942,0.72942,0.72919,0.72919,1371.47549935
2022-03-04 15:19,0.72980000,0.73030000,0.72850000,0.72920000,945998.00000000,0.73049,0.73049,0.72923,0.7294,4805.5678342,0.72936,0.72936,0.72936,0.72936,959.2855771
2022-03-04 15:20,0.72930000,0.72970000,0.72810000,0.72840000,235386.00000000,0.72906,0.72918,0.72844,0.72865,1547.07003425,0.72884,0.72884,0.7288,0.7288,1425.42413783
2022-03-04 15:21,0.72840000,0.73050000,0.72840000,0.73050000,300482.00000000,0.72938,0.73128,0.72938,0.7308,2149.11921839,0.73013,0.73013,0.72991,0.72991,70515.00560455
2022-03-04 15:22,0.73050000,0.73230000,0.73050000,0.73130000,345573.00000000,0.73128,0.73296,0.73128,0.73232,21268.55247376,0.72991,0.73056,0.72991,0.73054,134766.52355037
2022-03-04 15:23,0.73120000,0.73220000,0.73110000,0.73160000,195664.00000000,0.73183,0.73285,0.73183,0.73263,3819.9125047999996,0.73168,0.73168,0.73137,0.73137,86830.20883754
2022-03-04 15:24,0.73160000,0.73200000,0.73120000,0.73160000,168131.00000000,0.73233,0.73276,0.73233,0.73236,520.0,0.73137,0.73137,0.73137,0.73137,52.639
2022-03-04 15:25,0.73150000,0.73400000,0.73010000,0.73240000,2533901.00000000,0.73222,0.73288,0.73169,0.73288,70335.18987066,0.73137,0.73224,0.73136,0.73215,16271.19189621
2022-03-04 15:26,0.73240000,0.73460000,0.73230000,0.73350000,1034031.00000000,0.73307,0.73485,0.73307,0.73485,2692.5527694800003,0.73285,0.73501,0.73285,0.73501,20051.374791899998
2022-03-04 15:27,0.73360000,0.73400000,0.73280000,0.73300000,260002.00000000,0.73341,0.73407,0.73341,0.73382,150.0,0.7334,0.7334,0.7334,0.7334,165.0
2022-03-04 15:28,0.73310000,0.73350000,0.73230000,0.73340000,398505.00000000,0.73337,0.7336,0.73336,0.7336,876.72873122,0.73244,0.73244,0.73244,0.73244,196.21967
2022-03-04 15:29,0.73340000,0.73380000,0.73220000,0.73240000,171814.00000000,0.73383,0.73383,0.73265,0.73265,1199.97118218,,,,,0.0
2022-03-04 15:30,0.73240000,0.73250000,0.73130000,0.73130000,289089.00000000,,,,,,0.73168,0.73168,0.73168,0.73168,682.65682656
2022-03-04 15:31,0.73140000,0.73150000,0.73020000,0.73020000,176469.00000000,0.73151,0.73151,0.73094,0.73094,350.0,0.73132,0.73132,0.7307,0.7307,12230.11841943
2022-03-04 15:32,0.73030000,0.73070000,0.73010000,0.73050000,80507.00000000,0.73061,0.73135,0.73061,0.73135,200.0,0.73052,0.73057,0.73045,0.73057,879.5340307700001
2022-03-04 15:33,0.73050000,0.73100000,0.72830000,0.73070000,1383852.00000000,0.73074,0.73074,0.7297,0.73039,29283.15925509,,,,,0.0
2022-03-04 15:34,0.73080000,0.73080000,0.72970000,0.73040000,157628.00000000,0.73028,0.73112,0.73028,0.73112,1992.23134,,,,,0.0
2022-03-04 15:35,0.73040000,0.73120000,0.73000000,0.73090000,259466.00000000,0.73108,0.73128,0.73108,0.73128,248.38814995,,,,,0.0
2022-03-04 15:36,0.73090000,0.73220000,0.73090000,0.73220000,217611.00000000,0.73162,0.73283,0.73162,0.73283,3657.76183,0.73125,0.73125,0.73125,0.73125,287.723242
2022-03-04 15:37,0.73230000,0.73280000,0.73160000,0.73190000,177335.00000000,0.73344,0.73344,0.73249,0.73249,37.654275,,,,,0.0
2022-03-04 15:38,0.73200000,0.73220000,0.73060000,0.73070000,260818.00000000,0.7318,0.7318,0.7318,0.7318,500.0,0.731,0.73104,0.73074,0.73074,5287.96806569
2022-03-04 15:39,0.73080000,0.73150000,0.73000000,0.73010000,255515.00000000,0.73151,0.73153,0.73111,0.73111,37834.55594591,,,,,0.0
2022-03-04 15:40,0.73000000,0.73150000,0.72950000,0.73010000,473452.00000000,0.73033,0.73124,0.73033,0.73091,19032.8297094,0.73021,0.73035,0.73021,0.73035,4103.551623060001
2022-03-04 15:41,0.73000000,0.73040000,0.72980000,0.72980000,160903.00000000,0.73079,0.7309,0.7306,0.7309,1269.3069189999999,0.73017,0.73028,0.72985,0.73028,2121.88228103
2022-03-04 15:42,0.72990000,0.73000000,0.72910000,0.72940000,53347.00000000,0.72995,0.72995,0.72995,0.72995,36.493553,,,,,0.0
2022-03-04 15:43,0.72930000,0.72980000,0.72850000,0.72910000,205954.00000000,0.72925,0.73011,0.72925,0.72976,415.622824,0.72942,0.72942,0.72893,0.72893,96.07292393
2022-03-04 15:44,0.72910000,0.72980000,0.72900000,0.72940000,76308.00000000,0.72988,0.72995,0.72985,0.72985,784.7,0.72941,0.73039,0.72938,0.73037,274199.36354116
2022-03-04 15:45,0.72950000,0.72970000,0.72890000,0.72960000,253813.00000000,0.72966,0.72979,0.72966,0.72979,785.2,0.72999,0.73105,0.72971,0.73105,616503.11512655
2022-03-04 15:46,0.72970000,0.73040000,0.72960000,0.73040000,105120.00000000,0.73081,0.73137,0.7308,0.73116,6700.0,0.73011,0.73205,0.73011,0.73205,616126.19229709
2022-03-04 15:47,0.73040000,0.73080000,0.72980000,0.73080000,377217.00000000,0.73118,0.73131,0.73053,0.73053,2761.5220480000003,,,,,0.0
2022-03-04 15:48,0.73080000,0.73190000,0.73060000,0.73120000,211468.00000000,0.73146,0.73253,0.73114,0.73253,672.339087,,,,,0.0
2022-03-04 15:49,0.73120000,0.73130000,0.73070000,0.73070000,81719.00000000,0.73164,0.73201,0.73158,0.73158,227.738547,,,,,0.0
2022-03-04 15:50,0.73090000,0.73100000,0.73030000,0.73080000,105954.00000000,0.73127,0.7318,0.73087,0.7318,1864.044206,0.73093,0.73093,0.73093,0.73093,8178.0
2022-03-04 15:51,0.73100000,0.73160000,0.73080000,0.73160000,102915.00000000,0.73214,0.73238,0.73214,0.73233,186.38004,,,,,0.0
2022-03-04 15:52,0.73160000,0.73290000,0.73160000,0.73230000,315568.00000000,0.73239,0.73394,0.73239,0.73394,932.35021397,0.73207,0.73438,0.73207,0.73297,627963.46476043
2022-03-04 15:53,0.73230000,0.73280000,0.73230000,0.73260000,215873.00000000,0.73342,0.73354,0.73279,0.73279,3487.416833,,,,,0.0
2022-03-04 15:54,0.73250000,0.73440000,0.73210000,0.73430000,490889.00000000,0.73321,0.73436,0.73311,0.73436,25510.76035734,0.73288,0.73508,0.73257,0.73508,636938.90955232
2022-03-04 15:55,0.73430000,0.73450000,0.73310000,0.73330000,518503.00000000,0.73475,0.73528,0.73424,0.73424,601.72275096,0.73436,0.73682,0.73386,0.73396,212467.50156869
2022-03-04 15:56,0.73320000,0.73340000,0.73290000,0.73310000,116807.00000000,0.73427,0.73427,0.73345,0.73377,1578.13926526,0.73393,0.73393,0.73364,0.73364,8943.35854
2022-03-04 15:57,0.73300000,0.73370000,0.73290000,0.73360000,96865.00000000,0.73404,0.7341,0.73373,0.73373,1582.309986,0.73379,0.73379,0.73379,0.73379,5101.43228987
2022-03-04 15:58,0.73370000,0.73390000,0.73250000,0.73270000,1282739.00000000,0.73399,0.73399,0.73355,0.73355,7485.66763881,0.73397,0.73397,0.73367,0.73367,8203.10000279
2022-03-04 15:59,0.73260000,0.73300000,0.73260000,0.73270000,78393.00000000,0.73314,0.73364,0.73314,0.73314,192.311207,0.73301,0.73301,0.73301,0.73301,261.37245
2022-03-04 16:00,0.73270000,0.73370000,0.73190000,0.73340000,369259.00000000,0.73332,0.7334,0.73269,0.7334,795.6300990999999,0.73308,0.73348,0.73254,0.73348,37357.52777395
2022-03-04 16:01,0.73320000,0.73340000,0.73260000,0.73340000,215149.00000000,0.73425,0.73425,0.73319,0.73319,1050.2242388700001,0.73329,0.73329,0.73329,0.73329,77.057
2022-03-04 16:02,0.73350000,0.73360000,0.73050000,0.73080000,274617.00000000,0.73425,0.73425,0.73099,0.73119,7687.54914732,0.7333,0.7333,0.73107,0.73107,34490.02606272
2022-03-04 16:03,0.73090000,0.73100000,0.72990000,0.73070000,324709.00000000,0.73138,0.73138,0.73028,0.73133,1788.1335060000001,0.73057,0.73089,0.73055,0.73089,9386.46403077
2022-03-04 16:04,0.73070000,0.73100000,0.72940000,0.73000000,431482.00000000,0.73092,0.73092,0.7299,0.7299,200.0,0.73052,0.73052,0.73052,0.73052,51.29743293
2022-03-04 16:05,0.73020000,0.73430000,0.72960000,0.73320000,1173671.00000000,0.73083,0.734,0.73024,0.73352,20930.81741255,0.73038,0.73394,0.73001,0.73341,16807.91307084
2022-03-04 16:06,0.73310000,0.73390000,0.73170000,0.73240000,508605.00000000,0.7339,0.73391,0.73225,0.73225,940.89121914,,,,,0.0
2022-03-04 16:07,0.73230000,0.73240000,0.73080000,0.73110000,514769.00000000,0.73288,0.73288,0.73231,0.73231,3828.91387343,0.73219,0.73219,0.73219,0.73219,14.38128553
2022-03-04 16:08,0.73110000,0.73210000,0.73100000,0.73210000,130452.00000000,,,,,,0.73116,0.73349,0.73116,0.73349,409964.96319681
2022-03-04 16:09,0.73200000,0.73250000,0.73170000,0.73170000,240412.00000000,0.73287,0.7329,0.73287,0.7329,949.835549,0.73208,0.73478,0.73193,0.73478,614213.17758873
2022-03-04 16:10,0.73170000,0.73170000,0.73020000,0.73070000,390950.00000000,0.73178,0.7319,0.73074,0.73111,9188.76863199,0.73198,0.7329,0.73123,0.73123,163088.0920843
2022-03-04 16:11,0.73080000,0.73080000,0.73000000,0.73060000,230547.00000000,0.73105,0.7312,0.73044,0.73052,760.0,0.7309,0.73091,0.7309,0.73091,486.82141
2022-03-04 16:12,0.73060000,0.73160000,0.73020000,0.73150000,387103.00000000,0.73128,0.73128,0.73128,0.73128,121.45446996,0.73142,0.73142,0.73142,0.73142,12000.0
2022-03-04 16:13,0.73140000,0.73420000,0.73140000,0.73410000,704115.00000000,0.73188,0.73484,0.73188,0.73484,1990.51047234,,,,,0.0
2022-03-04 16:14,0.73410000,0.73610000,0.73410000,0.73610000,1170525.00000000,0.73557,0.73699,0.73463,0.73685,2458.0,0.73506,0.73538,0.73505,0.7352,3315.57885447
2022-03-04 16:15,0.73600000,0.73600000,0.73490000,0.73550000,805881.00000000,0.73679,0.73679,0.73518,0.73518,1850.0,0.73613,0.73627,0.73538,0.73561,14643.19518287
2022-03-04 16:16,0.73550000,0.73720000,0.73530000,0.73700000,423638.00000000,0.73636,0.73793,0.73636,0.7372,1004.4199239400001,0.73592,0.73592,0.73592,0.73592,300.0
2022-03-04 16:17,0.73710000,0.73780000,0.73640000,0.73780000,671598.00000000,0.73769,0.73856,0.73756,0.73856,1109.030878,0.73723,0.73727,0.73723,0.73727,133.18901062999998
2022-03-04 16:18,0.73780000,0.73830000,0.73730000,0.73750000,445494.00000000,0.73812,0.73881,0.73804,0.73881,254.04017827,0.73759,0.73818,0.73759,0.73805,20283.61446693
2022-03-04 16:19,0.73750000,0.73750000,0.73630000,0.73640000,769781.00000000,0.73816,0.73816,0.73691,0.73691,350.0,0.7378,0.7378,0.7376,0.7376,12245.49873631
2022-03-04 16:20,0.73630000,0.73650000,0.73570000,0.73640000,263353.00000000,0.73659,0.73682,0.73659,0.73682,13381.8228284,,,,,0.0
2022-03-04 16:21,0.73640000,0.73670000,0.73510000,0.73520000,248867.00000000,0.73656,0.73656,0.73559,0.73559,650.0,0.73628,0.73628,0.7358,0.7358,10276.0605412
2022-03-04 16:22,0.73520000,0.73560000,0.73510000,0.73520000,231874.00000000,,,,,,,,,,0.0
2022-03-04 16:23,0.73520000,0.73590000,0.73480000,0.73560000,489476.00000000,0.7355,0.73618,0.7355,0.73618,2843.6181109999998,0.7352,0.73609,0.7352,0.73609,5755.29572
2022-03-04 16:24,0.73560000,0.73590000,0.73520000,0.73540000,116519.00000000,,,,,,0.73537,0.73537,0.73537,0.73537,200.0
2022-03-04 16:25,0.73530000,0.73530000,0.73480000,0.73480000,167951.00000000,0.73546,0.73581,0.73521,0.73581,1184.73264483,,,,,0.0
2022-03-04 16:26,0.73490000,0.73540000,0.73460000,0.73500000,895258.00000000,0.73544,0.73571,0.73541,0.73571,4781.14057668,,,,,0.0
2022-03-04 16:27,0.73500000,0.73530000,0.73470000,0.73510000,176281.00000000,0.73581,0.73595,0.73531,0.73595,636.0040750000001,,,,,0.0
2022-03-04 16:28,0.73520000,0.73590000,0.73460000,0.73550000,192939.00000000,0.73596,0.73655,0.73596,0.73655,1036.198046,0.7353,0.7353,0.7353,0.7353,32.24242
2022-03-04 16:29,0.73540000,0.73560000,0.73490000,0.73540000,82349.00000000,0.73635,0.73635,0.73635,0.73635,50.0,0.7354,0.7354,0.7354,0.7354,300.0
2022-03-04 16:30,0.73540000,0.73600000,0.73470000,0.73480000,146832.00000000,0.73506,0.73506,0.73506,0.73506,50.0,0.73565,0.73565,0.73565,0.73565,678.34556
2022-03-04 16:31,0.73470000,0.73490000,0.73430000,0.73440000,643883.00000000,0.73513,0.73513,0.73463,0.73506,6331.923702,0.73508,0.73508,0.73508,0.73508,1.73996
2022-03-04 16:32,0.73430000,0.73460000,0.73380000,0.73400000,508504.00000000,0.73462,0.73462,0.7346,0.7346,2023.73137379,0.73423,0.73423,0.73423,0.73423,1185.76093758
2022-03-04 16:33,0.73400000,0.73430000,0.73380000,0.73390000,190503.00000000,0.73478,0.73486,0.73432,0.73485,2461.310217,,,,,0.0
2022-03-04 16:34,0.73390000,0.73480000,0.73390000,0.73470000,179739.00000000,0.73468,0.73537,0.73468,0.73537,4447.596231,,,,,0.0
2022-03-04 16:35,0.73470000,0.73520000,0.73450000,0.73470000,83235.00000000,0.73537,0.73592,0.73474,0.73546,2241.60637684,,,,,0.0
2022-03-04 16:36,0.73480000,0.73580000,0.73440000,0.73570000,181834.00000000,0.73546,0.73569,0.73505,0.73567,8899.37894526,,,,,0.0
2022-03-04 16:37,0.73570000,0.73840000,0.73570000,0.73830000,253826.00000000,0.73683,0.73928,0.73683,0.73928,1436.174476,,,,,0.0
2022-03-04 16:38,0.73840000,0.73880000,0.73790000,0.73800000,221306.00000000,0.73928,0.73973,0.73818,0.7389,8350.0,0.73838,0.73846,0.73838,0.73846,104.86605707999999
2022-03-04 16:39,0.73800000,0.73970000,0.73780000,0.73940000,263315.00000000,0.73871,0.74048,0.7387,0.74048,2162.785816,0.73826,0.73826,0.73826,0.73826,7272.0
2022-03-04 16:40,0.73940000,0.74020000,0.73940000,0.74000000,330500.00000000,0.73988,0.741,0.73988,0.74071,2624.0,0.73949,0.74006,0.73949,0.74006,9017.265574930001
2022-03-04 16:41,0.74010000,0.74020000,0.73900000,0.73920000,487075.00000000,0.74103,0.74103,0.73934,0.74034,4731.2393600000005,0.7403,0.74084,0.73982,0.73982,93973.4316124
2022-03-04 16:42,0.73920000,0.73920000,0.73790000,0.73810000,266194.00000000,0.74002,0.74002,0.73808,0.73897,19884.221418,0.7395,0.7395,0.73843,0.73843,10145.98022366
2022-03-04 16:43,0.73810000,0.73870000,0.73780000,0.73830000,178194.00000000,0.73842,0.7392,0.73842,0.73899,7158.3645172100005,0.73876,0.73876,0.73876,0.73876,452.49382797
2022-03-04 16:44,0.73840000,0.73850000,0.73790000,0.73850000,55555.00000000,0.73915,0.7392,0.73874,0.7392,400.0,,,,,0.0
2022-03-04 16:45,0.73850000,0.73900000,0.73820000,0.73880000,203168.00000000,0.7392,0.73964,0.73901,0.73955,1837.99837447,0.73877,0.73877,0.73877,0.73877,250.0
2022-03-04 16:46,0.73880000,0.73950000,0.73880000,0.73940000,81714.00000000,0.73964,0.74031,0.73961,0.74031,536.015529,0.73959,0.73959,0.73959,0.73959,475.7568323
2022-03-04 16:47,0.73940000,0.73960000,0.73880000,0.73890000,184023.00000000,0.73975,0.74033,0.73963,0.73963,350.0,,,,,0.0
2022-03-04 16:48,0.73890000,0.73930000,0.73880000,0.73910000,130328.00000000,0.73986,0.74008,0.73966,0.73976,1045.390166,,,,,0.0
2022-03-04 16:49,0.73900000,0.73900000,0.73810000,0.73830000,64614.00000000,0.73909,0.73966,0.73901,0.73928,300.0,,,,,0.0
2022-03-04 16:50,0.73840000,0.73840000,0.73770000,0.73790000,36116.00000000,0.73919,0.73919,0.73838,0.73868,405.775062,,,,,0.0
2022-03-04 16:51,0.73780000,0.73780000,0.73680000,0.73690000,157410.00000000,0.73852,0.73852,0.73725,0.73771,2100.0,0.738,0.738,0.73788,0.73788,9373.0
2022-03-04 16:52,0.73680000,0.73710000,0.73670000,0.73690000,78169.00000000,0.73725,0.73797,0.73721,0.73787,1100.0,,,,,0.0
2022-03-04 16:53,0.73700000,0.73770000,0.73690000,0.73730000,411188.00000000,0.73791,0.73837,0.73791,0.73837,7010.99820534,0.73742,0.73742,0.73742,0.73742,680.0
2022-03-04 16:54,0.73730000,0.73810000,0.73700000,0.73800000,107003.00000000,0.73822,0.73853,0.73798,0.73853,586.102907,0.73763,0.73779,0.73763,0.73779,1400.398
2022-03-04 16:55,0.73790000,0.73850000,0.73790000,0.73790000,79618.00000000,0.73877,0.7391,0.73877,0.7391,200.0,0.73823,0.73858,0.73823,0.73858,489.99
2022-03-04 16:56,0.73790000,0.73830000,0.73770000,0.73810000,59724.00000000,0.73857,0.73885,0.73833,0.73837,513.26454,,,,,0.0
2022-03-04 16:57,0.73810000,0.73840000,0.73800000,0.73810000,59070.00000000,0.73895,0.73895,0.73864,0.73886,250.0,0.73845,0.73845,0.73845,0.73845,15.00898
2022-03-04 16:58,0.73810000,0.73840000,0.73780000,0.73800000,65023.00000000,0.73886,0.7391,0.73852,0.73852,583.633014,,,,,0.0
2022-03-04 16:59,0.73810000,0.73820000,0.73770000,0.73810000,96707.00000000,0.73898,0.73898,0.73833,0.73885,436.073084,0.73822,0.73822,0.73822,0.73822,568.64210246
2022-03-04 17:00,0.73810000,0.73820000,0.73710000,0.73720000,466623.00000000,0.73895,0.73896,0.73778,0.73778,3958.5795799999996,,,,,0.0
2022-03-04 17:01,0.73730000,0.73740000,0.73580000,0.73640000,215167.00000000,0.7378,0.7378,0.73621,0.7363,1174.6036159999999,0.73714,0.73714,0.73629,0.73629,11373.83674839
2022-03-04 17:02,0.73650000,0.73680000,0.73580000,0.73680000,118298.00000000,0.73721,0.7374,0.73662,0.7374,536.140224,,,,,0.0
2022-03-04 17:03,0.73680000,0.73740000,0.73680000,0.73710000,76840.00000000,0.73723,0.73815,0.73723,0.73815,354.15195,0.73744,0.73744,0.73744,0.73744,433.21290858
2022-03-04 17:04,0.73710000,0.73840000,0.73710000,0.73840000,64558.00000000,0.73753,0.73861,0.73745,0.73861,3400.0,,,,,0.0
2022-03-04 17:05,0.73840000,0.73880000,0.73820000,0.73870000,86084.00000000,0.73867,0.73949,0.73867,0.73938,250.0,,,,,0.0
2022-03-04 17:06,0.73870000,0.73960000,0.73840000,0.73960000,125619.00000000,0.73928,0.74005,0.73928,0.73968,1218.724768,0.7396,0.7396,0.7396,0.7396,3239.0
2022-03-04 17:07,0.73950000,0.73990000,0.73910000,0.73940000,120903.00000000,0.74027,0.74034,0.73996,0.74009,3540.84458,,,,,0.0
2022-03-04 17:08,0.73940000,0.73940000,0.73850000,0.73920000,83959.00000000,0.73881,0.73996,0.73881,0.73996,200.0,0.73931,0.73931,0.73931,0.73931,8173.0
2022-03-04 17:09,0.73930000,0.73980000,0.73880000,0.73910000,257249.00000000,0.73981,0.74019,0.73981,0.74003,800.0,0.73918,0.73918,0.73918,0.73918,53.911646
2022-03-04 17:10,0.73910000,0.74000000,0.73910000,0.73970000,76657.00000000,0.74052,0.7406,0.74052,0.7406,100.0,,,,,0.0
2022-03-04 17:11,0.73970000,0.74040000,0.73970000,0.74020000,194272.00000000,0.74017,0.74125,0.74017,0.74083,3335.21846,0.74,0.74,0.74,0.74,27027.02702702
2022-03-04 17:12,0.74030000,0.74200000,0.74030000,0.74120000,402417.00000000,0.74087,0.74272,0.74087,0.74258,10889.344991,0.7406,0.7406,0.7406,0.7406,50.83674839
2022-03-04 17:13,0.74120000,0.74180000,0.74040000,0.74070000,194077.00000000,0.74219,0.7427,0.74115,0.74115,971.773089,,,,,0.0
2022-03-04 17:14,0.74070000,0.74170000,0.74060000,0.74170000,60603.00000000,0.74153,0.74205,0.74153,0.7417,1050.0,,,,,0.0
2022-03-04 17:15,0.74180000,0.74180000,0.74060000,0.74130000,152436.00000000,0.74229,0.7423,0.74162,0.74186,2487.18908775,0.74155,0.74155,0.74155,0.74155,67.42633671
2022-03-04 17:16,0.74140000,0.74230000,0.74140000,0.74190000,379476.00000000,0.74234,0.74314,0.74234,0.74267,11966.0541,0.74172,0.74187,0.74172,0.74187,132.36966063
2022-03-04 17:17,0.74200000,0.74220000,0.74090000,0.74110000,200517.00000000,0.74223,0.74298,0.74137,0.74137,800.0,0.74198,0.74207,0.74198,0.74207,29179.38808142
2022-03-04 17:18,0.74120000,0.74140000,0.74040000,0.74060000,104505.00000000,0.7419,0.7419,0.7409,0.7409,2771.835478,0.74082,0.74082,0.74082,0.74082,1086.826817
2022-03-04 17:19,0.74050000,0.74050000,0.73990000,0.74000000,71089.00000000,0.74095,0.74112,0.74071,0.74103,235.954409,,,,,0.0
2022-03-04 17:20,0.74010000,0.74060000,0.74000000,0.74030000,126275.00000000,0.741,0.74101,0.74037,0.74037,300.0,,,,,0.0
2022-03-04 17:21,0.74030000,0.74080000,0.74000000,0.74070000,112389.00000000,0.74087,0.74123,0.74084,0.74123,300.0,0.74065,0.74089,0.74065,0.74089,40000.0
2022-03-04 17:22,0.74080000,0.74140000,0.74070000,0.74140000,283523.00000000,0.74145,0.74206,0.74126,0.7418,350.0,0.74089,0.74138,0.74089,0.74138,20054.8034
2022-03-04 17:23,0.74150000,0.74160000,0.74080000,0.74130000,208804.00000000,0.74176,0.74197,0.74166,0.74197,512.047758,,,,,0.0
2022-03-04 17:24,0.74140000,0.74230000,0.74090000,0.74090000,148304.00000000,0.74295,0.74295,0.74147,0.74147,300.0,0.74139,0.74192,0.74139,0.74192,2042.57876907
2022-03-04 17:25,0.74090000,0.74140000,0.74040000,0.74140000,83688.00000000,0.74131,0.74159,0.74123,0.74156,1230.747459,0.74118,0.74152,0.74118,0.74152,40000.0
2022-03-04 17:26,0.74150000,0.74220000,0.74140000,0.74210000,120322.00000000,0.74168,0.74274,0.74168,0.74274,335.892852,,,,,0.0
2022-03-04 17:27,0.74200000,0.74220000,0.74110000,0.74130000,182182.00000000,,,,,,0.74177,0.74177,0.74177,0.74177,943.152
2022-03-04 17:28,0.74130000,0.74140000,0.74100000,0.74140000,94727.00000000,0.74198,0.7422,0.7417,0.74218,385.89865,0.7414,0.7414,0.7414,0.7414,353.8634075
2022-03-04 17:29,0.74140000,0.74140000,0.74100000,0.74120000,131328.00000000,0.74184,0.74184,0.74184,0.74184,165.221831,,,,,0.0
2022-03-04 17:30,0.74110000,0.74130000,0.74060000,0.74130000,172796.00000000,0.74101,0.74154,0.74101,0.74154,646.260467,0.7415,0.7415,0.7415,0.7415,30.0
2022-03-04 17:31,0.74130000,0.74140000,0.74110000,0.74130000,34154.00000000,0.74205,0.74205,0.74154,0.74154,150.0,,,,,0.0
2022-03-04 17:32,0.74120000,0.74140000,0.74030000,0.74050000,205125.00000000,0.74156,0.74156,0.74149,0.74149,1471.0,0.74142,0.74142,0.74103,0.74103,37.769481999999996
2022-03-04 17:33,0.74040000,0.74050000,0.74000000,0.74010000,90638.00000000,0.7405,0.74086,0.7405,0.74086,400.0,,,,,0.0
2022-03-04 17:34,0.74000000,0.74030000,0.73950000,0.73980000,52415.00000000,0.74044,0.74056,0.74017,0.74022,350.0,,,,,0.0
2022-03-04 17:35,0.73980000,0.74000000,0.73970000,0.73970000,45640.00000000,,,,,,,,,,0.0
2022-03-04 17:36,0.73970000,0.74030000,0.73970000,0.74020000,107730.00000000,0.74006,0.7408,0.74006,0.7408,3477.2373000000002,0.74052,0.74052,0.74014,0.74016,137.59396096
2022-03-04 17:37,0.74010000,0.74040000,0.74000000,0.74000000,59442.00000000,0.74086,0.74088,0.74086,0.74088,85.962167,0.74035,0.74047,0.74035,0.74047,15000.0
2022-03-04 17:38,0.74000000,0.74030000,0.73950000,0.73950000,140314.00000000,0.73999,0.73999,0.73999,0.73999,50.0,,,,,0.0
2022-03-04 17:39,0.73950000,0.74050000,0.73940000,0.74050000,165263.00000000,0.73986,0.74076,0.73986,0.74074,2893.85230846,,,,,0.0
2022-03-04 17:40,0.74060000,0.74080000,0.73930000,0.73940000,188152.00000000,0.74126,0.74126,0.7398,0.74052,285.943166,0.74094,0.74094,0.7409,0.7409,64.52235999999999
2022-03-04 17:41,0.73930000,0.73940000,0.73900000,0.73900000,62931.00000000,0.74022,0.74023,0.73943,0.73994,1310.759314,0.73956,0.73956,0.73956,0.73956,6.28841657
2022-03-04 17:42,0.73910000,0.73910000,0.73880000,0.73900000,25862.00000000,0.73945,0.7398,0.73929,0.73931,458.086206,,,,,0.0
2022-03-04 17:43,0.73900000,0.73900000,0.73680000,0.73690000,199177.00000000,0.73906,0.73956,0.73749,0.73749,1236.007359,0.73825,0.73825,0.73791,0.73791,526.82271636
2022-03-04 17:44,0.73680000,0.73750000,0.73640000,0.73680000,218403.00000000,0.73681,0.73759,0.73681,0.73755,31227.6,0.73714,0.73714,0.73714,0.73714,9.52124807
2022-03-04 17:45,0.73670000,0.73770000,0.73670000,0.73760000,47106.00000000,0.7377,0.73839,0.73751,0.73838,850.0,,,,,0.0
2022-03-04 17:46,0.73770000,0.73770000,0.73680000,0.73740000,133421.00000000,0.738,0.738,0.7374,0.73774,750.781111,,,,,0.0
2022-03-04 17:47,0.73750000,0.73780000,0.73740000,0.73760000,31473.00000000,0.73829,0.73843,0.73816,0.73843,250.0,,,,,0.0
2022-03-04 17:48,0.73770000,0.73810000,0.73760000,0.73770000,44559.00000000,0.73889,0.73889,0.73889,0.73889,50.0,,,,,0.0
2022-03-04 17:49,0.73780000,0.73860000,0.73770000,0.73820000,137927.00000000,0.73869,0.73924,0.73869,0.73924,186.06826999999998,,,,,0.0
2022-03-04 17:50,0.73810000,0.73820000,0.73770000,0.73790000,75166.00000000,0.73855,0.73879,0.73855,0.73879,236.067749,0.73837,0.73837,0.73837,0.73837,867.78894
2022-03-04 17:51,0.73780000,0.73790000,0.73770000,0.73790000,41912.00000000,0.73857,0.73857,0.73857,0.73857,100.0,,,,,0.0
2022-03-04 17:52,0.73800000,0.73840000,0.73790000,0.73840000,76223.00000000,0.73893,0.73902,0.73893,0.73902,136.056565,,,,,0.0
2022-03-04 17:53,0.73850000,0.73900000,0.73850000,0.73900000,92908.00000000,0.73923,0.73969,0.73923,0.73969,236.046817,0.73871,0.73871,0.73871,0.73871,1.5
2022-03-04 17:54,0.73910000,0.73970000,0.73880000,0.73880000,83345.00000000,0.73988,0.74,0.73988,0.73993,1325.64435834,,,,,0.0
2022-03-04 17:55,0.73890000,0.73910000,0.73850000,0.73880000,52090.00000000,0.73917,0.73946,0.73917,0.73946,336.030712,,,,,0.0
2022-03-04 17:56,0.73890000,0.73920000,0.73840000,0.73850000,45278.00000000,0.73964,0.73968,0.73929,0.73929,844.7845886199999,0.73938,0.7398,0.73938,0.73944,36586.14956592
2022-03-04 17:57,0.73860000,0.73910000,0.73850000,0.73890000,50268.00000000,0.73986,0.73986,0.7397,0.7397,500.0,0.73915,0.73915,0.73915,0.73915,184.75
2022-03-04 17:58,0.73900000,0.73900000,0.73840000,0.73880000,24419.00000000,0.73896,0.73896,0.73896,0.73896,50.0,,,,,0.0
2022-03-04 17:59,0.73880000,0.73880000,0.73840000,0.73850000,32196.00000000,0.73918,0.73935,0.73896,0.73935,186.024352,,,,,0.0
2022-03-04 18:00,0.73850000,0.73910000,0.73810000,0.73820000,187010.00000000,0.73881,0.73968,0.73878,0.73878,1886.1990108700002,,,,,0.0
2022-03-04 18:01,0.73820000,0.73850000,0.73770000,0.73850000,209827.00000000,0.7392,0.7392,0.7392,0.7392,100.0,,,,,0.0
2022-03-04 18:02,0.73860000,0.73880000,0.73840000,0.73860000,88119.00000000,0.73958,0.73958,0.7393,0.73953,18350.0,0.73904,0.73925,0.73904,0.73925,30000.0
2022-03-04 18:03,0.73850000,0.73860000,0.73830000,0.73830000,24113.00000000,0.73903,0.73903,0.73903,0.73903,200.0,,,,,0.0
2022-03-04 18:04,0.73840000,0.73860000,0.73840000,0.73850000,119742.00000000,0.73903,0.7391,0.73903,0.7391,1450.3577232,,,,,0.0
2022-03-04 18:05,0.73850000,0.73910000,0.73830000,0.73830000,312053.00000000,0.73933,0.73946,0.73873,0.73873,9711.80631694,0.73938,0.73938,0.73938,0.73938,1906.0
2022-03-04 18:06,0.73840000,0.73890000,0.73840000,0.73870000,43945.00000000,0.73926,0.73926,0.73926,0.73926,100.0,,,,,0.0
2022-03-04 18:07,0.73870000,0.73930000,0.73860000,0.73880000,119511.00000000,,,,,,,,,,0.0
2022-03-04 18:08,0.73880000,0.73950000,0.73880000,0.73930000,197290.00000000,0.73972,0.74031,0.73972,0.7403,19100.0,0.73896,0.73896,0.73896,0.73896,796.66018
2022-03-04 18:09,0.73940000,0.73960000,0.73920000,0.73920000,45951.00000000,0.74032,0.74032,0.74032,0.74032,136.019032,,,,,0.0
2022-03-04 18:10,0.73930000,0.73950000,0.73840000,0.73860000,112545.00000000,0.74032,0.74032,0.739,0.739,555.0414890000001,,,,,0.0
2022-03-04 18:11,0.73850000,0.73850000,0.73820000,0.73820000,54460.00000000,0.73946,0.73946,0.7386,0.7386,139.124492,0.73895,0.73895,0.73895,0.73895,41.0
2022-03-04 18:12,0.73830000,0.73830000,0.73770000,0.73770000,44113.00000000,0.7386,0.73909,0.73859,0.73864,252.556248,,,,,0.0
2022-03-04 18:13,0.73780000,0.73780000,0.73750000,0.73760000,29884.00000000,0.73819,0.73844,0.73816,0.73844,436.082455,0.73809,0.73809,0.73809,0.73809,500.0
2022-03-04 18:14,0.73750000,0.73820000,0.73720000,0.73730000,289187.00000000,0.73804,0.73894,0.73804,0.73805,150.0,,,,,0.0
2022-03-04 18:15,0.73740000,0.73790000,0.73730000,0.73790000,42954.00000000,0.73822,0.73822,0.73788,0.73815,150.0,,,,,0.0
2022-03-04 18:16,0.73790000,0.73810000,0.73680000,0.73680000,85609.00000000,0.7388,0.7388,0.73733,0.73733,320.808537,,,,,0.0
2022-03-04 18:17,0.73680000,0.73680000,0.73590000,0.73620000,190955.00000000,0.73734,0.73734,0.73621,0.7367,963.936697,0.73714,0.73714,0.73609,0.73662,76426.52352608
2022-03-04 18:18,0.73630000,0.73660000,0.73610000,0.73630000,107298.00000000,0.73729,0.73729,0.73652,0.73673,383.831592,0.73673,0.73673,0.73671,0.73671,2711.9288231600003
2022-03-04 18:19,0.73640000,0.73670000,0.73640000,0.73660000,56684.00000000,0.7375,0.7375,0.73701,0.73701,512.790767,0.73684,0.73684,0.73684,0.73684,13299.378944150001
2022-03-04 18:20,0.73660000,0.73770000,0.73650000,0.73770000,109986.00000000,0.73817,0.73817,0.73817,0.73817,50.0,0.73676,0.73676,0.73655,0.73655,30298.36791953
2022-03-04 18:21,0.73770000,0.73800000,0.73760000,0.73770000,136213.00000000,0.7387,0.7387,0.73823,0.73823,386.067749,,,,,0.0
2022-03-04 18:22,0.73770000,0.73790000,0.73670000,0.73680000,78451.00000000,0.73744,0.73744,0.73744,0.73744,677.7,0.73808,0.73808,0.73682,0.73682,14059.22436
2022-03-04 18:23,0.73680000,0.73720000,0.73640000,0.73650000,91450.00000000,0.73723,0.73723,0.73723,0.73723,100.0,0.73719,0.73719,0.73686,0.73686,166.27460000000002
2022-03-04 18:24,0.73660000,0.73680000,0.73580000,0.73580000,60879.00000000,0.73696,0.73743,0.73696,0.737,250.0,0.73621,0.73659,0.73621,0.73659,1397.06564497
2022-03-04 18:25,0.73580000,0.73630000,0.73580000,0.73610000,97556.00000000,0.73632,0.73717,0.73632,0.73717,300.0,0.73619,0.73619,0.73619,0.73619,1221.28798272
2022-03-04 18:26,0.73610000,0.73680000,0.73610000,0.73650000,215286.00000000,0.73748,0.73748,0.73748,0.73748,36.142575,,,,,0.0
2022-03-04 18:27,0.73660000,0.73680000,0.73610000,0.73640000,44502.00000000,0.73727,0.73727,0.73727,0.73727,50.0,0.73623,0.73623,0.73623,0.73623,95.912373
2022-03-04 18:28,0.73630000,0.73670000,0.73630000,0.73660000,91514.00000000,0.73749,0.73749,0.73693,0.73699,236.126384,,,,,0.0
2022-03-04 18:29,0.73660000,0.73660000,0.73610000,0.73610000,39595.00000000,0.73694,0.73694,0.73659,0.73659,3200.0,0.7366,0.7366,0.7366,0.7366,300.0
2022-03-04 18:30,0.73620000,0.73670000,0.73610000,0.73670000,90570.00000000,0.73741,0.73741,0.73741,0.73741,36.133825,0.73665,0.73665,0.73665,0.73665,74.32447
2022-03-04 18:31,0.73650000,0.73710000,0.73610000,0.73700000,95080.00000000,0.73674,0.7379,0.73674,0.7379,150.0,0.73663,0.73663,0.73663,0.73663,299.3947
2022-03-04 18:32,0.73700000,0.73700000,0.73680000,0.73700000,59743.00000000,,,,,,0.73721,0.73721,0.73721,0.73721,646.7430899999999
2022-03-04 18:33,0.73690000,0.73750000,0.73670000,0.73750000,193391.00000000,0.73732,0.73809,0.73732,0.73769,150.0,0.73761,0.73761,0.73761,0.73761,427.16043
2022-03-04 18:34,0.73750000,0.73760000,0.73720000,0.73730000,67877.00000000,0.73758,0.73806,0.73758,0.73806,143.0,,,,,0.0
2022-03-04 18:35,0.73730000,0.73750000,0.73720000,0.73730000,89295.00000000,0.73827,0.73827,0.73766,0.73766,122.10251600000001,,,,,0.0
2022-03-04 18:36,0.73730000,0.73730000,0.73690000,0.73700000,49877.00000000,0.7378,0.7378,0.7378,0.7378,136.111773,,,,,0.0
2022-03-04 18:37,0.73700000,0.73710000,0.73660000,0.73660000,42134.00000000,0.73752,0.7379,0.73752,0.7379,86.111773,,,,,0.0
2022-03-04 18:38,0.73670000,0.73740000,0.73660000,0.73740000,38630.00000000,0.73711,0.73711,0.73711,0.73711,250.0,0.73722,0.73722,0.73722,0.73722,20.05189
2022-03-04 18:39,0.73740000,0.73780000,0.73740000,0.73770000,39257.00000000,0.73825,0.7386,0.73814,0.73818,211.292222,0.73769,0.73773,0.73769,0.73773,6276.47585
2022-03-04 18:40,0.73760000,0.73760000,0.73710000,0.73760000,62739.00000000,0.73819,0.7384,0.73759,0.73803,109.6,0.73747,0.73755,0.73747,0.73755,6403.1345
2022-03-04 18:41,0.73760000,0.73760000,0.73580000,0.73580000,127278.00000000,0.738,0.738,0.73679,0.73679,5112.0,,,,,0.0
2022-03-04 18:42,0.73570000,0.73600000,0.73460000,0.73460000,210667.00000000,0.73598,0.7366,0.73519,0.73519,716.8,0.73603,0.73603,0.73603,0.73603,50.91341481
2022-03-04 18:43,0.73460000,0.73540000,0.73410000,0.73510000,293891.00000000,0.73519,0.73619,0.73482,0.73513,584.120162,0.73493,0.73548,0.7349,0.73548,1002.987489
2022-03-04 18:44,0.73500000,0.73560000,0.73500000,0.73530000,128299.00000000,0.73595,0.73631,0.73553,0.73571,150.59071,,,,,0.0
2022-03-04 18:45,0.73530000,0.73580000,0.73510000,0.73580000,168481.00000000,0.73609,0.73618,0.73568,0.73618,7.199999999999999,,,,,0.0
2022-03-04 18:46,0.73590000,0.73590000,0.73500000,0.73500000,126981.00000000,0.73625,0.7366,0.73604,0.73604,1348.21516758,,,,,0.0
2022-03-04 18:47,0.73490000,0.73490000,0.73350000,0.73350000,375371.00000000,0.73551,0.73551,0.73371,0.73372,6398.59245211,0.7349,0.7349,0.7349,0.7349,40.17006815
2022-03-04 18:48,0.73350000,0.73400000,0.73330000,0.73380000,435368.00000000,0.73372,0.73483,0.73372,0.73459,410.504514,,,,,0.0
2022-03-04 18:49,0.73370000,0.73400000,0.73310000,0.73370000,100067.00000000,0.7345,0.73469,0.73359,0.73469,500.0,,,,,0.0
2022-03-04 18:50,0.73360000,0.73400000,0.73360000,0.73370000,90152.00000000,0.73456,0.73465,0.73414,0.73456,125.0,0.73397,0.73397,0.73397,0.73397,252.40684
2022-03-04 18:51,0.73380000,0.73410000,0.73380000,0.73410000,220618.00000000,0.73429,0.73468,0.73429,0.73439,492.07065376,0.734,0.734,0.734,0.734,157.55
2022-03-04 18:52,0.73400000,0.73410000,0.73350000,0.73360000,124754.00000000,0.73435,0.73435,0.73382,0.73382,200.0,0.73394,0.73394,0.73344,0.73344,500.0
2022-03-04 18:53,0.73360000,0.73390000,0.73340000,0.73350000,148161.00000000,0.73437,0.73444,0.73437,0.73444,86.276967,0.73379,0.73379,0.73379,0.73379,138.02174809
2022-03-04 18:54,0.73350000,0.73360000,0.73300000,0.73310000,171862.00000000,0.73407,0.73443,0.73351,0.73351,6207.297245,,,,,0.0
2022-03-04 18:55,0.73310000,0.73410000,0.73310000,0.73380000,116390.00000000,0.73351,0.73464,0.7335,0.73449,5621.71306068,,,,,0.0
2022-03-04 18:56,0.73380000,0.73400000,0.73330000,0.73330000,131617.00000000,0.7343,0.7346,0.73407,0.73407,298.935889,,,,,0.0
2022-03-04 18:57,0.73340000,0.73340000,0.73190000,0.73200000,830659.00000000,0.73381,0.73381,0.73199,0.73199,5911.11994923,0.73272,0.73272,0.73272,0.73272,51.14341181
2022-03-04 18:58,0.73200000,0.73210000,0.73130000,0.73150000,289865.00000000,0.732,0.7327,0.73172,0.73178,3247.3503732599997,0.73246,0.73246,0.73172,0.73172,872.7512707000001
2022-03-04 18:59,0.73150000,0.73150000,0.73000000,0.73000000,594352.00000000,0.7321,0.73228,0.73038,0.73096,8691.10594368,0.73165,0.73165,0.7307,0.7307,2406.54104939
2022-03-04 19:00,0.73000000,0.73020000,0.72990000,0.73020000,302068.00000000,0.73037,0.73108,0.73037,0.73107,17400.0,,,,,0.0
2022-03-04 19:01,0.73020000,0.73020000,0.72980000,0.73010000,184483.00000000,0.73082,0.73082,0.73033,0.73034,600.0,0.73053,0.73053,0.73013,0.73013,2774.42742516
2022-03-04 19:02,0.73010000,0.73030000,0.72980000,0.73000000,343859.00000000,0.73081,0.73116,0.73046,0.7308,550.0,,,,,0.0
2022-03-04 19:03,0.72990000,0.72990000,0.72910000,0.72910000,354275.00000000,0.73053,0.73053,0.72993,0.73013,5090.9284415,0.72994,0.72994,0.72994,0.72994,8.52555276
2022-03-04 19:04,0.72910000,0.72940000,0.72780000,0.72920000,598344.00000000,0.72993,0.73004,0.72793,0.72939,24161.09495515,0.72943,0.72947,0.72837,0.72893,19698.54773645
2022-03-04 19:05,0.72920000,0.73020000,0.72920000,0.72940000,510199.00000000,0.72989,0.73086,0.72959,0.73053,26435.20154053,,,,,0.0
2022-03-04 19:06,0.72940000,0.72950000,0.72920000,0.72920000,33219.00000000,0.73015,0.73015,0.72974,0.72974,600.0,,,,,0.0
2022-03-04 19:07,0.72910000,0.72970000,0.72900000,0.72920000,129508.00000000,0.73,0.73041,0.72966,0.7301,686.495151,,,,,0.0
2022-03-04 19:08,0.72920000,0.72950000,0.72810000,0.72810000,231526.00000000,0.73007,0.73007,0.72956,0.72956,132.18182000000002,,,,,0.0
2022-03-04 19:09,0.72800000,0.72800000,0.72580000,0.72640000,671811.00000000,0.72839,0.72839,0.72601,0.72667,43728.07017985,0.72833,0.72833,0.72579,0.72714,183863.1114529
2022-03-04 19:10,0.72640000,0.72680000,0.72480000,0.72500000,880662.00000000,0.72656,0.72764,0.72511,0.72548,15757.644087679999,0.72598,0.72693,0.725,0.72533,12639.55137042
2022-03-04 19:11,0.72500000,0.72620000,0.72350000,0.72380000,889519.00000000,0.7251,0.72705,0.72386,0.72388,7174.23519142,0.72581,0.72607,0.7237,0.7237,35670.68700654
2022-03-04 19:12,0.72380000,0.72470000,0.72350000,0.72360000,382343.00000000,0.72476,0.7251,0.72383,0.72477,2292.0,0.7243,0.7246,0.7243,0.72442,6316.7214843
2022-03-04 19:13,0.72370000,0.72410000,0.72190000,0.72210000,1499936.00000000,0.72479,0.7248,0.72227,0.72227,8293.81705605,0.72321,0.72323,0.72245,0.72269,4924.73435687
2022-03-04 19:14,0.72210000,0.72290000,0.72210000,0.72290000,666934.00000000,0.72228,0.72378,0.72228,0.72319,3140.35443455,0.72245,0.72291,0.72245,0.72291,40678.0
2022-03-04 19:15,0.72290000,0.72320000,0.72190000,0.72240000,827354.00000000,0.72373,0.72391,0.72312,0.72338,7699.85171923,0.72322,0.72351,0.72305,0.7235,80045.2575
2022-03-04 19:16,0.72250000,0.72320000,0.72160000,0.72320000,1186191.00000000,0.72302,0.7238,0.72301,0.72314,13227.58695176,0.72253,0.72253,0.72253,0.72253,339.0
2022-03-04 19:17,0.72320000,0.72320000,0.72000000,0.72010000,1458820.00000000,0.72314,0.72314,0.72098,0.72098,38759.74145035,0.72302,0.72302,0.721,0.721,2327.54859584
2022-03-04 19:18,0.72020000,0.72150000,0.71930000,0.72140000,779512.00000000,0.72041,0.72213,0.71954,0.7221,8759.670508,0.72001,0.72139,0.71907,0.72139,15567.262262470002
2022-03-04 19:19,0.72140000,0.72190000,0.72090000,0.72140000,339345.00000000,0.7222,0.72256,0.72195,0.72231,2450.0,0.72184,0.72184,0.72055,0.7215,44351.42799
2022-03-04 19:20,0.72150000,0.72170000,0.71860000,0.71980000,2204222.00000000,0.72181,0.72181,0.71914,0.72178,22262.39762042,0.71984,0.72105,0.71885,0.72105,68574.81759437
2022-03-04 19:21,0.71980000,0.72150000,0.71860000,0.72110000,1032375.00000000,0.721,0.72188,0.71916,0.72177,3159.458672,0.71991,0.72138,0.71923,0.72138,9326.92744334
2022-03-04 19:22,0.72120000,0.72250000,0.72040000,0.72050000,526662.00000000,0.7223,0.7232,0.72131,0.72131,3490.9999000000003,0.72226,0.72226,0.72226,0.72226,5739.29881066
2022-03-04 19:23,0.72040000,0.72180000,0.71970000,0.72150000,576927.00000000,0.72131,0.72182,0.72053,0.72161,150.0001,0.72024,0.72035,0.72005,0.72005,1648.90854891
2022-03-04 19:24,0.72160000,0.72200000,0.72080000,0.72100000,347392.00000000,0.7229,0.72292,0.72118,0.72182,1900.0,0.72139,0.72139,0.72126,0.72126,201.35197126
2022-03-04 19:25,0.72090000,0.72260000,0.72080000,0.72260000,1269318.00000000,0.72141,0.72345,0.72141,0.72282,950.0,0.722,0.72206,0.722,0.72206,5821.00587049
2022-03-04 19:26,0.72260000,0.72260000,0.72200000,0.72200000,421160.00000000,0.72328,0.72328,0.72311,0.72312,407.83468799999997,0.72212,0.72246,0.7219,0.72206,51514.18917936
2022-03-04 19:27,0.72200000,0.72210000,0.72070000,0.72080000,257838.00000000,0.72276,0.723,0.72199,0.72199,186.863233,0.72187,0.72187,0.72178,0.72185,23257.741644230002
2022-03-04 19:28,0.72080000,0.72130000,0.72000000,0.72030000,624208.00000000,0.72198,0.72199,0.72098,0.72129,450.0,0.72123,0.72123,0.72123,0.72123,11.64641613
2022-03-04 19:29,0.72040000,0.72040000,0.71930000,0.71980000,565007.00000000,0.72033,0.72092,0.72,0.72055,3757.729693,0.72016,0.72016,0.72013,0.72013,480.045
2022-03-04 19:30,0.71970000,0.72030000,0.71920000,0.72000000,526441.00000000,0.72041,0.72123,0.72001,0.72123,285.492178,,,,,0.0
2022-03-04 19:31,0.72000000,0.72190000,0.72000000,0.72170000,462711.00000000,0.72227,0.72259,0.72227,0.72244,600.0,0.72192,0.72204,0.72192,0.722,9323.437829999999
2022-03-04 19:32,0.72170000,0.72180000,0.72060000,0.72100000,119778.00000000,0.72192,0.72215,0.72167,0.72167,879.0973730000001,,,,,0.0
2022-03-04 19:33,0.72110000,0.72110000,0.72040000,0.72040000,82173.00000000,0.72107,0.72165,0.72107,0.72141,850.822968,0.72105,0.72105,0.72105,0.72105,400.0
2022-03-04 19:34,0.72040000,0.72070000,0.71930000,0.72070000,252308.00000000,0.72106,0.72129,0.72001,0.72129,336.17189,0.72088,0.72088,0.71974,0.72071,655.60559364
2022-03-04 19:35,0.72060000,0.72060000,0.71920000,0.71920000,272732.00000000,0.72096,0.72125,0.72,0.72,1493.2,0.72088,0.72088,0.71947,0.71947,1590.5777395599998
2022-03-04 19:36,0.71920000,0.71920000,0.71740000,0.71750000,938839.00000000,0.72,0.72,0.71802,0.71864,11910.12017534,0.71916,0.71916,0.71841,0.71841,2589.77087448
2022-03-04 19:37,0.71740000,0.71740000,0.71580000,0.71660000,640563.00000000,0.718,0.718,0.71596,0.71644,73756.9984726,0.71837,0.71837,0.71671,0.71677,35613.24203441
2022-03-04 19:38,0.71650000,0.71760000,0.71620000,0.71730000,513701.00000000,0.71686,0.71823,0.7166,0.718,5092.0,0.7172,0.71777,0.7163,0.71777,1479.71435268
2022-03-04 19:39,0.71730000,0.71760000,0.71660000,0.71670000,141730.00000000,0.718,0.718,0.71789,0.71789,100.0,0.71721,0.71721,0.71685,0.71715,95179.47120551
2022-03-04 19:40,0.71670000,0.71740000,0.71640000,0.71680000,219340.00000000,0.71821,0.71821,0.71724,0.71724,587.12104,0.71737,0.71737,0.71726,0.71726,533.2291921999999
2022-03-04 19:41,0.71680000,0.71710000,0.71600000,0.71650000,167663.00000000,0.71664,0.71744,0.71664,0.71693,650.0,,,,,0.0
2022-03-04 19:42,0.71640000,0.71670000,0.71560000,0.71590000,256101.00000000,0.71693,0.71751,0.71679,0.71679,1686.955409,0.71663,0.71663,0.71663,0.71663,83.79531333
2022-03-04 19:43,0.71600000,0.71630000,0.71560000,0.71600000,305737.00000000,0.71652,0.71709,0.7162,0.71651,1947.8,,,,,0.0
2022-03-04 19:44,0.71600000,0.71650000,0.71520000,0.71620000,401617.00000000,0.71656,0.71727,0.71585,0.71651,17544.9,0.71575,0.71656,0.7153,0.71656,6127.00726524
2022-03-04 19:45,0.71620000,0.71630000,0.71520000,0.71540000,504699.00000000,0.71596,0.71647,0.7159,0.71632,750.0,,,,,0.0
2022-03-04 19:46,0.71540000,0.71630000,0.71510000,0.71600000,396495.00000000,0.7159,0.71697,0.71568,0.71661,4198.418506,0.71576,0.71576,0.71576,0.71576,1256.56864937
2022-03-04 19:47,0.71600000,0.71630000,0.71570000,0.71600000,197000.00000000,0.71663,0.71708,0.71641,0.71708,1810.84281949,0.71607,0.71607,0.715,0.71554,874909.36345861
2022-03-04 19:48,0.71600000,0.71690000,0.71600000,0.71650000,161866.00000000,0.71688,0.7175,0.71685,0.71734,1152.4,0.71562,0.71616,0.715,0.71616,401842.85052
2022-03-04 19:49,0.71650000,0.71680000,0.71310000,0.71380000,1096957.00000000,0.71741,0.71757,0.71315,0.7142,32573.74211561,0.71659,0.71659,0.7133,0.7133,22749.69952676
2022-03-04 19:50,0.71380000,0.71540000,0.71230000,0.71500000,1347334.00000000,0.71473,0.71641,0.7126,0.71535,33499.838156,0.71376,0.71432,0.71268,0.71432,256951.31684863
2022-03-04 19:51,0.71500000,0.71750000,0.71490000,0.71650000,592827.00000000,0.7159,0.718,0.71589,0.7175,6227.87331885,0.71637,0.71639,0.71637,0.71639,1546.42458444
2022-03-04 19:52,0.71660000,0.71670000,0.71440000,0.71450000,247723.00000000,0.71677,0.71677,0.71544,0.71544,2137.553916,0.71501,0.71501,0.71501,0.71501,13.58492616
2022-03-04 19:53,0.71450000,0.71580000,0.71280000,0.71560000,382652.00000000,0.71476,0.71651,0.71302,0.71651,5495.86855598,0.71426,0.71431,0.71327,0.71431,882.4734795
2022-03-04 19:54,0.71560000,0.71680000,0.71550000,0.71600000,289013.00000000,0.71656,0.71766,0.71656,0.71681,2737.136066,,,,,0.0
2022-03-04 19:55,0.71600000,0.71640000,0.71490000,0.71490000,171040.00000000,0.71684,0.71684,0.71556,0.71599,300.0,0.71624,0.71624,0.71624,0.71624,5693.18330887
2022-03-04 19:56,0.71490000,0.71610000,0.71490000,0.71560000,156678.00000000,0.71628,0.71649,0.71613,0.71613,400.0,0.71569,0.71573,0.71538,0.71538,6735.14134379
2022-03-04 19:57,0.71570000,0.71570000,0.71490000,0.71520000,136785.00000000,0.71622,0.71622,0.71528,0.71596,735.547223,0.7155,0.7155,0.7146,0.7146,1452.30994822
2022-03-04 19:58,0.71520000,0.71560000,0.71360000,0.71390000,340508.00000000,0.716,0.716,0.71403,0.71404,787.21124,0.7152,0.71521,0.7138,0.7138,3246.49387539
2022-03-04 19:59,0.71400000,0.71400000,0.71230000,0.71400000,636399.00000000,0.7139,0.7139,0.71279,0.71355,4195.8747656000005,0.71379,0.71379,0.71289,0.71295,13991.87140806
2022-03-04 20:00,0.71410000,0.71440000,0.71290000,0.71290000,450202.00000000,0.7133,0.71518,0.71329,0.71457,10636.60837568,0.71379,0.71379,0.71316,0.71327,10120.686920970002
2022-03-04 20:01,0.71290000,0.71390000,0.71240000,0.71380000,309745.00000000,0.71327,0.71455,0.71308,0.7143,2033.8,0.71316,0.71316,0.71264,0.71264,1408.76661282
2022-03-04 20:02,0.71380000,0.71730000,0.71380000,0.71710000,491590.00000000,0.7147,0.71806,0.7144,0.7172,9723.18985727,0.71381,0.71381,0.71381,0.71381,11.92172018
2022-03-04 20:03,0.71710000,0.71750000,0.71640000,0.71670000,317618.00000000,0.71815,0.71822,0.71693,0.71749,16048.889721000001,0.71698,0.71698,0.71698,0.71698,15.22540221
2022-03-04 20:04,0.71680000,0.71680000,0.71580000,0.71640000,164439.00000000,0.71697,0.71715,0.71626,0.71674,33435.021347429996,0.71642,0.71642,0.7163,0.7163,7728.72774269
2022-03-04 20:05,0.71640000,0.71710000,0.71620000,0.71710000,308152.00000000,0.71717,0.71763,0.71717,0.71763,237.132894,,,,,0.0
2022-03-04 20:06,0.71700000,0.71890000,0.71700000,0.71810000,273522.00000000,0.71775,0.71957,0.71775,0.71868,18922.44067576,0.71759,0.71812,0.71759,0.71812,1971.05741344
2022-03-04 20:07,0.71810000,0.71820000,0.71630000,0.71670000,233406.00000000,0.71877,0.71877,0.71693,0.71742,638.075073,0.71812,0.71812,0.71811,0.71811,5000.01
2022-03-04 20:08,0.71670000,0.71760000,0.71640000,0.71700000,199051.00000000,0.71756,0.71826,0.71683,0.71814,596.489014,,,,,0.0
2022-03-04 20:09,0.71700000,0.71730000,0.71660000,0.71690000,120594.00000000,0.71775,0.71775,0.71695,0.71723,337.127242,0.71705,0.71707,0.71682,0.71682,23347.9782
2022-03-04 20:10,0.71690000,0.71740000,0.71650000,0.71710000,294065.00000000,0.71693,0.71721,0.71693,0.71721,100.0,,,,,0.0
2022-03-04 20:11,0.71710000,0.71730000,0.71660000,0.71700000,135875.00000000,0.71797,0.71798,0.71748,0.71768,1415.109193,,,,,0.0
2022-03-04 20:12,0.71700000,0.71700000,0.71540000,0.71540000,336526.00000000,0.71766,0.71766,0.71566,0.7163,3507.121591,0.7168,0.7168,0.71561,0.71561,12654.88008693
2022-03-04 20:13,0.71540000,0.71580000,0.71440000,0.71480000,200057.00000000,0.71629,0.71654,0.71471,0.71471,10483.548795,0.71542,0.71558,0.71507,0.71507,17227.23405172
2022-03-04 20:14,0.71470000,0.71490000,0.71230000,0.71350000,557690.00000000,0.71514,0.71514,0.71308,0.71413,20710.58309874,0.71458,0.71458,0.71269,0.71292,4944.18934975
2022-03-04 20:15,0.71360000,0.71400000,0.71150000,0.71160000,578938.00000000,0.71482,0.71482,0.71189,0.71189,2882.02742706,0.71409,0.71409,0.712,0.712,61772.25878953
2022-03-04 20:16,0.71170000,0.71190000,0.70850000,0.70990000,1930166.00000000,0.71189,0.71241,0.70925,0.71011,44881.36944079,0.71201,0.71201,0.70888,0.71021,88763.49583037
2022-03-04 20:17,0.71000000,0.71310000,0.70970000,0.71100000,804269.00000000,0.71011,0.71288,0.70984,0.7111,6821.68149428,0.71135,0.71292,0.71135,0.71292,41319.7660824
2022-03-04 20:18,0.71100000,0.71190000,0.71080000,0.71100000,313394.00000000,0.71222,0.71252,0.71126,0.71126,2866.89051831,0.71099,0.71099,0.71099,0.71099,28.551740000000002
2022-03-04 20:19,0.71100000,0.71230000,0.71030000,0.71030000,370943.00000000,0.71223,0.71234,0.7104,0.7104,3100.155459,0.71074,0.71074,0.71074,0.71074,500.0
2022-03-04 20:20,0.71020000,0.71230000,0.70820000,0.71130000,1096058.00000000,0.70961,0.71305,0.70851,0.71197,15438.3181539,0.7091,0.71195,0.7091,0.71135,7398.09159546
2022-03-04 20:21,0.71120000,0.71210000,0.71030000,0.71210000,314366.00000000,0.71115,0.71237,0.71115,0.7122,7638.31155792,0.7112,0.71156,0.7112,0.71156,155.92741344
2022-03-04 20:22,0.71220000,0.71420000,0.71190000,0.71210000,783433.00000000,0.71303,0.71455,0.7125,0.7125,3796.67521537,0.71374,0.71399,0.71318,0.71318,12242.57940779
2022-03-04 20:23,0.71210000,0.71410000,0.71210000,0.71290000,360608.00000000,0.71365,0.71484,0.71362,0.71393,3252.766235,,,,,0.0
2022-03-04 20:24,0.71290000,0.71310000,0.71100000,0.71100000,694651.00000000,0.71383,0.71384,0.71113,0.71125,4796.53552155,,,,,0.0
2022-03-04 20:25,0.71110000,0.71140000,0.71020000,0.71060000,273767.00000000,0.71091,0.71195,0.71081,0.71195,605.9139,0.71115,0.71138,0.7107,0.71072,77416.09580193
2022-03-04 20:26,0.71060000,0.71140000,0.70960000,0.71010000,668544.00000000,0.71166,0.71194,0.71072,0.71072,1271.884442,0.71044,0.71044,0.71044,0.71044,1405.79126148
2022-03-04 20:27,0.71000000,0.71400000,0.70970000,0.71360000,732601.00000000,0.71294,0.71378,0.71294,0.71378,558.08392413,0.7112,0.71264,0.7112,0.71264,753.04627
2022-03-04 20:28,0.71360000,0.71620000,0.71360000,0.71510000,865369.00000000,0.7142,0.71698,0.71412,0.71608,6295.45583397,0.71433,0.71606,0.71433,0.71606,1297.19694467
2022-03-04 20:29,0.71520000,0.71550000,0.71390000,0.71550000,226456.00000000,0.7156,0.71622,0.71439,0.71622,11266.34354852,0.71421,0.71421,0.71421,0.71421,67.937
2022-03-04 20:30,0.71550000,0.71570000,0.71370000,0.71370000,309064.00000000,0.71638,0.71638,0.71374,0.71388,19184.96289312,,,,,0.0
2022-03-04 20:31,0.71370000,0.71380000,0.71310000,0.71370000,647935.00000000,0.71334,0.71455,0.71334,0.71394,968.595231,0.71376,0.71383,0.71376,0.71383,1380.17808
2022-03-04 20:32,0.71370000,0.71530000,0.71350000,0.71520000,299519.00000000,0.71442,0.71546,0.71442,0.71546,2731.4303290000003,0.71466,0.71466,0.71466,0.71466,100.0
2022-03-04 20:33,0.71520000,0.71550000,0.71380000,0.71430000,303637.00000000,0.71614,0.71614,0.7145,0.7145,2774.406976,0.71552,0.71552,0.71442,0.71442,325.00495854
2022-03-04 20:34,0.71420000,0.71470000,0.71400000,0.71460000,256229.00000000,0.71499,0.71552,0.71496,0.71522,374.496496,,,,,0.0
2022-03-04 20:35,0.71460000,0.71630000,0.71460000,0.71620000,311628.00000000,0.71661,0.71705,0.71629,0.71705,1150.0,0.71618,0.71624,0.71618,0.71624,1000.0
2022-03-04 20:36,0.71610000,0.71660000,0.71500000,0.71570000,408466.00000000,0.71722,0.71722,0.71611,0.71621,900.519029,,,,,0.0
2022-03-04 20:37,0.71570000,0.71570000,0.71460000,0.71460000,77462.00000000,0.71646,0.71646,0.71578,0.71578,192.198805,0.71572,0.71572,0.71502,0.71534,1375.56513292
2022-03-04 20:38,0.71460000,0.71470000,0.71400000,0.71460000,285977.00000000,0.71512,0.7155,0.71454,0.7155,557.294664,0.7144,0.7144,0.71432,0.71432,10617.23347442
2022-03-04 20:39,0.71460000,0.71480000,0.71410000,0.71410000,256422.00000000,,,,,,0.71413,0.71413,0.71413,0.71413,662.0
2022-03-04 20:40,0.71410000,0.71490000,0.71350000,0.71470000,148315.00000000,0.71437,0.71437,0.71437,0.71437,50.0,0.71406,0.71457,0.71406,0.71457,362.50703
2022-03-04 20:41,0.71470000,0.71670000,0.71460000,0.71650000,284149.00000000,0.71593,0.71732,0.71593,0.71732,1665.97714734,,,,,0.0
2022-03-04 20:42,0.71650000,0.71750000,0.71560000,0.71700000,376170.00000000,0.71735,0.71813,0.71735,0.71791,400.0,0.71643,0.71727,0.71643,0.71727,1472.15670292
2022-03-04 20:43,0.71700000,0.71730000,0.71680000,0.71710000,116300.00000000,0.7178,0.71792,0.71703,0.71738,1000.0,0.71725,0.71744,0.71713,0.71713,5650.33855
2022-03-04 20:44,0.71700000,0.71710000,0.71650000,0.71650000,153637.00000000,0.71748,0.71775,0.71748,0.71772,372.040393,0.71705,0.71711,0.71705,0.71711,10034.187458659999
2022-03-04 20:45,0.71640000,0.71700000,0.71580000,0.71620000,170002.00000000,0.71637,0.71727,0.71637,0.71685,1009.956736,0.71732,0.71732,0.71646,0.71646,4659.6590967
2022-03-04 20:46,0.71620000,0.71710000,0.71610000,0.71710000,132482.00000000,0.71713,0.71773,0.71647,0.71773,3056.318393,0.71684,0.71684,0.71684,0.71684,561.0
2022-03-04 20:47,0.71700000,0.71770000,0.71620000,0.71620000,745712.00000000,0.71718,0.71788,0.717,0.717,8158.36143972,0.71685,0.71685,0.71685,0.71685,55.50102081
2022-03-04 20:48,0.71610000,0.71660000,0.71520000,0.71620000,302379.00000000,0.717,0.717,0.71564,0.71678,22754.15112028,0.71575,0.71615,0.71575,0.71615,463.18595669
2022-03-04 20:49,0.71620000,0.71670000,0.71570000,0.71660000,189002.00000000,0.71638,0.71726,0.716,0.7172,441.05600777,,,,,0.0
2022-03-04 20:50,0.71670000,0.71840000,0.71670000,0.71830000,212283.00000000,0.7172,0.71854,0.7172,0.71825,1412.2,0.71759,0.71759,0.71759,0.71759,52.46741344
2022-03-04 20:51,0.71830000,0.71830000,0.71760000,0.71780000,90793.00000000,0.71852,0.71864,0.71842,0.71864,137.08442200000002,,,,,0.0
2022-03-04 20:52,0.71770000,0.71900000,0.71770000,0.71870000,277616.00000000,0.71865,0.71973,0.71865,0.71973,2305.32977524,0.7177,0.71793,0.7177,0.71793,687.26620974
2022-03-04 20:53,0.71880000,0.71950000,0.71870000,0.71930000,258422.00000000,0.71949,0.72013,0.71949,0.72013,450.0,0.71866,0.71926,0.71866,0.71926,500.0
2022-03-04 20:54,0.71940000,0.71980000,0.71910000,0.71970000,175583.00000000,0.72044,0.7206,0.72002,0.72055,2100.0,,,,,0.0
2022-03-04 20:55,0.71970000,0.72030000,0.71910000,0.71930000,193585.00000000,0.72063,0.72104,0.71951,0.72024,1985.659464,0.71975,0.71975,0.71941,0.71941,102.49277822
2022-03-04 20:56,0.71930000,0.71940000,0.71870000,0.71930000,381506.00000000,0.71961,0.71976,0.71961,0.71976,2243.84966,,,,,0.0
2022-03-04 20:57,0.71940000,0.71940000,0.71850000,0.71870000,150860.00000000,0.71976,0.71976,0.71961,0.71961,238.862904,,,,,0.0
2022-03-04 20:58,0.71870000,0.71890000,0.71760000,0.71760000,245308.00000000,0.71952,0.71952,0.719,0.719,30350.0,,,,,0.0
2022-03-04 20:59,0.71760000,0.71820000,0.71660000,0.71660000,177222.00000000,0.7182,0.71915,0.7182,0.71883,1137.048288,0.7177,0.7177,0.7177,0.7177,6000.0
2022-03-04 21:00,0.71660000,0.71850000,0.71650000,0.71830000,164690.00000000,0.71689,0.71874,0.71689,0.71869,5197.87486851,0.71753,0.71753,0.71753,0.71753,44.3416
2022-03-04 21:01,0.71830000,0.71830000,0.71780000,0.71820000,74477.00000000,0.71922,0.71922,0.71902,0.71905,500.0,,,,,0.0
2022-03-04 21:02,0.71810000,0.71810000,0.71680000,0.71690000,158954.00000000,0.71858,0.71858,0.71732,0.71754,1986.348303,0.71753,0.71754,0.71753,0.71754,108.97185567
2022-03-04 21:03,0.71690000,0.71700000,0.71580000,0.71580000,115393.00000000,0.71775,0.71775,0.71639,0.717,1006.789472,0.71753,0.71753,0.71639,0.71639,2840.21388867
2022-03-04 21:04,0.71580000,0.71690000,0.71520000,0.71690000,256092.00000000,0.71649,0.71705,0.71556,0.71705,29731.74531379,0.71638,0.71638,0.71617,0.71617,1446.5876872200001
2022-03-04 21:05,0.71690000,0.71740000,0.71670000,0.71670000,79915.00000000,0.71808,0.71808,0.71786,0.71786,100.0,,,,,0.0
2022-03-04 21:06,0.71680000,0.71690000,0.71600000,0.71660000,92220.00000000,0.717,0.71717,0.717,0.717,16608.84646048,0.71744,0.71744,0.71673,0.71673,427.74203867
2022-03-04 21:07,0.71670000,0.71730000,0.71610000,0.71710000,90145.00000000,0.717,0.71771,0.717,0.71771,101.0,0.71704,0.71704,0.71704,0.71704,192.5947417
2022-03-04 21:08,0.71710000,0.71720000,0.71690000,0.71720000,54001.00000000,0.71774,0.71806,0.71774,0.71806,600.0,,,,,0.0
2022-03-04 21:09,0.71710000,0.71770000,0.71670000,0.71700000,80790.00000000,0.71845,0.71856,0.71778,0.71793,6728.4964,,,,,0.0
2022-03-04 21:10,0.71700000,0.71700000,0.71590000,0.71690000,108802.00000000,0.71778,0.71778,0.717,0.717,1079.345657,0.71674,0.71674,0.71674,0.71674,836.28651951
2022-03-04 21:11,0.71690000,0.71830000,0.71680000,0.71680000,142161.00000000,0.71794,0.7189,0.71721,0.71721,1536.323482,,,,,0.0
2022-03-04 21:12,0.71690000,0.71730000,0.71550000,0.71620000,325076.00000000,0.7172,0.71809,0.717,0.717,21640.15353952,0.71735,0.71735,0.71627,0.71627,12338.90623446
2022-03-04 21:13,0.71620000,0.71620000,0.71570000,0.71610000,138408.00000000,0.71661,0.71711,0.71655,0.71707,987.153589,0.71646,0.71657,0.71646,0.71657,1336.62669605
2022-03-04 21:14,0.71610000,0.71630000,0.71530000,0.71570000,404183.00000000,0.71649,0.71662,0.71586,0.71662,836.42085,0.71625,0.71625,0.71577,0.71579,6077.48307692
2022-03-04 21:15,0.71570000,0.71570000,0.71450000,0.71520000,1081641.00000000,0.71662,0.71662,0.71517,0.71607,5340.01152653,0.71531,0.71531,0.71531,0.71531,698.19127225
2022-03-04 21:16,0.71510000,0.71520000,0.71400000,0.71400000,146022.00000000,0.71522,0.71575,0.715,0.715,12583.4151,0.7153,0.7153,0.71477,0.71477,5091.80358166
2022-03-04 21:17,0.71410000,0.71470000,0.71070000,0.71320000,1694837.00000000,0.71509,0.71509,0.71154,0.71375,124693.80966526,0.71423,0.71471,0.71124,0.71306,25354.043598019998
2022-03-04 21:18,0.71330000,0.71340000,0.71160000,0.71240000,328045.00000000,0.71375,0.71411,0.71195,0.71317,13354.92437626,0.71289,0.7136,0.71278,0.71278,1922.03436778
2022-03-04 21:19,0.71240000,0.71370000,0.71230000,0.71350000,153251.00000000,0.71376,0.71424,0.71348,0.71424,400.0,,,,,0.0
2022-03-04 21:20,0.71340000,0.71410000,0.71320000,0.71400000,88229.00000000,0.7141,0.71494,0.71398,0.71493,2493.2005870000003,,,,,0.0
2022-03-04 21:21,0.71410000,0.71490000,0.71410000,0.71480000,90534.00000000,0.71454,0.7153,0.71453,0.7152,5160.41389095,0.71499,0.71499,0.71499,0.71499,30.04321
2022-03-04 21:22,0.71470000,0.71500000,0.71420000,0.71420000,94906.00000000,0.71524,0.71574,0.71508,0.71565,10984.62945018,0.71468,0.71468,0.71468,0.71468,103.58619
2022-03-04 21:23,0.71430000,0.71500000,0.71410000,0.71500000,210089.00000000,0.715,0.71577,0.715,0.71577,600.0,0.71442,0.71442,0.71442,0.71442,350.876122
2022-03-04 21:24,0.71490000,0.71620000,0.71490000,0.71580000,182035.00000000,0.71585,0.71705,0.71585,0.71673,4167.65777877,0.71543,0.71555,0.71543,0.71555,153.60031050999999
2022-03-04 21:25,0.71570000,0.71610000,0.71550000,0.71560000,89818.00000000,0.71666,0.71669,0.7165,0.7165,2591.16420993,,,,,0.0
2022-03-04 21:26,0.71550000,0.71600000,0.71540000,0.71580000,123736.00000000,0.7165,0.71696,0.7165,0.71695,18609.64361316,,,,,0.0
2022-03-04 21:27,0.71590000,0.71590000,0.71510000,0.71510000,69822.00000000,0.71655,0.71672,0.71585,0.71585,21019.34684831,,,,,0.0
2022-03-04 21:28,0.71520000,0.71520000,0.71370000,0.71470000,229479.00000000,0.71606,0.71606,0.71469,0.71555,5728.98167947,,,,,0.0
2022-03-04 21:29,0.71470000,0.71480000,0.71420000,0.71450000,71855.00000000,0.71476,0.71553,0.71476,0.71553,350.0,,,,,0.0
2022-03-04 21:30,0.71450000,0.71470000,0.71350000,0.71360000,185914.00000000,0.715,0.71529,0.715,0.715,30149.96572486,,,,,0.0
2022-03-04 21:31,0.71350000,0.71540000,0.71350000,0.71540000,326028.00000000,0.71406,0.71525,0.71406,0.71525,136.49568399999998,0.71411,0.71411,0.71351,0.71351,652.2687599999999
2022-03-04 21:32,0.71550000,0.71590000,0.71380000,0.71390000,3475149.00000000,0.71629,0.71629,0.71395,0.71395,30037.69282202,0.71554,0.71554,0.71452,0.71452,5873.198985700001
2022-03-04 21:33,0.71380000,0.71420000,0.71200000,0.71200000,635019.00000000,0.71441,0.7145,0.71366,0.71366,1161.0,0.71361,0.71361,0.71222,0.71222,1901.32153583
2022-03-04 21:34,0.71210000,0.71320000,0.71170000,0.71190000,240346.00000000,0.71298,0.71359,0.71187,0.71207,387.373118,0.71209,0.71258,0.712,0.71253,4950.28529867
2022-03-04 21:35,0.71180000,0.71350000,0.71150000,0.71200000,1652931.00000000,0.71206,0.71369,0.71142,0.71187,20283.36846197,0.71227,0.71227,0.71203,0.71203,547.33789877
2022-03-04 21:36,0.71190000,0.71200000,0.71150000,0.71180000,68566.00000000,0.71262,0.71263,0.71192,0.71199,1700.0,0.71172,0.71172,0.71172,0.71172,4000.0
2022-03-04 21:37,0.71180000,0.71200000,0.71150000,0.71190000,158724.00000000,0.71198,0.71262,0.71198,0.71225,5578.92864347,0.71206,0.71206,0.71184,0.71184,2829.1123608599996
2022-03-04 21:38,0.71190000,0.71310000,0.71150000,0.71310000,357469.00000000,0.71192,0.71376,0.71192,0.71375,20624.98847651,0.71205,0.71205,0.7117,0.7117,9552.59231
2022-03-04 21:39,0.71300000,0.71520000,0.71300000,0.71470000,412822.00000000,0.71324,0.71562,0.7132,0.71546,21787.91400376,0.71309,0.71454,0.71309,0.71454,240.05981523999998
2022-03-04 21:40,0.71460000,0.71540000,0.71460000,0.71500000,311951.00000000,0.71476,0.71571,0.71476,0.71568,6131.27694165,0.71508,0.71508,0.71508,0.71508,0.17493773
2022-03-04 21:41,0.71500000,0.71610000,0.71410000,0.71600000,337312.00000000,0.71515,0.71535,0.71442,0.71516,3359.0781201199998,,,,,0.0
2022-03-04 21:42,0.71600000,0.71600000,0.71500000,0.71580000,109869.00000000,0.716,0.71632,0.71589,0.71632,31487.85986166,0.71543,0.7159,0.71543,0.71552,13431.60127414
2022-03-04 21:43,0.71590000,0.71660000,0.71580000,0.71610000,272759.00000000,0.71699,0.7172,0.71605,0.7169,4318.26015022,0.71625,0.71625,0.71625,0.71625,30.0
2022-03-04 21:44,0.71620000,0.71630000,0.71500000,0.71530000,150426.00000000,0.71636,0.71636,0.71532,0.71626,209.0,,,,,0.0
2022-03-04 21:45,0.71530000,0.71560000,0.71510000,0.71550000,41543.00000000,0.7161,0.71627,0.71594,0.71627,1214.57737366,,,,,0.0
2022-03-04 21:46,0.71560000,0.71590000,0.71520000,0.71530000,89094.00000000,0.71624,0.71632,0.71609,0.71609,7854.81405532,0.71548,0.71548,0.71548,0.71548,37.57266
2022-03-04 21:47,0.71530000,0.71550000,0.71520000,0.71530000,101433.00000000,0.71609,0.71609,0.71609,0.71609,8585.504988890001,,,,,0.0
2022-03-04 21:48,0.71530000,0.71650000,0.71520000,0.71600000,403698.00000000,0.71609,0.71714,0.71609,0.71623,6241.29670672,0.71608,0.7165,0.71608,0.7165,571.59194
2022-03-04 21:49,0.71600000,0.71610000,0.71570000,0.71600000,179918.00000000,0.7167,0.7167,0.71603,0.71603,150.0,,,,,0.0
2022-03-04 21:50,0.71600000,0.71640000,0.71590000,0.71600000,66211.00000000,0.71696,0.71698,0.71671,0.71677,637.159802,,,,,0.0
2022-03-04 21:51,0.71600000,0.71640000,0.71550000,0.71580000,71823.00000000,0.7165,0.71697,0.71635,0.71635,28860.7195569,0.71623,0.71651,0.71623,0.71651,2022.51654
2022-03-04 21:52,0.71580000,0.71580000,0.71530000,0.71550000,88203.00000000,0.71588,0.71612,0.71588,0.71612,100.0,0.71569,0.71585,0.71538,0.71538,23699.25793345
2022-03-04 21:53,0.71550000,0.71570000,0.71500000,0.71510000,135794.00000000,0.71619,0.71619,0.71614,0.71615,350.0,0.71572,0.71572,0.71503,0.71541,482.93911
2022-03-04 21:54,0.71500000,0.71530000,0.71500000,0.71510000,47381.00000000,0.7157,0.7157,0.71533,0.71533,310.0,0.71541,0.71556,0.71498,0.71498,60680.18187527
2022-03-04 21:55,0.71510000,0.71620000,0.71500000,0.71590000,180079.00000000,0.71614,0.71614,0.71614,0.71614,50.0,0.71628,0.71646,0.71628,0.71646,1257.03829427
2022-03-04 21:56,0.71590000,0.71630000,0.71560000,0.71600000,57897.00000000,0.71687,0.71687,0.71686,0.71686,40.813143,,,,,0.0
2022-03-04 21:57,0.71600000,0.71720000,0.71600000,0.71700000,690707.00000000,0.71723,0.71789,0.71721,0.71764,1316.74904057,,,,,0.0
2022-03-04 21:58,0.71710000,0.71790000,0.71650000,0.71780000,239344.00000000,0.71765,0.71849,0.7169,0.71849,2023.47839407,,,,,0.0
2022-03-04 21:59,0.71780000,0.71790000,0.71710000,0.71760000,145255.00000000,0.71864,0.71864,0.71773,0.71811,1350.0,0.71759,0.71807,0.71759,0.71807,22204.0
2022-03-04 22:00,0.71760000,0.71770000,0.71610000,0.71750000,309984.00000000,0.71811,0.71811,0.71633,0.71796,1487.101896,0.71759,0.71759,0.71675,0.71675,6161.83606049
2022-03-04 22:01,0.71760000,0.71780000,0.71750000,0.71760000,165532.00000000,0.71846,0.71854,0.71803,0.71854,2326.0,,,,,0.0
2022-03-04 22:02,0.71750000,0.71760000,0.71670000,0.71720000,128119.00000000,0.71834,0.71858,0.71834,0.71837,23347.40689121,0.71771,0.71771,0.71729,0.71729,1962.85742627
2022-03-04 22:03,0.71720000,0.71740000,0.71720000,0.71740000,25091.00000000,0.71796,0.71824,0.71776,0.71824,4242.5471583300005,0.71758,0.71772,0.71758,0.71772,1393.57284205
2022-03-04 22:04,0.71730000,0.71780000,0.71690000,0.71690000,316885.00000000,0.71824,0.71845,0.71824,0.71845,16032.169845800001,0.71794,0.71799,0.71794,0.71799,811.09883083
2022-03-04 22:05,0.71700000,0.71760000,0.71680000,0.71750000,768491.00000000,,,,,,,,,,0.0
2022-03-04 22:06,0.71750000,0.71800000,0.71750000,0.71750000,142967.00000000,0.71865,0.71876,0.71851,0.71851,1937.073973,0.71779,0.71779,0.71747,0.71747,12052.93658754
2022-03-04 22:07,0.71740000,0.71770000,0.71630000,0.71660000,249918.00000000,0.71793,0.71839,0.71702,0.71702,301.0,0.71702,0.71702,0.71665,0.71696,4479.90021248
2022-03-04 22:08,0.71660000,0.71690000,0.71630000,0.71680000,93016.00000000,0.71702,0.71775,0.71702,0.71775,1160.335682,,,,,0.0
2022-03-04 22:09,0.71680000,0.71680000,0.71570000,0.71580000,125504.00000000,0.71746,0.71746,0.71617,0.71679,2500.0,0.71621,0.71622,0.71613,0.71622,4676.87332723
2022-03-04 22:10,0.71590000,0.71610000,0.71540000,0.71550000,157833.00000000,0.7169,0.7169,0.71616,0.71631,1845.863932,0.71622,0.71622,0.71622,0.71622,55.84876155
2022-03-04 22:11,0.71550000,0.71590000,0.71500000,0.71590000,100612.00000000,0.71613,0.7167,0.71552,0.7167,310.178591,0.71552,0.71552,0.71552,0.71552,495.541
2022-03-04 22:12,0.71580000,0.71600000,0.71560000,0.71600000,33038.00000000,0.7161,0.71622,0.7161,0.71622,237.17859099999998,0.71559,0.71559,0.7155,0.7155,20963.0
2022-03-04 22:13,0.71600000,0.71610000,0.71560000,0.71580000,184538.00000000,,,,,,0.71592,0.71597,0.71592,0.71597,4051.405
2022-03-04 22:14,0.71590000,0.71600000,0.71570000,0.71570000,39373.00000000,0.7167,0.71671,0.71618,0.71656,1172.9046779999999,0.71579,0.71579,0.71576,0.71576,2379.19431988
2022-03-04 22:15,0.71570000,0.71600000,0.71570000,0.71570000,67137.00000000,0.71657,0.71657,0.71618,0.71618,150.0,0.71592,0.71592,0.71591,0.71591,888.815
2022-03-04 22:16,0.71580000,0.71580000,0.71430000,0.71440000,252325.00000000,0.71537,0.71542,0.71473,0.7148,3548.15487834,0.7159,0.7159,0.71493,0.71493,2452.87253006
2022-03-04 22:17,0.71450000,0.71520000,0.71440000,0.71520000,184235.00000000,0.71481,0.71554,0.71463,0.71554,800.0,0.71467,0.71469,0.71467,0.71468,1951.249
2022-03-04 22:18,0.71510000,0.71530000,0.71390000,0.71400000,59768.00000000,0.71554,0.71569,0.71438,0.71438,1517.1,0.71467,0.71467,0.7142,0.7142,389.77207
2022-03-04 22:19,0.71400000,0.71400000,0.71130000,0.71290000,613617.00000000,0.71326,0.714,0.712,0.714,2966.9547069,0.71419,0.71419,0.71247,0.71343,2780.72563072
2022-03-04 22:20,0.71280000,0.71340000,0.71250000,0.71310000,257593.00000000,0.7131,0.71321,0.7131,0.71321,100.0,0.71258,0.71258,0.71258,0.71258,1427.51915981
2022-03-04 22:21,0.71310000,0.71340000,0.71230000,0.71240000,212089.00000000,0.71367,0.71391,0.71306,0.71338,2674.16962194,0.7135,0.7135,0.7135,0.7135,73.2886
2022-03-04 22:22,0.71230000,0.71280000,0.71180000,0.71200000,412098.00000000,0.71262,0.71327,0.71262,0.71274,5733.26511436,0.713,0.713,0.71216,0.71216,1565.20700739
2022-03-04 22:23,0.71190000,0.71230000,0.71100000,0.71190000,521324.00000000,0.71296,0.71302,0.71184,0.712,774.554408,0.71244,0.71244,0.71139,0.71172,14646.62447444
2022-03-04 22:24,0.71190000,0.71240000,0.71180000,0.71230000,95173.00000000,0.71218,0.71319,0.71218,0.71319,550.0,0.71272,0.71272,0.71272,0.71272,89.226
2022-03-04 22:25,0.71220000,0.71220000,0.71160000,0.71210000,246088.00000000,0.71265,0.71265,0.7123,0.71233,3754.72733485,0.71219,0.71219,0.71219,0.71219,1009.117
2022-03-04 22:26,0.71210000,0.71300000,0.71210000,0.71280000,92249.00000000,0.7132,0.71378,0.7132,0.71378,200.0,,,,,0.0
2022-03-04 22:27,0.71280000,0.71310000,0.71020000,0.71030000,408027.00000000,0.71325,0.71325,0.71042,0.71043,2427.1119069,0.71252,0.71252,0.71058,0.71058,36806.48164555
2022-03-04 22:28,0.71040000,0.71070000,0.71010000,0.71060000,133838.00000000,0.71121,0.71144,0.71061,0.71096,6827.91266221,0.711,0.711,0.71053,0.71089,3995.03446088
2022-03-04 22:29,0.71060000,0.71060000,0.71010000,0.71030000,355155.00000000,0.71067,0.71121,0.71067,0.71068,300.0,0.71088,0.71088,0.71069,0.71069,2696.35646333
2022-03-04 22:30,0.71020000,0.71030000,0.69420000,0.69550000,6084863.00000000,0.71051,0.71051,0.69493,0.69569,223344.53713273,0.71028,0.71028,0.69584,0.69706,229430.38279872
2022-03-04 22:31,0.69530000,0.70040000,0.69520000,0.70040000,1390025.00000000,0.69571,0.70108,0.69504,0.70043,103864.82588217,0.69603,0.70053,0.69407,0.70027,45528.81334137
2022-03-04 22:32,0.70040000,0.70590000,0.70040000,0.70540000,1212749.00000000,0.70042,0.7062,0.70042,0.7062,27776.75028567,0.70053,0.70541,0.70053,0.70541,20449.79047371
2022-03-04 22:33,0.70550000,0.70550000,0.70130000,0.70200000,247024.00000000,0.70563,0.70563,0.70158,0.70213,17481.29001078,0.7054,0.70544,0.70156,0.70242,37065.24124325
2022-03-04 22:34,0.70210000,0.70540000,0.70170000,0.70540000,466537.00000000,0.70339,0.70564,0.70262,0.70564,6190.64059002,0.70372,0.7041,0.70372,0.7041,715.25874
2022-03-04 22:35,0.70530000,0.70560000,0.70480000,0.70560000,264366.00000000,0.706,0.7061,0.70562,0.70602,450.0,,,,,0.0
2022-03-04 22:36,0.70550000,0.70570000,0.70510000,0.70560000,207620.00000000,0.70575,0.70644,0.70575,0.70628,2942.45860584,,,,,0.0
2022-03-04 22:37,0.70570000,0.70710000,0.70560000,0.70710000,104256.00000000,0.70626,0.70747,0.70626,0.70747,6692.99061748,0.70558,0.70719,0.70558,0.70719,2272.40210278
2022-03-04 22:38,0.70710000,0.70750000,0.70610000,0.70610000,261350.00000000,0.70757,0.70817,0.70673,0.70734,3326.3242083,0.70724,0.70746,0.70705,0.70743,56347.963003
2022-03-04 22:39,0.70600000,0.70600000,0.70520000,0.70540000,162768.00000000,0.70659,0.70659,0.70572,0.70584,5891.0626,0.70593,0.70593,0.70593,0.70593,73.004
2022-03-04 22:40,0.70540000,0.70560000,0.70510000,0.70560000,137218.00000000,0.70627,0.70635,0.70587,0.70587,400.0,0.70548,0.70548,0.70548,0.70548,173.33526752999998
2022-03-04 22:41,0.70560000,0.70930000,0.70540000,0.70830000,857700.00000000,0.70627,0.71009,0.70627,0.70873,20899.27475148,0.70904,0.70904,0.70904,0.70904,14.96
2022-03-04 22:42,0.70840000,0.70930000,0.70840000,0.70920000,350972.00000000,0.70927,0.7101,0.70922,0.71007,760.7583,0.70905,0.70905,0.70905,0.70905,1021.9680000000001
2022-03-04 22:43,0.70920000,0.70920000,0.70760000,0.70770000,502869.00000000,0.70978,0.70978,0.70809,0.70863,1655.421243,0.70939,0.70939,0.70856,0.70895,32057.515423
2022-03-04 22:44,0.70770000,0.70910000,0.70760000,0.70850000,164135.00000000,0.70812,0.70996,0.70812,0.70874,750.0,,,,,0.0
2022-03-04 22:45,0.70840000,0.70900000,0.70750000,0.70890000,215273.00000000,0.70883,0.71002,0.70815,0.70984,1687.556851,0.70824,0.70824,0.70824,0.70824,1801.55159
2022-03-04 22:46,0.70890000,0.70900000,0.70850000,0.70880000,203209.00000000,0.70985,0.70985,0.70888,0.70954,850.0,0.70909,0.70909,0.70861,0.70888,189.74365828
2022-03-04 22:47,0.70890000,0.70950000,0.70880000,0.70950000,234327.00000000,0.70974,0.71015,0.70928,0.71015,250.0,0.70921,0.70923,0.70921,0.70923,4000.0
2022-03-04 22:48,0.70940000,0.70950000,0.70650000,0.70650000,271712.00000000,0.71031,0.71031,0.70685,0.70693,16042.34726437,0.70894,0.70894,0.70735,0.70735,7536.65634297
2022-03-04 22:49,0.70650000,0.70730000,0.70640000,0.70710000,273306.00000000,0.70782,0.70782,0.70782,0.70782,100.0,0.70669,0.7069,0.70669,0.7069,3555.561
2022-03-04 22:50,0.70720000,0.70980000,0.70720000,0.70970000,498522.00000000,0.70849,0.71031,0.70849,0.7102,12714.32477966,0.70908,0.70908,0.70908,0.70908,6.409689999999999
2022-03-04 22:51,0.70980000,0.70990000,0.70950000,0.70980000,130950.00000000,0.71039,0.71074,0.71016,0.71072,1687.4871600000001,0.70978,0.7103,0.70978,0.7103,10000.0
2022-03-04 22:52,0.70980000,0.71220000,0.70970000,0.71150000,367441.00000000,0.71077,0.71303,0.71077,0.71303,3665.04369516,0.71079,0.71183,0.71079,0.71183,559.0265961
2022-03-04 22:53,0.71150000,0.71220000,0.71120000,0.71220000,138433.00000000,0.71191,0.71295,0.7117,0.71295,387.396178,0.71183,0.71247,0.71183,0.71247,25981.003424590002
2022-03-04 22:54,0.71210000,0.71300000,0.71210000,0.71280000,516447.00000000,0.71308,0.71381,0.71308,0.71381,700.0,0.71247,0.7127,0.71247,0.7127,21009.0
2022-03-04 22:55,0.71290000,0.71320000,0.71270000,0.71290000,266834.00000000,0.7137,0.71405,0.71315,0.71405,1311.6841,,,,,0.0
2022-03-04 22:56,0.71290000,0.71300000,0.71170000,0.71170000,341671.00000000,0.71343,0.71343,0.71211,0.71266,1327.162115,0.71232,0.71232,0.71232,0.71232,237.12149
2022-03-04 22:57,0.71160000,0.71280000,0.71160000,0.71270000,138820.00000000,0.71208,0.71359,0.71208,0.71359,337.37730799999997,0.71219,0.71219,0.71219,0.71219,56.16478749
2022-03-04 22:58,0.71270000,0.71420000,0.71270000,0.71420000,258593.00000000,0.71367,0.71443,0.71367,0.71443,3526.28473958,0.71282,0.71331,0.71282,0.71331,445.25578802
2022-03-04 22:59,0.71400000,0.71460000,0.71300000,0.71320000,240210.00000000,0.71467,0.71536,0.71403,0.71452,1475.0,,,,,0.0
2022-03-04 23:00,0.71320000,0.71410000,0.71270000,0.71330000,360049.00000000,0.71412,0.71482,0.71319,0.71482,4526.23328715,0.71333,0.71364,0.71333,0.71364,665.2050755600001
2022-03-04 23:01,0.71330000,0.71380000,0.71330000,0.71380000,228426.00000000,0.71422,0.71453,0.71373,0.71392,750.0,,,,,0.0
2022-03-04 23:02,0.71380000,0.71390000,0.71180000,0.71180000,345127.00000000,0.71405,0.71467,0.71216,0.71216,23135.57764825,0.71331,0.71331,0.71246,0.71247,12156.07660064
2022-03-04 23:03,0.71180000,0.71240000,0.71100000,0.71170000,113389.00000000,0.71137,0.71264,0.71128,0.71191,2850.0,0.7116,0.71178,0.71131,0.71167,30524.419
2022-03-04 23:04,0.71170000,0.71190000,0.71150000,0.71190000,58514.00000000,0.71197,0.71197,0.71192,0.71192,150.0,0.71199,0.71199,0.71192,0.71192,7312.0480969499995
2022-03-04 23:05,0.71190000,0.71190000,0.71090000,0.71150000,227103.00000000,0.7123,0.7123,0.71132,0.71181,5190.0,0.71165,0.71165,0.71155,0.71163,20136.185000909998
2022-03-04 23:06,0.71150000,0.71230000,0.71150000,0.71210000,207867.00000000,0.71195,0.71301,0.71187,0.71295,887.377728,0.71239,0.71263,0.71213,0.71246,16054.28387844
2022-03-04 23:07,0.71200000,0.71320000,0.71190000,0.71320000,253327.00000000,0.71241,0.71369,0.71241,0.71366,2828.4584,0.71241,0.71325,0.71241,0.71325,12250.0
2022-03-04 23:08,0.71320000,0.71320000,0.71160000,0.71250000,605515.00000000,0.71393,0.71393,0.7121,0.71256,300.0,0.71341,0.71341,0.71268,0.71268,343.90987455
2022-03-04 23:09,0.71250000,0.71250000,0.71160000,0.71230000,148173.00000000,0.71254,0.71256,0.71254,0.71256,250.0,,,,,0.0
2022-03-04 23:10,0.71240000,0.71240000,0.71120000,0.71210000,149219.00000000,0.71219,0.71283,0.71168,0.71168,747.899645,,,,,0.0
2022-03-04 23:11,0.71210000,0.71220000,0.71130000,0.71130000,87589.00000000,0.71261,0.71261,0.71183,0.71183,400.0,0.71229,0.71229,0.71229,0.71229,93.131674
2022-03-04 23:12,0.71130000,0.71170000,0.71090000,0.71090000,229470.00000000,0.71231,0.71231,0.7116,0.7116,736.636612,0.712,0.712,0.71156,0.71156,1567.81318958
2022-03-04 23:13,0.71100000,0.71160000,0.71060000,0.71150000,160243.00000000,0.7119,0.7119,0.71104,0.71185,650.0,,,,,0.0
2022-03-04 23:14,0.71160000,0.71180000,0.71060000,0.71090000,514338.00000000,0.71245,0.71256,0.71121,0.71121,1288.36802366,,,,,0.0
2022-03-04 23:15,0.71090000,0.71110000,0.71040000,0.71080000,120445.00000000,0.71092,0.71168,0.71092,0.71168,236.0,0.71119,0.71119,0.71119,0.71119,5.0
2022-03-04 23:16,0.71080000,0.71230000,0.71080000,0.71230000,310028.00000000,0.71225,0.71312,0.71203,0.71312,4824.90036491,0.71104,0.71104,0.71081,0.71081,40000.0
2022-03-04 23:17,0.71240000,0.71280000,0.71070000,0.71080000,201944.00000000,0.71313,0.71329,0.71138,0.71138,2577.211428,,,,,0.0
2022-03-04 23:18,0.71070000,0.71070000,0.70880000,0.70920000,419934.00000000,0.71121,0.71121,0.70901,0.71032,6190.48908929,0.71021,0.71049,0.70951,0.70958,46559.49101744
2022-03-04 23:19,0.70920000,0.70920000,0.70690000,0.70740000,210866.00000000,0.70971,0.70971,0.70809,0.70809,1692.49900872,0.70958,0.70958,0.70888,0.70888,14343.009112509999
2022-03-04 23:20,0.70740000,0.70890000,0.70740000,0.70840000,233851.00000000,0.70842,0.7089,0.70828,0.70889,1865.930015,0.70795,0.7091,0.70795,0.7091,14224.636
2022-03-04 23:21,0.70850000,0.70960000,0.70850000,0.70960000,296790.00000000,0.70967,0.71032,0.70911,0.70973,3144.0,,,,,0.0
2022-03-04 23:22,0.70970000,0.70990000,0.70930000,0.70960000,110354.00000000,0.71034,0.71069,0.71034,0.71054,5300.0,,,,,0.0
2022-03-04 23:23,0.70960000,0.70960000,0.70840000,0.70950000,299328.00000000,0.70985,0.71003,0.70893,0.70952,424.264374,,,,,0.0
2022-03-04 23:24,0.70940000,0.71060000,0.70940000,0.71060000,221353.00000000,0.71062,0.71166,0.71058,0.71165,3178.81491573,,,,,0.0
2022-03-04 23:25,0.71060000,0.71210000,0.71060000,0.71140000,476350.00000000,0.71249,0.71279,0.71181,0.71243,4824.60707145,0.71205,0.71205,0.71205,0.71205,15.08109
2022-03-04 23:26,0.71150000,0.71160000,0.71100000,0.71100000,81640.00000000,0.71257,0.71257,0.71191,0.71191,2358.3237,,,,,0.0
2022-03-04 23:27,0.71100000,0.71110000,0.70930000,0.70940000,162691.00000000,0.71118,0.71118,0.70986,0.70986,452.5052891,,,,,0.0
2022-03-04 23:28,0.70950000,0.71050000,0.70940000,0.71050000,103315.00000000,0.70993,0.71086,0.70993,0.71086,1147.1575,,,,,0.0
2022-03-04 23:29,0.71050000,0.71070000,0.70960000,0.70980000,461470.00000000,0.71148,0.71152,0.71148,0.71152,2000.0,,,,,0.0
2022-03-04 23:30,0.70970000,0.70990000,0.70950000,0.70980000,47260.00000000,0.71052,0.71079,0.71052,0.71079,52.542163,,,,,0.0
2022-03-04 23:31,0.70990000,0.71000000,0.70920000,0.71000000,239030.00000000,0.71081,0.71081,0.71019,0.71019,2550.0,,,,,0.0
2022-03-04 23:32,0.71000000,0.71080000,0.70990000,0.71080000,348015.00000000,0.71044,0.71172,0.71042,0.71171,3611.0,0.7108,0.7108,0.7108,0.7108,999.999
2022-03-04 23:33,0.71080000,0.71170000,0.71070000,0.71130000,201793.00000000,0.71171,0.71191,0.71147,0.71174,4231.07485827,,,,,0.0
2022-03-04 23:34,0.71140000,0.71260000,0.71140000,0.71250000,125823.00000000,0.71201,0.71343,0.71201,0.71343,1151.7,0.71221,0.71288,0.71221,0.71288,1243.79555142
2022-03-04 23:35,0.71240000,0.71270000,0.71200000,0.71260000,157241.00000000,0.71295,0.71349,0.71295,0.71349,3178.255936,,,,,0.0
2022-03-04 23:36,0.71250000,0.71260000,0.71190000,0.71210000,70883.00000000,0.71341,0.71341,0.71301,0.71301,300.0,0.71288,0.71288,0.71288,0.71288,10.10352461
2022-03-04 23:37,0.71200000,0.71220000,0.71160000,0.71220000,128842.00000000,0.71211,0.71211,0.71211,0.71211,93.355241,0.71222,0.71222,0.71222,0.71222,365.95764
2022-03-04 23:38,0.71230000,0.71230000,0.71190000,0.71200000,77159.00000000,,,,,,,,,,0.0
2022-03-04 23:39,0.71190000,0.71240000,0.71190000,0.71240000,49461.00000000,0.71323,0.71323,0.71323,0.71323,100.0,,,,,0.0
2022-03-04 23:40,0.71250000,0.71290000,0.71200000,0.71210000,124068.00000000,,,,,,0.71258,0.71261,0.71258,0.71261,5017.45627
2022-03-04 23:41,0.71220000,0.71340000,0.71210000,0.71340000,177062.00000000,0.71261,0.71422,0.71261,0.71422,1250.0,0.71257,0.71257,0.71257,0.71257,5000.0
2022-03-04 23:42,0.71330000,0.71340000,0.71280000,0.71340000,101776.00000000,0.71425,0.71434,0.71401,0.71434,5187.322345,0.71328,0.71357,0.71328,0.71357,6853.47057752
2022-03-04 23:43,0.71340000,0.71440000,0.71340000,0.71400000,628322.00000000,0.71437,0.71537,0.71411,0.71526,12655.46444415,0.71435,0.71442,0.71397,0.71397,26271.18509551
2022-03-04 23:44,0.71400000,0.71450000,0.71390000,0.71430000,94666.00000000,0.71429,0.7149,0.71429,0.71482,300.0,,,,,0.0
2022-03-04 23:45,0.71430000,0.71430000,0.71260000,0.71300000,202084.00000000,0.71515,0.71515,0.71378,0.7143,737.254909,0.71391,0.71392,0.71391,0.71392,5000.0
2022-03-04 23:46,0.71300000,0.71300000,0.71180000,0.71210000,107925.00000000,0.71332,0.71332,0.71222,0.71272,1728.716306,,,,,0.0
2022-03-04 23:47,0.71200000,0.71210000,0.71160000,0.71170000,125865.00000000,0.71304,0.71304,0.71208,0.71208,771.0,0.71237,0.71251,0.71222,0.71236,25000.0
2022-03-04 23:48,0.71180000,0.71180000,0.71110000,0.71150000,134153.00000000,0.71235,0.71235,0.71168,0.71168,200.0,,,,,0.0
2022-03-04 23:49,0.71150000,0.71180000,0.71080000,0.71110000,96785.00000000,0.71265,0.71265,0.71136,0.7115,337.384575,,,,,0.0
2022-03-04 23:50,0.71110000,0.71190000,0.71100000,0.71150000,199026.00000000,0.71265,0.71265,0.71147,0.71246,1361.0,0.71187,0.71187,0.71187,0.71187,110.64280695
2022-03-04 23:51,0.71160000,0.71210000,0.71120000,0.71200000,183612.00000000,0.71244,0.7127,0.71244,0.7127,223.8,0.71257,0.71257,0.71257,0.71257,138.26314
2022-03-04 23:52,0.71190000,0.71190000,0.71140000,0.71170000,129603.00000000,,,,,,0.71213,0.71213,0.71213,0.71213,767.823
2022-03-04 23:53,0.71170000,0.71170000,0.71100000,0.71150000,199518.00000000,0.71212,0.71238,0.7114,0.71238,250.0,,,,,0.0
2022-03-04 23:54,0.71160000,0.71160000,0.71110000,0.71120000,90568.00000000,0.71169,0.71217,0.71169,0.71204,350.0,,,,,0.0
2022-03-04 23:55,0.71130000,0.71150000,0.71110000,0.71150000,137756.00000000,0.71188,0.71188,0.71188,0.71188,1025.17377014,,,,,0.0
2022-03-04 23:56,0.71140000,0.71180000,0.71140000,0.71180000,39366.00000000,0.71204,0.71231,0.71204,0.71231,53.891141,,,,,0.0
2022-03-04 23:57,0.71180000,0.71220000,0.71170000,0.71210000,147804.00000000,0.71273,0.71286,0.71273,0.71286,100.0,,,,,0.0
2022-03-04 23:58,0.71200000,0.71290000,0.71200000,0.71260000,97105.00000000,0.71294,0.71356,0.71293,0.71355,1417.0,,,,,0.0
2022-03-04 23:59,0.71260000,0.71290000,0.71260000,0.71270000,217405.00000000,0.71314,0.71314,0.71314,0.71314,100.0,,,,,0.0
2022-03-05 00:00,0.71270000,0.71310000,0.71210000,0.71310000,257963.00000000,0.71314,0.71318,0.71293,0.71295,8736.55070577,0.71238,0.71238,0.71238,0.71238,3262.0
2022-03-05 00:01,0.71300000,0.71300000,0.71020000,0.71030000,333206.00000000,0.71382,0.71382,0.71186,0.71186,150.0,0.71176,0.71176,0.71176,0.71176,8.61349757
2022-03-05 00:02,0.71030000,0.71070000,0.70810000,0.70850000,817894.00000000,0.7111,0.7111,0.70871,0.70871,5703.3163546,0.71115,0.71115,0.70958,0.70987,15112.601457519999
2022-03-05 00:03,0.70850000,0.71060000,0.70770000,0.71060000,393705.00000000,0.7086,0.71133,0.70833,0.71133,4465.0,0.70888,0.71044,0.70888,0.71044,437.75339112999995
2022-03-05 00:04,0.71060000,0.71120000,0.70960000,0.71090000,348377.00000000,0.71142,0.71168,0.71095,0.71103,23849.0,0.71044,0.71044,0.71044,0.71044,6.497281
2022-03-05 00:05,0.71100000,0.71100000,0.70950000,0.70980000,218721.00000000,0.71122,0.71122,0.71021,0.71021,19570.9999,,,,,0.0
2022-03-05 00:06,0.70990000,0.70990000,0.70780000,0.70780000,294729.00000000,0.71041,0.71041,0.70828,0.70828,650.0,,,,,0.0
2022-03-05 00:07,0.70770000,0.70960000,0.70740000,0.70940000,175763.00000000,0.70824,0.70957,0.70771,0.70957,2473.9999000000003,0.70848,0.70848,0.70848,0.70848,1410.56521671
2022-03-05 00:08,0.70930000,0.70950000,0.70760000,0.70820000,426856.00000000,0.71027,0.71035,0.70851,0.70851,1471.5839171,,,,,0.0
2022-03-05 00:09,0.70820000,0.70940000,0.70820000,0.70930000,109009.00000000,0.70866,0.70997,0.70866,0.70997,700.0,,,,,0.0
2022-03-05 00:10,0.70930000,0.71160000,0.70930000,0.71050000,202583.00000000,0.71,0.71248,0.71,0.71248,700.274508,0.70996,0.70996,0.70996,0.70996,416.78
2022-03-05 00:11,0.71040000,0.71080000,0.70990000,0.71000000,81862.00000000,0.71127,0.71148,0.71099,0.71099,2470.632834,0.71073,0.71093,0.71073,0.71093,178.8873096
2022-03-05 00:12,0.71000000,0.71170000,0.70930000,0.71140000,597740.00000000,0.71037,0.712,0.70993,0.712,32890.685091089996,,,,,0.0
2022-03-05 00:13,0.71140000,0.71180000,0.71070000,0.71100000,224563.00000000,0.712,0.712,0.71161,0.71161,7770.9999,,,,,0.0
2022-03-05 00:14,0.71080000,0.71210000,0.71050000,0.71150000,311552.00000000,0.712,0.71242,0.71189,0.71242,11617.82736386,0.71221,0.71246,0.71221,0.71246,3747.77804299
2022-03-05 00:15,0.71160000,0.71210000,0.70880000,0.70880000,196572.00000000,0.7127,0.71278,0.70939,0.70939,20957.90869504,0.71194,0.71194,0.71194,0.71194,280.0
2022-03-05 00:16,0.70890000,0.70980000,0.70800000,0.70800000,294876.00000000,0.71,0.71,0.71,0.71,50.0,0.71019,0.71019,0.70888,0.70888,1136.73485755
2022-03-05 00:17,0.70800000,0.71050000,0.70770000,0.71030000,454103.00000000,0.70815,0.71042,0.70815,0.71042,2559.8795965,,,,,0.0
2022-03-05 00:18,0.71040000,0.71070000,0.71020000,0.71020000,176738.00000000,0.71149,0.71149,0.71106,0.71106,100.0,,,,,0.0
2022-03-05 00:19,0.71030000,0.71050000,0.70930000,0.70950000,157347.00000000,0.71066,0.71066,0.71015,0.71015,746.629066,0.70988,0.70988,0.70988,0.70988,134.9486
2022-03-05 00:20,0.70950000,0.70990000,0.70900000,0.70910000,111170.00000000,0.70978,0.71029,0.7095,0.7097,3539.9999000000003,,,,,0.0
2022-03-05 00:21,0.70910000,0.70950000,0.70910000,0.70940000,96435.00000000,0.70988,0.70988,0.70946,0.70976,157.111724,0.70968,0.70978,0.70965,0.70965,688.0723273
2022-03-05 00:22,0.70940000,0.70970000,0.70930000,0.70970000,56056.00000000,0.71038,0.71038,0.71038,0.71038,100.0,,,,,0.0
2022-03-05 00:23,0.70960000,0.71000000,0.70950000,0.71000000,105525.00000000,0.7107,0.7107,0.71018,0.71018,150.0,,,,,0.0
2022-03-05 00:24,0.71000000,0.71010000,0.70980000,0.71010000,62778.00000000,0.71078,0.71079,0.71078,0.71079,1700.0,,,,,0.0
2022-03-05 00:25,0.71010000,0.71060000,0.70990000,0.71030000,121976.00000000,0.71088,0.71128,0.71088,0.71128,57.747929,,,,,0.0
2022-03-05 00:26,0.71020000,0.71130000,0.71020000,0.71130000,181300.00000000,0.71113,0.71208,0.71083,0.71204,4131.2059,0.71082,0.71082,0.71082,0.71082,63.191621
2022-03-05 00:27,0.71130000,0.71190000,0.71130000,0.71160000,211507.00000000,0.71231,0.71261,0.71204,0.7126,21661.64579839,0.71171,0.71171,0.71149,0.71149,1969.5452599999999
2022-03-05 00:28,0.71160000,0.71170000,0.71050000,0.71070000,474018.00000000,0.712,0.71255,0.71196,0.71196,789.40545,,,,,0.0
2022-03-05 00:29,0.71080000,0.71120000,0.71060000,0.71100000,210371.00000000,0.71159,0.71192,0.71142,0.71142,650.0,0.71125,0.71125,0.71125,0.71125,21.08963093
2022-03-05 00:30,0.71100000,0.71120000,0.71020000,0.71030000,299881.00000000,0.71173,0.71173,0.71124,0.71156,700.0,0.71121,0.71121,0.71121,0.71121,21.0908
2022-03-05 00:31,0.71030000,0.71040000,0.70950000,0.70950000,293186.00000000,0.71088,0.71088,0.71088,0.71088,250.0,,,,,0.0
2022-03-05 00:32,0.70950000,0.70960000,0.70790000,0.70790000,303955.00000000,0.71033,0.71033,0.70935,0.70935,757.24966,0.70963,0.70963,0.70876,0.70876,18305.9183948
2022-03-05 00:33,0.70780000,0.70800000,0.70510000,0.70550000,887324.00000000,0.70835,0.70835,0.70532,0.70533,13901.8246188,0.70761,0.70785,0.70604,0.70604,12192.20304203
2022-03-05 00:34,0.70560000,0.70740000,0.70560000,0.70700000,253198.00000000,0.70672,0.70821,0.70562,0.70746,24099.9999,0.7063,0.7063,0.7063,0.7063,18.9675
2022-03-05 00:35,0.70700000,0.70850000,0.70680000,0.70770000,301263.00000000,0.7074,0.70912,0.7074,0.70825,22160.0,0.70763,0.7079,0.70763,0.7079,1425.3212975400002
2022-03-05 00:36,0.70770000,0.70890000,0.70770000,0.70840000,40914.00000000,0.70859,0.70967,0.70859,0.70918,3503.21395914,0.70842,0.70842,0.70818,0.70818,27500.0
2022-03-05 00:37,0.70840000,0.70870000,0.70760000,0.70820000,101791.00000000,0.7094,0.70956,0.70846,0.70846,10250.0,0.70904,0.70904,0.70904,0.70904,139.209396
2022-03-05 00:38,0.70810000,0.70810000,0.70540000,0.70630000,550251.00000000,0.70864,0.70864,0.70595,0.70658,19309.72036816,0.70674,0.70674,0.70674,0.70674,706.8362885
2022-03-05 00:39,0.70630000,0.70640000,0.70540000,0.70540000,199112.00000000,0.70693,0.70694,0.70627,0.70627,187.678549,0.70647,0.70647,0.70647,0.70647,989.68284294
2022-03-05 00:40,0.70540000,0.70690000,0.70500000,0.70650000,180543.00000000,0.70595,0.70747,0.70595,0.70747,1100.0,0.70586,0.70586,0.70556,0.7056,7786.57347098
2022-03-05 00:41,0.70650000,0.70820000,0.70650000,0.70790000,418086.00000000,0.70735,0.70855,0.70735,0.70853,6385.80944594,,,,,0.0
2022-03-05 00:42,0.70790000,0.70830000,0.70740000,0.70750000,184970.00000000,0.7088,0.7088,0.70778,0.70778,3600.0,0.70762,0.70762,0.70762,0.70762,165.045
2022-03-05 00:43,0.70750000,0.70800000,0.70700000,0.70700000,191921.00000000,0.70794,0.70875,0.70749,0.70749,2887.632183,,,,,0.0
2022-03-05 00:44,0.70680000,0.70700000,0.70490000,0.70600000,278276.00000000,0.70726,0.70726,0.70519,0.70611,2105.6127,0.70628,0.70628,0.7057,0.70626,2847.80702096
2022-03-05 00:45,0.70600000,0.70710000,0.70600000,0.70710000,154594.00000000,0.70628,0.70747,0.70628,0.70747,2300.0,0.70672,0.70672,0.70672,0.70672,19.0
2022-03-05 00:46,0.70710000,0.70760000,0.70710000,0.70750000,110214.00000000,0.70756,0.70807,0.70756,0.70807,200.0,,,,,0.0
2022-03-05 00:47,0.70760000,0.70850000,0.70730000,0.70830000,105800.00000000,0.70804,0.70804,0.70787,0.70788,176.88975092,,,,,0.0
2022-03-05 00:48,0.70830000,0.70860000,0.70750000,0.70800000,351139.00000000,0.70857,0.70857,0.70857,0.70857,1000.0,,,,,0.0
2022-03-05 00:49,0.70800000,0.70810000,0.70780000,0.70790000,59823.00000000,0.70859,0.70859,0.70859,0.70859,150.0,0.70844,0.70844,0.70844,0.70844,53.70264
2022-03-05 00:50,0.70780000,0.70900000,0.70780000,0.70890000,115763.00000000,0.70824,0.70964,0.70824,0.70964,2799.9999,,,,,0.0
2022-03-05 00:51,0.70880000,0.70900000,0.70860000,0.70890000,147332.00000000,0.70946,0.70946,0.70946,0.70946,21.974909,0.70892,0.70892,0.70892,0.70892,2000.0
2022-03-05 00:52,0.70890000,0.70890000,0.70820000,0.70870000,112301.00000000,0.70923,0.70923,0.70923,0.70923,206.95401556000002,0.7091,0.7091,0.7091,0.7091,53.72586
2022-03-05 00:53,0.70870000,0.70880000,0.70760000,0.70770000,325427.00000000,,,,,,,,,,0.0
2022-03-05 00:54,0.70770000,0.70790000,0.70720000,0.70760000,122740.00000000,0.70795,0.70836,0.70795,0.70836,3000.0,0.70779,0.70799,0.70779,0.70799,497.0
2022-03-05 00:55,0.70770000,0.70840000,0.70740000,0.70790000,123178.00000000,0.70826,0.70826,0.70825,0.70825,1049.9999,,,,,0.0
2022-03-05 00:56,0.70790000,0.70850000,0.70740000,0.70750000,234214.00000000,0.70865,0.70865,0.70829,0.70829,2090.12473534,,,,,0.0
2022-03-05 00:57,0.70740000,0.70780000,0.70700000,0.70740000,289220.00000000,0.70797,0.70797,0.70742,0.70742,1401.17278362,0.70781,0.70781,0.70758,0.70768,13928.48923181
2022-03-05 00:58,0.70730000,0.70770000,0.70620000,0.70750000,689437.00000000,0.70736,0.70786,0.70667,0.70786,14660.779689,0.70697,0.70805,0.70697,0.70805,5648.5838817
2022-03-05 00:59,0.70760000,0.70840000,0.70730000,0.70780000,500077.00000000,0.70813,0.70884,0.70768,0.70884,4327.5839,0.70854,0.70854,0.70854,0.70854,209.88779903
2022-03-05 01:00,0.70780000,0.70930000,0.70770000,0.70920000,155681.00000000,0.70854,0.70972,0.70854,0.70972,4116.0614000000005,,,,,
2022-03-05 01:01,0.70930000,0.71050000,0.70920000,0.70990000,944430.00000000,0.70973,0.7112,0.70973,0.71029,7576.812,0.70996,0.70996,0.70996,0.70996,285.26947
2022-03-05 01:02,0.70980000,0.70980000,0.70670000,0.70680000,951165.00000000,0.71014,0.71014,0.70686,0.707,15661.91018083,0.70965,0.70965,0.70749,0.70749,11252.088474810002
2022-03-05 01:03,0.70680000,0.70980000,0.70500000,0.70960000,666018.00000000,0.70724,0.71054,0.70543,0.71049,35833.03144185,0.70684,0.70689,0.70638,0.70638,5206.81145098
2022-03-05 01:04,0.70950000,0.71210000,0.70950000,0.71200000,503989.00000000,0.71087,0.71273,0.71084,0.71273,6405.36677244,0.70994,0.71153,0.70994,0.71153,63219.28345081
2022-03-05 01:05,0.71190000,0.71360000,0.71190000,0.71290000,252322.00000000,0.7121,0.7142,0.7121,0.71387,6581.27201756,0.71221,0.71253,0.71221,0.71253,61.38894388999999
2022-03-05 01:06,0.71290000,0.71290000,0.71110000,0.71240000,320148.00000000,0.71369,0.71369,0.71126,0.71328,3671.15987461,0.71273,0.71299,0.71171,0.71299,549.37208887
2022-03-05 01:07,0.71240000,0.71250000,0.71110000,0.71190000,273532.00000000,0.71238,0.71312,0.71184,0.71312,1841.9999,,,,,0.0
2022-03-05 01:08,0.71190000,0.71280000,0.71190000,0.71270000,171820.00000000,0.71274,0.71366,0.71274,0.7135,24199.06843284,,,,,0.0
2022-03-05 01:09,0.71270000,0.71290000,0.71220000,0.71280000,134691.00000000,0.71347,0.71347,0.71302,0.71347,1850.0,0.713,0.713,0.713,0.713,6113.17206245
2022-03-05 01:10,0.71280000,0.71280000,0.71180000,0.71250000,105840.00000000,0.71257,0.71278,0.71254,0.71278,1200.0,0.71261,0.71261,0.71261,0.71261,550.0
2022-03-05 01:11,0.71250000,0.71310000,0.71240000,0.71270000,155690.00000000,0.71288,0.71395,0.71288,0.71367,1800.0,,,,,0.0
2022-03-05 01:12,0.71270000,0.71430000,0.71260000,0.71370000,250172.00000000,0.71392,0.71489,0.71392,0.71417,1350.0,0.71328,0.71331,0.71328,0.71331,108.5600829
2022-03-05 01:13,0.71370000,0.71410000,0.71360000,0.71410000,162870.00000000,0.71456,0.71483,0.71425,0.71483,928.44826,,,,,0.0
2022-03-05 01:14,0.71410000,0.71550000,0.71370000,0.71480000,707561.00000000,0.71487,0.71629,0.7141,0.71629,8673.12170952,0.71427,0.71462,0.71427,0.71462,47071.14310477
2022-03-05 01:15,0.71490000,0.71540000,0.71400000,0.71520000,326968.00000000,0.71589,0.71589,0.71461,0.71529,2826.2045995,0.71499,0.7155,0.71499,0.7155,3334.69
2022-03-05 01:16,0.71510000,0.71520000,0.71330000,0.71340000,426652.00000000,0.71403,0.71488,0.71359,0.71443,3104.381576,0.71429,0.71429,0.71429,0.71429,363.22180066
2022-03-05 01:17,0.71340000,0.71410000,0.71260000,0.71350000,387483.00000000,0.71364,0.71483,0.7129,0.71459,1695.79680362,0.71417,0.71417,0.71417,0.71417,29.74474693
2022-03-05 01:18,0.71350000,0.71350000,0.71230000,0.71260000,255621.00000000,0.71333,0.71367,0.71303,0.71336,686.57096,,,,,0.0
2022-03-05 01:19,0.71260000,0.71290000,0.71210000,0.71290000,101881.00000000,0.713,0.71331,0.71286,0.71288,250.0,0.71267,0.71286,0.71238,0.71238,2057.94042871
2022-03-05 01:20,0.71290000,0.71390000,0.71260000,0.71360000,229933.00000000,0.71341,0.71461,0.71341,0.71446,3637.346319,,,,,0.0
2022-03-05 01:21,0.71360000,0.71410000,0.71360000,0.71390000,77489.00000000,0.71445,0.71459,0.71445,0.71457,250.0,,,,,0.0
2022-03-05 01:22,0.71400000,0.71400000,0.71380000,0.71390000,32758.00000000,0.71424,0.71424,0.71424,0.71424,50.0,,,,,0.0
2022-03-05 01:23,0.71380000,0.71390000,0.71270000,0.71270000,126730.00000000,0.71457,0.71457,0.71365,0.71365,2354.7913562,0.71388,0.71388,0.71388,0.71388,655.7666061000001
2022-03-05 01:24,0.71270000,0.71380000,0.71270000,0.71360000,91164.00000000,0.71379,0.71426,0.71379,0.71426,398.04362427,0.71397,0.71397,0.71397,0.71397,2000.0
2022-03-05 01:25,0.71360000,0.71370000,0.71310000,0.71310000,194809.00000000,0.71425,0.71425,0.71425,0.71425,100.0,0.71394,0.714,0.71394,0.714,45000.0
2022-03-05 01:26,0.71330000,0.71340000,0.71190000,0.71190000,236971.00000000,0.71413,0.71413,0.71413,0.71413,50.0,,,,,0.0
2022-03-05 01:27,0.71170000,0.71250000,0.71110000,0.71230000,85810.00000000,0.71199,0.71214,0.71173,0.71214,1800.0,0.71238,0.71238,0.71209,0.71209,80.91138473
2022-03-05 01:28,0.71230000,0.71260000,0.71210000,0.71240000,50191.00000000,,,,,,,,,,0.0
2022-03-05 01:29,0.71230000,0.71290000,0.71230000,0.71290000,22345.00000000,0.71336,0.71336,0.71336,0.71336,50.0,,,,,0.0
2022-03-05 01:30,0.71290000,0.71300000,0.71200000,0.71210000,75187.00000000,0.71362,0.71362,0.71362,0.71362,50.0,,,,,0.0
2022-03-05 01:31,0.71210000,0.71210000,0.71120000,0.71140000,134908.00000000,,,,,,,,,,0.0
2022-03-05 01:32,0.71140000,0.71140000,0.71090000,0.71110000,123379.00000000,0.71217,0.71217,0.71133,0.71141,1562.6352250099999,,,,,0.0
2022-03-05 01:33,0.71100000,0.71150000,0.71100000,0.71120000,91304.00000000,0.71193,0.71211,0.71193,0.71211,150.0,,,,,0.0
2022-03-05 01:34,0.71110000,0.71150000,0.71090000,0.71150000,49966.00000000,0.71185,0.71185,0.71185,0.71185,1000.0,,,,,0.0
2022-03-05 01:35,0.71150000,0.71150000,0.71080000,0.71100000,158519.00000000,0.71209,0.71209,0.71125,0.71125,80500.0,0.71157,0.71157,0.71157,0.71157,318.42515702
2022-03-05 01:36,0.71100000,0.71110000,0.70930000,0.70930000,257359.00000000,0.71101,0.71101,0.70985,0.70987,698.66248694,0.71102,0.71102,0.71006,0.71006,3990.5542087599997
2022-03-05 01:37,0.70940000,0.71050000,0.70910000,0.70960000,654006.00000000,0.70988,0.7113,0.70988,0.71,7174.80330804,0.71014,0.71014,0.70995,0.70995,5964.29552345
2022-03-05 01:38,0.70940000,0.71010000,0.70880000,0.70960000,312720.00000000,0.70981,0.71057,0.70946,0.71057,1650.0,0.70959,0.70959,0.70959,0.70959,844.71159701
2022-03-05 01:39,0.70950000,0.71130000,0.70930000,0.71120000,272504.00000000,0.71034,0.71189,0.71034,0.71159,19017.24115573,,,,,0.0
2022-03-05 01:40,0.71130000,0.71200000,0.71120000,0.71190000,128469.00000000,0.71162,0.71262,0.71162,0.7122,3898.34161811,,,,,0.0
2022-03-05 01:41,0.71200000,0.71270000,0.71190000,0.71250000,147705.00000000,0.71229,0.713,0.71229,0.71286,3643.03720633,0.7126,0.7126,0.7126,0.7126,5000.0
2022-03-05 01:42,0.71260000,0.71260000,0.71210000,0.71230000,147117.00000000,0.71299,0.71324,0.7129,0.71318,1650.0,,,,,0.0
2022-03-05 01:43,0.71240000,0.71290000,0.71230000,0.71280000,155696.00000000,0.71316,0.71345,0.71316,0.71345,1100.0,0.71291,0.71291,0.71291,0.71291,70.0
2022-03-05 01:44,0.71280000,0.71370000,0.71200000,0.71230000,456146.00000000,0.71339,0.71409,0.71339,0.71378,13323.37248308,0.71327,0.71327,0.71327,0.71327,4073.2799999999997
2022-03-05 01:45,0.71240000,0.71250000,0.71180000,0.71240000,215289.00000000,0.71276,0.71309,0.71268,0.71309,8050.0,,,,,0.0
2022-03-05 01:46,0.71240000,0.71280000,0.71200000,0.71270000,233198.00000000,0.71302,0.71302,0.71245,0.7129,2101.44299884,,,,,0.0
2022-03-05 01:47,0.71270000,0.71280000,0.71250000,0.71270000,44215.00000000,0.71334,0.71334,0.71334,0.71334,50.0,0.71295,0.71308,0.71295,0.71308,21000.0
2022-03-05 01:48,0.71280000,0.71280000,0.71220000,0.71230000,75986.00000000,0.71294,0.71294,0.71266,0.71266,409.3088644,0.71261,0.71261,0.71261,0.71261,700.94441559
2022-03-05 01:49,0.71230000,0.71230000,0.71210000,0.71210000,54850.00000000,,,,,,,,,,0.0
2022-03-05 01:50,0.71200000,0.71200000,0.71130000,0.71150000,191662.00000000,0.71231,0.71231,0.71191,0.71218,295.11357855,0.71194,0.71194,0.71194,0.71194,3927.65101132
2022-03-05 01:51,0.71150000,0.71180000,0.71140000,0.71170000,123228.00000000,0.7119,0.71194,0.7119,0.71193,445.55,,,,,0.0
2022-03-05 01:52,0.71180000,0.71210000,0.71170000,0.71200000,18577.00000000,0.71217,0.71217,0.71217,0.71217,1000.0,,,,,0.0
2022-03-05 01:53,0.71200000,0.71230000,0.71170000,0.71190000,117764.00000000,0.71252,0.71252,0.71249,0.71249,1050.0,,,,,0.0
2022-03-05 01:54,0.71180000,0.71210000,0.71180000,0.71210000,58051.00000000,,,,,,,,,,0.0
2022-03-05 01:55,0.71210000,0.71220000,0.71090000,0.71150000,305601.00000000,0.71249,0.71249,0.71122,0.71142,9768.63539164,0.71195,0.71195,0.71179,0.71184,4111.977482869999
2022-03-05 01:56,0.71160000,0.71260000,0.71130000,0.71260000,78050.00000000,0.7123,0.71249,0.71205,0.71249,1100.0,,,,,0.0
2022-03-05 01:57,0.71250000,0.71250000,0.71210000,0.71210000,130923.00000000,0.71302,0.71302,0.71282,0.71282,479.695755,,,,,0.0
2022-03-05 01:58,0.71220000,0.71250000,0.71200000,0.71240000,67987.00000000,0.71282,0.71325,0.71282,0.71325,1282.80472507,,,,,0.0
2022-03-05 01:59,0.71240000,0.71280000,0.71210000,0.71270000,86443.00000000,0.7129,0.71302,0.7129,0.71302,1152.3587,,,,,0.0
2022-03-05 02:00,0.71270000,0.71300000,0.71270000,0.71300000,122576.00000000,0.71346,0.71376,0.71317,0.71317,1381.34367,,,,,0.0
2022-03-05 02:01,0.71290000,0.71310000,0.71290000,0.71310000,43644.00000000,,,,,,,,,,0.0
2022-03-05 02:02,0.71310000,0.71310000,0.71270000,0.71270000,195685.00000000,0.71352,0.71352,0.71332,0.71352,170.56,,,,,0.0
2022-03-05 02:03,0.71280000,0.71290000,0.71210000,0.71220000,125069.00000000,0.71351,0.71351,0.71243,0.71243,1419.03794593,,,,,0.0
2022-03-05 02:04,0.71220000,0.71230000,0.71210000,0.71230000,32987.00000000,0.71253,0.71253,0.71253,0.71253,250.0,,,,,0.0
2022-03-05 02:05,0.71220000,0.71340000,0.71220000,0.71300000,505301.00000000,0.71286,0.7139,0.71286,0.7139,3038.35119008,,,,,0.0
2022-03-05 02:06,0.71300000,0.71380000,0.71300000,0.71380000,60659.00000000,0.71382,0.714,0.71382,0.714,1017.0,0.71317,0.71328,0.71317,0.71328,312.6547067
2022-03-05 02:07,0.71380000,0.71400000,0.71340000,0.71360000,206960.00000000,0.714,0.71453,0.71379,0.71446,1150.0,,,,,0.0
2022-03-05 02:08,0.71360000,0.71410000,0.71350000,0.71380000,38294.00000000,0.71435,0.71484,0.7143,0.71484,200.0,,,,,0.0
2022-03-05 02:09,0.71380000,0.71440000,0.71380000,0.71430000,134246.00000000,0.71422,0.71465,0.71422,0.71465,86.166857,,,,,0.0
2022-03-05 02:10,0.71430000,0.71490000,0.71420000,0.71460000,94226.00000000,0.71489,0.71563,0.71489,0.71538,1052.61437718,0.71436,0.71436,0.71436,0.71436,52.7
2022-03-05 02:11,0.71460000,0.71480000,0.71410000,0.71470000,106615.00000000,0.71534,0.71536,0.71496,0.71535,1607.0,,,,,0.0
2022-03-05 02:12,0.71480000,0.71490000,0.71440000,0.71480000,52521.00000000,0.71532,0.71565,0.71532,0.71565,250.0,0.71436,0.71436,0.71436,0.71436,0.00428498
2022-03-05 02:13,0.71480000,0.71490000,0.71450000,0.71470000,87617.00000000,0.71522,0.71564,0.71522,0.71537,650.0,,,,,0.0
2022-03-05 02:14,0.71470000,0.71530000,0.71470000,0.71520000,52709.00000000,0.71537,0.71582,0.71537,0.71582,2700.0,0.71502,0.71502,0.71502,0.71502,70.09911879
2022-03-05 02:15,0.71520000,0.71550000,0.71500000,0.71550000,224731.00000000,0.71581,0.71581,0.71579,0.71579,1250.0,0.71542,0.71555,0.71542,0.71555,10000.00446729
2022-03-05 02:16,0.71560000,0.71580000,0.71530000,0.71580000,167684.00000000,0.716,0.71637,0.71574,0.71637,817.0,,,,,0.0
2022-03-05 02:17,0.71580000,0.71600000,0.71540000,0.71580000,106974.00000000,0.71621,0.71637,0.7162,0.71637,1589.87254233,,,,,0.0
2022-03-05 02:18,0.71590000,0.71670000,0.71580000,0.71670000,211562.00000000,0.71637,0.71728,0.71637,0.71728,3479.8976288,,,,,0.0
2022-03-05 02:19,0.71670000,0.71670000,0.71630000,0.71660000,98914.00000000,0.71687,0.71728,0.71687,0.71728,1650.0,,,,,0.0
2022-03-05 02:20,0.71670000,0.71680000,0.71500000,0.71510000,514803.00000000,0.71714,0.71714,0.71604,0.71605,12341.284526,,,,,0.0
2022-03-05 02:21,0.71500000,0.71500000,0.71380000,0.71450000,152076.00000000,0.71555,0.71555,0.71425,0.71524,1550.0,0.71515,0.71515,0.71407,0.71423,9857.2670853
2022-03-05 02:22,0.71450000,0.71490000,0.71450000,0.71480000,62915.00000000,0.71479,0.71543,0.71479,0.7154,1700.0,,,,,0.0
2022-03-05 02:23,0.71480000,0.71550000,0.71460000,0.71550000,62895.00000000,0.71523,0.71564,0.71522,0.71564,2050.0,0.71537,0.71537,0.71537,0.71537,698.93901058
2022-03-05 02:24,0.71560000,0.71700000,0.71560000,0.71610000,246693.00000000,0.71599,0.71757,0.71599,0.71739,5938.73209686,0.71643,0.71691,0.71643,0.71691,2213.83555276
2022-03-05 02:25,0.71610000,0.71640000,0.71460000,0.71470000,220597.00000000,0.71689,0.71696,0.71515,0.71515,10177.86737,,,,,0.0
2022-03-05 02:26,0.71460000,0.71590000,0.71460000,0.71550000,87198.00000000,0.71539,0.71644,0.71539,0.71644,1100.0,,,,,0.0
2022-03-05 02:27,0.71550000,0.71630000,0.71530000,0.71620000,117861.00000000,0.71611,0.7167,0.71611,0.71669,2000.0,,,,,0.0
2022-03-05 02:28,0.71620000,0.71620000,0.71590000,0.71610000,47607.00000000,0.71634,0.71681,0.71634,0.71681,1150.0,0.7165,0.7165,0.7165,0.7165,16.74808095
2022-03-05 02:29,0.71610000,0.71630000,0.71590000,0.71620000,74683.00000000,0.7167,0.71671,0.7167,0.71671,1413.32637089,,,,,0.0
2022-03-05 02:30,0.71620000,0.71650000,0.71550000,0.71610000,240129.00000000,0.7167,0.71671,0.71634,0.71667,4785.10628496,,,,,0.0
2022-03-05 02:31,0.71600000,0.71640000,0.71560000,0.71600000,198700.00000000,0.71686,0.71686,0.71686,0.71686,50.0,,,,,0.0
2022-03-05 02:32,0.71600000,0.71660000,0.71590000,0.71610000,118734.00000000,0.71663,0.71676,0.71626,0.71628,2948.06388178,,,,,0.0
2022-03-05 02:33,0.71620000,0.71660000,0.71620000,0.71660000,56356.00000000,0.71679,0.71692,0.71656,0.71692,350.0,,,,,0.0
2022-03-05 02:34,0.71650000,0.71670000,0.71650000,0.71650000,128041.00000000,0.71693,0.71717,0.71693,0.71713,372.434957,0.71694,0.71694,0.71694,0.71694,178.88142
2022-03-05 02:35,0.71650000,0.71750000,0.71590000,0.71740000,265867.00000000,0.7169,0.71799,0.71665,0.71799,4502.17944006,,,,,0.0
2022-03-05 02:36,0.71750000,0.71800000,0.71750000,0.71780000,119493.00000000,0.71796,0.71833,0.71796,0.71833,7459.20461315,0.71759,0.71759,0.71759,0.71759,48.73
2022-03-05 02:37,0.71780000,0.71790000,0.71710000,0.71730000,110587.00000000,0.71836,0.71836,0.71763,0.71763,1294.44933042,,,,,0.0
2022-03-05 02:38,0.71740000,0.71740000,0.71680000,0.71710000,102748.00000000,0.71763,0.71763,0.71742,0.71742,100.0,0.71757,0.71757,0.71757,0.71757,1586.69282797
2022-03-05 02:39,0.71710000,0.71750000,0.71700000,0.71700000,87643.00000000,0.7176,0.71761,0.71756,0.71756,350.0,,,,,0.0
2022-03-05 02:40,0.71700000,0.71700000,0.71570000,0.71570000,151725.00000000,0.71781,0.71782,0.7172,0.7172,650.0,,,,,0.0
2022-03-05 02:41,0.71580000,0.71670000,0.71510000,0.71640000,223618.00000000,0.71666,0.71666,0.71561,0.71561,1585.70516541,0.71575,0.71575,0.71575,0.71575,1116.21063996
2022-03-05 02:42,0.71650000,0.71680000,0.71630000,0.71640000,74931.00000000,0.71703,0.71726,0.71703,0.71726,2990.130835,0.717,0.717,0.71688,0.71688,1354.11771691
2022-03-05 02:43,0.71640000,0.71720000,0.71640000,0.71720000,130014.00000000,0.71719,0.71752,0.71719,0.71752,1289.97613185,0.71693,0.71693,0.71693,0.71693,100.0
2022-03-05 02:44,0.71720000,0.71720000,0.71620000,0.71640000,146275.00000000,0.71785,0.71785,0.71734,0.71734,1201.968274,,,,,0.0
2022-03-05 02:45,0.71640000,0.71740000,0.71640000,0.71710000,119987.00000000,0.71692,0.71762,0.71692,0.71727,3375.465328,0.7169,0.7169,0.7169,0.7169,16.73873623
2022-03-05 02:46,0.71710000,0.71760000,0.71700000,0.71750000,40862.00000000,0.71762,0.71762,0.71762,0.71762,182.251879,0.71757,0.71757,0.71757,0.71757,139.35922627
2022-03-05 02:47,0.71750000,0.71770000,0.71720000,0.71740000,64615.00000000,,,,,,0.71758,0.71758,0.71758,0.71758,1000.0
2022-03-05 02:48,0.71740000,0.71880000,0.71740000,0.71870000,254670.00000000,0.71809,0.71954,0.71809,0.71951,5151.0,0.71759,0.71784,0.71759,0.71784,131.82697395000002
2022-03-05 02:49,0.71870000,0.71890000,0.71830000,0.71880000,231762.00000000,0.71938,0.71953,0.71938,0.71953,100.0,0.71847,0.71847,0.71847,0.71847,52.21925
2022-03-05 02:50,0.71890000,0.71910000,0.71870000,0.71890000,207591.00000000,0.71956,0.71969,0.71925,0.71925,3004.81451618,0.71866,0.71866,0.71866,0.71866,52.3889
2022-03-05 02:51,0.71890000,0.72000000,0.71830000,0.71910000,454582.00000000,0.71916,0.72005,0.71888,0.71956,20145.24576992,0.71866,0.71957,0.71866,0.71957,8614.122319439999
2022-03-05 02:52,0.71910000,0.71970000,0.71910000,0.71940000,236675.00000000,0.71995,0.72041,0.71962,0.72041,2737.008115,0.71975,0.72001,0.71975,0.72001,4667.65882
2022-03-05 02:53,0.71950000,0.71980000,0.71940000,0.71970000,42523.00000000,0.72025,0.72025,0.72023,0.72023,850.0,0.7196,0.71976,0.7196,0.71976,1247.77804299
2022-03-05 02:54,0.71980000,0.72000000,0.71970000,0.71980000,115397.00000000,0.72023,0.72065,0.72023,0.72042,800.0,,,,,0.0
2022-03-05 02:55,0.71980000,0.72040000,0.71970000,0.72040000,829699.00000000,0.7204,0.72107,0.71994,0.72104,6750.0,,,,,0.0
2022-03-05 02:56,0.72030000,0.72040000,0.71980000,0.72010000,99123.00000000,0.72104,0.72104,0.72039,0.72039,150.0,,,,,0.0
2022-03-05 02:57,0.72010000,0.72060000,0.72000000,0.72010000,266172.00000000,0.7208,0.7213,0.7208,0.72083,2650.50630689,0.72035,0.7204,0.72035,0.7204,63.752300000000005
2022-03-05 02:58,0.72010000,0.72090000,0.72000000,0.72070000,117640.00000000,0.72033,0.72148,0.72033,0.72145,3221.353787,0.7204,0.72076,0.7204,0.72076,51.005561
2022-03-05 02:59,0.72070000,0.72100000,0.71930000,0.71930000,612755.00000000,0.72141,0.72141,0.71987,0.71987,6208.0849175700005,0.7207,0.7207,0.7207,0.7207,40.0
2022-03-05 03:00,0.71930000,0.71980000,0.71870000,0.71980000,258308.00000000,0.71966,0.72007,0.71919,0.72007,1450.0,0.71918,0.71918,0.71918,0.71918,1800.0
2022-03-05 03:01,0.71970000,0.72170000,0.71970000,0.72110000,1080091.00000000,0.72007,0.72258,0.72007,0.72156,7081.97023811,0.72062,0.72083,0.72062,0.72083,121.24114551
2022-03-05 03:02,0.72110000,0.72170000,0.72110000,0.72130000,335269.00000000,0.72208,0.72208,0.72167,0.72167,333.213038,,,,,0.0
2022-03-05 03:03,0.72120000,0.72140000,0.72100000,0.72110000,216769.00000000,0.72156,0.72185,0.72146,0.72185,350.0,0.72168,0.7217,0.72168,0.7217,8877.80358166
2022-03-05 03:04,0.72110000,0.72120000,0.71990000,0.72040000,361122.00000000,0.72152,0.72152,0.72034,0.72089,2370.1618599500002,0.72061,0.72084,0.72061,0.72084,12476.09139384
2022-03-05 03:05,0.72030000,0.72150000,0.71950000,0.71950000,315341.00000000,0.72065,0.72197,0.71993,0.71993,1786.32883455,0.72062,0.72062,0.72005,0.72007,8319.91735275
2022-03-05 03:06,0.71960000,0.72010000,0.71950000,0.71990000,159631.00000000,0.72006,0.7207,0.72006,0.7207,1139.0,0.72032,0.7205,0.72032,0.7205,3523.38224715
2022-03-05 03:07,0.71990000,0.72040000,0.71950000,0.71950000,208933.00000000,0.7207,0.7207,0.72015,0.72015,534.483519,0.7205,0.7205,0.7205,0.7205,831.92227619
2022-03-05 03:08,0.71960000,0.71980000,0.71920000,0.71960000,200699.00000000,0.72001,0.7205,0.71998,0.7205,1150.0,,,,,0.0
2022-03-05 03:09,0.71960000,0.71970000,0.71910000,0.71910000,86375.00000000,0.71998,0.7202,0.71992,0.71992,1000.0,,,,,0.0
2022-03-05 03:10,0.71920000,0.71940000,0.71820000,0.71870000,210622.00000000,0.71961,0.71992,0.71879,0.7188,3216.148847,,,,,0.0
2022-03-05 03:11,0.71860000,0.71900000,0.71780000,0.71790000,494858.00000000,0.71894,0.71966,0.71808,0.7181,1550.0,0.7194,0.7194,0.719,0.719,1152.01815512
2022-03-05 03:12,0.71780000,0.71830000,0.71780000,0.71800000,100164.00000000,0.71824,0.71865,0.71824,0.71836,970.659505,0.7184,0.71854,0.7184,0.71854,11123.19779758
2022-03-05 03:13,0.71800000,0.71840000,0.71750000,0.71810000,262911.00000000,0.71865,0.7189,0.71809,0.71846,4122.931284589999,0.71887,0.71887,0.71887,0.71887,188.163327
2022-03-05 03:14,0.71810000,0.71870000,0.71810000,0.71860000,61725.00000000,0.71852,0.71918,0.71852,0.71918,1500.0,0.71846,0.71846,0.71846,0.71846,128.39664
2022-03-05 03:15,0.71870000,0.71910000,0.71860000,0.71890000,125663.00000000,0.71925,0.71925,0.71924,0.71924,1237.042113,,,,,0.0
2022-03-05 03:16,0.71900000,0.71980000,0.71900000,0.71940000,104658.00000000,0.71958,0.7203,0.71958,0.72017,6215.32246952,0.71984,0.71984,0.71984,0.71984,73.036372
2022-03-05 03:17,0.71940000,0.72000000,0.71940000,0.71980000,91153.00000000,0.71967,0.72053,0.71967,0.72053,1200.0,0.71957,0.72009,0.71957,0.72009,38.26259727
2022-03-05 03:18,0.71980000,0.72040000,0.71970000,0.72010000,108981.00000000,0.72046,0.72081,0.72046,0.72081,1322.172867,,,,,0.0
2022-03-05 03:19,0.72000000,0.72030000,0.71970000,0.72030000,66377.00000000,0.72067,0.72067,0.72067,0.72067,999.9999,,,,,0.0
2022-03-05 03:20,0.72030000,0.72050000,0.71940000,0.71970000,182939.00000000,0.72078,0.72078,0.72053,0.72053,1041.803913,,,,,0.0
2022-03-05 03:21,0.71960000,0.72060000,0.71960000,0.72010000,118709.00000000,0.72046,0.72046,0.72046,0.72046,1000.0,0.72089,0.72089,0.72089,0.72089,18.76813768
2022-03-05 03:22,0.72010000,0.72030000,0.71980000,0.71990000,112481.00000000,0.72093,0.72093,0.72023,0.72023,200.0,0.72093,0.72093,0.72007,0.72007,263.30589
2022-03-05 03:23,0.71990000,0.72000000,0.71970000,0.71980000,82793.00000000,0.72034,0.72056,0.72034,0.72056,84.187844,,,,,0.0
2022-03-05 03:24,0.71980000,0.71980000,0.71920000,0.71960000,97390.00000000,,,,,,,,,,0.0
2022-03-05 03:25,0.71960000,0.72100000,0.71940000,0.72050000,245596.00000000,0.71984,0.72118,0.71984,0.72117,3400.0,,,,,0.0
2022-03-05 03:26,0.72050000,0.72140000,0.72050000,0.72130000,254862.00000000,0.72139,0.72156,0.72132,0.72156,5654.381166,,,,,0.0
2022-03-05 03:27,0.72130000,0.72180000,0.72120000,0.72140000,228069.00000000,0.72189,0.72255,0.72189,0.72212,3350.0,0.72185,0.72185,0.72185,0.72185,596.36
2022-03-05 03:28,0.72150000,0.72160000,0.72100000,0.72140000,204263.00000000,0.72207,0.72207,0.72176,0.72194,2587.60300764,,,,,0.0
2022-03-05 03:29,0.72130000,0.72150000,0.72100000,0.72130000,71965.00000000,0.72194,0.72194,0.7215,0.7215,100.0,,,,,0.0
2022-03-05 03:30,0.72120000,0.72130000,0.72050000,0.72080000,106808.00000000,0.72062,0.72142,0.72062,0.72142,500.0,,,,,0.0
2022-03-05 03:31,0.72080000,0.72110000,0.72080000,0.72110000,57775.00000000,0.72142,0.72142,0.72142,0.72142,650.0,0.72148,0.72148,0.72148,0.72148,130.86046305
2022-03-05 03:32,0.72120000,0.72200000,0.72120000,0.72200000,448011.00000000,0.72211,0.72275,0.72211,0.7226,1799.9999,0.72192,0.72223,0.72185,0.72185,10184.65269951
2022-03-05 03:33,0.72190000,0.72200000,0.72160000,0.72200000,293648.00000000,0.7223,0.72294,0.72209,0.72293,2192.4795599999998,,,,,0.0
2022-03-05 03:34,0.72190000,0.72260000,0.72180000,0.72180000,735285.00000000,0.72294,0.72335,0.72241,0.7228,7083.03838217,,,,,0.0
2022-03-05 03:35,0.72190000,0.72230000,0.72190000,0.72220000,61897.00000000,0.72275,0.72275,0.72245,0.72245,100.0,0.72268,0.72268,0.72268,0.72268,594.3737547
2022-03-05 03:36,0.72220000,0.72220000,0.72200000,0.72210000,60960.00000000,0.72259,0.72294,0.72259,0.72294,100.0,0.72263,0.72263,0.72263,0.72263,16.60485969
2022-03-05 03:37,0.72220000,0.72230000,0.72190000,0.72230000,131648.00000000,0.72296,0.72296,0.72235,0.72235,350.0,,,,,0.0
2022-03-05 03:38,0.72220000,0.72230000,0.72130000,0.72230000,410543.00000000,0.72275,0.72305,0.72198,0.72239,9049.59677628,,,,,0.0
2022-03-05 03:39,0.72240000,0.72240000,0.72170000,0.72200000,607081.00000000,0.72314,0.72314,0.72248,0.72248,400.0,0.72283,0.72283,0.72235,0.72235,192.997591
2022-03-05 03:40,0.72190000,0.72230000,0.72180000,0.72220000,100302.00000000,0.72248,0.72286,0.72248,0.72286,595.0728839999999,,,,,0.0
2022-03-05 03:41,0.72220000,0.72240000,0.72200000,0.72230000,267277.00000000,0.72286,0.72286,0.7227,0.72279,1462.85974001,,,,,0.0
2022-03-05 03:42,0.72230000,0.72240000,0.72200000,0.72210000,47453.00000000,0.72278,0.72307,0.72252,0.72256,4400.0,,,,,0.0
2022-03-05 03:43,0.72210000,0.72220000,0.72180000,0.72190000,219306.00000000,0.72251,0.72251,0.72251,0.72251,300.0,0.7225,0.72258,0.7225,0.72258,375.007
2022-03-05 03:44,0.72200000,0.72200000,0.72180000,0.72190000,21240.00000000,0.7226,0.7226,0.72235,0.7226,200.0,,,,,0.0
2022-03-05 03:45,0.72190000,0.72210000,0.72180000,0.72180000,50249.00000000,0.72237,0.72237,0.72237,0.72237,50.0,,,,,0.0
2022-03-05 03:46,0.72180000,0.72220000,0.72160000,0.72180000,257358.00000000,0.72222,0.72257,0.72222,0.72239,1150.0,,,,,0.0
2022-03-05 03:47,0.72180000,0.72190000,0.72170000,0.72170000,152080.00000000,0.72237,0.72237,0.72237,0.72237,100.0,0.72231,0.72231,0.72231,0.72231,541.0
2022-03-05 03:48,0.72170000,0.72180000,0.72090000,0.72100000,358967.00000000,0.72177,0.72193,0.72099,0.7213,2150.0,,,,,0.0
2022-03-05 03:49,0.72100000,0.72110000,0.72090000,0.72090000,280306.00000000,0.72131,0.72131,0.72131,0.72131,200.0,0.72145,0.72145,0.72145,0.72145,165.0
2022-03-05 03:50,0.72100000,0.72140000,0.72030000,0.72130000,490180.00000000,0.72063,0.72181,0.72063,0.72181,2407.20566011,0.7213,0.7213,0.7213,0.7213,14.14281427
2022-03-05 03:51,0.72130000,0.72160000,0.72120000,0.72150000,152422.00000000,0.72159,0.72172,0.72159,0.72172,550.0,0.72181,0.72181,0.72181,0.72181,19.37795986
2022-03-05 03:52,0.72150000,0.72160000,0.72100000,0.72110000,589208.00000000,0.72172,0.72216,0.72154,0.72182,8360.7049782,0.72164,0.72164,0.72164,0.72164,15.0
2022-03-05 03:53,0.72120000,0.72130000,0.72100000,0.72100000,125882.00000000,0.72168,0.72168,0.72168,0.72168,50.0,0.72164,0.72164,0.72137,0.72137,6977.2001
2022-03-05 03:54,0.72100000,0.72110000,0.72090000,0.72090000,31835.00000000,0.72147,0.72147,0.72132,0.72132,300.0,,,,,0.0
2022-03-05 03:55,0.72090000,0.72090000,0.72070000,0.72070000,35720.00000000,0.72153,0.72153,0.72115,0.72116,3569.260838,0.72119,0.72119,0.72119,0.72119,16.63501393
2022-03-05 03:56,0.72070000,0.72080000,0.72070000,0.72080000,71266.00000000,0.72115,0.72125,0.72115,0.72125,100.0,,,,,0.0
2022-03-05 03:57,0.72080000,0.72090000,0.72070000,0.72070000,501473.00000000,0.72115,0.72115,0.72115,0.72115,350.0,,,,,0.0
2022-03-05 03:58,0.72080000,0.72090000,0.72070000,0.72080000,149735.00000000,0.72123,0.72123,0.72115,0.72115,284.412522,,,,,0.0
2022-03-05 03:59,0.72070000,0.72090000,0.72020000,0.72050000,294280.00000000,0.72115,0.72115,0.72071,0.72086,1159.03914261,,,,,0.0
2022-03-05 04:00,0.72050000,0.72120000,0.72050000,0.72110000,66771.00000000,0.72113,0.72113,0.72105,0.72105,574.35610285,,,,,0.0
2022-03-05 04:01,0.72110000,0.72140000,0.72100000,0.72130000,188379.00000000,0.72164,0.72164,0.72151,0.72151,421.90912,,,,,0.0
2022-03-05 04:02,0.72140000,0.72150000,0.72050000,0.72050000,140437.00000000,0.722,0.72201,0.72099,0.72099,2350.0,,,,,0.0
2022-03-05 04:03,0.72050000,0.72050000,0.71900000,0.71920000,229447.00000000,0.72039,0.7204,0.71983,0.71983,1995.93072398,0.71959,0.71959,0.71959,0.71959,1388.32469493
2022-03-05 04:04,0.71920000,0.72040000,0.71920000,0.72040000,141862.00000000,0.71956,0.71981,0.71956,0.71972,1200.0,0.7204,0.7204,0.7204,0.7204,88.2315385
2022-03-05 04:05,0.72040000,0.72070000,0.72020000,0.72040000,168943.00000000,0.72094,0.72102,0.72085,0.72085,1285.7647382100001,,,,,0.0
2022-03-05 04:06,0.72040000,0.72040000,0.71920000,0.71960000,426549.00000000,0.71997,0.71997,0.71997,0.71997,1000.0,0.72057,0.72057,0.72057,0.72057,403.3998
2022-03-05 04:07,0.71960000,0.71990000,0.71950000,0.71970000,89815.00000000,0.72,0.72006,0.72,0.72006,250.0,,,,,0.0
2022-03-05 04:08,0.71970000,0.71990000,0.71950000,0.71950000,102979.00000000,0.72,0.72021,0.72,0.72018,1199.9999,0.71977,0.71977,0.71961,0.71961,20000.0
2022-03-05 04:09,0.71950000,0.71980000,0.71950000,0.71950000,117053.00000000,0.72025,0.72025,0.72025,0.72025,50.0,0.71981,0.71981,0.71961,0.71961,50000.0
2022-03-05 04:10,0.71950000,0.71950000,0.71880000,0.71900000,285566.00000000,0.71959,0.71976,0.71906,0.71943,3150.0,,,,,0.0
2022-03-05 04:11,0.71900000,0.71920000,0.71780000,0.71860000,430519.00000000,0.71934,0.71934,0.71824,0.71919,5541.0016303,,,,,0.0
2022-03-05 04:12,0.71850000,0.71900000,0.71850000,0.71850000,55193.00000000,0.71919,0.71919,0.71917,0.71917,177.30628048,0.71897,0.71897,0.71897,0.71897,16.67569934
2022-03-05 04:13,0.71850000,0.71860000,0.71790000,0.71840000,82830.00000000,0.71866,0.71899,0.71835,0.71851,1900.0,0.7189,0.7189,0.71855,0.71877,825.42037467
2022-03-05 04:14,0.71830000,0.71860000,0.71820000,0.71830000,163336.00000000,0.71876,0.71876,0.71876,0.71876,150.0,0.71874,0.71874,0.71874,0.71874,344.0597023
2022-03-05 04:15,0.71830000,0.71850000,0.71790000,0.71810000,101066.00000000,0.71848,0.71849,0.71848,0.71849,353.628052,0.71855,0.71855,0.71855,0.71855,15.0605
2022-03-05 04:16,0.71810000,0.71880000,0.71810000,0.71820000,75559.00000000,0.71924,0.7195,0.71905,0.7195,750.0,,,,,0.0
2022-03-05 04:17,0.71820000,0.71830000,0.71800000,0.71800000,157304.00000000,0.71843,0.7186,0.71843,0.7186,350.0,,,,,0.0
2022-03-05 04:18,0.71810000,0.71850000,0.71810000,0.71830000,41384.00000000,0.71886,0.71886,0.71886,0.71886,50.0,,,,,0.0
2022-03-05 04:19,0.71830000,0.71840000,0.71800000,0.71820000,115892.00000000,0.71858,0.71917,0.71858,0.71917,5684.967114,0.71876,0.71876,0.71876,0.71876,1354.10289942
2022-03-05 04:20,0.71820000,0.71890000,0.71800000,0.71850000,298802.00000000,0.71874,0.71962,0.71874,0.71962,1500.0,0.71876,0.71876,0.71876,0.71876,57.37937559
2022-03-05 04:21,0.71850000,0.71880000,0.71850000,0.71870000,26011.00000000,0.71917,0.71917,0.71909,0.71909,6277.616,,,,,0.0
2022-03-05 04:22,0.71870000,0.71880000,0.71840000,0.71850000,55468.00000000,0.71933,0.71933,0.7188,0.71911,864.815802,,,,,0.0
2022-03-05 04:23,0.71840000,0.71870000,0.71830000,0.71870000,159446.00000000,0.71893,0.71893,0.71893,0.71893,50.0,,,,,0.0
2022-03-05 04:24,0.71860000,0.71880000,0.71860000,0.71870000,29458.00000000,0.7191,0.71931,0.71906,0.71906,255.0,0.71868,0.71904,0.71856,0.71904,73.92491027
2022-03-05 04:25,0.71870000,0.71880000,0.71850000,0.71850000,43132.00000000,0.71929,0.71939,0.71929,0.71939,150.0,,,,,0.0
2022-03-05 04:26,0.71850000,0.71860000,0.71830000,0.71860000,297823.00000000,0.71889,0.7189,0.71889,0.7189,550.0,0.71854,0.71854,0.71804,0.71804,100000.0
2022-03-05 04:27,0.71850000,0.71850000,0.71790000,0.71800000,321831.00000000,0.7189,0.7189,0.7189,0.7189,500.0,0.71826,0.71826,0.71826,0.71826,300.0
2022-03-05 04:28,0.71790000,0.71800000,0.71790000,0.71790000,24313.00000000,,,,,,,,,,0.0
2022-03-05 04:29,0.71800000,0.71810000,0.71780000,0.71790000,59137.00000000,0.71817,0.71818,0.71817,0.71818,150.0,,,,,0.0
2022-03-05 04:30,0.71800000,0.71820000,0.71790000,0.71820000,202818.00000000,0.71825,0.71846,0.71814,0.71846,450.0,,,,,0.0
2022-03-05 04:31,0.71820000,0.71870000,0.71820000,0.71850000,59616.00000000,0.71918,0.71918,0.71874,0.71874,1050.0,,,,,0.0
2022-03-05 04:32,0.71850000,0.71970000,0.71850000,0.71950000,96100.00000000,0.71916,0.71963,0.71916,0.71963,150.0,,,,,0.0
2022-03-05 04:33,0.71940000,0.71950000,0.71880000,0.71900000,103196.00000000,0.71983,0.71983,0.71983,0.71983,50.0,,,,,0.0
2022-03-05 04:34,0.71900000,0.71900000,0.71730000,0.71770000,164696.00000000,0.7191,0.7191,0.71766,0.71812,1564.0,0.71827,0.71827,0.71826,0.71826,61.481101460000005
2022-03-05 04:35,0.71760000,0.71770000,0.71660000,0.71670000,153328.00000000,0.71742,0.71742,0.71682,0.71683,6025.44837296,0.71746,0.71746,0.71746,0.71746,52.23120551
2022-03-05 04:36,0.71670000,0.71730000,0.71610000,0.71730000,242821.00000000,0.71712,0.71732,0.71655,0.71732,1000.0,0.71662,0.71716,0.71656,0.71716,1081.59064801
2022-03-05 04:37,0.71720000,0.71800000,0.71720000,0.71800000,74811.00000000,0.71806,0.7186,0.71799,0.7186,700.0,0.71745,0.71745,0.71745,0.71745,7.9929
2022-03-05 04:38,0.71800000,0.72000000,0.71800000,0.71990000,101810.00000000,0.71847,0.7199,0.71846,0.71976,4625.1343017300005,,,,,0.0
2022-03-05 04:39,0.72000000,0.72020000,0.71970000,0.71970000,109470.00000000,0.72064,0.72102,0.72014,0.72036,3399.65034414,,,,,0.0
2022-03-05 04:40,0.71970000,0.72020000,0.71960000,0.72000000,123192.00000000,0.72036,0.72083,0.72036,0.72081,1311.97313949,,,,,0.0
2022-03-05 04:41,0.72000000,0.72140000,0.72000000,0.72130000,156977.00000000,0.72085,0.72161,0.72085,0.72161,16671.39672062,0.72083,0.72083,0.72083,0.72083,52.23120551
2022-03-05 04:42,0.72120000,0.72220000,0.72100000,0.72120000,651351.00000000,0.72164,0.72317,0.7214,0.72226,14222.8078694,0.72119,0.72122,0.72119,0.72122,2553.19333492
2022-03-05 04:43,0.72130000,0.72130000,0.71940000,0.71950000,178877.00000000,0.72081,0.72081,0.72081,0.72081,500.0,,,,,0.0
2022-03-05 04:44,0.71960000,0.72020000,0.71890000,0.71960000,223028.00000000,0.72059,0.72059,0.71987,0.72004,1973.0157000000002,,,,,0.0
2022-03-05 04:45,0.71960000,0.71980000,0.71860000,0.71860000,222035.00000000,0.71975,0.72017,0.71971,0.71971,203.0,,,,,0.0
2022-03-05 04:46,0.71850000,0.71900000,0.71820000,0.71870000,55821.00000000,0.71971,0.71972,0.719,0.71972,300.05576776,0.71893,0.71898,0.71893,0.71898,27836.90402759
2022-03-05 04:47,0.71880000,0.71900000,0.71830000,0.71850000,108474.00000000,,,,,,,,,,0.0
2022-03-05 04:48,0.71850000,0.71910000,0.71840000,0.71890000,95128.00000000,0.71884,0.71884,0.71884,0.71884,50.0,0.71841,0.71841,0.71841,0.71841,5.60062
2022-03-05 04:49,0.71880000,0.71900000,0.71860000,0.71860000,35981.00000000,0.71911,0.71911,0.71911,0.71911,50.0,,,,,0.0
2022-03-05 04:50,0.71860000,0.71860000,0.71810000,0.71820000,80452.00000000,0.71852,0.71852,0.71852,0.71852,50.0,,,,,0.0
2022-03-05 04:51,0.71820000,0.71870000,0.71760000,0.71760000,417349.00000000,0.71959,0.71959,0.71867,0.71867,7162.1706494,,,,,0.0
2022-03-05 04:52,0.71750000,0.71950000,0.71720000,0.71950000,323696.00000000,0.71824,0.71995,0.71755,0.71995,208.72334756,0.71866,0.71866,0.71823,0.71823,3511.75188637
2022-03-05 04:53,0.71950000,0.71990000,0.71920000,0.71940000,185773.00000000,0.71982,0.72021,0.71969,0.72021,2099.70477937,,,,,0.0
2022-03-05 04:54,0.71940000,0.71950000,0.71780000,0.71830000,115442.00000000,0.72018,0.72018,0.71894,0.71923,1217.822363,,,,,0.0
2022-03-05 04:55,0.71840000,0.71930000,0.71820000,0.71930000,80823.00000000,,,,,,,,,,0.0
2022-03-05 04:56,0.71930000,0.71960000,0.71880000,0.71950000,144591.00000000,0.71983,0.7203,0.7193,0.7203,68.08815,,,,,0.0
2022-03-05 04:57,0.71960000,0.71990000,0.71960000,0.71970000,63292.00000000,0.7203,0.72053,0.72004,0.72047,925.966402,0.71992,0.71992,0.71992,0.71992,107.27136348
2022-03-05 04:58,0.71980000,0.71990000,0.71950000,0.71980000,60314.00000000,0.72047,0.72055,0.72012,0.72042,166.923981,,,,,0.0
2022-03-05 04:59,0.71980000,0.71980000,0.71900000,0.71940000,53782.00000000,0.72011,0.72035,0.71939,0.72009,510.206176,,,,,0.0
2022-03-05 05:00,0.71950000,0.71990000,0.71930000,0.71990000,49228.00000000,0.7198,0.72043,0.7198,0.72042,152.449497,0.71982,0.72008,0.71982,0.72008,70000.0
2022-03-05 05:01,0.71990000,0.72030000,0.71950000,0.71960000,245265.00000000,0.72077,0.72077,0.72077,0.72077,50.0,,,,,0.0
2022-03-05 05:02,0.71960000,0.71980000,0.71940000,0.71960000,62747.00000000,0.72042,0.72042,0.72042,0.72042,50.0,0.71973,0.71984,0.71973,0.71984,13683.324
2022-03-05 05:03,0.71960000,0.71980000,0.71920000,0.71940000,98119.00000000,0.72049,0.72051,0.72006,0.72006,752.401728,,,,,0.0
2022-03-05 05:04,0.71940000,0.71980000,0.71930000,0.71940000,127411.00000000,0.71973,0.71995,0.71973,0.71995,200.0,0.71961,0.71961,0.71961,0.71961,300.0
2022-03-05 05:05,0.71940000,0.71970000,0.71910000,0.71940000,348544.00000000,0.72016,0.72033,0.7198,0.72033,700.0,,,,,0.0
2022-03-05 05:06,0.71950000,0.71960000,0.71940000,0.71950000,61564.00000000,0.72019,0.72019,0.72019,0.72019,150.0,,,,,0.0
2022-03-05 05:07,0.71960000,0.72130000,0.71960000,0.72050000,346595.00000000,0.72127,0.72222,0.72127,0.72222,1350.0,,,,,0.0
2022-03-05 05:08,0.72050000,0.72090000,0.72040000,0.72040000,83040.00000000,0.72167,0.72167,0.72103,0.72103,84.528086,,,,,0.0
2022-03-05 05:09,0.72040000,0.72110000,0.72030000,0.72100000,188229.00000000,0.7208,0.72191,0.7208,0.72191,100.0,,,,,0.0
2022-03-05 05:10,0.72090000,0.72130000,0.72040000,0.72100000,115283.00000000,0.72199,0.72199,0.72134,0.72134,992.8,0.72124,0.72124,0.72124,0.72124,123.87786
2022-03-05 05:11,0.72090000,0.72110000,0.72090000,0.72100000,20568.00000000,0.72141,0.72175,0.72141,0.72175,400.0,,,,,0.0
2022-03-05 05:12,0.72110000,0.72110000,0.72090000,0.72110000,26767.00000000,0.72173,0.72173,0.72173,0.72173,50.0,,,,,0.0
2022-03-05 05:13,0.72100000,0.72170000,0.72100000,0.72110000,142558.00000000,0.72154,0.72224,0.72154,0.72224,1051.06,0.72154,0.72154,0.72154,0.72154,27.0
2022-03-05 05:14,0.72120000,0.72150000,0.72120000,0.72130000,19774.00000000,0.72195,0.72198,0.72195,0.72198,85.89925199999999,,,,,0.0
2022-03-05 05:15,0.72120000,0.72130000,0.72090000,0.72090000,139882.00000000,0.72136,0.72169,0.72136,0.72169,86.917806,0.72124,0.72124,0.72124,0.72124,108.0
2022-03-05 05:16,0.72100000,0.72100000,0.72030000,0.72070000,733599.00000000,0.72136,0.72136,0.72136,0.72136,3790.80920045,,,,,0.0
2022-03-05 05:17,0.72080000,0.72090000,0.72070000,0.72080000,52315.00000000,0.72159,0.72159,0.72115,0.72115,100.0,,,,,0.0
2022-03-05 05:18,0.72090000,0.72190000,0.72090000,0.72190000,109054.00000000,0.72217,0.72243,0.72217,0.72243,1871.7117445,,,,,0.0
2022-03-05 05:19,0.72190000,0.72210000,0.72180000,0.72190000,113605.00000000,0.72219,0.72276,0.72219,0.72269,600.96888566,,,,,0.0
2022-03-05 05:20,0.72190000,0.72200000,0.72120000,0.72130000,57026.00000000,0.72265,0.72279,0.72161,0.72162,5802.704645,0.72189,0.72189,0.72153,0.72153,1745.4081188300001
2022-03-05 05:21,0.72130000,0.72200000,0.72130000,0.72160000,93798.00000000,0.72205,0.72236,0.72205,0.72236,1289.26954923,,,,,0.0
2022-03-05 05:22,0.72150000,0.72170000,0.72150000,0.72170000,45592.00000000,0.72232,0.72232,0.72229,0.72229,350.0,,,,,0.0
2022-03-05 05:23,0.72170000,0.72210000,0.72160000,0.72200000,144399.00000000,0.72247,0.72263,0.72246,0.72263,223.739787,,,,,0.0
2022-03-05 05:24,0.72210000,0.72210000,0.72180000,0.72180000,53194.00000000,0.72285,0.72287,0.72284,0.72284,700.0,,,,,0.0
2022-03-05 05:25,0.72180000,0.72200000,0.72150000,0.72180000,92852.00000000,0.72267,0.72267,0.72201,0.72265,650.0,,,,,0.0
2022-03-05 05:26,0.72190000,0.72230000,0.72190000,0.72210000,78221.00000000,0.72284,0.72292,0.72284,0.72292,550.0,0.72192,0.72232,0.72192,0.72232,132.69507099999998
2022-03-05 05:27,0.72210000,0.72240000,0.72190000,0.72200000,123712.00000000,0.72292,0.72292,0.72287,0.72287,336.996948,0.72243,0.72243,0.72243,0.72243,132.695071
2022-03-05 05:28,0.72200000,0.72200000,0.72160000,0.72180000,125013.00000000,0.72272,0.72272,0.72272,0.72272,50.0,0.72233,0.72233,0.72233,0.72233,135.710903
2022-03-05 05:29,0.72190000,0.72200000,0.72160000,0.72180000,138478.00000000,0.72225,0.72251,0.72225,0.72251,400.0,,,,,0.0
2022-03-05 05:30,0.72180000,0.72210000,0.72170000,0.72180000,91647.00000000,0.72216,0.72266,0.72215,0.7226,1150.0,0.72232,0.72232,0.72232,0.72232,17.99
2022-03-05 05:31,0.72180000,0.72180000,0.72140000,0.72170000,107014.00000000,0.7226,0.7226,0.72214,0.72214,100.0,,,,,0.0
2022-03-05 05:32,0.72160000,0.72180000,0.72140000,0.72150000,76890.00000000,0.72195,0.72195,0.72178,0.72178,150.0,,,,,0.0
2022-03-05 05:33,0.72140000,0.72160000,0.72130000,0.72160000,58246.00000000,,,,,,0.72232,0.72232,0.72232,0.72232,306.01
2022-03-05 05:34,0.72160000,0.72200000,0.72150000,0.72200000,106235.00000000,0.7229,0.7229,0.7229,0.7229,50.0,0.72237,0.72237,0.72237,0.72237,281.81167545
2022-03-05 05:35,0.72200000,0.72200000,0.72150000,0.72180000,212852.00000000,0.72272,0.72272,0.72272,0.72272,7.985017,,,,,0.0
2022-03-05 05:36,0.72180000,0.72220000,0.72180000,0.72200000,62518.00000000,0.72216,0.72277,0.72216,0.72277,150.0,0.72236,0.72249,0.72236,0.72249,384.00002216
2022-03-05 05:37,0.72190000,0.72190000,0.72170000,0.72170000,31102.00000000,0.72217,0.72224,0.72217,0.72224,300.0,,,,,0.0
2022-03-05 05:38,0.72180000,0.72180000,0.72110000,0.72110000,89798.00000000,0.72249,0.72249,0.72249,0.72249,200.0,0.7221,0.7221,0.7221,0.7221,715.3
2022-03-05 05:39,0.72110000,0.72120000,0.72100000,0.72110000,43670.00000000,0.72168,0.72168,0.72167,0.72167,150.0,,,,,0.0
2022-03-05 05:40,0.72110000,0.72120000,0.72090000,0.72110000,83735.00000000,0.72154,0.72154,0.72154,0.72154,100.0,,,,,0.0
2022-03-05 05:41,0.72120000,0.72140000,0.72110000,0.72120000,117072.00000000,0.72155,0.72161,0.72155,0.72161,250.0,,,,,0.0
2022-03-05 05:42,0.72130000,0.72150000,0.72120000,0.72140000,64855.00000000,,,,,,,,,,0.0
2022-03-05 05:43,0.72130000,0.72130000,0.72030000,0.72040000,112977.00000000,0.72094,0.72094,0.72086,0.72086,2150.0,,,,,0.0
2022-03-05 05:44,0.72040000,0.72040000,0.72010000,0.72010000,54333.00000000,,,,,,,,,,0.0
2022-03-05 05:45,0.72020000,0.72040000,0.71990000,0.71990000,449576.00000000,0.72071,0.72071,0.72042,0.72042,150.0,,,,,0.0
2022-03-05 05:46,0.71990000,0.72060000,0.71970000,0.72050000,142560.00000000,0.72072,0.72096,0.72072,0.72092,218.35953999999998,0.72035,0.72097,0.72035,0.72097,383.6426993
2022-03-05 05:47,0.72060000,0.72070000,0.72050000,0.72060000,30653.00000000,0.72151,0.72151,0.72151,0.72151,350.0,0.72097,0.72106,0.72097,0.72106,744.9150148
2022-03-05 05:48,0.72070000,0.72150000,0.72060000,0.72130000,85510.00000000,0.72173,0.72178,0.72173,0.72178,166.922631,,,,,0.0
2022-03-05 05:49,0.72140000,0.72140000,0.72110000,0.72120000,53462.00000000,0.72211,0.72211,0.72151,0.72196,287.575081,0.7216,0.7216,0.72155,0.72155,146.791
2022-03-05 05:50,0.72120000,0.72120000,0.72060000,0.72080000,98127.00000000,0.72158,0.72166,0.72158,0.72166,133.596692,,,,,0.0
2022-03-05 05:51,0.72090000,0.72090000,0.72050000,0.72060000,49601.00000000,,,,,,,,,,0.0
2022-03-05 05:52,0.72060000,0.72060000,0.72010000,0.72010000,32960.00000000,0.7209,0.7209,0.72087,0.72087,684.222472,,,,,0.0
2022-03-05 05:53,0.72020000,0.72020000,0.71940000,0.71950000,80863.00000000,0.72051,0.72051,0.7199,0.7199,400.0,0.72048,0.72048,0.71924,0.71924,68637.54843098001
2022-03-05 05:54,0.71950000,0.71970000,0.71950000,0.71960000,100344.00000000,0.72043,0.72043,0.72043,0.72043,369.823852,,,,,0.0
2022-03-05 05:55,0.71970000,0.72010000,0.71970000,0.72000000,84574.00000000,0.72003,0.72003,0.72003,0.72003,150.0,0.72029,0.72029,0.72029,0.72029,219.48
2022-03-05 05:56,0.72000000,0.72060000,0.72000000,0.72060000,31240.00000000,,,,,,,,,,
2022-03-05 05:57,0.72060000,0.72100000,0.71970000,0.71990000,845339.00000000,0.72108,0.72125,0.72108,0.72125,514.48429968,,,,,
2022-03-05 05:58,0.71980000,0.72010000,0.71930000,0.71960000,700769.00000000,0.72065,0.7209,0.72065,0.7209,195.58817900000003,,,,,
2022-03-05 05:59,0.71960000,0.72000000,0.71920000,0.71970000,956602.00000000,0.72089,0.72089,0.72089,0.72089,50.0,,,,,
2022-03-05 06:00,0.71980000,0.72050000,0.71870000,0.71870000,1020486.00000000,0.71943,0.72036,0.71943,0.72036,5544.8781,0.72,0.72072,0.72,0.72072,34047.79989588
2022-03-05 06:01,0.71890000,0.71990000,0.71840000,0.71900000,1600484.00000000,0.72016,0.72016,0.71922,0.71923,1300.0,0.71925,0.71925,0.71925,0.71925,695.16857838
2022-03-05 06:02,0.71900000,0.71910000,0.71780000,0.71820000,640011.00000000,0.71933,0.71997,0.71879,0.71883,72455.0,0.71947,0.71947,0.71858,0.71868,1000.7432778499999
2022-03-05 06:03,0.71820000,0.71870000,0.71800000,0.71870000,160159.00000000,0.71944,0.71944,0.71875,0.71891,252.751688,0.71859,0.71869,0.71859,0.71869,312.51480000000004
2022-03-05 06:04,0.71870000,0.71900000,0.71830000,0.71850000,149144.00000000,0.71907,0.71907,0.71907,0.71907,500.0,,,,,0.0
2022-03-05 06:05,0.71850000,0.71860000,0.71750000,0.71860000,661118.00000000,0.71942,0.71942,0.71814,0.71882,2160.54924547,0.71854,0.71854,0.71854,0.71854,52.15269951
2022-03-05 06:06,0.71860000,0.71910000,0.71780000,0.71780000,728800.00000000,0.71991,0.71991,0.71832,0.71832,833.15331453,,,,,0.0
2022-03-05 06:07,0.71780000,0.71870000,0.71780000,0.71860000,175625.00000000,0.71919,0.71939,0.71919,0.71939,250.0,,,,,0.0
2022-03-05 06:08,0.71870000,0.71920000,0.71840000,0.71920000,102732.00000000,0.71906,0.72006,0.71906,0.72006,104.787197,0.719,0.71954,0.719,0.71954,503.64007589
2022-03-05 06:09,0.71910000,0.71920000,0.71870000,0.71870000,72580.00000000,0.71957,0.71994,0.71957,0.71994,152.0,,,,,0.0
2022-03-05 06:10,0.71860000,0.71920000,0.71850000,0.71920000,71389.00000000,0.71957,0.71968,0.71957,0.71968,350.0,,,,,0.0
2022-03-05 06:11,0.71920000,0.71960000,0.71910000,0.71950000,79407.00000000,0.72005,0.72006,0.72005,0.72005,300.0,,,,,0.0
2022-03-05 06:12,0.71950000,0.72010000,0.71950000,0.71990000,185392.00000000,0.7205,0.72094,0.72049,0.72094,686.960378,,,,,0.0
2022-03-05 06:13,0.71980000,0.72010000,0.71980000,0.72000000,96750.00000000,0.72094,0.72094,0.72094,0.72094,36.194509,,,,,0.0
2022-03-05 06:14,0.72010000,0.72010000,0.71940000,0.71960000,155942.00000000,0.72056,0.72056,0.72041,0.72051,1052.547978,,,,,0.0
2022-03-05 06:15,0.71950000,0.72030000,0.71940000,0.72000000,280086.00000000,0.72052,0.72052,0.72052,0.72052,50.0,,,,,0.0
2022-03-05 06:16,0.71990000,0.71990000,0.71950000,0.71960000,73013.00000000,,,,,,,,,,0.0
2022-03-05 06:17,0.71960000,0.71980000,0.71940000,0.71950000,52955.00000000,0.72038,0.72038,0.72038,0.72038,200.0,,,,,0.0
2022-03-05 06:18,0.71950000,0.71990000,0.71940000,0.71980000,64982.00000000,0.72038,0.72069,0.72026,0.72026,7100.228949,,,,,0.0
2022-03-05 06:19,0.71980000,0.72000000,0.71970000,0.71980000,20449.00000000,,,,,,,,,,0.0
2022-03-05 06:20,0.71980000,0.72030000,0.71880000,0.71890000,139576.00000000,0.72028,0.72028,0.72028,0.72028,693.8,,,,,0.0
2022-03-05 06:21,0.71910000,0.71950000,0.71900000,0.71920000,41497.00000000,,,,,,,,,,0.0
2022-03-05 06:22,0.71910000,0.71940000,0.71910000,0.71920000,69511.00000000,0.72019,0.72019,0.72019,0.72019,100.0,,,,,0.0
2022-03-05 06:23,0.71920000,0.71940000,0.71910000,0.71920000,68590.00000000,0.72016,0.72016,0.72015,0.72015,157.12660499999998,0.71973,0.71973,0.71973,0.71973,4162.3815
2022-03-05 06:24,0.71930000,0.71980000,0.71930000,0.71980000,27856.00000000,0.72015,0.72015,0.71976,0.71976,44.083830000000006,,,,,0.0
2022-03-05 06:25,0.71970000,0.72010000,0.71970000,0.72000000,134335.00000000,,,,,,,,,,0.0
2022-03-05 06:26,0.72000000,0.72030000,0.72000000,0.72010000,64516.00000000,0.72088,0.72088,0.72088,0.72088,10.0,,,,,0.0
2022-03-05 06:27,0.72010000,0.72010000,0.71960000,0.71970000,109903.00000000,0.72083,0.72083,0.72082,0.72082,1315.0,,,,,0.0
2022-03-05 06:28,0.71970000,0.72010000,0.71970000,0.72010000,161882.00000000,0.72039,0.72039,0.72039,0.72039,50.0,0.7205,0.7205,0.7205,0.7205,150.0
2022-03-05 06:29,0.72000000,0.72060000,0.71980000,0.72060000,154111.00000000,0.72094,0.72094,0.72094,0.72094,2109.7407688900003,0.72034,0.72034,0.72034,0.72034,16.65510062
2022-03-05 06:30,0.72060000,0.72080000,0.72050000,0.72070000,40031.00000000,,,,,,,,,,0.0
2022-03-05 06:31,0.72070000,0.72070000,0.72000000,0.72000000,78285.00000000,0.72107,0.72107,0.72107,0.72107,50.0,,,,,0.0
2022-03-05 06:32,0.72000000,0.72010000,0.71990000,0.72000000,44871.00000000,0.72085,0.72085,0.72085,0.72085,50.0,,,,,0.0
2022-03-05 06:33,0.72010000,0.72030000,0.72000000,0.72030000,58578.00000000,0.72096,0.72113,0.72044,0.72051,13796.266317,,,,,0.0
2022-03-05 06:34,0.72030000,0.72060000,0.72000000,0.72010000,97169.00000000,0.72141,0.72148,0.72103,0.72103,234.64656300000001,0.72057,0.72057,0.72057,0.72057,40.0578
2022-03-05 06:35,0.72010000,0.72030000,0.72000000,0.72030000,92640.00000000,0.72102,0.72102,0.72102,0.72102,100.0,,,,,0.0
2022-03-05 06:36,0.72030000,0.72030000,0.72020000,0.72030000,11575.00000000,0.72115,0.72115,0.72115,0.72115,50.0,,,,,0.0
2022-03-05 06:37,0.72030000,0.72120000,0.72020000,0.72120000,196202.00000000,0.72122,0.72214,0.72122,0.72214,500.0,,,,,0.0
2022-03-05 06:38,0.72110000,0.72140000,0.72100000,0.72140000,80542.00000000,0.72199,0.72216,0.72174,0.72174,150.0,,,,,0.0
2022-03-05 06:39,0.72150000,0.72160000,0.72120000,0.72130000,45735.00000000,0.72237,0.72237,0.72237,0.72237,50.0,,,,,0.0
2022-03-05 06:40,0.72120000,0.72120000,0.72050000,0.72060000,77798.00000000,0.72214,0.72214,0.72157,0.72157,100.0,,,,,0.0
2022-03-05 06:41,0.72060000,0.72090000,0.72060000,0.72080000,18304.00000000,0.72158,0.72158,0.72158,0.72158,250.0,,,,,0.0
2022-03-05 06:42,0.72080000,0.72130000,0.72080000,0.72120000,62970.00000000,0.72218,0.7222,0.72213,0.7222,550.0,,,,,0.0
2022-03-05 06:43,0.72130000,0.72150000,0.72090000,0.72100000,121826.00000000,0.72213,0.72223,0.72213,0.72223,74.905398,,,,,0.0
2022-03-05 06:44,0.72100000,0.72110000,0.72090000,0.72100000,11031.00000000,,,,,,,,,,0.0
2022-03-05 06:45,0.72100000,0.72120000,0.72060000,0.72070000,221881.00000000,0.72195,0.72195,0.72155,0.72155,2279.18793264,0.72133,0.72133,0.72133,0.72133,2778.0
2022-03-05 06:46,0.72080000,0.72080000,0.72050000,0.72060000,47256.00000000,,,,,,0.72108,0.72108,0.72108,0.72108,16.6359364
2022-03-05 06:47,0.72050000,0.72100000,0.72050000,0.72100000,54777.00000000,0.72176,0.72176,0.72176,0.72176,33.961121,0.72087,0.72087,0.72087,0.72087,185.85155
2022-03-05 06:48,0.72100000,0.72110000,0.72040000,0.72040000,123313.00000000,,,,,,,,,,0.0
2022-03-05 06:49,0.72040000,0.72070000,0.72020000,0.72050000,147147.00000000,0.72146,0.72146,0.72146,0.72146,50.0,,,,,0.0
2022-03-05 06:50,0.72050000,0.72060000,0.72030000,0.72030000,185323.00000000,0.72099,0.72099,0.72099,0.72099,50.0,0.72094,0.72097,0.72094,0.72097,5382.89
2022-03-05 06:51,0.72040000,0.72040000,0.71990000,0.71990000,27674.00000000,,,,,,,,,,0.0
2022-03-05 06:52,0.72000000,0.72010000,0.71940000,0.71940000,73343.00000000,0.72049,0.72089,0.72049,0.72049,1100.0,0.72045,0.72045,0.71989,0.71989,1051.1300588499998
2022-03-05 06:53,0.71940000,0.71980000,0.71940000,0.71970000,52617.00000000,0.72057,0.72057,0.72057,0.72057,50.0,,,,,0.0
2022-03-05 06:54,0.71970000,0.71990000,0.71960000,0.71980000,36051.00000000,0.72018,0.7206,0.72018,0.72019,1000.0,0.72004,0.72004,0.72004,0.72004,43.7768
2022-03-05 06:55,0.71970000,0.71990000,0.71970000,0.71990000,19004.00000000,,,,,,,,,,0.0
2022-03-05 06:56,0.71990000,0.72040000,0.71980000,0.72010000,60100.00000000,0.72102,0.72111,0.72102,0.72111,300.0,,,,,0.0
2022-03-05 06:57,0.72010000,0.72020000,0.72010000,0.72010000,11945.00000000,,,,,,0.7203,0.7203,0.7203,0.7203,960.0
2022-03-05 06:58,0.72010000,0.72020000,0.72010000,0.72010000,58304.00000000,0.72068,0.72099,0.72068,0.72099,86.949043,0.72059,0.72059,0.7202,0.7202,20.0
2022-03-05 06:59,0.72010000,0.72050000,0.72010000,0.72050000,29726.00000000,0.72108,0.72108,0.72108,0.72108,18.092736,0.72045,0.72045,0.72045,0.72045,12.88376
2022-03-05 07:00,0.72040000,0.72080000,0.72010000,0.72070000,118709.00000000,,,,,,0.72095,0.72095,0.72095,0.72095,546.82133
2022-03-05 07:01,0.72060000,0.72080000,0.72050000,0.72060000,80642.00000000,0.72109,0.72109,0.72109,0.72109,72.5371,,,,,0.0
2022-03-05 07:02,0.72060000,0.72100000,0.72030000,0.72080000,390139.00000000,0.72163,0.72163,0.72163,0.72163,50.0,,,,,0.0
2022-03-05 07:03,0.72090000,0.72110000,0.72090000,0.72110000,11074.00000000,,,,,,,,,,0.0
2022-03-05 07:04,0.72110000,0.72110000,0.72090000,0.72100000,38171.00000000,0.72194,0.72194,0.72194,0.72194,50.0,0.72104,0.72104,0.72104,0.72104,137.77307
2022-03-05 07:05,0.72110000,0.72140000,0.72090000,0.72110000,62277.00000000,,,,,,,,,,0.0
2022-03-05 07:06,0.72120000,0.72130000,0.72080000,0.72120000,206757.00000000,0.72142,0.72227,0.72142,0.72227,1346.102531,,,,,0.0
2022-03-05 07:07,0.72120000,0.72130000,0.72120000,0.72120000,43590.00000000,,,,,,,,,,0.0
2022-03-05 07:08,0.72130000,0.72140000,0.72100000,0.72110000,222691.00000000,0.72217,0.72217,0.72207,0.72207,336.89383399999997,0.72168,0.72168,0.72168,0.72168,755.49632
2022-03-05 07:09,0.72110000,0.72170000,0.72110000,0.72170000,214564.00000000,0.72253,0.72253,0.72253,0.72253,50.0,,,,,0.0
2022-03-05 07:10,0.72170000,0.72210000,0.72160000,0.72200000,106210.00000000,0.72256,0.72301,0.72256,0.72301,736.22680149,0.72191,0.72191,0.72191,0.72191,14.257975
2022-03-05 07:11,0.72210000,0.72260000,0.72200000,0.72250000,328674.00000000,0.72343,0.72358,0.72343,0.72358,650.0,0.72192,0.72192,0.72192,0.72192,52.152699510000005
2022-03-05 07:12,0.72250000,0.72260000,0.72230000,0.72260000,48032.00000000,0.72363,0.72363,0.72342,0.72343,636.828614,,,,,0.0
2022-03-05 07:13,0.72260000,0.72300000,0.72250000,0.72290000,207930.00000000,0.72386,0.72386,0.72386,0.72386,150.0,,,,,0.0
2022-03-05 07:14,0.72290000,0.72300000,0.72260000,0.72270000,171217.00000000,0.72386,0.72393,0.72311,0.72311,800.0,,,,,0.0
2022-03-05 07:15,0.72280000,0.72280000,0.72220000,0.72240000,51089.00000000,0.7233,0.7235,0.7233,0.7235,135.737439,,,,,0.0
2022-03-05 07:16,0.72250000,0.72270000,0.72240000,0.72260000,48612.00000000,0.72349,0.72349,0.72348,0.72348,150.0,,,,,0.0
2022-03-05 07:17,0.72260000,0.72300000,0.72260000,0.72290000,106759.00000000,0.72356,0.72356,0.72356,0.72356,183.0,0.72293,0.72293,0.72293,0.72293,187.879226
2022-03-05 07:18,0.72280000,0.72380000,0.72280000,0.72360000,1404830.00000000,0.72388,0.7249,0.72388,0.72459,5702.40650174,0.723,0.72401,0.723,0.72401,903.9334590999999
2022-03-05 07:19,0.72360000,0.72400000,0.72360000,0.72380000,275844.00000000,0.72441,0.72494,0.72423,0.72423,550.0,,,,,0.0
2022-03-05 07:20,0.72380000,0.72430000,0.72310000,0.72410000,424883.00000000,0.7238,0.72532,0.7238,0.72504,2411.351963,0.72409,0.72409,0.72409,0.72409,51.9963
2022-03-05 07:21,0.72410000,0.72420000,0.72390000,0.72400000,140562.00000000,0.7245,0.72516,0.72446,0.72516,450.0,,,,,0.0
2022-03-05 07:22,0.72400000,0.72410000,0.72370000,0.72380000,119104.00000000,0.72455,0.72507,0.72455,0.7248,250.0,0.72408,0.72408,0.72408,0.72408,38.92212
2022-03-05 07:23,0.72380000,0.72380000,0.72340000,0.72350000,101162.00000000,0.72459,0.72459,0.72459,0.72459,55.770113,,,,,0.0
2022-03-05 07:24,0.72360000,0.72410000,0.72360000,0.72410000,35793.00000000,0.72432,0.7249,0.72432,0.7249,450.0,0.72409,0.72409,0.72409,0.72409,9.337e-05
2022-03-05 07:25,0.72410000,0.72450000,0.72410000,0.72430000,70840.00000000,0.72454,0.7253,0.72454,0.72521,206.079858,,,,,0.0
2022-03-05 07:26,0.72420000,0.72500000,0.72420000,0.72470000,367104.00000000,0.72473,0.7256,0.72473,0.72509,900.0,0.7243,0.7243,0.7243,0.7243,8.52555276
2022-03-05 07:27,0.72480000,0.72510000,0.72470000,0.72490000,173597.00000000,0.7255,0.72579,0.72533,0.72579,1000.0,0.72468,0.72468,0.72468,0.72468,40.57323324
2022-03-05 07:28,0.72500000,0.72520000,0.72500000,0.72510000,142127.00000000,0.72591,0.72591,0.7259,0.7259,700.0,0.72468,0.72468,0.72468,0.72468,0.113059
2022-03-05 07:29,0.72520000,0.72520000,0.72470000,0.72480000,171333.00000000,0.72589,0.72589,0.72589,0.72589,300.0,0.72496,0.72499,0.72488,0.72488,748.6888
2022-03-05 07:30,0.72470000,0.72480000,0.72430000,0.72440000,127569.00000000,0.7257,0.7257,0.72482,0.7251,453.038202,0.7249,0.7249,0.72478,0.72478,216.75352931999998
2022-03-05 07:31,0.72430000,0.72460000,0.72400000,0.72400000,107865.00000000,0.72482,0.72484,0.72482,0.72483,750.0,,,,,0.0
2022-03-05 07:32,0.72400000,0.72410000,0.72370000,0.72380000,100963.00000000,0.72426,0.72426,0.72426,0.72426,50.0,0.72469,0.72469,0.72469,0.72469,3587.7409651000003
2022-03-05 07:33,0.72380000,0.72410000,0.72380000,0.72410000,42296.00000000,0.7246,0.7246,0.72433,0.72433,200.0,,,,,0.0
2022-03-05 07:34,0.72400000,0.72410000,0.72390000,0.72400000,33026.00000000,0.72447,0.72447,0.72447,0.72447,50.0,0.72468,0.72468,0.72437,0.72437,623.8111
2022-03-05 07:35,0.72400000,0.72400000,0.72380000,0.72390000,58204.00000000,0.72447,0.72447,0.72427,0.72427,850.0,,,,,0.0
2022-03-05 07:36,0.72380000,0.72430000,0.72380000,0.72410000,53242.00000000,0.72439,0.72439,0.72438,0.72438,150.0,0.72462,0.72462,0.72462,0.72462,2719.14427
2022-03-05 07:37,0.72400000,0.72420000,0.72400000,0.72420000,18898.00000000,0.72444,0.72445,0.72444,0.72445,500.0,0.72448,0.72448,0.72448,0.72448,16.56040407
2022-03-05 07:38,0.72410000,0.72420000,0.72400000,0.72400000,26162.00000000,0.72445,0.72445,0.7244,0.7244,5000.0,,,,,0.0
2022-03-05 07:39,0.72400000,0.72440000,0.72400000,0.72440000,62384.00000000,0.7247,0.7247,0.72443,0.72462,186.76457,,,,,0.0
2022-03-05 07:40,0.72440000,0.72440000,0.72420000,0.72430000,40449.00000000,0.72499,0.725,0.7248,0.7248,1310.253659,,,,,0.0
2022-03-05 07:41,0.72440000,0.72440000,0.72410000,0.72420000,70897.00000000,,,,,,0.72446,0.72446,0.7244,0.7244,14986.84921
2022-03-05 07:42,0.72410000,0.72420000,0.72410000,0.72410000,80042.00000000,,,,,,,,,,0.0
2022-03-05 07:43,0.72410000,0.72470000,0.72410000,0.72440000,59837.00000000,,,,,,,,,,0.0
2022-03-05 07:44,0.72450000,0.72460000,0.72420000,0.72440000,103315.00000000,0.7248,0.7248,0.7248,0.7248,500.0,,,,,0.0
2022-03-05 07:45,0.72450000,0.72580000,0.72440000,0.72530000,305858.00000000,0.7252,0.72653,0.7252,0.72551,2790.2788889900003,0.725,0.72518,0.725,0.72518,651.91787183
2022-03-05 07:46,0.72530000,0.72540000,0.72450000,0.72500000,246718.00000000,0.72572,0.72572,0.72571,0.72571,2556.73325918,,,,,0.0
2022-03-05 07:47,0.72500000,0.72500000,0.72470000,0.72480000,62132.00000000,0.72598,0.72598,0.72559,0.72559,186.69819,0.72527,0.72528,0.72527,0.72528,4494.9
2022-03-05 07:48,0.72480000,0.72500000,0.72460000,0.72500000,50372.00000000,0.72559,0.72559,0.7252,0.7252,200.0,,,,,0.0
2022-03-05 07:49,0.72490000,0.72530000,0.72470000,0.72520000,99811.00000000,0.72589,0.72602,0.72589,0.72602,600.0,,,,,0.0
2022-03-05 07:50,0.72530000,0.72560000,0.72510000,0.72550000,228993.00000000,0.72617,0.7263,0.72558,0.7263,96.375816,,,,,0.0
2022-03-05 07:51,0.72540000,0.72550000,0.72500000,0.72500000,35908.00000000,0.72576,0.72629,0.72546,0.72589,1400.0,,,,,0.0
2022-03-05 07:52,0.72500000,0.72510000,0.72400000,0.72400000,489875.00000000,0.72546,0.72606,0.72454,0.72454,11250.0,0.72443,0.72443,0.72443,0.72443,5.72464237
2022-03-05 07:53,0.72400000,0.72400000,0.72280000,0.72340000,451531.00000000,0.72464,0.72464,0.72464,0.72464,36.759435,,,,,0.0
2022-03-05 07:54,0.72330000,0.72400000,0.72330000,0.72390000,84331.00000000,,,,,,0.72381,0.72381,0.72381,0.72381,16.56474746
2022-03-05 07:55,0.72390000,0.72390000,0.72340000,0.72340000,69594.00000000,0.72399,0.72399,0.7238,0.7238,500.0,,,,,0.0
2022-03-05 07:56,0.72350000,0.72350000,0.72310000,0.72330000,96139.00000000,0.7238,0.72412,0.7235,0.72412,600.0,0.72381,0.72381,0.72381,0.72381,6.08
2022-03-05 07:57,0.72330000,0.72360000,0.72330000,0.72340000,68262.00000000,0.72418,0.72436,0.72418,0.72436,1050.0,,,,,0.0
2022-03-05 07:58,0.72350000,0.72390000,0.72340000,0.72390000,39987.00000000,0.72433,0.72469,0.72433,0.72469,40.375816,,,,,0.0
2022-03-05 07:59,0.72390000,0.72400000,0.72380000,0.72400000,37843.00000000,,,,,,,,,,0.0
2022-03-05 08:00,0.72410000,0.72460000,0.72400000,0.72450000,122157.00000000,0.72469,0.72522,0.72469,0.72494,2012.617779,0.72404,0.72461,0.72404,0.72461,1908.59915732
2022-03-05 08:01,0.72450000,0.72450000,0.72380000,0.72400000,118735.00000000,0.72432,0.72432,0.72432,0.72432,100.0,,,,,0.0
2022-03-05 08:02,0.72400000,0.72420000,0.72400000,0.72400000,92034.00000000,,,,,,,,,,0.0
2022-03-05 08:03,0.72410000,0.72430000,0.72410000,0.72420000,81704.00000000,0.72497,0.72497,0.72461,0.72461,336.750789,0.72432,0.72432,0.72423,0.72423,250.0
2022-03-05 08:04,0.72420000,0.72430000,0.72420000,0.72430000,40046.00000000,0.72464,0.72502,0.72461,0.72502,821.31174,0.72434,0.72434,0.72434,0.72434,299.37992
2022-03-05 08:05,0.72440000,0.72440000,0.72400000,0.72430000,56737.00000000,0.72508,0.72508,0.72508,0.72508,50.0,,,,,0.0
2022-03-05 08:06,0.72430000,0.72490000,0.72430000,0.72490000,49058.00000000,0.72509,0.72509,0.72508,0.72508,738.745252,0.72468,0.72468,0.72468,0.72468,126.454231
2022-03-05 08:07,0.72480000,0.72490000,0.72480000,0.72480000,37726.00000000,0.72554,0.72569,0.72554,0.72569,82.69351499999999,,,,,0.0
2022-03-05 08:08,0.72490000,0.72530000,0.72470000,0.72510000,157946.00000000,0.72609,0.72609,0.72555,0.72562,474.55510066,,,,,0.0
2022-03-05 08:09,0.72520000,0.72530000,0.72500000,0.72530000,37549.00000000,0.72587,0.72612,0.72587,0.72612,100.0,,,,,0.0
2022-03-05 08:10,0.72530000,0.72540000,0.72500000,0.72500000,118272.00000000,0.7261,0.7261,0.72557,0.72557,650.0,,,,,0.0
2022-03-05 08:11,0.72500000,0.72510000,0.72460000,0.72460000,63260.00000000,0.72586,0.72586,0.72586,0.72586,50.0,,,,,0.0
2022-03-05 08:12,0.72470000,0.72500000,0.72460000,0.72490000,35874.00000000,0.72519,0.72519,0.72519,0.72519,50.0,,,,,0.0
2022-03-05 08:13,0.72500000,0.72530000,0.72500000,0.72510000,110179.00000000,0.7254,0.72566,0.7254,0.72549,1100.0,,,,,0.0
2022-03-05 08:14,0.72520000,0.72540000,0.72500000,0.72510000,72989.00000000,0.72557,0.72558,0.72557,0.72558,59.145683,0.72511,0.72511,0.72511,0.72511,166.88918
2022-03-05 08:15,0.72510000,0.72510000,0.72500000,0.72510000,9949.00000000,,,,,,,,,,0.0
2022-03-05 08:16,0.72510000,0.72520000,0.72450000,0.72480000,101528.00000000,0.72557,0.72557,0.72541,0.72541,6821.309443,,,,,0.0
2022-03-05 08:17,0.72480000,0.72530000,0.72480000,0.72530000,66140.00000000,0.72606,0.7261,0.72556,0.7261,150.0,,,,,0.0
2022-03-05 08:18,0.72520000,0.72540000,0.72520000,0.72530000,23227.00000000,0.7261,0.72611,0.7261,0.72611,300.0,,,,,0.0
2022-03-05 08:19,0.72540000,0.72550000,0.72530000,0.72540000,14778.00000000,0.72611,0.72662,0.72611,0.72662,31329.02922235,,,,,0.0
2022-03-05 08:20,0.72540000,0.72620000,0.72540000,0.72620000,204287.00000000,0.72617,0.72697,0.72617,0.72697,300.0,,,,,0.0
2022-03-05 08:21,0.72620000,0.72640000,0.72600000,0.72630000,55226.00000000,0.7269,0.72722,0.7269,0.72722,136.653263,0.72627,0.72629,0.72627,0.72629,564.587
2022-03-05 08:22,0.72640000,0.72640000,0.72580000,0.72590000,65304.00000000,,,,,,,,,,0.0
2022-03-05 08:23,0.72580000,0.72600000,0.72580000,0.72590000,37763.00000000,0.72687,0.72687,0.72687,0.72687,50.0,0.72626,0.72626,0.72626,0.72626,55.33444
2022-03-05 08:24,0.72590000,0.72600000,0.72590000,0.72590000,25408.00000000,,,,,,0.72626,0.72626,0.72626,0.72626,212.892954
2022-03-05 08:25,0.72590000,0.72600000,0.72590000,0.72590000,27646.00000000,0.72687,0.72687,0.72686,0.72686,286.654741,,,,,0.0
2022-03-05 08:26,0.72590000,0.72600000,0.72480000,0.72480000,239874.00000000,0.72686,0.72686,0.72536,0.72537,586.6552790000001,0.72528,0.72528,0.72528,0.72528,565.36
2022-03-05 08:27,0.72480000,0.72550000,0.72470000,0.72550000,101004.00000000,0.72543,0.72543,0.72543,0.72543,50.0,0.72528,0.72581,0.72528,0.72581,23735.682940410003
2022-03-05 08:28,0.72550000,0.72560000,0.72540000,0.72550000,30815.00000000,0.72639,0.72656,0.72639,0.72656,250.0,0.72597,0.72597,0.72551,0.72551,12431.173000000003
2022-03-05 08:29,0.72550000,0.72620000,0.72550000,0.72610000,57579.00000000,0.72676,0.72699,0.72676,0.72699,100.0,,,,,0.0
2022-03-05 08:30,0.72600000,0.72710000,0.72600000,0.72690000,257543.00000000,0.72736,0.72746,0.72718,0.72746,450.0,0.72653,0.72721,0.72653,0.72721,749.980494
2022-03-05 08:31,0.72700000,0.72720000,0.72690000,0.72720000,56552.00000000,0.72746,0.72789,0.72744,0.72788,1662.0,,,,,0.0
2022-03-05 08:32,0.72720000,0.72790000,0.72720000,0.72790000,85859.00000000,0.728,0.72859,0.72799,0.72859,1437.26,0.72735,0.72735,0.72735,0.72735,755.49632
2022-03-05 08:33,0.72790000,0.72790000,0.72750000,0.72760000,78087.00000000,0.72867,0.72879,0.72867,0.72879,150.0,0.72736,0.72793,0.72736,0.72793,484.4379674
2022-03-05 08:34,0.72770000,0.73500000,0.72760000,0.73370000,2663684.00000000,0.729,0.73573,0.729,0.73545,118922.10410308,0.72805,0.73487,0.72805,0.73471,67421.40930604
2022-03-05 08:35,0.73370000,0.73500000,0.73270000,0.73310000,1209202.00000000,0.73489,0.73551,0.73352,0.73412,17229.59452,0.73423,0.73502,0.73394,0.73394,2111.13799225
2022-03-05 08:36,0.73300000,0.73310000,0.73040000,0.73060000,428894.00000000,0.73305,0.73305,0.731,0.73109,11243.0,0.73111,0.73111,0.73091,0.73091,3101.55522
2022-03-05 08:37,0.73070000,0.73200000,0.73070000,0.73200000,120890.00000000,0.73184,0.73256,0.73184,0.73252,1271.41690318,0.73097,0.73162,0.73097,0.73162,6.26213
2022-03-05 08:38,0.73200000,0.73460000,0.73190000,0.73460000,359239.00000000,0.73268,0.73548,0.73268,0.73548,7261.194375,0.7335,0.7335,0.7335,0.7335,1360.01
2022-03-05 08:39,0.73470000,0.73510000,0.73420000,0.73510000,335810.00000000,0.7349,0.73561,0.7349,0.73516,200.0,,,,,0.0
2022-03-05 08:40,0.73510000,0.73540000,0.73300000,0.73300000,419634.00000000,0.73577,0.73577,0.73343,0.73343,1733.9,0.73506,0.73506,0.73355,0.73355,28836.622525479997
2022-03-05 08:41,0.73310000,0.73320000,0.73210000,0.73320000,251313.00000000,0.73316,0.73316,0.73245,0.73313,6258.295559,,,,,0.0
2022-03-05 08:42,0.73320000,0.73360000,0.73210000,0.73340000,561970.00000000,0.73445,0.73445,0.73263,0.73263,10946.73006732,0.73311,0.73311,0.73311,0.73311,1363.58677866
2022-03-05 08:43,0.73340000,0.73430000,0.73280000,0.73290000,288169.00000000,0.73457,0.73515,0.73342,0.73342,300.0,,,,,0.0
2022-03-05 08:44,0.73300000,0.73440000,0.73290000,0.73420000,284709.00000000,0.73389,0.73454,0.73389,0.73454,550.0,0.7347,0.7347,0.734,0.734,488.5473
2022-03-05 08:45,0.73430000,0.73430000,0.73300000,0.73370000,183958.00000000,0.73476,0.73476,0.73448,0.73448,150.0,,,,,0.0
2022-03-05 08:46,0.73360000,0.73420000,0.73360000,0.73370000,151014.00000000,0.73468,0.73468,0.73468,0.73468,100.0,0.73451,0.73451,0.73433,0.73433,3498.38199
2022-03-05 08:47,0.73370000,0.73400000,0.73340000,0.73360000,181291.00000000,,,,,,,,,,0.0
2022-03-05 08:48,0.73350000,0.73360000,0.73300000,0.73320000,167428.00000000,0.73383,0.73443,0.73383,0.73443,2268.8896,0.7333,0.7333,0.7333,0.7333,9.0
2022-03-05 08:49,0.73320000,0.73370000,0.73260000,0.73290000,126075.00000000,0.73362,0.73362,0.73318,0.7332,350.0,,,,,0.0
2022-03-05 08:50,0.73280000,0.73290000,0.73190000,0.73190000,173063.00000000,0.73325,0.73325,0.73286,0.73286,1100.0,0.73312,0.73312,0.73311,0.73311,1015.79062135
2022-03-05 08:51,0.73200000,0.73290000,0.73200000,0.73280000,142571.00000000,,,,,,,,,,0.0
2022-03-05 08:52,0.73280000,0.73280000,0.73190000,0.73200000,181311.00000000,0.73308,0.73316,0.73234,0.73234,1481.783023,0.73271,0.73271,0.73271,0.73271,173.13374069
2022-03-05 08:53,0.73200000,0.73260000,0.73180000,0.73180000,130144.00000000,0.73237,0.73289,0.73237,0.73289,536.347247,,,,,0.0
2022-03-05 08:54,0.73170000,0.73260000,0.73170000,0.73230000,122855.00000000,0.73271,0.73271,0.73247,0.73247,135.33704699999998,0.73306,0.73306,0.73306,0.73306,433.283
2022-03-05 08:55,0.73220000,0.73230000,0.73120000,0.73120000,175318.00000000,0.73307,0.73308,0.73169,0.73229,2178.688851,,,,,0.0
2022-03-05 08:56,0.73130000,0.73160000,0.73090000,0.73150000,147402.00000000,,,,,,0.7318,0.7318,0.7318,0.7318,566.341
2022-03-05 08:57,0.73140000,0.73170000,0.73120000,0.73150000,103370.00000000,0.73227,0.73227,0.73198,0.73198,174.0,0.73145,0.73145,0.73145,0.73145,246.0
2022-03-05 08:58,0.73150000,0.73170000,0.73140000,0.73170000,54851.00000000,0.73203,0.73261,0.73203,0.73261,102.538641,,,,,0.0
2022-03-05 08:59,0.73170000,0.73220000,0.73170000,0.73200000,129015.00000000,0.73299,0.733,0.73299,0.733,136.3487,0.73196,0.73196,0.73196,0.73196,1595.79227
2022-03-05 09:00,0.73200000,0.73290000,0.73200000,0.73270000,207379.00000000,0.73323,0.73367,0.73278,0.73311,736.335888,0.73232,0.73283,0.73232,0.73283,1352.5486084999998
2022-03-05 09:01,0.73280000,0.73320000,0.73170000,0.73180000,132129.00000000,0.73241,0.73241,0.73232,0.73232,100.0,,,,,0.0
2022-03-05 09:02,0.73180000,0.73180000,0.73100000,0.73100000,99310.00000000,0.73252,0.73252,0.73189,0.73232,265.0,0.73223,0.73223,0.73197,0.73197,1814.69216542
2022-03-05 09:03,0.73110000,0.73120000,0.72920000,0.72930000,278119.00000000,0.73161,0.73188,0.72972,0.72972,2246.3307191999997,0.73196,0.73196,0.73005,0.73005,28642.4446784
2022-03-05 09:04,0.72920000,0.73020000,0.72920000,0.72950000,168873.00000000,0.73049,0.7306,0.73049,0.7306,1045.745483,0.73057,0.73083,0.73024,0.73024,3433.20100062
2022-03-05 09:05,0.72960000,0.73010000,0.72950000,0.72970000,205795.00000000,,,,,,0.73063,0.73063,0.73063,0.73063,1000.0
2022-03-05 09:06,0.72970000,0.73040000,0.72910000,0.73040000,223282.00000000,,,,,,0.72987,0.73088,0.72987,0.73088,9320.11771682
2022-03-05 09:07,0.73030000,0.73070000,0.73020000,0.73050000,90680.00000000,0.73097,0.7316,0.73097,0.7316,830.131447,0.73078,0.73078,0.73074,0.73074,4211.379199999999
2022-03-05 09:08,0.73060000,0.73060000,0.73010000,0.73030000,71146.00000000,0.73151,0.73151,0.73066,0.73066,450.0,0.73081,0.73092,0.7307,0.7307,7762.55280693
2022-03-05 09:09,0.73020000,0.73140000,0.73020000,0.73110000,280232.00000000,0.73077,0.73125,0.73077,0.73125,288.98666677,0.73081,0.7309,0.73081,0.7309,2000.0
2022-03-05 09:10,0.73110000,0.73150000,0.73110000,0.73120000,191970.00000000,,,,,,,,,,0.0
2022-03-05 09:11,0.73120000,0.73180000,0.73100000,0.73100000,141531.00000000,0.73167,0.73209,0.73167,0.73209,200.0,,,,,0.0
2022-03-05 09:12,0.73090000,0.73150000,0.73090000,0.73130000,124870.00000000,0.73219,0.73219,0.73211,0.73211,100.0,0.73145,0.73155,0.73145,0.73155,996.942
2022-03-05 09:13,0.73120000,0.73150000,0.73120000,0.73150000,61744.00000000,0.73218,0.73228,0.7318,0.73228,513.8401140000001,,,,,0.0
2022-03-05 09:14,0.73150000,0.73150000,0.73130000,0.73140000,49798.00000000,0.73229,0.73229,0.73229,0.73229,86.384011,0.73163,0.73163,0.73163,0.73163,50.0
2022-03-05 09:15,0.73140000,0.73150000,0.73120000,0.73130000,93478.00000000,0.73224,0.73225,0.73178,0.73214,326.211744,,,,,0.0
2022-03-05 09:16,0.73140000,0.73190000,0.73140000,0.73190000,100399.00000000,,,,,,0.73194,0.73194,0.73194,0.73194,564.038
2022-03-05 09:17,0.73190000,0.73200000,0.73130000,0.73130000,290015.00000000,0.73281,0.73281,0.73281,0.73281,50.0,,,,,0.0
2022-03-05 09:18,0.73130000,0.73150000,0.73120000,0.73130000,251478.00000000,,,,,,0.73196,0.73204,0.73196,0.73204,433.235
2022-03-05 09:19,0.73130000,0.73130000,0.73090000,0.73110000,124989.00000000,0.73167,0.73167,0.73153,0.73153,100.0,,,,,0.0
2022-03-05 09:20,0.73100000,0.73110000,0.72990000,0.72990000,162411.00000000,0.73101,0.73101,0.73051,0.73051,100.0,0.73194,0.73194,0.73139,0.73139,581.24578646
2022-03-05 09:21,0.73000000,0.73020000,0.72960000,0.72960000,358450.00000000,0.73012,0.73012,0.73012,0.73012,100.0,0.73054,0.73054,0.73036,0.73036,1201.3724872399998
2022-03-05 09:22,0.72960000,0.73030000,0.72950000,0.73020000,178195.00000000,0.73057,0.73068,0.73028,0.73028,186.46720299999998,0.73031,0.73035,0.73,0.73035,526.96032
2022-03-05 09:23,0.73040000,0.73130000,0.73030000,0.73120000,279142.00000000,0.73147,0.73147,0.73147,0.73147,50.0,,,,,0.0
2022-03-05 09:24,0.73130000,0.73130000,0.73050000,0.73110000,311804.00000000,0.73219,0.73219,0.73172,0.73172,71.453215,,,,,0.0
2022-03-05 09:25,0.73120000,0.73210000,0.73110000,0.73190000,286766.00000000,0.73245,0.73245,0.73245,0.73245,37.414109,0.73255,0.73255,0.73255,0.73255,504.8117
2022-03-05 09:26,0.73190000,0.73270000,0.73190000,0.73210000,292707.00000000,0.73234,0.73324,0.73234,0.73324,463.36285,0.73313,0.73313,0.7328,0.7328,806.7713
2022-03-05 09:27,0.73220000,0.73260000,0.73200000,0.73200000,195352.00000000,0.73336,0.73336,0.73336,0.73336,100.0,0.73313,0.73313,0.73298,0.73298,45.11995
2022-03-05 09:28,0.73200000,0.73210000,0.73180000,0.73210000,97609.00000000,0.73293,0.73293,0.73293,0.73293,630.0,,,,,0.0
2022-03-05 09:29,0.73200000,0.73220000,0.73100000,0.73130000,105303.00000000,0.73261,0.73261,0.73215,0.73216,510.8771371,,,,,0.0
2022-03-05 09:30,0.73130000,0.73150000,0.73090000,0.73100000,54482.00000000,0.73216,0.73225,0.73216,0.73225,136.376996,0.73183,0.73183,0.73183,0.73183,600.0
2022-03-05 09:31,0.73090000,0.73110000,0.73080000,0.73090000,38752.00000000,0.73156,0.7316,0.73156,0.7316,550.0,0.73149,0.73149,0.73149,0.73149,430.771
2022-03-05 09:32,0.73090000,0.73110000,0.73080000,0.73110000,30124.00000000,0.73199,0.73199,0.73159,0.73159,650.097386,0.73161,0.73161,0.73161,0.73161,564.5909725700001
2022-03-05 09:33,0.73100000,0.73110000,0.73080000,0.73110000,46574.00000000,0.73159,0.73159,0.73159,0.73159,50.0,,,,,0.0
2022-03-05 09:34,0.73110000,0.73120000,0.73100000,0.73120000,35791.00000000,0.73217,0.73217,0.73166,0.73216,387.004562,,,,,0.0
2022-03-05 09:35,0.73110000,0.73120000,0.73100000,0.73110000,59126.00000000,,,,,,0.73162,0.73162,0.73162,0.73162,431.826
2022-03-05 09:36,0.73110000,0.73150000,0.73100000,0.73110000,90441.00000000,,,,,,,,,,0.0
2022-03-05 09:37,0.73110000,0.73120000,0.73090000,0.73100000,81074.00000000,0.73214,0.73214,0.73214,0.73214,36.370513,0.73169,0.73169,0.73163,0.73163,729.664263
2022-03-05 09:38,0.73090000,0.73110000,0.73080000,0.73080000,44964.00000000,0.73189,0.73191,0.73144,0.73144,7801.016668,,,,,0.0
2022-03-05 09:39,0.73070000,0.73090000,0.73070000,0.73080000,34219.00000000,0.73134,0.73187,0.73134,0.73187,4542.500332,0.73161,0.73161,0.73102,0.73102,300.0
2022-03-05 09:40,0.73080000,0.73130000,0.73080000,0.73130000,70994.00000000,0.73144,0.73214,0.73144,0.73181,56.682002,,,,,0.0
2022-03-05 09:41,0.73140000,0.73210000,0.73130000,0.73210000,130109.00000000,0.73214,0.73269,0.73214,0.73228,842.5845840000001,0.73231,0.73231,0.73193,0.73195,2996.946
2022-03-05 09:42,0.73220000,0.73320000,0.73220000,0.73320000,289050.00000000,0.73345,0.73358,0.73345,0.73358,150.0,,,,,0.0
2022-03-05 09:43,0.73320000,0.73340000,0.73280000,0.73320000,166625.00000000,0.73411,0.73411,0.73337,0.73337,866.4934579999999,,,,,0.0
2022-03-05 09:44,0.73330000,0.73350000,0.73310000,0.73320000,106463.00000000,0.73409,0.73409,0.73409,0.73409,50.0,0.73362,0.73362,0.73362,0.73362,52.51474
2022-03-05 09:45,0.73320000,0.73330000,0.73220000,0.73230000,104763.00000000,0.73372,0.73417,0.73284,0.73316,2190.84443439,0.7329,0.7329,0.73288,0.73288,564.7719999999999
2022-03-05 09:46,0.73220000,0.73240000,0.73210000,0.73240000,39750.00000000,0.7333,0.7333,0.7333,0.7333,5.337375,0.73274,0.73301,0.73274,0.73301,70000.0
2022-03-05 09:47,0.73230000,0.73290000,0.73230000,0.73260000,114547.00000000,0.7337,0.7337,0.73356,0.73356,200.0,0.7328,0.73328,0.7328,0.73312,7467.068
2022-03-05 09:48,0.73270000,0.73270000,0.73240000,0.73270000,56463.00000000,0.73356,0.73356,0.73292,0.73292,936.3204479999999,,,,,0.0
2022-03-05 09:49,0.73270000,0.73300000,0.73260000,0.73290000,58646.00000000,,,,,,0.73302,0.73335,0.73302,0.73335,566.105
2022-03-05 09:50,0.73290000,0.73320000,0.73290000,0.73310000,81986.00000000,,,,,,,,,,0.0
2022-03-05 09:51,0.73320000,0.73360000,0.73320000,0.73350000,94413.00000000,0.73387,0.7344,0.73387,0.7344,100.0,0.73373,0.73373,0.73373,0.73373,47.8119
2022-03-05 09:52,0.73360000,0.73360000,0.73350000,0.73350000,46421.00000000,,,,,,0.73395,0.73404,0.73395,0.73404,382.9821
2022-03-05 09:53,0.73360000,0.73400000,0.73340000,0.73400000,109277.00000000,0.73428,0.73428,0.73428,0.73428,50.0,,,,,0.0
2022-03-05 09:54,0.73390000,0.73420000,0.73300000,0.73310000,193246.00000000,0.735,0.73511,0.73391,0.73399,7489.7489332800005,,,,,0.0
2022-03-05 09:55,0.73310000,0.73380000,0.73300000,0.73340000,167952.00000000,,,,,,0.73357,0.73389,0.73357,0.73389,2304.9326
2022-03-05 09:56,0.73350000,0.73350000,0.73300000,0.73300000,63738.00000000,0.73423,0.73423,0.73351,0.73351,336.287366,0.73365,0.73365,0.73365,0.73365,5.4764
2022-03-05 09:57,0.73300000,0.73340000,0.73300000,0.73340000,67565.00000000,,,,,,0.7336,0.7337,0.7336,0.7337,1472.55917179
2022-03-05 09:58,0.73330000,0.73350000,0.73330000,0.73350000,53938.00000000,0.7342,0.7342,0.73385,0.73385,950.0,0.73385,0.73385,0.73385,0.73385,2000.0
2022-03-05 09:59,0.73340000,0.73370000,0.73340000,0.73360000,60200.00000000,0.73388,0.73452,0.73388,0.73448,1050.0,0.73385,0.73385,0.73385,0.73385,561.23
2022-03-05 10:00,0.73360000,0.73380000,0.73340000,0.73370000,118535.00000000,0.7344,0.7346,0.7344,0.7346,700.0,,,,,
